timestamp,open,high,low,close,volume
2012-01-01,39.49,39.49,39.04,39.26,1111
2012-01-02,39.26,40.16,39.49,40.16,551
2012-01-03,40.16,39.71,39.26,39.49,490
2012-01-04,39.49,39.49,39.04,39.26,3220
2012-01-05,39.26,39.26,38.82,39.04,775
2012-01-08,39.04,39.49,39.04,39.26,3240
2012-01-09,39.26,39.04,38.59,38.59,1710
2012-01-10,38.59,39.26,38.82,38.82,549
2012-01-11,38.82,38.82,38.59,38.82,2477
2012-01-12,38.82,38.82,38.37,38.82,3102
2012-01-16,38.82,38.82,38.59,38.59,1049
2012-01-17,38.59,39.26,38.37,39.04,866
2012-01-18,39.04,40.16,39.26,40.16,2190
2012-01-22,39.93,40.16,39.49,39.93,4484
2012-01-23,39.93,39.49,38.59,38.82,1650
2012-01-25,38.82,39.26,38.59,39.26,1170
2012-01-26,39.26,39.26,38.37,38.82,1060
2012-01-29,38.82,39.26,38.59,38.82,4200
2012-01-31,38.82,39.26,38.37,38.37,2291
2012-02-01,38.37,39.04,38.37,38.59,1833
2012-02-02,38.59,39.04,38.59,38.59,3946
2012-02-05,38.59,38.59,38.14,38.37,1611
2012-02-06,38.37,38.59,38.37,38.59,992
2012-02-07,38.59,38.37,37.7,38.37,2091
2012-02-08,38.37,38.37,38.14,38.37,386
2012-02-09,38.37,38.37,38.14,38.14,920
2012-02-12,38.14,38.14,37.92,38.14,1309
2012-02-13,38.14,38.59,37.7,37.92,1992
2012-02-14,37.92,38.37,37.7,38.14,1961
2012-02-15,38.14,38.59,38.37,38.59,276
2012-02-16,38.59,38.14,37.7,37.92,550
2012-02-21,37.92,38.14,37.92,38.14,631
2012-02-23,38.14,38.14,37.7,38.14,1230
2012-02-26,38.14,38.14,37.25,37.7,2747
2012-02-27,37.7,38.14,37.7,37.92,1285
2012-02-28,37.92,38.37,37.7,38.14,2204
2012-02-29,38.14,38.14,37.92,37.92,1030
2012-03-01,37.92,38.14,37.7,37.92,2300
2012-03-04,37.92,38.14,37.03,38.14,1451
2012-03-05,38.14,38.14,37.7,37.7,460
2012-03-06,37.7,37.7,37.25,37.25,2124
2012-03-11,37.25,37.47,37.25,37.47,754
2012-03-12,37.47,37.7,36.58,37.47,1022
2012-03-13,37.47,37.47,37.03,37.03,1321
2012-03-14,37.03,37.25,36.8,36.8,793
2012-03-15,36.8,36.8,36.36,36.8,842
2012-03-18,36.8,36.8,36.36,36.8,1003
2012-03-19,36.8,37.25,36.58,36.58,311
2012-03-20,36.58,36.8,36.36,36.36,4107
2012-03-21,36.36,37.47,36.36,37.03,1257
2012-03-25,37.03,37.47,36.58,37.47,920
2012-03-26,37.47,37.7,36.8,37.7,2082
2012-03-27,37.7,37.25,36.58,36.8,270
2012-03-28,36.8,37.47,37.03,37.47,1615
2012-03-29,37.47,37.92,37.25,37.25,1395
2012-04-01,37.25,37.47,37.25,37.47,1762
2012-04-02,37.47,37.47,37.03,37.25,1275
2012-04-03,37.25,37.47,37.47,37.47,680
2012-04-04,37.47,37.47,37.25,37.25,3550
2012-04-05,37.25,37.47,37.25,37.47,680
2012-04-08,37.47,37.47,37.25,37.47,1051
2012-04-09,37.47,37.7,37.25,37.47,921
2012-04-10,37.47,37.47,37.03,37.47,1313
2012-04-11,37.47,38.37,37.7,37.7,2180
2012-04-12,37.7,39.26,37.92,39.26,683
2012-04-15,39.26,41.5,39.71,41.28,2514
2012-04-16,41.28,43.96,41.72,43.96,833
2012-04-17,43.96,43.51,42.84,42.84,1789
2012-04-18,42.84,42.39,40.61,41.5,3301
2012-04-19,41.5,42.39,40.61,41.05,4668
2012-04-22,41.05,41.5,41.05,41.28,1560
2012-04-24,41.28,42.62,41.72,42.62,100
2012-04-25,42.62,43.96,43.96,43.96,70
2012-04-26,43.96,46.87,44.41,46.87,8831
2012-04-29,46.87,49.33,45.3,47.32,8923
2012-04-30,47.32,47.99,43.96,45.08,5694
2012-05-02,45.08,45.08,42.39,42.39,980
2012-05-03,42.39,43.29,42.84,43.29,241
2012-05-07,43.29,43.74,43.74,43.74,183
2012-05-08,43.74,45.53,44.18,45.53,2332
2012-05-09,45.53,46.87,43.51,45.53,7062
2012-05-10,45.53,45.53,42.62,44.86,11243
2012-05-13,44.86,44.41,42.84,43.29,3133
2012-05-14,43.29,42.84,40.83,41.72,5092
2012-05-15,41.72,44.41,42.17,44.41,696
2012-05-16,44.41,44.86,44.86,44.86,150
2012-05-17,44.86,46.64,45.3,45.3,6469
2012-05-20,45.3,45.53,43.74,44.86,6548
2012-05-21,44.86,46.2,44.63,44.86,3222
2012-05-22,44.86,45.75,43.51,45.75,8963
2012-05-23,45.75,45.3,43.51,43.51,905
2012-05-24,43.51,45.75,43.51,45.75,7754
2012-05-27,45.75,47.99,45.08,46.87,6836
2012-05-29,46.87,46.42,43.74,43.74,3959
2012-05-30,43.74,43.29,40.83,40.83,4480
2012-05-31,40.83,42.39,40.38,42.39,1231
2012-06-03,42.39,45.08,41.72,45.08,1647
2012-06-04,45.08,45.3,42.84,43.51,3705
2012-06-05,43.51,43.96,43.07,43.51,2968
2012-06-06,43.51,43.07,41.72,41.95,1331
2012-06-07,41.95,43.74,41.05,43.07,2120
2012-06-10,43.07,45.08,43.51,44.63,8139
2012-06-11,44.63,45.53,44.18,45.08,4583
2012-06-12,45.08,45.53,44.86,45.08,4983
2012-06-13,45.08,46.42,44.63,45.3,8518
2012-06-14,45.3,44.86,43.51,44.18,1912
2012-06-17,44.18,44.18,42.39,43.74,2426
2012-06-18,43.74,43.51,42.84,43.51,2589
2012-06-19,43.51,43.51,43.07,43.29,1549
2012-06-20,43.29,44.18,43.29,43.74,1361
2012-06-21,43.74,44.41,43.96,44.18,1170
2012-06-25,44.18,45.08,43.51,45.08,1760
2012-06-26,45.08,44.63,43.74,44.18,2036
2012-06-27,44.18,45.08,43.29,45.08,2422
2012-06-28,45.08,45.53,44.86,45.08,2876
2012-07-01,45.08,45.53,45.08,45.53,3643
2012-07-02,45.53,46.2,45.08,45.3,3256
2012-07-03,45.3,45.3,45.08,45.3,880
2012-07-04,45.3,46.42,45.08,46.42,3868
2012-07-05,46.42,46.2,45.53,46.2,3056
2012-07-08,46.2,46.87,45.75,45.97,2338
2012-07-09,45.97,47.32,45.97,46.87,3893
2012-07-10,46.87,47.99,46.87,47.32,3747
2012-07-11,47.32,47.76,46.87,47.76,3631
2012-07-12,47.76,48.66,47.09,47.54,3977
2012-07-15,47.54,48.66,47.54,48.66,1722
2012-07-16,48.66,50.0,47.32,50.0,12898
2012-07-17,50.0,52.91,49.78,52.01,12061
2012-07-18,52.01,55.37,51.79,55.37,8985
2012-07-19,55.37,58.05,53.13,58.05,21519
2012-07-22,58.05,58.5,55.59,56.71,19689
2012-07-23,56.71,58.05,56.04,56.26,13375
2012-07-24,56.26,56.26,54.25,56.26,7364
2012-07-25,56.26,55.59,54.25,54.92,10548
2012-07-26,54.92,54.25,52.91,53.36,4910
2012-07-29,53.36,52.68,49.78,50.9,4932
2012-07-30,50.9,52.24,50.22,52.01,7450
2012-07-31,52.01,54.47,51.34,53.13,4757
2012-08-01,53.13,54.47,52.68,54.03,6479
2012-08-05,54.03,54.92,53.58,54.25,4178
2012-08-06,54.25,54.7,54.03,54.25,5741
2012-08-07,54.25,54.92,52.68,53.13,4255
2012-08-08,53.13,53.8,51.79,53.8,6744
2012-08-12,53.8,53.8,51.12,52.01,3111
2012-08-13,52.01,51.34,49.55,51.34,3464
2012-08-14,51.34,51.34,50.67,50.9,1990
2012-08-15,50.9,50.9,49.78,50.22,4533
2012-08-16,50.22,53.13,50.9,51.79,5649
2012-08-19,51.79,52.91,51.79,52.46,5601
2012-08-21,52.46,52.91,50.45,50.9,5218
2012-08-22,50.9,51.12,49.78,50.67,4219
2012-08-23,50.67,51.12,50.0,50.67,3162
2012-08-26,50.67,52.68,50.67,52.46,10162
2012-08-27,52.46,53.36,52.68,52.91,3340
2012-08-28,52.91,54.03,52.46,53.36,7405
2012-08-29,53.36,53.13,52.46,53.13,6758
2012-08-30,53.13,52.46,51.79,52.01,1905
2012-09-02,52.01,52.24,51.79,52.01,2866
2012-09-03,52.01,52.91,52.01,52.01,4178
2012-09-04,52.01,51.79,51.34,51.79,5642
2012-09-05,51.79,52.24,51.79,51.79,2370
2012-09-06,51.79,52.01,51.79,51.79,7102
2012-09-09,51.79,52.24,51.79,52.01,5013
2012-09-10,52.01,52.24,50.9,52.24,5097
2012-09-11,52.24,52.24,51.79,52.24,1662
2012-09-12,52.24,52.24,52.01,52.01,3222
2012-09-13,52.01,52.46,52.01,52.46,2968
2012-09-16,52.46,52.91,52.24,52.91,3274
2012-09-17,52.91,53.36,52.46,53.36,3239
2012-09-18,53.36,54.7,52.91,54.03,2338
2012-09-19,54.03,54.47,53.36,54.47,10568
2012-09-20,54.47,54.25,53.8,54.03,8013
2012-09-23,54.03,54.47,53.36,54.03,7991
2012-09-24,54.03,54.03,53.36,53.36,160
2012-09-25,53.36,53.13,52.24,52.91,4295
2012-09-26,52.91,53.36,52.24,53.36,6587
2012-09-27,53.36,52.68,52.46,52.68,1695
2012-09-30,52.68,52.91,52.46,52.91,5747
2012-10-01,52.91,53.13,52.46,52.91,4962
2012-10-02,52.91,53.13,52.91,52.91,2888
2012-10-03,52.91,53.13,52.24,53.13,2684
2012-10-04,53.13,53.36,52.91,52.91,2620
2012-10-07,52.91,53.58,52.91,52.91,3211
2012-10-08,52.91,53.13,52.91,52.91,3157
2012-10-09,52.91,53.13,52.91,52.91,5229
2012-10-10,52.91,54.25,52.91,53.13,3367
2012-10-11,53.13,53.36,52.91,52.91,7164
2012-10-14,52.91,53.58,52.91,53.36,3698
2012-10-15,53.36,53.36,52.91,53.13,2449
2012-10-17,53.13,53.58,53.58,53.58,517
2012-10-18,53.58,53.8,53.13,53.58,1405
2012-10-30,53.58,54.7,53.13,54.7,1294
2012-10-31,54.7,56.04,54.03,54.47,2858
2012-11-01,54.47,54.47,54.03,54.47,2402
2012-11-04,54.47,56.26,53.8,55.37,3923
2012-11-05,55.37,56.49,54.03,55.82,2610
2012-11-06,55.82,56.26,55.59,55.82,3708
2012-11-07,55.82,58.28,54.92,57.38,4246
2012-11-08,57.38,58.72,57.16,57.16,3508
2012-11-11,57.16,58.5,56.49,57.16,2797
2012-11-12,57.16,57.61,56.71,57.61,3161
2012-11-18,57.61,60.51,57.38,58.95,4897
2012-11-20,58.95,60.74,58.28,59.4,3585
2012-11-21,59.4,60.29,58.5,59.62,7505
2012-11-22,59.62,59.84,58.5,59.62,12951
2012-11-25,59.62,62.08,59.84,60.96,7730
2012-11-26,60.96,60.51,59.17,60.29,59247
2012-11-27,60.29,60.51,59.17,59.17,3234
2012-11-28,59.17,60.96,58.5,60.29,5510
2012-11-29,60.29,60.29,59.84,60.07,2261
2012-12-02,60.07,60.07,58.5,58.72,4800
2012-12-03,58.72,59.84,58.5,59.17,4633
2012-12-04,59.17,60.74,59.17,59.4,3519
2012-12-05,59.4,61.18,59.62,60.29,5953
2012-12-06,60.29,60.29,59.84,59.84,1830
2012-12-09,59.84,59.62,58.5,59.4,5198
2012-12-10,59.4,58.95,58.5,58.72,4919
2012-12-11,58.72,59.62,58.72,59.62,3414
2012-12-13,59.62,60.29,59.4,60.29,3290
2012-12-16,60.29,63.87,60.07,61.86,5244
2012-12-17,61.86,62.97,61.86,62.53,6656
2012-12-18,62.53,62.08,59.17,61.86,5273
2012-12-19,61.86,62.53,60.96,62.08,8116
2012-12-20,62.08,62.53,60.51,60.51,5727
2012-12-23,60.51,62.3,59.62,61.41,7171
2012-12-24,61.41,65.21,61.41,64.76,3500
2012-12-26,64.76,67.45,64.76,67.0,6219
2012-12-27,67.0,70.8,65.43,69.68,4877
2012-12-31,69.68,69.46,65.88,67.45,14630
2013-01-01,67.45,67.67,65.88,67.0,7961
2013-01-02,67.0,67.9,65.88,67.9,5628
2013-01-03,67.9,69.68,66.33,68.79,10342
2013-01-06,68.79,68.57,67.0,67.67,6384
2013-01-07,67.67,67.67,66.78,67.67,6744
2013-01-08,67.67,68.34,66.11,67.22,7156
2013-01-09,67.22,67.45,65.88,67.0,3658
2013-01-10,67.0,68.12,66.11,68.12,3936
2013-01-13,68.12,67.67,66.33,67.45,5314
2013-01-15,67.45,72.82,67.45,72.82,14770
2013-01-16,72.82,77.96,70.13,74.16,19323
2013-01-17,74.16,74.38,69.68,70.58,5818
2013-01-20,70.58,69.91,67.9,69.01,2655
2013-01-21,69.01,70.8,68.34,69.91,6088
2013-01-22,69.91,73.04,69.68,72.15,7109
2013-01-23,72.15,72.37,71.25,71.92,4532
2013-01-24,71.92,71.92,70.13,70.13,4722
2013-01-27,70.13,70.36,67.67,69.68,3268
2013-01-28,69.68,69.46,67.9,68.12,6464
2013-01-30,68.12,68.12,67.45,67.9,5603
2013-01-31,67.9,68.79,65.88,66.55,2997
2013-02-03,66.55,69.24,66.55,67.67,4519
2013-02-04,67.67,67.9,66.55,67.9,2909
2013-02-05,67.9,68.12,67.45,67.9,2382
2013-02-06,67.9,67.9,66.55,67.0,2204
2013-02-07,67.0,67.45,66.78,67.45,2011
2013-02-10,67.45,68.34,67.0,68.34,4273
2013-02-12,68.34,70.8,68.34,69.68,1951
2013-02-13,69.68,70.8,67.9,68.57,1862
2013-02-14,68.57,70.36,68.57,69.91,4871
2013-02-17,69.91,75.5,71.03,75.5,450
2013-02-19,75.5,76.62,71.25,71.92,6905
2013-02-20,71.92,70.8,69.68,69.68,5135
2013-02-21,69.68,70.8,68.34,69.68,3237
2013-02-24,69.68,69.91,68.34,69.68,2131
2013-02-25,69.68,70.8,68.79,70.8,2352
2013-02-26,70.8,71.92,68.57,69.68,2202
2013-02-27,69.68,69.68,68.57,69.68,3682
2013-02-28,69.68,70.13,69.46,69.68,9283
2013-03-03,69.68,70.8,69.24,69.68,7283
2013-03-04,69.68,70.8,69.68,69.68,2021
2013-03-05,69.68,70.58,69.46,70.13,1333
2013-03-06,70.13,71.25,69.68,71.03,5661
2013-03-07,71.03,73.26,70.13,71.92,8671
2013-03-11,71.92,72.59,71.25,71.92,5405
2013-03-13,71.92,75.28,71.7,74.16,5687
2013-03-14,74.16,75.28,72.37,73.04,9300
2013-03-17,73.04,73.04,70.8,71.92,5629
2013-03-18,71.92,71.25,70.13,71.03,4336
2013-03-19,71.03,72.15,70.8,71.92,5473
2013-03-20,71.92,71.03,70.13,70.36,1903
2013-03-21,70.36,70.13,68.57,69.68,3174
2013-03-24,69.68,69.01,67.9,68.57,2999
2013-03-25,68.57,69.68,67.67,69.24,3862
2013-03-27,69.24,69.46,68.57,69.01,2307
2013-03-28,69.01,69.24,68.12,68.79,3297
2013-03-31,68.79,68.79,67.0,67.45,7670
2013-04-01,67.45,68.57,66.33,67.9,6103
2013-04-02,67.9,68.79,67.67,68.79,5576
2013-04-03,68.79,69.68,68.57,68.57,3462
2013-04-04,68.57,68.57,67.9,68.34,1588
2013-04-07,68.34,68.79,68.34,68.79,2378
2013-04-08,68.79,69.24,68.34,68.34,1805
2013-04-09,68.34,69.01,68.12,68.57,2150
2013-04-11,68.57,69.01,68.57,68.57,2923
2013-04-15,68.57,68.57,67.45,67.67,1467
2013-04-16,67.67,68.34,67.45,67.67,2711
2013-04-17,67.67,68.79,67.0,68.12,2336
2013-04-18,68.12,68.12,67.45,67.45,2324
2013-04-21,67.45,67.0,66.33,66.33,3138
2013-04-22,66.33,66.33,64.54,66.33,3428
2013-04-23,66.33,67.22,66.33,67.0,2531
2013-04-25,67.0,66.11,64.09,65.21,1360
2013-04-28,65.21,64.99,64.32,64.32,1623
2013-04-29,64.32,65.66,64.32,64.54,2263
2013-04-30,64.54,65.21,64.09,65.21,3425
2013-05-02,65.21,65.21,62.53,63.2,2410
2013-05-05,63.2,64.54,60.96,60.96,2917
2013-05-06,60.96,60.07,58.72,59.17,2272
2013-05-07,59.17,62.53,59.17,61.86,1989
2013-05-08,61.86,62.3,61.18,61.86,1152
2013-05-09,61.86,61.18,60.07,60.74,480
2013-05-12,60.74,62.97,60.74,62.08,2755
2013-05-13,62.08,63.2,62.3,63.2,1666
2013-05-14,63.2,63.65,62.75,63.42,2285
2013-05-15,63.42,66.11,62.97,66.11,1507
2013-05-16,66.11,65.66,65.21,65.66,862
2013-05-19,65.66,64.76,63.42,63.42,1205
2013-05-20,63.42,64.32,62.53,63.65,1461
2013-05-21,63.65,67.22,64.09,66.33,8468
2013-05-22,66.33,67.22,65.21,65.66,2936
2013-05-23,65.66,64.76,62.53,62.53,2170
2013-05-26,62.53,63.87,62.3,63.2,2433
2013-05-27,63.2,64.76,62.97,64.09,1307
2013-05-28,64.09,65.43,63.42,64.09,1841
2013-05-30,64.09,64.76,63.87,64.32,3965
2013-06-02,64.32,65.21,63.42,63.65,2959
2013-06-03,63.65,64.09,63.42,64.09,2001
2013-06-04,64.09,65.21,63.87,64.09,5887
2013-06-05,64.09,64.32,63.65,64.09,3773
2013-06-06,64.09,64.99,62.97,63.2,5457
2013-06-09,63.2,63.65,62.53,62.97,1275
2013-06-10,62.97,63.2,61.63,61.86,1674
2013-06-11,61.86,62.3,61.41,61.41,4959
2013-06-12,61.41,61.86,60.51,61.41,938
2013-06-13,61.41,60.74,59.62,59.84,2734
2013-06-16,59.84,61.63,59.62,59.62,3116
2013-06-17,59.62,59.84,58.72,59.84,3177
2013-06-18,59.84,59.62,58.95,59.17,3775
2013-06-19,59.17,59.4,58.5,59.4,2193
2013-06-20,59.4,59.4,58.5,58.95,2914
2013-06-23,58.95,59.62,58.5,58.95,3944
2013-06-24,58.95,59.4,58.5,59.4,2863
2013-06-25,59.4,61.18,58.72,61.18,1591
2013-06-26,61.18,61.63,60.51,60.74,2267
2013-06-27,60.74,60.51,58.95,59.4,2462
2013-06-30,59.4,59.4,58.5,59.4,4074
2013-07-01,59.4,59.4,58.72,59.4,8440
2013-07-02,59.4,61.63,58.95,61.63,6663
2013-07-03,61.63,63.65,61.63,62.3,8503
2013-07-04,62.3,62.53,61.18,62.08,2654
2013-07-07,62.08,61.41,60.29,61.18,1944
2013-07-08,61.18,61.41,60.74,61.41,1314
2013-07-09,61.41,62.08,61.18,62.08,4180
2013-07-10,62.08,62.3,61.86,61.86,906
2013-07-11,61.86,62.3,60.74,60.96,1952
2013-07-14,60.96,61.41,60.96,61.41,849
2013-07-15,61.41,62.08,60.96,61.18,520
2013-07-16,61.18,61.41,60.29,61.18,1405
2013-07-17,61.18,62.53,60.51,62.53,833
2013-07-18,62.53,62.53,60.96,61.86,3565
2013-07-21,61.86,63.42,60.96,62.97,1576
2013-07-22,62.97,62.75,61.41,62.75,3960
2013-07-23,62.75,62.97,61.86,62.97,2380
2013-07-24,62.97,62.97,62.08,62.97,3875
2013-07-25,62.97,63.2,62.3,62.97,6133
2013-07-28,62.97,62.97,62.3,62.75,2271
2013-07-29,62.75,63.42,62.53,62.97,6445
2013-07-30,62.97,64.32,61.41,63.42,4366
2013-07-31,63.42,67.22,62.97,64.54,5674
2013-08-01,64.54,66.11,64.76,65.88,3874
2013-08-04,65.88,67.22,65.21,66.33,6786
2013-08-05,66.33,68.34,65.21,68.34,16970
2013-08-06,68.34,68.34,65.66,67.45,8059
2013-08-07,67.45,70.8,67.22,69.68,14766
2013-08-08,69.68,71.03,69.01,71.03,10429
2013-08-11,71.03,71.92,68.79,71.47,6243
2013-08-12,71.47,71.47,70.58,71.47,5404
2013-08-13,71.47,71.92,70.8,70.8,12121
2013-08-14,70.8,75.28,70.8,73.04,22278
2013-08-15,73.04,75.28,72.37,75.05,17518
2013-08-18,75.05,79.3,74.38,78.41,8762
2013-08-19,78.41,80.65,77.29,79.75,13094
2013-08-20,79.75,79.75,77.51,78.63,14268
2013-08-25,78.63,78.63,74.38,75.28,9229
2013-08-26,75.28,76.4,73.04,73.04,10512
2013-08-27,73.04,74.83,73.26,73.94,5993
2013-08-29,73.94,75.28,72.15,74.16,10781
2013-09-01,74.16,75.95,73.26,74.83,10315
2013-09-02,74.83,74.83,73.94,74.83,4607
2013-09-03,74.83,74.83,73.04,74.16,9705
2013-09-04,74.16,75.05,73.04,73.71,5881
2013-09-05,73.71,74.16,72.59,74.16,4619
2013-09-08,74.16,74.16,73.26,73.71,1430
2013-09-09,73.71,73.71,71.92,73.04,3761
2013-09-10,73.04,72.59,71.03,71.92,3506
2013-09-11,71.92,71.92,70.8,71.03,3560
2013-09-12,71.03,71.7,70.8,71.03,2297
2013-09-15,71.03,70.8,69.01,69.91,1705
2013-09-16,69.91,69.46,67.45,68.12,3105
2013-09-17,68.12,69.68,67.22,69.46,4190
2013-09-19,69.46,70.36,67.9,69.91,7230
2013-09-22,69.91,69.68,68.12,69.24,3598
2013-09-23,69.24,71.03,67.45,71.03,4366
2013-09-24,71.03,71.92,69.46,70.8,3569
2013-09-25,70.8,71.92,69.68,70.13,2342
2013-09-26,70.13,70.8,69.24,69.68,2947
2013-09-29,69.68,70.58,69.24,69.68,5593
2013-09-30,69.68,70.8,69.91,70.36,4048
2013-10-01,70.36,71.47,69.68,71.25,6780
2013-10-02,71.25,73.04,70.8,73.04,4507
2013-10-03,73.04,73.71,70.8,72.15,5989
2013-10-06,72.15,74.38,71.92,73.71,6298
2013-10-07,73.71,74.61,73.04,73.71,6554
2013-10-08,73.71,75.28,74.16,74.61,5781
2013-10-09,74.61,76.4,73.71,75.05,10880
2013-10-10,75.05,77.96,75.05,77.96,9084
2013-10-17,77.96,79.3,76.4,76.62,3422
2013-10-20,76.62,79.08,74.61,78.19,12323
2013-10-21,78.19,77.74,76.62,76.62,5261
2013-10-22,76.62,77.29,75.5,76.4,2882
2013-10-23,76.4,76.17,75.28,76.17,6589
2013-10-24,76.17,75.72,73.26,74.38,8658
2013-10-27,74.38,74.16,73.04,74.16,6644
2013-10-28,74.16,73.94,71.92,73.26,7712
2013-10-29,73.26,74.16,73.26,73.71,5113
2013-10-30,73.71,74.38,72.59,74.16,3999
2013-10-31,74.16,75.28,74.16,74.38,4946
2013-11-06,74.38,74.16,73.26,74.16,3065
2013-11-07,74.16,74.61,73.04,74.16,2913
2013-11-10,74.16,73.71,73.04,73.04,3006
2013-11-11,73.04,74.38,72.59,74.16,2943
2013-11-12,74.16,78.19,74.16,76.84,2751
2013-11-13,76.84,78.63,76.62,77.51,13696
2013-11-14,77.51,78.63,76.4,78.63,7095
2013-11-21,78.63,82.21,79.75,82.21,1316
2013-11-24,82.21,88.92,84.22,86.24,21647
2013-11-25,86.24,86.69,81.99,84.0,13105
2013-11-26,84.0,87.36,82.66,85.57,28272
2013-11-27,85.57,90.26,85.57,89.82,36076
2013-11-28,89.82,90.26,88.47,90.26,21680
2013-12-01,90.26,97.87,90.04,97.87,23763
2013-12-02,97.87,105.92,94.29,104.36,20977
2013-12-03,104.36,104.13,100.78,103.24,19402
2013-12-04,103.24,108.83,101.45,103.69,12389
2013-12-05,103.69,109.5,99.88,103.24,21081
2013-12-08,103.24,103.46,101.0,102.12,16688
2013-12-09,102.12,104.36,99.44,102.34,26882
2013-12-10,102.34,104.36,101.23,103.24,28690
2013-12-11,103.24,105.92,101.67,105.48,18473
2013-12-12,105.48,107.71,104.13,104.58,17759
2013-12-15,104.58,113.53,104.36,113.53,20003
2013-12-16,113.53,123.37,113.08,123.37,20965
2013-12-18,123.37,129.63,122.25,122.25,29053
2013-12-19,122.25,125.61,120.02,124.04,39462
2013-12-22,124.04,123.37,117.55,121.13,19387
2013-12-23,121.13,120.02,115.77,118.67,33400
2013-12-24,118.67,122.03,114.65,118.67,30153
2013-12-26,118.67,125.38,116.66,119.12,15787
2013-12-29,119.12,120.02,114.42,117.78,22999
2013-12-31,117.78,118.45,115.54,116.66,25659
2014-01-01,116.66,115.54,110.4,111.96,15862
2014-01-02,111.96,117.11,106.82,117.11,28467
2014-01-05,117.11,120.02,112.41,118.45,65735
2014-01-06,118.45,119.79,114.87,118.9,25538
2014-01-07,118.9,119.57,116.66,119.57,22161
2014-01-08,119.57,124.94,118.9,123.59,38768
2014-01-09,123.59,123.37,119.12,122.03,20109
2014-01-12,122.03,124.94,121.58,122.48,24734
2014-01-13,122.48,124.27,121.13,124.27,19617
2014-01-14,124.27,125.83,123.15,125.83,32504
2014-01-16,125.83,125.38,121.36,123.37,19341
2014-01-19,123.37,124.49,119.57,124.49,29053
2014-01-20,124.49,129.86,123.37,125.61,81646
2014-01-21,125.61,125.38,122.25,122.92,11260
2014-01-22,122.92,122.7,119.34,120.69,13817
2014-01-23,120.69,122.03,118.67,121.13,13779
2014-01-26,121.13,130.53,121.13,126.28,40298
2014-01-27,126.28,126.5,122.48,123.37,9937
2014-01-28,123.37,125.61,120.24,125.38,26031
2014-01-29,125.38,127.4,124.49,126.28,29804
2014-02-02,126.28,125.61,122.25,123.37,8622
2014-02-03,123.37,125.38,120.02,125.38,16945
2014-02-04,125.38,125.38,121.36,125.38,14068
2014-02-05,125.38,123.82,122.03,123.82,8624
2014-02-06,123.82,125.83,123.37,124.94,18213
2014-02-09,124.94,125.83,122.92,125.61,31751
2014-02-10,125.61,136.79,128.96,130.08,52878
2014-02-11,130.08,130.3,127.84,129.63,29068
2014-02-12,129.63,128.96,125.61,128.96,10260
2014-02-13,128.96,129.63,126.5,127.62,14908
2014-02-16,127.62,127.17,123.37,125.61,12363
2014-02-17,125.61,126.28,123.37,124.94,10000
2014-02-18,124.94,126.05,123.37,125.61,14557
2014-02-20,125.61,127.84,124.04,126.95,12477
2014-02-23,126.95,130.08,126.05,127.84,16883
2014-02-24,127.84,130.3,126.95,127.84,10633
2014-02-25,127.84,127.84,123.82,127.84,8159
2014-02-26,127.84,127.84,123.37,127.17,11856
2014-03-03,127.17,125.61,121.58,125.61,11330
2014-03-04,125.61,124.27,120.02,123.37,12645
2014-03-05,123.37,124.49,122.25,123.59,13670
2014-03-06,123.59,123.82,121.13,122.25,8096
2014-03-09,122.25,122.25,120.24,120.46,12131
2014-03-10,120.46,121.13,118.23,121.13,11578
2014-03-11,121.13,119.57,118.0,118.0,5775
2014-03-12,118.0,118.45,115.77,118.45,5270
2014-03-13,118.45,119.12,116.21,118.9,6624
2014-03-17,118.9,117.78,115.77,116.66,5748
2014-03-18,116.66,115.99,112.86,115.54,9587
2014-03-19,115.54,121.13,113.53,121.13,10946
2014-03-20,121.13,120.69,118.0,118.0,8516
2014-03-23,118.0,121.8,116.21,121.8,8169
2014-03-24,121.8,127.84,120.02,127.17,21201
2014-03-25,127.17,125.61,120.02,123.37,29739
2014-03-26,123.37,131.87,123.37,131.87,60736
2014-03-27,131.87,134.11,123.37,125.38,20209
2014-03-31,125.38,123.82,121.13,123.37,5218
2014-04-01,123.37,124.27,122.7,124.27,3932
2014-04-02,124.27,124.27,122.25,123.15,11115
2014-04-03,123.15,123.37,121.13,122.03,3927
2014-04-06,122.03,123.37,121.13,121.36,8848
2014-04-07,121.36,121.8,119.57,121.13,5197
2014-04-09,121.13,120.91,119.79,120.91,5534
2014-04-10,120.91,121.8,121.13,121.13,3389
2014-04-13,121.13,122.25,120.02,122.25,5766
2014-04-15,122.25,121.13,120.02,120.46,8445
2014-04-16,120.46,120.69,119.34,120.69,5706
2014-04-17,120.69,120.91,119.34,120.24,11560
2014-04-20,120.24,120.24,117.78,118.9,7619
2014-04-21,118.9,119.12,117.11,118.23,4512
2014-04-22,118.23,122.03,117.55,122.03,3658
2014-04-23,122.03,122.03,120.02,121.13,6040
2014-04-27,121.13,124.49,120.91,122.48,19082
2014-04-28,122.48,122.25,120.46,121.58,17521
2014-04-29,121.58,122.25,117.78,117.78,17504
2014-04-30,117.78,123.37,116.66,122.03,38545
2014-05-04,122.03,122.25,122.25,122.25,146
2014-05-06,122.25,121.13,116.21,121.13,5111
2014-05-07,121.13,122.25,117.78,117.78,3621
2014-05-08,117.78,117.78,114.65,117.11,3062
2014-05-11,117.11,117.11,113.53,114.65,2232
2014-05-12,114.65,115.09,112.63,113.75,6393
2014-05-13,113.75,116.66,112.19,114.87,3367
2014-05-15,114.87,115.09,113.53,114.42,1498
2014-05-18,114.42,114.2,110.62,111.74,2406
2014-05-19,111.74,113.3,111.07,112.41,3738
2014-05-20,112.41,112.63,111.29,112.19,1380
2014-05-21,112.19,112.63,111.29,111.96,1436
2014-05-22,111.96,113.3,111.52,112.41,3420
2014-05-25,112.41,114.65,112.19,112.19,1964
2014-05-26,112.19,113.98,111.29,111.96,2068
2014-05-27,111.96,112.86,111.74,112.63,2651
2014-05-28,112.63,116.44,112.41,115.54,3465
2014-06-01,115.54,115.32,112.63,114.2,3419
2014-06-02,114.2,116.66,112.41,116.66,5675
2014-06-03,116.66,121.8,115.54,117.78,3237
2014-06-04,117.78,115.77,114.42,114.42,4933
2014-06-05,114.42,115.54,112.41,114.65,1460
2014-06-08,114.65,114.87,112.63,113.3,4810
2014-06-09,113.3,113.75,112.63,112.63,3135
2014-06-10,112.63,116.66,112.19,114.65,6762
2014-06-11,114.65,119.34,112.63,116.44,7845
2014-06-12,116.44,118.45,114.42,115.77,5318
2014-06-15,115.77,125.16,115.77,125.16,21646
2014-06-16,125.16,128.07,122.25,126.5,17798
2014-06-17,126.5,128.07,122.25,126.5,13316
2014-06-18,126.5,126.95,125.16,125.61,5595
2014-06-19,125.61,125.61,124.49,124.94,4887
2014-06-23,124.94,125.38,123.37,123.82,2822
2014-06-24,123.82,124.04,119.57,122.48,4915
2014-06-25,122.48,124.49,121.36,123.37,5342
2014-06-26,123.37,124.49,122.48,123.37,2294
2014-06-29,123.37,133.44,124.27,133.44,6659
2014-06-30,133.44,134.33,127.84,133.44,17816
2014-07-01,133.44,133.66,128.96,132.32,16496
2014-07-02,132.32,132.77,130.08,131.42,8711
2014-07-03,131.42,134.56,128.07,134.56,10454
2014-07-06,134.56,136.79,133.44,136.79,10936
2014-07-07,136.79,141.49,134.56,141.49,23528
2014-07-08,141.49,154.24,142.38,154.24,75326
2014-07-09,154.24,168.11,154.69,161.4,64933
2014-07-10,161.4,168.11,158.04,165.2,53832
2014-07-13,165.2,179.07,165.2,169.9,41709
2014-07-14,169.9,175.94,167.44,168.11,41992
2014-07-15,168.11,168.78,165.87,168.11,13822
2014-07-16,168.11,182.87,166.32,182.87,15232
2014-07-17,182.87,179.74,170.35,176.83,20796
2014-07-20,176.83,186.0,173.7,176.16,17347
2014-07-21,176.16,179.29,170.35,179.29,23797
2014-07-22,179.29,176.83,170.35,173.7,26067
2014-07-23,173.7,172.81,169.9,172.58,19797
2014-07-24,172.58,172.36,169.0,171.02,18897
2014-07-27,171.02,170.35,168.11,170.12,19175
2014-07-28,170.12,169.45,167.21,169.23,11965
2014-07-30,169.23,170.35,163.63,165.87,18615
2014-07-31,165.87,166.99,162.74,163.86,17974
2014-08-03,163.86,161.85,159.16,161.17,14283
2014-08-04,161.17,160.5,157.15,159.16,16927
2014-08-05,159.16,163.63,158.71,160.73,19507
2014-08-06,160.73,161.4,158.94,159.16,19442
2014-08-07,159.16,163.19,155.81,160.28,27587
2014-08-12,160.28,158.94,154.69,158.04,7449
2014-08-13,158.04,161.4,155.36,161.4,13102
2014-08-14,161.4,163.63,158.49,160.73,15244
2014-08-18,160.73,157.82,146.86,150.66,37244
2014-08-19,150.66,152.45,147.08,150.21,17808
2014-08-20,150.21,150.21,145.29,149.09,19673
2014-08-21,149.09,149.99,143.5,147.98,12597
2014-08-24,147.98,149.54,144.84,147.98,12176
2014-08-25,147.98,145.29,136.34,138.81,13049
2014-08-26,138.81,145.74,131.65,132.77,13423
2014-08-27,132.77,144.62,134.56,138.81,13712
2014-08-28,138.81,143.73,137.91,137.91,9333
2014-08-31,137.91,137.91,132.09,135.45,7186
2014-09-01,135.45,134.56,130.98,134.56,8096
2014-09-03,134.56,136.79,132.54,133.21,6177
2014-09-04,133.21,131.87,128.74,129.19,13269
2014-09-07,129.19,128.52,120.46,120.46,8707
2014-09-09,120.46,128.74,121.13,127.84,6261
2014-09-10,127.84,136.79,126.05,128.96,17200
2014-09-11,128.96,128.96,124.27,127.84,5116
2014-09-14,127.84,127.17,124.49,125.83,11790
2014-09-15,125.83,125.61,123.37,124.49,4559
2014-09-16,124.49,125.61,124.04,125.61,5664
2014-09-17,125.61,125.83,123.59,123.59,2141
2014-09-18,123.59,124.04,122.25,122.25,556
2014-09-21,125.61,123.59,119.34,119.57,4876
2014-09-22,119.57,120.69,114.42,117.33,4694
2014-09-23,117.33,127.62,119.34,127.62,1603
2014-09-24,127.62,137.91,127.62,132.99,27922
2014-09-28,132.99,133.44,130.08,132.99,5441
2014-09-29,132.99,136.57,131.42,136.57,2590
2014-09-30,136.57,135.67,130.53,130.53,4135
2014-10-08,130.53,130.08,127.17,130.08,1950
2014-10-09,130.08,130.08,128.74,128.96,4332
2014-10-12,128.96,129.86,124.27,125.38,3534
2014-10-13,125.38,125.83,123.37,124.71,6363
2014-10-14,124.71,126.73,124.71,125.61,2216
2014-10-15,125.61,127.84,125.61,127.4,3468
2014-10-16,127.4,128.96,125.61,128.29,2026
2014-10-19,128.29,130.98,124.49,130.98,2531
2014-10-20,130.98,128.96,126.5,128.29,1855
2014-10-21,128.29,129.41,126.95,126.95,1623
2014-10-22,126.95,128.74,124.49,126.73,2166
2014-10-26,126.73,125.83,124.49,125.83,318
2014-10-27,125.83,127.4,125.61,127.4,826
2014-10-28,127.4,127.17,124.71,126.28,3103
2014-10-30,126.28,126.05,124.71,124.71,3239
2014-11-02,124.71,122.92,122.03,122.7,3479
2014-11-03,122.7,123.37,120.24,120.69,2984
2014-11-04,120.69,121.13,116.88,121.13,4283
2014-11-05,121.13,124.04,120.46,123.37,3168
2014-11-06,123.37,123.37,121.36,122.48,4774
2014-11-09,122.48,121.58,118.9,118.9,4361
2014-11-10,118.9,119.12,116.44,118.67,7137
2014-11-11,118.67,118.9,112.86,118.9,2460
2014-11-12,118.9,120.46,117.11,118.9,3095
2014-11-13,118.9,120.91,115.54,117.33,5215
2014-11-16,117.33,117.33,115.54,115.54,2659
2014-11-17,115.54,115.09,109.95,109.95,5025
2014-11-18,109.95,114.2,106.59,113.98,5593
2014-11-19,113.98,118.0,112.19,115.99,1602
2014-11-20,115.99,116.66,114.2,115.99,3097
2014-11-23,115.99,122.25,115.99,121.13,5920
2014-11-24,121.13,120.02,116.88,117.78,1129
2014-11-25,117.78,117.78,115.99,115.99,71
2014-11-30,115.99,115.99,112.41,113.3,1452
2014-12-01,113.3,113.98,111.96,112.86,1733
2014-12-02,112.86,115.09,111.07,115.09,1108
2014-12-03,115.09,118.23,113.75,115.54,2153
2014-12-04,115.54,118.67,116.66,117.55,2277
2014-12-07,117.55,116.21,113.98,114.87,1718
2014-12-08,114.87,114.42,112.86,113.98,1290
2014-12-09,113.98,114.42,112.63,113.53,2366
2014-12-10,113.53,118.9,113.53,118.9,567
2014-12-11,118.9,120.91,115.99,118.67,4644
2014-12-14,118.67,124.04,119.79,123.37,3724
2014-12-15,123.37,126.73,121.36,124.94,4393
2014-12-16,124.94,124.27,118.9,123.82,5232
2014-12-17,123.82,122.92,120.91,122.25,3200
2014-12-18,122.25,121.13,117.78,121.13,2212
2014-12-21,121.13,120.02,116.88,117.55,3044
2014-12-22,117.55,119.57,114.87,119.57,4523
2014-12-23,119.57,118.9,113.75,118.23,2357
2014-12-24,118.23,118.9,116.21,118.9,3183
2014-12-28,118.9,122.03,118.9,122.03,3257
2014-12-29,122.03,122.03,118.0,120.02,2105
2014-12-31,120.02,123.37,117.55,120.24,2969
2015-01-01,120.24,122.25,118.9,120.91,2695
2015-01-04,120.91,121.36,119.79,120.69,1201
2015-01-05,120.69,122.7,119.12,122.7,1739
2015-01-06,122.7,121.13,118.0,120.02,3920
2015-01-07,120.02,120.24,118.23,120.24,3541
2015-01-08,120.24,121.13,119.34,119.57,2511
2015-01-11,119.57,122.03,117.78,122.03,3451
2015-01-12,122.03,120.91,118.45,119.57,3521
2015-01-13,119.57,120.02,118.0,120.02,1012
2015-01-14,120.02,123.15,118.23,122.03,11042
2015-01-18,122.03,122.25,119.57,120.02,5160
2015-01-19,120.02,125.38,121.13,122.7,7796
2015-01-20,122.7,123.15,119.79,120.69,10113
2015-01-22,120.69,120.46,118.9,119.57,1265
2015-01-25,119.57,121.8,118.0,120.02,2889
2015-01-26,120.02,122.03,118.9,121.36,5767
2015-01-27,121.36,127.84,120.69,126.28,13660
2015-01-28,126.28,128.52,125.16,127.62,15503
2015-01-29,127.62,128.29,124.49,125.61,10005
2015-02-01,125.61,124.71,123.59,124.04,4653
2015-02-02,124.04,124.27,122.25,122.7,3667
2015-02-03,122.7,123.37,119.34,121.8,2126
2015-02-04,121.8,122.25,120.02,121.13,1946
2015-02-05,121.13,123.15,119.12,119.57,2868
2015-02-08,119.57,120.24,119.12,120.02,2025
2015-02-09,120.02,122.03,118.9,120.91,6337
2015-02-10,120.91,120.02,117.33,120.02,3543
2015-02-11,120.02,121.13,118.9,120.24,3776
2015-02-12,120.24,122.25,120.02,121.58,5980
2015-02-15,121.58,121.58,120.24,120.46,1086
2015-02-16,120.46,120.91,119.34,120.91,4307
2015-02-19,120.91,120.91,119.34,119.79,2807
2015-02-22,119.79,119.34,117.55,117.55,3088
2015-02-23,117.55,117.78,115.77,117.55,3374
2015-02-24,117.55,117.78,116.66,117.78,3018
2015-02-25,117.78,119.12,116.44,118.9,2152
2015-02-26,118.9,118.9,116.66,118.9,1994
2015-03-01,120.02,121.13,118.9,121.13,1184
2015-03-02,121.13,124.49,120.02,121.13,1111
2015-03-03,121.13,122.03,119.12,121.8,1590
2015-03-04,121.8,123.82,120.24,120.69,2209
2015-03-09,120.69,126.5,122.25,124.94,8858
2015-03-10,124.94,123.37,119.34,121.36,1061
2015-03-11,121.36,122.25,120.46,120.46,1618
2015-03-12,120.46,123.37,118.9,120.02,1710
2015-03-15,120.02,121.13,119.12,120.02,2644
2015-03-16,120.02,120.02,118.23,119.12,1607
2015-03-17,119.12,119.57,118.23,119.12,731
2015-03-18,119.12,119.34,118.0,119.34,1901
2015-03-19,119.34,121.13,118.9,121.13,1882
2015-03-22,121.13,120.24,117.55,118.23,6630
2015-03-23,118.23,118.9,117.33,118.67,4993
2015-03-24,118.67,118.67,117.55,118.23,1251
2015-03-25,118.23,118.9,116.44,118.9,797
2015-03-26,118.9,120.24,117.33,120.24,966
2015-03-29,120.24,118.9,118.67,118.67,531
2015-03-30,118.67,118.67,114.65,116.44,3598
2015-03-31,116.44,117.78,116.21,116.88,1282
2015-04-01,116.88,117.55,115.32,117.55,2590
2015-04-02,117.55,117.78,115.54,117.78,3444
2015-04-05,117.78,119.12,114.87,115.54,1330
2015-04-06,115.54,116.66,113.53,114.42,3678
2015-04-07,114.42,114.65,113.53,114.42,2372
2015-04-08,114.42,117.55,114.2,116.21,2164
2015-04-09,116.21,119.12,114.65,119.12,7084
2015-04-12,119.12,121.58,118.45,120.91,4345
2015-04-13,120.91,119.34,116.88,119.34,4158
2015-04-15,119.34,120.02,115.54,119.79,13284
2015-04-16,119.79,118.45,115.54,118.45,8979
2015-04-19,118.36,118.36,116.44,118.12,820
2015-04-20,118.12,118.84,117.64,118.12,1363
2015-04-21,118.12,118.84,116.92,118.84,1312
2015-04-23,119.08,117.64,116.68,117.16,1563
2015-05-24,117.16,115.25,107.59,107.59,90
2015-05-25,107.59,105.91,99.93,101.12,844
2015-05-26,101.12,108.78,102.32,108.78,1215
2015-05-27,108.78,107.11,103.76,103.76,230
2015-05-28,103.76,107.83,104.71,107.11,2330
2015-05-31,107.11,109.98,107.59,108.78,1141
2015-06-01,108.78,110.46,107.11,109.5,2353
2015-06-02,109.5,109.98,109.5,109.5,181
2015-06-03,109.5,117.16,109.98,117.16,1581
2015-06-04,114.29,117.88,115.49,116.68,5611
2015-06-08,116.68,118.6,115.49,116.68,1959
2015-06-09,116.68,124.58,118.6,120.99,3888
2015-06-10,120.99,119.08,117.16,118.6,880
2015-06-11,118.6,117.16,114.77,115.49,2209
2015-06-14,115.49,114.29,112.61,112.61,2431
2015-06-15,112.61,115.96,111.18,114.53,1505
2015-06-16,114.53,115.72,113.81,115.72,1298
2015-06-17,115.72,115.72,113.81,115.01,1700
2015-06-18,115.01,114.77,112.37,113.33,873
2015-06-21,113.33,113.33,112.61,113.09,1001
2015-06-22,111.9,114.29,111.9,113.09,1380
2015-06-23,113.09,115.01,113.09,114.29,7897
2015-06-24,114.29,115.49,112.85,112.85,1269
2015-06-25,113.57,114.29,113.57,114.05,833
2015-06-28,114.05,114.29,113.09,114.29,2180
2015-06-29,114.29,114.29,110.94,114.29,8930
2015-06-30,112.37,113.09,110.94,113.09,6613
2015-07-01,111.42,111.9,111.42,111.9,572
2015-07-02,110.46,111.42,110.22,110.7,4059
2015-07-05,111.42,114.05,111.42,113.57,1564
2015-07-06,113.57,113.57,110.22,110.46,330
2015-07-07,110.46,111.9,110.46,110.7,6448
2015-07-08,111.66,111.66,110.94,111.42,2073
2015-07-09,113.33,113.33,111.9,111.9,401
2015-07-12,111.66,112.37,110.7,112.13,5083
2015-07-13,111.9,111.9,111.66,111.66,1242
2015-07-14,110.94,112.85,110.94,111.9,3414
2015-07-15,111.9,113.81,111.42,113.09,2601
2015-07-16,113.09,117.16,113.33,117.16,391
2015-07-22,115.72,119.55,114.53,119.08,7356
2015-07-23,119.08,125.06,117.88,125.06,7731
2015-07-26,125.06,136.07,127.21,136.07,140
2015-07-27,136.07,138.46,127.69,132.96,8007
2015-07-28,132.96,130.8,128.65,128.65,682
2015-07-29,128.65,126.5,125.54,125.54,120
2015-07-30,125.54,125.06,121.47,121.47,3973
2015-08-02,121.47,121.23,120.27,120.51,558
2015-08-03,120.51,123.38,119.08,123.14,3667
2015-08-04,123.14,123.86,118.84,119.32,7651
2015-08-05,119.32,123.62,118.36,122.67,6489
2015-08-06,121.95,125.06,122.67,124.58,8242
2015-08-09,124.58,126.02,121.47,126.02,9306
2015-08-10,126.02,130.56,126.26,128.41,8260
2015-08-11,128.41,126.26,121.95,122.67,2244
2015-08-12,120.51,121.47,118.12,120.27,4305
2015-08-13,120.03,123.62,118.6,120.03,8463
2015-08-16,121.47,122.91,119.32,119.32,15570
2015-08-17,121.23,129.85,121.23,129.85,14033
2015-08-18,132.0,137.74,132.0,137.74,17564
2015-08-19,137.74,140.14,135.83,139.9,4816
2015-08-20,142.53,144.93,139.42,139.42,5070
2015-08-23,137.27,137.27,134.63,134.87,8354
2015-08-24,134.87,135.59,134.63,134.87,2386
2015-08-25,134.39,137.03,132.48,137.03,3076
2015-08-26,134.87,134.87,134.63,134.87,1300
2015-08-27,134.63,134.63,133.44,133.44,1382
2015-08-31,132.48,134.15,132.48,133.44,3126
2015-09-01,133.44,133.44,131.76,132.24,6425
2015-09-02,130.09,130.09,130.09,130.09,1000
2015-09-03,128.17,128.17,125.06,125.06,760
2015-09-06,127.21,129.85,127.21,128.65,1710
2015-09-07,130.8,132.72,127.45,132.24,2252
2015-09-08,132.48,132.48,130.56,130.56,651
2015-09-09,128.65,128.65,128.65,128.65,41
2015-09-10,126.73,130.8,126.73,128.41,7097
2015-09-13,128.65,133.44,128.65,133.44,9190
2015-09-14,135.83,136.07,131.52,133.44,4489
2015-09-15,135.83,134.63,130.09,132.24,1356
2015-09-16,131.04,131.04,130.09,130.33,1186
2015-09-17,130.56,130.56,127.45,128.65,5292
2015-09-22,126.5,126.5,122.91,122.91,9991
2015-09-23,125.06,127.21,123.86,125.06,9252
2015-09-24,122.91,124.1,122.91,123.86,956
2015-09-28,121.71,122.43,120.51,121.47,1581
2015-09-29,121.47,123.62,121.47,121.47,2289
2015-09-30,119.55,125.78,119.55,121.47,4851
2015-10-01,122.67,123.86,120.03,123.62,5128
2015-10-04,122.67,122.67,119.79,121.71,2200
2015-10-05,123.86,123.86,119.55,120.27,2871
2015-10-06,120.27,120.27,117.88,119.08,5822
2015-10-07,119.08,121.47,119.08,121.47,511
2015-10-08,121.47,132.24,119.79,132.24,15581
2015-10-11,134.39,143.97,134.39,140.62,93601
2015-10-14,143.01,143.01,131.76,132.0,9865
2015-10-15,129.85,133.2,127.69,133.2,6688
2015-10-18,131.04,132.24,130.33,132.24,8306
2015-10-19,131.52,133.44,130.8,133.44,2033
2015-10-25,131.04,131.04,128.65,128.89,2481
2015-10-27,126.73,126.73,125.06,126.73,3737
2015-10-28,124.58,126.73,122.67,125.3,2955
2015-10-29,126.26,127.45,125.3,126.26,1970
2015-11-01,126.02,126.02,121.47,122.91,4509
2015-11-02,121.47,126.26,121.47,124.1,3088
2015-11-03,122.67,123.14,122.67,123.14,81
2015-11-04,121.23,126.26,121.23,125.3,1462
2015-11-05,124.58,124.58,123.86,123.86,878
2015-11-08,121.71,124.34,121.71,124.34,607
2015-11-09,126.02,129.37,126.02,129.37,4949
2015-11-10,127.21,129.85,127.21,127.93,8443
2015-11-15,126.5,127.45,126.26,127.45,1170
2015-11-16,125.54,126.5,125.54,126.5,250
2015-11-18,127.45,127.45,125.54,126.26,1230
2015-11-19,127.45,127.45,123.86,125.06,1940
2015-11-22,123.86,123.86,121.71,121.95,2625
2015-11-23,121.47,121.95,121.23,121.95,4235
2015-11-24,124.1,124.1,121.71,122.67,1170
2015-11-25,124.1,124.1,120.99,121.47,6331
2015-11-26,120.51,121.47,117.88,120.75,2656
2015-11-29,119.55,119.55,114.29,114.29,9273
2015-11-30,116.2,121.47,115.25,116.92,4935
2015-12-01,116.92,122.43,118.84,122.43,5943
2015-12-02,120.27,121.71,120.27,121.71,3272
2015-12-03,122.67,123.62,121.47,121.47,3472
2015-12-04,123.62,125.78,123.62,125.06,2902
2015-12-07,122.91,122.91,122.43,122.67,860
2015-12-08,120.75,122.67,120.75,121.71,2091
2015-12-09,123.86,126.02,123.86,126.02,1612
2015-12-10,126.02,126.02,121.47,125.06,934
2015-12-13,125.06,125.06,122.91,122.91,1652
2015-12-14,121.95,122.19,121.47,121.47,2818
2015-12-15,120.51,120.51,119.08,120.27,3918
2015-12-16,121.47,122.19,120.99,121.47,7554
2015-12-17,121.71,125.78,121.71,125.06,1388
2015-12-20,125.06,129.37,124.34,128.89,16618
2015-12-21,128.89,140.38,128.89,140.38,47347
2015-12-22,142.77,147.56,135.83,136.31,21836
2015-12-23,136.31,135.83,132.48,132.48,6162
2015-12-24,131.04,135.83,131.04,135.83,11469
2015-12-25,133.92,134.63,133.2,133.92,12349
2015-12-28,133.92,134.39,132.72,133.2,2290
2015-12-29,133.2,135.35,132.48,133.44,7138
2015-12-31,133.44,136.55,133.44,135.35,5772
2016-01-03,133.44,137.74,133.2,137.74,8407
2016-01-04,137.74,140.14,133.92,134.87,6760
2016-01-05,137.03,137.03,133.44,134.63,4135
2016-01-06,132.24,135.11,132.24,133.44,4686
2016-01-07,135.83,138.22,134.63,137.03,7371
2016-01-10,137.03,138.22,134.87,137.74,5622
2016-01-11,138.22,140.38,136.07,139.42,11440
2016-01-12,139.42,139.66,138.46,138.46,4907
2016-01-13,138.46,140.86,137.51,140.38,2677
2016-01-14,140.62,144.21,139.18,144.21,22823
2016-01-17,146.6,155.22,143.25,150.19,65709
2016-01-18,148.75,159.29,148.04,152.58,19463
2016-01-19,150.43,151.63,144.69,149.71,15212
2016-01-20,152.35,160.96,152.35,155.7,53666
2016-01-21,155.7,157.37,151.87,153.3,23814
2016-01-24,153.3,157.13,154.74,157.13,34629
2016-01-25,158.57,160.96,155.94,156.17,7231
2016-01-26,156.17,157.61,155.7,156.17,16386
2016-01-27,156.17,154.98,152.58,153.78,4958
2016-01-28,152.58,153.78,151.63,153.06,6324
2016-01-31,154.98,154.98,150.43,151.15,5068
2016-02-01,151.15,154.5,150.67,153.54,12969
2016-02-02,153.78,156.17,152.58,152.58,7156
2016-02-03,152.58,152.58,150.67,151.15,4671
2016-02-04,152.58,154.74,150.91,154.74,11203
2016-02-07,154.74,158.33,153.78,156.17,12440
2016-02-08,156.17,155.94,153.54,154.98,10270
2016-02-11,154.98,154.98,152.58,152.58,4680
2016-02-14,149.95,152.35,148.04,150.19,7802
2016-02-15,150.19,154.98,146.6,154.98,10726
2016-02-16,154.98,157.37,150.43,151.63,4767
2016-02-17,151.63,154.98,147.8,154.98,14601
2016-02-18,154.98,156.41,154.5,154.5,20751
2016-02-21,156.89,156.89,153.78,154.98,21553
2016-02-22,153.78,156.17,153.78,154.98,6229
2016-02-23,154.98,159.53,153.78,158.57,16364
2016-02-24,157.37,158.09,154.98,156.17,4249
2016-02-25,153.78,158.57,152.82,153.78,5816
2016-02-28,153.78,156.17,154.26,154.98,10168
2016-02-29,154.98,154.98,154.02,154.74,4735
2016-03-01,154.98,154.98,153.3,153.78,4675
2016-03-02,153.78,159.53,152.58,157.13,3609
2016-03-03,154.98,162.16,154.98,161.44,31519
2016-03-06,159.76,165.75,159.76,164.55,22567
2016-03-10,166.95,179.63,166.95,179.63,69293
2016-03-13,182.74,189.44,181.31,182.98,133833
2016-03-14,184.9,184.9,172.93,174.6,31398
2016-03-15,173.17,175.08,170.54,172.93,14526
2016-03-16,172.21,176.28,170.54,174.84,9375
2016-03-17,174.13,174.6,172.93,173.17,14604
2016-03-20,172.69,174.37,170.77,171.73,16552
2016-03-21,172.45,173.17,168.86,168.86,24495
2016-03-23,169.34,172.69,168.86,170.06,8568
2016-03-24,170.06,176.04,169.58,170.54,11367
2016-03-27,170.54,174.84,169.34,174.84,25338
2016-03-28,174.84,177.72,171.25,174.37,16225
2016-03-29,174.37,174.84,171.01,173.89,7922
2016-03-30,173.89,176.52,171.97,172.93,8799
2016-03-31,172.93,172.45,170.54,171.25,7572
2016-04-03,171.25,178.91,169.82,174.13,15676
2016-04-04,174.13,176.52,174.13,176.52,12643
2016-04-05,174.13,177.72,174.13,177.48,22777
2016-04-06,177.48,178.67,175.8,176.52,17535
2016-04-10,176.52,177.72,174.13,174.37,35135
2016-04-11,174.23,174.51,171.21,172.31,2445
2016-04-12,172.31,169.28,167.9,167.9,1071
2016-04-14,167.9,176.44,167.9,176.44,3092
2016-04-17,179.46,179.46,173.96,177.54,7426
2016-04-18,177.54,182.22,170.66,182.22,12148
2016-04-19,182.22,180.29,176.16,178.64,2370
2016-04-20,178.64,180.84,177.81,180.29,12246
2016-04-21,180.29,187.17,177.54,187.17,26726
2016-04-24,187.17,192.4,184.97,189.92,11906
2016-04-25,189.92,196.25,190.2,194.05,11479
2016-04-26,194.05,192.95,189.37,189.37,6470
2016-04-27,189.37,194.05,187.72,191.85,10197
2016-04-28,191.85,192.95,189.37,189.37,7618
2016-05-02,189.37,191.3,186.34,189.92,18127
2016-05-03,189.92,191.02,188.55,189.92,7259
2016-05-04,189.92,189.65,186.9,187.72,5406
2016-05-05,187.72,187.72,181.67,187.72,6608
2016-05-08,187.72,191.02,183.59,188.27,5668
2016-05-09,189.92,196.25,189.92,192.4,20133
2016-05-10,195.15,195.15,189.1,190.47,3444
2016-05-11,190.47,194.05,189.92,194.05,11538
2016-05-12,194.05,197.35,194.05,194.33,3940
2016-05-15,195.7,197.35,193.78,197.08,4754
2016-05-16,197.08,196.25,193.5,196.25,4406
2016-05-17,196.8,200.93,195.98,200.93,16189
2016-05-18,200.93,204.51,200.93,201.76,7927
2016-05-19,201.76,204.79,199.56,202.03,14300
2016-05-22,202.03,202.58,198.18,200.93,2404
2016-05-23,200.93,203.69,200.11,202.31,14290
2016-05-24,202.31,205.06,202.31,203.69,7665
2016-05-25,203.69,204.24,198.46,201.48,13438
2016-05-26,201.48,203.41,194.6,200.66,5751
2016-05-29,200.66,200.66,195.43,200.66,10097
2016-05-30,200.66,200.66,196.8,197.08,6432
2016-05-31,197.08,197.35,193.5,195.15,7732
2016-06-01,195.15,196.8,192.12,194.33,10461
2016-06-02,194.33,201.48,194.33,197.63,14888
2016-06-05,197.63,199.28,192.68,197.63,8658
2016-06-06,197.63,198.18,191.85,198.18,4113
2016-06-07,197.91,200.93,195.7,200.11,9201
2016-06-08,200.11,203.41,199.83,200.11,11892
2016-06-09,200.93,204.79,200.11,200.11,7948
2016-06-12,200.11,203.41,197.63,199.56,4476
2016-06-13,199.56,209.19,200.93,206.44,40671
2016-06-14,210.29,213.32,209.19,211.94,35182
2016-06-15,211.94,212.77,209.74,211.94,11057
2016-06-16,211.94,212.49,205.61,210.02,14568
2016-06-19,210.02,210.29,204.51,207.81,18341
2016-06-20,207.81,209.19,205.61,206.44,10740
2016-06-21,206.44,211.94,206.44,207.26,9949
2016-06-22,210.57,214.14,208.09,211.94,11454
2016-06-23,211.94,211.94,205.34,206.99,6052
2016-06-26,206.99,209.74,207.26,209.19,7223
2016-06-27,209.19,217.17,210.02,217.17,22093
2016-06-28,217.17,216.07,212.22,216.07,12542
2016-06-29,216.07,215.25,213.04,213.87,10899
2016-06-30,213.87,214.42,210.84,212.49,19936
2016-07-03,212.49,211.94,210.02,211.67,11526
2016-07-04,211.67,214.7,209.19,214.7,5677
2016-07-05,213.04,220.2,210.02,218.82,20430
2016-07-06,218.27,227.08,218.27,223.23,24816
2016-07-10,223.23,224.33,217.45,223.23,4691
2016-07-11,223.23,230.94,223.23,227.63,27375
2016-07-12,227.63,229.56,211.94,224.6,8705
2016-07-13,224.6,225.15,217.45,222.95,10620
2016-07-14,221.58,227.08,221.58,225.15,11763
2016-07-17,225.15,246.07,224.33,246.07,46553
2016-07-18,246.07,251.85,237.82,243.05,28713
2016-07-19,242.22,261.21,242.22,258.18,53355
2016-07-20,261.49,282.41,261.49,282.41,73449
2016-07-21,282.41,291.77,276.35,284.61,43680
2016-07-25,284.61,306.9,284.88,306.9,63729
2016-07-26,306.9,320.12,301.4,311.58,37909
2016-07-27,311.58,316.26,298.65,311.31,40667
2016-07-28,311.31,308.01,297.0,305.53,33191
2016-07-31,305.53,307.73,294.52,299.47,28865
2016-08-01,299.47,302.78,287.64,297.27,33867
2016-08-02,297.27,293.14,289.01,289.01,58079
2016-08-03,289.01,294.24,284.06,289.56,23444
2016-08-04,289.56,287.64,276.63,280.76,30904
2016-08-07,280.76,290.66,280.76,281.31,25130
2016-08-08,281.31,279.38,261.76,262.86,16460
2016-08-09,267.82,287.64,267.82,287.64,3567
2016-08-10,291.77,294.52,271.4,289.01,50652
2016-08-11,290.39,294.52,286.81,294.52,33089
2016-08-14,289.29,289.29,276.63,280.76,20056
2016-08-15,285.43,290.66,274.15,280.76,27993
2016-08-16,280.76,289.29,280.76,285.16,30158
2016-08-17,281.31,291.77,281.31,289.01,16569
2016-08-21,284.88,292.59,284.88,287.64,8813
2016-08-22,289.01,289.01,278.55,279.1,6697
2016-08-23,278.0,284.33,274.7,280.76,12823
2016-08-24,284.61,284.61,275.53,280.76,7338
2016-08-28,283.51,283.51,277.45,279.38,5090
2016-08-29,281.03,287.64,279.38,284.33,14088
2016-08-30,289.01,289.56,284.33,288.74,16862
2016-08-31,284.88,290.39,284.88,288.74,19708
2016-09-01,286.26,291.77,286.26,288.46,15887
2016-09-04,286.54,297.0,285.99,294.52,13611
2016-09-05,294.52,304.43,294.52,300.85,34803
2016-09-06,300.02,304.15,292.04,296.72,25608
2016-09-07,298.65,306.9,292.04,306.9,62511
2016-09-08,303.05,304.98,300.02,303.88,15717
2016-09-11,304.15,309.66,300.57,302.78,29449
2016-09-12,302.78,305.53,302.22,302.78,29095
2016-09-14,304.15,305.25,301.67,302.78,11695
2016-09-18,301.4,303.33,298.65,300.02,11307
2016-09-20,308.56,308.56,300.02,301.12,42584
2016-09-21,299.2,301.4,294.52,295.89,24012
2016-09-22,297.82,297.82,288.19,294.24,31362
2016-09-25,297.82,297.82,288.19,294.24,31362
2016-09-26,287.77,284.88,272.09,278.69,10691
2016-09-27,279.52,282.41,277.45,277.45,4456
2016-09-28,277.45,279.52,276.63,277.45,1414
2016-09-29,272.5,276.63,272.5,276.63,3261
2016-10-02,281.99,282.41,276.63,280.76,4644
2016-10-03,280.76,284.88,276.63,277.45,2351
2016-10-04,276.63,280.76,275.39,275.8,7550
2016-10-05,280.76,280.76,275.39,280.76,1002
2016-10-06,282.82,284.88,276.63,281.99,2238
2016-10-16,281.99,290.25,280.34,281.99,1795
2016-10-17,281.99,281.99,272.5,276.21,3931
2016-10-18,272.91,278.69,272.91,276.63,1206
2016-10-19,275.8,276.63,272.5,274.56,3950
2016-10-20,279.52,279.52,272.91,276.21,2944
2016-10-23,272.5,274.56,270.43,270.43,6226
2016-10-24,272.5,272.91,267.96,269.61,7673
2016-10-25,268.37,268.37,264.24,266.3,3856
2016-10-26,268.37,268.37,264.24,265.07,4364
2016-10-27,260.11,266.3,260.11,263.41,2964
2016-11-03,260.11,268.37,258.46,266.3,906
2016-11-07,266.72,266.72,253.92,258.05,1784
2016-11-08,260.11,260.11,249.79,251.85,5340
2016-11-09,253.09,253.09,245.25,247.73,5406
2016-11-10,249.79,250.62,246.07,247.73,4874
2016-11-13,251.85,251.85,246.9,247.73,7038
2016-11-14,251.44,251.44,245.66,247.73,6752
2016-11-15,251.85,252.68,243.6,246.49,7995
2016-11-16,245.66,247.73,242.77,245.66,4803
2016-11-17,245.66,245.66,239.47,239.47,5087
2016-11-20,235.75,235.75,218.82,229.56,6046
2016-11-21,232.04,233.27,223.37,229.15,6653
2016-11-22,231.21,231.21,222.13,227.08,6174
2016-11-23,222.95,222.95,214.7,216.76,9827
2016-11-24,220.89,222.95,215.93,217.59,10536
2016-11-27,215.52,218.0,206.44,207.26,14556
2016-11-28,204.37,220.89,198.18,216.76,20030
2016-11-29,212.63,231.21,208.5,229.15,6827
2016-11-30,231.21,243.18,227.08,237.82,17082
2016-12-01,239.47,243.6,229.56,237.4,12639
2016-12-04,235.75,235.75,230.38,230.38,3739
2016-12-05,229.56,230.38,218.82,225.02,3418
2016-12-06,228.73,229.15,222.95,227.08,3030
2016-12-07,228.73,228.32,224.19,227.08,1850
2016-12-08,225.43,227.08,222.95,222.95,4444
2016-12-11,222.95,223.37,218.41,218.82,3290
2016-12-12,218.82,218.82,212.63,216.76,1484
2016-12-14,220.89,220.89,216.76,218.82,5246
2016-12-15,220.89,223.78,218.82,223.78,4365
2016-12-18,222.95,222.95,216.76,222.95,6847
2016-12-19,220.89,220.89,214.7,214.7,6963
2016-12-20,214.7,218.82,208.5,214.7,9974
2016-12-21,210.98,216.76,206.44,210.98,6654
2016-12-22,210.57,211.81,208.92,211.81,8026
2016-12-26,207.68,210.57,205.2,205.2,7763
2016-12-27,201.48,208.92,199.42,204.37,10568
2016-12-28,206.44,208.5,204.37,205.61,5725
2016-12-29,207.26,217.17,207.26,217.17,19494
2017-01-01,220.89,229.15,220.89,225.02,18373
2017-01-02,227.08,231.21,225.02,225.43,19457
2017-01-03,227.08,227.08,218.82,218.82,8202
2017-01-04,220.89,220.89,210.57,218.82,6130
2017-01-05,214.7,220.06,214.7,218.0,8287
2017-01-08,216.76,218.41,214.7,216.35,5593
2017-01-09,216.76,222.95,215.11,222.95,5545
2017-01-10,222.95,227.08,222.95,222.95,4148
2017-01-11,227.08,227.08,222.95,222.95,8359
2017-01-12,222.95,225.43,219.24,223.78,5428
2017-01-15,220.89,223.78,218.82,220.48,2339
2017-01-16,220.48,221.3,217.59,218.82,2058
2017-01-17,217.59,218.41,215.93,215.93,3270
2017-01-18,218.0,218.82,214.7,214.7,3386
2017-01-19,216.76,218.41,215.11,218.0,1913
2017-01-22,219.24,219.24,217.17,217.17,2773
2017-01-23,216.35,216.35,214.7,214.7,2679
2017-01-24,218.82,218.82,206.44,209.74,7839
2017-01-25,208.5,208.5,198.18,202.31,25727
2017-01-26,202.31,202.31,187.86,189.92,33136
2017-01-30,186.21,191.99,182.49,182.49,12799
2017-01-31,179.6,191.57,179.6,189.1,11409
2017-02-01,192.4,200.24,191.99,199.42,9886
2017-02-02,203.13,206.44,198.18,199.42,15620
2017-02-05,203.13,203.13,194.05,194.05,3121
2017-02-06,191.99,193.23,187.86,187.86,5122
2017-02-07,188.27,191.16,186.21,187.86,4245
2017-02-08,188.68,189.92,184.97,185.79,9700
2017-02-09,182.9,187.03,181.67,183.73,12428
2017-02-12,187.03,187.03,171.76,177.12,11551
2017-02-13,174.23,182.9,170.52,181.67,11039
2017-02-14,184.56,184.56,175.06,180.43,13085
2017-02-15,183.73,188.27,182.49,187.03,12899
2017-02-16,187.86,189.92,185.79,187.03,15709
2017-02-19,186.62,186.62,182.08,183.73,23260
2017-02-20,187.03,187.86,181.67,181.67,17150
2017-02-21,184.97,191.99,180.43,181.25,18863
2017-02-22,182.49,182.49,177.54,179.19,22813
2017-02-23,177.12,182.49,176.3,181.67,14367
2017-02-26,183.73,183.73,177.54,179.19,6391
2017-02-28,175.89,175.89,172.17,173.82,16732
2017-03-01,173.82,177.54,173.82,177.54,5008
2017-03-02,179.6,179.6,175.47,179.6,5828
2017-03-05,178.36,184.97,178.36,182.9,12347
2017-03-06,184.97,188.27,184.14,185.38,9615
2017-03-07,182.49,182.9,181.25,181.67,5596
2017-03-09,183.32,186.62,183.32,183.73,3547
2017-03-13,183.73,185.79,181.67,181.67,5870
2017-03-14,184.56,185.79,181.67,182.08,9273
2017-03-15,185.38,185.38,182.9,184.97,3091
2017-03-16,186.62,186.62,182.08,183.73,9046
2017-03-19,183.73,187.45,183.73,186.21,10196
2017-03-20,187.86,191.99,187.86,190.34,16216
2017-03-21,190.75,199.83,189.92,199.83,26819
2017-03-22,203.55,212.63,200.24,202.31,45578
2017-03-23,206.85,212.22,203.55,210.98,42052
2017-03-26,211.81,232.04,211.39,232.04,86224
2017-03-28,232.04,250.2,236.58,245.66,63335
2017-03-29,245.66,253.92,227.08,233.27,122754
2017-03-30,233.27,238.23,229.15,236.99,151987
2017-04-03,236.83,260.11,241.28,249.71,86048
2017-04-04,249.71,251.69,237.82,245.25,38622
2017-04-06,245.25,245.25,234.84,238.81,42085
2017-04-09,239.8,240.29,232.86,233.85,26361
2017-04-10,234.35,240.29,231.38,233.36,24705
2017-04-11,232.86,244.75,232.86,242.28,29427
2017-04-12,243.76,247.73,237.82,237.82,43976
2017-04-13,235.34,238.81,231.87,233.85,25576
2017-04-16,234.84,238.31,226.42,227.91,14433
2017-04-18,223.94,227.91,219.48,222.95,26897
2017-04-19,222.95,232.37,224.44,229.39,15551
2017-04-20,229.89,239.3,229.39,230.38,32994
2017-04-23,234.84,253.18,234.84,235.83,42569
2017-04-24,233.85,234.84,230.88,232.37,23133
2017-04-25,230.38,233.85,229.89,232.37,17195
2017-04-26,232.86,233.85,230.38,231.38,9098
2017-04-27,229.39,235.34,229.39,230.88,15743
2017-04-30,227.91,232.86,224.93,227.41,18728
2017-05-02,225.43,231.87,220.48,227.91,22562
2017-05-03,232.86,236.83,226.42,228.4,13689
2017-05-04,228.4,236.83,224.93,227.91,10579
2017-05-07,228.4,229.89,224.44,224.93,5619
2017-05-08,220.97,230.38,220.97,227.91,16791
2017-05-09,227.91,228.4,223.94,226.42,21081
2017-05-11,230.38,230.88,228.4,229.89,12423
2017-05-15,232.86,233.36,227.91,230.38,10542
2017-05-16,228.4,230.38,225.43,225.93,7225
2017-05-17,225.43,227.91,224.93,225.43,4811
2017-05-18,225.43,226.92,222.95,223.45,6117
2017-05-21,227.91,227.91,219.98,222.95,10460
2017-05-22,218.49,222.95,218.49,221.47,3174
2017-05-23,220.48,225.43,219.48,222.95,6912
2017-05-24,222.95,225.93,221.96,225.43,11662
2017-05-28,224.93,225.43,220.48,223.45,9086
2017-05-30,222.95,222.95,218.49,219.98,7182
2017-05-31,219.98,225.43,217.5,222.95,8727
2017-06-01,225.43,227.41,219.98,220.97,14518
2017-06-04,222.95,222.95,218.0,220.48,10779
2017-06-05,220.97,222.95,219.48,219.48,12176
2017-06-06,222.95,226.92,221.96,224.93,10899
2017-06-07,229.39,229.39,222.95,224.44,14334
2017-06-08,219.98,223.94,219.98,222.46,6842
2017-06-11,218.99,221.96,218.0,219.48,7886
2017-06-12,220.48,220.97,215.03,220.48,9184
2017-06-13,217.01,219.98,215.52,215.52,13963
2017-06-14,215.52,218.0,215.03,215.52,8869
2017-06-15,216.02,218.99,214.03,218.0,15064
2017-06-18,218.0,218.0,212.05,213.54,19261
2017-06-19,213.54,213.54,206.6,211.56,21359
2017-06-20,212.55,212.55,205.61,209.58,12740
2017-06-21,206.6,210.57,206.6,209.08,6334
2017-06-22,209.08,212.55,208.09,208.58,16465
2017-06-25,210.57,211.06,207.59,209.58,10516
2017-06-27,210.07,210.57,208.09,209.58,11352
2017-06-28,205.61,212.05,205.61,212.05,10162
2017-07-02,212.05,213.04,207.59,212.05,14946
2017-07-03,208.09,213.04,208.09,209.58,7794
2017-07-04,209.58,211.06,207.59,208.09,13712
2017-07-05,209.08,210.57,207.59,210.57,11348
2017-07-06,213.04,216.51,210.57,213.04,18660
2017-07-09,216.51,220.97,213.04,218.49,20091
2017-07-10,218.0,218.0,213.04,214.53,12785
2017-07-11,214.53,218.0,213.04,215.52,9864
2017-07-12,215.52,218.0,214.03,214.53,8794
2017-07-13,216.02,216.51,213.04,213.54,12875
2017-07-16,214.03,215.52,213.04,214.53,4465
2017-07-17,214.53,221.96,214.53,221.47,16129
2017-07-18,222.46,233.85,222.46,233.85,27796
2017-07-19,232.86,232.86,227.91,227.91,21239
2017-07-20,227.91,230.38,224.93,229.39,10954
2017-07-23,230.38,230.38,225.43,227.41,16709
2017-07-24,227.91,227.91,224.93,225.43,13393
2017-07-25,225.43,228.4,224.93,226.92,16138
2017-07-26,222.46,227.91,221.96,222.95,22953
2017-07-27,222.95,227.91,222.95,227.91,11335
2017-07-30,224.93,228.4,220.48,223.45,9537
2017-07-31,222.95,227.41,222.95,224.93,12315
2017-08-01,223.45,232.37,222.95,224.93,9280
2017-08-02,225.43,225.93,224.44,224.93,12168
2017-08-03,224.93,227.41,222.95,224.44,14097
2017-08-06,222.95,225.93,222.95,224.93,18930
2017-08-07,229.39,229.39,223.94,224.44,11926
2017-08-09,219.98,227.91,219.98,222.95,17516
2017-08-10,222.95,224.93,219.48,221.96,21245
2017-08-13,220.48,222.46,218.0,220.48,14415
2017-08-15,220.48,220.97,218.49,218.49,15104
2017-08-16,218.99,221.96,218.99,219.98,11304
2017-08-17,222.46,222.46,217.01,219.48,23326
2017-08-20,215.52,219.98,215.52,218.0,16054
2017-08-21,218.0,218.99,214.03,217.01,5674
2017-08-22,216.02,218.99,216.02,218.49,12396
2017-08-23,218.0,218.99,217.01,218.49,7718
2017-08-24,218.49,224.44,215.03,219.48,11438
2017-08-27,219.48,223.45,219.48,220.97,3889
2017-08-28,219.98,223.94,219.98,220.97,7897
2017-08-30,218.0,219.48,215.52,217.01,14820
2017-08-31,217.01,217.01,214.03,216.51,15528
2017-09-04,216.51,217.5,211.06,213.04,33009
2017-09-06,213.04,218.0,210.57,217.01,11603
2017-09-07,215.52,217.01,211.06,212.05,34082
2017-09-10,210.57,213.54,209.58,211.06,37704
2017-09-11,210.57,213.04,208.09,210.07,17950
2017-09-12,209.58,211.06,208.09,208.58,27903
2017-09-13,208.09,209.58,207.1,208.09,32249
2017-09-14,208.09,221.47,207.59,221.47,42524
2017-09-17,221.96,227.41,217.01,221.47,49764
2017-09-18,222.95,223.94,219.48,219.48,33400
2017-09-20,218.49,219.48,215.52,218.0,10450
2017-09-24,218.0,219.48,217.5,218.49,3718
2017-09-25,218.49,221.96,218.0,221.96,2882
2017-09-26,220.97,222.46,219.48,220.48,5132
2017-10-03,220.97,224.44,220.97,224.44,3164
2017-10-04,222.95,222.95,216.51,218.0,6475
2017-10-08,214.03,214.03,208.09,213.54,15759
2017-10-09,214.53,214.53,210.57,212.55,17649
2017-10-10,211.56,217.01,209.58,211.56,19003
2017-10-11,211.56,213.54,210.57,212.05,11993
2017-10-12,212.05,215.52,212.05,213.04,4974
2017-10-15,214.03,214.53,211.56,214.53,5553
2017-10-16,215.52,223.45,215.03,218.99,18696
2017-10-17,218.0,222.95,216.02,222.46,12124
2017-10-18,220.97,222.95,217.01,219.98,12688
2017-10-22,216.02,226.92,216.02,222.95,11183
2017-10-23,222.95,225.43,220.48,222.46,12644
2017-10-24,222.46,223.94,220.48,221.96,9549
2017-10-25,219.98,223.45,219.98,222.46,17137
2017-10-29,218.49,221.47,218.0,218.99,7203
2017-10-30,218.49,219.48,216.51,216.51,13723
2017-10-31,214.53,218.0,214.53,216.51,8889
2017-11-01,212.55,216.51,212.55,215.03,6291
2017-11-02,215.03,218.99,213.04,218.0,8331
2017-11-05,218.0,218.0,210.07,213.04,16936
2017-11-06,213.04,213.04,208.09,212.55,29796
2017-11-07,216.02,216.02,208.09,209.08,26141
2017-11-08,205.12,209.08,205.12,206.11,17305
2017-11-09,206.11,211.56,204.13,205.61,9434
2017-11-12,205.61,210.57,205.61,209.58,9098
2017-11-13,211.06,212.05,208.09,212.05,14684
2017-11-14,213.04,215.03,210.07,214.03,14580
2017-11-15,213.04,214.03,211.06,212.05,3596
2017-11-16,215.52,215.52,208.09,208.09,13740
2017-11-19,208.09,209.08,204.13,208.09,13373
2017-11-20,207.1,209.08,207.1,208.58,4579
2017-11-21,208.58,210.57,208.58,209.58,4762
2017-11-22,209.58,212.55,208.58,210.57,5998
2017-11-23,210.57,213.04,210.57,210.57,7260
2017-11-26,210.57,218.49,210.57,214.03,10953
2017-11-27,215.52,215.52,213.04,213.04,6918
2017-11-28,213.04,214.03,210.57,213.54,12551
2017-11-29,213.04,217.5,213.04,216.02,19013
2017-11-30,216.02,217.01,213.54,216.51,10518
2017-12-04,216.51,216.51,213.04,215.52,10306
2017-12-05,218.99,218.99,213.04,213.54,6588
2017-12-06,211.06,216.51,211.06,215.52,9725
2017-12-10,219.48,223.45,212.05,213.04,11646
2017-12-11,212.55,214.53,210.07,213.54,12873
2017-12-12,213.54,213.54,211.06,211.56,15642
2017-12-13,210.57,213.54,208.58,212.05,4262
2017-12-14,214.53,214.53,210.57,210.57,3701
2017-12-17,213.04,213.04,209.58,209.58,6121
2017-12-18,209.08,211.06,209.08,210.57,4333
2017-12-19,210.07,211.06,208.58,210.07,8052
2017-12-20,208.58,211.06,207.59,209.58,3192
2017-12-21,206.6,209.58,206.6,208.09,7557
2017-12-24,208.09,212.05,208.09,208.58,7917
2017-12-26,211.06,211.06,203.63,208.09,7244
2017-12-27,204.62,207.1,202.14,205.61,11368
2017-12-28,202.14,206.6,198.18,203.13,9917
2017-12-31,202.64,202.64,198.18,199.17,27546
2018-01-01,203.13,205.12,200.66,205.12,6665
2018-01-02,209.08,213.04,206.11,210.57,55870
2018-01-03,207.59,212.05,207.59,209.08,15373
2018-01-04,208.09,208.58,206.11,208.58,5788
2018-01-07,207.1,212.55,206.11,209.58,18051
2018-01-08,210.07,213.04,208.09,210.57,8389
2018-01-09,210.57,211.56,209.08,210.57,7302
2018-01-10,208.58,211.56,208.58,207.1,7277
2018-01-14,211.56,211.56,206.6,208.09,10523
2018-01-16,208.58,208.58,205.61,206.6,4270
2018-01-17,204.13,206.6,202.64,204.62,6401
2018-01-21,205.61,208.09,204.62,207.59,21733
2018-01-22,208.09,209.08,207.1,208.09,18056
2018-01-23,208.58,208.58,205.61,206.11,15725
2018-01-24,204.13,208.09,204.13,207.59,14131
2018-01-25,207.1,208.09,206.6,208.09,13110
2018-01-28,208.09,209.58,205.61,206.11,49337
2018-01-29,205.71,206.31,202.14,202.74,8266
2018-01-31,204.52,204.52,202.14,204.52,4790
2018-02-01,204.52,205.12,203.93,204.52,6191
2018-02-04,205.12,208.09,203.33,208.09,8959
2018-02-05,208.09,208.09,203.33,203.33,8109
2018-02-06,204.52,206.31,202.14,206.31,5214
2018-02-07,205.12,205.71,202.74,203.33,5012
2018-02-08,199.77,205.12,199.77,203.33,3523
2018-02-11,203.33,203.93,202.74,203.33,1760
2018-02-12,203.33,203.33,202.14,202.14,3785
2018-02-14,203.33,203.33,199.17,202.14,4167
2018-02-15,202.74,208.09,202.74,208.09,7548
2018-02-18,208.09,213.44,206.9,208.09,11904
2018-02-20,208.09,208.68,202.14,203.93,6728
2018-02-21,202.74,202.74,201.55,202.14,2461
2018-02-22,202.74,203.33,200.95,202.14,4099
2018-02-25,203.33,203.33,199.17,200.95,3932
2018-02-26,200.36,200.36,199.17,199.17,4951
2018-02-27,198.58,203.33,197.39,200.95,4409
2018-02-28,200.95,201.55,198.58,198.58,13018
2018-03-04,195.01,196.2,193.23,195.01,16726
2018-03-06,190.25,195.01,190.25,194.41,5748
2018-03-07,194.41,197.98,194.41,196.2,6817
2018-03-11,196.2,196.79,193.82,193.82,6491
2018-03-12,193.82,196.79,193.82,195.01,10231
2018-03-13,195.01,197.98,194.41,197.98,8561
2018-03-14,196.2,199.17,195.01,199.17,8410
2018-03-15,196.2,200.36,196.2,199.17,10440
2018-03-18,201.55,201.55,197.98,198.58,5791
2018-03-19,199.17,199.17,193.23,193.23,5937
2018-03-20,190.85,194.41,190.85,192.04,2133
2018-03-21,188.47,190.85,186.69,187.87,11081
2018-03-22,189.66,190.25,184.31,187.87,6600
2018-03-26,184.31,186.09,177.77,178.36,10390
2018-03-27,181.93,193.82,168.26,187.87,16469
2018-03-28,187.87,188.47,182.52,184.9,12154
2018-03-29,184.9,190.25,184.9,189.06,8252
2018-04-01,190.25,190.25,183.12,186.69,6979
2018-04-02,186.69,189.06,184.31,186.69,6267
2018-04-03,184.31,189.06,184.31,187.28,3431
2018-04-04,187.87,193.82,187.28,193.23,12813
2018-04-05,196.2,199.17,190.85,196.79,22167
2018-04-08,197.98,206.9,196.79,202.14,17000
2018-04-09,202.74,205.71,198.58,199.17,13810
2018-04-10,196.2,200.36,193.23,198.58,6099
2018-04-11,197.39,199.17,195.01,199.17,5135
2018-04-12,199.77,202.14,197.39,200.36,9067
2018-04-15,200.36,202.14,193.82,202.14,7648
2018-04-16,202.14,202.74,199.17,200.95,5765
2018-04-17,200.95,203.93,199.77,200.36,17345
2018-04-18,202.14,210.47,200.36,205.12,17497
2018-04-19,208.68,209.87,206.31,208.68,24467
2018-04-22,208.68,219.98,209.28,219.39,36790
2018-04-23,223.55,227.11,214.03,214.03,39505
2018-04-24,211.06,217.01,205.12,213.44,16417
2018-04-25,214.03,214.03,208.68,209.28,10118
2018-04-26,209.87,210.47,205.12,206.9,10047
2018-04-29,203.33,206.9,200.36,204.52,10608
2018-05-02,204.52,203.33,200.95,202.74,5447
2018-05-03,203.93,209.28,203.93,205.71,9858
2018-05-06,205.71,205.71,203.93,204.52,9671
2018-05-07,202.14,205.12,201.55,203.93,6251
2018-05-08,203.93,203.93,202.14,203.93,5181
2018-05-09,203.93,206.31,204.52,204.52,6849
2018-05-10,204.52,205.71,200.36,203.93,11575
2018-05-14,201.55,204.52,200.95,202.74,4201
2018-05-15,202.74,203.33,200.36,201.55,2916
2018-05-16,200.95,204.52,200.36,202.74,3039
2018-05-17,203.33,203.93,201.55,201.55,6983
2018-05-20,203.33,204.52,200.95,202.14,9261
2018-05-21,199.17,202.14,199.17,202.14,10925
2018-05-22,199.17,202.14,199.17,200.36,6973
2018-05-23,202.14,202.14,198.58,198.58,8116
2018-05-24,198.58,200.95,199.17,199.17,5963
2018-05-27,199.17,199.17,196.2,197.39,6118
2018-05-28,197.39,206.31,195.01,202.14,5764
2018-05-29,202.14,203.33,198.58,200.36,9698
2018-05-30,200.36,202.14,199.17,201.55,10982
2018-05-31,202.14,202.14,200.36,200.95,8381
2018-06-03,199.17,199.77,193.82,196.2,14980
2018-06-04,193.82,196.79,192.63,195.6,6154
2018-06-06,197.39,202.14,197.39,199.77,3379
2018-06-07,199.77,199.77,193.23,194.41,3481
2018-06-10,194.41,194.41,186.69,188.47,9920
2018-06-11,188.47,193.82,187.87,192.04,5594
2018-06-12,189.66,192.04,188.47,190.85,3235
2018-06-13,190.25,191.44,187.87,189.06,3924
2018-06-14,189.66,192.63,189.66,190.85,3956
2018-06-17,190.25,190.25,186.69,190.25,1083
2018-06-18,190.25,190.25,184.31,186.69,6878
2018-06-19,191.44,191.44,187.87,187.87,3309
2018-06-20,186.69,186.69,183.71,185.5,5309
2018-06-21,184.31,187.87,184.31,184.31,9336
2018-06-24,181.93,188.47,181.93,186.69,3045
2018-06-25,187.87,187.87,184.9,186.09,3561
2018-06-26,184.9,186.09,182.52,184.9,7623
2018-06-27,184.31,185.5,183.12,184.9,1402
2018-06-28,184.31,185.5,183.12,185.5,10595
2018-07-01,184.9,184.9,181.33,181.33,5338
2018-07-02,191.44,194.41,190.85,194.41,5188
2018-07-03,179.55,183.12,179.55,181.33,3991
2018-07-04,181.33,184.31,178.36,183.71,8901
2018-07-05,185.5,189.06,184.9,188.47,2638
2018-07-08,188.47,190.85,187.87,188.47,9349
2018-07-09,187.87,187.87,183.12,184.31,4364
2018-07-10,184.9,186.69,184.31,186.09,47740
2018-07-11,187.28,188.47,184.31,185.5,40507
2018-07-12,186.09,187.28,184.31,184.31,12730
2018-07-15,183.71,186.69,183.71,184.9,2890
2018-07-16,184.9,187.28,184.9,186.69,32979
2018-07-17,187.87,188.47,187.28,187.28,1983
2018-07-18,187.28,188.47,186.09,188.47,3133
2018-07-19,187.87,188.47,184.9,187.28,6170
2018-07-22,186.69,187.87,186.09,186.69,8337
2018-07-23,186.69,188.47,186.09,186.09,3905
2018-07-24,186.09,189.06,186.09,186.09,7297
2018-07-25,187.28,187.28,184.9,186.69,6281
2018-07-26,186.69,187.28,186.09,187.28,5608
2018-07-29,189.06,189.66,187.28,189.06,9058
2018-07-30,187.87,189.66,187.28,189.66,5984
2018-07-31,189.66,190.85,189.06,190.85,7541
2018-08-01,189.66,192.04,189.66,191.44,9526
2018-08-02,191.44,194.41,190.85,194.41,5188
2018-08-05,194.41,195.01,193.23,195.01,3712
2018-08-06,195.01,195.01,193.23,193.82,9520
2018-08-07,193.23,193.82,192.63,193.82,4342
2018-08-08,193.23,194.41,191.44,193.23,1567
2018-08-09,191.44,193.23,189.66,192.04,5748
2018-08-12,191.44,191.44,186.09,189.06,3439
2018-08-13,187.28,189.66,187.28,188.47,2778
2018-08-14,188.47,192.63,188.47,191.44,6036
2018-08-15,193.82,203.93,193.82,200.36,37824
2018-08-16,204.52,205.12,199.17,202.14,25581
2018-08-19,204.52,204.52,200.95,200.95,21370
2018-08-20,202.14,202.14,197.39,199.17,14359
2018-08-21,199.17,199.17,196.79,197.98,8787
2018-08-22,199.17,204.52,196.79,204.52,3613
2018-08-23,200.95,200.95,197.98,199.17,7504
2018-08-26,199.17,200.36,196.2,197.98,3588
2018-08-28,197.98,199.17,196.2,197.98,7354
2018-08-29,198.58,198.58,196.2,196.79,6392
2018-08-30,196.79,199.17,196.79,198.58,9985
2018-09-02,197.98,202.14,197.98,201.55,9661
2018-09-03,199.77,206.31,199.77,203.93,15425
2018-09-04,202.14,206.31,202.14,205.12,17187
2018-09-05,202.74,215.22,202.74,211.66,29704
2018-09-06,214.03,218.79,208.09,209.28,33936
2018-09-09,209.87,209.87,205.71,205.71,7740
2018-09-10,205.71,205.71,202.14,203.33,4112
2018-09-11,202.14,208.09,202.14,205.12,4778
2018-09-12,205.12,211.06,205.12,208.68,12667
2018-09-13,209.28,213.44,208.68,209.28,20006
2018-09-16,214.03,224.14,211.66,218.2,53133
2018-09-17,218.2,219.98,213.44,214.03,21307
2018-09-18,212.85,215.22,212.25,213.44,9249
2018-09-20,209.28,216.41,209.28,213.44,9880
2018-09-23,216.41,216.41,212.25,214.63,19281
2018-09-25,214.63,221.76,214.63,219.98,44925
2018-09-26,221.17,222.95,216.41,217.01,18655
2018-09-27,217.01,219.98,217.01,217.01,14911
2018-09-30,215.22,217.6,214.63,214.63,11183
2018-10-01,212.85,215.22,209.28,209.28,21976
2018-10-02,209.28,212.85,209.28,209.87,12983
2018-10-03,209.28,210.47,206.31,206.31,28516
2018-10-04,208.09,208.09,205.12,206.9,15025
2018-10-07,205.12,206.9,204.52,204.52,10164
2018-10-08,204.52,212.25,204.52,207.49,9581
2018-10-09,208.09,208.09,206.31,206.31,9551
2018-10-10,206.31,206.9,205.12,206.31,6502
2018-10-11,207.49,209.28,205.71,208.09,10534
2018-10-14,209.28,212.85,208.09,212.25,12769
2018-10-15,216.41,216.41,210.47,210.47,11617
2018-10-21,214.63,214.63,211.06,211.06,3483
2018-10-22,211.06,211.06,209.28,211.06,3196
2018-10-23,211.06,212.85,210.47,212.85,6474
2018-10-24,211.06,212.85,209.87,212.85,3065
2018-10-25,212.85,212.85,211.06,212.25,5436
2018-10-28,211.06,211.06,208.09,209.87,11851
2018-10-29,208.09,208.68,206.9,208.09,8152
2018-10-30,207.49,210.47,206.9,209.28,11760
2018-10-31,213.44,211.06,208.09,209.28,9391
2018-11-01,208.09,209.28,208.09,209.28,6758
2018-11-04,208.09,209.87,206.9,206.9,15056
2018-11-05,206.9,209.28,206.9,207.49,10438
2018-11-14,207.49,209.28,207.49,208.09,1763
2018-11-15,208.09,208.68,206.9,207.49,5701
2018-11-18,207.49,207.49,203.93,205.12,6006
2018-11-19,205.12,206.31,204.52,205.71,5455
2018-11-20,205.71,207.49,203.33,206.31,2001
2018-11-21,206.31,209.87,203.33,203.93,6780
2018-11-22,203.93,205.12,202.14,204.52,6445
2018-11-25,204.52,205.12,202.74,202.74,8678
2018-11-26,202.77,202.77,199.17,201.55,5374
2018-11-27,201.55,205.71,200.95,202.14,5914
2018-11-28,202.14,202.14,201.55,202.14,2677
2018-11-29,202.14,202.14,199.77,200.95,6964
2018-12-02,200.95,200.95,195.6,197.98,9756
2018-12-03,197.98,199.17,195.6,196.2,9202
2018-12-04,196.2,199.17,193.82,198.58,2973
2018-12-06,195.6,196.79,190.25,194.41,8394
2018-12-09,194.41,199.17,194.41,199.17,2982
2018-12-10,199.17,202.14,196.2,199.17,5830
2018-12-11,199.17,201.55,197.98,199.77,3705
2018-12-12,199.77,202.74,199.77,200.36,990
2018-12-13,200.36,205.12,199.17,200.95,5226
2018-12-16,200.95,204.52,200.95,204.52,18570
2018-12-17,204.52,211.06,202.14,211.06,5225
2018-12-18,211.06,211.06,203.93,204.52,10127
2018-12-19,204.52,205.12,203.33,203.93,3717
2018-12-20,203.93,208.68,203.93,207.49,14032
2018-12-23,207.49,215.22,207.49,212.25,16974
2018-12-24,212.25,215.22,209.28,212.25,14350
2018-12-25,212.25,212.25,208.68,209.87,8383
2018-12-26,209.87,215.22,209.28,215.22,22157
2018-12-27,215.22,217.01,212.85,213.44,36773
2018-12-30,213.44,213.44,208.68,208.68,11317
2018-12-31,208.68,209.28,206.31,206.9,16215
2019-01-01,206.9,208.09,204.52,205.71,22211
2019-01-02,205.71,206.31,205.12,205.12,7467
2019-01-03,205.12,206.9,202.14,205.12,7294
2019-01-06,205.12,209.28,204.52,204.52,9776
2019-01-08,205.71,207.49,205.71,207.49,8069
2019-01-09,207.49,208.68,206.9,207.49,8426
2019-01-10,206.9,210.47,206.9,208.09,4955
2019-01-13,212.25,212.25,205.71,207.49,22250
2019-01-14,207.49,208.68,206.9,208.09,20430
2019-01-15,208.09,208.09,206.9,208.09,7663
2019-01-16,208.09,208.68,206.9,208.09,9525
2019-01-17,208.09,208.09,205.12,205.12,3486
2019-01-20,205.12,205.12,202.74,205.12,3502
2019-01-21,205.12,205.71,202.14,203.33,6616
2019-01-22,203.33,203.93,200.36,203.93,5188
2019-01-23,203.93,204.52,203.33,203.93,2273
2019-01-24,203.93,204.52,203.33,203.33,16140
2019-01-27,203.33,203.33,201.55,201.55,4235
2019-01-28,201.55,205.12,200.95,203.33,8647
2019-01-29,203.33,203.33,202.14,202.74,2612
2019-01-30,202.74,202.74,201.55,201.55,3892
2019-01-31,201.55,203.33,201.55,201.55,5850
2019-02-03,200.36,202.14,200.36,200.95,12977
2019-02-04,200.95,202.14,199.17,201.55,13265
2019-02-05,202.14,202.14,200.95,200.95,5648
2019-02-06,209.28,209.28,199.17,199.17,6099
2019-02-07,196.2,200.36,196.2,198.58,5500
2019-02-10,199.17,199.17,196.2,197.39,6098
2019-02-11,195.01,199.17,195.01,197.39,5268
2019-02-12,196.2,197.98,196.2,197.39,5722
2019-02-13,196.2,197.39,195.6,195.6,13830
2019-02-14,196.79,196.79,194.41,196.2,13107
2019-02-17,196.2,199.77,195.01,196.2,18875
2019-02-18,195.01,196.2,193.23,195.6,9327
2019-02-19,192.63,197.98,192.63,197.98,3150
2019-02-20,197.98,197.98,195.6,195.6,2685
2019-02-21,195.6,199.17,195.6,197.98,9054
2019-02-24,197.98,197.98,195.6,196.2,6833
2019-02-25,197.39,197.98,194.41,196.79,15959
2019-02-26,196.79,198.58,196.79,197.39,18064
2019-02-27,196.2,199.17,196.2,197.98,27442
2019-03-03,194.11,197.98,183.39,185.28,14076
2019-03-05,183.39,185.28,183.39,184.02,5732
2019-03-06,184.02,184.65,182.76,184.02,2085
2019-03-07,184.02,185.28,182.76,185.28,8624
2019-03-09,185.28,185.28,184.02,184.02,2618
2019-03-10,185.28,185.28,184.02,184.02,2618
2019-03-11,187.8,189.69,184.65,187.8,9999
2019-03-12,189.06,192.85,187.8,192.22,16058
2019-03-13,192.22,192.85,189.06,190.95,14926
2019-03-14,189.69,190.95,186.54,190.32,6707
2019-03-17,190.95,192.22,189.06,190.32,8247
2019-03-18,190.95,191.58,189.69,189.69,10211
2019-03-19,189.69,189.69,187.8,187.8,3883
2019-03-21,187.17,189.06,186.54,186.54,3230
2019-03-24,186.54,188.43,184.65,184.65,8327
2019-03-25,185.28,187.8,184.02,185.28,8653
2019-03-26,187.8,187.8,184.65,185.28,10218
2019-03-27,185.28,188.43,184.65,185.28,4409
2019-03-28,187.8,187.8,184.02,185.28,9227
2019-03-31,186.54,186.54,184.65,185.91,11187
2019-04-01,185.91,187.17,184.02,187.17,12690
2019-04-02,188.43,191.58,188.43,190.32,15332
2019-04-03,189.69,193.48,189.69,192.22,15802
2019-04-04,192.22,192.22,189.69,191.58,11579
2019-04-07,189.69,194.74,187.8,194.74,11864
2019-04-08,194.74,201.67,195.37,199.15,21933
2019-04-09,196.0,200.41,196.0,196.0,21533
2019-04-10,196.63,197.89,195.37,196.63,8299
2019-04-11,197.26,201.04,197.26,198.52,22147
2019-04-15,197.26,200.41,197.26,200.41,11551
2019-04-16,197.26,206.08,197.26,205.45,17829
2019-04-17,205.45,213.01,205.45,213.01,24403
2019-04-18,214.9,220.57,211.75,220.57,49470
2019-04-21,220.57,220.57,216.16,219.31,28028
2019-04-22,222.47,222.47,211.75,215.53,19348
2019-04-23,218.05,218.05,214.27,218.05,17832
2019-04-24,215.53,223.1,214.9,223.1,68938
2019-04-25,223.1,245.15,223.1,244.52,145400
2019-04-28,248.93,258.39,245.15,248.93,111393
2019-04-29,248.93,248.93,241.37,245.15,45136
2019-04-30,245.15,246.41,240.74,245.78,27561
2019-05-02,241.37,243.89,240.11,242.63,24698
2019-05-05,242.63,242.63,236.96,238.85,55477
2019-05-06,237.59,244.52,235.7,244.52,40670
2019-05-07,245.78,245.78,242.0,245.15,39057
2019-05-09,248.3,249.56,243.26,244.52,94677
2019-05-12,243.89,245.78,242.0,245.78,17340
2019-05-13,245.78,246.41,242.0,243.26,20540
2019-05-14,244.52,265.32,244.52,262.17,194265
2019-05-15,262.8,281.71,262.17,276.03,133601
2019-05-16,280.44,280.44,265.32,265.32,112016
2019-05-19,267.84,270.99,262.17,265.95,67027
2019-05-20,270.99,272.25,262.17,263.43,59854
2019-05-21,265.32,265.95,260.28,263.43,42776
2019-05-22,264.69,268.47,263.43,267.21,92882
2019-05-23,269.1,276.03,268.47,271.62,97795
2019-05-26,272.25,273.51,266.58,267.84,50429
2019-05-27,264.06,268.47,264.06,265.95,44153
2019-05-28,269.73,269.73,264.69,265.32,13321
2019-05-29,265.95,268.47,264.69,267.21,54281
2019-05-30,275.4,284.23,268.47,269.73,94006
2019-06-02,272.88,272.88,264.69,265.95,29715
2019-06-03,270.99,270.99,260.91,260.91,64123
2019-06-04,261.54,264.69,260.91,262.17,48716
2019-06-06,263.43,263.43,260.28,260.28,25497
2019-06-10,260.28,262.17,259.02,259.65,33018
2019-06-11,259.65,262.8,259.65,262.17,62742
2019-06-12,260.28,261.54,259.02,261.54,17469
2019-06-13,259.65,261.54,259.02,259.02,30086
2019-06-16,259.02,259.02,254.61,254.61,44708
2019-06-17,254.61,255.87,253.35,253.98,42955
2019-06-18,253.98,255.24,252.72,253.35,24044
2019-06-19,253.35,254.61,252.09,254.61,23061
2019-06-20,257.76,257.76,253.98,255.87,11029
2019-06-23,255.24,256.5,253.98,255.24,6869
2019-06-24,253.98,260.28,253.98,259.02,37528
2019-06-25,260.28,262.8,259.02,262.17,25298
2019-06-26,263.43,263.43,259.65,260.28,17369
2019-06-27,260.28,260.28,258.39,260.28,18552
2019-06-30,260.28,260.28,255.87,256.5,11120
2019-07-01,257.13,257.13,254.61,255.24,12593
2019-07-02,254.61,260.28,254.61,258.39,21391
2019-07-03,257.13,261.54,256.5,260.91,24200
2019-07-04,261.54,261.54,258.39,259.02,16330
2019-07-07,257.13,258.39,256.5,257.13,30964
2019-07-08,258.39,258.39,255.24,255.87,29244
2019-07-09,258.39,256.5,252.72,255.24,9165
2019-07-10,255.24,256.5,253.35,256.5,26313
2019-07-11,256.5,258.39,255.24,255.24,19978
2019-07-14,255.87,259.02,255.24,255.87,10033
2019-07-15,255.87,257.13,255.24,255.87,9018
2019-07-16,268.47,268.47,255.87,257.76,8675
2019-07-17,257.13,263.43,257.13,262.8,29854
2019-07-18,260.28,266.58,260.28,263.43,20493
2019-07-21,260.91,262.8,259.02,260.91,14478
2019-07-22,260.91,264.06,260.91,262.17,19276
2019-07-23,263.43,274.14,263.43,274.14,105508
2019-07-24,274.14,274.14,269.73,272.88,61735
2019-07-25,272.88,273.51,269.1,270.99,97104
2019-07-28,266.58,270.36,265.95,267.84,96129
2019-07-29,267.84,270.99,267.84,269.1,35679
2019-07-30,268.47,271.62,268.47,270.36,31788
2019-07-31,265.95,272.88,265.95,271.62,42713
2019-08-01,274.77,274.77,270.36,270.99,37084
2019-08-04,270.36,276.03,267.21,275.4,68518
2019-08-05,272.88,275.4,271.62,272.88,44680
2019-08-06,277.92,278.55,270.99,272.25,196356
2019-08-07,268.47,276.66,268.47,274.14,56560
2019-08-08,274.14,274.14,270.36,271.62,34679
2019-08-11,270.99,271.62,269.73,270.99,25832
2019-08-12,272.88,272.88,270.36,271.62,20621
2019-08-13,271.62,275.4,269.73,269.73,17896
2019-08-14,268.47,270.99,267.84,270.36,13082
2019-08-15,269.1,272.88,267.84,270.99,36318
2019-08-18,270.99,272.88,270.36,270.99,36698
2019-08-19,271.62,273.51,270.36,271.62,38717
2019-08-20,271.62,272.25,269.1,269.1,17383
2019-08-21,267.84,270.99,267.84,270.36,20878
2019-08-22,270.36,270.99,267.84,269.73,28290
2019-08-25,266.58,269.1,266.58,269.1,20297
2019-08-26,270.99,270.99,267.84,267.84,16088
2019-08-27,267.84,270.36,267.21,268.47,14181
2019-08-28,267.21,269.1,267.21,267.84,21023
2019-08-29,269.1,269.1,266.58,268.47,11405
2019-09-01,269.73,269.73,265.32,265.32,17893
2019-09-02,267.21,267.21,260.91,262.8,43531
2019-09-03,261.54,268.47,259.65,267.21,36698
2019-09-04,267.84,270.36,264.69,268.47,22525
2019-09-05,267.84,269.1,267.84,267.84,15371
2019-09-08,269.1,269.1,265.32,265.95,8733
2019-09-09,267.84,267.84,262.17,263.43,19723
2019-09-10,262.17,264.06,262.17,263.43,21628
2019-09-11,262.8,264.69,262.17,263.43,22008
2019-09-12,263.43,264.69,262.17,262.17,27640
2019-09-15,261.54,263.43,260.28,260.28,18691
2019-09-16,260.28,260.91,257.13,257.13,23477
2019-09-17,258.39,263.43,258.39,263.43,22549
2019-09-18,264.69,266.58,264.06,266.58,28150
2019-09-19,261.54,267.84,260.28,260.28,22965
2019-09-22,260.28,261.54,259.65,260.91,14749
2019-09-23,260.28,261.54,259.65,260.91,17256
2019-09-24,259.02,259.65,258.39,259.65,8687
2019-09-26,259.65,259.65,257.76,258.39,13312
2019-09-29,258.39,263.43,256.5,263.43,23666
2019-09-30,259.65,261.54,259.02,261.54,9318
2019-10-01,259.65,263.43,259.65,262.8,11045
2019-10-02,262.8,262.8,259.02,259.02,3711
2019-10-03,261.54,263.43,261.54,262.17,3319
2019-10-10,260.28,261.54,259.65,261.54,1419
2019-10-14,261.54,261.54,257.76,258.39,15531
2019-10-15,259.65,262.17,258.39,260.28,34190
2019-10-16,261.54,261.54,259.65,260.91,10681
2019-10-17,261.54,262.17,259.65,260.91,15319
2019-10-20,259.65,260.91,259.02,260.28,11108
2019-10-21,259.65,261.54,259.02,259.65,13609
2019-10-22,259.02,260.28,257.76,259.02,7228
2019-10-23,261.54,262.17,259.02,260.28,2992
2019-10-24,261.54,262.17,259.65,260.91,9027
2019-10-31,261.54,262.8,258.39,260.28,4949
2019-11-03,259.65,260.28,258.39,259.65,4909
2019-11-04,260.91,260.91,258.39,260.28,13907
2019-11-05,261.54,262.17,260.28,262.17,12478
2019-11-06,261.54,262.8,261.54,261.54,16754
2019-11-07,262.8,262.8,260.91,261.54,18305
2019-11-10,260.91,264.06,258.39,264.06,11958
2019-11-11,260.91,265.32,260.91,265.32,3581
2019-11-12,267.84,267.84,260.91,262.8,12550
2019-11-13,260.91,262.8,260.28,262.17,23563
2019-11-14,262.17,262.8,261.54,262.8,18775
2019-11-17,264.69,266.58,258.39,261.54,11182
2019-11-18,261.54,263.43,261.54,263.43,52113
2019-11-19,264.69,264.69,261.54,262.17,21222
2019-11-20,261.54,263.43,261.54,262.17,12638
2019-11-21,263.43,263.43,257.13,259.65,9107
2019-11-24,257.76,258.39,254.61,254.61,14677
2019-11-25,255.24,259.65,254.61,257.76,5669
2019-11-26,258.39,258.39,253.35,255.24,11131
2019-11-27,253.98,257.76,253.98,257.76,5247
2019-11-28,257.76,257.76,254.61,254.61,5609
2019-12-01,255.24,255.24,253.35,254.61,5892
2019-12-02,254.61,255.24,252.09,253.98,17229
2019-12-03,252.72,253.98,252.72,252.72,6534
2019-12-04,252.72,255.87,252.72,255.24,11388
2019-12-05,255.24,256.5,253.98,255.24,6589
2019-12-08,255.87,257.76,253.98,257.76,6252
2019-12-09,257.13,261.54,254.61,259.02,10680
2019-12-10,258.39,263.43,255.87,261.54,67690
2019-12-11,262.17,263.43,260.91,260.91,13042
2019-12-12,261.54,261.54,257.76,259.65,21051
2019-12-15,259.65,262.17,259.02,260.28,8639
2019-12-16,261.54,261.54,255.87,255.87,9861
2019-12-17,255.24,258.39,255.24,256.5,6407
2019-12-18,255.24,258.39,255.24,255.87,9668
2019-12-19,254.61,256.5,253.98,254.61,5118
2019-12-22,256.5,260.91,256.5,259.65,13018
2019-12-23,260.91,260.91,256.5,259.65,20783
2019-12-24,261.54,262.17,259.65,260.28,19873
2019-12-25,259.65,261.54,259.65,260.91,31149
2019-12-26,260.91,262.8,260.28,262.8,103337
2019-12-29,257.86,257.86,244.5,247.17,20987
2019-12-30,246.5,246.5,241.16,243.83,8211
2019-12-31,243.83,244.5,241.16,244.5,8569
2020-01-01,243.16,245.17,239.82,245.17,7109
2020-01-02,245.17,245.83,239.82,239.82,6793
2020-01-05,240.49,243.16,240.49,242.49,11390
2020-01-06,243.83,248.51,243.83,247.84,26892
2020-01-07,250.51,251.18,247.17,249.17,9507
2020-01-08,248.51,249.17,246.5,246.5,10093
2020-01-09,246.5,246.5,242.49,243.83,11059
2020-01-12,247.84,249.17,244.5,247.84,15768
2020-01-13,249.84,255.19,249.84,253.18,39441
2020-01-14,250.51,253.85,250.51,252.51,11083
2020-01-15,257.19,257.86,252.51,257.86,22021
2020-01-16,259.86,265.87,257.86,261.2,30689
2020-01-19,263.87,265.87,261.87,264.54,37203
2020-01-20,268.55,271.89,257.86,259.86,50503
2020-01-21,264.54,265.21,257.19,259.86,20945
2020-01-22,263.87,263.87,255.85,257.86,13717
2020-01-23,260.53,260.53,253.85,255.19,11817
2020-01-26,253.18,256.52,248.51,248.51,16983
2020-01-27,245.83,258.53,245.83,258.53,23768
2020-01-28,258.53,259.86,253.85,257.86,14063
2020-01-29,253.85,258.53,253.18,256.52,8241
2020-01-30,257.19,259.19,255.85,256.52,10082
2020-02-02,256.52,261.87,255.85,260.53,25714
2020-02-03,261.2,263.87,259.19,259.19,22861
2020-02-04,261.87,264.54,257.19,257.86,32960
2020-02-05,260.53,260.53,255.19,257.19,12291
2020-02-06,255.85,260.53,255.19,257.19,11711
2020-02-09,255.19,256.52,253.85,254.52,11030
2020-02-10,255.19,257.19,251.85,253.85,14196
2020-02-11,257.86,260.53,255.19,257.19,13972
2020-02-12,261.87,261.87,255.85,259.19,34048
2020-02-13,257.86,259.19,253.85,256.52,20972
2020-02-16,257.19,260.53,255.85,260.53,29836
2020-02-17,261.87,267.88,260.53,264.54,42746
2020-02-18,268.55,272.55,263.87,265.21,41812
2020-02-19,269.88,269.88,263.2,265.21,17687
2020-02-20,265.21,267.21,263.87,265.87,25763
2020-02-23,268.55,291.26,268.55,287.92,130275
2020-02-24,287.92,300.61,283.91,288.59,104982
2020-02-25,291.26,291.26,277.9,290.59,48731
2020-02-26,293.26,302.62,291.93,302.62,88846
2020-02-27,297.27,316.64,293.93,311.97,110009
2020-03-01,311.97,317.31,300.61,301.95,86815
2020-03-02,297.27,301.95,280.57,280.57,52575
2020-03-03,280.57,297.27,260.53,283.91,83824
2020-03-04,280.57,283.91,273.89,277.9,59890
2020-03-05,272.55,277.9,267.21,270.55,51446
2020-03-10,265.21,265.21,253.85,253.85,44333
2020-03-11,252.51,271.89,252.51,271.22,73399
2020-03-12,271.22,273.89,260.53,265.21,66328
2020-03-15,260.53,263.2,252.51,255.19,67992
2020-03-16,253.85,261.2,247.84,255.19,34352
2020-03-17,253.18,253.85,247.17,252.51,45920
2020-03-18,247.84,257.19,241.16,247.17,50811
2020-03-19,245.17,257.19,240.49,251.18,34900
2020-03-22,246.5,251.18,241.83,245.83,5639
2020-05-12,241.16,241.16,238.49,238.49,470
2020-05-13,233.81,233.81,231.81,231.81,240
2020-06-29,227.8,227.8,209.09,219.78,12955
2020-06-30,215.77,235.15,213.77,233.81,4499
2020-07-01,233.81,256.52,233.81,253.85,16073
2020-07-02,255.19,263.2,229.13,230.47,13518
2020-07-05,233.81,243.83,230.47,237.82,29844
2020-07-06,233.14,245.83,233.14,243.83,25485
2020-07-07,247.17,253.18,245.17,249.84,16559
2020-07-08,250.51,250.51,241.83,245.83,15958
2020-07-09,243.83,247.84,240.49,245.83,10849
2020-07-12,247.17,251.85,245.83,250.51,20839
2020-07-13,250.51,255.19,249.17,250.51,38001
2020-07-14,250.51,252.51,248.51,250.51,9391
2020-07-15,251.18,259.19,251.18,257.19,34899
2020-07-16,259.86,270.55,259.86,267.21,49834
2020-07-19,272.55,288.59,272.55,288.59,90
2020-07-20,302.62,317.31,283.24,295.27,152858
2020-07-21,295.94,297.94,285.25,287.92,70227
2020-07-22,297.27,297.27,280.57,284.58,55050
2020-07-23,284.58,287.25,279.23,285.92,33121
2020-07-26,287.25,291.26,281.91,289.92,60056
2020-07-27,289.92,293.93,287.25,289.26,51602
2020-07-28,290.59,290.59,285.92,288.59,30474
2020-07-29,287.25,288.59,281.24,281.91,61718
2020-07-30,277.23,286.58,277.23,285.25,34944
2020-08-02,279.9,281.91,271.22,271.22,64556
2020-08-03,271.89,279.23,270.55,274.56,26260
2020-08-05,279.9,279.9,268.55,271.89,30060
2020-08-06,270.55,272.55,267.88,271.22,33954
2020-08-09,267.88,275.23,266.54,275.23,33276
2020-08-10,288.59,288.59,275.89,283.91,30437
2020-08-11,285.25,285.25,279.23,279.9,26345
2020-08-12,276.56,281.91,276.56,279.9,25454
2020-08-13,283.91,283.91,276.56,277.23,27971
2020-08-16,274.56,277.9,270.55,273.89,34679
2020-08-17,273.89,277.23,271.22,277.23,20840
2020-08-18,277.9,279.23,274.56,278.57,16446
2020-08-19,273.89,277.23,272.55,273.22,25812
2020-08-20,273.89,275.23,271.22,275.23,8351
2020-08-23,279.9,279.9,274.56,276.56,8109
2020-08-24,279.23,280.57,277.23,280.57,30112
2020-08-25,283.24,285.25,279.9,281.24,39774
2020-08-26,283.91,286.58,280.57,284.58,39150
2020-08-27,286.58,287.25,283.91,283.91,30360
2020-08-30,283.91,297.94,281.24,283.24,20137
2020-08-31,286.58,287.92,282.58,286.58,40437
2020-09-02,291.26,293.93,288.59,291.26,108553
2020-09-03,291.26,292.6,287.25,288.59,54999
2020-09-06,287.92,298.61,286.58,286.58,51535
2020-09-07,284.58,286.58,281.91,283.24,30894
2020-09-08,282.58,283.24,278.57,281.91,18591
2020-09-09,295.94,295.94,279.23,282.58,30486
2020-09-10,296.6,296.6,281.91,283.91,30353
2020-09-13,283.91,286.58,283.91,286.58,40426
2020-09-14,286.58,293.26,286.58,290.59,64709
2020-09-15,292.6,293.93,286.58,289.26,31509
2020-09-16,290.59,290.59,284.58,287.25,35281
2020-09-17,301.28,301.28,285.92,291.93,95389
2020-09-20,295.94,300.61,290.59,293.93,53218
2020-09-21,293.93,294.6,288.59,291.26,54729
2020-09-22,293.93,293.93,287.92,289.92,93124
2020-09-23,292.6,292.6,287.25,291.26,38716
2020-09-24,292.6,292.6,287.92,290.59,43273
2020-09-27,292.6,295.27,289.26,293.93,66164
2020-09-28,293.93,295.94,293.26,294.6,31645
2020-09-29,294.6,294.6,291.93,292.6,45801
2020-09-30,297.27,297.27,289.92,291.26,37898
2020-10-01,290.59,293.93,290.59,293.26,17254
2020-10-04,293.93,297.27,293.93,293.93,76534
2020-10-05,294.6,295.94,292.6,293.26,40920
2020-10-06,293.93,300.61,293.26,300.61,117064
2020-10-07,300.61,301.28,296.6,299.28,55530
2020-10-08,300.61,300.61,295.27,295.94,37815
2020-10-11,293.93,295.27,292.6,293.26,27787
2020-10-12,303.95,303.95,291.26,293.93,35458
2020-10-13,293.93,293.93,292.6,293.26,18523
2020-10-14,293.93,293.93,291.26,293.26,19883
2020-10-15,295.94,297.27,291.93,295.27,35904
2020-10-18,292.6,294.6,291.93,293.26,28101
2020-10-19,292.6,294.6,291.26,293.93,23746
2020-10-20,295.94,296.6,294.6,295.27,28155
2020-10-21,295.94,300.61,295.94,300.61,48986
2020-10-22,302.62,303.95,300.61,303.28,68836
2020-10-28,305.29,316.64,304.62,315.98,83397
2020-10-29,317.31,322.66,314.64,315.31,114747
2020-11-01,315.31,319.98,312.64,318.65,116363
2020-11-02,318.65,319.98,313.3,313.3,52560
2020-11-03,320.65,320.65,310.63,311.97,53871
2020-11-04,312.64,312.64,308.63,309.96,33667
2020-11-05,309.96,317.98,308.63,313.97,102758
2020-11-08,313.97,315.31,312.64,314.64,26833
2020-11-09,313.97,316.64,312.64,315.31,33751
2020-11-10,316.64,317.31,312.64,313.97,80125
2020-11-11,315.31,321.99,315.31,319.98,69277
2020-11-12,317.31,323.32,317.31,323.32,79435
2020-11-18,317.31,330.67,313.97,325.33,143816
2020-11-19,341.36,341.36,326.66,328.0,71429
2020-11-22,330.67,342.03,330.67,337.35,152285
2020-11-23,340.69,344.03,338.02,342.03,196565
2020-11-24,342.03,345.37,340.69,342.03,66020
2020-11-25,341.36,350.71,341.36,349.38,79838
2020-11-26,350.71,355.39,347.37,350.71,85540
2020-11-29,351.38,373.43,350.05,370.09,230701
2020-11-30,374.09,384.78,357.39,361.4,169861
2020-12-01,361.4,361.4,344.7,354.05,151300
2020-12-02,350.71,358.06,347.37,357.39,111044
2020-12-03,356.73,360.73,352.72,355.39,90643
2020-12-06,348.71,356.06,344.7,345.37,171129
2020-12-07,344.03,356.06,340.69,355.39,131127
2020-12-08,354.05,368.75,354.05,365.41,226073
2020-12-09,364.07,365.41,356.73,358.06,92328
2020-12-10,357.39,359.4,351.38,357.39,54470
2020-12-13,360.73,370.75,359.4,368.75,136826
2020-12-14,370.75,374.76,352.05,357.39,323130
2020-12-15,360.73,364.07,352.05,352.72,117229
2020-12-16,367.41,367.41,350.05,352.05,76542
2020-12-17,354.05,354.05,344.03,346.04,87068
2020-12-20,344.03,347.37,322.66,328.67,104545
2020-12-21,322.66,332.68,316.64,323.99,103564
2020-12-22,327.33,336.02,327.33,336.02,85171
2020-12-23,330.67,344.7,330.67,334.01,73410
2020-12-24,334.01,334.01,326.66,329.34,57679
2020-12-27,330.67,331.34,326.0,329.34,41700
2020-12-28,327.33,330.67,323.99,328.67,32570
2020-12-29,330.0,330.0,325.33,326.0,96176
2020-12-30,334.18,334.18,318.82,324.19,30138
2020-12-31,320.35,331.88,319.58,326.5,48740
2021-01-03,332.64,338.79,332.64,338.02,46462
2021-01-04,339.56,341.86,334.18,337.25,29054
2021-01-05,340.33,340.33,331.11,334.18,22837
2021-01-06,331.11,336.48,331.11,336.48,33745
2021-01-07,338.02,340.33,331.88,336.48,39177
2021-01-10,336.48,345.7,336.48,345.7,90717
2021-01-11,348.01,352.62,345.7,346.47,59076
2021-01-12,363.37,363.37,346.47,348.78,28076
2021-01-13,347.24,353.39,345.7,345.7,52729
2021-01-17,352.62,352.62,347.24,348.01,52720
2021-01-18,348.78,350.31,344.17,344.17,61879
2021-01-19,345.7,345.7,340.33,344.94,64531
2021-01-20,345.7,345.7,340.33,341.09,43511
2021-01-21,358.0,358.0,338.79,341.09,48043
2021-01-24,341.86,350.31,341.86,342.63,58964
2021-01-25,342.63,356.46,341.09,353.39,125936
2021-01-26,357.23,376.43,353.39,371.82,216204
2021-01-27,372.59,372.59,359.53,361.07,87784
2021-01-28,361.07,361.07,348.01,352.62,112245
2021-01-31,351.85,351.85,338.79,341.86,106833
2021-02-01,341.86,352.62,338.02,342.63,39012
2021-02-02,344.94,348.01,341.86,343.4,63651
2021-02-03,345.7,356.46,343.4,346.47,86928
2021-02-04,352.62,352.62,339.56,346.47,77015
2021-02-07,346.47,347.24,343.4,345.7,68729
2021-02-08,348.78,368.75,342.63,356.46,107995
2021-02-09,368.75,368.75,346.47,351.08,52134
2021-02-10,353.39,354.15,344.94,351.08,34799
2021-02-11,348.01,356.46,346.47,346.47,58376
2021-02-14,345.7,349.54,342.63,344.17,52654
2021-02-15,361.07,361.07,344.94,350.31,64582
2021-02-16,353.39,359.53,347.24,354.92,103729
2021-02-17,355.69,360.3,350.31,358.76,119712
2021-02-18,361.07,367.98,357.23,362.6,117240
2021-02-21,361.84,371.82,358.76,363.37,115833
2021-02-22,364.14,364.14,353.39,356.46,99940
2021-02-23,353.39,353.39,342.63,349.54,61301
2021-02-24,366.45,366.45,348.01,352.62,76992
2021-02-25,358.0,358.0,345.7,349.54,60468
2021-02-28,345.7,345.7,336.48,338.79,87385
2021-03-01,338.79,344.94,334.18,341.86,86938
2021-03-02,344.94,344.94,330.34,334.18,70484
2021-03-03,334.18,334.18,323.42,328.8,74820
2021-03-04,331.11,334.95,330.34,333.41,58945
2021-03-08,333.41,338.79,329.57,330.34,72363
2021-03-09,330.34,331.11,325.73,327.27,36121
2021-03-10,323.42,333.41,323.42,327.27,41639
2021-03-14,322.66,328.8,320.35,321.12,47505
2021-03-15,327.27,327.27,318.82,320.35,29309
2021-03-16,318.82,323.42,318.05,320.35,38698
2021-03-17,324.96,325.73,318.82,324.96,18916
2021-03-18,341.09,341.09,324.96,330.34,37568
2021-03-21,330.34,338.02,330.34,335.72,38957
2021-03-22,336.48,336.48,329.57,329.57,32906
2021-03-23,330.34,333.41,324.96,328.03,23070
2021-03-24,330.34,335.72,327.27,329.57,45332
2021-03-25,333.41,333.41,327.27,331.11,55859
2021-03-29,333.41,333.41,326.5,329.57,27514
2021-03-30,331.88,331.88,327.27,328.8,28165
2021-03-31,332.64,347.24,327.27,341.86,108531
2021-04-01,349.54,349.54,333.41,337.25,69742
2021-04-04,338.02,341.86,333.41,338.79,71522
2021-04-05,341.86,341.86,334.18,335.72,38063
2021-04-06,331.88,337.25,331.88,335.72,48766
2021-04-07,336.48,337.25,331.88,335.72,30237
2021-04-08,337.25,337.25,333.41,335.72,42866
2021-04-12,334.95,336.48,331.11,335.72,64341
2021-04-13,345.7,345.7,335.72,341.86,102443
2021-04-15,345.7,347.24,341.86,344.17,80699
2021-04-18,349.54,350.31,337.25,338.79,75807
2021-04-19,334.95,338.02,331.88,332.64,75119
2021-04-20,330.34,334.95,329.57,330.34,69148
2021-04-21,328.03,334.18,326.5,329.57,67723
2021-04-22,334.18,334.18,325.73,328.8,57567
2021-04-25,331.11,331.11,321.12,321.89,53306
2021-04-26,321.12,325.73,308.83,316.51,82121
2021-04-27,318.82,321.12,312.67,319.58,91231
2021-04-28,322.66,323.42,315.74,318.82,41259
2021-04-29,318.82,323.42,318.05,321.89,48621
2021-05-02,324.19,328.03,322.66,325.73,58954
2021-05-03,328.8,330.34,320.35,321.12,63178
2021-05-04,324.96,324.96,318.82,320.35,46355
2021-05-05,305.76,324.96,305.76,320.35,48809
2021-05-06,326.5,326.5,318.82,320.35,43509
2021-05-09,320.35,323.42,316.51,321.89,44803
2021-05-10,324.19,324.19,319.58,322.66,34550
2021-05-11,330.34,330.34,321.12,323.42,47979
2021-05-12,323.42,324.19,321.12,321.89,34976
2021-05-13,322.66,323.42,321.12,321.89,43764
2021-05-16,324.19,326.5,323.42,326.5,64623
2021-05-17,334.18,334.18,328.03,328.8,50942
2021-05-18,331.11,332.64,328.8,332.64,73076
2021-05-19,333.41,338.79,331.88,334.18,87374
2021-05-20,349.54,349.54,328.8,335.72,60345
2021-05-23,334.18,341.86,328.8,341.86,95466
2021-05-24,342.63,349.54,342.63,347.24,201509
2021-05-25,348.01,348.01,340.33,342.63,45800
2021-05-27,338.02,342.63,334.18,341.09,86267
2021-05-30,341.09,348.78,338.02,344.17,156823
2021-05-31,347.24,349.54,338.79,339.56,63529
2021-06-01,338.02,339.56,333.41,335.72,72507
2021-06-02,335.72,340.33,334.18,338.02,67701
2021-06-03,341.86,349.54,338.02,345.7,169456
2021-06-06,349.54,369.52,349.54,358.0,309217
2021-06-07,341.09,368.75,341.09,352.62,178135
2021-06-08,353.39,359.53,351.85,355.69,181070
2021-06-09,355.69,360.3,352.62,354.92,94004
2021-06-10,353.39,357.23,350.31,351.08,69384
2021-06-13,351.08,355.69,343.4,354.15,135433
2021-06-14,354.15,372.59,353.39,367.21,238183
2021-06-15,368.75,381.81,368.75,374.13,346796
2021-06-16,374.13,391.8,370.29,377.97,249556
2021-06-17,382.58,384.88,375.66,376.43,132336
2021-06-20,358.0,384.12,358.0,365.68,185371
2021-06-21,380.27,380.27,358.0,361.07,158267
2021-06-22,345.7,371.06,345.7,370.29,112308
2021-06-23,370.29,370.29,361.07,361.84,72529
2021-06-24,377.2,377.2,357.23,370.29,168916
2021-06-27,365.68,384.12,365.68,378.74,165483
2021-06-28,397.17,397.17,377.2,381.81,183885
2021-06-29,384.12,386.42,370.29,372.59,73114
2021-06-30,365.68,371.82,362.6,370.29,49724
2021-07-01,351.85,377.2,351.85,371.82,97084
2021-07-04,371.82,374.13,364.91,366.45,54096
2021-07-05,366.45,371.82,361.84,365.68,37585
2021-07-06,364.91,366.45,361.07,363.37,44597
2021-07-07,370.29,370.29,361.84,361.84,77933
2021-07-08,362.6,368.75,361.07,366.45,51483
2021-07-11,367.21,374.9,366.45,374.9,63968
2021-07-12,376.43,379.51,367.21,368.75,69957
2021-07-13,363.37,371.06,363.37,369.52,64679
2021-07-14,374.9,374.9,366.45,367.98,40531
2021-07-15,368.75,370.29,365.68,367.98,59702
2021-07-18,367.98,391.8,367.98,390.26,199269
2021-07-19,395.64,403.55,391.03,393.33,298032
2021-07-20,393.33,419.22,388.72,418.69,428610
2021-07-22,426.37,460.55,422.6,451.72,800592
2021-07-25,460.71,465.39,447.11,458.63,400066
2021-07-26,455.56,458.63,441.73,444.81,564272
2021-07-27,437.89,449.41,427.9,441.73,308307
2021-07-28,441.73,447.11,436.35,437.89,130006
2021-07-29,441.73,441.73,430.21,438.66,107729
2021-08-01,441.73,442.5,434.05,436.35,134087
2021-08-02,434.05,441.66,434.05,440.2,90713
2021-08-03,441.73,447.88,438.74,445.57,98770
2021-08-04,454.48,454.48,443.42,447.49,117917
2021-08-05,447.88,450.95,444.04,445.57,128975
2021-08-08,446.34,450.18,445.57,446.34,106350
2021-08-09,450.18,450.18,442.5,445.57,98808
2021-08-10,453.26,459.4,441.73,455.56,164275
2021-08-11,464.63,476.3,451.72,452.49,332172
2021-08-12,452.49,460.17,451.72,455.64,207792
2021-08-15,464.01,464.7,449.41,456.33,246363
2021-08-16,460.94,460.94,451.1,453.26,178209
2021-08-17,449.41,456.33,447.19,448.57,119069
2021-08-18,447.11,460.94,441.73,457.1,203897
2021-08-19,457.87,460.94,453.26,453.64,155462
2021-08-24,457.1,457.1,444.04,445.57,84503
2021-08-25,442.5,444.19,436.51,437.28,81382
2021-08-26,437.12,440.96,434.05,437.89,73544
2021-08-29,437.89,444.81,429.21,429.44,74915
2021-08-31,426.37,427.14,414.84,417.92,99639
2021-09-01,417.92,425.6,413.31,421.37,93937
2021-09-02,420.99,426.37,415.07,420.22,64932
2021-09-05,414.08,416.38,397.25,406.39,118899
2021-09-06,406.39,426.37,398.79,426.37,80904
2021-09-07,426.37,426.37,417.92,417.92,39266
2021-09-08,418.22,418.22,407.16,411.0,37797
2021-09-09,413.31,417.15,407.16,411.23,37249
2021-09-12,411.0,417.92,411.0,414.08,49372
2021-09-13,420.99,424.83,414.84,419.45,61708
2021-09-14,422.53,424.06,414.84,420.22,50050
2021-09-15,420.22,420.22,411.0,411.77,51866
2021-09-16,411.0,411.0,395.64,399.63,84511
2021-09-20,403.32,404.09,386.42,390.18,112904
2021-09-21,384.12,397.94,377.97,389.49,80684
2021-09-22,397.17,411.0,391.8,406.39,61892
2021-09-23,414.46,429.44,408.7,418.69,113896
2021-09-26,426.91,430.21,411.77,414.84,80063
2021-09-27,414.08,414.08,395.64,401.78,71015
2021-09-28,403.32,403.32,388.72,391.03,65077
2021-09-29,391.8,393.33,380.2,393.33,78586
2021-09-30,395.64,397.17,387.96,390.26,48902
2021-10-03,390.26,390.26,382.58,382.58,62039
2021-10-04,382.58,385.65,377.2,381.81,54880
2021-10-05,380.27,389.49,377.97,387.19,55864
2021-10-06,394.87,395.56,384.12,388.72,39844
2021-10-10,388.72,402.55,387.96,391.41,51759
2021-10-11,391.03,392.49,384.12,391.03,26076
2021-10-17,391.03,395.56,387.96,390.18,13824
2021-10-18,390.26,390.26,379.66,381.04,38949
2021-10-19,385.65,385.65,370.29,378.74,42712
2021-10-20,386.27,397.25,377.97,387.03,28247
2021-10-21,379.51,387.96,379.51,384.27,30079
2021-10-24,384.88,387.96,377.97,386.42,39448
2021-10-25,387.19,394.1,383.35,393.33,47523
2021-10-26,399.48,403.32,394.1,403.32,60461
2021-10-27,404.86,429.06,396.41,423.29,193472
2021-10-28,426.37,430.21,413.31,413.31,91581
2021-10-31,407.16,417.92,402.55,408.7,75090
2021-11-01,400.56,411.0,399.48,400.25,66975
2021-11-02,400.25,407.09,395.64,406.01,30675
2021-11-03,414.08,421.76,409.47,417.07,103451
2021-11-08,417.15,417.92,405.63,405.63,27478
2021-11-09,405.7,407.16,393.33,395.64,53120
2021-11-11,393.33,399.48,384.12,389.49,68078
2021-11-14,386.42,391.8,381.81,390.95,36575
2021-11-15,391.8,395.56,388.72,389.11,27116
2021-11-16,389.49,394.1,384.12,390.26,48725
2021-11-17,397.94,397.94,390.41,394.03,47611
2021-11-18,386.5,392.57,386.5,390.41,19692
2021-11-21,390.26,391.8,386.04,387.19,39307
2021-11-22,387.19,391.03,386.42,387.34,20171
2021-11-23,384.12,387.96,380.27,381.89,36868
2021-11-24,381.81,383.27,380.35,380.97,36718
2021-11-25,381.04,383.73,377.2,380.27,40312
2021-11-28,377.2,380.27,361.07,365.68,64115
2021-11-29,361.84,371.06,360.3,366.83,25152
2021-11-30,364.14,368.75,359.53,363.37,35963
2021-12-01,362.6,364.91,361.07,363.37,28814
2021-12-02,364.91,366.37,358.76,358.76,37874
2021-12-05,354.15,357.23,341.09,342.63,68193
2021-12-06,342.63,352.62,330.34,346.47,68814
2021-12-07,347.32,351.0,344.17,344.17,28400
2021-12-08,341.86,341.86,335.72,338.79,27135
2021-12-09,338.02,338.02,330.34,337.25,40348
2021-12-12,335.72,338.79,323.42,323.42,32738
2021-12-13,323.42,323.96,311.98,323.42,50626
2021-12-14,329.57,338.02,323.04,335.72,12873
2021-12-15,341.86,348.01,330.34,334.18,34320
2021-12-16,334.18,338.79,330.42,338.79,42355
2021-12-20,345.55,362.53,345.55,355.69,203606
2021-12-21,362.68,362.76,352.39,359.53,89845
2021-12-22,364.91,374.9,359.53,373.36,91095
2021-12-23,380.2,381.81,369.52,381.04,77234
2021-12-26,383.42,385.65,380.27,384.12,130801
2021-12-27,391.8,391.8,377.2,378.74,88858
2021-12-28,378.74,382.58,374.9,379.51,91046
2021-12-29,383.35,383.35,374.9,377.97,200533
2022-01-02,377.97,379.81,368.84,378.89,78818
2022-01-03,383.5,385.34,379.81,382.58,35929
2022-01-04,389.03,390.88,377.97,389.03,52990
2022-01-05,392.72,396.41,385.34,386.27,45591
2022-01-06,387.19,389.03,383.04,388.11,37485
2022-01-09,390.88,400.09,387.19,397.33,79470
2022-01-10,401.02,403.32,393.64,395.48,70123
2022-01-11,395.95,399.08,392.81,395.39,41350
2022-01-12,401.02,401.02,389.03,390.88,39598
2022-01-13,388.57,393.55,388.57,393.55,37250
2022-01-16,393.55,402.86,396.5,401.02,63396
2022-01-17,406.55,407.47,401.02,406.55,50102
2022-01-18,406.55,413.0,402.77,405.63,95284
2022-01-19,405.63,407.47,393.0,399.17,60921
2022-01-20,396.41,401.02,394.1,399.17,41039
2022-01-23,405.63,406.55,394.56,396.59,42972
2022-01-24,400.09,400.09,385.34,389.03,67946
2022-01-25,387.19,391.8,382.58,387.1,51430
2022-01-26,387.19,387.19,382.58,383.87,27790
2022-01-27,382.58,389.95,382.58,384.42,21775
2022-01-30,391.8,398.25,387.28,391.52,39524
2022-01-31,392.72,392.72,388.29,389.03,20348
2022-02-01,387.19,390.88,385.34,389.95,33761
2022-02-03,391.8,391.8,387.19,387.74,47402
2022-02-06,385.34,389.03,384.42,385.34,33404
2022-02-07,383.96,389.95,383.59,384.42,26388
2022-02-08,389.95,391.8,383.5,384.42,33948
2022-02-09,384.42,385.34,380.73,383.04,16231
2022-02-10,389.03,389.03,380.73,382.12,20035
2022-02-13,374.56,381.66,373.36,373.82,42697
2022-02-14,373.36,377.97,371.52,372.44,24705
2022-02-15,373.36,377.97,371.7,375.2,36803
2022-02-16,382.58,382.58,374.28,375.11,17607
2022-02-17,382.58,382.58,371.98,373.36,18795
2022-02-20,368.75,370.59,364.14,367.83,35466
2022-02-21,368.75,373.36,366.91,370.59,27798
2022-02-22,370.59,376.13,370.59,373.18,15662
2022-02-23,374.19,374.28,368.66,368.75,35048
2022-02-24,369.67,369.67,361.38,365.98,33591
2022-02-27,365.98,366.26,360.55,364.14,29411
2022-02-28,364.14,370.5,357.69,359.53,66116
2022-03-02,357.69,359.53,348.47,350.31,63480
2022-03-06,348.93,354.46,348.93,351.14,31906
2022-03-07,352.16,356.77,352.16,354.92,21937
2022-03-09,358.61,359.53,351.33,353.91,20104
2022-03-10,353.08,356.67,350.31,356.31,28256
2022-03-13,359.53,371.52,356.31,371.52,56207
2022-03-14,377.05,378.89,364.14,370.59,43377
2022-03-15,373.36,373.36,364.14,367.83,36194
2022-03-16,367.83,368.75,365.06,365.25,20680
2022-03-20,368.75,370.59,361.38,365.62,22115
2022-03-21,370.59,370.59,360.45,364.69,18867
2022-03-22,364.69,368.2,364.14,366.91,20056
2022-03-23,374.19,374.19,361.38,364.14,14248
2022-03-24,363.68,364.14,361.38,362.3,24489
2022-03-27,362.3,363.22,357.69,357.78,20877
2022-03-28,355.48,359.53,354.0,355.84,22843
2022-03-29,351.23,359.16,349.39,353.91,18020
2022-03-30,353.08,357.69,351.23,354.92,19953
2022-03-31,356.77,357.69,353.08,354.09,16460
2022-04-03,354.09,354.92,349.02,350.77,21505
2022-04-04,345.7,352.16,345.7,349.39,44329
2022-04-05,354.92,354.92,342.48,347.36,28851
2022-04-06,344.78,348.47,336.48,338.24,40684
2022-04-07,336.21,345.7,336.21,343.86,22876
2022-04-11,343.86,352.16,337.5,338.33,27160
2022-04-12,335.19,344.14,335.19,335.38,12556
2022-04-13,335.56,340.17,335.56,338.33,29290
2022-04-17,341.09,346.63,339.25,342.02,20608
2022-04-18,341.09,344.78,338.33,341.0,15159
2022-04-19,340.17,342.94,330.68,342.02,19684
2022-04-20,343.86,348.47,338.33,341.09,16063
2022-04-21,341.09,341.09,334.64,341.09,14989
2022-04-24,342.02,347.55,338.33,347.18,22222
2022-04-25,350.31,354.0,345.7,348.47,15248
2022-04-26,344.78,347.55,342.48,343.86,11521
2022-04-27,341.09,342.02,339.25,342.02,12344
2022-04-28,348.47,348.47,338.42,340.17,26491
2022-05-02,338.33,338.33,335.19,335.56,15384
2022-05-04,335.56,337.41,331.88,332.8,12602
2022-05-05,332.8,336.48,328.19,328.46,14718
2022-05-08,328.46,328.46,324.5,326.81,20085
2022-05-09,331.88,338.33,327.27,336.48,16600
2022-05-10,342.94,348.19,336.48,348.19,13260
2022-05-11,348.47,354.0,342.02,354.0,17055
2022-05-12,354.0,358.61,349.39,350.22,13959
2022-05-17,353.08,353.08,336.48,337.41,10299
2022-05-18,340.17,340.17,333.72,337.41,8992
2022-05-19,337.41,343.86,336.12,337.22,7073
2022-05-20,337.41,337.41,331.88,335.56,5095
2022-05-23,342.02,342.02,330.58,331.88,15982
2022-05-24,326.34,337.41,325.42,333.72,10269
2022-05-25,333.72,336.48,331.88,334.64,17122
2022-05-26,334.64,338.33,332.8,338.33,12109
2022-05-27,338.33,338.33,334.64,336.39,10347
2022-05-30,338.33,338.33,328.37,329.11,12409
2022-05-31,327.27,327.27,320.91,324.5,14454
2022-06-01,326.34,328.19,322.66,324.5,10455
2022-06-02,324.5,325.42,320.91,322.66,16073
2022-06-03,316.3,324.5,316.3,316.66,18065
2022-06-06,318.05,318.51,311.59,316.2,20851
2022-06-07,313.44,318.05,297.4,303.21,49886
2022-06-08,305.14,310.67,303.48,307.91,27291
2022-06-09,308.83,313.99,307.17,308.83,15288
2022-06-10,313.35,313.35,300.53,309.38,8784
2022-06-13,309.38,313.44,306.06,306.06,9837
2022-06-14,304.22,308.83,302.74,302.84,11543
2022-06-15,303.3,303.3,297.77,301.45,11386
2022-06-16,299.61,304.22,294.26,295.92,28991
2022-06-17,301.45,301.45,294.54,294.91,7331
2022-06-19,299.61,299.61,290.48,293.16,13101
2022-06-20,289.47,293.16,282.19,286.33,25115
2022-06-21,284.86,291.31,283.94,286.7,26282
2022-06-22,290.39,290.39,280.25,285.78,37679
2022-06-23,284.86,285.78,276.75,281.17,43832
2022-06-24,281.17,285.78,274.72,284.86,12201
2022-06-26,289.47,292.23,283.75,290.48,39098
2022-06-27,291.22,295.92,288.55,289.47,22811
2022-06-28,285.59,307.08,283.94,304.22,21480
2022-06-29,304.22,304.22,289.47,300.99,20955
2022-06-30,304.22,306.06,299.61,304.68,33598
2022-07-01,310.58,310.58,299.98,300.53,14504
2022-07-03,300.53,304.22,299.06,301.45,21180
2022-07-04,304.22,311.59,303.3,303.3,47200
2022-07-05,304.22,308.83,299.61,304.13,35848
2022-07-06,308.74,308.74,293.16,302.38,19649
2022-07-07,304.22,307.91,299.61,304.22,22802
2022-07-08,304.22,304.22,295.0,297.77,6386
2022-07-11,293.16,295.0,285.78,287.99,31001
2022-07-12,287.99,293.71,281.91,285.78,46072
2022-07-13,291.31,291.31,284.86,288.18,28378
2022-07-14,293.16,299.52,289.47,299.52,129060
2022-07-15,299.61,306.98,297.77,305.14,23305
2022-07-17,305.14,306.98,302.56,306.98,13768
2022-07-18,305.23,306.98,301.45,306.98,30494
2022-07-19,309.75,311.59,305.79,306.25,48655
2022-07-20,305.14,306.06,303.3,304.22,9519
2022-07-21,310.3,310.3,299.61,300.53,33924
2022-07-22,306.16,306.16,295.0,295.0,73821
2022-07-24,300.53,304.22,293.16,299.61,34052
2022-07-25,299.61,308.83,299.61,305.97,22249
2022-07-26,304.22,307.91,301.45,302.28,28310
2022-07-27,302.38,303.3,299.61,303.3,15694
2022-07-28,304.22,304.68,301.45,303.48,25355
2022-07-29,307.45,307.81,300.53,303.3,10688
2022-07-31,309.29,309.29,303.3,308.74,52879
2022-08-01,312.52,316.85,307.08,310.67,29020
2022-08-02,311.5,311.59,306.06,308.83,16845
2022-08-03,310.67,312.52,305.14,305.97,24591
2022-08-04,304.22,309.75,301.36,301.64,53722
2022-08-05,301.45,306.98,295.74,300.53,15314
2022-08-07,301.45,302.38,295.0,298.69,25006
2022-08-08,297.77,303.21,296.84,298.69,17323
2022-08-09,304.5,304.5,294.17,295.0,16292
2022-08-10,299.61,300.44,291.41,294.08,13511
2022-08-11,296.75,297.67,293.16,294.91,14796
2022-08-14,293.16,298.6,292.33,292.33,12706
2022-08-15,296.84,299.61,293.16,299.61,14532
2022-08-16,299.52,302.38,295.92,297.67,17914
2022-08-17,295.92,297.77,294.08,295.0,11949
2022-08-18,296.84,299.61,295.92,297.77,17718
2022-08-21,297.77,304.22,297.77,304.22,27475
2022-08-22,298.13,304.22,298.13,302.38,14918
2022-08-23,301.45,304.22,300.53,302.84,10216
2022-08-24,306.8,308.83,303.39,304.68,19675
2022-08-25,310.76,310.76,303.3,304.22,16629
2022-08-26,304.13,305.6,299.61,300.16,7870
2022-08-28,299.61,299.61,295.92,297.31,17936
2022-08-29,299.61,299.61,293.25,296.75,13656
2022-08-30,302.65,302.65,295.92,296.94,11139
2022-08-31,295.0,299.52,295.0,295.65,13331
2022-09-01,295.0,297.77,293.16,295.92,12572
2022-09-02,301.82,301.82,293.16,295.0,3734
2022-09-04,294.08,299.61,294.08,295.92,7380
2022-09-05,295.92,298.69,295.0,296.29,11229
2022-09-06,295.46,298.69,295.46,295.92,13240
2022-09-07,295.0,295.0,292.97,294.82,12342
2022-09-08,293.16,295.92,293.16,294.08,11069
2022-09-11,295.0,295.92,289.19,289.47,24584
2022-09-12,295.18,301.08,287.63,289.47,13529
2022-09-13,290.39,293.16,285.78,291.5,12273
2022-09-14,295.0,297.31,291.31,295.92,23829
2022-09-15,299.61,299.61,290.39,291.31,16374
2022-09-16,288.55,290.39,284.86,290.39,11315
2022-09-18,296.2,296.2,285.78,289.47,11440
2022-09-20,286.7,287.63,279.33,281.26,17004
2022-09-21,277.48,287.53,277.48,283.02,8026
2022-09-22,285.78,288.46,279.79,281.17,13150
2022-09-25,285.78,285.78,276.56,280.25,13739
2022-09-27,281.17,285.78,280.25,282.19,10558
2022-09-28,281.17,286.7,281.17,286.24,8119
2022-09-29,286.33,291.31,281.17,291.31,9610
2022-10-09,291.31,295.92,290.39,295.46,15873
2022-10-10,299.52,299.52,290.39,291.31,13000
2022-10-11,291.31,291.31,285.78,291.31,4458
2022-10-12,291.31,294.82,285.78,292.23,24496
2022-10-13,292.23,295.92,285.78,291.22,44417
2022-10-16,289.47,292.23,288.64,291.31,12032
2022-10-17,290.39,295.92,288.55,289.01,16317
2022-10-19,289.47,290.39,287.07,288.55,11518
2022-10-20,288.55,292.23,285.78,291.31,12755
2022-10-23,295.0,295.0,287.63,293.06,17351
2022-10-31,294.08,297.77,287.63,292.7,13157
2022-11-01,292.7,299.61,289.01,298.69,35973
2022-11-02,298.78,303.3,296.84,298.69,19128
2022-11-03,298.69,300.53,293.16,294.08,12711
2022-11-06,294.08,297.77,288.55,296.84,16955
2022-11-07,299.61,299.61,294.08,295.92,24381
2022-11-08,295.0,296.84,293.16,295.92,9278
2022-11-09,295.0,299.52,291.31,291.77,15234
2022-11-10,297.58,297.58,287.44,289.47,15742
2022-11-13,289.47,291.31,286.8,287.35,11950
2022-11-14,285.87,289.84,285.78,286.7,15187
2022-11-15,292.42,298.23,287.63,290.39,8337
2022-11-16,292.23,292.23,289.47,289.93,13463
2022-11-17,290.39,295.0,290.39,294.54,17607
2022-11-22,295.0,296.84,291.31,294.08,8935
2022-11-23,295.0,295.0,291.41,292.23,9236
2022-11-24,292.23,294.91,290.39,294.08,6331
2022-11-27,299.61,299.89,291.31,291.77,25216
2022-11-28,290.39,295.0,287.72,287.72,30870
2022-11-29,287.63,293.06,287.35,289.75,12352
2022-11-30,289.84,294.54,289.47,292.23,7447
2022-12-01,296.84,296.84,290.39,293.16,9580
2022-12-04,295.0,295.0,289.47,292.23,25605
2022-12-05,291.41,291.41,288.55,290.39,11332
2022-12-06,287.63,290.76,286.8,287.35,16382
2022-12-07,287.63,290.39,283.94,284.86,25574
2022-12-11,283.94,284.86,281.36,283.48,9650
2022-12-12,283.02,288.55,283.02,285.78,9970
2022-12-13,285.78,290.11,285.78,288.09,6355
2022-12-14,290.39,290.39,286.7,286.8,156925
2022-12-15,287.63,288.55,284.86,285.78,14709
2022-12-18,291.5,291.5,278.5,282.09,201937
2022-12-19,282.09,286.7,281.17,283.02,8067
2022-12-20,284.86,285.78,281.17,281.36,13973
2022-12-21,279.13,284.58,277.58,283.66,31483
2022-12-22,285.78,285.78,278.41,282.92,15590
2022-12-26,285.78,290.39,284.58,290.39,21883
2022-12-27,295.92,299.61,295.0,298.04,51610
2022-12-28,297.77,297.77,292.42,297.21,19569
2022-12-29,299.61,303.11,293.71,302.38,25822
2023-01-01,308.37,310.3,299.61,300.53,39484
2023-01-02,300.53,303.76,294.54,300.53,25571
2023-01-03,306.06,306.52,300.53,303.3,42776
2023-01-04,306.06,308.83,303.3,308.37,47144
2023-01-05,313.44,315.28,307.45,315.28,53538
2023-01-08,319.71,319.71,311.78,313.44,92031
2023-01-09,313.44,321.73,309.01,318.97,105273
2023-01-10,313.44,328.0,304.22,313.44,248684
2023-01-12,313.44,322.1,304.22,304.4,67648
2023-01-17,303.3,305.14,299.61,302.38,62496
2023-01-18,302.38,305.14,298.13,298.69,40481
2023-01-19,298.69,302.38,296.94,298.69,37215
2023-01-23,292.79,295.0,283.94,287.72,126466
2023-01-24,287.63,293.16,282.19,283.94,79173
2023-01-25,288.55,289.47,284.4,286.89,34199
2023-01-26,290.39,290.39,283.94,283.94,31528
2023-01-29,283.94,285.78,281.26,281.26,37956
2023-01-30,281.63,283.94,278.87,279.05,66765
2023-01-31,278.41,283.94,276.66,277.48,32832
2023-02-01,283.02,283.02,275.64,276.56,45514
2023-02-02,276.56,280.25,275.09,275.18,32404
2023-02-05,280.62,280.62,274.26,274.72,34791
2023-02-06,276.56,276.56,273.8,274.72,21360
2023-02-07,276.56,282.0,275.64,280.62,41141
2023-02-08,283.94,287.81,281.45,283.02,66790
2023-02-09,282.09,285.69,281.17,283.94,29687
2023-02-12,287.63,287.63,276.56,276.75,28593
2023-02-14,276.56,278.41,274.72,275.18,22019
2023-02-15,276.56,276.56,272.88,272.97,37344
2023-02-16,267.53,274.72,267.53,271.95,23137
2023-02-20,269.19,273.8,268.36,270.11,25304
2023-02-22,270.11,278.41,270.11,271.03,26153
2023-02-23,272.88,272.88,266.42,266.51,41640
2023-02-26,267.34,267.34,258.13,263.66,32146
2023-02-27,264.3,269.19,260.89,262.73,23893
2023-02-28,267.34,267.34,261.81,262.73,18954
2023-03-01,266.79,266.79,259.05,259.97,18727
2023-03-02,258.31,259.14,256.83,257.48,17392
2023-03-05,262.46,262.55,259.32,261.72,37017
2023-03-07,262.73,268.27,259.97,268.27,34653
2023-03-09,270.11,279.33,268.63,278.41,45885
2023-03-12,281.17,283.66,272.97,275.18,44726
2023-03-13,275.64,277.3,271.49,275.64,69587
2023-03-14,281.15,281.15,262.35,264.89,36492
2023-03-15,265.17,266.01,254.92,255.77,35903
2023-03-16,252.0,252.47,243.64,245.89,59597
2023-03-19,248.71,248.71,242.6,242.79,21040
2023-03-20,242.79,247.11,240.81,242.6,13799
2023-03-22,247.4,247.4,240.81,241.19,20447
2023-03-23,238.84,241.66,236.96,238.84,17649
2023-03-26,238.84,238.84,232.26,233.2,30751
2023-03-27,233.2,235.08,227.56,230.28,39301
2023-03-28,229.44,233.67,228.59,232.54,20785
2023-03-29,230.38,234.89,229.44,231.32,10613
2023-03-30,229.44,233.86,229.44,229.91,12174
2023-04-02,229.91,234.42,226.62,227.56,14559
2023-04-03,225.68,227.56,223.79,225.68,13807
2023-04-04,222.85,225.58,221.91,225.58,20737
2023-04-05,226.62,226.62,222.85,225.68,16295
2023-04-06,229.44,229.44,223.98,224.73,12283
2023-04-09,224.73,224.73,220.03,220.03,18981
2023-04-10,220.03,220.97,216.27,218.25,19230
2023-04-11,222.57,226.62,219.09,223.79,16466
2023-04-12,227.56,236.02,225.77,236.02,31877
2023-04-13,240.72,241.66,231.32,231.32,13846
2023-04-16,233.2,240.63,231.22,232.73,16060
2023-04-17,230.47,233.2,227.56,227.65,15770
2023-04-18,225.68,227.56,223.79,225.68,15338
2023-04-19,227.56,228.5,222.1,224.73,16398
2023-04-20,223.32,229.15,222.95,224.73,30269
2023-04-23,220.97,224.36,216.74,219.56,14775
2023-04-24,219.56,222.85,218.25,220.03,12092
2023-04-25,220.97,223.79,219.19,223.23,12005
2023-04-26,220.03,225.58,219.56,221.44,16448
2023-04-27,221.91,224.17,219.09,220.41,16190
2023-04-30,216.74,220.97,216.46,219.09,10469
2023-05-02,216.27,222.85,216.27,220.88,13032
2023-05-03,218.15,220.97,217.4,219.19,11916
2023-05-04,220.97,220.97,214.39,219.94,41732
2023-05-07,217.21,220.97,216.37,218.15,8889
2023-05-08,214.02,220.03,214.02,215.52,13142
2023-05-09,214.39,219.75,212.98,217.12,5054
2023-05-10,216.27,220.6,216.27,216.27,7179
2023-05-11,216.37,224.73,211.57,224.73,39101
2023-05-14,224.73,224.73,211.1,213.45,69971
2023-05-15,213.45,216.27,211.57,214.39,7186
2023-05-16,213.45,215.8,213.45,214.86,7257
2023-05-17,214.86,218.15,213.45,215.33,10606
2023-05-18,219.09,219.09,215.33,217.21,16253
2023-05-21,220.88,220.97,216.27,216.27,15468
2023-05-22,216.27,218.15,215.43,216.27,12210
2023-05-23,216.27,220.03,215.52,219.19,33102
2023-05-24,219.09,222.95,214.96,220.03,14945
2023-05-28,220.97,223.79,216.55,218.15,69398
2023-05-30,218.15,220.03,214.39,214.39,22898
2023-05-31,218.15,218.15,210.63,211.57,33715
2023-06-01,211.57,216.27,211.57,213.45,21938
2023-06-04,213.45,218.62,213.45,215.8,22179
2023-06-05,216.27,219.47,213.92,214.39,16703
2023-06-06,216.27,216.27,212.6,214.39,15859
2023-06-07,213.45,217.68,213.45,214.49,19984
2023-06-08,217.12,217.21,212.98,214.39,20562
2023-06-11,214.39,216.27,212.51,214.49,24092
2023-06-12,215.33,220.03,215.33,216.27,34741
2023-06-13,216.27,220.5,214.39,217.21,34769
2023-06-14,219.09,221.91,217.49,219.09,28078
2023-06-15,220.97,220.97,216.27,217.21,15875
2023-06-18,220.97,220.97,215.43,218.15,31348
2023-06-19,218.15,219.09,215.71,216.27,28445
2023-06-20,217.68,220.03,216.27,216.27,24757
2023-06-21,220.6,220.6,214.39,215.33,27190
2023-06-22,219.56,219.56,212.98,214.39,25728
2023-06-25,212.51,216.27,212.51,214.39,55988
2023-06-26,216.27,219.66,213.17,216.18,54335
2023-06-27,219.94,223.23,216.27,223.23,75381
2023-06-28,227.65,232.16,222.01,222.38,64742
2023-07-02,225.68,225.68,217.96,218.62,40449
2023-07-03,217.31,221.82,215.33,217.02,45071
2023-07-04,215.43,220.97,215.33,220.03,36910
2023-07-05,218.15,220.97,216.46,219.09,23932
2023-07-06,216.18,218.15,214.39,215.33,26895
2023-07-09,215.33,220.5,214.39,216.27,19087
2023-07-10,220.6,220.6,215.43,216.27,20809
2023-07-11,219.09,219.09,214.96,214.96,28173
2023-07-12,215.33,216.27,214.49,214.49,21029
2023-07-13,218.62,218.62,214.58,214.58,31352
2023-07-16,218.06,220.03,214.39,219.94,46266
2023-07-17,220.03,226.33,218.25,225.68,39477
2023-07-18,229.44,233.2,226.8,232.26,74737
2023-07-19,233.2,244.39,228.5,243.35,109807
2023-07-20,246.36,246.36,236.96,239.78,50631
2023-07-23,239.78,258.59,237.9,251.06,95198
2023-07-24,248.24,257.65,241.47,244.48,94779
2023-07-25,244.48,246.36,232.26,234.14,76633
2023-07-26,237.9,242.6,231.32,236.02,48886
2023-07-27,239.78,239.78,233.39,235.08,30072
2023-07-30,235.08,239.78,231.32,232.07,18263
2023-07-31,236.02,236.96,231.69,232.26,13082
2023-08-01,231.41,234.8,229.44,229.44,24677
2023-08-02,227.56,235.08,227.56,235.08,31501
2023-08-03,238.84,239.5,233.48,233.48,30989
2023-08-06,238.09,256.8,238.09,249.18,277818
2023-08-07,244.48,249.0,240.72,242.6,86650
2023-08-08,241.75,245.42,239.78,242.51,27802
2023-08-09,241.66,242.6,236.96,242.6,42358
2023-08-10,245.42,246.36,240.72,244.48,23004
2023-08-13,246.36,250.12,242.6,248.24,76591
2023-08-14,252.94,254.82,248.24,251.35,56788
2023-08-15,252.0,254.82,246.64,247.3,36592
2023-08-16,246.36,249.18,244.58,245.8,19294
2023-08-17,249.09,249.09,245.42,246.27,18286
2023-08-20,246.27,249.18,243.54,244.48,19605
2023-08-21,248.05,248.05,244.48,245.23,21850
2023-08-22,246.27,247.3,242.6,247.3,17678
2023-08-23,244.58,249.18,244.58,247.3,19743
2023-08-24,245.42,248.24,244.48,244.58,22080
2023-08-27,243.54,245.42,241.38,241.66,16373
2023-08-28,244.48,244.48,240.72,242.6,15772
2023-08-29,240.72,244.48,239.78,241.66,14786
2023-08-30,246.27,247.21,242.79,243.07,18400
2023-09-03,239.78,244.48,239.78,240.06,33984
2023-09-04,242.6,242.6,237.05,238.84,17422
2023-09-05,235.08,239.78,235.08,237.05,16605
2023-09-07,237.15,238.75,235.64,236.02,10055
2023-09-10,240.72,240.72,236.96,239.69,12819
2023-09-11,243.54,248.24,239.78,248.15,21840
2023-09-12,251.53,251.53,243.73,245.23,9532
2023-09-13,241.66,249.65,240.72,248.24,18534
2023-09-17,252.94,252.94,243.54,244.39,28163
2023-09-18,242.6,245.33,242.6,243.82,24190
2023-09-19,248.15,248.15,242.6,245.42,14795
2023-09-21,249.18,253.88,246.55,247.02,50228
2023-09-24,251.06,251.06,244.48,245.42,13632
2023-09-25,245.42,246.27,240.63,244.95,10018
2023-09-26,248.71,248.71,243.45,244.48,39214
2023-09-27,246.36,249.18,241.75,243.54,30760
2023-10-01,243.54,247.3,241.66,243.45,60740
2023-10-02,241.66,246.46,240.91,244.76,40811
2023-10-03,241.66,247.21,241.66,246.17,35324
2023-10-04,247.3,248.81,243.54,243.82,8133
2023-10-05,247.3,247.3,240.72,242.6,7398
2023-10-08,247.3,247.4,239.22,239.31,28146
2023-10-09,237.43,238.84,236.11,237.9,10233
2023-10-10,241.66,242.6,236.11,236.96,9470
2023-10-11,235.08,239.78,233.2,235.36,19245
2023-10-12,235.08,236.86,232.54,233.48,28503
2023-10-16,235.08,235.08,231.32,233.2,11941
2023-10-17,236.96,238.75,234.14,236.02,8118
2023-10-18,236.96,253.88,236.02,244.48,23077
2023-10-19,248.24,248.24,240.06,243.54,9050
2023-10-29,243.54,243.54,237.9,239.78,16265
2023-10-30,238.37,239.78,236.02,239.78,33815
2023-10-31,244.48,244.48,235.08,236.68,12366
2023-11-01,235.08,236.68,233.2,236.02,24366
2023-11-02,238.84,238.84,233.2,233.39,14152
2023-11-05,229.44,229.44,221.91,226.52,67192
2023-11-06,225.68,238.09,222.01,230.38,36331
2023-11-07,234.04,234.04,227.56,229.44,28233
2023-11-08,229.44,232.16,225.96,231.79,8644
2023-11-09,227.18,231.22,226.62,229.44,10046
2023-11-20,229.44,233.67,225.3,225.3,13280
2023-11-21,225.3,225.58,220.97,224.73,12618
2023-11-22,223.79,230.38,223.79,230.38,8661
2023-11-23,230.38,253.41,225.86,230.38,6824
2023-11-26,226.15,231.32,225.77,227.56,15023
2023-11-27,225.68,230.47,225.68,229.44,13748
2023-11-28,230.38,230.38,225.86,227.56,8124
2023-11-29,227.56,230.38,225.77,227.37,9876
2023-11-30,225.68,226.62,223.79,224.73,10214
2023-12-03,222.48,228.4,222.48,224.73,14293
2023-12-04,221.91,228.5,221.91,225.68,7552
2023-12-05,225.58,225.68,221.91,223.79,10287
2023-12-06,225.68,225.68,221.07,221.91,10646
2023-12-07,222.01,226.15,222.01,224.73,16898
2023-12-10,229.15,233.67,229.15,233.67,60
2023-12-11,238.28,242.6,230.38,231.32,36977
2023-12-12,231.51,236.96,227.56,230.75,68084
2023-12-13,235.36,236.49,231.32,231.98,31055
2023-12-14,228.12,234.14,228.12,233.2,13670
2023-12-17,228.59,234.89,228.59,233.67,25584
2023-12-18,235.08,239.78,232.26,236.02,44779
2023-12-19,235.08,246.55,235.08,245.42,62432
2023-12-20,240.72,251.25,240.72,245.7,57332
2023-12-21,245.42,248.24,240.06,240.72,39429
2023-12-24,243.54,244.48,237.99,238.37,44028
2023-12-27,243.07,243.07,233.67,234.7,15367
2023-12-28,234.14,234.98,230.66,232.26,19671
2024-01-01,236.02,236.02,231.51,234.04,33313
2024-01-02,234.14,234.14,230.38,233.67,34706
2024-01-03,233.2,233.2,228.59,232.16,17254
2024-01-04,232.26,234.98,229.44,230.38,30433
2024-01-07,230.38,231.32,226.62,228.87,39659
2024-01-08,233.2,233.2,226.62,229.15,15763
2024-01-09,233.2,233.2,228.59,230.47,29582
2024-01-10,230.38,233.2,229.44,230.38,31999
2024-01-11,229.53,231.41,228.03,230.38,13027
2024-01-14,231.41,232.26,229.15,231.22,25759
2024-01-16,231.22,236.96,230.38,232.07,43763
2024-01-17,232.45,236.02,230.38,232.26,76378
2024-01-18,231.32,235.08,228.59,232.26,29336
2024-01-21,232.26,233.39,228.87,229.34,48190
2024-01-22,228.5,233.2,228.5,229.44,45887
2024-01-23,227.65,232.16,227.65,230.56,21982
2024-01-24,230.38,232.26,227.84,230.85,25650
2024-01-25,229.91,232.26,229.91,230.47,35252
2024-01-28,230.38,233.2,229.44,230.38,23496
2024-01-29,234.61,234.61,230.47,231.79,22283
2024-01-30,234.61,234.61,229.91,230.85,17528
2024-01-31,230.38,232.63,228.68,228.68,16597
2024-02-01,227.56,228.03,225.77,226.15,18935
2024-02-04,230.38,230.38,224.92,226.15,21433
2024-02-05,225.68,228.03,224.73,227.56,19382
2024-02-06,230.28,230.28,225.68,226.33,12116
2024-02-07,230.85,230.85,224.73,226.62,22381
2024-02-08,224.73,227.56,224.73,227.56,19510
2024-02-11,225.68,225.68,219.66,222.67,42535
2024-02-12,223.04,224.73,221.16,223.79,17401
2024-02-13,223.79,223.79,217.49,217.49,23082
2024-02-14,218.15,220.97,216.37,219.09,19694
2024-02-15,216.37,222.57,216.27,222.57,42526
2024-02-18,219.09,221.82,216.27,216.84,48129
2024-02-20,216.27,220.5,216.27,216.27,31788
2024-02-21,219.09,220.41,215.61,216.55,11891
2024-02-22,216.27,218.15,215.24,215.33,15542
2024-02-25,216.27,216.27,213.55,213.55,22617
2024-02-26,214.39,216.27,211.66,214.39,14222
2024-02-27,212.7,216.18,212.51,213.45,15986
2024-02-28,217.21,217.21,212.7,214.39,10145
2024-02-29,213.45,214.39,211.66,212.32,16986
2024-03-03,216.27,216.27,209.69,210.63,14194
2024-03-04,214.39,223.23,214.39,223.23,530
2024-03-05,227.65,227.65,214.96,215.8,22320
2024-03-06,215.8,217.21,212.04,214.67,22025
2024-03-07,215.33,216.18,212.6,214.49,23094
2024-03-10,218.72,221.91,214.39,217.21,12089
2024-03-12,220.97,225.39,217.4,225.39,34642
2024-03-13,225.68,227.56,220.97,221.91,14493
2024-03-14,221.91,221.91,217.59,219.56,23461
2024-03-17,219.09,220.97,216.27,220.97,26682
2024-03-18,225.39,225.39,220.03,220.97,21615
2024-03-19,220.97,221.91,218.15,220.41,24816
2024-03-20,224.73,224.73,216.46,220.5,21729
2024-03-21,216.37,223.79,216.27,220.97,18890
2024-03-25,220.97,220.97,216.55,219.56,30270
2024-03-26,220.03,220.97,217.4,219.56,24395
2024-03-27,219.56,220.41,214.86,216.37,35243
2024-03-28,220.69,220.69,214.77,216.27,17792
2024-03-31,214.39,218.15,213.83,214.77,12071
2024-04-01,214.39,216.27,211.57,214.39,29683
2024-04-02,218.62,218.62,211.85,214.39,14167
2024-04-03,216.27,216.27,212.51,216.27,27641
2024-04-04,212.6,213.92,212.51,212.7,16873
2024-04-07,213.45,215.33,211.66,214.39,23508
2024-04-09,214.39,216.27,212.51,213.92,14615
2024-04-10,216.27,216.27,213.08,213.45,16651
2024-04-14,211.57,215.33,210.63,212.6,34920
2024-04-15,212.51,214.39,211.1,211.57,11054
2024-04-16,211.66,212.51,209.69,210.25,9690
2024-04-18,211.57,211.57,209.69,210.07,8650
2024-04-21,214.2,220.03,211.57,219.09,50829
2024-04-22,220.03,220.97,215.33,215.71,20603
2024-04-24,216.27,218.06,214.49,215.8,18242
2024-04-25,215.33,219.0,213.92,216.27,13249
2024-04-28,214.49,235.92,212.6,221.44,30349
2024-04-29,225.86,225.86,218.15,222.1,25653
2024-04-30,226.52,226.52,220.97,225.68,35982
2024-05-02,230.19,230.19,223.79,226.62,68990
2024-05-05,223.79,225.68,220.5,224.73,22003
2024-05-06,225.49,225.68,220.97,221.44,22081
2024-05-07,221.07,223.7,220.97,222.95,20390
2024-05-08,222.38,222.67,214.39,219.09,7893
2024-05-09,222.67,227.09,219.19,224.73,37949
2024-05-12,229.15,229.15,220.41,224.73,14870
2024-05-13,229.15,231.32,220.97,230.38,51018
2024-05-14,234.98,234.98,228.03,230.38,13509
2024-05-15,226.71,232.26,225.77,229.44,24472
2024-05-16,233.95,233.95,224.73,226.71,24081
2024-05-19,231.22,244.58,227.56,238.84,67790
2024-05-20,243.54,249.28,238.84,245.52,147012
2024-05-21,250.41,250.41,244.58,245.89,38353
2024-05-22,242.6,270.43,242.6,263.29,168134
2024-05-26,267.99,268.55,259.53,260.94,93070
2024-05-27,260.94,263.29,255.77,260.47,63787
2024-05-29,265.64,275.42,251.06,253.88,55763
2024-05-30,251.06,251.35,244.48,245.42,30737
2024-06-02,249.09,249.75,242.69,249.18,36533
2024-06-03,254.17,254.17,245.61,246.36,26425
2024-06-04,251.25,251.25,242.6,250.97,39795
2024-06-05,255.95,255.95,246.74,248.24,16572
2024-06-06,252.47,252.47,244.48,246.27,23243
2024-06-09,251.16,251.16,239.78,239.78,30419
2024-06-10,244.58,244.58,234.98,238.84,38941
2024-06-11,243.54,245.42,238.84,243.54,26904
2024-06-12,247.3,266.01,244.11,252.94,35200
2024-06-13,252.94,252.94,248.81,250.12,17533
2024-06-16,253.88,253.88,245.61,252.0,33067
2024-06-18,251.91,251.91,245.89,245.89,19809
2024-06-19,250.78,250.78,245.52,247.3,8129
2024-06-20,242.6,249.18,242.6,245.42,14554
2024-06-23,242.69,269.96,242.6,244.48,22427
2024-06-24,249.37,268.93,241.75,249.18,41247
2024-06-25,250.12,251.06,245.42,246.83,22605
2024-06-26,244.58,248.24,244.48,247.3,7484
2024-06-27,244.58,249.18,244.48,245.42,28727
2024-06-30,246.36,247.21,241.94,243.54,17310
2024-07-01,240.72,252.0,240.72,251.53,62619
2024-07-02,256.52,269.49,252.38,255.77,87848
2024-07-03,255.77,258.49,246.36,254.82,41796
2024-07-04,253.88,258.59,251.16,256.61,86098
2024-07-07,254.82,266.11,254.82,264.32,106759
2024-07-08,265.17,269.31,262.72,263.76,49865
2024-07-09,269.02,270.34,261.41,268.18,274360
2024-07-10,266.11,270.81,265.17,269.4,42559
2024-07-11,270.9,274.38,268.93,273.63,139159
2024-07-14,279.09,289.62,276.45,280.68,113142
2024-07-15,286.23,289.62,272.88,276.45,115912
2024-07-16,281.15,300.9,271.56,291.5,270358
2024-07-17,297.33,297.33,286.8,295.26,147540
2024-07-18,295.35,319.71,290.56,312.0,213901
2024-07-21,312.18,319.71,302.4,315.01,304300
2024-07-22,315.01,315.01,304.1,310.3,151988
2024-07-23,310.3,329.11,304.66,323.0,237532
2024-07-24,322.53,326.29,317.07,321.12,194863
2024-07-25,317.36,332.87,316.89,330.99,222739
2024-07-28,337.57,364.09,337.57,364.09,671424
2024-07-29,371.33,376.13,351.68,354.5,296529
2024-07-30,361.55,361.55,340.39,354.5,230971
2024-07-31,350.74,361.93,348.01,353.93,287817
2024-08-01,360.14,360.14,347.45,347.73,302530
2024-08-05,354.59,376.13,354.59,362.96,622697
2024-08-06,369.54,369.54,349.8,349.89,338449
2024-08-07,349.89,357.7,345.1,355.44,181152
2024-08-08,357.32,361.93,352.62,352.71,134799
2024-08-11,356.38,361.93,353.56,360.99,303869
2024-08-12,360.99,369.07,360.23,368.6,283100
2024-08-13,370.48,380.83,369.54,376.13,357409
2024-08-14,378.01,381.77,372.36,378.1,259891
2024-08-15,380.83,397.85,376.13,393.99,511952
2024-08-18,401.8,402.83,382.71,385.53,573837
2024-08-21,387.41,392.11,381.77,390.14,272796
2024-08-22,386.47,395.12,385.81,386.47,184187
2024-08-25,378.76,390.23,374.43,375.19,280315
2024-08-27,373.3,373.3,356.38,359.2,316327
2024-08-28,359.2,371.33,355.44,359.67,173834
2024-08-29,366.72,366.72,351.68,353.93,171319
2024-09-01,357.32,361.55,350.36,350.74,129467
2024-09-02,350.74,363.9,348.86,362.02,150424
2024-09-03,366.72,368.6,356.57,362.21,108022
2024-09-04,369.45,369.45,352.62,354.31,136516
2024-09-05,355.44,355.44,346.04,350.74,96884
2024-09-08,355.81,355.81,347.92,350.74,100624
2024-09-09,346.04,352.15,340.96,340.96,86782
2024-09-10,342.27,346.88,336.82,338.51,66020
2024-09-11,343.4,343.4,329.11,334.75,88445
2024-09-12,341.43,344.53,330.99,343.21,61295
2024-09-15,348.86,350.08,337.67,338.51,90671
2024-09-16,338.51,338.51,328.17,328.26,67066
2024-09-18,329.11,336.54,325.35,332.02,86056
2024-09-22,338.61,343.21,334.28,334.38,61970
2024-09-23,341.05,341.05,330.99,332.87,59299
2024-09-24,332.87,337.57,329.2,330.24,83688
2024-09-25,330.05,338.42,328.08,337.57,78883
2024-09-26,337.57,343.21,333.81,335.69,34594
2024-09-29,335.69,335.69,329.11,331.27,35272
2024-09-30,329.11,336.63,329.11,336.16,36555
2024-10-01,335.69,349.8,335.69,348.01,87013
2024-10-02,348.01,354.5,337.57,346.98,79249
2024-10-06,346.98,355.44,345.1,355.44,89543
2024-10-07,355.44,362.02,355.44,359.2,72876
2024-10-08,363.9,363.9,355.44,358.64,55126
2024-10-09,355.44,361.08,353.56,360.61,52289
2024-10-15,360.61,365.78,358.26,364.37,51430
2024-10-16,364.84,372.36,364.84,371.8,88954
2024-10-17,376.13,376.13,368.89,370.48,84201
2024-10-20,366.72,371.33,357.32,363.53,112813
2024-10-21,358.35,362.87,354.97,355.06,85200
2024-10-22,353.09,359.2,351.87,355.53,53921
2024-10-23,355.53,361.08,343.21,345.1,135310
2024-10-24,350.74,350.74,331.74,339.55,118792
2024-10-27,333.62,343.21,333.62,337.48,43996
2024-10-28,332.97,344.15,332.97,344.15,44073
2024-10-29,345.1,351.02,344.15,348.86,63203
2024-10-30,354.5,354.5,347.92,349.33,33749
2024-11-05,348.86,353.56,344.34,344.62,31483
2024-11-06,347.45,347.45,341.43,344.25,32031
2024-11-10,351.11,351.11,341.33,347.82,58328
2024-11-11,346.98,353.46,346.98,347.92,71670
2024-11-12,354.5,354.5,346.98,346.98,62383
2024-11-13,352.62,352.62,342.27,345.28,34318
2024-11-14,345.1,349.23,343.21,343.31,46503
2024-11-17,344.15,348.76,339.45,341.33,72913
2024-11-19,338.51,343.21,337.57,337.67,65017
2024-11-20,343.21,343.21,331.93,337.48,26760
2024-11-21,335.69,337.57,331.65,331.93,55719
2024-11-24,337.57,337.57,329.11,329.11,41256
2024-11-25,335.69,335.69,329.11,330.9,32139
2024-11-26,337.48,337.48,330.05,335.5,28610
2024-11-27,336.63,337.01,334.75,336.63,38927
2024-11-28,336.63,339.45,334.75,338.51,42328
2024-12-01,345.28,345.28,329.11,334.38,43405
2024-12-02,338.42,338.42,330.24,331.37,47343
2024-12-03,332.87,332.87,329.3,330.61,33741
2024-12-04,337.2,337.2,329.58,330.99,38930
2024-12-05,329.3,331.08,327.23,328.17,35035
2024-12-08,325.44,328.17,319.71,320.83,53335
2024-12-09,321.21,324.41,316.6,318.77,32050
2024-12-10,319.71,319.71,310.3,311.24,46578
2024-12-11,310.3,315.95,303.72,315.95,69547
2024-12-12,322.25,322.25,309.36,313.12,27811
2024-12-16,313.12,313.12,300.9,301.84,72485
2024-12-17,302.78,305.51,300.05,302.78,38502
2024-12-18,301.84,305.51,301.84,303.25,27913
2024-12-19,309.27,309.27,304.47,304.66,99471
2024-12-22,298.64,306.92,298.64,303.91,30552
2024-12-23,301.84,306.54,299.02,305.6,34848
2024-12-24,307.86,309.36,302.88,307.39,24396
2024-12-26,304.1,315.01,302.78,313.88,53904
2024-12-29,314.25,316.89,312.18,313.97,105485
2024-12-31,311.77,311.77,300.05,304.12,52420
2025-01-01,304.12,305.08,297.34,297.43,33089
2025-01-02,297.34,298.31,294.43,296.37,28790
2025-01-05,300.24,300.24,290.65,292.49,31591
2025-01-06,291.53,295.4,290.56,295.4,33107
2025-01-07,289.59,295.3,289.59,293.46,23953
2025-01-08,299.27,299.27,290.56,292.59,27123
2025-01-09,292.49,294.33,290.07,292.59,47238
2025-01-12,295.88,295.88,286.97,286.97,23901
2025-01-13,287.65,287.65,281.36,284.65,38612
2025-01-15,283.78,283.78,276.03,276.51,47411
2025-01-16,276.03,277.0,271.19,274.87,46231
2025-01-19,271.19,277.97,266.44,277.48,41611
2025-01-20,279.03,280.68,275.06,276.03,19577
2025-01-21,276.03,276.03,271.19,272.15,29055
2025-01-22,272.15,275.93,271.67,275.06,36936
2025-01-23,278.45,280.87,276.03,279.9,40746
2025-01-26,280.87,283.49,274.38,278.55,43687
2025-01-27,277.97,277.97,274.09,274.58,23094
2025-01-28,276.03,277.97,272.25,277.0,27911
2025-02-02,278.93,285.71,277.0,285.62,53452
2025-02-03,286.68,294.33,286.68,289.59,49607
2025-02-04,290.56,295.3,287.65,287.65,51668
2025-02-05,286.68,289.59,285.71,287.85,27079
2025-02-06,287.65,292.49,287.36,288.62,39334
2025-02-09,288.62,291.53,283.97,285.71,22682
2025-02-10,284.26,286.68,283.87,285.71,16601
2025-02-11,285.71,285.71,280.97,282.62,13397
2025-02-12,281.84,285.71,281.45,282.32,24571
2025-02-13,286.0,286.0,280.97,283.87,21247
2025-02-16,283.78,285.71,280.19,282.23,30069
2025-02-17,282.81,291.43,280.39,285.71,70893
2025-02-18,288.62,292.4,286.68,290.56,61491
2025-02-20,290.56,290.56,285.71,286.68,41190
2025-02-23,280.97,289.59,276.03,284.75,54840
2025-02-24,282.81,289.59,282.81,284.65,31364
2025-02-25,286.2,288.43,282.81,283.87,36537
2025-02-27,289.49,300.24,287.65,293.46,72598
2025-03-02,295.4,301.21,290.56,299.27,140917
2025-03-03,304.12,305.08,296.85,299.27,77760
2025-03-04,293.37,301.11,293.37,294.72,74386
2025-03-05,291.62,296.37,290.75,292.01,55112
2025-03-06,292.01,295.4,290.75,291.53,29555
2025-03-09,290.56,295.4,286.68,287.65,24088
2025-03-10,287.65,290.56,284.94,284.94,30724
2025-03-11,290.36,290.36,281.84,282.81,26267
2025-03-12,280.0,285.62,280.0,283.78,24116
2025-03-16,283.78,283.78,279.9,280.87,35376
2025-03-17,280.87,282.62,279.9,280.87,20075
2025-03-18,286.49,286.49,279.9,280.48,19349
2025-03-19,281.84,281.84,277.0,277.09,21954
2025-03-20,275.06,278.93,274.09,276.67,16174
2025-03-23,280.87,280.87,273.12,273.47,55957
2025-03-24,274.0,278.84,271.19,276.87,15084
2025-03-25,280.39,280.87,271.19,271.75,33659
2025-03-26,271.19,274.09,269.73,273.29,18208
2025-03-27,278.74,278.74,274.77,276.4,21529
2025-03-30,276.03,280.87,276.03,278.26,28128
2025-04-01,280.87,280.87,276.03,279.89,16186
2025-04-02,278.93,303.15,276.22,285.94,41118
2025-04-03,285.71,294.33,285.71,289.71,79398
2025-04-07,295.4,295.4,281.94,282.54,20209
2025-04-08,280.87,283.78,276.03,281.93,33174
2025-04-09,287.55,290.56,280.77,281.23,23950
2025-04-10,281.84,283.78,278.06,278.79,19731
2025-04-13,280.87,280.87,276.03,279.11,24409
2025-04-15,282.81,283.68,277.19,279.37,21484
2025-04-16,284.75,284.75,279.9,280.84,23865
2025-04-17,285.71,285.71,280.39,282.77,26221
2025-04-20,286.68,287.65,279.13,281.76,37196
2025-04-21,283.78,283.78,277.97,278.51,23794
2025-04-22,281.84,281.84,276.13,276.99,20167
2025-04-23,277.0,277.97,273.22,274.0,21640
2025-04-24,273.22,275.84,271.67,274.53,20455
2025-04-27,276.03,276.9,271.48,272.42,26308
2025-04-28,271.57,273.9,271.19,273.18,22512
2025-04-29,271.19,274.09,271.19,272.24,16939
2025-04-30,271.19,273.03,270.22,271.8,25703
2025-05-04,276.03,276.03,270.22,271.29,19617
2025-05-05,271.19,272.64,270.22,271.34,14774
2025-05-06,270.22,272.15,268.77,269.08,24515
2025-05-07,263.73,277.97,263.73,277.32,29812
2025-05-08,282.81,282.81,274.09,278.13,22151
2025-05-11,282.81,282.81,275.06,275.32,21211
2025-05-13,277.76,277.76,272.06,273.18,21636
2025-05-14,271.28,276.03,271.19,272.23,18859
2025-05-15,271.19,273.12,269.44,272.26,26415
2025-05-18,272.64,274.58,269.25,271.54,26842
2025-05-19,271.28,275.93,271.28,273.88,21693
2025-05-20,273.12,281.55,271.19,280.29,29990
2025-05-21,285.81,295.4,279.03,280.18,57459
2025-05-22,280.87,293.46,275.06,287.39,59233
2025-05-25,290.56,290.56,284.84,285.69,29709
2025-05-26,291.33,293.46,287.65,287.7,56707
2025-05-27,285.71,286.68,280.87,285.17,37980
2025-05-28,283.78,290.56,282.62,290.17,49484
2025-06-02,295.88,296.37,285.33,287.44,56718
2025-06-03,285.71,288.62,281.94,282.25,37267
2025-06-04,276.71,281.84,276.71,281.08,21673
2025-06-05,280.87,281.84,274.09,279.18,43892
2025-06-08,279.42,280.87,276.03,278.55,10481
2025-06-09,277.0,281.84,276.03,279.36,17735
2025-06-10,283.78,283.78,278.16,279.25,25016
2025-06-11,275.54,281.84,275.25,279.02,13387
2025-06-12,276.03,280.19,276.03,277.19,28838
2025-06-15,277.09,278.93,275.06,275.3,35850
2025-06-16,279.9,279.9,275.54,277.05,25471
2025-06-17,277.19,277.97,274.19,275.81,19099
2025-06-18,276.03,278.93,275.06,276.53,17243
2025-06-19,271.19,276.03,271.19,275.23,19789
2025-06-22,275.06,277.97,271.67,272.23,37857
2025-06-23,269.73,273.51,269.73,272.39,28893
2025-06-24,271.28,276.71,268.28,272.62,24677
2025-06-25,277.0,277.0,272.15,272.86,17868
2025-06-26,272.93,275.06,272.25,272.98,30005
2025-06-29,276.03,278.35,271.19,277.65,37928
2025-06-30,280.87,281.84,277.0,278.24,25817
2025-07-01,272.74,286.68,272.74,284.46,65159
2025-07-02,285.71,292.3,284.75,291.19,124408
2025-07-03,293.46,295.4,287.65,291.27,123907
2025-07-06,290.56,296.37,287.65,290.5,72632
2025-07-07,287.65,293.95,286.68,287.18,58749
2025-07-08,285.91,289.59,284.75,287.73,76334
2025-07-09,291.53,297.34,285.81,294.62,122851
2025-07-10,294.62,309.93,294.53,304.79,258347
2025-07-13,310.8,323.0,310.8,316.73,215092
2025-07-14,318.64,318.64,304.31,305.77,115004
2025-07-15,302.28,315.74,301.89,313.51,106227
2025-07-16,319.52,319.71,313.8,316.83,142187
2025-07-17,317.68,323.0,317.68,321.16,187049
2025-07-20,324.36,331.23,315.74,319.83,226513
2025-07-21,320.58,324.46,315.16,321.66,104403
2025-07-22,327.36,331.14,323.49,328.88,142308
2025-07-23,329.3,331.23,323.68,328.91,121584
2025-07-24,327.36,330.27,324.55,326.0,72244
2025-07-27,319.52,328.33,319.52,321.58,129779
2025-07-28,319.61,323.0,313.8,321.35,118015
2025-07-29,327.75,329.39,322.62,324.79,187129
2025-07-30,331.23,331.23,321.07,321.63,109653
2025-07-31,324.26,326.0,316.71,321.72,128639
2025-08-03,317.68,319.52,312.83,316.1,89591
2025-08-04,311.86,318.64,311.86,317.59,73743
2025-08-05,315.35,323.49,314.77,315.15,52835
2025-08-06,321.36,321.36,312.35,317.48,47800
2025-08-07,323.78,323.78,314.87,316.56,41801
2025-08-11,322.81,334.04,322.52,323.91,377771
2025-08-12,322.52,323.97,317.68,320.55,123924
2025-08-13,321.55,324.46,319.61,320.08,77384
2025-08-14,320.68,323.39,319.9,321.99,86636
2025-08-17,322.03,326.39,321.55,324.13,80302
2025-08-18,326.39,328.14,323.49,327.05,81072
2025-08-19,327.36,328.33,324.46,325.1,42199
2025-08-20,325.42,327.36,321.65,322.03,31830
2025-08-21,322.52,323.49,318.26,318.9,56884
2025-08-24,320.48,320.48,315.74,315.93,50565
2025-08-25,312.83,317.68,312.83,316.21,53184
2025-08-26,315.74,318.64,315.16,316.01,27429
2025-08-27,322.32,322.32,315.74,320.88,45857
2025-08-28,316.8,321.55,315.74,317.24,66102
2025-08-31,320.58,320.58,312.35,313.05,42198
2025-09-01,319.23,319.23,313.03,317.16,37584
2025-09-02,323.49,323.49,314.77,315.25,25961
2025-09-03,313.32,316.42,313.32,313.88,29206
2025-09-04,313.8,315.16,312.06,314.49,32179
2025-09-07,317.48,317.48,310.51,311.0,49379
2025-09-08,310.22,310.9,307.02,307.18,69424
2025-09-18,301.11,301.11,283.78,289.3,3170
2025-09-21,283.78,311.86,283.78,307.03,67958
2025-09-23,307.02,310.9,302.37,307.02,61925
2025-09-24,311.38,311.38,302.18,306.05,28083
2025-09-25,301.21,307.89,301.21,307.31,29186
2025-09-28,307.31,310.9,305.08,309.44,26821
2025-10-07,309.93,312.74,305.86,306.92,35362
2025-10-08,305.08,305.08,300.73,302.57,43145
2025-10-09,307.99,313.8,304.12,307.02,44571
2025-10-12,307.02,307.02,297.34,298.01,73570
2025-10-13,297.34,301.21,296.56,300.24,18227
2025-10-14,300.73,304.02,297.34,299.27,26968
2025-10-15,298.31,298.79,296.37,298.31,24390
2025-10-16,302.18,302.18,295.88,299.18,18464
2025-10-19,298.21,301.21,295.4,300.15,14571
2025-10-26,300.24,300.24,295.4,299.27,18308
2025-10-28,299.27,307.99,299.27,305.08,20072
2025-10-29,298.98,309.93,298.98,302.18,27920
2025-10-30,306.63,309.83,300.24,303.63,28033
2025-11-02,309.64,315.64,303.15,305.08,34431
2025-11-03,310.22,310.22,302.18,307.02,26537
2025-11-04,311.86,311.86,299.37,302.18,56192
2025-11-05,299.37,305.08,298.31,305.08,41787
2025-11-06,307.02,310.7,306.05,307.99,223177
2025-11-09,307.99,308.77,302.18,305.08,121484
2025-11-10,305.08,305.08,302.18,302.76,60370
2025-11-11,302.18,304.12,302.18,303.92,29052
2025-11-12,303.15,306.92,302.18,303.15,19975
2025-11-13,303.15,304.02,301.69,302.18,39923
2025-11-16,303.15,304.6,300.34,302.18,22740
2025-11-17,308.18,308.18,300.34,303.83,24424
2025-11-18,304.12,306.92,301.79,304.6,24019
2025-11-19,305.08,305.08,302.18,302.95,22061
2025-11-20,302.18,304.02,302.18,302.57,23008
2025-11-23,305.08,306.05,303.34,306.05,61239
2025-11-24,307.89,307.99,302.18,307.02,33678
2025-11-25,308.96,310.9,306.34,309.93,48790
2025-11-26,314.77,314.77,310.9,314.29,63588
2025-11-27,319.61,319.61,311.96,318.55,192110
2025-11-30,322.4,322.4,306.0,307.0,67768
2025-12-01,305.0,306.0,300.3,303.9,56148
2025-12-02,302.9,302.9,300.0,301.0,40658
2025-12-03,304.0,304.0,298.1,298.2,23796
2025-12-07,304.0,304.0,295.5,298.9,22681
2025-12-08,302.0,302.0,295.0,296.6,24934
2025-12-09,298.9,298.9,292.0,292.3,37931
2025-12-10,297.0,297.0,290.0,291.4,24514
2025-12-11,293.0,293.0,288.0,292.0,26009
2025-12-14,292.0,293.0,287.1,290.0,27743
2025-12-15,288.0,290.0,286.2,289.4,24328
2025-12-16,292.0,292.9,288.0,292.9,14912
2025-12-17,294.9,296.0,292.0,294.0,26518
2025-12-18,297.0,297.0,291.0,292.0,11848
2025-12-21,290.0,291.0,287.2,289.8,27646
2025-12-22,288.0,290.0,286.0,288.8,20208
2025-12-23,288.0,290.0,285.2,286.9,23575
2025-12-24,286.0,290.0,285.2,288.0,20792
2025-12-28,291.0,316.8,286.0,297.0,49373
2025-12-29,302.9,302.9,292.0,294.4,31487
2025-12-31,294.4,298.5,292.0,298.0,51018
2026-01-01,295.0,296.5,290.0,295.0,89799
2026-01-04,290.0,295.0,288.3,292.0,43097
2026-01-05,294.8,295.0,292.1,293.0,17448
2026-01-06,297.0,297.4,292.6,297.4,43501
2026-01-07,300.0,300.0,294.0,299.7,29448
2026-01-08,294.3,303.0,294.3,300.0,39057
2026-01-12,300.0,302.0,298.0,299.5,36804
2026-01-13,300.0,302.0,296.3,298.0,11348
2026-01-14,294.1,300.0,288.4,300.0,39336
2026-01-18,303.0,304.8,299.0,304.8,88350
2026-01-20,303.0,310.7,302.0,307.9,51596
2026-01-21,307.0,313.0,303.1,306.9,34955
2026-01-22,310.0,310.0,300.1,304.0,28495
2026-01-25,307.0,309.9,302.0,307.5,46807
2026-01-26,309.0,310.0,305.7,307.0,67671
2026-01-27,306.0,312.0,303.2,304.5,56138
2026-01-28,301.0,305.0,298.9,304.0,23915
2026-01-29,304.0,304.0,297.0,300.0,29200
2026-02-01,302.0,304.0,297.0,298.1,41620
2026-02-02,304.0,304.0,296.0,299.0,17660
2026-02-03,302.0,304.8,296.2,298.0,10054
2026-02-04,293.0,299.0,293.0,295.1,22157
2026-02-05,295.0,298.5,292.9,296.0,19054
2026-02-08,301.0,301.0,295.5,296.0,24811
2026-02-09,294.79,296.0,292.5,295.0,25210
2026-02-10,295.0,295.0,292.3,294.0,12965
2026-02-11,295.0,298.0,293.0,295.0,27330
2026-02-12,291.2,299.1,291.2,297.0,27084
2026-02-16,299.0,299.0,294.1,297.0,69167
2026-02-17,299.0,299.0,293.0,296.5,59291
2026-02-22,296.5,298.0,292.0,293.0,70740
2026-02-23,293.0,295.0,291.0,292.5,26805
2026-02-24,292.0,297.8,291.0,293.0,18006
2026-02-25,293.5,295.5,291.0,294.6,36465
2026-02-26,300.4,300.4,292.3,298.0,21933
2026-03-01,295.0,305.0,291.1,302.6,64794
2026-03-03,308.6,308.6,297.1,305.0,47965
2026-03-09,311.0,327.7,311.0,327.7,776
2026-03-10,330.0,330.0,310.0,317.0,163883
2026-03-11,320.0,320.0,310.0,311.2,43238
2026-03-12,308.7,318.9,308.7,316.0,65807
2026-03-15,319.0,319.0,313.0,317.0,58743
2026-03-16,310.7,319.0,310.7,313.1,46720
2026-03-17,310.0,316.3,310.0,316.3,57612
2026-03-19,310.0,327.9,310.0,326.5,251474
2026-03-22,326.0,335.0,326.0,330.0,188185
2026-03-23,335.0,335.0,323.0,329.0,75576
2026-03-24,333.0,335.1,326.5,334.9,144856
2026-03-25,328.5,340.0,328.5,330.0,106584
2026-03-26,330.0,334.0,321.5,333.1,85296
2026-03-29,333.0,335.0,320.5,324.0,106944
2026-03-30,318.0,324.0,314.1,316.0,90641
2026-03-31,316.0,322.0,310.3,316.0,44747
2026-04-01,320.0,320.0,309.2,309.5,53170
2026-04-02,307.4,312.9,304.0,309.1,51652
2026-04-05,305.0,311.1,302.0,302.0,81577
2026-04-06,308.0,313.0,301.2,309.0,93235
2026-04-07,315.0,315.0,307.0,308.0,29429
2026-04-08,313.7,313.7,307.0,310.9,92440
2026-04-09,312.0,319.0,311.0,317.6,76204
2026-04-10,322.8,322.8,313.1,316.5,47257
2026-04-13,317.0,318.0,313.1,315.3,60185
2026-04-15,313.3,327.0,313.3,322.0,195466
2026-04-16,325.0,327.9,317.1,318.4,58004
2026-04-17,322.0,322.0,313.1,318.0,29709
2026-04-20,302.5,318.0,302.5,316.0,51411
2026-04-21,312.3,318.0,312.3,316.9,24666
2026-04-22,312.2,316.9,310.0,315.0,23838
2026-04-23,312.0,320.0,312.0,312.0,21470
2026-04-24,312.0,313.4,306.2,313.0,17185
2026-04-27,306.3,319.0,306.3,316.0,20187
2026-04-28,316.0,316.0,310.0,311.8,10363
2026-04-29,310.0,311.0,307.2,308.7,18742
2026-04-30,317.8,317.8,305.1,309.5,20081
2026-05-04,314.0,314.0,305.1,305.5,21066
2026-05-05,305.5,308.0,300.2,306.0,19887
2026-05-06,304.0,307.0,304.0,305.0,18022
2026-05-07,305.0,308.0,305.0,308.0,14376
2026-05-08,311.0,311.0,308.0,310.0,15077
2026-05-11,310.0,313.5,310.0,312.0,22801
2026-05-12,312.0,314.1,310.0,310.0,25054
2026-05-13,310.0,311.0,305.4,310.7,21106
2026-05-14,311.0,311.0,306.3,309.0,9404
2026-05-15,306.0,312.0,306.0,310.2,27571
2026-05-18,307.1,311.0,307.1,311.0,13470
2026-05-19,311.8,312.5,308.0,311.0,16428
2026-05-20,307.1,313.9,307.1,313.8,28637
2026-05-21,314.0,314.0,310.3,313.5,12856
2026-05-22,314.9,314.9,310.0,313.0,11713
2026-05-25,317.9,318.5,312.3,317.0,45333
2026-05-26,318.0,319.0,315.4,316.7,14963
2026-05-27,322.29,322.29,312.5,320.0,50166
2026-06-01,320.0,320.0,315.0,315.2,17306
2026-06-02,321.0,321.0,311.4,316.8,10742
2026-06-03,316.0,317.9,313.0,317.4,48420
2026-06-04,318.0,320.0,315.0,317.9,29880
2026-06-05,312.4,319.0,311.0,317.0,36488
2026-06-08,316.6,316.6,310.0,314.5,39867
2026-06-09,310.0,313.0,308.0,312.0,25126
2026-06-10,305.9,314.9,305.9,309.0,20348
2026-06-11,314.7,314.7,307.3,310.0,17589
2026-06-12,308.0,311.0,307.6,309.9,23091
2026-06-15,310.0,313.9,306.0,311.0,14590
2026-06-16,312.5,312.5,306.0,309.0,14647
2026-06-17,317.0,317.0,307.9,308.4,10225
2026-06-18,305.0,312.0,305.0,309.0,8649
2026-06-19,307.2,309.9,307.2,309.0,9697
2026-06-22,316.0,316.0,305.1,307.9,40052
2026-06-23,305.1,311.0,301.8,307.5,82207
2026-06-24,302.1,307.7,302.0,307.7,17126
2026-06-25,307.7,307.7,303.1,306.0,10643
2026-06-26,308.0,308.0,303.0,305.0,8138
2026-06-29,300.2,305.0,300.2,304.7,7222
2026-06-30,302.0,305.0,301.0,302.0,14556
2026-07-01,300.0,305.0,300.0,305.0,11287
2026-07-02,303.0,310.0,302.0,306.8,11685
2026-07-03,310.0,310.0,304.0,307.0,10218
2026-07-06,307.0,307.0,301.1,303.5,8251
2026-07-07,303.4,308.8,303.0,308.0,25330
2026-07-08,307.0,307.0,301.2,304.9,24412
2026-07-09,303.5,306.0,303.0,304.0,13934
2026-07-10,300.0,308.9,300.0,303.2,17742
2026-07-13,301.0,304.8,301.0,302.5,24807
2026-07-14,305.0,305.0,301.2,303.0,23635
2026-07-15,306.0,306.4,302.0,303.0,27903
2026-07-16,303.1,309.0,303.1,309.0,21483
2026-07-17,309.0,312.9,305.2,311.0,29794
2026-07-20,305.0,315.0,305.0,312.8,11892
2026-07-21,314.9,319.0,310.0,314.0,39052
2026-07-22,314.0,320.0,310.2,318.9,79891
2026-07-23,325.0,325.0,313.0,317.0,19009
2026-07-24,318.0,321.4,316.0,320.0,113909
2026-07-27,329.0,329.0,320.0,322.0,84053
2026-07-28,320.0,323.5,318.2,320.5,109926
2026-07-29,323.0,323.0,318.1,321.1,114885
2026-07-30,325.0,325.0,318.6,320.0,44241
2026-07-31,318.2,324.0,317.3,322.5,147317
2026-08-03,315.6,326.0,315.6,325.0,134712
2026-08-04,325.0,325.0,318.6,323.0,78882
2026-08-05,322.0,322.4,319.1,320.0,40701
2026-08-06,325.0,325.0,305.0,308.8,143216
2026-08-07,309.0,309.0,304.0,307.9,45973
2026-08-10,309.1,309.1,301.0,305.0,41071
2026-08-11,302.1,305.9,301.0,302.5,71707
2026-08-12,301.0,304.8,301.0,304.0,34081
2026-08-13,302.0,305.8,302.0,304.8,70052
2026-08-14,305.0,306.0,303.1,304.0,22448
2026-08-17,304.0,305.0,299.7,302.2,121643
2026-08-18,302.0,302.0,295.5,300.0,45445
2026-08-19,302.0,302.0,299.5,300.9,25174
2026-08-20,300.0,302.0,298.0,300.1,49169
2026-08-21,300.1,302.4,299.0,301.0,31051
2026-08-24,302.0,302.0,298.2,299.5,22197
2026-08-25,298.9,300.0,298.6,298.8,20967
2026-08-26,299.1,301.0,295.1,296.0,30400
2026-08-27,295.0,299.0,290.0,299.0,47003
2026-08-31,300.0,300.0,291.2,295.5,16748
