timestamp,open,high,low,close,volume
2012-01-01,84.57,84.57,84.13,84.13,377
2012-01-02,84.13,83.76,83.14,83.63,2216
2012-01-03,83.63,83.76,83.39,83.63,1677
2012-01-04,83.63,83.63,83.08,83.52,979
2012-01-05,83.52,83.52,83.2,83.52,193
2012-01-08,83.52,84.33,83.52,84.27,242
2012-01-09,84.27,84.76,84.27,84.39,643
2012-01-11,84.39,84.33,83.7,83.7,386
2012-01-12,83.7,83.39,83.39,83.39,84
2012-01-16,83.39,83.89,83.7,83.7,2213
2012-01-17,83.7,83.7,83.7,83.7,14
2012-01-18,83.7,83.45,83.39,83.45,112
2012-01-22,83.45,83.63,83.39,83.39,376
2012-01-23,83.39,83.76,83.52,83.7,189
2012-01-25,83.7,83.89,83.52,83.89,390
2012-01-26,83.89,84.27,83.83,83.83,1184
2012-01-29,83.83,83.45,83.45,83.45,222
2012-01-31,83.45,83.83,83.58,83.7,128
2012-02-01,83.7,83.7,83.52,83.63,367
2012-02-02,83.63,83.7,83.45,83.63,206
2012-02-05,83.63,84.01,83.32,83.39,501
2012-02-06,83.39,83.45,83.39,83.39,479
2012-02-07,83.39,84.01,83.02,83.32,908
2012-02-08,83.32,83.14,83.02,83.02,469
2012-02-09,83.02,83.08,82.76,83.02,156
2012-02-12,83.02,83.39,83.08,83.14,328
2012-02-13,83.14,83.45,82.82,82.88,1137
2012-02-14,82.88,83.14,82.82,83.14,215
2012-02-15,83.14,83.2,83.02,83.2,173
2012-02-16,83.2,83.39,83.14,83.26,1144
2012-02-21,83.26,83.39,83.32,83.39,141
2012-02-23,83.39,83.39,83.14,83.14,649
2012-02-26,83.14,83.32,83.08,83.14,2080
2012-02-27,83.14,83.39,83.08,83.2,559
2012-02-28,83.2,83.45,83.2,83.39,539
2012-02-29,83.39,83.39,83.26,83.39,565
2012-03-01,83.39,83.7,83.32,83.32,529
2012-03-04,83.32,83.45,83.26,83.45,896
2012-03-05,83.45,83.83,83.45,83.45,225
2012-03-06,83.45,83.76,83.45,83.45,407
2012-03-11,83.45,83.32,83.08,83.32,252
2012-03-12,83.32,83.39,83.26,83.32,192
2012-03-13,83.32,83.32,83.2,83.2,367
2012-03-14,83.2,83.2,83.08,83.2,275
2012-03-15,83.2,83.32,83.02,83.02,426
2012-03-18,83.02,83.08,82.95,82.95,878
2012-03-19,82.95,83.08,82.88,82.88,208
2012-03-20,82.88,83.14,82.82,83.14,1110
2012-03-21,83.14,83.14,82.95,83.02,1444
2012-03-25,83.02,83.08,82.76,82.76,616
2012-03-26,82.76,82.76,82.64,82.76,1934
2012-03-27,82.76,82.76,82.76,82.76,95
2012-03-28,82.76,82.88,82.76,82.82,210
2012-04-01,82.82,83.39,83.08,83.39,128
2012-04-02,83.39,83.08,83.08,83.08,139
2012-04-03,83.08,83.39,83.26,83.32,5557
2012-04-04,83.32,83.63,83.26,83.26,509
2012-04-05,83.26,83.14,82.95,83.08,1954
2012-04-08,83.08,83.08,82.45,83.08,730
2012-04-09,83.08,83.45,83.2,83.26,360
2012-04-10,83.26,83.39,83.08,83.32,219
2012-04-11,83.32,84.39,83.58,83.58,778
2012-04-12,83.58,84.7,83.39,84.7,2237
2012-04-15,84.7,85.7,85.08,85.7,166
2012-04-18,85.7,85.32,85.32,85.32,314
2012-04-19,85.32,85.7,85.2,85.26,2186
2012-04-22,85.26,85.45,85.08,85.08,616
2012-04-24,85.08,85.64,85.26,85.64,342
2012-04-25,85.64,86.39,86.01,86.39,90
2012-04-26,86.39,88.51,86.07,88.51,1291
2012-04-29,88.51,89.01,87.64,87.76,909
2012-05-03,87.76,87.32,87.01,87.01,262
2012-05-08,87.01,87.45,87.45,87.45,31
2012-05-09,87.45,87.88,85.2,85.2,778
2012-05-10,85.2,84.94,84.07,84.64,1628
2012-05-13,84.64,84.33,83.89,84.33,775
2012-05-14,84.33,84.01,83.7,83.83,638
2012-05-15,83.83,85.01,84.2,85.01,399
2012-05-16,85.01,85.38,85.38,85.38,10
2012-05-17,85.38,87.45,85.76,87.01,288
2012-05-20,87.01,86.57,85.45,85.76,2628
2012-05-21,85.76,85.38,84.64,84.83,618
2012-05-22,84.83,84.89,83.63,83.63,2082
2012-05-23,83.63,83.39,83.39,83.39,434
2012-05-24,83.39,84.07,83.7,84.07,84
2012-05-27,84.07,84.64,84.13,84.13,187
2012-05-29,84.13,83.76,82.21,82.21,697
2012-05-30,82.21,81.89,80.45,81.51,1665
2012-05-31,81.51,82.13,81.83,82.13,168
2012-06-04,82.13,82.45,82.13,82.45,379
2012-06-05,82.45,82.57,81.89,82.39,986
2012-06-06,82.39,82.45,82.07,82.45,223
2012-06-07,82.45,82.76,82.45,82.45,195
2012-06-10,82.45,82.21,82.13,82.21,48
2012-06-11,82.21,82.45,82.13,82.45,375
2012-06-12,82.45,82.64,82.64,82.64,28
2012-06-13,82.64,82.45,82.39,82.45,486
2012-06-14,82.45,82.76,82.45,82.45,170
2012-06-17,82.45,82.13,82.07,82.13,202
2012-06-18,82.13,82.64,82.45,82.64,177
2012-06-19,82.64,82.64,82.32,82.64,99
2012-06-20,82.64,82.7,81.76,81.95,1444
2012-06-21,81.95,82.27,81.95,82.27,278
2012-06-25,82.27,82.88,82.01,82.88,635
2012-06-26,82.88,82.82,82.82,82.82,64
2012-06-27,82.82,83.45,82.51,83.08,1102
2012-06-28,83.08,83.7,83.32,83.39,352
2012-07-01,83.39,83.52,82.45,83.52,526
2012-07-02,83.52,83.76,83.26,83.7,323
2012-07-03,83.7,83.7,83.45,83.45,275
2012-07-04,83.45,83.83,83.14,83.32,1168
2012-07-05,83.32,83.58,83.02,83.39,352
2012-07-08,83.39,83.76,83.32,83.76,246
2012-07-09,83.76,83.7,83.45,83.7,110
2012-07-10,83.7,84.01,83.7,83.7,303
2012-07-11,83.7,83.76,83.39,83.76,376
2012-07-12,83.76,83.7,83.45,83.58,330
2012-07-15,83.58,83.7,83.52,83.7,202
2012-07-16,83.7,83.58,83.32,83.45,462
2012-07-17,83.45,83.76,83.58,83.63,106
2012-07-18,83.63,83.58,83.39,83.39,279
2012-07-19,83.39,83.76,83.39,83.76,130
2012-07-22,83.76,84.51,83.39,84.51,158
2012-07-23,84.51,84.51,83.76,84.27,349
2012-07-24,84.27,83.89,83.52,83.7,126
2012-07-25,83.7,83.89,83.7,83.89,512
2012-07-26,83.89,83.95,83.76,83.95,573
2012-07-29,83.95,84.33,84.01,84.33,156
2012-07-30,84.33,84.01,83.39,83.76,1507
2012-07-31,83.76,83.89,83.76,83.89,125
2012-08-01,83.89,83.89,83.7,83.7,242
2012-08-05,83.7,84.39,83.45,84.39,378
2012-08-06,84.39,84.45,84.13,84.33,939
2012-08-07,84.33,84.39,84.13,84.39,1442
2012-08-08,84.39,84.33,84.13,84.33,2553
2012-08-12,84.33,85.82,84.64,85.82,4727
2012-08-13,85.82,86.63,84.76,85.89,1862
2012-08-14,85.89,85.95,85.51,85.58,457
2012-08-15,85.58,85.64,84.7,84.94,2040
2012-08-16,84.94,84.7,84.57,84.57,589
2012-08-19,84.57,86.51,84.51,86.19,2630
2012-08-21,86.19,85.82,85.2,85.38,558
2012-08-22,85.38,85.58,84.64,85.14,1093
2012-08-23,85.14,85.51,84.94,85.26,1819
2012-08-26,85.26,85.64,84.94,85.14,1447
2012-08-27,85.14,85.51,84.94,85.26,729
2012-08-28,85.26,85.89,85.01,85.89,729
2012-08-29,85.89,86.14,85.26,85.76,3702
2012-08-30,85.76,86.19,85.89,86.14,3566
2012-09-02,86.14,86.26,85.89,86.26,905
2012-09-03,86.26,86.51,85.58,86.51,7599
2012-09-04,86.51,86.39,86.01,86.33,239
2012-09-05,86.33,85.95,85.89,85.89,294
2012-09-06,85.89,86.14,85.58,85.95,1707
2012-09-09,85.95,85.89,85.45,85.45,7197
2012-09-10,85.45,85.82,85.26,85.58,10458
2012-09-11,85.58,85.58,85.32,85.38,1211
2012-09-12,85.38,85.58,85.26,85.58,4173
2012-09-13,85.58,85.58,85.58,85.58,155
2012-09-16,85.58,85.76,84.76,85.38,36343
2012-09-17,85.38,86.01,85.08,85.64,8640
2012-09-18,85.64,86.01,84.83,85.26,41410
2012-09-19,85.26,85.95,85.01,85.26,24874
2012-09-20,85.26,85.45,84.76,85.26,18005
2012-09-23,85.26,85.58,84.76,85.14,11641
2012-09-24,85.14,85.38,84.76,84.76,19786
2012-09-25,84.76,85.26,84.94,85.14,849
2012-09-26,85.14,85.58,85.38,85.58,869
2012-09-27,85.58,85.95,84.64,85.51,19700
2012-09-30,85.51,85.64,84.64,85.38,18465
2012-10-01,85.38,85.51,85.01,85.51,1192
2012-10-02,85.51,85.2,84.76,84.94,8123
2012-10-03,84.94,85.26,84.76,84.94,10142
2012-10-04,84.94,85.26,84.94,85.08,4737
2012-10-07,85.08,85.95,84.76,85.95,18494
2012-10-08,85.95,86.33,85.01,85.01,4749
2012-10-09,85.01,85.64,84.94,85.26,19845
2012-10-10,85.26,86.01,85.26,85.26,8034
2012-10-11,85.26,85.89,84.94,85.89,33337
2012-10-14,85.89,86.63,85.64,86.14,2493
2012-10-15,86.14,86.45,85.82,86.14,2171
2012-10-17,86.14,86.19,85.58,86.19,4409
2012-10-18,86.19,86.26,85.95,86.14,1647
2012-10-30,86.14,86.33,84.64,85.38,26759
2012-11-05,88.5,87.42,85.76,87.42,93
2012-11-06,87.42,89.07,87.85,88.35,3980
2012-11-07,88.35,88.64,88.28,88.64,2130
2012-11-08,88.64,89.07,88.64,88.78,2533
2012-11-11,88.78,89.65,88.5,88.5,4576
2012-11-12,88.5,89.36,88.28,89.36,544
2012-11-18,89.36,89.72,89.07,89.14,1836
2012-11-20,89.14,89.65,89.43,89.65,1382
2012-11-21,89.65,89.79,89.29,89.65,1145
2012-11-22,89.65,89.65,89.29,89.58,384
2012-11-25,89.58,90.08,89.65,89.79,1177
2012-11-26,89.79,89.58,89.14,89.58,16704
2012-11-27,89.58,89.58,89.07,89.07,1041
2012-11-28,89.07,88.92,88.64,88.92,531
2012-11-29,88.92,88.92,87.64,88.42,2046
2012-12-02,88.42,88.06,86.34,88.06,7511
2012-12-03,88.06,87.78,87.57,87.57,93
2012-12-04,87.57,88.78,87.99,88.78,689
2012-12-05,88.78,88.78,87.99,88.35,1112
2012-12-06,88.35,88.42,87.99,88.28,2759
2012-12-09,88.28,88.28,87.42,87.42,6426
2012-12-10,87.42,87.85,87.42,87.85,886
2012-12-11,87.85,87.85,87.06,87.06,4820
2012-12-13,87.06,88.71,88.35,88.35,1066
2012-12-16,88.35,89.51,88.35,88.64,8710
2012-12-17,88.64,89.07,88.35,88.35,7068
2012-12-18,88.35,88.28,87.64,87.85,12990
2012-12-19,87.85,88.14,87.57,87.71,4591
2012-12-20,87.71,87.99,87.49,87.99,5640
2012-12-23,87.99,88.21,87.64,87.92,12374
2012-12-24,87.92,88.64,87.64,88.5,7029
2012-12-26,88.5,89.72,88.71,88.71,5033
2012-12-27,88.71,88.78,88.35,88.35,3226
2012-12-31,88.35,88.5,88.35,88.35,882
2013-01-01,88.35,88.35,87.78,87.78,3331
2013-01-02,87.78,88.28,87.78,88.21,649
2013-01-03,88.21,88.35,88.35,88.35,231
2013-01-06,88.35,88.35,87.64,87.71,8971
2013-01-07,87.71,87.99,87.78,87.92,925
2013-01-08,87.92,87.92,87.92,87.92,1000
2013-01-09,87.92,87.64,87.64,87.64,978
2013-01-10,87.64,87.78,87.64,87.78,13938
2013-01-13,87.78,87.85,87.57,87.85,454
2013-01-15,87.85,87.71,87.71,87.71,32
2013-01-16,87.71,87.78,87.78,87.78,62
2013-01-17,87.78,87.64,87.64,87.64,500
2013-01-21,87.64,87.92,87.78,87.78,194
2013-01-22,87.78,88.35,87.78,88.28,266
2013-01-23,88.28,88.21,87.49,87.71,1998
2013-01-24,87.71,87.64,86.99,86.99,3998
2013-01-27,86.99,87.42,86.56,86.56,590
2013-01-28,86.56,86.99,86.56,86.92,2108
2013-01-30,86.92,86.92,86.56,86.92,2100
2013-01-31,86.92,86.7,86.7,86.7,95
2013-02-03,86.7,87.49,86.78,87.49,1293
2013-02-04,87.49,88.71,87.85,88.71,87
2013-02-05,88.71,90.01,89.14,90.01,40
2013-02-06,90.01,89.58,89.14,89.14,300
2013-02-12,89.14,88.71,87.57,87.64,3841
2013-02-13,87.64,87.85,87.49,87.64,1109
2013-02-14,87.64,87.92,87.28,87.28,1637
2013-02-17,87.28,88.14,87.71,88.14,50
2013-02-19,88.14,89.58,88.28,89.58,4805
2013-02-20,89.58,89.14,87.85,88.28,308
2013-02-21,88.28,87.85,87.49,87.49,1396
2013-02-24,87.49,87.92,87.14,87.35,908
2013-02-25,87.35,87.28,87.06,87.06,331
2013-02-26,87.06,87.49,87.06,87.42,1583
2013-02-27,87.42,87.28,86.7,87.21,2224
2013-02-28,87.21,86.99,86.27,86.56,3170
2013-03-03,86.56,87.21,86.56,86.56,1596
2013-03-04,86.56,86.92,86.92,86.92,511
2013-03-06,86.92,87.71,87.28,87.49,154
2013-03-07,87.49,87.49,86.63,87.06,3134
2013-03-11,87.06,86.92,86.48,86.92,2328
2013-03-13,86.92,86.7,86.48,86.7,1750
2013-03-14,86.7,87.21,86.34,86.85,2770
2013-03-17,86.85,86.85,86.56,86.56,224
2013-03-18,86.56,86.56,86.19,86.48,600
2013-03-19,86.48,86.85,86.56,86.63,126
2013-03-20,86.63,86.99,86.56,86.56,392
2013-03-21,86.56,86.92,86.56,86.92,48
2013-03-24,86.92,86.85,86.48,86.85,124
2013-03-27,86.85,86.48,86.19,86.19,170
2013-03-28,86.19,86.27,86.19,86.19,334
2013-03-31,86.19,85.76,85.41,85.41,182
2013-04-01,85.41,85.48,84.69,85.48,715
2013-04-02,85.48,85.69,85.48,85.62,1900
2013-04-03,85.62,86.34,85.62,86.34,1458
2013-04-04,86.34,86.27,85.91,85.91,1078
2013-04-07,85.91,86.05,85.76,85.83,1200
2013-04-08,85.83,85.83,85.62,85.69,267
2013-04-09,85.69,86.12,85.83,86.05,1461
2013-04-11,86.05,86.48,85.76,86.05,804
2013-04-15,86.05,86.19,86.19,86.19,289
2013-04-16,86.19,86.19,85.48,85.76,3964
2013-04-17,85.76,86.19,85.83,86.19,501
2013-04-18,86.19,86.19,85.62,85.62,674
2013-04-28,85.62,85.48,85.48,85.48,31
2013-04-29,85.48,85.69,85.48,85.69,62
2013-04-30,85.69,85.34,84.33,84.69,360
2013-05-02,84.69,84.76,84.33,84.33,112
2013-05-05,84.33,84.41,84.05,84.12,1762
2013-05-06,84.12,84.05,83.68,83.68,147
2013-05-07,83.68,84.05,83.61,84.05,584
2013-05-08,84.05,84.76,84.33,84.33,171
2013-05-09,84.33,84.69,83.98,83.98,120
2013-05-12,83.98,84.76,84.19,84.76,669
2013-05-13,84.76,85.26,84.76,85.26,398
2013-05-14,85.26,85.48,84.83,84.91,858
2013-05-15,84.91,85.34,85.05,85.34,671
2013-05-19,85.34,85.12,84.76,85.12,1017
2013-05-20,85.12,84.76,84.76,84.76,318
2013-05-21,84.76,85.12,84.41,84.55,387
2013-05-22,84.55,84.55,84.41,84.41,27
2013-05-23,84.41,84.05,84.05,84.05,376
2013-05-26,84.05,84.05,84.05,84.05,110
2013-05-27,84.05,84.41,84.19,84.41,508
2013-05-28,84.41,84.41,84.19,84.41,489
2013-05-30,84.41,84.76,84.05,84.76,108
2013-06-02,84.76,84.76,84.41,84.41,486
2013-06-03,84.41,84.76,84.19,84.76,1132
2013-06-04,84.76,85.05,84.69,84.76,643
2013-06-05,84.76,86.78,85.12,86.56,246
2013-06-06,86.56,86.48,85.76,86.48,97
2013-06-10,86.48,86.05,84.62,84.98,2040
2013-06-11,84.98,84.76,84.41,84.41,551
2013-06-12,84.41,85.12,84.76,85.12,1575
2013-06-13,85.12,86.12,85.48,86.12,39
2013-06-16,86.12,86.48,84.98,84.98,245
2013-06-17,84.98,85.05,84.62,84.62,477
2013-06-18,84.62,84.76,84.41,84.69,250
2013-06-19,84.69,84.69,84.05,84.05,356
2013-06-20,84.05,84.48,84.05,84.48,1926
2013-06-23,84.48,84.48,84.05,84.19,1034
2013-06-24,84.19,84.41,84.05,84.12,2424
2013-06-25,84.12,84.33,83.98,84.05,2885
2013-06-26,84.05,84.69,84.33,84.41,374
2013-06-27,84.41,84.33,84.05,84.12,3263
2013-06-30,84.12,84.41,84.26,84.41,168
2013-07-01,84.41,84.19,84.05,84.19,1271
2013-07-02,84.19,84.41,83.9,84.12,2270
2013-07-03,84.12,84.48,84.05,84.48,251
2013-07-04,84.48,84.19,83.68,83.68,2290
2013-07-07,83.68,83.98,83.75,83.75,422
2013-07-08,83.75,83.83,83.61,83.68,586
2013-07-09,83.68,83.83,82.96,83.54,8242
2013-07-10,83.54,84.05,83.61,84.05,2557
2013-07-11,84.05,84.12,84.05,84.05,142
2013-07-14,84.05,84.62,84.41,84.48,183
2013-07-15,84.48,85.12,84.76,85.12,197
2013-07-16,85.12,84.76,84.76,84.76,138
2013-07-18,84.76,84.76,84.41,84.41,429
2013-07-21,84.41,84.76,84.62,84.76,79
2013-07-22,84.76,84.76,84.55,84.69,1171
2013-07-23,84.69,84.41,84.33,84.41,128
2013-07-24,84.41,84.05,84.05,84.05,18
2013-07-25,84.05,84.69,84.12,84.69,3175
2013-07-28,84.69,85.12,84.62,84.76,3155
2013-07-29,84.76,85.48,85.12,85.12,1210
2013-07-30,85.12,86.19,85.41,86.19,4986
2013-07-31,86.19,86.92,86.12,86.41,4522
2013-08-01,86.41,86.85,86.19,86.34,4272
2013-08-04,86.34,88.5,85.98,87.42,10231
2013-08-05,87.42,88.28,87.28,87.64,13354
2013-08-06,87.64,87.92,86.85,87.64,2040
2013-08-07,87.64,87.92,87.14,87.49,8249
2013-08-08,87.49,87.64,86.85,87.42,13610
2013-08-11,90.84,87.37,87.03,87.37,261
2013-08-12,87.37,87.53,86.63,86.63,494
2013-08-13,86.63,86.38,86.21,86.38,82
2013-08-14,86.38,86.78,86.54,86.78,1213
2013-08-15,86.78,87.37,87.2,87.37,250
2013-08-18,87.37,87.78,87.37,87.37,2212
2013-08-19,87.37,89.02,87.7,89.02,691
2013-08-20,89.02,89.43,88.93,88.93,429
2013-08-25,88.93,89.43,88.93,89.43,1046
2013-08-26,89.43,89.43,89.27,89.35,2819
2013-08-27,89.35,89.43,88.61,89.02,2463
2013-08-29,89.02,89.35,88.61,89.35,2320
2013-09-01,89.35,89.43,89.02,89.1,1135
2013-09-02,89.1,89.1,88.69,88.69,817
2013-09-03,88.69,89.27,88.93,89.19,4502
2013-09-04,89.19,90.26,88.69,89.27,5771
2013-09-05,89.27,89.93,89.43,89.93,4541
2013-09-08,89.93,90.42,89.93,90.42,2224
2013-09-09,90.42,91.25,90.17,91.25,2398
2013-09-10,91.25,91.5,90.67,90.91,3593
2013-09-11,90.91,91.5,90.67,91.08,3707
2013-09-12,91.08,91.08,90.67,90.67,2323
2013-09-15,90.67,91.33,90.91,91.08,2966
2013-09-16,91.08,91.33,91.08,91.17,3505
2013-09-17,91.17,91.5,91.08,91.33,2202
2013-09-19,91.33,91.33,90.91,91.08,640
2013-09-22,91.08,90.67,90.42,90.42,1700
2013-09-23,90.42,89.93,89.35,89.93,10077
2013-09-24,89.93,90.01,89.43,89.43,13981
2013-09-25,89.43,89.51,89.43,89.51,10820
2013-09-26,89.51,89.59,89.43,89.43,5325
2013-09-29,89.43,89.51,89.43,89.43,1345
2013-09-30,89.43,90.42,89.93,90.01,3028
2013-10-01,90.01,90.5,89.93,90.01,2531
2013-10-02,90.01,90.26,89.84,90.01,1277
2013-10-03,90.01,90.26,90.01,90.01,1024
2013-10-06,90.01,89.84,89.76,89.76,1535
2013-10-08,89.76,90.76,90.01,90.67,9465
2013-10-09,90.67,91.17,90.91,91.08,3505
2013-10-10,91.08,92.08,91.25,91.74,3779
2013-10-17,91.74,92.24,91.74,92.24,1150
2013-10-20,92.24,94.97,92.57,94.38,12304
2013-10-21,94.38,95.13,93.89,93.89,8508
2013-10-22,93.89,93.89,92.74,92.74,3134
2013-10-23,92.74,92.74,91.91,92.65,528
2013-10-24,92.65,94.14,92.32,94.14,1735
2013-10-27,94.14,93.56,92.65,92.82,3026
2013-10-28,92.82,92.82,92.4,92.4,5246
2013-10-29,92.4,92.9,92.32,92.32,5004
2013-10-30,92.32,92.9,92.74,92.74,1622
2013-10-31,92.74,93.23,92.74,92.74,2017
2013-11-06,92.74,92.74,92.74,92.74,3800
2013-11-07,92.74,92.74,92.74,92.74,4318
2013-11-10,92.74,93.31,92.74,93.31,1129
2013-11-11,93.31,93.64,93.23,93.56,5165
2013-11-12,93.56,94.38,93.15,94.38,5057
2013-11-13,94.38,94.81,93.81,93.81,9310
2013-11-14,93.81,94.14,93.73,93.89,3593
2013-11-21,93.89,95.63,94.47,95.63,581
2013-11-24,95.63,97.7,96.21,97.36,5527
2013-11-25,97.36,97.03,96.04,96.29,2813
2013-11-26,96.29,97.03,96.04,96.04,3576
2013-11-27,96.04,96.29,95.63,95.63,7535
2013-11-28,95.63,95.63,95.04,95.13,4703
2013-12-01,95.13,97.11,95.21,96.87,6383
2013-12-02,96.87,98.02,97.28,98.02,9094
2013-12-03,98.02,99.59,97.94,99.59,23272
2013-12-04,99.59,102.9,100.26,101.41,19856
2013-12-05,101.41,102.82,100.17,102.4,36890
2013-12-08,102.4,104.13,102.4,102.73,23774
2013-12-09,102.73,106.54,102.73,106.37,43923
2013-12-10,106.37,110.42,106.03,108.52,20439
2013-12-11,108.52,109.67,107.77,108.02,13153
2013-12-12,108.02,108.84,107.2,108.02,15802
2013-12-15,108.02,109.67,107.28,108.44,15213
2013-12-16,108.44,110.17,109.18,109.42,21023
2013-12-18,109.42,112.15,109.67,112.15,6974
2013-12-19,112.15,112.15,109.26,110.5,17136
2013-12-22,110.5,110.5,109.26,110.09,11378
2013-12-23,110.09,109.67,109.09,109.26,4391
2013-12-24,109.26,110.09,108.52,110.09,2421
2013-12-26,110.09,111.74,109.26,109.26,5350
2013-12-29,109.26,110.75,108.93,110.42,9619
2013-12-31,110.42,112.15,108.84,111.74,57046
2014-01-01,111.74,115.04,110.99,114.22,39460
2014-01-02,114.22,114.05,110.91,113.89,30856
2014-01-05,113.89,114.22,112.48,113.39,10636
2014-01-06,113.39,113.48,111.74,113.48,5626
2014-01-07,113.48,114.63,112.07,112.56,9287
2014-01-08,112.56,113.48,111.74,112.65,11168
2014-01-09,112.65,113.55,110.91,112.73,33079
2014-01-12,112.73,113.63,112.15,112.65,9483
2014-01-13,112.65,113.55,112.56,112.98,2427
2014-01-14,112.98,113.39,112.48,112.56,13117
2014-01-16,112.56,114.63,112.98,113.8,15679
2014-01-19,113.8,114.88,113.55,113.89,9768
2014-01-20,113.89,115.04,113.89,114.38,15907
2014-01-21,114.38,115.62,113.8,115.62,26717
2014-01-22,115.62,115.04,113.72,113.8,15057
2014-01-23,113.8,115.46,113.97,115.46,45203
2014-01-26,115.46,115.7,113.72,114.8,58996
2014-01-27,114.8,115.78,114.22,115.46,31083
2014-01-28,115.46,119.83,115.46,118.35,54687
2014-01-29,118.35,119.26,115.87,117.36,101096
2014-02-02,117.36,118.93,116.28,118.18,38803
2014-02-03,118.18,118.76,116.78,117.53,28090
2014-02-04,117.53,118.84,117.1,118.35,13328
2014-02-05,118.35,120.83,118.35,119.34,54869
2014-02-06,119.34,122.56,120.08,122.31,31277
2014-02-09,122.31,123.55,121.15,122.07,46645
2014-02-10,122.07,123.64,119.83,120.99,33184
2014-02-11,120.99,121.98,119.17,120.99,49224
2014-02-12,120.99,121.24,117.85,118.35,122454
2014-02-13,163.78,120.66,119.51,120.66,82
2014-02-16,120.66,126.94,121.81,126.94,750
2014-02-17,126.94,133.88,128.26,133.88,1988
2014-02-18,133.88,141.48,135.37,138.18,11343
2014-02-20,138.18,139.5,135.03,136.35,5087
2014-02-23,136.35,137.35,132.39,132.39,12189
2014-02-24,132.39,136.35,132.39,132.39,16114
2014-02-25,132.39,133.88,132.22,133.88,4648
2014-02-26,133.88,135.86,131.56,131.56,3836
2014-03-03,131.56,131.73,127.93,129.26,5203
2014-03-04,129.26,129.09,126.94,128.75,2322
2014-03-05,128.75,132.88,127.43,130.9,2440
2014-03-06,130.9,130.9,128.6,130.08,1478
2014-03-09,130.08,130.74,130.74,130.74,67
2014-03-10,130.74,130.74,127.93,128.92,814
2014-03-11,128.92,129.09,122.48,124.46,9884
2014-03-12,124.46,123.64,122.31,122.48,7964
2014-03-13,122.48,123.81,122.48,122.48,10034
2014-03-17,122.48,122.31,120.0,120.0,1481
2014-03-18,120.0,120.17,115.87,115.87,3452
2014-03-19,115.87,121.65,115.87,119.67,9758
2014-03-20,119.67,122.48,120.83,122.31,5561
2014-03-23,122.31,122.64,121.81,122.48,828
2014-03-24,122.48,122.48,121.15,122.31,3115
2014-03-25,122.31,123.3,121.65,122.15,3465
2014-03-26,122.15,122.48,120.83,121.15,3461
2014-03-27,121.15,122.48,121.49,122.48,4707
2014-03-31,122.48,124.96,122.48,124.46,3806
2014-04-01,124.46,129.75,125.79,129.09,2853
2014-04-02,129.09,136.35,128.43,135.7,10128
2014-04-03,135.7,140.65,133.38,138.67,9172
2014-04-06,138.67,138.84,131.24,132.39,3871
2014-04-07,132.39,131.73,130.41,130.58,4414
2014-04-09,130.58,132.39,130.58,132.22,2535
2014-04-10,132.22,133.71,130.74,133.71,4374
2014-04-13,133.71,134.05,133.22,134.05,2003
2014-04-15,134.05,135.53,134.05,134.05,6204
2014-04-16,134.05,135.37,133.38,134.37,4895
2014-04-17,134.37,134.05,132.73,133.22,2467
2014-04-20,133.22,134.05,130.74,130.9,7050
2014-04-21,130.9,132.39,129.92,130.58,5303
2014-04-22,130.58,131.07,130.58,130.74,2464
2014-04-23,130.74,133.71,130.08,130.74,9625
2014-04-27,130.74,132.39,130.74,131.56,5598
2014-04-28,131.56,133.05,130.74,133.05,2923
2014-04-29,133.05,132.39,130.9,130.9,2877
2014-04-30,130.9,131.56,129.41,130.08,6858
2014-05-04,130.08,131.4,128.26,129.58,4403
2014-05-05,129.58,130.08,128.26,129.75,10800
2014-05-06,129.75,131.07,129.75,130.9,6809
2014-05-07,130.9,131.9,126.11,129.58,11120
2014-05-08,129.58,129.75,127.43,127.77,12906
2014-05-11,127.77,129.09,126.94,127.43,9930
2014-05-12,127.43,129.41,125.28,127.6,5807
2014-05-13,127.6,128.26,126.61,127.77,3379
2014-05-15,127.77,127.77,126.61,126.61,2042
2014-05-18,126.61,127.11,125.79,125.79,2160
2014-05-19,125.79,127.43,124.96,125.79,6231
2014-05-20,125.79,127.43,124.29,127.43,3202
2014-05-21,127.43,126.61,125.62,125.79,4824
2014-05-22,125.79,126.45,125.62,126.45,5616
2014-05-25,126.45,127.93,126.28,126.28,11337
2014-05-26,126.28,126.77,125.79,125.79,5073
2014-05-27,125.79,126.61,124.46,125.28,9612
2014-05-28,125.28,126.61,123.96,124.29,12430
2014-06-01,124.29,125.45,123.47,123.96,19346
2014-06-02,123.96,126.28,124.62,125.45,12477
2014-06-03,125.45,128.26,125.45,127.27,13739
2014-06-04,127.27,128.26,126.61,128.26,7162
2014-06-05,128.26,127.43,126.61,127.11,2724
2014-06-08,127.11,128.6,126.61,128.09,2495
2014-06-09,128.09,129.41,127.11,127.93,6865
2014-06-10,127.93,128.26,127.11,127.27,5816
2014-06-11,127.27,128.09,127.11,127.43,3096
2014-06-12,127.43,127.43,126.28,127.43,3842
2014-06-15,127.43,128.75,126.61,127.6,23092
2014-06-16,127.6,132.22,128.26,128.26,11289
2014-06-17,128.26,130.41,128.26,129.26,10346
2014-06-18,129.26,130.58,128.75,129.41,16420
2014-06-19,129.41,129.58,128.43,128.43,6176
2014-06-23,128.43,127.43,126.11,126.11,4187
2014-06-24,126.11,128.26,126.61,127.43,12271
2014-06-25,127.43,127.93,126.61,127.43,12703
2014-06-26,127.43,128.75,126.94,127.43,14697
2014-06-29,127.43,128.75,127.11,127.43,25038
2014-06-30,127.43,128.92,126.61,128.26,21073
2014-07-01,128.26,130.74,127.11,128.75,43058
2014-07-02,128.75,135.86,128.26,135.86,181213
2014-07-03,135.86,143.79,134.37,143.29,173554
2014-07-06,143.29,149.74,144.95,148.59,91713
2014-07-07,148.59,152.22,144.12,145.12,79676
2014-07-08,145.12,147.43,143.79,145.61,65576
2014-07-09,145.61,147.26,144.29,144.95,21978
2014-07-10,144.95,146.1,142.31,145.61,33101
2014-07-13,145.61,149.74,144.95,146.6,31424
2014-07-14,146.6,147.1,143.96,144.95,31499
2014-07-15,144.95,146.27,143.96,144.46,23254
2014-07-16,144.46,146.6,143.13,144.12,30929
2014-07-17,144.12,147.43,144.12,145.61,29574
2014-07-20,145.61,148.91,143.96,146.6,63663
2014-07-21,146.6,148.08,145.61,146.6,45770
2014-07-22,146.6,147.26,144.29,144.78,23144
2014-07-23,144.78,148.25,145.27,147.76,44535
2014-07-24,147.76,148.25,145.61,146.44,28811
2014-07-27,146.44,149.91,146.6,147.26,17955
2014-07-28,147.26,148.08,144.78,146.27,5645
2014-07-30,146.27,147.93,143.96,145.61,21293
2014-07-31,145.61,147.43,144.95,144.95,11784
2014-08-03,144.95,145.94,144.78,144.95,15092
2014-08-04,144.95,145.78,142.8,145.78,11454
2014-08-05,145.78,148.91,143.13,144.29,45163
2014-08-06,144.29,145.94,140.33,145.61,31619
2014-08-07,145.61,146.44,139.99,141.15,43530
2014-08-12,141.15,140.65,137.68,137.84,10316
2014-08-13,137.84,140.65,136.19,140.16,14594
2014-08-14,140.16,147.59,139.0,139.66,18250
2014-08-18,139.66,140.99,136.52,137.18,31098
2014-08-19,137.18,139.0,135.37,136.35,37489
2014-08-20,136.35,137.18,134.05,135.2,49533
2014-08-21,135.2,135.03,127.93,135.03,60787
2014-08-24,135.09,136.54,132.18,133.63,4361
2014-08-25,133.63,132.73,127.64,128.9,8257
2014-08-26,128.9,130.54,127.27,128.18,11296
2014-08-27,128.18,133.26,129.09,129.45,19093
2014-08-28,129.45,132.73,129.45,129.45,21754
2014-08-31,129.45,130.54,128.54,129.09,4360
2014-09-01,129.09,128.72,124.54,127.27,12355
2014-09-03,127.27,129.26,127.09,127.27,6471
2014-09-04,127.27,126.9,122.55,125.45,6248
2014-09-07,125.45,125.81,123.64,124.17,9195
2014-09-09,124.17,127.45,124.0,126.36,24837
2014-09-10,126.36,128.9,125.45,126.18,13305
2014-09-11,126.18,126.18,124.91,125.45,3617
2014-09-14,125.45,126.73,124.0,125.45,6156
2014-09-15,125.45,126.36,124.54,126.36,7966
2014-09-16,126.36,126.9,125.45,126.36,4776
2014-09-17,126.36,126.9,125.45,126.0,4429
2014-09-18,126.0,126.36,125.81,126.36,717
2014-09-21,125.81,124.54,121.81,122.36,13965
2014-09-22,122.36,123.64,119.63,119.63,3918
2014-09-23,119.63,123.64,120.0,122.0,2487
2014-09-24,122.0,126.54,122.18,126.54,2232
2014-09-28,126.54,128.54,125.64,128.36,4265
2014-09-29,128.36,130.54,127.09,129.09,4911
2014-09-30,129.09,130.36,126.73,126.73,10947
2014-10-08,126.73,125.45,125.45,125.45,97
2014-10-09,125.45,125.45,124.17,125.45,3445
2014-10-12,125.45,125.64,122.36,124.54,4927
2014-10-13,124.54,125.45,121.81,124.54,10243
2014-10-14,124.54,124.72,123.45,124.36,4101
2014-10-15,124.36,125.27,124.36,124.72,4234
2014-10-16,124.72,126.18,125.45,126.18,2263
2014-10-19,126.18,126.54,123.64,124.72,5059
2014-10-20,124.72,126.9,123.45,125.09,1465
2014-10-21,125.09,127.45,123.81,127.45,3242
2014-10-22,127.45,127.45,126.36,126.73,2382
2014-10-26,126.73,127.27,126.18,126.18,600
2014-10-27,126.18,128.0,125.45,125.45,4355
2014-10-28,125.45,127.27,125.64,125.64,2747
2014-10-30,125.64,125.81,124.54,125.27,1153
2014-11-02,125.27,125.27,123.27,123.27,2538
2014-11-03,123.27,123.64,122.0,123.27,3894
2014-11-04,123.27,123.09,121.45,122.72,5407
2014-11-05,122.72,123.64,120.36,122.91,3375
2014-11-06,122.91,123.64,122.36,123.09,2942
2014-11-09,123.09,122.91,120.72,121.81,10021
2014-11-10,121.81,122.0,120.0,120.36,6199
2014-11-11,120.36,123.64,120.36,123.64,4739
2014-11-12,123.64,123.45,122.0,122.0,1205
2014-11-13,122.0,122.0,120.91,121.64,4011
2014-11-16,121.64,122.18,120.18,120.55,3335
2014-11-17,120.55,120.91,116.91,118.18,7615
2014-11-18,118.18,119.27,116.36,118.18,5172
2014-11-19,118.18,121.64,118.18,120.0,4637
2014-11-20,120.0,123.64,120.91,122.72,2633
2014-11-23,122.72,125.45,121.45,122.36,7276
2014-11-24,122.36,122.0,120.91,120.91,5067
2014-11-25,120.91,121.81,120.0,120.72,3039
2014-11-30,120.72,122.36,120.0,120.91,2169
2014-12-01,120.91,121.81,119.45,119.45,4993
2014-12-02,119.45,120.36,118.55,118.72,6539
2014-12-03,118.72,121.27,117.64,120.0,7340
2014-12-04,120.0,121.09,120.0,120.0,4714
2014-12-07,120.0,120.91,119.63,120.0,3241
2014-12-08,120.0,120.36,120.0,120.0,1552
2014-12-09,120.0,120.18,119.82,120.0,1542
2014-12-10,120.0,122.55,120.0,120.36,4880
2014-12-11,120.36,122.18,119.63,122.18,6769
2014-12-14,122.18,127.27,123.45,125.81,6083
2014-12-15,125.81,127.45,122.0,126.18,17687
2014-12-16,126.18,125.64,123.64,124.36,10113
2014-12-17,124.36,124.72,123.09,123.64,4450
2014-12-18,123.64,123.09,121.09,122.18,4696
2014-12-21,122.18,121.45,120.91,121.27,2254
2014-12-22,121.27,121.27,120.18,120.91,2677
2014-12-23,120.91,120.72,119.27,120.0,7836
2014-12-24,120.0,121.81,120.0,120.55,13872
2014-12-28,120.55,124.36,120.91,124.36,5716
2014-12-29,124.36,124.0,122.18,124.0,1849
2014-12-31,124.0,122.72,120.91,122.18,5587
2015-01-01,122.18,122.72,121.81,121.81,2812
2015-01-04,121.81,123.09,121.45,122.18,6607
2015-01-05,122.18,123.45,121.81,122.18,8022
2015-01-06,122.18,123.45,120.18,120.91,3966
2015-01-07,120.91,122.72,120.36,121.27,12041
2015-01-08,121.27,123.64,120.91,121.81,12627
2015-01-11,121.81,122.72,120.91,121.27,7686
2015-01-12,121.27,121.81,120.18,121.64,6692
2015-01-13,121.64,122.91,120.55,122.91,3131
2015-01-14,122.91,123.64,122.72,123.09,3870
2015-01-18,123.09,123.64,122.36,122.36,5197
2015-01-19,122.36,128.72,123.45,124.54,11524
2015-01-20,124.54,125.45,122.91,123.45,5260
2015-01-22,123.45,124.17,122.36,123.09,5315
2015-01-25,123.09,124.0,120.91,124.0,3018
2015-01-26,124.0,124.54,122.0,122.91,4844
2015-01-27,122.91,124.36,120.0,124.36,20013
2015-01-28,124.36,126.9,123.64,124.54,12374
2015-01-29,124.54,125.45,123.45,124.54,12603
2015-02-01,124.54,124.17,123.27,124.17,12533
2015-02-02,124.17,125.09,123.64,124.0,3067
2015-02-03,124.0,123.81,122.72,123.64,6489
2015-02-04,123.64,123.27,121.81,122.36,3334
2015-02-05,122.36,122.72,121.81,122.18,8844
2015-02-08,122.18,123.27,121.64,121.81,10918
2015-02-09,121.81,122.72,120.72,121.81,8575
2015-02-10,121.81,122.55,121.27,121.81,4313
2015-02-11,121.81,122.36,119.27,122.36,4575
2015-02-12,122.36,122.72,121.45,121.45,3601
2015-02-15,121.45,121.81,120.18,120.72,11221
2015-02-16,120.72,120.72,118.72,120.36,18079
2015-02-19,120.36,122.0,120.0,120.55,6118
2015-02-22,120.55,120.55,119.45,119.63,9716
2015-02-23,119.63,120.72,118.55,119.63,3972
2015-02-24,119.63,119.82,118.72,119.63,4136
2015-02-25,119.63,120.0,118.72,119.63,9581
2015-02-26,119.63,120.36,120.36,120.36,23
2015-03-01,120.91,119.82,119.09,119.45,2959
2015-03-02,119.45,120.18,119.45,120.18,6723
2015-03-03,120.18,121.27,119.09,119.27,3217
2015-03-04,119.27,120.72,118.36,120.0,3456
2015-03-09,120.0,120.91,120.0,120.72,9350
2015-03-10,120.72,120.55,119.63,119.82,1925
2015-03-11,119.82,120.72,119.27,120.36,5899
2015-03-12,120.36,120.91,119.63,119.63,1520
2015-03-15,119.63,119.63,118.91,119.09,5636
2015-03-16,119.09,119.63,118.18,118.36,7456
2015-03-17,118.36,119.09,117.27,119.09,2278
2015-03-18,119.09,119.27,117.27,118.91,5413
2015-03-19,118.91,121.45,118.55,121.45,4124
2015-03-22,121.45,123.27,119.09,119.45,4075
2015-03-23,119.45,119.09,117.09,118.36,7523
2015-03-24,118.36,119.27,117.27,118.18,2149
2015-03-25,118.18,118.91,118.18,118.72,3185
2015-03-26,118.72,118.72,117.64,118.36,4501
2015-03-29,118.36,118.36,117.27,117.46,4270
2015-03-30,117.46,119.09,117.09,119.09,2845
2015-03-31,119.09,118.72,117.64,118.55,5880
2015-04-01,118.55,119.27,118.18,118.72,1514
2015-04-02,118.72,118.55,117.64,117.64,3753
2015-04-05,117.64,118.72,117.82,118.18,2685
2015-04-06,118.18,118.18,116.73,117.46,3670
2015-04-07,117.46,118.18,116.91,117.82,2975
2015-04-08,117.82,118.18,117.27,118.0,3230
2015-04-09,118.0,118.55,117.09,117.46,3751
2015-04-12,117.46,119.63,118.55,118.91,2840
2015-04-13,118.91,119.45,118.18,119.09,4619
2015-04-15,119.09,119.09,118.18,119.09,1709
2015-04-16,119.09,118.36,117.64,117.64,2693
2015-04-19,117.64,119.09,117.09,119.09,7789
2015-04-20,119.09,119.63,118.18,119.63,5167
2015-04-21,119.63,120.18,119.82,120.0,849
2015-04-22,120.0,120.36,118.55,118.55,244
2015-04-23,120.0,119.45,118.18,119.27,3665
2015-05-24,119.27,118.18,114.91,114.91,46
2015-05-25,114.91,113.82,109.09,109.09,1062
2015-05-26,109.09,110.01,105.82,106.37,15445
2015-05-27,106.37,106.91,102.73,104.55,7572
2015-05-28,104.55,107.28,104.55,107.09,7879
2015-05-31,107.09,110.91,107.64,110.73,7909
2015-06-01,110.73,112.55,110.91,111.27,8778
2015-06-02,111.27,112.37,110.01,112.37,6997
2015-06-03,112.37,114.91,111.64,114.91,4734
2015-06-04,114.91,115.63,114.55,115.63,9099
2015-06-07,115.63,116.55,114.91,116.36,4996
2015-06-08,116.36,120.18,116.36,119.27,4529
2015-06-09,119.27,121.45,120.0,120.55,8335
2015-06-10,120.55,121.81,118.18,118.18,1489
2015-06-11,118.18,117.09,115.27,115.82,7078
2015-06-14,115.82,116.36,115.27,115.46,7918
2015-06-15,115.46,117.27,115.46,117.27,4294
2015-06-16,117.09,117.27,115.09,116.0,4779
2015-06-17,116.0,117.09,114.91,116.18,2616
2015-06-18,116.18,117.27,117.27,117.27,32
2015-06-21,117.27,117.09,113.46,114.18,2379
2015-06-22,113.27,115.27,113.1,114.18,7014
2015-06-23,114.0,115.09,113.1,115.09,6719
2015-06-24,115.46,116.91,114.18,114.18,2008
2015-06-25,114.55,116.91,114.0,115.27,4048
2015-06-28,115.27,115.63,114.18,114.55,8532
2015-06-29,115.63,115.63,114.36,115.46,3261
2015-06-30,115.46,115.46,114.55,114.73,1106
2015-07-01,115.09,115.46,114.18,114.18,5335
2015-07-02,113.82,114.18,113.1,113.63,3214
2015-07-05,112.55,113.82,112.55,113.63,2399
2015-07-06,113.63,114.36,113.46,113.63,5348
2015-07-07,114.73,115.27,113.1,113.1,3154
2015-07-08,113.63,116.55,113.63,116.55,573
2015-07-09,115.46,115.46,113.46,114.36,3088
2015-07-12,114.36,114.36,114.0,114.18,4179
2015-07-13,114.0,114.91,113.63,114.18,7194
2015-07-14,114.55,114.73,114.18,114.73,4121
2015-07-15,114.18,114.91,114.18,114.91,3872
2015-07-16,114.91,114.73,114.0,114.36,881
2015-07-22,114.55,114.55,113.27,113.82,8554
2015-07-23,113.82,114.91,114.0,114.55,9595
2015-07-26,114.55,118.91,115.63,118.91,1700
2015-07-27,118.91,120.0,115.09,115.09,5870
2015-07-28,115.09,114.36,112.73,112.73,9134
2015-07-29,112.73,113.27,111.82,112.37,9298
2015-07-30,112.37,114.36,112.55,113.27,16138
2015-08-02,113.27,113.46,112.37,113.1,1361
2015-08-03,113.1,112.91,111.64,111.82,10963
2015-08-04,111.82,113.27,111.82,112.73,6855
2015-08-05,112.73,113.46,111.82,112.37,7533
2015-08-06,112.37,113.27,110.91,110.91,10766
2015-08-09,110.91,112.73,110.91,111.46,18895
2015-08-10,111.46,112.37,110.91,111.64,13455
2015-08-11,111.64,111.82,110.54,110.91,14170
2015-08-12,111.09,111.64,110.01,110.91,6365
2015-08-13,110.91,111.09,110.54,110.54,11156
2015-08-16,56.39,112.0,105.82,108.73,5088
2015-08-17,109.46,111.46,109.46,110.73,6382
2015-08-18,110.73,110.91,109.82,109.82,9602
2015-08-19,109.64,110.91,108.73,110.18,11580
2015-08-20,110.54,110.54,109.09,109.46,14022
2015-08-23,108.55,108.55,105.82,106.37,10384
2015-08-24,106.37,108.37,104.55,107.28,24531
2015-08-25,106.37,108.01,104.55,107.28,17311
2015-08-26,107.28,108.18,105.64,107.46,17432
2015-08-27,106.91,107.82,106.73,107.82,2219
2015-08-31,107.64,107.82,106.37,106.73,2512
2015-09-01,106.73,107.64,105.82,107.64,18241
2015-09-02,107.28,108.18,107.28,107.82,2160
2015-09-03,107.82,108.55,107.28,108.37,4379
2015-09-06,108.18,108.18,106.91,107.28,7040
2015-09-07,106.91,107.09,105.09,106.91,3764
2015-09-08,106.37,106.73,105.64,106.73,4777
2015-09-09,106.73,107.64,106.37,107.28,3125
2015-09-10,107.28,107.28,106.18,107.09,3873
2015-09-13,106.55,106.73,105.46,105.46,7073
2015-09-14,106.18,107.82,106.18,107.28,1639
2015-09-15,108.18,108.73,107.64,108.01,6124
2015-09-16,107.28,108.18,107.28,107.28,2247
2015-09-17,108.18,108.18,107.28,108.01,4486
2015-09-22,107.28,107.28,107.28,107.28,369
2015-09-23,108.18,110.73,107.64,109.28,6330
2015-09-24,108.37,108.37,107.28,107.28,2688
2015-09-29,106.55,107.46,106.55,107.28,9447
2015-09-30,107.46,107.82,107.28,107.46,1700
2015-10-01,107.28,107.28,105.64,106.55,1632
2015-10-04,106.37,107.28,106.0,106.55,10168
2015-10-05,106.55,106.91,106.0,106.91,4836
2015-10-06,106.18,107.09,106.0,106.37,5098
2015-10-07,105.46,106.18,104.92,106.18,4193
2015-10-08,106.73,106.73,104.73,106.73,4508
2015-10-11,106.18,107.09,105.82,106.73,13224
2015-10-14,106.0,106.0,105.64,105.64,201
2015-10-15,105.46,106.0,104.73,104.73,884
2015-10-18,103.82,105.46,103.82,104.73,2058
2015-10-27,103.82,104.73,103.09,103.46,1846
2015-10-28,102.55,102.73,102.0,102.73,2002
2015-10-29,102.73,104.55,102.73,104.55,1607
2015-11-01,105.09,106.0,104.92,105.28,6745
2015-11-02,106.18,107.28,105.28,106.37,2115
2015-11-03,106.91,106.91,106.37,106.37,2334
2015-11-04,107.28,107.28,105.82,105.82,2788
2015-11-05,106.37,110.73,105.46,110.73,2874
2015-11-08,109.82,110.18,108.91,110.18,296
2015-11-09,109.28,109.28,105.64,105.82,734
2015-11-10,105.64,106.37,105.09,105.82,4406
2015-11-15,104.92,105.46,104.01,105.46,303
2015-11-16,105.09,105.46,105.09,105.09,2184
2015-11-18,106.0,106.0,105.09,105.64,2833
2015-11-19,104.73,105.46,104.55,104.92,1550
2015-11-22,104.01,104.55,102.73,102.92,6871
2015-11-23,102.92,103.82,102.19,103.82,1376
2015-11-24,103.64,106.91,103.64,106.91,4441
2015-11-25,106.0,106.0,103.28,105.09,2639
2015-11-26,105.09,105.09,103.28,103.64,1484
2015-11-29,102.73,102.92,102.0,102.37,4283
2015-11-30,103.28,104.92,102.73,104.92,3588
2015-12-01,104.92,104.73,103.64,104.37,5524
2015-12-02,105.09,106.37,103.09,106.37,4455
2015-12-03,105.46,107.28,105.28,107.28,482
2015-12-04,106.73,107.09,105.46,105.46,2748
2015-12-07,104.55,104.55,103.64,103.64,4152
2015-12-08,103.64,104.19,103.28,104.19,3447
2015-12-09,104.01,104.55,103.64,104.55,3823
2015-12-10,104.19,105.09,103.64,104.19,3245
2015-12-13,104.19,105.82,104.19,105.46,3276
2015-12-14,104.55,105.46,104.37,105.46,531
2015-12-15,104.55,104.92,103.28,104.55,1957
2015-12-16,104.01,104.55,103.64,103.64,10395
2015-12-17,103.64,103.82,103.09,103.64,6204
2015-12-20,103.64,103.64,103.28,103.64,10840
2015-12-21,103.64,103.46,102.73,103.28,2708
2015-12-22,103.64,104.19,103.09,103.28,4944
2015-12-23,103.28,103.82,102.73,103.64,1794
2015-12-24,103.64,103.64,102.37,103.28,1469
2015-12-25,102.92,104.19,102.73,103.46,1606
2015-12-28,103.46,103.28,102.37,102.73,11495
2015-12-29,102.73,104.01,102.55,102.73,2124
2015-12-31,102.55,104.37,102.55,103.64,4564
2016-01-03,103.28,103.28,102.37,102.92,3910
2016-01-04,102.92,103.82,102.55,103.09,5072
2016-01-05,102.19,106.37,102.19,105.46,8473
2016-01-06,105.09,105.09,102.55,104.01,5504
2016-01-07,103.28,104.55,102.55,102.92,5041
2016-01-10,102.92,103.82,102.73,103.09,4883
2016-01-11,102.55,103.82,101.83,103.64,10060
2016-01-12,102.73,103.64,102.37,103.64,6323
2016-01-13,103.64,104.55,102.73,103.64,8237
2016-01-14,103.64,104.73,103.09,103.64,11367
2016-01-19,104.55,108.18,104.55,108.18,50
2016-01-20,109.09,113.1,109.09,113.1,50
2016-01-21,113.1,118.72,114.18,118.72,2600
2016-01-24,118.72,119.82,119.09,119.82,210
2016-01-25,120.91,122.0,120.91,122.0,226
2016-01-27,122.0,120.72,120.72,120.72,20
2016-01-28,119.45,119.45,118.36,118.36,44
2016-02-01,118.36,117.27,117.27,117.27,100
2016-02-04,116.18,116.18,116.18,116.18,10
2016-02-07,116.18,115.09,110.37,110.37,5570
2016-02-08,110.37,114.91,107.46,111.82,30502
2016-02-11,111.82,111.82,109.82,110.01,7276
2016-02-14,109.09,111.64,109.09,110.91,14582
2016-02-15,112.0,112.73,110.37,110.54,9010
2016-02-16,110.54,111.46,109.09,110.73,4320
2016-02-17,110.73,110.73,109.82,110.54,3025
2016-02-18,110.54,110.91,109.82,110.18,7735
2016-02-21,111.09,111.09,110.54,111.09,10123
2016-02-22,111.09,112.0,110.37,112.0,11438
2016-02-23,112.0,111.27,111.09,111.09,3494
2016-02-24,110.37,110.91,110.37,110.91,1230
2016-02-25,110.54,110.54,110.01,110.54,1770
2016-02-28,110.54,111.46,109.82,109.82,6537
2016-02-29,109.82,109.64,109.09,109.09,2597
2016-03-01,109.09,109.28,108.37,109.28,1900
2016-03-02,108.37,111.09,108.37,111.09,2109
2016-03-03,110.91,110.91,108.91,110.37,5180
2016-03-06,110.91,112.0,110.01,110.18,7987
2016-03-10,110.91,115.27,110.54,115.27,28846
2016-03-13,116.36,121.09,116.36,121.09,75657
2016-03-14,122.36,127.45,122.36,124.54,72120
2016-03-15,123.64,123.64,118.36,118.36,36177
2016-03-16,117.46,117.82,115.46,117.09,12334
2016-03-17,117.82,118.18,115.09,118.18,14994
2016-03-20,118.55,119.27,116.18,118.0,10824
2016-03-21,119.09,119.09,116.36,116.55,11009
2016-03-23,115.46,116.36,114.55,116.0,7072
2016-03-24,116.0,117.09,113.46,113.46,16649
2016-03-27,113.46,113.82,111.27,113.46,15456
2016-03-28,113.46,113.63,112.91,113.27,8105
2016-03-29,112.18,113.46,111.82,112.73,4057
2016-03-30,112.73,113.82,111.82,112.0,7975
2016-03-31,112.0,113.63,111.46,112.37,7797
2016-04-03,112.37,113.27,111.09,113.27,9938
2016-04-04,113.27,113.63,111.82,112.73,8231
2016-04-05,112.73,113.63,112.37,113.46,6335
2016-04-06,113.46,113.63,112.0,112.0,7395
2016-04-10,112.0,112.73,111.27,112.0,9705
2016-04-11,112.0,112.55,111.82,112.55,3793
2016-04-12,112.55,112.55,111.82,111.82,2060
2016-04-14,111.82,112.91,111.09,112.73,7178
2016-04-17,112.18,112.73,112.18,112.73,3426
2016-04-18,112.73,113.82,112.55,112.55,3413
2016-04-19,112.55,112.73,111.82,112.73,11936
2016-04-20,112.73,112.73,112.0,112.55,15598
2016-04-21,112.55,112.37,111.46,111.46,14729
2016-04-24,111.46,112.73,111.64,112.0,7322
2016-04-25,112.0,111.82,111.09,111.27,14693
2016-04-26,111.27,112.37,110.91,111.82,17487
2016-04-27,111.82,111.64,110.91,111.64,10935
2016-04-28,111.64,112.73,110.91,112.73,5412
2016-05-02,112.73,112.55,111.64,112.18,12570
2016-05-03,112.18,116.55,111.82,115.82,64128
2016-05-04,115.82,115.63,113.63,114.55,9744
2016-05-05,114.55,114.18,112.73,113.46,12283
2016-05-08,113.46,115.82,114.0,114.55,25974
2016-05-09,114.73,117.82,114.18,116.73,29320
2016-05-10,116.73,118.72,116.36,116.36,25723
2016-05-11,116.36,118.0,116.36,116.73,10800
2016-05-12,117.82,118.91,117.64,117.82,19548
2016-05-15,118.0,118.18,116.36,117.27,9850
2016-05-16,117.27,118.18,116.36,116.91,8084
2016-05-17,116.18,116.91,116.0,116.18,13306
2016-05-18,116.18,117.82,116.91,117.27,11248
2016-05-19,117.27,118.18,116.36,117.27,9542
2016-05-22,117.27,117.64,116.36,116.55,26817
2016-05-23,116.55,117.09,116.0,117.09,14083
2016-05-24,117.09,117.27,116.55,116.73,13309
2016-05-25,116.73,117.82,116.36,117.82,21449
2016-05-26,117.82,117.82,116.36,117.64,11988
2016-05-29,117.64,119.82,117.09,117.09,9597
2016-05-30,117.09,118.55,117.46,118.18,12088
2016-05-31,118.18,124.36,118.18,124.36,61779
2016-06-01,124.36,129.45,120.72,122.91,78039
2016-06-02,122.91,122.72,120.55,121.09,25787
2016-06-05,121.09,120.55,118.18,118.18,16319
2016-06-06,118.18,120.36,118.72,120.0,11655
2016-06-07,120.0,120.0,118.72,119.63,9737
2016-06-08,119.63,120.72,118.55,119.82,13836
2016-06-09,119.82,120.36,117.46,119.82,26484
2016-06-12,119.82,121.27,118.91,121.09,50039
2016-06-13,121.09,122.36,120.0,120.91,43140
2016-06-14,121.45,124.54,121.27,122.72,67920
2016-06-15,123.09,123.64,121.27,121.64,27350
2016-06-16,121.64,128.0,122.91,125.09,47493
2016-06-19,125.09,130.73,124.54,127.27,90850
2016-06-20,127.27,129.45,126.0,126.54,60257
2016-06-21,126.54,129.09,126.54,127.27,38502
2016-06-22,128.54,129.81,126.9,128.36,29094
2016-06-23,128.36,135.45,129.26,135.45,156869
2016-06-26,135.45,136.9,131.81,131.81,62449
2016-06-27,131.81,135.27,132.73,133.45,56552
2016-06-28,133.45,135.45,131.99,134.35,27672
2016-06-29,134.35,135.82,132.36,135.09,67476
2016-06-30,135.09,135.82,133.63,135.45,60741
2016-07-03,135.45,138.18,134.54,135.27,19157
2016-07-04,135.27,135.27,133.99,134.18,22942
2016-07-05,133.63,134.54,133.26,133.63,10719
2016-07-06,133.63,134.18,132.73,133.09,20544
2016-07-10,133.09,133.63,132.18,132.73,33129
2016-07-11,132.73,132.73,130.0,131.27,14144
2016-07-12,131.27,131.27,127.81,130.0,22869
2016-07-13,130.0,129.09,126.36,128.54,15233
2016-07-14,128.18,133.26,128.18,131.27,42759
2016-07-17,131.27,135.45,131.81,132.9,32931
2016-07-18,132.9,134.35,131.45,131.81,13166
2016-07-19,131.81,133.45,130.0,132.73,38058
2016-07-20,133.09,133.09,131.27,131.63,11320
2016-07-21,131.63,131.63,129.26,131.45,23283
2016-07-25,131.45,132.73,130.9,131.81,21184
2016-07-26,131.81,134.18,130.9,133.45,35590
2016-07-27,133.45,135.45,131.99,133.99,33978
2016-07-28,133.99,134.18,131.81,133.26,28720
2016-07-31,133.26,140.9,132.73,140.9,135415
2016-08-01,140.9,144.53,136.35,139.63,50730
2016-08-02,139.63,139.08,135.63,137.08,54916
2016-08-03,137.08,137.08,131.99,137.08,24492
2016-08-04,137.08,138.54,131.81,131.81,29163
2016-08-07,131.81,139.27,133.26,137.27,70764
2016-08-08,137.27,136.35,129.63,131.09,40204
2016-08-09,132.54,137.27,132.54,134.54,5971
2016-08-10,135.99,138.72,131.63,135.27,65264
2016-08-11,135.63,136.18,133.45,134.54,89007
2016-08-14,133.09,133.09,129.81,132.36,106293
2016-08-15,132.36,135.16,126.36,130.36,35439
2016-08-16,129.36,129.76,126.17,127.36,6738
2016-08-17,128.76,131.36,128.76,130.36,15832
2016-08-21,129.96,129.96,127.16,128.76,2985
2016-08-22,127.16,127.16,121.37,123.36,12380
2016-08-23,122.36,124.36,119.56,122.56,15006
2016-08-24,123.76,123.96,119.37,121.16,7157
2016-08-28,121.16,125.56,119.97,123.57,5064
2016-08-29,122.36,124.36,120.76,124.36,6465
2016-08-30,123.36,124.96,123.36,124.96,4138
2016-08-31,123.76,123.76,119.76,120.96,13230
2016-09-01,119.76,120.76,118.77,119.76,8824
2016-09-04,119.76,124.16,118.96,124.16,15750
2016-09-05,125.36,125.36,120.96,122.16,7583
2016-09-06,121.16,121.96,120.76,120.76,4247
2016-09-07,121.76,121.76,119.37,120.76,8267
2016-09-08,120.76,120.76,119.76,120.16,6626
2016-09-11,119.97,120.16,118.36,120.16,6643
2016-09-12,119.16,120.76,118.96,119.16,3344
2016-09-14,119.37,120.16,118.57,119.76,14414
2016-09-18,120.56,120.56,118.36,119.56,9852
2016-09-20,118.57,120.16,118.57,120.16,19641
2016-09-21,118.96,120.36,118.77,120.36,16016
2016-09-22,120.56,123.76,119.97,120.56,11901
2016-09-25,120.56,123.76,119.97,120.56,11901
2016-09-26,117.97,119.56,117.97,118.77,12182
2016-09-27,118.77,119.37,118.36,118.77,11066
2016-09-28,117.56,119.37,117.56,118.57,4388
2016-09-29,117.56,118.36,115.97,117.56,21704
2016-10-02,116.36,117.97,114.16,117.97,16525
2016-10-03,116.96,117.56,116.36,117.36,18923
2016-10-04,117.36,117.76,116.57,117.17,8603
2016-10-05,117.36,119.76,117.36,117.36,15217
2016-10-06,118.57,120.76,117.56,120.76,9330
2016-10-16,119.56,121.16,118.57,119.37,5959
2016-10-17,118.57,119.97,118.57,119.56,8800
2016-10-18,118.96,119.56,118.96,119.37,3832
2016-10-19,118.77,120.56,118.57,119.16,6093
2016-10-20,119.37,119.37,118.36,119.16,8394
2016-10-23,118.36,119.76,118.16,118.96,8181
2016-10-24,117.97,120.16,117.97,119.97,8316
2016-10-25,118.77,119.56,118.36,119.16,6363
2016-10-26,118.96,119.16,118.77,119.16,5324
2016-10-27,120.36,120.36,118.77,119.97,2273
2016-11-03,118.77,118.77,117.56,118.77,1642
2016-11-07,117.56,118.57,117.56,118.36,6544
2016-11-08,118.57,118.77,117.56,117.76,7379
2016-11-09,117.76,117.76,116.36,116.36,9327
2016-11-10,115.17,117.17,115.17,116.96,5246
2016-11-13,115.77,116.76,115.37,116.57,7990
2016-11-14,115.77,116.57,115.37,115.56,3195
2016-11-15,116.57,115.97,114.96,115.97,2655
2016-11-16,115.37,115.56,114.36,114.36,5329
2016-11-17,114.36,115.37,113.36,115.37,2824
2016-11-20,115.37,115.37,112.37,112.37,1020
2016-11-21,112.37,113.17,109.57,110.37,19562
2016-11-22,109.36,111.97,109.36,110.97,6612
2016-11-23,110.57,111.36,108.37,109.36,8129
2016-11-24,109.77,111.36,109.17,110.37,10701
2016-11-27,109.36,109.36,105.37,106.37,19305
2016-11-28,105.37,110.37,102.77,110.37,5222
2016-11-29,109.36,112.37,107.36,112.37,7905
2016-11-30,113.36,114.57,110.76,114.36,21105
2016-12-01,113.77,114.36,110.76,110.76,9291
2016-12-04,111.77,111.77,109.96,109.96,2417
2016-12-05,110.37,110.37,109.36,109.36,647
2016-12-06,109.57,110.37,108.37,110.37,4261
2016-12-07,109.77,110.37,109.77,109.96,4512
2016-12-08,108.97,109.36,108.37,108.57,4478
2016-12-11,107.36,108.37,107.36,107.57,2743
2016-12-12,106.77,107.77,106.37,106.77,1745
2016-12-14,107.77,108.17,106.97,108.17,1778
2016-12-15,107.97,109.57,107.57,109.17,1660
2016-12-18,109.36,110.57,108.17,110.57,990
2016-12-19,109.57,109.57,108.57,108.57,3187
2016-12-20,108.37,108.37,107.36,107.36,4813
2016-12-21,106.77,107.97,106.37,106.97,3627
2016-12-22,105.96,107.36,105.57,107.36,344
2016-12-26,107.36,107.36,104.57,104.57,9156
2016-12-27,104.37,105.57,103.57,104.77,4439
2016-12-28,105.57,106.37,104.17,105.37,7568
2016-12-29,105.96,106.37,105.57,105.96,7942
2017-01-01,105.57,108.37,105.57,106.37,10091
2017-01-02,107.36,107.36,105.57,105.57,9057
2017-01-03,104.77,107.36,104.77,107.36,7007
2017-01-04,106.37,107.36,105.96,106.77,3661
2017-01-05,105.96,106.37,105.96,106.37,2129
2017-01-08,105.57,106.37,105.37,106.37,3126
2017-01-09,106.37,106.77,105.96,106.77,336
2017-01-10,106.77,107.36,106.37,107.36,1154
2017-01-11,108.17,108.17,105.77,106.17,4037
2017-01-12,106.37,107.36,106.17,106.97,6482
2017-01-15,106.77,106.77,105.77,105.77,2709
2017-01-16,104.97,106.17,104.97,105.37,4183
2017-01-17,105.37,105.77,105.17,105.77,2049
2017-01-18,105.17,105.77,105.17,105.77,491
2017-01-19,105.37,105.96,105.17,105.37,3921
2017-01-22,105.17,106.56,104.97,106.56,4038
2017-01-23,105.57,106.37,105.57,105.77,9685
2017-01-24,105.37,106.37,105.37,105.77,7167
2017-01-25,104.97,105.37,104.37,104.57,3320
2017-01-26,103.77,103.77,101.57,102.97,7702
2017-01-30,102.17,102.17,98.37,99.17,5775
2017-01-31,98.37,100.97,97.57,100.97,2518
2017-02-01,101.77,104.97,101.77,103.57,2764
2017-02-02,104.37,105.17,102.37,102.37,18329
2017-02-05,102.37,103.16,100.97,101.17,3768
2017-02-06,100.37,101.97,100.17,101.97,957
2017-02-07,101.17,101.37,100.37,100.57,11067
2017-02-08,100.57,100.57,99.97,99.97,4713
2017-02-09,100.37,100.37,98.77,98.77,7226
2017-02-12,98.17,98.77,97.37,97.37,5197
2017-02-13,97.97,100.37,96.57,100.37,3448
2017-02-14,99.57,99.57,96.37,99.57,5516
2017-02-15,100.37,100.37,98.17,100.17,5154
2017-02-16,100.97,100.97,99.37,100.37,2683
2017-02-19,99.57,100.77,99.57,100.77,6166
2017-02-20,100.77,102.37,99.37,99.97,5449
2017-02-21,100.17,100.17,98.77,98.77,3733
2017-02-22,97.97,98.77,97.18,97.97,2484
2017-02-23,97.97,99.57,97.97,98.17,3577
2017-02-26,97.57,97.97,97.37,97.77,1269
2017-02-28,98.37,98.37,97.57,97.97,1662
2017-03-01,97.57,98.97,97.37,98.97,3317
2017-03-02,98.58,99.17,97.77,99.17,2681
2017-03-05,98.77,99.57,98.17,99.17,4612
2017-03-06,98.97,99.37,97.77,99.37,4875
2017-03-07,99.37,99.37,97.57,98.37,3347
2017-03-09,98.37,100.77,98.37,100.57,4040
2017-03-13,100.17,102.17,100.17,101.97,11867
2017-03-14,101.17,101.57,100.17,100.77,6406
2017-03-15,99.97,103.77,99.57,102.37,11463
2017-03-16,102.56,102.56,100.77,101.77,3869
2017-03-19,101.77,103.37,101.17,102.17,6260
2017-03-20,102.37,103.77,102.17,102.77,9785
2017-03-21,103.57,104.37,101.77,104.37,4241
2017-03-22,105.17,108.76,103.77,104.77,28299
2017-03-23,105.57,109.17,103.16,108.37,28717
2017-03-26,109.96,114.16,107.36,111.97,42623
2017-03-28,111.97,115.97,110.97,113.96,5931
2017-03-29,113.96,114.96,109.57,110.57,22957
2017-03-30,110.57,112.16,109.57,110.37,9588
2017-04-02,111.36,113.96,110.37,111.36,6514
2017-04-03,112.37,115.37,111.36,111.36,19680
2017-04-04,110.76,111.56,109.36,111.56,16352
2017-04-06,111.56,111.36,109.77,110.97,8798
2017-04-09,110.97,114.36,110.57,113.96,18557
2017-04-10,113.56,117.17,113.56,116.36,39707
2017-04-11,117.56,119.56,115.56,116.57,20961
2017-04-12,116.36,117.56,115.37,115.37,22956
2017-04-13,114.36,114.96,112.96,113.77,4349
2017-04-16,114.76,114.76,110.97,112.37,14739
2017-04-18,113.36,113.77,110.37,112.16,7247
2017-04-19,112.16,113.17,110.76,113.17,8409
2017-04-20,112.16,114.57,111.36,114.57,4211
2017-04-23,115.56,117.17,113.56,113.77,15629
2017-04-24,113.36,114.96,112.37,113.77,18004
2017-04-25,113.56,113.56,111.97,112.96,10975
2017-04-26,112.37,114.96,112.16,114.76,12747
2017-04-27,113.96,115.77,112.16,114.36,37296
2017-04-30,113.36,115.37,111.56,114.36,14105
2017-05-02,113.36,114.36,111.36,111.36,14592
2017-05-03,112.37,113.36,111.97,112.77,3195
2017-05-04,111.97,112.37,111.56,111.77,3005
2017-05-07,112.16,112.16,109.57,110.37,1957
2017-05-08,109.57,113.56,109.36,111.56,8621
2017-05-09,111.36,115.17,110.37,113.36,19785
2017-05-11,114.36,118.36,113.96,117.17,92535
2017-05-15,118.77,119.97,115.17,116.76,78557
2017-05-16,116.76,117.56,115.56,117.56,16506
2017-05-17,116.36,117.36,115.77,116.96,11239
2017-05-18,116.96,116.36,114.96,116.16,11537
2017-05-21,115.17,115.17,113.77,114.16,17037
2017-05-22,114.36,116.16,113.56,113.56,4678
2017-05-23,114.57,116.57,113.36,113.77,6478
2017-05-24,113.77,115.56,112.96,113.36,10074
2017-05-28,113.36,113.96,112.57,112.77,4553
2017-05-30,112.16,112.77,111.36,112.37,7659
2017-05-31,112.37,114.36,111.56,114.36,6640
2017-06-01,113.36,114.16,112.16,112.37,7130
2017-06-04,111.36,112.37,111.36,111.56,8708
2017-06-05,112.16,112.37,111.77,112.37,13395
2017-06-06,113.36,113.77,111.77,112.77,5469
2017-06-07,113.77,113.77,111.77,111.97,3225
2017-06-08,111.36,111.77,111.17,111.36,8514
2017-06-11,111.36,111.56,110.37,110.37,4800
2017-06-12,110.16,111.56,109.17,109.36,5020
2017-06-13,109.17,110.97,109.17,110.37,1890
2017-06-14,110.37,113.17,109.57,113.17,2319
2017-06-15,112.37,112.96,111.36,112.37,1132
2017-06-18,112.37,111.36,110.37,110.37,109
2017-06-19,109.36,111.36,109.36,110.37,2637
2017-06-20,109.36,110.37,108.37,109.77,4312
2017-06-21,109.77,110.37,109.36,109.77,854
2017-06-22,109.36,110.76,108.57,109.36,8865
2017-06-25,108.37,109.77,108.37,109.77,5824
2017-06-27,108.76,109.96,108.76,109.96,4715
2017-06-28,109.36,109.96,108.76,109.96,2666
2017-07-02,108.97,109.36,107.97,108.97,3841
2017-07-03,108.97,110.37,108.76,110.37,4820
2017-07-04,109.36,109.77,108.37,108.97,15104
2017-07-05,108.37,110.37,107.97,110.37,3728
2017-07-06,110.16,114.36,109.96,114.36,5233
2017-07-09,114.36,116.36,110.37,113.77,93320
2017-07-10,114.76,114.76,112.37,112.37,15172
2017-07-11,112.37,114.16,112.37,112.57,6088
2017-07-12,112.37,113.36,111.56,111.97,3725
2017-07-13,111.56,112.37,111.56,111.56,7140
2017-07-16,110.57,112.57,110.57,111.56,2554
2017-07-17,110.57,113.17,110.37,113.17,8159
2017-07-18,113.17,113.36,112.16,113.17,5756
2017-07-19,112.16,112.96,111.17,112.37,6581
2017-07-20,111.36,112.96,110.76,111.36,3011
2017-07-23,110.37,111.17,110.37,110.37,3662
2017-07-24,109.96,111.97,109.57,109.57,12289
2017-07-25,110.37,113.36,109.57,111.56,6911
2017-07-26,112.57,112.57,110.76,110.97,6739
2017-07-27,110.76,111.36,110.37,110.37,5457
2017-07-30,109.36,111.36,109.36,109.77,3718
2017-07-31,109.77,112.77,109.77,111.77,5952
2017-08-01,111.36,111.97,110.76,110.76,11369
2017-08-02,110.97,112.96,110.37,111.36,12419
2017-08-03,111.36,112.37,110.37,111.17,8389
2017-08-06,110.57,111.77,110.37,110.76,3610
2017-08-07,109.96,111.36,109.77,110.37,10952
2017-08-09,109.57,110.37,109.57,109.96,6547
2017-08-10,110.97,110.97,109.57,109.77,13978
2017-08-13,109.36,110.37,108.76,108.76,6478
2017-08-15,107.77,109.96,107.77,109.96,4415
2017-08-16,110.97,111.97,108.97,109.36,4647
2017-08-17,110.37,110.37,109.36,109.96,9752
2017-08-20,108.97,109.96,108.37,108.57,12534
2017-08-21,108.37,109.96,107.77,109.96,1642
2017-08-22,108.97,109.77,108.37,108.76,3721
2017-08-23,108.76,109.96,107.36,108.37,14855
2017-08-24,108.37,109.96,108.37,109.96,34706
2017-08-27,110.05,110.05,108.29,109.17,2371
2017-08-28,108.51,108.51,107.19,108.07,2015
2017-08-30,108.07,108.07,105.87,106.75,13888
2017-08-31,106.75,107.19,104.55,105.65,7816
2017-09-04,104.77,104.77,103.01,103.23,8226
2017-09-06,103.23,105.43,102.79,105.43,3339
2017-09-07,105.87,105.87,102.79,103.01,6054
2017-09-10,102.13,103.67,101.9,103.67,3622
2017-09-11,103.67,103.67,103.01,103.23,3149
2017-09-12,103.67,103.67,103.01,103.45,812
2017-09-13,102.56,103.45,101.69,103.45,8928
2017-09-14,103.45,103.67,102.56,103.23,4080
2017-09-17,104.11,104.33,102.34,103.67,3943
2017-09-18,104.33,104.33,102.56,102.79,2597
2017-09-20,102.56,104.77,102.56,104.77,4735
2017-09-24,104.77,104.77,103.01,103.89,1500
2017-09-25,104.55,104.55,103.67,104.33,4205
2017-09-26,104.77,104.77,104.77,104.77,50
2017-10-04,104.77,104.77,104.33,104.33,70
2017-10-08,103.67,104.33,103.45,103.45,229
2017-10-09,103.45,104.33,102.56,104.11,1430
2017-10-10,104.11,104.33,102.79,103.45,1578
2017-10-11,102.56,103.45,101.47,102.56,7501
2017-10-12,102.56,102.79,102.34,102.56,11215
2017-10-15,101.69,103.01,101.69,102.56,1985
2017-10-16,103.45,104.33,103.01,104.11,3770
2017-10-17,104.77,104.77,103.89,103.89,526
2017-10-18,103.89,104.11,103.89,104.11,550
2017-10-22,103.67,104.55,103.45,104.11,1121
2017-10-23,104.11,104.55,103.45,104.55,467
2017-10-24,104.55,103.67,103.45,103.67,915
2017-10-25,103.01,103.89,103.01,103.89,4427
2017-10-29,103.67,103.67,103.01,103.45,587
2017-10-30,102.56,103.45,102.56,103.01,3700
2017-10-31,103.01,103.01,102.79,103.01,1344
2017-11-01,102.13,103.01,101.9,102.79,9509
2017-11-02,101.9,102.56,101.9,102.56,13991
2017-11-05,102.34,102.34,101.24,102.13,3579
2017-11-06,102.13,103.01,101.47,102.79,4527
2017-11-07,102.56,102.56,101.03,101.47,2625
2017-11-08,100.59,102.13,100.37,101.24,8854
2017-11-09,100.37,102.56,99.93,101.69,598
2017-11-12,101.69,102.13,99.71,102.13,4680
2017-11-13,102.34,103.45,102.13,103.45,1970
2017-11-14,102.56,103.45,101.9,102.79,5632
2017-11-15,102.79,102.79,101.69,101.9,3790
2017-11-16,101.03,102.13,100.81,101.9,3667
2017-11-19,101.9,101.9,101.03,101.24,4581
2017-11-20,101.69,101.69,100.15,100.37,5960
2017-11-21,100.37,101.69,100.37,101.24,6819
2017-11-22,101.9,101.9,101.03,101.69,746
2017-11-23,101.69,102.13,100.81,101.69,1480
2017-11-26,101.69,102.34,100.59,102.34,5776
2017-11-27,101.47,101.69,100.59,101.69,4938
2017-11-28,100.81,102.34,100.81,102.34,4515
2017-11-29,102.13,103.67,101.9,103.01,42888
2017-11-30,102.56,102.79,101.69,102.56,21257
2017-12-04,103.01,103.89,101.47,102.56,15783
2017-12-05,101.9,103.01,101.9,102.79,3545
2017-12-06,103.67,103.67,102.13,103.01,10239
2017-12-10,102.56,103.67,102.56,103.45,19266
2017-12-11,103.67,103.89,102.56,103.89,15799
2017-12-12,103.23,103.45,103.01,103.45,15440
2017-12-13,102.79,103.89,102.13,103.67,14412
2017-12-14,102.79,103.67,102.79,102.79,2346
2017-12-17,104.11,104.11,102.56,102.56,8799
2017-12-18,102.79,103.45,102.34,103.23,5983
2017-12-19,102.56,103.01,102.34,102.34,11430
2017-12-20,102.56,102.56,101.9,102.56,7275
2017-12-21,102.56,102.56,102.13,102.13,2942
2017-12-24,101.9,102.56,101.9,101.9,7517
2017-12-26,101.47,102.13,101.24,101.9,2628
2017-12-27,101.9,101.9,101.03,101.03,5829
2017-12-28,100.37,101.47,100.37,101.24,5969
2017-12-31,100.37,101.03,100.37,100.81,7169
2018-01-01,100.81,101.69,100.81,101.69,5270
2018-01-02,101.69,101.69,101.03,101.47,2150
2018-01-03,101.03,101.47,100.81,101.24,4363
2018-01-04,101.03,101.47,100.81,101.24,3085
2018-01-07,100.81,101.03,100.59,101.03,3448
2018-01-08,100.59,101.24,100.37,101.24,4451
2018-01-09,101.24,101.24,100.59,101.03,5804
2018-01-10,100.59,101.24,100.37,101.24,4356
2018-01-14,100.37,100.59,100.15,100.59,3458
2018-01-16,100.15,100.59,99.93,100.37,4347
2018-01-17,100.37,100.37,100.37,100.37,2453
2018-01-21,100.37,100.37,99.71,100.15,4811
2018-01-22,99.49,100.37,99.49,100.37,3173
2018-01-23,99.93,101.24,99.49,101.03,4363
2018-01-24,99.71,100.59,99.71,99.93,3638
2018-01-25,99.71,100.15,99.71,100.15,3126
2018-01-28,99.49,100.37,99.49,99.71,1256
2018-01-29,99.71,101.03,99.49,100.59,4686
2018-01-31,99.71,100.15,99.27,99.93,6490
2018-02-01,100.15,100.37,99.49,100.15,4081
2018-02-04,99.49,100.37,99.05,100.37,8868
2018-02-05,99.49,100.37,99.27,100.37,3006
2018-02-06,100.37,100.37,98.17,99.93,5670
2018-02-07,99.27,99.71,98.39,99.71,4406
2018-02-08,100.15,100.15,99.49,99.71,358
2018-02-11,99.05,99.05,97.51,98.39,11647
2018-02-12,97.95,97.95,96.63,96.85,10517
2018-02-14,97.29,97.95,97.29,97.95,9211
2018-02-15,97.29,100.37,97.29,100.37,4132
2018-02-18,100.37,100.37,98.17,98.17,4731
2018-02-20,98.83,102.34,98.83,100.15,31378
2018-02-21,100.37,100.37,98.83,99.27,9353
2018-02-22,98.61,99.49,98.61,99.49,4416
2018-02-25,98.83,99.27,97.95,97.95,5242
2018-02-26,99.27,99.27,96.85,96.85,11515
2018-02-27,96.41,98.83,96.19,96.85,5150
2018-02-28,97.29,97.29,95.97,97.07,8598
2018-03-04,96.41,96.41,93.78,94.22,5231
2018-03-06,93.12,94.88,92.46,94.88,6658
2018-03-07,94.88,95.97,94.43,95.53,2982
2018-03-11,95.53,94.88,93.78,94.65,4602
2018-03-12,94.65,94.65,94.22,94.65,674
2018-03-13,94.22,94.22,93.78,94.22,3714
2018-03-14,94.65,94.65,94.65,94.65,251
2018-03-15,95.31,95.31,93.99,93.99,8848
2018-03-18,94.43,94.43,93.33,93.78,4322
2018-03-19,94.43,94.43,93.56,94.22,1532
2018-03-20,93.56,93.56,92.23,92.46,12334
2018-03-21,91.57,92.02,90.47,92.02,12760
2018-03-22,91.57,92.68,90.69,91.57,7328
2018-03-26,90.91,90.91,88.71,89.37,7149
2018-03-27,90.03,91.79,88.71,91.79,8348
2018-03-28,91.35,91.57,90.25,90.25,3656
2018-03-29,90.91,91.57,90.47,90.91,910
2018-04-01,90.25,91.13,90.03,90.69,4244
2018-04-02,90.47,90.47,90.03,90.47,1815
2018-04-03,89.81,89.81,88.71,88.71,22685
2018-04-04,89.15,91.13,88.71,91.13,25792
2018-04-05,90.91,91.79,89.15,91.35,16913
2018-04-08,91.35,94.65,91.35,94.65,41891
2018-04-09,95.31,97.29,93.12,93.12,15518
2018-04-10,93.33,93.56,91.57,93.33,34206
2018-04-11,93.56,93.56,91.35,93.12,15954
2018-04-12,93.12,93.56,92.68,93.33,22339
2018-04-15,93.33,93.78,91.57,93.33,4516
2018-04-16,93.99,94.65,92.9,93.99,48132
2018-04-17,94.65,97.07,93.33,95.53,15313
2018-04-18,95.75,98.17,94.22,97.29,39437
2018-04-19,97.95,98.61,95.97,98.61,37644
2018-04-22,98.61,99.71,97.95,99.49,50278
2018-04-23,100.15,100.81,97.29,97.73,36818
2018-04-24,96.63,97.95,96.63,97.95,7344
2018-04-25,97.29,97.29,95.97,97.29,14988
2018-04-26,97.73,97.73,95.09,97.07,10501
2018-04-29,96.63,97.07,95.97,96.63,942
2018-05-02,96.63,96.41,95.31,96.41,3714
2018-05-03,96.85,97.07,95.75,96.63,7193
2018-05-06,96.41,96.41,95.31,95.97,3971
2018-05-07,95.31,95.75,94.65,95.09,3148
2018-05-08,95.75,95.75,93.99,94.88,7524
2018-05-09,94.65,95.31,93.12,93.99,14604
2018-05-10,93.99,95.09,93.33,95.09,6625
2018-05-14,95.75,95.75,93.56,93.56,5772
2018-05-15,94.22,94.22,93.78,93.78,80
2018-05-16,93.56,93.99,92.9,93.78,15848
2018-05-17,93.78,94.43,93.33,94.22,24103
2018-05-20,94.88,94.88,93.33,93.56,5758
2018-05-21,93.78,93.78,92.9,93.56,5952
2018-05-22,93.78,93.78,92.46,93.56,9200
2018-05-23,92.9,93.12,92.23,92.68,6366
2018-05-24,93.12,92.46,91.79,92.46,4299
2018-05-27,92.02,92.68,91.35,91.79,4369
2018-05-28,91.79,93.78,91.13,93.78,2865
2018-05-29,93.33,93.56,93.12,93.33,2738
2018-05-30,93.99,94.22,92.23,93.33,7212
2018-05-31,92.68,92.68,92.02,92.68,264
2018-06-03,92.02,92.23,90.69,91.57,10172
2018-06-04,90.91,91.57,90.91,91.57,1258
2018-06-06,92.23,92.9,92.23,92.23,5204
2018-06-07,92.68,93.33,92.68,93.33,65
2018-06-10,93.33,93.99,93.33,93.33,20
2018-06-12,92.68,92.68,90.03,91.13,2011
2018-06-13,91.79,92.9,89.81,92.9,8096
2018-06-14,92.23,93.78,91.35,92.23,12332
2018-06-17,91.57,92.46,90.91,92.46,419
2018-06-18,91.79,92.23,91.79,92.23,72
2018-06-19,91.57,92.02,91.57,92.02,2025
2018-06-20,92.68,92.68,91.57,91.57,115
2018-06-21,90.91,91.57,90.91,91.57,2254
2018-06-24,90.91,91.35,90.47,91.13,4630
2018-06-25,91.79,91.79,91.13,91.13,1222
2018-06-26,91.13,91.79,88.71,90.47,3647
2018-06-27,90.47,90.91,89.15,90.91,5272
2018-06-28,90.25,90.25,89.37,90.03,12614
2018-07-01,90.25,90.25,88.71,89.37,5637
2018-07-02,87.61,87.61,86.95,86.95,1544
2018-07-03,89.37,89.37,88.49,88.49,11521
2018-07-04,88.93,90.03,88.05,89.81,15260
2018-07-05,90.69,91.35,89.37,90.69,17975
2018-07-08,91.35,91.35,89.59,90.03,8113
2018-07-09,89.81,90.25,89.15,90.25,3138
2018-07-10,89.81,90.47,89.59,89.59,283
2018-07-11,89.15,90.47,89.15,89.81,2923
2018-07-12,89.15,89.37,88.71,89.15,6943
2018-07-15,89.37,89.81,89.15,89.59,834
2018-07-16,89.37,90.25,88.93,89.81,1420
2018-07-17,90.25,90.25,89.37,89.37,1062
2018-07-18,89.59,89.81,88.71,88.71,1495
2018-07-19,88.27,88.93,87.17,88.27,70419
2018-07-22,88.27,88.27,86.73,86.73,36939
2018-07-23,87.17,87.83,86.73,87.61,12904
2018-07-24,87.83,88.27,87.17,87.61,4150
2018-07-25,87.61,88.27,86.51,87.39,7072
2018-07-26,86.95,87.83,86.95,87.83,3842
2018-07-29,87.83,87.83,86.95,87.39,4731
2018-07-30,87.61,87.61,86.95,87.17,5073
2018-07-31,87.17,87.17,86.73,87.17,1373
2018-08-01,86.73,87.61,86.73,87.61,3623
2018-08-02,87.61,87.61,86.95,86.95,1544
2018-08-05,86.73,87.39,86.73,87.39,2470
2018-08-06,87.17,87.39,86.51,87.39,2309
2018-08-07,87.17,87.39,86.95,87.39,398
2018-08-08,86.95,87.17,86.51,87.17,1469
2018-08-09,86.73,87.61,86.29,87.39,3345
2018-08-12,87.17,87.17,86.29,86.73,8112
2018-08-13,86.29,86.51,85.86,86.51,11781
2018-08-14,86.07,86.51,86.07,86.51,3647
2018-08-15,86.07,86.95,85.2,86.95,6120
2018-08-16,86.51,86.95,85.63,86.73,6055
2018-08-19,86.29,86.29,85.86,86.29,680
2018-08-20,85.86,86.07,84.76,86.07,3752
2018-08-21,85.63,85.63,84.76,85.41,3651
2018-08-22,85.86,85.86,84.97,85.63,1440
2018-08-23,85.2,85.63,84.54,85.2,5242
2018-08-26,85.41,85.41,84.31,85.41,4488
2018-08-28,85.86,86.29,84.76,84.76,3405
2018-08-29,84.54,84.97,84.31,84.97,8258
2018-08-30,85.41,85.41,84.76,84.97,3872
2018-09-02,84.76,84.97,84.31,84.97,4319
2018-09-03,85.41,86.29,85.2,85.86,6710
2018-09-04,85.41,85.63,84.97,85.63,2313
2018-09-05,85.41,87.17,84.97,86.07,14792
2018-09-06,86.51,86.95,85.63,86.73,4654
2018-09-09,86.29,86.29,84.97,86.07,3853
2018-09-10,86.07,86.07,85.2,85.2,287
2018-09-11,84.76,86.29,84.76,85.86,3913
2018-09-12,86.07,86.07,85.63,86.07,1970
2018-09-13,86.07,86.07,84.97,85.63,8152
2018-09-16,85.86,86.07,85.86,86.07,1197
2018-09-17,86.51,86.51,86.07,86.07,160
2018-09-18,85.63,87.39,85.2,86.95,6502
2018-09-20,86.51,86.51,85.2,85.63,9622
2018-09-23,85.63,85.86,85.41,85.41,7881
2018-09-25,85.86,85.86,85.41,85.41,4549
2018-09-26,85.41,86.29,85.2,85.86,6492
2018-09-27,85.41,85.86,85.2,85.86,3562
2018-09-30,85.41,85.63,84.76,85.63,1725
2018-10-02,85.2,85.86,84.97,85.86,3678
2018-10-03,86.07,86.07,84.76,85.86,1474
2018-10-04,85.41,85.41,85.41,85.41,200
2018-10-07,84.97,85.2,84.1,84.76,4364
2018-10-08,84.76,85.2,84.76,85.2,132
2018-10-09,85.41,85.41,84.97,85.2,1355
2018-10-10,84.76,84.76,83.88,84.31,9629
2018-10-11,84.76,85.2,84.54,85.2,2235
2018-10-14,84.97,85.41,84.76,85.41,3312
2018-10-15,84.97,85.86,84.97,85.86,4898
2018-10-23,84.97,84.97,84.76,84.76,1099
2018-10-24,84.54,85.41,84.31,85.41,3401
2018-10-25,85.41,85.41,84.97,84.97,418
2018-10-28,84.54,84.54,84.1,84.31,17095
2018-10-29,84.76,84.54,83.44,84.31,7904
2018-10-30,84.1,84.31,84.1,84.31,1540
2018-10-31,83.88,84.54,83.44,84.54,6588
2018-11-01,84.1,84.54,83.66,84.31,4920
2018-11-04,84.76,84.76,83.44,83.44,6071
2018-11-05,83.88,84.76,83.0,84.54,2406
2018-11-14,83.22,84.1,82.78,84.1,2060
2018-11-15,84.1,84.1,83.22,83.88,2133
2018-11-18,83.88,83.88,82.56,82.56,8587
2018-11-19,82.78,83.22,82.12,83.22,7458
2018-11-20,83.22,83.22,82.34,82.34,3030
2018-11-21,82.34,82.78,82.34,82.56,3996
2018-11-22,82.56,83.0,82.56,83.0,6709
2018-11-25,83.0,83.0,81.68,81.9,15843
2018-11-26,81.84,82.34,81.02,82.34,13472
2018-11-27,82.34,82.34,81.46,81.9,1515
2018-11-28,81.9,81.9,81.46,81.9,8505
2018-11-29,81.9,81.9,80.58,81.68,5496
2018-12-02,81.68,81.9,80.58,81.02,11724
2018-12-03,81.02,81.46,80.14,80.58,5349
2018-12-04,80.58,81.24,80.14,81.24,11127
2018-12-06,81.02,81.02,80.14,80.58,2160
2018-12-09,80.58,80.8,79.92,80.8,3931
2018-12-10,80.8,81.24,80.14,80.58,12761
2018-12-11,80.58,80.58,80.14,80.36,2200
2018-12-12,80.36,80.58,80.14,80.58,6070
2018-12-13,80.58,80.8,80.36,80.36,2087
2018-12-16,80.36,80.58,80.36,80.36,1608
2018-12-17,80.36,80.8,80.36,80.8,1157
2018-12-18,80.8,80.8,79.92,79.92,1100
2018-12-19,79.92,80.36,79.48,80.14,1464
2018-12-20,80.14,80.36,79.92,80.36,180
2018-12-23,80.36,80.8,79.7,80.8,12033
2018-12-24,80.8,81.02,80.58,80.8,580
2018-12-25,80.8,80.8,80.8,80.8,12
2018-12-26,80.8,80.8,79.92,79.92,5014
2018-12-27,79.92,81.46,79.7,80.36,11640
2018-12-30,80.36,80.58,79.92,79.92,4784
2018-12-31,79.92,80.14,79.7,80.14,425
2019-01-02,80.14,80.14,79.7,79.7,300
2019-01-03,79.7,79.92,79.7,79.92,105
2019-01-06,79.92,79.92,79.48,79.48,4552
2019-01-07,79.48,79.92,79.03,79.92,8506
2019-01-08,79.7,79.7,79.26,79.26,3120
2019-01-09,78.15,79.7,78.15,79.7,3365
2019-01-10,79.7,79.7,79.48,79.48,3812
2019-01-13,79.48,79.48,79.48,79.48,50
2019-01-14,79.48,80.14,79.48,80.14,286
2019-01-15,80.14,80.14,79.26,79.7,2063
2019-01-16,79.7,79.7,79.48,79.48,1611
2019-01-17,79.48,79.92,79.48,79.48,5331
2019-01-20,79.48,79.48,79.26,79.26,2100
2019-01-21,79.26,79.26,79.03,79.03,4634
2019-01-22,79.03,79.26,78.6,79.26,4105
2019-01-23,79.26,79.48,79.03,79.26,2776
2019-01-24,79.26,79.48,79.03,79.03,4503
2019-01-27,79.03,79.26,78.6,79.26,3733
2019-01-28,79.26,79.26,78.81,79.03,609
2019-01-29,79.03,79.03,78.81,78.81,625
2019-01-30,79.03,79.03,78.6,78.81,2978
2019-01-31,78.81,79.26,78.37,79.26,7363
2019-02-03,78.81,79.26,78.37,78.6,2616
2019-02-04,78.6,78.81,78.15,78.37,7504
2019-02-05,78.81,78.81,78.37,78.6,710
2019-02-06,78.6,78.6,78.37,78.6,1561
2019-02-07,79.03,79.03,78.15,78.37,5783
2019-02-10,78.37,78.6,77.93,78.15,8837
2019-02-11,77.93,78.37,77.93,78.15,1058
2019-02-12,77.93,78.37,77.93,78.37,2839
2019-02-13,78.37,78.37,77.93,77.93,4170
2019-02-14,77.93,78.37,77.71,77.93,5604
2019-02-17,78.15,78.37,77.93,77.93,1142
2019-02-18,78.15,78.15,77.71,77.93,3783
2019-02-19,77.93,78.37,77.93,78.15,3201
2019-02-20,78.15,78.15,78.15,78.15,524
2019-02-21,77.93,78.15,77.93,77.93,2983
2019-02-24,77.71,77.93,77.71,77.71,1483
2019-02-25,77.93,77.93,77.71,77.71,1016
2019-02-26,77.93,78.15,77.71,77.71,2952
2019-02-27,77.93,77.93,77.71,77.71,1550
2019-03-03,77.71,77.71,77.5,77.71,3268
2019-03-06,77.93,78.37,77.71,78.15,2384
2019-03-07,78.37,78.6,78.15,78.6,6366
2019-03-09,78.37,79.03,78.37,79.03,2190
2019-03-10,78.37,79.03,78.37,79.03,2190
2019-03-11,78.6,79.26,78.37,79.03,5568
2019-03-12,79.48,80.8,79.03,80.14,10530
2019-03-13,79.7,80.14,79.7,79.7,3300
2019-03-14,79.26,79.7,78.81,79.7,1768
2019-03-17,79.7,79.7,79.03,79.48,2659
2019-03-18,79.92,79.92,79.03,79.03,2352
2019-03-19,79.03,79.26,79.03,79.26,270
2019-03-21,79.03,79.03,79.03,79.03,1465
2019-03-24,78.81,78.81,78.6,78.6,2650
2019-03-25,78.37,79.03,78.37,78.6,4681
2019-03-26,78.37,79.03,78.37,79.03,3679
2019-03-27,79.03,80.14,79.26,79.26,131
2019-03-28,78.81,79.26,78.6,78.6,12658
2019-03-31,78.81,78.81,78.6,78.6,170
2019-04-01,78.6,80.14,78.6,79.7,6377
2019-04-02,79.48,79.7,79.03,79.03,2245
2019-04-03,79.48,79.48,79.03,79.03,10090
2019-04-04,79.26,79.48,79.03,79.48,2426
2019-04-07,79.48,79.48,78.81,79.26,7885
2019-04-08,79.26,79.48,79.03,79.26,118
2019-04-09,79.7,79.7,78.81,79.03,2908
2019-04-10,78.6,79.03,78.6,79.03,248
2019-04-11,79.26,79.26,78.81,78.81,19307
2019-04-15,78.81,78.81,78.81,78.81,134
2019-04-16,78.81,79.03,78.81,78.81,8264
2019-04-17,78.81,78.81,78.37,78.6,2886
2019-04-18,78.81,78.81,78.37,78.37,1418
2019-04-21,78.37,78.6,78.37,78.6,8214
2019-04-22,78.37,78.6,78.37,78.6,7382
2019-04-23,78.6,78.6,78.15,78.37,8692
2019-04-24,78.37,78.37,78.37,78.37,5622
2019-04-25,78.37,79.48,78.37,78.37,14641
2019-04-28,78.6,80.58,78.6,79.26,20284
2019-04-29,79.03,79.48,79.03,79.03,7980
2019-04-30,79.48,81.24,78.81,81.24,98472
2019-05-02,80.14,81.46,79.48,81.46,24640
2019-05-05,81.02,81.02,79.7,79.7,15727
2019-05-06,79.92,80.14,79.7,80.14,4747
2019-05-07,79.7,80.14,79.7,80.14,5026
2019-05-09,79.26,79.92,78.81,78.81,27355
2019-05-12,78.81,79.7,78.81,79.26,9369
2019-05-13,79.7,80.58,79.03,80.36,15339
2019-05-14,80.8,80.8,79.7,79.7,6666
2019-05-15,80.14,80.58,79.92,79.92,11621
2019-05-16,79.7,80.14,79.48,79.48,3771
2019-05-19,79.92,79.92,79.48,79.92,764
2019-05-20,80.14,80.14,79.26,80.14,7072
2019-05-21,80.58,81.02,80.14,80.58,23057
2019-05-22,81.02,83.0,80.8,83.0,117028
2019-05-23,83.44,83.88,80.8,81.46,50594
2019-05-26,81.02,81.46,80.58,81.02,41150
2019-05-27,81.46,81.46,80.36,80.36,12332
2019-05-28,79.92,81.68,79.92,81.02,17133
2019-05-29,81.46,81.9,81.24,81.46,26080
2019-05-30,81.9,82.78,80.8,81.24,28378
2019-06-02,80.8,80.8,80.14,80.8,21946
2019-06-03,80.8,80.8,80.14,80.36,10835
2019-06-04,80.14,80.58,80.14,80.36,9174
2019-06-06,81.46,81.46,80.14,80.58,1525
2019-06-10,81.02,81.02,80.14,80.14,7113
2019-06-11,80.58,80.58,79.92,79.92,1630
2019-06-12,80.36,80.36,79.7,80.14,10831
2019-06-13,79.7,80.14,79.7,79.7,3704
2019-06-16,80.58,80.58,79.26,79.26,10553
2019-06-17,79.26,80.8,79.26,80.8,6211
2019-06-18,80.58,80.58,79.92,79.92,1761
2019-06-19,79.48,80.14,79.48,79.92,1072
2019-06-20,79.7,80.14,79.7,80.14,1501
2019-06-23,79.7,80.14,79.48,80.14,6274
2019-06-24,79.7,80.14,79.7,79.7,879
2019-06-25,79.7,80.14,79.7,80.14,2979
2019-06-26,79.7,79.92,79.48,79.92,5439
2019-06-27,79.7,80.14,79.7,80.14,4110
2019-06-30,79.7,79.7,78.81,79.26,35200
2019-07-01,78.15,80.36,78.15,80.36,35
2019-07-02,79.92,79.92,79.26,79.7,3202
2019-07-03,79.48,80.58,79.26,79.7,5508
2019-07-04,79.48,79.92,79.48,79.7,2516
2019-07-07,80.14,80.14,79.48,79.7,4846
2019-07-08,79.7,79.7,79.03,79.48,10129
2019-07-09,79.26,79.92,79.26,79.48,13172
2019-07-10,79.48,79.7,79.48,79.7,9804
2019-07-11,79.7,79.7,79.26,79.48,7142
2019-07-14,79.92,79.92,79.48,79.48,1372
2019-07-15,79.92,80.14,79.7,79.7,4158
2019-07-16,80.8,80.8,80.8,80.8,10
2019-07-17,80.36,80.36,79.48,80.14,2535
2019-07-18,80.14,80.58,80.14,80.58,7448
2019-07-21,80.14,80.14,79.26,79.7,6761
2019-07-22,80.8,80.8,79.48,80.36,320
2019-07-23,79.92,80.14,79.7,79.92,3362
2019-07-24,80.14,80.14,79.7,80.14,513
2019-07-25,79.7,79.7,79.26,79.26,1459
2019-07-28,79.7,79.7,79.03,79.03,2766
2019-07-29,79.03,79.48,79.03,79.26,1033
2019-07-30,79.48,79.7,79.03,79.7,6695
2019-07-31,79.7,79.7,79.26,79.26,6350
2019-08-01,79.7,79.92,79.26,79.92,5524
2019-08-04,79.48,79.7,79.48,79.48,1475
2019-08-05,79.48,79.7,79.26,79.26,1629
2019-08-06,79.26,79.48,79.03,79.48,4948
2019-08-07,79.26,80.14,79.26,79.48,778
2019-08-08,79.48,79.48,79.26,79.26,3470
2019-08-11,79.26,79.26,79.03,79.26,2955
2019-08-12,79.26,79.48,79.03,79.26,4891
2019-08-13,79.26,79.7,78.81,79.7,11471
2019-08-14,79.26,79.26,78.81,79.03,2066
2019-08-15,79.48,79.48,79.03,79.03,1700
2019-08-18,79.03,79.26,78.6,78.6,6153
2019-08-19,79.26,79.26,78.6,78.81,5229
2019-08-20,78.81,78.81,78.81,78.81,1610
2019-08-21,78.6,78.6,78.6,78.6,242
2019-08-22,79.03,79.03,78.6,79.03,3050
2019-08-25,78.6,79.03,78.6,78.6,2979
2019-08-26,78.37,78.6,78.37,78.37,3710
2019-08-27,78.81,78.81,78.37,78.6,2522
2019-08-28,78.6,78.6,78.37,78.6,5672
2019-08-29,78.37,78.6,78.37,78.37,8025
2019-09-01,78.37,78.37,77.93,78.37,10384
2019-09-02,78.37,78.37,78.15,78.37,609
2019-09-03,78.15,78.81,77.93,78.6,9208
2019-09-04,78.37,78.81,78.15,78.6,2835
2019-09-05,78.37,78.37,78.15,78.15,1000
2019-09-08,78.37,78.37,78.15,78.15,2310
2019-09-09,78.15,78.15,77.93,77.93,2432
2019-09-10,78.15,78.15,77.71,78.15,4758
2019-09-11,78.15,79.26,77.5,79.03,7866
2019-09-12,80.14,80.14,77.5,77.5,13455
2019-09-15,77.5,77.71,77.05,77.05,10249
2019-09-16,77.05,77.27,77.05,77.27,8030
2019-09-17,77.5,78.81,77.5,78.15,7737
2019-09-18,78.37,78.81,77.93,78.81,11110
2019-09-19,78.81,78.81,77.93,77.93,8258
2019-09-22,77.71,77.93,77.5,77.5,4978
2019-09-23,77.71,77.71,77.5,77.5,4308
2019-09-24,77.5,77.71,77.5,77.71,2939
2019-09-26,77.27,77.5,77.27,77.27,6706
2019-09-29,77.27,77.5,77.27,77.5,28969
2019-09-30,77.27,77.27,77.05,77.05,3352
2019-10-01,77.27,77.71,77.27,77.71,2369
2019-10-02,77.71,77.93,77.71,77.93,1100
2019-10-03,77.93,77.93,77.05,77.05,9200
2019-10-10,77.27,77.27,77.05,77.05,2000
2019-10-14,77.05,77.71,77.05,77.71,254
2019-10-15,77.93,77.93,77.93,77.93,72
2019-10-16,77.93,77.93,77.5,77.5,450
2019-10-17,77.27,77.71,77.27,77.5,4385
2019-10-20,77.27,77.27,76.84,76.84,7819
2019-10-21,77.05,77.27,77.05,77.05,3897
2019-10-22,76.84,77.5,76.84,77.27,3393
2019-10-23,77.5,77.5,77.27,77.5,1551
2019-10-24,77.71,79.26,77.5,79.26,670
2019-10-31,78.81,78.81,77.93,78.15,1084
2019-11-03,77.93,77.93,77.93,77.93,50
2019-11-04,77.71,77.71,77.05,77.27,10089
2019-11-05,77.5,77.71,77.5,77.71,40
2019-11-06,77.5,77.5,77.05,77.05,2660
2019-11-07,77.27,77.27,77.05,77.05,3300
2019-11-10,76.84,77.05,76.84,76.84,1848
2019-11-11,77.05,78.37,76.84,78.37,2407
2019-11-12,79.48,79.7,76.84,77.5,1361
2019-11-13,77.27,77.5,77.05,77.27,3361
2019-11-14,77.27,77.93,77.05,77.27,5631
2019-11-17,77.27,77.27,77.05,77.27,2293
2019-11-18,77.05,77.93,77.05,77.93,806
2019-11-19,78.15,78.37,77.05,77.05,2951
2019-11-20,77.27,77.71,77.27,77.27,4683
2019-11-21,77.5,77.5,77.05,77.05,2730
2019-11-24,76.84,77.71,76.4,77.5,6275
2019-11-25,77.27,77.27,77.27,77.27,10
2019-11-26,77.05,77.27,76.61,76.61,4812
2019-11-27,76.61,77.93,76.61,77.93,3644
2019-11-28,77.71,77.71,76.84,77.05,17854
2019-12-01,77.05,77.5,76.84,77.5,6835
2019-12-02,77.27,77.27,77.05,77.27,2200
2019-12-03,77.05,77.5,76.84,77.5,25054
2019-12-04,77.5,77.5,77.05,77.5,2633
2019-12-05,77.71,77.71,77.27,77.5,6954
2019-12-08,77.5,77.5,77.05,77.27,2423
2019-12-09,77.5,78.81,77.5,77.93,34957
2019-12-10,77.71,77.93,77.27,77.27,12444
2019-12-11,77.27,77.71,77.27,77.27,4327
2019-12-12,77.5,78.81,77.27,78.81,35059
2019-12-15,78.37,78.37,77.93,77.93,1675
2019-12-16,77.71,77.93,77.27,77.71,15043
2019-12-17,77.71,78.15,77.71,78.15,2299
2019-12-18,78.37,78.37,77.93,77.93,6862
2019-12-19,78.15,78.15,77.71,77.93,6622
2019-12-22,77.71,77.93,77.71,77.93,6317
2019-12-23,77.71,77.93,77.5,77.5,4351
2019-12-24,77.71,78.15,77.5,77.71,2150
2019-12-25,77.93,78.15,77.27,77.93,15459
2019-12-26,78.27,78.27,78.04,78.04,5333
2019-12-29,78.04,78.04,77.33,77.56,1808
2019-12-30,77.8,77.8,77.56,77.56,2260
2019-12-31,78.51,78.51,77.33,77.8,4090
2020-01-01,78.04,78.51,77.8,78.51,2907
2020-01-02,78.51,78.51,78.04,78.04,1640
2020-01-05,77.8,78.04,77.8,78.04,1210
2020-01-06,77.8,78.27,77.56,78.04,5678
2020-01-07,78.27,78.27,78.04,78.27,1645
2020-01-08,78.04,78.27,78.04,78.27,1145
2020-01-09,78.27,78.27,77.8,77.8,2050
2020-01-12,78.04,78.51,77.33,77.8,43659
2020-01-13,78.51,80.15,77.8,78.74,69218
2020-01-14,78.97,79.68,78.74,78.74,25450
2020-01-15,78.97,79.45,78.97,78.97,13593
2020-01-16,79.21,80.39,79.21,80.15,32384
2020-01-19,80.39,80.39,79.21,79.92,31158
2020-01-20,80.39,80.39,79.21,79.21,18025
2020-01-21,79.45,79.68,79.21,79.45,5450
2020-01-22,79.68,79.68,78.51,78.74,9602
2020-01-23,78.51,79.21,78.51,79.21,5197
2020-01-26,80.15,80.15,79.21,79.21,40
2020-01-27,78.97,78.97,78.51,78.97,4955
2020-01-28,78.97,79.45,78.27,78.74,22524
2020-01-29,78.74,78.74,78.27,78.27,8355
2020-01-30,78.51,79.45,78.27,78.97,7575
2020-02-02,78.74,79.21,78.74,79.21,10578
2020-02-03,78.97,80.15,78.74,79.21,43995
2020-02-04,79.45,79.68,79.21,79.21,34956
2020-02-05,79.21,79.45,78.74,79.21,24110
2020-02-06,78.97,78.97,78.97,78.97,1815
2020-02-09,78.74,78.97,78.51,78.51,6585
2020-02-10,78.74,78.97,78.51,78.74,19283
2020-02-11,79.68,79.92,78.51,78.74,17928
2020-02-12,78.74,79.21,78.74,79.21,3263
2020-02-13,79.45,79.45,78.51,78.97,7325
2020-02-16,78.74,79.45,78.51,78.97,10956
2020-02-17,79.92,80.39,78.74,80.15,69518
2020-02-18,80.15,80.39,79.45,79.45,20930
2020-02-19,79.21,79.92,79.21,79.45,7246
2020-02-20,79.45,79.92,79.21,79.45,15975
2020-02-23,79.21,80.86,79.21,80.86,29734
2020-02-24,80.86,81.32,79.92,80.62,27515
2020-02-25,80.86,82.98,80.15,82.98,118870
2020-02-26,83.45,85.33,80.86,80.86,67190
2020-02-27,79.68,82.74,79.68,80.39,144004
2020-03-01,80.39,82.5,80.86,81.32,75001
2020-03-02,80.86,80.86,80.15,80.15,22346
2020-03-03,80.15,81.56,79.68,81.1,50833
2020-03-04,80.62,80.62,79.45,79.45,36939
2020-03-05,79.45,80.15,79.45,79.68,11600
2020-03-10,79.68,79.92,79.45,79.68,7168
2020-03-11,79.92,80.39,79.45,79.45,18984
2020-03-12,79.21,79.92,79.21,79.45,25055
2020-03-15,79.21,79.45,78.27,78.74,33391
2020-03-16,78.51,79.45,78.27,78.74,17807
2020-03-17,78.51,78.51,77.56,78.27,29723
2020-03-18,78.04,78.27,77.56,77.8,15129
2020-03-19,77.56,78.51,77.1,78.27,26548
2020-03-22,78.27,78.27,78.27,78.27,190
2020-05-12,78.04,78.04,78.04,78.04,30
2020-06-29,77.8,78.04,77.8,78.04,3553
2020-06-30,78.04,78.51,78.04,78.51,4110
2020-07-01,78.74,79.21,78.74,79.21,2721
2020-07-02,79.45,79.45,79.45,79.45,20
2020-07-05,79.21,79.21,78.74,78.74,230
2020-07-06,78.74,78.97,78.27,78.74,10419
2020-07-07,78.51,78.97,78.51,78.74,7194
2020-07-08,78.51,78.74,78.27,78.51,6384
2020-07-09,78.74,78.74,78.27,78.27,6413
2020-07-12,78.51,78.51,78.04,78.27,11202
2020-07-13,78.04,78.51,78.04,78.04,7647
2020-07-14,78.27,78.51,77.8,78.04,45595
2020-07-15,78.27,78.51,77.8,78.27,10667
2020-07-16,78.04,78.97,78.04,78.97,13692
2020-07-19,79.21,79.68,79.21,79.68,120
2020-07-20,80.62,80.62,78.74,78.74,32028
2020-07-21,78.74,78.74,78.04,78.51,20125
2020-07-22,78.27,78.74,78.04,78.51,7501
2020-07-23,78.51,78.97,78.51,78.51,36627
2020-07-26,78.27,78.74,78.04,78.74,47790
2020-07-27,78.97,78.97,78.04,78.04,25797
2020-07-28,78.27,78.74,78.04,78.51,13481
2020-07-29,78.51,78.51,78.04,78.51,12230
2020-07-30,78.51,79.68,78.27,79.21,49427
2020-08-02,79.21,79.21,78.27,78.97,6144
2020-08-03,78.74,78.74,78.27,78.27,6770
2020-08-05,78.51,79.92,78.51,78.97,56506
2020-08-06,78.97,79.21,78.27,78.51,15630
2020-08-09,78.51,78.74,78.04,78.74,20645
2020-08-10,78.74,78.74,78.04,78.51,10163
2020-08-11,78.51,78.97,78.27,78.51,10053
2020-08-12,78.27,78.74,78.27,78.27,8248
2020-08-13,78.27,78.74,78.27,78.27,17324
2020-08-16,78.27,78.51,78.04,78.27,7245
2020-08-17,78.51,78.51,78.04,78.27,26353
2020-08-18,78.27,78.74,78.27,78.74,8502
2020-08-19,78.51,78.51,78.04,78.04,5068
2020-08-20,78.27,78.74,78.27,78.27,1672
2020-08-23,78.27,78.97,78.27,78.27,13628
2020-08-24,78.51,78.74,78.27,78.27,15335
2020-08-25,78.51,78.97,78.27,78.97,16105
2020-08-26,78.74,78.97,78.51,78.74,8539
2020-08-27,78.97,78.97,78.27,78.51,15272
2020-08-30,78.51,79.92,78.27,78.97,28454
2020-08-31,79.21,80.86,79.21,79.92,123808
2020-09-02,81.1,82.27,80.62,82.27,208898
2020-09-03,83.45,84.86,82.04,82.74,198803
2020-09-06,83.91,85.33,83.45,85.33,259424
2020-09-07,86.74,86.74,84.15,84.62,129004
2020-09-08,86.04,86.04,83.45,84.15,45019
2020-09-09,83.68,85.09,83.68,84.15,91572
2020-09-10,85.33,85.33,83.91,84.39,36594
2020-09-13,84.15,86.98,83.45,86.98,238020
2020-09-14,88.39,90.03,88.16,90.03,163570
2020-09-15,91.68,93.33,90.03,91.21,166776
2020-09-16,92.86,94.51,90.27,94.51,231861
2020-09-17,96.39,98.28,93.8,98.28,293241
2020-09-20,100.15,100.15,94.27,95.69,218740
2020-09-21,96.39,97.56,92.86,96.62,194081
2020-09-22,96.62,97.33,94.74,94.97,154950
2020-09-23,94.74,98.74,93.8,98.74,325832
2020-09-24,99.91,102.98,99.69,102.74,460026
2020-09-27,104.86,106.27,101.8,101.8,387638
2020-09-28,101.09,105.33,100.39,103.22,307313
2020-09-29,105.33,106.03,102.74,105.57,342028
2020-09-30,107.69,107.69,105.33,106.75,313810
2020-10-01,106.03,111.45,106.03,110.27,544570
2020-10-04,110.04,112.15,107.45,112.15,209568
2020-10-05,112.15,115.69,109.33,115.21,459201
2020-10-06,114.04,115.21,111.21,112.86,345800
2020-10-07,112.86,118.27,112.15,118.04,545064
2020-10-08,118.74,121.1,113.33,119.68,285338
2020-10-11,122.75,122.75,113.8,116.39,383598
2020-10-12,117.57,118.74,111.92,117.57,316730
2020-10-13,120.63,120.63,113.1,114.98,134709
2020-10-14,114.04,114.04,111.45,112.15,122450
2020-10-15,112.86,112.86,108.39,110.97,240421
2020-10-18,110.04,110.04,107.69,108.16,153668
2020-10-19,108.86,111.69,108.86,110.97,95008
2020-10-20,111.69,113.8,110.97,112.39,104597
2020-10-21,113.33,113.33,111.21,111.45,41407
2020-10-22,114.04,114.04,110.51,110.97,69838
2020-10-28,111.69,112.63,110.27,112.63,41612
2020-10-29,113.33,113.33,110.97,111.21,75411
2020-11-01,111.21,113.56,111.21,113.1,105965
2020-11-02,115.92,117.09,112.15,116.87,246755
2020-11-03,116.87,116.87,114.04,115.45,185490
2020-11-04,115.45,116.15,114.27,115.45,106120
2020-11-05,115.45,117.33,114.74,117.09,297066
2020-11-08,117.09,120.16,117.09,119.45,310962
2020-11-09,119.45,119.68,117.09,117.57,163692
2020-11-10,120.63,120.63,115.92,115.92,199277
2020-11-11,116.39,118.04,115.69,115.69,121136
2020-11-12,116.39,116.39,114.51,114.98,165410
2020-11-18,115.21,115.21,112.86,113.1,196350
2020-11-19,110.27,117.81,109.33,115.92,515051
2020-11-22,115.92,117.09,114.27,115.21,73082
2020-11-23,116.39,117.57,114.27,115.92,110187
2020-11-24,113.1,118.04,113.1,116.87,177843
2020-11-25,117.57,117.57,116.15,117.09,72692
2020-11-26,118.74,118.74,114.04,114.51,91813
2020-11-29,115.45,115.69,114.04,114.27,68737
2020-11-30,117.09,117.33,113.33,115.69,181811
2020-12-01,118.5,118.5,114.27,115.45,116511
2020-12-02,116.15,116.15,113.8,114.04,129228
2020-12-03,111.21,115.45,111.21,112.86,134234
2020-12-06,115.69,115.69,111.69,111.92,88544
2020-12-07,112.86,115.69,111.45,115.69,104083
2020-12-08,115.69,121.1,114.04,119.92,390786
2020-12-09,119.92,119.92,115.21,116.39,278675
2020-12-10,119.22,119.22,114.04,114.27,172154
2020-12-13,114.2,114.95,113.46,113.7,57797
2020-12-14,114.45,115.69,112.96,113.21,40386
2020-12-15,115.93,115.93,110.75,111.49,47570
2020-12-16,110.99,113.96,110.75,111.73,54663
2020-12-17,112.47,112.47,110.01,110.25,57417
2020-12-20,109.75,109.75,107.78,107.78,79939
2020-12-21,107.04,109.01,104.32,107.78,98877
2020-12-22,108.76,111.98,108.27,110.5,61851
2020-12-23,111.49,112.47,108.76,109.01,45968
2020-12-24,109.75,111.73,108.76,109.51,25904
2020-12-27,109.01,109.51,108.02,108.27,21910
2020-12-28,109.01,109.01,107.78,108.52,17251
2020-12-29,108.27,109.01,107.53,108.02,15138
2020-12-30,107.53,108.02,106.79,107.53,26099
2020-12-31,110.01,110.01,106.55,107.53,32045
2021-01-03,110.01,110.01,106.79,107.78,27868
2021-01-04,108.76,110.75,107.04,108.27,42967
2021-01-05,109.26,112.96,108.27,112.23,109556
2021-01-06,113.21,114.7,111.24,111.98,53792
2021-01-07,112.96,115.19,111.49,114.45,125781
2021-01-10,114.45,115.44,112.96,112.96,162701
2021-01-11,115.69,115.69,111.49,112.23,42779
2021-01-12,112.96,113.46,111.98,112.96,25298
2021-01-13,115.69,115.69,111.73,114.2,78904
2021-01-17,114.2,115.44,112.47,114.45,104401
2021-01-18,114.7,114.95,112.47,113.46,100417
2021-01-19,113.96,115.44,112.96,113.96,73670
2021-01-20,113.96,115.44,113.7,114.45,64457
2021-01-21,114.95,116.43,113.96,116.43,195229
2021-01-24,118.16,121.86,117.41,118.9,140347
2021-01-25,120.13,120.87,116.92,118.64,192340
2021-01-26,119.89,120.87,117.67,117.91,183935
2021-01-27,118.16,118.41,116.92,117.67,65692
2021-01-28,117.17,118.64,116.18,117.17,80721
2021-01-31,117.17,117.17,113.21,116.18,110830
2021-02-01,117.17,117.17,115.69,116.18,61347
2021-02-02,119.15,119.15,115.44,116.18,198599
2021-02-03,116.92,121.12,116.92,118.9,240741
2021-02-04,120.13,124.09,117.67,123.1,440417
2021-02-07,124.83,129.03,124.33,126.56,376618
2021-02-08,129.77,129.77,124.58,125.07,198176
2021-02-09,125.07,125.57,122.61,125.32,153653
2021-02-10,125.32,126.56,124.09,125.81,144118
2021-02-11,129.27,129.27,124.33,128.29,320341
2021-02-14,131.75,132.73,128.29,131.25,405743
2021-02-15,132.73,138.66,131.25,136.69,459546
2021-02-16,137.43,138.17,133.23,134.21,327812
2021-02-17,137.92,137.92,132.24,133.97,246275
2021-02-18,135.46,136.94,134.21,134.46,242205
2021-02-21,138.17,139.9,134.72,137.92,454929
2021-02-22,140.4,144.35,137.18,141.38,394235
2021-02-23,145.58,147.32,136.2,145.58,288517
2021-02-24,145.58,146.82,140.4,141.38,201477
2021-02-25,145.58,145.58,138.66,139.16,129644
2021-02-28,139.16,139.16,134.21,134.46,196413
2021-03-01,133.72,138.17,132.73,137.92,176607
2021-03-02,141.88,141.88,134.46,135.7,171781
2021-03-03,134.21,138.41,134.21,138.41,137531
2021-03-04,136.94,141.38,136.94,140.15,171462
2021-03-08,138.41,143.61,137.67,141.63,274619
2021-03-09,145.83,150.03,139.9,147.81,808622
2021-03-10,152.26,152.26,144.1,144.6,398461
2021-03-14,145.83,146.57,141.88,142.86,358296
2021-03-15,144.1,144.1,139.16,139.16,233529
2021-03-16,143.11,143.11,135.46,135.95,159000
2021-03-17,139.9,139.9,134.46,137.18,118324
2021-03-18,137.92,138.91,135.46,135.7,199038
2021-03-21,137.92,137.92,133.23,133.72,383356
2021-03-22,133.72,142.61,133.72,140.4,217076
2021-03-23,140.4,141.51,137.43,137.8,75352
2021-03-24,137.8,138.91,136.32,136.32,110548
2021-03-25,140.77,140.77,134.46,134.83,101735
2021-03-29,136.69,138.54,133.72,134.83,50560
2021-03-30,134.83,135.95,132.61,134.09,86975
2021-03-31,138.54,138.54,133.35,134.46,74120
2021-04-01,135.95,139.28,132.98,138.54,197423
2021-04-04,140.4,146.32,138.91,144.84,303509
2021-04-05,145.95,147.81,144.47,146.69,206107
2021-04-06,151.51,151.51,142.61,146.69,167831
2021-04-07,151.51,151.51,142.61,142.98,114367
2021-04-08,142.25,144.1,141.14,141.88,56759
2021-04-12,142.25,142.25,138.91,140.77,117190
2021-04-13,140.77,142.61,139.66,140.4,79584
2021-04-15,142.25,142.25,139.66,140.77,119080
2021-04-18,142.25,142.25,138.17,138.91,109384
2021-04-19,141.51,141.51,136.69,137.8,92779
2021-04-20,135.95,142.61,135.95,142.61,97413
2021-04-21,142.61,146.32,138.91,141.88,266675
2021-04-22,145.95,145.95,138.54,141.14,59214
2021-04-25,141.14,141.14,136.69,137.8,99132
2021-04-26,135.95,138.54,131.87,135.58,186608
2021-04-27,140.03,144.47,134.83,144.1,211308
2021-04-28,142.98,147.43,140.03,145.21,282874
2021-04-29,144.1,154.11,143.35,150.77,486535
2021-05-02,151.51,156.33,148.92,156.33,434134
2021-05-03,157.07,158.18,151.51,154.85,362571
2021-05-04,155.22,159.66,153.0,157.44,404290
2021-05-05,163.0,163.0,155.22,160.4,183679
2021-05-06,160.4,162.63,157.07,157.81,214153
2021-05-09,160.78,160.78,152.63,155.96,178533
2021-05-10,155.96,155.96,153.0,155.22,64296
2021-05-11,155.22,157.07,153.37,157.07,91210
2021-05-12,155.96,157.07,155.22,157.07,93701
2021-05-13,157.07,161.89,155.22,160.03,309426
2021-05-16,162.63,162.63,157.07,160.03,153757
2021-05-17,160.78,168.19,158.92,165.97,374126
2021-05-18,165.97,177.83,165.97,177.46,481383
2021-05-19,184.13,184.13,171.16,183.76,388243
2021-05-20,184.87,188.57,178.57,184.87,448203
2021-05-23,184.87,192.28,177.08,192.28,542953
2021-05-24,193.02,203.4,188.57,203.4,507681
2021-05-25,203.4,210.81,200.81,208.59,299198
2021-05-27,208.59,221.93,201.18,218.96,538006
2021-05-30,227.49,227.49,207.48,215.26,540710
2021-05-31,206.73,220.08,198.21,203.4,555576
2021-06-01,202.66,207.11,196.73,201.18,271733
2021-06-02,193.39,208.96,193.39,208.96,263100
2021-06-03,214.52,214.52,197.84,206.36,489908
2021-06-06,198.59,205.25,197.84,201.55,274502
2021-06-07,193.76,208.96,193.76,204.88,393033
2021-06-08,204.88,210.07,202.29,205.62,408195
2021-06-09,207.11,221.56,203.03,221.56,1896335
2021-06-10,230.09,238.98,230.09,238.98,417987
2021-06-13,248.61,258.26,231.57,256.77,1297789
2021-06-14,259.0,262.7,244.17,246.76,1121286
2021-06-15,246.76,254.92,242.32,243.8,629984
2021-06-16,234.16,244.91,226.75,234.53,665062
2021-06-17,231.94,241.21,230.83,236.38,439239
2021-06-20,227.49,239.35,220.45,228.24,351008
2021-06-21,234.9,234.9,219.33,219.33,413750
2021-06-22,218.22,232.68,216.74,232.68,248704
2021-06-23,232.68,236.01,224.16,227.86,274580
2021-06-24,236.76,236.76,221.19,224.9,146599
2021-06-27,228.24,228.24,220.08,221.56,112115
2021-06-28,224.53,224.53,213.04,214.52,151504
2021-06-29,223.04,223.04,207.48,207.85,153798
2021-06-30,207.85,210.81,202.66,207.11,143353
2021-07-01,209.7,214.89,208.59,210.07,147760
2021-07-04,210.81,213.41,207.85,209.7,70647
2021-07-05,207.11,213.04,205.62,206.36,68334
2021-07-06,208.59,208.59,204.14,204.14,52613
2021-07-07,206.36,207.11,200.44,201.18,61028
2021-07-08,203.03,204.51,195.99,204.14,106650
2021-07-11,211.93,215.26,204.51,214.15,183337
2021-07-12,210.81,216.74,206.36,208.59,175767
2021-07-13,216.74,216.74,205.99,211.18,54852
2021-07-14,211.18,216.74,210.81,216.37,71618
2021-07-15,214.52,227.86,214.52,221.93,200053
2021-07-18,219.7,221.93,212.92,220.08,796877
2021-07-19,221.93,228.98,218.96,222.64,363633
2021-07-20,223.04,235.27,221.19,234.5,537625
2021-07-22,237.87,239.35,231.94,232.68,413173
2021-07-25,234.16,235.27,229.35,232.68,383959
2021-07-26,234.9,246.03,233.05,241.21,610751
2021-07-27,241.21,249.73,240.46,244.91,537711
2021-07-28,248.91,254.92,238.98,240.46,625211
2021-07-29,240.46,242.32,236.9,239.17,299119
2021-08-01,239.17,249.73,239.17,243.43,502738
2021-08-02,247.39,250.84,242.69,243.43,403288
2021-08-03,247.39,249.73,240.83,249.73,425671
2021-08-04,253.84,269.3,250.84,266.41,965849
2021-08-05,270.86,271.6,256.77,258.63,831534
2021-08-08,254.55,272.67,254.55,266.78,1014022
2021-08-09,271.23,281.23,267.52,276.78,1080224
2021-08-10,279.38,281.23,264.55,267.52,866323
2021-08-11,268.26,279.38,268.26,277.52,916367
2021-08-12,282.19,282.19,274.56,277.15,645412
2021-08-15,272.52,272.52,255.29,263.44,966111
2021-08-16,267.52,273.82,259.74,267.52,519211
2021-08-17,271.97,282.01,270.11,276.78,694125
2021-08-18,281.23,300.06,281.23,300.06,670086
2021-08-19,305.18,314.59,289.39,302.36,1690522
2021-08-24,297.54,298.21,288.65,292.35,1121211
2021-08-25,292.35,295.68,282.71,286.79,706926
2021-08-26,290.5,311.07,290.5,311.07,1330808
2021-08-29,316.4,334.98,316.07,331.27,1712329
2021-08-31,333.12,333.12,316.81,317.19,1349363
2021-09-01,317.19,325.71,312.73,313.11,811393
2021-09-02,314.59,320.0,293.09,301.25,810299
2021-09-05,296.13,297.54,275.53,281.79,1090417
2021-09-06,281.23,305.55,280.12,305.55,682993
2021-09-07,310.51,310.51,291.61,296.1,555671
2021-09-08,299.76,299.76,289.05,294.2,366120
2021-09-09,297.91,306.44,294.57,304.81,701535
2021-09-12,309.99,320.15,309.03,316.48,1009242
2021-09-13,321.93,321.93,301.62,305.29,868080
2021-09-14,303.47,309.03,298.28,301.62,388015
2021-09-15,303.47,303.47,294.32,294.32,324098
2021-09-16,299.02,299.02,282.71,286.42,589394
2021-09-20,291.24,295.68,262.7,266.78,658816
2021-09-21,263.07,274.94,259.0,266.03,421946
2021-09-22,270.11,284.2,266.41,281.97,370833
2021-09-23,284.94,285.68,269.74,271.6,276350
2021-09-26,276.12,276.12,256.03,257.14,576866
2021-09-27,261.49,269.89,243.8,244.62,304691
2021-09-28,248.37,249.5,225.86,230.76,287627
2021-09-29,229.53,245.84,225.45,243.8,280710
2021-09-30,247.8,247.8,232.22,234.42,119965
2021-10-03,238.21,238.21,219.33,220.15,157164
2021-10-04,217.3,224.23,212.4,217.7,199288
2021-10-05,217.7,223.82,217.7,222.48,88902
2021-10-06,223.86,226.26,219.75,224.64,110809
2021-10-10,228.23,228.31,214.65,217.26,104878
2021-10-11,220.68,223.01,207.11,209.15,183755
2021-10-17,212.0,212.0,207.11,208.33,41927
2021-10-18,207.11,208.33,199.61,202.17,131090
2021-10-19,201.81,202.62,186.4,188.4,238259
2021-10-20,191.25,202.62,191.25,201.81,193699
2021-10-21,201.81,207.11,195.28,199.77,160076
2021-10-24,200.59,212.0,196.91,208.54,217316
2021-10-25,211.59,224.96,210.77,224.96,242428
2021-10-26,228.31,240.54,226.68,238.91,356942
2021-10-27,241.76,245.27,231.57,236.06,375343
2021-10-28,233.61,252.77,231.98,249.92,294725
2021-10-31,251.95,266.22,247.87,262.55,333975
2021-11-01,266.22,269.48,252.65,253.58,405097
2021-11-02,253.58,258.48,247.8,254.8,319962
2021-11-03,259.01,266.22,255.21,257.46,274606
2021-11-08,260.11,260.15,253.18,255.21,115474
2021-11-09,259.41,259.41,241.02,242.99,369247
2021-11-11,243.39,245.02,233.61,235.24,231420
2021-11-14,235.24,242.17,232.38,237.69,198022
2021-11-15,241.56,247.47,238.95,243.8,257006
2021-11-16,247.8,251.95,241.76,251.55,259763
2021-11-17,253.99,257.66,247.06,247.06,194959
2021-11-18,245.84,251.14,242.57,242.57,127493
2021-11-21,242.57,249.87,240.94,242.66,76078
2021-11-22,246.25,247.87,242.57,243.8,93346
2021-11-23,242.99,243.8,237.64,238.5,138717
2021-11-24,238.5,245.02,231.98,239.72,145578
2021-11-25,240.94,243.39,235.81,237.27,78178
2021-11-28,233.44,237.27,226.26,228.59,211066
2021-11-29,225.45,235.73,225.45,231.16,120813
2021-11-30,231.98,234.83,227.49,232.38,115571
2021-12-01,236.14,236.14,229.94,231.57,80617
2021-12-02,233.61,233.61,224.43,225.05,104731
2021-12-05,225.45,225.45,212.65,216.89,206917
2021-12-06,216.89,223.62,207.55,222.6,274878
2021-12-07,224.23,227.0,213.83,215.26,124519
2021-12-08,215.26,215.26,207.11,207.72,161666
2021-12-09,205.47,210.37,202.62,207.52,152407
2021-12-12,205.56,209.55,198.59,198.96,128447
2021-12-13,196.1,198.96,190.39,191.61,181491
2021-12-14,194.47,206.37,193.86,206.37,102980
2021-12-15,209.59,217.3,205.07,207.11,274791
2021-12-16,207.11,209.15,201.07,201.4,134064
2021-12-20,198.96,203.03,196.91,197.73,73563
2021-12-21,198.96,206.29,198.96,206.29,102673
2021-12-22,209.15,222.52,207.11,222.52,325925
2021-12-23,226.06,231.98,219.75,226.26,314113
2021-12-26,226.26,229.53,221.38,223.78,241558
2021-12-27,223.82,231.57,214.48,216.48,259028
2021-12-28,213.22,219.33,211.18,218.12,141034
2021-12-29,219.33,221.38,216.48,219.25,74145
2022-01-02,221.17,225.05,217.67,224.23,171026
2022-01-03,226.26,226.68,221.38,221.38,125498
2022-01-04,219.33,226.68,219.33,225.45,157611
2022-01-05,226.26,232.38,223.01,227.49,245379
2022-01-06,227.9,232.79,221.42,230.79,191377
2022-01-09,233.61,244.2,233.61,242.99,388427
2022-01-10,246.94,247.87,238.13,241.76,295079
2022-01-11,241.76,246.25,240.13,243.8,212925
2022-01-12,243.8,249.5,238.91,240.94,309308
2022-01-13,240.94,251.14,239.8,248.28,273609
2022-01-16,252.36,265.81,252.0,263.98,686411
2022-01-17,268.26,277.72,260.93,276.94,799204
2022-01-18,281.59,281.59,266.22,272.34,457209
2022-01-19,268.26,272.29,264.18,265.0,367013
2022-01-20,268.83,270.29,262.18,268.26,294440
2022-01-23,269.08,272.26,261.74,265.41,276348
2022-01-24,261.53,262.96,250.32,253.58,587492
2022-01-25,256.03,259.29,248.37,251.14,206565
2022-01-26,255.21,255.21,244.2,247.47,270788
2022-01-27,250.73,250.73,245.84,247.84,167638
2022-01-30,251.87,266.22,251.87,266.22,412650
2022-01-31,270.29,270.29,261.74,261.74,338727
2022-02-01,266.06,274.79,260.11,273.56,671287
2022-02-03,278.04,292.72,278.04,285.79,1384721
2022-02-06,290.6,300.18,285.79,288.23,900863
2022-02-07,288.65,289.05,282.53,284.77,425281
2022-02-08,289.46,292.72,276.82,278.04,611755
2022-02-09,276.82,280.9,274.01,277.64,325928
2022-02-10,282.29,282.29,275.6,278.45,283093
2022-02-13,273.76,273.76,265.04,265.41,517407
2022-02-14,268.26,272.34,263.36,264.59,278738
2022-02-15,268.99,278.04,265.0,277.64,243819
2022-02-16,276.01,277.64,268.34,270.71,286885
2022-02-17,269.08,272.62,266.63,269.08,144692
2022-02-20,264.59,270.29,260.11,264.59,314734
2022-02-21,266.22,269.44,264.18,268.26,186119
2022-02-22,263.78,274.79,263.78,270.71,228726
2022-02-23,269.08,271.89,267.16,267.44,135015
2022-02-24,265.45,267.44,260.11,260.93,241993
2022-02-27,265.24,268.26,260.51,265.57,187615
2022-02-28,269.97,274.37,256.03,257.66,279518
2022-03-02,261.9,261.9,247.47,247.95,278936
2022-03-06,247.87,253.58,243.84,245.84,133427
2022-03-07,241.8,249.1,241.8,245.43,114869
2022-03-09,247.87,248.28,236.46,238.5,196009
2022-03-10,238.5,257.66,235.64,250.93,239344
2022-03-13,255.05,258.07,250.97,255.21,249397
2022-03-14,251.02,257.66,251.02,253.7,95624
2022-03-15,256.03,256.03,247.87,247.92,161391
2022-03-16,247.92,250.73,243.84,245.43,98098
2022-03-20,247.87,249.1,245.43,246.25,58859
2022-03-21,247.87,257.25,244.2,256.03,181425
2022-03-22,256.85,258.07,251.42,251.95,130596
2022-03-23,251.14,251.14,245.84,247.18,163144
2022-03-24,247.87,249.5,244.2,244.82,88615
2022-03-27,245.84,245.84,236.83,237.69,183024
2022-03-28,234.01,239.72,234.01,235.24,103690
2022-03-29,236.06,238.74,232.06,233.61,69503
2022-03-30,233.81,241.35,232.38,240.57,101502
2022-03-31,242.21,243.8,233.64,235.24,78193
2022-04-03,235.64,236.06,229.81,229.98,63957
2022-04-04,227.9,231.36,226.68,227.9,86541
2022-04-05,225.86,228.31,219.05,223.01,154842
2022-04-06,222.19,226.26,218.6,220.56,100503
2022-04-07,223.38,225.45,219.33,223.41,110681
2022-04-11,223.41,230.63,217.3,217.7,130526
2022-04-12,221.17,221.17,211.18,212.4,82960
2022-04-13,213.18,215.67,209.96,212.4,126288
2022-04-17,213.22,215.67,207.6,207.6,118936
2022-04-18,210.74,210.74,201.81,202.01,83672
2022-04-19,205.02,208.33,198.54,203.03,91503
2022-04-20,202.26,205.07,195.28,195.65,108762
2022-04-21,198.54,205.89,192.84,199.77,74534
2022-04-24,202.58,215.34,199.77,215.34,224591
2022-04-25,218.52,223.41,212.4,215.67,190646
2022-04-26,216.48,218.52,211.59,213.22,69782
2022-04-27,215.26,217.22,209.96,216.08,124757
2022-04-28,218.93,220.11,214.0,214.12,111687
2022-05-02,214.04,214.04,205.07,205.35,118072
2022-05-04,205.47,208.29,200.59,202.66,117403
2022-05-05,201.4,205.89,198.96,199.77,107184
2022-05-08,199.77,208.74,198.14,207.11,92398
2022-05-09,207.11,211.18,204.66,206.29,86393
2022-05-10,207.11,217.3,204.66,214.85,102776
2022-05-11,218.23,228.71,214.85,227.49,244497
2022-05-12,229.53,230.34,219.75,221.58,182028
2022-05-17,218.52,220.15,209.15,209.96,137390
2022-05-18,208.21,217.3,205.52,215.67,131019
2022-05-19,217.3,218.93,211.18,212.4,93138
2022-05-20,209.15,215.26,209.15,211.18,54663
2022-05-23,211.18,212.4,206.01,207.47,96207
2022-05-24,210.37,214.85,207.11,211.59,92752
2022-05-25,214.85,216.48,211.84,213.63,68804
2022-05-26,215.63,215.67,212.0,214.0,47945
2022-05-27,211.18,216.08,210.37,211.59,112388
2022-05-30,211.59,213.22,206.29,207.11,109787
2022-05-31,207.92,209.15,203.92,206.25,70721
2022-06-01,206.25,211.18,205.89,208.33,58390
2022-06-02,210.37,211.18,205.89,207.11,57288
2022-06-03,207.92,208.74,203.97,205.89,84069
2022-06-06,209.1,210.17,203.89,205.07,97487
2022-06-07,208.29,208.29,201.48,201.81,59947
2022-06-08,203.03,212.82,201.81,209.55,126976
2022-06-09,209.15,212.82,206.12,206.49,89556
2022-06-10,206.7,208.33,204.29,204.66,46998
2022-06-13,205.47,206.29,203.84,204.25,34437
2022-06-14,205.07,206.29,199.48,200.99,65780
2022-06-15,200.99,200.99,194.26,196.91,109403
2022-06-16,194.88,201.77,194.88,199.36,59562
2022-06-17,201.81,201.81,196.54,196.63,28065
2022-06-19,196.51,198.96,189.16,189.58,71583
2022-06-20,192.43,192.43,184.73,186.23,108115
2022-06-21,186.72,193.24,184.68,191.61,96143
2022-06-22,193.66,193.66,185.5,185.5,44249
2022-06-23,183.05,186.68,176.53,178.53,110671
2022-06-24,176.12,186.31,170.42,178.61,89397
2022-06-26,181.3,191.21,180.6,189.98,141889
2022-06-27,192.8,193.98,183.46,183.87,139838
2022-06-28,185.83,185.91,179.35,180.2,86695
2022-06-29,182.23,188.35,179.79,187.53,134053
2022-06-30,189.94,198.96,187.86,195.28,141521
2022-07-01,197.73,197.73,191.21,192.84,83903
2022-07-03,193.66,200.59,189.58,198.54,165514
2022-07-04,199.77,207.07,193.29,194.88,290553
2022-07-05,196.1,200.06,190.03,192.43,184378
2022-07-06,192.03,196.91,188.35,194.06,108234
2022-07-07,197.04,199.77,191.08,192.03,93140
2022-07-08,189.61,192.39,185.5,185.5,98904
2022-07-11,184.28,184.68,178.2,180.93,151780
2022-07-12,181.02,185.5,180.24,183.05,97507
2022-07-13,185.5,191.16,182.65,189.98,92829
2022-07-14,190.8,192.84,187.5,192.76,114740
2022-07-15,194.88,194.88,187.33,189.21,54583
2022-07-17,189.16,190.76,186.31,187.62,74062
2022-07-18,186.72,190.8,185.83,189.61,42997
2022-07-19,188.35,192.63,188.35,189.78,63321
2022-07-20,188.76,193.29,188.35,189.58,74201
2022-07-21,189.58,191.21,186.76,187.53,47547
2022-07-22,186.68,188.35,183.87,183.91,64099
2022-07-24,186.31,192.35,181.18,191.16,158300
2022-07-25,192.84,197.97,190.8,196.71,201096
2022-07-26,198.54,200.99,192.84,194.06,273789
2022-07-27,194.06,200.17,191.21,199.36,207921
2022-07-28,201.61,203.84,194.1,198.91,181290
2022-07-29,198.91,200.17,196.54,197.32,75096
2022-07-31,200.17,202.79,197.73,200.99,191496
2022-08-01,201.81,209.1,200.99,204.7,324244
2022-08-02,206.7,207.07,201.11,205.47,173153
2022-08-03,207.11,210.37,204.34,206.7,190577
2022-08-04,209.55,209.55,199.85,200.17,187093
2022-08-05,200.17,201.81,196.91,196.91,143158
2022-08-07,196.91,200.99,196.51,198.54,84312
2022-08-08,199.36,203.03,195.69,195.69,113719
2022-08-09,196.1,198.14,189.61,190.39,146631
2022-08-10,190.39,194.47,189.21,190.8,82694
2022-08-11,192.43,192.8,186.35,186.72,86411
2022-08-14,185.91,189.58,184.68,184.68,65539
2022-08-15,187.13,195.28,185.5,194.88,170664
2022-08-16,195.69,197.73,189.58,189.98,122511
2022-08-17,189.98,192.43,188.35,190.39,52475
2022-08-18,192.8,194.76,190.8,194.47,93816
2022-08-21,194.47,196.1,189.98,190.8,57525
2022-08-22,189.66,192.8,189.66,190.8,33897
2022-08-23,188.8,192.03,188.8,190.8,20174
2022-08-24,190.8,193.66,190.39,192.06,62137
2022-08-25,190.8,193.24,187.98,188.06,69631
2022-08-26,186.76,189.5,186.31,186.31,81926
2022-08-28,185.21,186.72,181.55,183.05,109342
2022-08-29,183.46,184.68,181.46,184.28,84506
2022-08-30,182.23,186.31,182.23,183.3,33156
2022-08-31,183.46,184.07,178.57,179.79,37602
2022-09-01,179.79,182.65,178.61,180.93,66312
2022-09-02,182.52,182.65,179.02,180.4,15927
2022-09-04,181.83,183.05,179.95,181.02,23705
2022-09-05,182.23,182.65,179.42,180.2,29721
2022-09-06,179.38,181.71,177.83,178.57,41969
2022-09-07,180.2,180.2,175.72,176.65,51977
2022-09-08,178.16,180.2,175.43,176.98,35190
2022-09-11,177.35,179.38,175.3,175.72,18389
2022-09-12,176.53,176.53,172.86,173.72,44614
2022-09-13,173.72,177.35,173.67,174.49,26014
2022-09-14,175.72,181.42,175.72,180.6,62780
2022-09-15,183.33,183.33,172.45,173.64,137885
2022-09-16,171.64,174.09,169.11,171.64,38506
2022-09-18,174.17,174.17,168.79,168.79,73019
2022-09-20,166.34,168.46,162.26,163.08,70732
2022-09-21,164.71,167.15,162.31,164.26,46015
2022-09-22,164.3,164.34,160.31,160.67,46377
2022-09-25,160.22,160.22,154.11,154.11,60935
2022-09-27,155.74,158.59,154.11,154.93,34828
2022-09-28,156.14,156.96,154.51,156.14,16047
2022-09-29,156.96,156.96,154.71,156.06,17178
2022-10-09,157.37,160.63,157.37,160.22,30573
2022-10-10,162.22,162.26,155.33,155.33,38592
2022-10-11,154.11,155.33,153.29,154.96,29152
2022-10-12,153.29,159.86,153.29,158.59,39034
2022-10-13,160.88,160.88,156.14,156.96,29529
2022-10-16,159.21,159.21,153.9,154.93,34126
2022-10-17,153.74,156.96,153.74,153.9,31658
2022-10-19,154.11,154.93,150.03,150.07,42713
2022-10-20,150.03,151.25,148.0,149.21,23700
2022-10-23,149.25,151.01,149.21,150.8,14019
2022-10-31,150.8,151.21,148.81,149.21,22538
2022-11-01,149.21,157.41,148.0,156.56,101125
2022-11-02,156.63,161.04,154.51,157.37,73562
2022-11-03,156.14,158.18,154.93,156.14,29442
2022-11-06,156.56,159.61,154.11,159.61,43246
2022-11-07,161.04,163.08,157.37,157.78,78850
2022-11-08,158.18,160.88,155.9,158.14,35527
2022-11-09,158.14,158.14,150.03,152.28,47412
2022-11-10,154.43,154.43,148.4,148.6,47216
2022-11-13,146.52,152.07,146.52,150.43,34249
2022-11-14,152.48,155.33,148.85,154.51,21604
2022-11-15,155.74,156.96,151.83,151.83,42862
2022-11-16,153.94,154.93,152.23,154.03,22797
2022-11-17,155.74,159.0,154.93,157.66,67617
2022-11-22,157.66,161.86,155.9,156.51,57000
2022-11-23,155.74,155.9,153.29,154.93,24996
2022-11-24,156.92,156.92,152.88,156.14,34101
2022-11-27,156.96,158.59,155.33,158.59,28928
2022-11-28,157.13,161.44,154.88,156.56,45885
2022-11-29,154.51,158.59,154.35,157.37,37857
2022-11-30,157.37,159.0,156.03,156.96,18936
2022-12-01,156.96,158.59,155.53,156.14,27398
2022-12-04,154.11,159.41,154.11,157.0,51412
2022-12-05,159.0,159.0,154.93,154.93,34119
2022-12-06,156.14,156.96,154.11,155.25,23219
2022-12-07,154.11,155.29,153.7,154.11,20484
2022-12-11,154.03,154.93,152.23,153.7,34487
2022-12-12,154.11,155.74,151.7,155.33,24896
2022-12-13,154.51,156.14,152.88,152.88,11749
2022-12-14,152.88,154.39,152.48,153.21,9326
2022-12-15,151.7,154.11,150.31,151.05,27324
2022-12-18,153.17,153.17,147.13,147.58,27100
2022-12-19,146.45,149.62,146.45,147.58,19461
2022-12-20,148.0,149.58,147.18,148.0,20139
2022-12-21,148.0,149.66,146.77,147.5,23651
2022-12-22,147.58,148.0,145.95,146.0,33325
2022-12-26,147.58,156.14,147.58,155.25,92017
2022-12-27,157.45,162.22,156.14,160.18,163968
2022-12-28,160.63,163.08,156.96,160.22,119022
2022-12-29,157.94,166.34,157.94,165.93,109274
2023-01-01,168.34,171.23,164.42,167.64,117049
2023-01-02,165.52,169.97,164.3,165.93,116804
2023-01-03,168.34,168.79,164.3,164.91,84756
2023-01-04,165.32,172.86,164.79,172.45,134087
2023-01-05,174.49,178.57,171.23,177.3,157793
2023-01-08,177.35,182.23,172.04,178.12,182782
2023-01-09,178.57,185.46,176.98,185.38,152635
2023-01-10,187.53,192.03,180.6,182.65,300757
2023-01-12,185.42,190.8,176.12,178.98,214388
2023-01-17,180.6,186.72,179.02,183.87,159267
2023-01-18,186.64,192.43,186.31,186.31,338440
2023-01-19,188.76,189.94,184.68,187.53,118360
2023-01-23,189.53,189.58,183.5,183.87,160996
2023-01-24,181.83,185.05,179.38,183.46,105376
2023-01-25,183.46,187.95,183.46,185.5,95644
2023-01-26,186.72,191.13,185.5,187.13,151512
2023-01-29,184.28,187.53,182.65,184.28,84498
2023-01-30,183.5,184.48,180.2,180.57,93363
2023-01-31,182.65,182.65,178.57,179.79,136977
2023-02-01,182.46,182.46,177.0,177.0,57054
2023-02-02,178.76,179.2,172.6,173.04,64314
2023-02-05,173.48,175.15,171.28,173.04,59884
2023-02-06,173.92,175.15,171.5,172.6,25728
2023-02-07,174.63,184.49,174.36,184.05,111986
2023-02-08,186.69,188.89,183.17,183.17,124751
2023-02-09,181.85,185.94,181.41,184.93,54991
2023-02-12,182.11,183.17,176.56,177.44,100919
2023-02-14,177.22,178.32,174.98,175.68,42211
2023-02-15,176.12,181.01,175.24,180.97,75705
2023-02-16,178.76,180.97,176.56,177.44,43010
2023-02-20,175.29,178.32,175.24,177.0,70226
2023-02-22,178.72,182.73,178.32,181.41,60754
2023-02-23,178.98,180.53,176.08,177.49,158951
2023-02-26,174.85,178.32,171.76,177.0,183993
2023-02-27,178.32,179.2,171.81,177.88,159699
2023-02-28,179.64,180.53,177.88,178.76,41635
2023-03-01,180.97,180.97,175.02,177.0,50469
2023-03-02,177.0,177.0,171.94,172.6,81929
2023-03-05,174.8,174.8,169.96,170.84,53765
2023-03-07,170.84,174.36,170.84,173.04,31686
2023-03-09,175.15,179.86,175.15,177.88,99690
2023-03-12,180.53,180.53,176.87,177.44,79026
2023-03-13,177.0,177.88,175.68,177.36,167539
2023-03-14,177.84,179.64,175.02,177.44,41592
2023-03-15,178.32,178.32,174.8,176.56,59800
2023-03-16,174.01,177.88,174.01,176.12,42757
2023-03-19,176.12,177.88,174.8,175.68,23300
2023-03-20,176.12,178.24,175.68,177.88,39688
2023-03-22,177.93,179.6,175.33,176.12,42487
2023-03-23,178.76,178.76,173.7,174.8,50494
2023-03-26,174.8,175.68,172.47,173.04,36320
2023-03-27,173.04,176.12,172.29,176.12,49220
2023-03-28,177.88,179.2,175.73,177.44,96434
2023-03-29,175.95,177.44,175.68,176.3,17482
2023-03-30,176.56,177.88,174.8,175.64,28681
2023-04-02,175.64,177.88,172.16,173.92,51129
2023-04-03,175.64,175.68,170.84,170.93,44649
2023-04-04,170.93,173.39,170.13,171.59,28942
2023-04-05,174.1,174.1,170.4,172.25,42097
2023-04-06,173.92,173.92,169.3,170.4,61134
2023-04-09,169.56,169.56,164.89,165.11,47071
2023-04-10,167.1,168.5,164.85,165.6,59831
2023-04-11,166.88,172.12,166.0,171.94,27426
2023-04-12,173.44,178.76,172.6,178.32,108050
2023-04-13,178.32,180.48,175.24,176.12,63728
2023-04-16,176.12,177.8,174.8,176.12,65738
2023-04-17,177.88,182.24,177.49,180.53,226646
2023-04-18,180.53,180.97,178.19,178.41,41018
2023-04-19,180.08,180.08,178.37,179.2,23822
2023-04-20,179.2,180.13,175.68,176.12,72551
2023-04-23,176.12,176.12,171.85,172.16,44944
2023-04-24,171.72,175.68,171.28,173.48,20360
2023-04-25,175.68,176.12,173.17,174.8,20677
2023-04-26,175.68,176.96,172.6,172.6,59209
2023-04-27,171.76,174.36,171.37,172.6,17993
2023-04-30,175.15,175.15,169.17,169.96,47402
2023-05-02,167.76,171.28,167.76,170.27,28089
2023-05-03,170.4,170.4,167.54,167.76,28282
2023-05-04,169.47,170.4,166.66,169.08,27072
2023-05-07,167.36,168.64,166.88,168.2,21563
2023-05-08,168.2,168.2,162.03,165.11,48305
2023-05-09,162.96,170.66,162.96,166.74,37891
2023-05-10,168.2,168.2,165.11,166.0,26935
2023-05-11,166.0,167.32,164.23,164.67,22252
2023-05-14,167.05,167.05,161.42,162.87,28258
2023-05-15,161.15,167.32,160.71,164.67,36623
2023-05-16,162.91,166.39,162.3,164.23,21287
2023-05-17,165.11,167.32,164.23,166.92,33959
2023-05-18,167.32,174.18,166.88,171.72,97624
2023-05-21,171.72,173.92,168.46,169.96,64170
2023-05-22,171.72,173.92,169.52,170.84,52016
2023-05-23,173.26,175.68,171.9,175.68,63582
2023-05-24,175.24,176.12,172.29,174.32,49991
2023-05-28,173.92,176.12,170.62,171.72,61152
2023-05-30,169.17,172.03,167.54,168.64,89607
2023-05-31,166.44,170.66,163.35,165.11,72363
2023-06-01,167.27,168.64,163.84,166.44,48561
2023-06-04,168.64,173.0,168.24,170.4,44424
2023-06-05,172.16,175.33,170.31,171.28,78752
2023-06-06,173.79,175.64,170.84,173.96,92967
2023-06-07,176.12,179.2,175.42,176.03,129514
2023-06-08,174.41,176.12,173.48,173.92,59807
2023-06-11,175.99,176.56,173.48,176.56,142106
2023-06-12,177.84,177.84,173.48,174.36,71029
2023-06-13,172.6,177.18,172.6,175.68,104610
2023-06-14,178.28,180.04,175.68,177.22,166201
2023-06-15,179.86,179.86,173.48,174.41,97432
2023-06-18,174.36,180.53,174.36,177.88,106473
2023-06-19,180.53,182.29,178.32,181.85,153649
2023-06-20,183.17,183.17,177.49,177.88,163193
2023-06-21,180.53,180.53,175.24,176.03,76812
2023-06-22,178.63,178.63,171.94,173.83,116487
2023-06-25,171.72,175.46,170.84,174.58,118897
2023-06-26,177.18,177.18,170.62,170.88,110038
2023-06-27,173.39,173.48,169.96,171.28,136653
2023-06-28,173.79,173.79,167.8,169.08,157253
2023-07-02,169.08,169.52,163.84,164.23,130660
2023-07-03,166.61,166.61,162.91,164.59,186879
2023-07-04,166.96,166.96,162.3,162.83,95251
2023-07-05,165.16,165.16,159.83,162.12,65029
2023-07-06,164.45,164.45,154.11,155.43,276136
2023-07-09,157.63,158.51,153.23,153.67,105219
2023-07-10,154.99,154.99,151.47,151.51,115742
2023-07-11,153.62,155.65,149.92,151.16,68120
2023-07-12,152.79,160.23,151.91,160.23,117881
2023-07-13,162.52,164.81,157.76,157.81,109470
2023-07-16,160.05,160.05,154.64,156.31,35211
2023-07-17,156.31,159.39,154.64,158.07,44045
2023-07-18,158.51,159.87,157.19,158.95,48179
2023-07-19,157.01,159.61,156.88,157.19,52895
2023-07-20,158.47,159.17,155.38,156.35,102058
2023-07-23,158.6,160.23,156.31,159.39,46351
2023-07-24,161.68,162.47,157.19,158.51,66712
2023-07-25,157.67,160.71,157.28,158.51,49939
2023-07-26,157.23,159.35,155.91,156.75,31298
2023-07-27,158.51,158.51,154.11,154.15,37442
2023-07-30,155.87,155.87,151.16,151.91,74901
2023-07-31,152.79,154.02,151.02,151.11,65109
2023-08-01,153.23,153.23,146.18,147.06,104463
2023-08-02,147.94,149.09,145.57,147.06,44502
2023-08-03,146.23,149.26,146.18,146.84,60013
2023-08-06,148.87,148.87,143.98,144.02,41563
2023-08-07,145.3,146.36,143.1,143.54,68352
2023-08-08,144.86,145.12,143.1,143.54,40140
2023-08-09,142.35,145.74,141.78,145.74,22965
2023-08-10,145.3,147.68,143.98,146.18,26793
2023-08-13,147.5,147.5,144.42,144.51,24006
2023-08-14,146.49,146.49,143.28,143.54,27605
2023-08-15,141.82,144.86,140.46,140.46,63438
2023-08-16,140.46,141.78,139.14,139.18,26952
2023-08-17,139.58,142.17,139.58,139.58,19255
2023-08-20,139.58,140.02,135.61,136.1,38680
2023-08-21,136.49,137.38,133.85,135.17,41833
2023-08-22,133.41,136.94,133.41,136.54,19850
2023-08-23,137.82,140.9,136.98,140.24,30773
2023-08-24,140.02,140.85,136.49,136.94,24471
2023-08-27,137.82,137.82,135.22,135.7,18298
2023-08-28,136.05,136.94,135.17,136.49,13105
2023-08-29,136.49,136.49,134.38,134.6,14213
2023-08-30,134.73,135.61,132.62,133.41,43468
2023-09-03,133.41,135.17,131.65,132.53,38407
2023-09-04,134.29,134.29,130.77,132.09,16939
2023-09-05,130.86,132.53,130.33,131.65,9930
2023-09-07,130.77,130.77,129.05,129.05,25540
2023-09-10,129.89,130.73,127.78,128.75,56021
2023-09-11,127.69,132.49,127.69,132.09,48483
2023-09-12,133.41,133.41,129.89,129.89,22873
2023-09-13,130.77,136.45,130.33,135.48,41608
2023-09-17,135.17,135.17,130.81,132.97,41747
2023-09-18,132.62,136.05,132.62,133.85,16353
2023-09-19,135.17,140.9,132.97,140.9,99867
2023-09-21,142.22,149.48,142.22,149.04,149175
2023-09-24,147.5,151.02,143.98,144.64,118933
2023-09-25,146.62,147.94,142.66,145.26,53639
2023-09-26,146.62,151.47,146.62,147.94,113549
2023-09-27,147.55,148.38,144.46,145.3,64026
2023-10-01,143.67,147.33,140.46,142.57,70329
2023-10-02,140.9,145.7,140.63,145.12,68184
2023-10-03,145.3,145.3,143.23,143.54,16686
2023-10-04,145.3,146.62,143.32,146.18,44620
2023-10-05,146.84,146.84,143.54,143.8,23629
2023-10-08,145.3,145.74,138.78,140.46,46982
2023-10-09,139.14,143.5,138.26,138.39,43232
2023-10-10,138.39,141.78,136.49,137.38,30166
2023-10-11,136.1,140.99,136.1,138.26,31198
2023-10-12,139.14,139.14,135.66,137.82,32951
2023-10-16,136.14,136.49,134.34,136.49,23257
2023-10-17,138.26,139.97,136.63,137.02,21506
2023-10-18,136.58,140.94,136.58,139.53,20317
2023-10-19,140.9,140.9,135.53,138.3,11497
2023-10-29,136.45,138.26,134.73,136.41,19185
2023-10-30,136.05,138.17,134.29,137.38,25475
2023-10-31,138.26,138.26,134.34,134.34,7700
2023-11-01,134.78,136.14,134.29,135.61,14337
2023-11-02,133.9,135.17,133.85,133.85,16837
2023-11-05,133.85,134.73,132.18,132.58,9849
2023-11-06,133.85,136.05,132.49,133.41,12245
2023-11-07,133.46,135.61,133.46,135.17,10837
2023-11-08,135.61,136.05,133.81,134.73,12185
2023-11-09,133.02,134.29,133.02,134.29,23399
2023-11-20,135.61,135.61,134.29,135.61,9969
2023-11-21,135.61,135.61,132.09,132.97,14538
2023-11-22,132.97,135.61,131.87,135.17,16503
2023-11-23,133.41,137.38,132.66,136.94,27252
2023-11-26,137.82,141.34,136.49,138.7,35287
2023-11-27,138.26,140.46,136.49,136.58,24259
2023-11-28,136.94,138.48,135.26,136.05,14509
2023-11-29,136.05,136.94,134.34,135.61,16175
2023-11-30,134.29,136.05,134.12,134.12,15683
2023-12-03,134.21,135.17,132.8,134.29,17830
2023-12-04,132.97,136.05,132.97,134.73,12732
2023-12-05,134.29,136.05,132.75,132.75,33935
2023-12-06,133.41,135.26,133.41,135.26,7820
2023-12-07,134.29,136.49,133.46,136.01,14609
2023-12-10,137.82,142.22,137.82,139.62,13530
2023-12-11,141.51,143.54,138.7,140.85,71586
2023-12-12,140.9,143.5,139.14,142.22,101049
2023-12-13,141.34,147.41,141.34,141.56,105918
2023-12-14,143.45,145.12,142.22,143.8,53908
2023-12-17,143.8,150.14,140.94,148.38,174773
2023-12-18,150.45,151.91,146.67,148.38,202314
2023-12-19,148.38,153.23,147.59,151.91,131692
2023-12-20,151.91,156.31,151.11,153.67,128125
2023-12-21,155.43,157.98,149.75,150.63,97327
2023-12-24,149.7,153.75,148.07,148.07,116302
2023-12-27,149.7,150.14,145.26,147.5,78397
2023-12-28,149.57,149.57,143.54,145.57,99060
2024-01-01,147.5,147.77,142.66,142.7,57220
2024-01-02,141.56,143.98,139.58,139.58,86926
2024-01-03,141.34,146.18,141.34,146.18,81576
2024-01-04,147.5,149.7,146.18,148.21,112315
2024-01-07,150.28,158.6,150.28,155.38,417687
2024-01-08,156.75,157.63,151.07,156.31,161994
2024-01-09,158.55,160.71,156.44,156.75,228110
2024-01-10,158.95,158.95,155.43,157.19,165585
2024-01-11,158.51,167.76,157.63,164.01,295174
2024-01-14,166.39,166.39,162.03,165.07,411138
2024-01-16,167.32,169.08,164.45,167.14,289705
2024-01-17,167.76,169.52,160.36,160.36,256447
2024-01-18,162.03,169.52,155.47,167.71,329566
2024-01-21,170.18,177.88,170.18,174.32,596394
2024-01-22,175.24,176.03,170.84,171.72,246186
2024-01-23,173.04,174.18,169.08,170.0,166457
2024-01-24,172.16,173.04,166.92,166.92,173186
2024-01-25,169.08,169.08,165.78,166.44,166746
2024-01-28,168.2,168.86,165.33,167.4,512263
2024-01-29,170.75,184.14,170.75,184.14,96551
2024-01-30,184.14,202.54,184.14,190.92,687624
2024-01-31,191.0,192.94,185.02,185.99,260919
2024-02-01,185.99,187.66,181.49,182.11,125030
2024-02-04,181.41,184.66,179.64,182.29,66385
2024-02-05,183.17,183.52,179.64,180.97,71914
2024-02-06,181.41,183.26,181.41,182.46,59034
2024-02-07,185.81,185.81,182.29,182.81,38787
2024-02-08,181.58,183.17,181.58,182.11,49450
2024-02-11,184.05,185.81,181.23,182.73,79666
2024-02-12,186.34,186.34,182.37,184.4,75839
2024-02-13,182.29,183.7,178.41,179.64,85639
2024-02-14,179.64,180.53,174.36,176.12,115451
2024-02-15,177.62,178.32,173.48,173.48,70181
2024-02-18,173.57,176.12,168.28,169.96,74600
2024-02-20,169.96,172.51,167.32,168.2,67790
2024-02-21,170.84,171.72,167.32,168.9,46095
2024-02-22,171.63,171.63,166.61,167.32,46620
2024-02-25,169.96,169.96,161.59,162.03,56031
2024-02-26,163.79,163.79,158.86,162.91,32491
2024-02-27,166.17,166.17,161.33,162.91,26941
2024-02-28,164.59,164.59,159.39,159.39,37816
2024-02-29,161.15,161.15,155.43,158.77,80249
2024-03-03,159.39,161.15,154.99,155.16,26846
2024-03-04,158.25,170.66,158.25,170.66,14812
2024-03-05,173.48,173.48,162.91,166.96,114688
2024-03-06,167.32,169.08,159.65,163.62,77340
2024-03-07,165.55,169.96,163.79,164.5,40752
2024-03-10,167.67,167.76,163.97,164.67,35018
2024-03-12,167.32,169.96,163.79,166.88,70728
2024-03-13,169.87,169.87,163.88,165.55,71383
2024-03-14,168.2,168.2,163.79,165.11,52652
2024-03-17,165.2,167.23,160.98,161.15,59599
2024-03-18,162.91,164.23,159.83,162.21,36203
2024-03-19,164.59,164.59,159.92,160.01,38048
2024-03-20,163.18,164.67,159.39,160.01,29213
2024-03-21,162.03,162.03,157.37,157.45,31260
2024-03-25,158.51,158.51,155.16,155.25,28851
2024-03-26,156.75,157.63,154.11,156.04,54589
2024-03-27,156.75,157.98,154.99,155.25,31085
2024-03-28,157.63,157.63,153.23,156.13,24520
2024-03-31,158.33,158.33,153.23,154.11,31507
2024-04-01,155.87,155.87,151.55,151.55,40371
2024-04-02,153.23,153.23,150.67,150.76,27007
2024-04-03,149.7,152.35,149.7,150.58,21355
2024-04-04,149.79,151.64,149.7,149.88,27640
2024-04-07,151.47,152.35,149.7,152.26,34890
2024-04-09,154.11,157.54,154.11,154.81,35345
2024-04-10,157.1,157.1,153.23,153.23,20486
2024-04-14,154.99,154.99,150.58,150.85,32132
2024-04-15,153.23,153.23,149.26,149.26,28757
2024-04-16,152.17,152.17,147.94,147.94,34556
2024-04-18,147.94,148.82,144.24,145.3,35949
2024-04-21,147.94,147.94,144.16,146.62,23012
2024-04-22,148.82,149.7,143.8,146.62,32967
2024-04-24,147.94,147.94,143.72,143.72,13608
2024-04-25,143.54,146.18,142.66,142.66,26991
2024-04-28,144.77,144.77,142.66,143.54,24529
2024-04-29,145.65,145.65,141.78,143.54,22842
2024-04-30,145.65,146.36,141.78,146.01,54496
2024-05-02,148.12,148.12,144.42,146.18,23857
2024-05-05,148.29,148.29,142.39,142.66,27925
2024-05-06,145.3,145.3,140.9,140.9,26471
2024-05-07,143.54,143.54,140.9,141.16,20721
2024-05-08,143.1,143.1,138.26,140.63,23064
2024-05-09,143.36,143.36,137.38,138.26,49152
2024-05-12,135.53,140.9,135.53,137.29,40482
2024-05-13,139.31,140.9,137.46,139.14,39301
2024-05-14,140.99,147.06,139.14,146.09,40183
2024-05-15,145.3,150.58,144.42,145.3,36594
2024-05-16,148.21,148.21,142.39,142.66,16093
2024-05-19,142.66,144.42,135.61,142.75,50807
2024-05-20,143.54,146.53,142.66,144.42,74008
2024-05-21,142.48,143.54,132.09,141.78,571540
2024-05-22,143.54,146.18,141.95,144.24,323763
2024-05-26,146.18,146.18,141.87,145.12,272417
2024-05-27,145.57,147.06,142.75,143.19,191749
2024-05-29,145.3,146.18,141.87,142.04,200870
2024-05-30,142.04,143.54,139.14,139.93,172008
2024-06-02,140.9,140.9,137.73,138.26,177319
2024-06-03,140.72,140.99,136.49,137.38,133983
2024-06-04,136.49,139.05,136.49,137.2,92664
2024-06-05,136.49,138.26,135.7,136.14,84985
2024-06-06,138.78,138.78,135.09,135.35,107690
2024-06-09,136.49,137.38,133.24,133.41,122009
2024-06-10,136.05,139.05,133.85,136.49,239741
2024-06-11,139.22,143.54,137.73,140.28,213532
2024-06-12,142.04,143.01,138.26,139.84,119655
2024-06-13,140.02,140.81,137.2,137.64,119455
2024-06-16,137.38,142.22,137.11,139.05,245032
2024-06-18,141.78,141.78,137.38,137.38,118322
2024-06-19,136.76,138.7,136.76,137.38,77091
2024-06-20,138.26,138.26,135.7,136.41,77673
2024-06-23,136.49,137.2,134.73,135.0,119668
2024-06-24,134.73,137.38,133.06,134.91,100452
2024-06-25,137.38,137.38,134.73,136.49,112700
2024-06-26,138.26,138.26,133.32,133.85,110592
2024-06-27,133.85,133.85,132.8,132.97,102231
2024-06-30,133.85,133.85,131.21,131.3,140140
2024-07-01,133.85,133.85,131.21,132.09,114384
2024-07-02,134.73,144.42,134.73,136.58,151276
2024-07-03,138.34,138.34,132.97,135.61,91974
2024-07-04,136.94,138.26,134.73,136.49,150705
2024-07-07,137.82,139.05,135.17,137.38,178352
2024-07-08,140.02,140.02,135.61,136.49,124685
2024-07-09,138.43,138.43,134.82,136.32,95155
2024-07-10,135.61,138.26,135.61,137.38,109046
2024-07-11,139.4,140.02,137.82,140.02,150827
2024-07-14,142.75,153.23,142.75,153.14,526265
2024-07-15,155.87,162.91,154.11,156.66,703434
2024-07-16,159.74,172.25,157.45,172.25,881530
2024-07-17,175.68,183.17,172.25,178.76,962887
2024-07-18,182.29,182.29,174.8,177.0,687648
2024-07-21,177.0,180.53,173.48,177.18,645405
2024-07-22,179.64,189.33,175.24,186.69,1154042
2024-07-23,186.69,195.41,186.69,194.88,701968
2024-07-24,198.75,199.02,189.07,189.86,854267
2024-07-25,189.86,191.97,184.93,187.13,643350
2024-07-28,190.83,199.02,186.69,191.0,571248
2024-07-29,192.85,198.14,188.45,190.65,730545
2024-07-30,192.85,196.29,186.69,193.73,660235
2024-07-31,196.38,210.38,196.38,205.97,1285670
2024-08-01,207.82,209.5,200.78,202.54,771075
2024-08-05,206.59,213.99,196.38,206.77,721783
2024-08-06,207.82,214.78,195.5,198.14,969491
2024-08-07,201.66,213.99,194.7,211.35,941058
2024-08-08,215.57,227.55,213.11,222.35,1385366
2024-08-11,226.76,244.55,224.56,244.55,1392573
2024-08-12,249.39,268.94,247.72,266.65,1404188
2024-08-13,266.65,268.59,251.85,259.78,1415664
2024-08-14,262.42,279.15,251.85,274.75,1347043
2024-08-15,280.21,299.85,279.68,294.12,1448716
2024-08-18,295.0,295.97,278.27,280.91,1504650
2024-08-21,280.91,295.89,280.03,283.73,904089
2024-08-22,287.96,303.81,285.49,299.41,1410886
2024-08-25,305.4,307.33,286.2,287.96,1112492
2024-08-27,293.68,293.68,265.06,269.47,1453153
2024-08-28,271.23,285.32,264.18,271.23,1021835
2024-08-29,276.51,280.03,265.06,270.35,738073
2024-09-01,275.37,279.15,264.45,266.83,716512
2024-09-02,266.83,284.44,265.94,284.09,772483
2024-09-03,286.29,290.6,277.39,279.15,718263
2024-09-04,279.15,280.91,266.83,269.47,569407
2024-09-05,271.23,271.23,261.45,264.18,574858
2024-09-08,267.62,269.47,256.26,256.26,357130
2024-09-09,255.38,258.02,247.8,249.21,511730
2024-09-10,252.3,257.4,246.57,246.66,439510
2024-09-11,251.59,251.77,236.27,237.85,440568
2024-09-12,237.77,258.9,237.32,254.5,473672
2024-09-15,257.75,264.1,243.49,245.69,665919
2024-09-16,245.69,250.97,237.77,238.73,392145
2024-09-18,237.77,247.01,234.51,238.65,285441
2024-09-22,243.4,251.85,239.17,241.29,351140
2024-09-23,238.21,241.29,230.72,232.39,246207
2024-09-24,232.48,235.12,221.74,222.09,437163
2024-09-25,221.91,234.15,220.33,233.36,522393
2024-09-26,233.36,239.53,224.56,224.56,276865
2024-09-29,224.56,225.44,215.84,220.15,181042
2024-09-30,224.56,229.05,219.27,228.08,154186
2024-10-01,229.93,247.8,228.96,247.8,493575
2024-10-02,247.45,251.85,237.5,237.77,350202
2024-10-06,237.77,245.69,228.96,243.05,238694
2024-10-07,246.57,254.14,242.17,244.81,334919
2024-10-08,247.45,248.24,240.41,242.08,147580
2024-10-09,242.17,243.93,236.53,242.17,85336
2024-10-15,244.72,246.39,240.05,242.96,78904
2024-10-16,243.14,258.02,243.05,254.5,304918
2024-10-17,257.14,262.16,252.74,254.5,296227
2024-10-20,249.48,255.38,244.55,246.57,329319
2024-10-21,249.43,251.25,238.91,240.45,174016
2024-10-22,243.08,247.62,237.64,242.72,153456
2024-10-23,245.8,248.44,240.36,241.27,134991
2024-10-24,237.19,244.9,237.19,242.99,129509
2024-10-27,244.9,247.26,242.18,245.35,93161
2024-10-28,246.71,252.97,244.9,251.25,177198
2024-10-29,255.78,257.6,250.34,253.88,154976
2024-10-30,257.6,257.6,247.8,249.43,118251
2024-11-05,253.06,254.33,248.53,251.16,65581
2024-11-06,253.06,253.06,247.26,248.62,81329
2024-11-10,252.15,263.67,248.53,263.49,374697
2024-11-11,268.75,279.55,263.95,271.2,831249
2024-11-12,272.11,275.65,265.76,266.67,281631
2024-11-13,271.93,271.93,262.13,262.22,215377
2024-11-14,265.76,267.3,260.32,261.22,286545
2024-11-17,266.39,271.2,263.95,264.85,263006
2024-11-19,264.94,265.76,256.69,257.96,232118
2024-11-20,259.41,260.14,253.15,253.97,215912
2024-11-21,257.51,257.51,249.43,250.34,150893
2024-11-24,247.62,254.42,247.62,250.79,139004
2024-11-25,255.78,256.69,249.43,254.88,125195
2024-11-26,254.88,259.95,254.88,258.5,157408
2024-11-27,253.33,263.49,253.33,263.04,229119
2024-11-28,257.78,271.93,255.78,257.6,203840
2024-12-01,252.52,255.78,250.34,252.15,164975
2024-12-02,252.15,259.41,250.88,253.79,176139
2024-12-03,258.78,258.78,252.61,252.61,132566
2024-12-04,257.6,257.6,249.43,249.61,203976
2024-12-05,244.63,253.97,244.63,245.8,194304
2024-12-08,250.7,255.69,240.45,242.0,143664
2024-12-09,245.8,246.8,240.36,242.18,111205
2024-12-10,245.8,245.8,239.55,241.27,105469
2024-12-11,243.99,245.8,240.36,245.8,100057
2024-12-12,244.9,246.98,240.45,240.45,73171
2024-12-16,244.9,244.9,229.93,231.29,193762
2024-12-17,235.92,235.92,227.21,230.39,98398
2024-12-18,232.2,234.92,227.57,228.48,73501
2024-12-19,228.48,230.84,222.22,223.04,146950
2024-12-22,223.22,227.03,218.59,219.41,78953
2024-12-23,221.77,224.76,218.59,224.76,82486
2024-12-24,220.32,235.83,220.32,229.93,192979
2024-12-26,234.47,234.47,226.58,230.11,70764
2024-12-29,232.65,232.65,223.31,225.85,65122
2024-12-31,230.29,230.29,217.05,220.77,119818
2025-01-01,225.12,225.12,217.78,222.22,80873
2025-01-02,222.22,224.94,219.5,221.68,86579
2025-01-05,221.32,228.48,219.5,223.95,94495
2025-01-06,226.3,234.92,224.04,234.01,145839
2025-01-07,234.01,241.27,233.11,236.92,141640
2025-01-08,241.63,241.63,233.11,235.65,87464
2025-01-09,235.83,240.36,231.29,233.11,115696
2025-01-12,237.73,237.73,226.76,227.66,60972
2025-01-13,225.85,228.57,225.12,225.67,117404
2025-01-15,228.57,233.47,224.31,225.4,71057
2025-01-16,225.85,228.57,222.22,224.04,84018
2025-01-19,223.13,227.21,222.22,226.21,81834
2025-01-20,221.77,231.2,221.77,227.66,90796
2025-01-21,230.29,230.84,225.58,228.57,86909
2025-01-22,226.76,237.55,226.67,234.29,131570
2025-01-23,238.46,242.36,234.01,237.64,266479
2025-01-26,235.92,243.08,235.83,239.91,236445
2025-01-27,242.99,243.45,237.64,240.36,208013
2025-01-28,241.27,243.81,239.0,242.63,147834
2025-02-02,244.9,253.06,244.9,246.71,283822
2025-02-03,249.43,251.61,242.18,244.44,202765
2025-02-04,244.99,248.07,240.36,243.99,126015
2025-02-05,239.64,248.34,239.64,243.08,130222
2025-02-06,244.9,247.53,238.55,239.0,156758
2025-02-09,243.72,253.06,242.9,242.9,476777
2025-02-10,243.99,246.71,237.64,238.1,107734
2025-02-11,238.1,243.27,237.64,238.82,98743
2025-02-12,238.55,243.54,235.83,238.55,155015
2025-02-13,237.64,242.36,237.64,239.27,95330
2025-02-16,239.27,242.81,236.83,240.36,158228
2025-02-17,240.36,244.63,239.91,240.36,100119
2025-02-18,243.99,244.81,238.55,238.55,123833
2025-02-20,237.64,239.46,234.92,235.83,151874
2025-02-23,234.01,237.64,231.29,233.38,148265
2025-02-24,236.73,237.73,233.56,234.47,174704
2025-02-25,236.73,237.64,233.29,235.83,109410
2025-02-27,240.36,245.8,235.01,243.17,215994
2025-03-02,246.17,261.22,246.17,261.22,606472
2025-03-03,263.04,266.21,253.97,254.6,368757
2025-03-04,253.97,259.68,250.34,250.34,265554
2025-03-05,250.34,253.97,245.35,249.43,326610
2025-03-06,252.15,252.15,245.8,249.43,235327
2025-03-09,248.53,249.43,241.27,242.18,211543
2025-03-10,243.08,246.8,237.19,238.55,210740
2025-03-11,235.83,241.45,233.38,236.73,200500
2025-03-12,235.83,241.0,233.2,237.64,110550
2025-03-16,240.36,240.36,234.29,235.1,152874
2025-03-17,235.1,239.46,233.11,235.65,101535
2025-03-18,238.46,238.91,234.92,235.92,94210
2025-03-19,236.73,236.73,232.29,233.92,64694
2025-03-20,232.2,235.56,230.39,231.09,89069
2025-03-23,228.66,230.39,224.04,224.54,119154
2025-03-24,223.13,231.29,221.5,228.78,70111
2025-03-25,226.76,231.29,219.95,222.37,126409
2025-03-26,222.22,229.48,222.22,227.95,118818
2025-03-27,228.57,232.47,225.4,230.86,131598
2025-03-30,231.29,238.64,230.39,234.06,119067
2025-04-01,235.74,238.55,226.76,229.02,90519
2025-04-02,227.03,231.29,226.94,230.17,53959
2025-04-03,231.29,233.11,228.57,229.0,65616
2025-04-07,231.2,232.2,225.85,227.73,66360
2025-04-08,225.85,229.48,223.13,228.13,99352
2025-04-09,230.2,230.2,226.76,227.75,55569
2025-04-10,230.39,232.11,226.85,229.29,78680
2025-04-13,228.57,229.39,225.85,226.52,60926
2025-04-15,223.13,238.55,223.13,235.18,220624
2025-04-16,236.73,241.27,233.11,240.01,222355
2025-04-17,242.18,248.44,242.18,243.75,221529
2025-04-20,243.72,245.8,238.55,241.86,230590
2025-04-21,240.36,253.42,238.64,249.56,398558
2025-04-22,251.25,261.22,250.34,251.68,629806
2025-04-23,256.69,256.69,235.56,242.88,438565
2025-04-24,247.62,247.62,235.56,243.21,241721
2025-04-27,247.62,262.95,243.99,260.42,1612776
2025-04-28,263.04,270.29,255.24,257.92,858538
2025-04-29,258.5,264.85,252.7,260.52,607102
2025-04-30,258.5,274.83,257.6,271.28,1423259
2025-05-04,274.83,277.55,265.22,266.1,831118
2025-05-05,266.67,267.57,258.5,261.26,539918
2025-05-06,261.22,275.65,260.32,272.87,1099140
2025-05-07,278.28,288.44,273.38,274.6,1030404
2025-05-08,280.09,286.71,270.29,279.27,1219551
2025-05-11,284.81,286.53,274.83,275.81,867529
2025-05-13,281.27,281.27,266.67,267.49,808728
2025-05-14,263.95,268.39,257.14,258.26,686288
2025-05-15,263.4,263.4,251.25,258.81,375302
2025-05-18,263.95,263.95,251.25,252.28,347075
2025-05-19,255.78,261.22,254.88,257.51,233777
2025-05-20,262.59,268.39,252.24,266.27,297252
2025-05-21,271.56,281.18,261.22,262.82,474681
2025-05-22,264.13,267.12,253.97,256.93,376064
2025-05-25,254.33,259.41,251.34,253.52,249646
2025-05-26,258.5,263.04,252.24,253.77,226427
2025-05-27,253.97,257.6,250.52,253.01,182823
2025-05-28,253.97,265.49,253.51,263.7,444839
2025-06-02,268.93,271.93,264.85,265.97,569498
2025-06-03,263.04,270.11,260.32,262.15,283355
2025-06-04,263.04,265.76,257.78,260.25,207169
2025-06-05,255.78,270.11,255.78,268.34,530425
2025-06-08,270.29,279.37,268.48,273.55,788498
2025-06-09,273.92,277.55,270.75,272.81,572260
2025-06-10,277.55,280.27,272.11,277.24,628819
2025-06-11,272.11,282.09,272.11,281.34,893041
2025-06-12,275.74,287.44,275.74,278.86,927211
2025-06-15,275.74,282.0,273.92,277.97,536347
2025-06-16,275.74,286.44,273.92,275.03,750568
2025-06-17,272.11,275.74,266.67,270.89,400766
2025-06-18,266.67,278.46,266.67,269.17,376357
2025-06-19,274.47,276.64,265.76,267.08,512223
2025-06-22,269.3,269.39,258.5,258.9,285972
2025-06-23,254.06,263.04,254.06,259.99,221367
2025-06-24,263.04,266.67,258.05,258.72,246085
2025-06-25,258.05,262.04,256.96,258.53,148028
2025-06-26,263.67,263.67,254.88,256.64,225648
2025-06-29,252.15,260.32,252.15,257.93,180099
2025-06-30,259.41,262.95,257.6,257.96,145904
2025-07-01,261.22,263.85,258.5,261.26,178085
2025-07-02,265.76,268.3,261.22,262.64,230215
2025-07-03,267.57,267.57,258.87,260.67,254210
2025-07-06,263.04,263.04,256.69,257.36,176135
2025-07-07,259.86,259.86,252.24,256.99,199205
2025-07-08,262.04,262.04,254.42,257.28,140324
2025-07-09,259.32,262.13,256.69,260.43,105560
2025-07-10,262.04,264.58,256.69,257.63,195285
2025-07-13,262.77,267.57,257.96,258.38,268095
2025-07-14,259.41,262.13,257.23,257.72,176580
2025-07-15,261.04,263.95,256.78,263.36,208326
2025-07-16,264.85,267.76,263.95,264.57,243226
2025-07-17,267.39,275.92,265.76,273.41,506239
2025-07-20,278.82,279.37,269.39,271.4,611340
2025-07-21,272.02,274.83,264.04,271.61,269524
2025-07-22,277.01,279.82,270.29,276.63,648691
2025-07-23,282.09,289.34,276.19,284.64,1087956
2025-07-24,285.71,293.88,285.71,293.42,869068
2025-07-27,293.42,302.95,285.71,287.31,1165687
2025-07-28,287.53,290.98,282.09,289.67,650566
2025-07-29,292.06,294.78,282.72,286.49,459428
2025-07-30,290.25,290.25,280.36,281.3,464025
2025-07-31,281.18,285.62,276.64,278.05,424832
2025-08-03,273.02,279.37,272.11,272.62,379111
2025-08-04,273.02,275.74,269.3,273.42,352890
2025-08-05,274.83,275.65,265.76,266.48,248579
2025-08-06,269.39,271.02,265.76,266.99,167739
2025-08-07,264.04,272.11,263.95,270.51,203202
2025-08-11,265.12,279.37,265.12,269.36,177196
2025-08-12,264.94,269.39,264.04,265.63,172923
2025-08-13,263.04,269.57,263.04,267.13,158084
2025-08-14,264.22,269.93,264.22,266.29,127162
2025-08-17,269.39,270.29,266.67,267.96,221516
2025-08-18,263.31,272.11,263.31,268.92,243770
2025-08-19,271.2,274.74,269.48,272.25,225388
2025-08-20,272.11,274.74,267.66,268.57,160027
2025-08-21,268.66,270.2,265.85,267.47,125166
2025-08-24,262.13,271.84,262.13,263.85,157154
2025-08-25,263.95,265.76,259.95,263.74,183885
2025-08-26,265.76,266.67,262.31,263.18,63473
2025-08-27,263.95,271.38,263.31,270.72,145132
2025-08-28,269.39,272.02,263.95,264.52,172491
2025-08-31,262.77,265.76,260.14,260.58,131590
2025-09-01,261.22,263.95,259.68,261.83,89450
2025-09-02,262.95,264.85,258.59,259.21,82961
2025-09-03,258.78,262.13,257.69,258.41,66436
2025-09-04,257.6,261.22,254.42,257.03,171709
2025-09-07,258.5,261.22,256.69,259.84,108049
2025-09-08,260.32,260.32,254.06,256.0,112714
2025-09-18,251.25,251.25,236.55,243.08,45206
2025-09-21,243.08,263.58,242.18,262.0,272691
2025-09-23,263.04,267.57,259.77,264.76,191653
2025-09-24,267.57,269.21,261.68,263.95,121635
2025-09-25,266.58,266.58,261.5,264.85,99815
2025-09-28,266.67,268.21,264.13,268.12,112326
2025-10-07,268.12,270.2,258.59,261.22,163794
2025-10-08,263.04,263.04,252.79,255.42,241869
2025-10-09,260.5,269.39,258.5,260.32,238019
2025-10-12,255.15,258.5,250.52,250.7,226547
2025-10-13,253.06,257.6,248.53,254.88,200931
2025-10-14,257.51,257.51,250.61,253.79,65045
2025-10-15,253.97,255.33,247.98,249.43,113658
2025-10-16,246.44,252.61,244.9,245.08,115412
2025-10-19,248.53,259.41,244.81,246.26,88132
2025-10-26,243.99,247.62,243.08,245.8,60504
2025-10-28,248.53,256.69,248.53,254.51,94325
2025-10-29,258.5,260.32,253.06,254.88,256816
2025-10-30,254.97,261.22,253.97,260.23,216839
2025-11-02,263.04,268.03,260.32,266.58,300058
2025-11-03,263.04,267.57,260.32,262.86,171557
2025-11-04,258.78,264.31,256.96,259.86,200812
2025-11-05,259.41,260.32,256.87,260.23,82543
2025-11-06,256.69,263.49,256.69,258.05,83996
2025-11-09,256.24,260.32,253.97,255.78,109890
2025-11-10,253.97,257.41,252.15,253.06,94024
2025-11-11,255.78,255.78,252.15,253.97,68507
2025-11-12,253.97,256.24,251.43,251.7,62592
2025-11-13,252.15,255.78,251.25,252.15,69455
2025-11-16,251.25,253.97,250.52,252.7,44579
2025-11-17,249.43,254.88,249.43,252.52,89428
2025-11-18,255.51,256.69,253.33,254.88,52839
2025-11-19,254.88,256.69,251.61,254.88,61261
2025-11-20,259.86,259.86,249.43,250.7,118171
2025-11-23,249.89,256.69,249.89,255.69,68286
2025-11-24,255.69,260.32,255.69,257.69,138711
2025-11-25,254.42,261.13,254.42,258.5,91457
2025-11-26,254.88,261.68,254.88,259.32,88195
2025-11-27,259.41,260.32,257.6,258.5,75785
2025-11-30,258.5,260.95,255.87,257.14,132840
2025-12-01,255.78,260.05,254.97,257.6,82268
2025-12-02,262.68,262.68,257.14,258.41,93441
2025-12-03,263.49,263.49,255.24,255.33,107813
2025-12-07,254.15,259.77,254.06,254.88,62480
2025-12-08,254.24,256.24,253.61,253.61,63987
2025-12-09,253.97,255.78,252.61,253.06,39433
2025-12-10,253.06,255.78,252.34,252.7,39724
2025-12-11,251.25,255.69,250.61,252.61,59136
2025-12-14,250.79,253.88,250.7,251.7,67190
2025-12-15,251.25,253.79,249.98,252.15,76302
2025-12-16,253.88,255.78,251.25,254.88,63161
2025-12-17,254.42,257.6,254.06,255.33,59127
2025-12-18,255.69,255.69,251.25,252.7,70444
2025-12-21,252.15,252.97,250.16,250.25,55253
2025-12-22,254.88,254.88,246.71,247.26,76466
2025-12-23,252.15,252.15,245.8,247.98,80001
2025-12-24,246.71,248.53,243.99,246.98,96682
2025-12-28,251.79,252.88,244.99,252.15,93951
2025-12-29,257.14,257.14,248.62,249.43,93875
2025-12-31,252.06,253.06,249.43,251.61,135284
2026-01-01,252.15,252.15,248.16,248.44,143554
2026-01-04,252.38,252.38,243.81,246.67,152539
2026-01-05,248.48,249.14,245.71,248.1,63265
2026-01-06,250.57,250.57,245.71,246.1,143661
2026-01-07,248.57,248.57,243.81,244.67,84299
2026-01-08,243.81,249.52,242.86,244.86,82839
2026-01-12,247.43,247.43,241.9,241.9,88049
2026-01-13,238.19,244.76,238.19,244.76,107332
2026-01-14,242.86,247.62,242.86,246.19,43036
2026-01-18,248.57,253.43,245.81,251.43,125046
2026-01-20,254.29,257.14,253.33,255.62,186761
2026-01-21,256.19,258.0,252.76,254.0,108567
2026-01-22,252.38,255.24,249.52,254.29,90545
2026-01-25,257.14,265.71,255.24,265.71,220235
2026-01-26,260.48,268.57,260.0,260.57,184642
2026-01-27,261.9,266.67,252.95,256.19,275716
2026-01-28,252.95,257.14,251.14,255.71,81947
2026-01-29,257.14,265.62,256.67,259.05,312612
2026-02-01,259.14,261.9,257.14,257.33,84613
2026-02-02,259.71,260.0,253.33,253.43,83788
2026-02-03,254.29,257.14,251.43,251.43,90441
2026-02-04,252.38,255.14,248.57,249.62,83481
2026-02-05,254.29,269.05,250.1,263.81,310697
2026-02-08,266.67,276.19,261.9,262.29,409323
2026-02-09,266.57,270.48,258.19,266.67,284914
2026-02-10,267.62,289.43,266.67,280.48,1530888
2026-02-11,285.71,285.71,274.48,283.81,609216
2026-02-12,278.19,286.67,277.14,279.9,478502
2026-02-16,279.9,281.9,266.67,266.76,465743
2026-02-17,270.38,272.1,261.24,262.76,375967
2026-02-22,262.86,262.86,257.14,258.95,264237
2026-02-23,255.43,260.95,255.24,256.48,220668
2026-02-24,257.14,259.33,256.19,259.05,130188
2026-02-25,263.81,263.81,257.43,261.9,86213
2026-02-26,258.1,270.29,258.1,266.67,244579
2026-03-01,266.67,268.57,256.19,265.71,191835
2026-03-03,266.67,274.76,261.9,273.71,320466
2026-03-09,279.14,301.05,279.14,295.24,42929
2026-03-10,300.0,300.0,276.48,288.57,1020752
2026-03-11,294.29,299.71,284.86,286.67,724925
2026-03-12,287.62,294.95,282.29,291.43,451036
2026-03-15,295.24,297.24,290.57,293.33,595886
2026-03-16,295.71,295.71,285.71,286.57,299605
2026-03-17,287.33,297.14,282.19,295.24,609368
2026-03-19,300.0,307.9,297.14,297.81,1029656
2026-03-22,297.81,300.95,291.62,297.62,831577
2026-03-23,300.1,301.9,292.38,295.62,327077
2026-03-24,299.05,306.95,295.24,301.81,766375
2026-03-25,301.43,303.62,294.38,295.24,378520
2026-03-26,301.14,301.14,292.38,299.05,389922
2026-03-29,300.0,300.0,288.57,289.62,478250
2026-03-30,289.52,293.14,280.0,281.9,510443
2026-03-31,284.0,285.62,275.24,283.81,285543
2026-04-01,283.81,283.81,270.48,271.43,409553
2026-04-02,271.43,278.1,266.67,271.52,422084
2026-04-05,266.86,266.86,257.71,258.1,464737
2026-04-06,258.1,276.19,257.14,272.38,330227
2026-04-07,277.81,278.1,270.76,271.43,210616
2026-04-08,274.29,277.14,272.86,276.1,239065
2026-04-09,279.62,282.86,276.19,280.95,199310
2026-04-10,283.33,283.33,274.57,276.19,248446
2026-04-13,281.71,281.71,274.29,276.48,123539
2026-04-15,280.48,287.52,279.05,286.1,368792
2026-04-16,280.95,287.62,278.1,279.05,213567
2026-04-17,284.57,284.57,274.57,278.0,144389
2026-04-20,280.95,280.95,273.14,275.14,109453
2026-04-21,264.76,276.19,264.76,268.57,170347
2026-04-22,266.67,272.86,263.81,271.24,197828
2026-04-23,271.23,272.38,265.71,266.57,148677
2026-04-24,262.86,267.71,260.0,266.67,144437
2026-04-27,266.76,271.43,266.67,269.52,88438
2026-04-28,271.33,272.76,266.67,267.62,85880
2026-04-29,267.62,269.33,263.9,264.48,78511
2026-04-30,262.1,266.67,258.1,263.81,130322
2026-05-04,261.9,266.67,258.1,258.1,115082
2026-05-05,257.14,266.67,254.38,262.76,91101
2026-05-06,265.24,265.71,260.95,261.05,68251
2026-05-07,257.14,264.86,257.14,261.81,94515
2026-05-08,266.57,267.62,261.9,266.86,56153
2026-05-11,272.38,272.38,266.67,272.38,80580
2026-05-12,275.24,279.05,265.05,266.67,95316
2026-05-13,268.57,269.24,262.0,265.71,37677
2026-05-14,265.71,265.71,262.86,264.76,46319
2026-05-15,262.48,268.57,262.48,266.67,83806
2026-05-18,266.67,268.48,263.81,265.52,76380
2026-05-19,265.24,265.33,263.05,264.76,39838
2026-05-20,266.57,269.52,263.62,268.57,143246
2026-05-21,271.05,271.24,265.81,266.67,56067
2026-05-22,265.71,270.48,265.71,270.48,85453
2026-05-25,269.71,275.24,269.71,274.1,106730
2026-05-26,273.33,275.24,266.76,270.67,82531
2026-05-27,270.95,276.0,269.81,273.81,120647
2026-06-01,274.29,275.24,264.76,268.1,113904
2026-06-02,272.57,272.57,263.81,266.67,92518
2026-06-03,269.52,271.43,266.67,268.48,61704
2026-06-04,267.62,268.48,264.67,265.71,50608
2026-06-05,265.71,266.67,262.86,263.81,92890
2026-06-08,263.81,265.71,261.9,262.86,89266
2026-06-09,262.0,263.81,258.29,261.71,124679
2026-06-10,260.0,267.62,260.0,263.81,61990
2026-06-11,275.24,275.24,260.0,262.86,44738
2026-06-12,268.19,268.19,260.38,266.67,42429
2026-06-15,272.38,272.38,260.95,262.86,61256
2026-06-16,261.9,262.76,259.14,261.43,77199
2026-06-17,260.1,265.24,255.9,261.71,114103
2026-06-18,259.43,260.95,259.05,260.0,31535
2026-06-19,260.0,261.9,258.29,259.52,29888
2026-06-22,261.9,264.76,258.38,258.57,29501
2026-06-23,258.1,259.9,255.24,255.33,100879
2026-06-24,252.38,257.14,247.81,254.19,150040
2026-06-25,254.29,254.29,249.62,252.48,56979
2026-06-26,252.48,254.29,251.43,251.71,49651
2026-06-29,252.38,252.38,247.71,249.71,41458
2026-06-30,247.71,251.43,247.62,248.57,74273
2026-07-01,248.57,256.48,248.57,254.19,55140
2026-07-02,256.19,258.1,249.62,251.43,51227
2026-07-03,253.33,254.29,250.48,251.43,87859
2026-07-06,248.57,254.0,248.57,248.86,58403
2026-07-07,248.76,252.38,248.57,252.19,72802
2026-07-08,252.38,252.38,248.19,248.19,42066
2026-07-09,248.57,249.52,247.62,247.71,49995
2026-07-10,250.48,251.43,247.81,249.05,34581
2026-07-13,249.05,249.05,246.86,248.57,71919
2026-07-14,244.86,251.9,244.76,249.9,65032
2026-07-15,252.19,252.38,249.52,251.71,57964
2026-07-16,252.67,252.67,248.67,249.62,37523
2026-07-17,254.19,261.81,252.67,258.95,77148
2026-07-20,261.9,266.67,257.14,265.81,148502
2026-07-21,266.67,269.52,262.0,264.76,112300
2026-07-22,264.76,264.76,260.95,261.9,53003
2026-07-23,261.81,263.81,257.33,263.81,59319
2026-07-24,265.71,266.48,260.95,261.9,46828
2026-07-27,261.81,263.24,258.38,258.38,36752
2026-07-28,258.57,259.81,255.24,257.14,96286
2026-07-29,257.14,257.14,254.86,255.52,34746
2026-07-30,254.86,257.14,253.52,254.29,26286
2026-07-31,252.38,256.95,252.38,256.19,117686
2026-08-03,257.14,260.0,255.24,258.1,44826
2026-08-04,258.1,258.19,254.95,254.95,37668
2026-08-05,254.95,256.19,252.38,255.14,45466
2026-08-06,257.14,257.14,254.57,255.24,28461
2026-08-07,256.0,256.1,252.38,253.24,37465
2026-08-10,252.86,256.76,250.67,252.38,30498
2026-08-11,252.38,254.76,250.95,251.62,59333
2026-08-12,254.29,254.29,250.67,251.43,62813
2026-08-13,252.38,258.1,251.71,253.24,77596
2026-08-14,257.9,257.9,251.43,252.29,74965
2026-08-17,253.33,253.33,250.67,250.86,47294
2026-08-18,251.05,251.43,247.62,247.62,115810
2026-08-19,245.9,250.48,245.43,247.62,58501
2026-08-20,246.67,248.95,244.86,248.1,83023
2026-08-21,251.43,252.1,247.62,248.48,81447
2026-08-24,249.43,249.43,246.67,247.33,43548
2026-08-25,247.62,247.62,244.86,245.24,66248
2026-08-26,244.76,245.71,237.62,239.52,179592
2026-08-27,238.1,242.86,234.76,240.67,76204
2026-08-31,239.24,239.24,235.52,235.71,57393
2026-09-01,235.81,239.71,234.76,235.71,93971
2026-09-02,238.1,238.57,234.1,236.67,39183
2026-09-03,238.0,238.0,236.19,236.38,38059
2026-09-07,236.38,242.76,236.38,241.24,44610
2026-09-09,241.24,243.62,240.48,242.76,51132
2026-09-10,242.76,243.81,240.29,241.43,50940
2026-09-11,244.76,249.33,240.67,248.57,101409
2026-09-14,252.38,255.24,248.86,253.33,82055
2026-09-15,260.95,265.71,255.33,260.0,193414
2026-09-16,260.86,261.9,253.33,254.1,82227
2026-09-17,256.19,259.9,252.1,255.24,126354
2026-09-18,255.24,258.57,252.38,256.67,76823
2026-09-22,261.9,261.9,256.19,257.71,100592
2026-09-23,257.71,257.71,253.33,253.52,70853
2026-09-24,254.29,254.29,251.43,254.19,60584
2026-09-28,268.0,271.5,266.9,256.19,178017
2026-09-29,262.0,264.9,253.1,253.5,110089
2026-09-30,253.4,256.0,252.3,253.9,84337
2026-10-01,252.3,256.0,252.1,255.0,77386
2026-10-02,255.0,258.6,254.0,254.2,33598
