timestamp,open,high,low,close,volume
2015-10-14,133.08,133.08,133.08,133.08,10
2015-10-15,134.16,137.41,134.16,137.41,40
2015-10-19,138.71,141.3,138.71,141.3,30
2015-10-25,142.6,148.01,142.6,148.01,60
2015-10-27,149.53,155.59,149.53,155.59,920
2015-10-28,163.82,163.82,157.11,162.3,5200
2015-10-29,162.95,162.95,158.19,160.79,4740
2015-11-01,159.27,160.35,156.24,158.19,2670
2015-11-02,157.11,157.54,154.94,154.94,1800
2015-11-03,153.43,153.43,148.88,151.26,560
2015-11-04,151.69,155.37,150.61,153.86,860
2015-11-05,152.34,155.81,151.69,154.29,890
2015-11-08,152.99,154.29,152.78,153.86,820
2015-11-09,152.78,157.54,152.13,153.86,1260
2015-11-10,152.56,157.54,152.56,157.54,1710
2015-11-15,156.02,156.02,152.99,152.99,40
2015-11-16,151.48,152.99,150.18,152.56,740
2015-11-18,152.78,154.73,152.78,154.08,2180
2015-11-19,153.43,156.02,150.83,150.83,2440
2015-11-22,150.18,151.69,148.23,151.69,980
2015-11-23,151.26,151.26,150.18,151.05,250
2015-11-24,150.61,150.61,147.37,149.53,1000
2015-11-25,148.45,149.31,145.42,146.07,1920
2015-11-26,144.77,144.77,143.04,143.04,1200
2015-11-29,143.04,145.63,143.04,143.04,1530
2015-11-30,143.04,143.04,141.95,141.95,580
2015-12-01,141.95,143.69,141.95,143.69,740
2015-12-02,144.98,144.77,144.77,144.77,20
2015-12-03,144.12,144.12,141.95,141.95,960
2015-12-04,143.25,144.55,141.95,141.95,650
2015-12-07,140.87,142.17,140.87,141.3,420
2015-12-08,140.87,140.87,138.71,139.79,460
2015-12-09,140.87,141.09,139.57,139.57,750
2015-12-10,139.36,140.22,137.62,140.22,480
2015-12-13,139.79,139.79,137.19,137.62,1440
2015-12-14,138.06,138.06,136.76,137.84,1190
2015-12-15,137.62,138.06,136.54,138.06,720
2015-12-16,139.36,139.36,136.33,136.33,1110
2015-12-17,135.24,135.46,134.16,134.16,940
2015-12-20,134.16,134.38,130.91,133.29,1280
2015-12-21,133.29,133.51,131.35,132.43,1790
2015-12-22,133.08,133.51,130.91,130.91,750
2015-12-23,130.91,131.13,129.18,129.83,670
2015-12-24,129.61,131.13,129.61,130.48,940
2015-12-25,131.13,131.13,125.72,128.96,1450
2015-12-28,128.96,130.91,127.45,130.7,910
2015-12-29,130.7,132.21,128.96,130.7,750
2015-12-31,130.7,131.35,128.96,130.26,2330
2016-01-03,130.26,130.26,128.1,129.4,1230
2016-01-04,129.4,132.21,129.18,131.35,1050
2016-01-05,131.13,132.43,130.05,131.56,1690
2016-01-06,131.13,133.29,130.05,132.21,1580
2016-01-07,131.13,132.86,130.05,132.86,1060
2016-01-10,132.86,133.94,129.4,132.64,1690
2016-01-11,132.64,132.64,127.88,130.7,4310
2016-01-12,129.61,132.21,127.45,131.13,4060
2016-01-13,131.13,134.38,129.83,134.38,4650
2016-01-14,134.38,137.84,130.05,132.21,5130
2016-01-24,132.21,138.27,133.29,138.27,900
2016-01-25,139.57,144.77,139.57,143.04,3950
2016-01-26,143.04,144.33,141.74,141.74,1980
2016-01-27,141.74,140.44,139.14,139.14,500
2016-01-28,140.44,140.87,139.14,140.87,665
2016-02-01,140.87,140.87,139.57,139.57,70
2016-02-04,140.01,140.01,140.01,140.01,10
2016-02-07,140.01,139.79,139.79,139.79,80
2016-02-08,139.79,144.33,140.87,144.33,1655
2016-02-11,144.33,147.8,144.12,147.8,440
2016-02-14,146.28,146.28,146.28,146.28,10
2016-02-15,144.98,146.28,144.98,146.28,160
2016-02-16,146.28,145.2,144.98,145.2,80
2016-02-18,145.2,149.31,146.28,146.72,510
2016-02-21,146.72,146.72,146.72,146.72,70
2016-02-22,146.5,147.37,146.5,147.37,160
2016-02-23,147.37,146.28,146.28,146.28,20
2016-02-24,146.28,146.28,146.28,146.28,10
2016-02-25,146.28,146.28,146.28,146.28,30
2016-02-28,146.28,146.28,146.28,146.28,100
2016-02-29,146.28,147.58,146.5,147.58,20
2016-03-01,147.58,147.8,147.58,147.8,1120
2016-03-03,147.37,147.37,147.37,147.37,300
2016-03-06,147.8,149.75,147.8,149.75,90
2016-03-10,148.23,148.23,148.01,148.01,300
2016-03-13,149.53,152.56,149.53,152.56,580
2016-03-15,154.08,160.57,154.08,160.57,500
2016-03-16,160.57,169.45,160.57,169.45,120
2016-03-17,171.39,176.37,169.45,175.51,650
2016-03-21,178.32,186.76,178.32,186.76,1480
2016-03-23,184.6,186.76,184.6,184.6,320
2016-03-28,184.6,182.43,182.43,182.43,10
2016-04-03,182.43,180.27,180.27,180.27,50
2016-04-04,180.27,178.1,178.1,178.1,50
2016-04-18,178.1,176.16,168.36,168.36,50
2016-04-19,168.36,166.63,158.84,162.09,3790
2016-04-20,162.09,160.35,158.19,158.41,510
2016-04-21,158.41,158.62,157.11,157.11,670
2016-04-24,157.11,157.11,155.59,157.11,30
2016-04-25,157.11,161.22,158.19,161.22,330
2016-04-26,161.22,162.95,161.44,162.52,790
2016-04-27,162.52,162.73,162.52,162.73,160
2016-04-28,162.73,164.47,161.87,161.87,130
2016-05-03,161.87,160.14,159.05,159.05,20
2016-05-04,159.05,158.19,154.94,156.02,240
2016-05-05,156.02,157.11,154.94,157.11,840
2016-05-08,157.11,156.24,154.94,156.24,380
2016-05-09,155.16,155.59,153.86,155.59,500
2016-05-10,154.08,158.19,154.08,156.46,1390
2016-05-11,156.46,157.11,153.43,156.46,950
2016-05-15,158.19,158.19,154.94,158.19,360
2016-05-16,158.19,157.97,156.46,156.67,840
2016-05-17,156.46,157.97,154.94,157.11,1440
2016-05-18,157.11,160.35,157.54,157.76,350
2016-05-19,157.76,158.19,155.16,157.11,750
2016-05-22,157.11,158.84,156.46,158.84,860
2016-05-23,158.84,159.49,158.19,158.19,410
2016-05-24,158.19,159.27,157.97,158.41,250
2016-05-25,158.41,159.27,152.13,152.13,280
2016-05-26,152.13,156.02,150.83,156.02,130
2016-05-29,156.02,158.19,157.11,157.97,220
2016-05-30,157.97,158.19,156.24,158.19,360
2016-05-31,158.19,166.85,158.19,166.85,6320
2016-06-01,166.85,170.31,160.79,160.79,2960
2016-06-02,160.79,163.6,158.84,160.35,510
2016-06-05,160.35,158.62,156.89,157.11,1300
2016-06-06,157.11,158.19,156.24,158.19,280
2016-06-07,159.92,159.92,158.19,158.84,300
2016-06-08,159.05,161.65,157.11,158.19,380
2016-06-09,159.27,159.27,156.89,156.89,120
2016-06-12,156.89,157.11,156.02,156.67,510
2016-06-13,156.67,160.79,156.24,160.79,220
2016-06-14,160.79,167.06,160.79,163.6,8270
2016-06-15,164.68,172.69,164.68,172.69,3290
2016-06-16,172.69,182.65,174.64,182.65,2780
2016-06-19,182.65,184.82,180.7,180.92,8350
2016-06-20,180.92,182.0,179.4,180.92,4950
2016-06-21,180.92,183.08,179.84,183.08,3220
2016-06-22,183.08,183.08,179.84,182.0,3240
2016-06-23,182.0,186.33,181.14,184.6,2720
2016-06-26,184.6,194.99,184.17,187.41,3300
2016-06-27,187.41,188.5,184.17,184.17,770
2016-06-28,184.17,185.25,183.08,184.38,1440
2016-06-29,184.38,184.17,182.22,182.43,800
2016-06-30,182.43,184.6,179.84,182.0,1120
2016-07-03,182.0,182.0,177.67,180.49,3930
2016-07-04,180.49,185.46,180.7,185.46,2620
2016-07-05,183.3,186.33,181.14,184.38,1050
2016-07-06,184.17,185.25,183.08,185.25,1410
2016-07-10,185.25,186.33,184.17,184.17,510
2016-07-11,184.17,184.17,182.0,184.17,390
2016-07-12,184.17,184.17,177.67,184.17,170
2016-07-13,184.17,182.0,177.67,178.75,880
2016-07-14,179.84,182.0,178.75,178.75,635
2016-07-17,178.75,180.7,176.81,179.84,190
2016-07-18,179.84,179.62,175.72,179.62,60
2016-07-19,179.84,179.84,177.67,179.84,310
2016-07-20,179.84,179.84,177.67,178.1,180
2016-07-21,178.1,181.57,178.75,178.97,180
2016-07-25,178.97,178.75,177.02,177.89,290
2016-07-26,177.89,188.5,178.75,186.33,3535
2016-07-27,186.33,187.41,182.0,187.41,380
2016-07-28,187.41,188.5,184.17,188.5,450
2016-07-31,188.5,186.33,184.17,184.17,310
2016-08-01,184.17,182.0,179.84,179.84,160
2016-08-02,179.84,182.0,175.51,182.0,450
2016-08-03,182.0,182.0,179.84,181.14,800
2016-08-04,181.14,181.14,177.24,177.24,60
2016-08-07,177.24,186.33,177.24,186.33,160
2016-08-08,186.33,184.17,182.0,182.0,130
2016-08-10,184.17,184.17,179.84,179.84,1031
2016-08-11,177.67,178.32,175.51,176.59,2410
2016-08-14,175.51,177.46,173.78,174.42,480
2016-08-15,172.48,172.48,169.01,172.26,490
2016-08-16,170.31,170.31,167.71,167.71,1020
2016-08-17,165.98,170.1,165.98,170.1,250
2016-08-21,170.1,170.1,169.01,169.45,60
2016-08-22,167.71,173.13,167.5,167.5,2380
2016-08-23,166.85,167.93,166.85,167.93,440
2016-08-24,167.93,167.93,166.2,167.93,335
2016-08-28,166.85,166.85,166.85,166.85,330
2016-08-29,168.36,168.36,164.03,164.03,110
2016-08-30,164.68,168.15,164.68,166.85,210
2016-08-31,165.12,165.12,158.84,158.84,960
2016-09-01,157.32,159.49,157.32,159.49,580
2016-09-04,157.97,160.35,157.97,160.14,190
2016-09-05,158.62,160.79,158.62,160.35,160
2016-09-06,158.84,160.79,158.84,159.27,640
2016-09-07,159.05,161.0,159.05,160.35,230
2016-09-08,159.49,162.52,159.49,160.79,250
2016-09-11,160.57,162.52,159.49,161.44,140
2016-09-12,159.7,160.79,159.7,160.79,80
2016-09-14,160.79,164.25,160.79,162.52,760
2016-09-18,161.44,165.33,161.44,164.68,1360
2016-09-20,164.68,165.77,164.68,165.77,730
2016-09-21,165.77,165.77,164.68,164.68,120
2016-09-22,162.95,164.9,162.95,164.68,499
2016-09-25,162.95,164.9,162.95,164.68,499
2016-09-26,163.6,163.6,161.87,161.87,100
2016-09-27,161.44,161.44,160.35,160.35,80
2016-09-28,159.27,159.27,158.84,158.84,140
2016-09-29,158.19,158.19,156.46,157.54,540
2016-10-02,156.89,157.11,156.89,156.89,80
2016-10-03,157.11,157.76,157.11,157.76,40
2016-10-04,157.11,157.76,157.11,157.76,90
2016-10-05,157.11,157.11,157.11,157.11,40
2016-10-06,156.89,158.62,156.89,158.41,70
2016-10-16,158.62,158.62,158.19,158.19,70
2016-10-18,156.46,156.46,156.46,156.46,10
2016-10-19,154.94,156.46,154.94,156.46,20
2016-10-20,156.02,157.97,156.02,157.97,310
2016-10-23,157.97,158.19,157.76,157.76,50
2016-10-25,156.46,157.76,156.24,156.24,120
2016-10-26,157.11,157.11,155.59,155.59,50
2016-10-27,155.59,156.46,154.29,154.94,100
2016-11-03,154.94,154.94,154.73,154.73,310
2016-11-08,154.94,156.02,154.94,154.94,120
2016-11-09,153.86,153.86,153.86,153.86,100
2016-11-13,153.43,153.43,153.43,153.43,10
2016-11-14,152.78,152.78,152.56,152.78,100
2016-11-15,154.29,154.29,149.53,150.61,410
2016-11-16,149.53,150.61,149.53,149.53,290
2016-11-17,149.53,150.18,146.93,146.93,440
2016-11-21,148.23,148.23,148.23,148.23,20
2016-11-22,146.72,146.93,145.42,145.42,170
2016-11-24,144.12,144.12,144.12,144.12,20
2016-11-27,142.82,142.82,140.22,140.22,180
2016-11-28,139.79,139.79,136.76,136.76,140
2016-11-29,136.54,138.71,136.54,137.84,1240
2016-11-30,139.14,140.87,139.14,140.87,50
2016-12-01,139.79,139.79,139.57,139.57,90
2016-12-04,139.79,139.79,138.27,138.27,140
2016-12-05,138.27,139.57,138.06,139.57,290
2016-12-06,138.27,138.27,135.89,135.89,230
2016-12-07,136.97,137.41,136.97,137.41,30
2016-12-08,137.41,137.41,133.29,135.24,310
2016-12-11,134.81,134.81,132.64,132.64,100
2016-12-12,132.64,132.64,129.4,129.4,500
2016-12-14,129.4,130.48,129.4,129.4,170
2016-12-15,129.4,130.05,129.4,130.05,40
2016-12-18,131.13,131.13,131.13,131.13,40
2016-12-19,131.13,132.21,131.13,132.21,390
2016-12-20,131.13,132.21,131.13,132.21,100
2016-12-21,131.13,131.13,128.96,130.05,120
2016-12-22,130.05,131.56,130.05,131.56,100
2016-12-26,131.13,132.21,131.13,131.13,60
2016-12-27,130.05,131.13,128.96,131.13,310
2016-12-28,131.13,131.13,130.05,130.05,70
2016-12-29,130.7,131.13,130.48,131.13,70
2017-01-01,132.21,134.38,132.21,134.38,40
2017-01-03,133.51,133.51,132.43,133.51,160
2017-01-04,133.51,133.51,129.18,129.18,70
2017-01-05,129.4,130.48,129.4,130.26,120
2017-01-08,129.18,129.4,129.18,129.4,40
2017-01-09,129.18,130.48,129.18,130.48,90
2017-01-10,130.48,131.56,130.48,131.56,120
2017-01-11,131.56,131.56,131.13,131.35,40
2017-01-12,132.21,133.29,132.21,133.29,110
2017-01-15,133.29,133.29,133.29,133.29,10
2017-01-16,133.29,133.29,131.13,131.13,2020
2017-01-17,130.05,131.13,130.05,131.13,30
2017-01-18,131.13,131.13,131.13,131.13,220
2017-01-19,130.48,130.48,129.61,129.61,40
2017-01-22,129.61,129.61,128.96,128.96,100
2017-01-23,128.53,128.96,128.53,128.96,40
2017-01-24,128.96,130.91,128.96,130.91,170
2017-01-25,129.83,129.83,125.72,125.72,100
2017-01-26,124.64,126.37,123.55,125.28,460
2017-01-31,126.15,126.15,125.07,125.93,540
2017-02-01,127.02,129.18,127.02,129.18,330
2017-02-02,128.96,130.05,128.96,129.83,70
2017-02-05,128.96,129.18,128.96,128.96,120
2017-02-06,128.96,129.18,127.88,128.96,130
2017-02-07,128.96,128.96,127.88,127.88,50
2017-02-08,128.96,128.75,127.23,127.23,60
2017-02-09,127.23,127.23,126.58,126.58,30
2017-02-12,125.5,125.5,123.77,123.77,150
2017-02-13,123.77,123.77,121.39,121.39,110
2017-02-14,120.52,122.25,119.22,119.22,660
2017-02-15,120.09,122.69,120.09,122.69,170
2017-02-16,123.55,124.42,123.55,123.55,50
2017-02-19,123.77,124.64,123.55,123.77,190
2017-02-20,124.64,125.5,124.64,125.5,40
2017-02-21,126.37,126.37,125.72,125.72,200
2017-02-22,124.64,126.37,124.64,126.37,100
2017-02-23,127.45,127.45,125.5,125.72,470
2017-02-26,125.72,125.72,122.9,123.77,600
2017-02-28,122.9,122.9,122.04,122.04,30
2017-03-01,121.39,122.25,121.39,121.39,40
2017-03-02,121.39,121.39,121.39,121.39,50
2017-03-05,120.52,121.39,120.52,120.52,30
2017-03-06,120.52,120.52,120.52,120.52,20
2017-03-07,120.52,120.52,119.66,120.52,440
2017-03-09,120.52,120.52,119.87,120.09,50
2017-03-13,120.31,120.31,119.87,119.87,150
2017-03-14,119.44,119.87,119.22,119.22,350
2017-03-15,120.09,120.09,120.09,120.09,10
2017-03-16,120.96,120.96,120.96,120.96,30
2017-03-19,120.96,120.96,120.74,120.96,70
2017-03-20,121.82,122.25,121.82,122.25,30
2017-03-21,122.04,122.69,122.04,122.04,50
2017-03-22,121.39,123.12,121.39,123.12,50
2017-03-23,123.12,126.58,123.12,126.58,490
2017-03-26,127.67,132.0,127.67,132.0,170
2017-03-28,132.0,137.41,133.08,136.54,1030
2017-03-29,136.54,140.44,137.84,140.22,440
2017-03-30,140.22,140.65,138.49,139.36,470
2017-04-04,138.71,138.71,136.11,136.11,470
2017-04-09,135.03,136.11,134.16,136.11,150
2017-04-10,135.03,140.44,135.03,140.44,350
2017-04-11,139.14,140.44,138.27,139.79,260
2017-04-12,138.49,138.92,137.62,137.84,750
2017-04-13,136.54,136.54,135.24,135.24,80
2017-04-16,134.16,135.24,134.16,134.38,190
2017-04-18,133.29,133.29,131.13,131.13,70
2017-04-19,131.13,132.21,131.13,131.13,140
2017-04-20,130.05,132.21,130.05,132.21,90
2017-04-23,132.21,132.21,132.21,132.21,40
2017-04-24,133.29,133.29,132.21,132.21,390
2017-04-25,132.21,134.38,132.21,134.38,160
2017-04-26,134.38,135.46,134.38,134.38,140
2017-04-27,133.29,133.29,131.13,132.21,250
2017-04-30,132.21,132.21,128.96,131.13,620
2017-05-02,130.05,130.05,128.96,130.05,220
2017-05-03,131.13,131.13,130.05,131.13,140
2017-05-04,131.13,133.29,131.13,132.43,400
2017-05-07,132.21,132.21,131.13,131.78,110
2017-05-08,131.13,131.35,131.13,131.35,50
2017-05-09,131.35,131.35,130.7,131.35,110
2017-05-11,130.26,135.46,130.26,135.46,280
2017-05-15,135.68,136.76,135.68,135.89,110
2017-05-16,134.81,135.03,133.94,135.03,140
2017-05-17,133.94,135.03,132.64,132.86,220
2017-05-18,133.29,136.11,133.29,135.24,1911
2017-05-21,136.33,138.71,134.59,138.71,590
2017-05-22,137.41,138.71,137.41,137.41,310
2017-05-23,138.49,139.57,137.19,138.27,340
2017-05-24,138.27,136.97,134.38,134.38,240
2017-05-28,133.29,134.38,132.21,133.29,220
2017-05-30,132.21,132.21,128.96,132.21,720
2017-05-31,132.21,133.29,131.13,132.21,140
2017-06-01,132.21,132.21,132.21,132.21,20
2017-06-04,131.78,131.78,130.7,131.35,90
2017-06-05,130.26,132.21,130.26,131.35,80
2017-06-06,132.43,133.29,131.56,133.29,260
2017-06-07,133.29,135.68,132.21,135.68,180
2017-06-08,134.59,134.59,133.51,134.38,220
2017-06-11,133.29,135.46,133.29,135.46,340
2017-06-12,134.38,134.38,133.29,133.29,80
2017-06-13,132.21,132.21,130.26,131.35,900
2017-06-14,131.13,131.13,130.05,130.48,1260
2017-06-15,129.4,132.0,129.4,132.0,450
2017-06-18,132.0,130.91,130.91,130.91,90
2017-06-19,129.83,130.05,128.96,130.05,70
2017-06-20,129.61,130.05,128.96,130.05,110
2017-06-21,128.96,130.26,128.96,130.26,100
2017-06-22,129.18,130.7,129.18,130.7,930
2017-06-25,129.61,129.61,128.53,128.53,140
2017-06-27,128.96,128.96,127.88,128.1,280
2017-06-28,127.88,128.1,127.88,128.1,150
2017-07-02,128.1,128.96,128.1,128.96,60
2017-07-03,127.88,128.96,127.88,128.32,140
2017-07-04,127.88,127.88,127.23,127.88,100
2017-07-05,126.8,126.8,126.8,126.8,60
2017-07-06,126.8,128.96,126.37,128.96,80
2017-07-09,128.96,130.05,127.88,127.88,180
2017-07-10,127.88,128.1,127.88,127.88,100
2017-07-11,128.32,128.32,126.8,127.02,90
2017-07-12,126.58,127.02,125.93,126.15,190
2017-07-13,126.15,126.37,125.28,126.37,140
2017-07-16,125.28,126.15,125.28,126.15,130
2017-07-17,125.72,126.8,125.72,125.93,270
2017-07-18,127.02,127.88,126.8,127.88,120
2017-07-19,126.8,127.88,125.72,127.88,480
2017-07-20,126.8,127.88,125.72,127.02,19992
2017-07-23,126.58,126.58,125.28,125.93,370
2017-07-24,124.85,125.72,124.85,125.72,250
2017-07-25,126.58,130.05,125.28,130.05,1317
2017-07-26,131.13,131.13,128.53,128.53,280
2017-07-27,128.53,128.96,127.45,128.96,50
2017-07-30,127.88,127.88,127.88,127.88,10
2017-07-31,127.88,127.88,125.5,125.72,1812
2017-08-01,124.85,127.88,124.85,126.8,602
2017-08-02,126.8,130.05,125.72,130.05,2727
2017-08-06,128.96,128.96,128.96,128.96,100
2017-08-07,127.88,127.88,124.64,125.72,1410
2017-08-09,124.64,125.72,123.77,125.5,2240
2017-08-10,124.64,125.07,123.77,125.07,1076
2017-08-13,124.2,124.2,123.34,124.2,521
2017-08-15,123.34,123.55,123.34,123.55,40
2017-08-16,123.55,125.5,123.55,124.64,210
2017-08-17,123.77,124.64,123.77,123.77,397
2017-08-20,123.55,123.55,123.34,123.55,548
2017-08-21,122.69,123.55,122.69,123.55,60
2017-08-22,123.34,124.85,123.12,124.85,572
2017-08-23,123.99,125.72,123.55,124.64,1306
2017-08-24,124.64,123.99,123.99,123.99,20
2017-08-27,123.99,123.55,122.9,123.34,270
2017-08-28,123.34,125.28,121.6,124.64,920
2017-08-30,123.77,124.64,123.12,123.12,770
2017-08-31,123.12,123.12,122.25,122.69,180
2017-09-04,121.82,121.82,120.09,120.52,90
2017-09-06,120.52,120.52,118.79,120.52,868
2017-09-07,119.87,120.31,118.36,119.22,480
2017-09-10,118.79,119.66,117.92,117.92,467
2017-09-11,117.92,118.14,117.92,118.14,20
2017-09-12,117.92,117.92,117.06,117.06,180
2017-09-13,117.92,118.79,117.49,117.92,350
2017-09-14,118.57,118.57,117.06,117.71,2536
2017-09-17,117.06,117.06,115.76,116.19,324
2017-09-18,115.98,116.19,114.03,114.24,1066
2017-09-20,113.6,115.54,113.6,115.54,1050
2017-09-24,116.41,119.87,116.41,119.87,60
2017-09-25,120.74,124.64,117.92,117.92,6728
2017-09-26,118.57,122.04,118.57,119.66,1633
2017-10-03,119.66,119.66,118.79,119.01,1335
2017-10-04,119.1,120.92,119.33,120.01,40
2017-10-08,119.33,120.24,119.33,120.24,58
2017-10-10,119.33,119.33,118.42,119.33,40
2017-10-11,118.42,118.42,117.51,117.74,40
2017-10-15,116.83,116.83,116.83,116.83,20
2017-10-16,116.38,117.97,116.38,117.06,70
2017-10-17,116.15,116.83,116.15,116.83,80
2017-10-18,117.51,120.01,116.6,119.1,187
2017-10-22,120.01,122.06,120.01,121.6,1065
2017-10-23,121.6,121.6,121.6,121.6,184
2017-10-24,121.6,124.33,120.92,124.33,495
2017-10-25,123.88,123.88,121.15,121.15,2292
2017-10-29,120.24,120.24,119.33,119.33,50
2017-10-30,118.65,119.56,118.65,119.33,1082
2017-10-31,119.56,119.56,118.65,118.65,243
2017-11-01,118.65,118.65,117.74,118.65,110
2017-11-02,118.2,119.33,118.2,118.42,508
2017-11-05,117.74,118.2,117.74,118.2,874
2017-11-06,118.2,118.88,117.29,118.88,430
2017-11-07,117.97,118.2,117.97,118.2,220
2017-11-08,117.51,117.74,117.51,117.74,60
2017-11-09,117.06,117.51,116.38,116.38,150
2017-11-12,116.38,118.2,117.06,117.97,274
2017-11-13,118.2,118.2,117.97,117.97,70
2017-11-14,117.51,118.42,117.06,117.51,220
2017-11-15,117.51,118.42,117.51,117.74,50
2017-11-16,117.06,117.06,117.06,117.06,10
2017-11-19,117.06,117.51,116.15,117.29,1567
2017-11-20,116.38,116.38,115.24,115.92,60
2017-11-21,115.92,117.51,115.92,117.29,438
2017-11-22,116.6,117.97,116.6,117.97,100
2017-11-23,117.97,117.29,116.15,116.6,358
2017-11-26,116.6,116.6,115.92,116.38,90
2017-11-27,115.92,117.06,115.92,117.06,240
2017-11-28,116.38,117.97,116.38,117.29,328
2017-11-29,118.2,118.2,117.51,117.97,298
2017-11-30,117.06,118.88,117.06,118.88,398
2017-12-04,117.97,117.97,116.83,117.06,398
2017-12-05,116.6,117.29,116.6,117.06,80
2017-12-06,117.29,117.97,117.06,117.29,190
2017-12-10,117.97,118.88,117.29,117.51,1407
2017-12-11,118.42,120.01,117.74,118.88,710
2017-12-12,118.2,118.2,117.29,117.51,130
2017-12-13,117.06,119.1,116.38,118.2,1132
2017-12-14,117.29,117.29,117.29,117.29,10
2017-12-17,118.2,118.42,117.51,117.51,250
2017-12-18,117.29,118.2,117.29,117.51,100
2017-12-19,117.97,118.88,117.06,117.06,280
2017-12-20,117.06,117.97,117.06,117.29,100
2017-12-21,116.38,117.06,116.38,117.06,170
2017-12-24,117.06,118.88,117.06,118.42,80
2017-12-26,118.42,119.1,117.51,117.51,70
2017-12-27,116.6,117.29,116.6,116.83,240
2017-12-28,117.06,117.29,116.83,116.83,1088
2017-12-31,116.38,116.38,113.88,113.88,1495
2018-01-01,114.56,115.69,114.56,115.69,150
2018-01-02,116.38,116.38,115.69,115.92,120
2018-01-03,115.24,116.6,115.24,116.6,280
2018-01-04,116.6,116.6,115.47,115.92,729
2018-01-07,115.24,115.92,115.24,115.47,80
2018-01-08,114.79,116.38,114.79,115.69,410
2018-01-09,115.69,115.92,115.92,115.92,30
2018-01-10,116.15,116.15,115.01,115.01,50
2018-01-14,114.33,115.69,114.33,114.79,1247
2018-01-16,114.1,114.79,114.1,114.33,495
2018-01-17,113.65,114.79,113.65,114.79,200
2018-01-21,114.1,114.33,113.65,114.33,120
2018-01-22,114.33,114.33,114.33,114.33,60
2018-01-23,114.1,114.79,114.1,114.79,170
2018-01-24,114.79,114.79,114.79,114.79,75
2018-01-25,114.1,114.33,114.1,114.33,130
2018-01-28,114.33,115.01,114.33,114.56,90
2018-01-29,113.88,113.88,112.51,113.65,360
2018-01-31,114.33,114.79,113.88,113.88,120
2018-02-01,114.56,114.56,113.19,113.19,720
2018-02-04,112.74,113.42,112.74,113.42,20
2018-02-05,112.97,112.97,112.74,112.97,120
2018-02-06,112.51,112.74,112.51,112.74,40
2018-02-07,112.06,112.97,111.38,112.97,130
2018-02-08,112.74,112.74,112.74,112.74,10
2018-02-11,113.42,114.1,113.42,113.88,370
2018-02-12,114.79,115.24,114.79,114.79,655
2018-02-14,114.1,114.1,113.42,114.1,40
2018-02-15,114.79,116.15,114.79,115.92,770
2018-02-18,116.15,116.83,115.47,116.83,90
2018-02-20,116.15,116.15,115.47,115.47,110
2018-02-21,114.79,114.79,114.79,114.79,60
2018-02-22,114.1,114.79,114.1,114.1,330
2018-02-25,113.42,113.42,112.74,112.97,70
2018-02-26,112.51,112.51,112.29,112.29,150
2018-02-27,111.6,112.29,111.6,112.29,80
2018-02-28,112.29,112.29,112.29,112.29,50
2018-03-04,111.6,112.06,111.6,112.06,110
2018-03-06,111.38,111.38,110.69,110.69,50
2018-03-07,110.92,112.51,110.69,111.83,1710
2018-03-11,111.83,112.29,110.47,110.47,410
2018-03-12,110.47,110.24,109.1,109.1,2483
2018-03-13,108.42,111.15,108.42,110.47,570
2018-03-14,111.15,111.83,111.15,111.83,110
2018-03-15,112.51,113.42,112.51,112.97,530
2018-03-19,114.1,114.79,113.42,114.56,1327
2018-03-20,115.24,115.24,113.88,114.79,614
2018-03-21,114.1,114.56,113.42,113.88,832
2018-03-22,113.19,114.1,113.19,114.1,274
2018-03-26,114.1,114.33,113.42,114.1,1214
2018-03-27,113.42,113.42,112.74,113.42,2296
2018-03-28,114.1,115.47,113.42,115.01,1280
2018-03-29,115.69,116.38,115.69,115.69,820
2018-04-01,115.47,115.47,114.33,115.01,260
2018-04-02,115.69,115.69,115.69,115.69,126
2018-04-03,115.01,115.01,112.97,113.19,1270
2018-04-04,112.97,113.19,112.97,112.97,30
2018-04-05,113.65,113.65,112.97,112.97,70
2018-04-08,113.19,113.19,112.51,112.97,419
2018-04-09,113.88,113.88,113.42,113.42,110
2018-04-10,113.19,113.19,112.29,112.29,70
2018-04-11,111.6,111.6,111.38,111.38,20
2018-04-12,110.92,111.6,110.47,110.69,1702
2018-04-15,110.47,111.83,111.15,111.83,90
2018-04-16,111.15,112.06,110.47,112.06,234
2018-04-18,112.74,114.1,112.74,114.1,80
2018-04-19,114.79,115.47,113.42,115.47,930
2018-04-22,115.47,116.15,114.33,116.15,1330
2018-04-23,115.47,115.47,114.1,114.1,380
2018-04-24,113.42,114.1,113.42,113.65,169
2018-04-25,113.65,113.65,112.51,112.74,428
2018-04-26,112.74,113.19,112.06,112.51,888
2018-04-29,111.83,111.83,109.33,110.01,2290
2018-05-02,109.33,110.92,109.33,110.47,128
2018-05-03,111.15,111.38,109.33,109.56,4059
2018-05-06,109.33,110.01,107.28,110.01,5155
2018-05-07,110.01,111.15,109.1,110.24,5010
2018-05-08,110.92,110.92,109.1,110.01,4974
2018-05-09,110.01,110.24,108.65,108.65,1260
2018-05-10,108.65,110.01,108.88,109.56,3495
2018-05-14,109.1,109.56,109.1,109.1,580
2018-05-15,109.1,109.1,109.1,109.1,20
2018-05-16,108.42,109.33,108.42,108.88,70
2018-05-17,108.88,109.33,108.88,109.1,67
2018-05-20,109.33,109.33,108.65,108.65,1000
2018-05-21,108.65,108.65,107.74,108.42,1561
2018-05-22,107.97,108.19,107.97,107.97,540
2018-05-23,107.28,107.97,107.28,107.28,150
2018-05-24,107.28,108.65,106.83,108.65,120
2018-05-27,108.65,108.65,107.51,107.51,22954
2018-05-28,107.51,108.65,107.06,108.65,7168
2018-05-30,109.1,109.1,109.1,109.1,50
2018-05-31,108.65,108.65,107.51,107.97,22072
2018-06-03,107.28,107.28,107.28,107.28,10
2018-06-04,107.28,107.51,107.28,107.28,1067
2018-06-06,107.28,107.28,107.28,107.28,100
2018-06-07,107.06,107.28,106.6,106.83,1251
2018-06-10,106.15,106.15,106.15,106.15,120
2018-06-11,105.69,106.6,105.47,105.69,1324
2018-06-12,105.01,105.69,104.56,105.24,210
2018-06-13,105.24,105.69,105.24,105.69,222
2018-06-14,106.38,107.28,105.01,105.69,1760
2018-06-17,105.92,107.74,105.92,107.28,6763
2018-06-18,106.38,106.38,106.38,106.38,20
2018-06-19,105.69,107.06,105.69,107.06,122
2018-06-20,107.74,107.74,106.83,106.83,4930
2018-06-21,106.83,106.83,106.83,106.83,235
2018-06-24,106.15,106.83,106.15,106.38,1907
2018-06-25,105.69,105.69,104.56,105.01,910
2018-06-26,105.24,106.15,104.56,104.56,764
2018-06-27,104.56,105.24,104.56,105.24,54
2018-06-28,105.69,105.69,105.69,105.69,50
2018-07-01,103.19,103.42,103.19,103.42,50
2018-07-02,105.24,105.47,104.78,105.47,210
2018-07-03,105.01,105.47,105.01,105.24,620
2018-07-04,105.24,105.47,105.24,105.24,30
2018-07-05,105.24,106.38,104.78,105.24,512
2018-07-08,105.24,105.47,105.24,105.24,90
2018-07-09,104.78,105.47,104.78,105.24,512
2018-07-10,105.69,107.74,105.69,107.74,1142
2018-07-11,107.97,107.97,105.92,105.92,1063
2018-07-12,105.69,106.15,105.69,105.69,411
2018-07-15,105.47,105.69,104.78,105.69,60
2018-07-17,105.69,105.69,105.01,105.01,50
2018-07-18,105.24,105.24,104.56,105.24,2589
2018-07-19,104.78,104.78,104.33,104.33,20
2018-07-22,103.88,103.88,103.88,103.88,10
2018-07-23,103.42,104.33,102.97,104.33,2541
2018-07-24,104.33,104.56,104.33,104.33,50
2018-07-25,104.1,104.1,103.19,103.65,1862
2018-07-26,103.65,104.1,103.42,104.1,161
2018-07-30,103.65,103.65,103.65,103.65,10
2018-07-31,103.19,103.65,102.74,103.65,152
2018-08-01,103.19,103.42,103.19,103.42,50
2018-08-02,103.88,103.88,102.97,102.97,1143
2018-08-05,102.97,102.97,102.51,102.74,174
2018-08-06,102.51,102.51,102.51,102.51,20
2018-08-07,102.06,103.42,102.06,103.42,356
2018-08-08,103.42,103.42,103.42,103.42,47
2018-08-13,103.42,103.42,102.97,102.97,20
2018-08-14,102.51,102.51,102.28,102.28,32
2018-08-15,102.28,103.19,102.28,102.74,50
2018-08-16,102.28,102.74,102.28,102.74,40
2018-08-19,102.74,102.74,102.28,102.28,210
2018-08-20,102.28,102.28,101.38,101.83,710
2018-08-21,101.83,102.51,101.83,102.06,250
2018-08-22,101.83,101.83,101.38,101.38,2600
2018-08-23,100.92,101.38,100.92,101.38,730
2018-08-26,100.92,100.92,100.24,100.47,1493
2018-08-28,100.69,101.15,100.47,101.15,380
2018-08-29,101.15,101.6,101.15,101.15,510
2018-08-30,101.15,101.6,101.15,101.6,72
2018-09-02,101.15,101.6,101.15,101.6,92
2018-09-03,101.83,102.74,101.38,102.06,890
2018-09-04,102.51,102.51,102.06,102.06,450
2018-09-05,101.6,102.28,101.6,102.28,530
2018-09-06,102.74,103.19,102.28,102.28,120
2018-09-09,101.83,102.06,101.15,101.38,1122
2018-09-10,100.92,101.38,100.24,100.24,844
2018-09-11,100.24,100.92,100.01,100.69,120
2018-09-12,101.15,101.15,101.15,101.15,10
2018-09-13,101.15,101.15,101.15,101.15,612
2018-09-16,100.69,100.69,100.47,100.69,900
2018-09-17,100.24,100.47,100.24,100.24,50
2018-09-18,100.24,100.69,99.78,100.69,1809
2018-09-20,100.47,100.92,100.47,100.92,156
2018-09-23,100.92,101.38,99.56,100.92,351
2018-09-25,100.47,101.83,100.47,101.83,649
2018-09-26,101.83,101.83,100.92,100.92,5165
2018-09-27,101.38,102.06,100.69,100.69,3870
2018-09-30,100.24,101.6,100.24,100.92,1901
2018-10-01,100.47,100.47,100.47,100.47,382
2018-10-02,100.47,100.69,100.24,100.69,380
2018-10-03,100.69,100.69,100.47,100.47,30
2018-10-04,100.01,100.01,100.01,100.01,520
2018-10-07,99.56,99.56,99.56,99.56,21
2018-10-08,99.33,100.47,99.33,99.33,3315
2018-10-09,98.87,99.33,98.42,99.33,3465
2018-10-10,98.87,98.87,98.87,98.87,110
2018-10-11,98.65,99.56,98.42,99.56,1200
2018-10-14,100.01,100.01,99.78,100.01,2027
2018-10-15,99.56,99.56,98.65,99.56,218
2018-10-23,100.01,100.01,99.78,100.01,120
2018-10-24,100.01,100.01,99.33,100.01,210
2018-10-25,99.56,99.56,98.19,98.19,625
2018-10-28,98.19,98.87,98.19,98.87,50
2018-10-29,98.65,98.65,98.19,98.19,80
2018-10-30,97.97,98.42,97.97,97.74,193
2018-10-31,98.19,99.78,97.97,99.78,720
2018-11-01,100.24,100.24,100.01,100.01,20
2018-11-04,99.78,99.78,99.56,99.56,170
2018-11-05,99.56,100.47,99.56,99.78,578
2018-11-14,100.01,100.01,99.1,99.1,190
2018-11-22,99.1,99.1,98.65,98.65,20
2018-11-25,98.65,98.87,98.19,98.87,320
2018-11-26,98.87,98.87,98.42,98.87,330
2018-11-27,98.87,98.87,98.42,98.42,800
2018-11-28,98.42,98.87,98.42,98.42,90
2018-11-29,98.42,98.42,97.97,97.97,30
2018-12-02,97.97,98.19,96.15,96.37,1740
2018-12-03,96.37,96.83,96.37,96.6,100
2018-12-04,96.6,96.6,96.15,96.15,370
2018-12-06,95.69,95.69,95.24,95.69,110
2018-12-09,95.69,97.06,95.69,97.06,337
2018-12-10,97.06,97.97,96.6,97.97,11650
2018-12-11,97.97,98.42,97.97,97.97,516
2018-12-12,97.97,97.97,97.51,97.51,30
2018-12-13,97.51,97.51,97.06,97.28,40
2018-12-16,97.28,97.74,97.28,97.51,50
2018-12-17,97.51,97.51,97.51,97.51,200
2018-12-18,97.51,97.51,96.6,96.6,1140
2018-12-19,96.6,96.6,96.15,96.6,190
2018-12-20,96.6,96.6,96.15,96.6,176
2018-12-23,96.6,96.6,96.15,96.15,190
2018-12-24,96.15,96.15,95.69,95.69,70
2018-12-25,95.69,95.69,95.24,95.24,310
2018-12-26,95.24,95.24,94.78,95.24,60
2018-12-27,95.24,96.37,95.24,96.37,153
2018-12-30,96.37,97.06,96.37,97.06,730
2018-12-31,97.06,97.51,96.83,97.51,247
2019-01-01,97.51,97.51,97.06,97.06,50
2019-01-02,97.06,97.06,96.6,96.6,500
2019-01-03,96.6,96.6,95.92,95.92,160
2019-01-06,95.92,95.92,95.47,95.69,620
2019-01-07,95.69,95.69,95.24,95.24,100
2019-01-08,95.24,95.47,95.24,95.47,21
2019-01-09,95.47,95.69,95.01,95.01,1223
2019-01-10,95.01,95.24,94.78,95.01,80
2019-01-13,95.01,95.24,94.78,95.24,70
2019-01-14,95.24,95.24,94.78,94.78,1164
2019-01-15,94.78,95.24,94.33,95.24,30
2019-01-16,95.24,95.69,95.24,95.69,978
2019-01-17,95.69,96.15,95.69,96.15,660
2019-01-20,96.15,96.15,96.15,96.15,500
2019-01-21,96.15,96.6,95.69,96.6,950
2019-01-22,96.6,96.6,95.92,96.15,350
2019-01-23,96.15,96.15,95.47,95.47,725
2019-01-24,95.47,95.92,95.24,95.92,60
2019-01-27,95.92,95.92,95.01,95.01,879
2019-01-28,95.01,95.47,95.01,95.01,1404
2019-01-29,95.01,95.24,95.01,95.01,90
2019-01-30,95.01,95.47,94.56,95.01,2501
2019-01-31,95.01,95.01,94.56,95.01,40
2019-02-03,94.78,95.01,94.56,94.56,1862
2019-02-04,94.56,95.24,94.56,95.24,1122
2019-02-05,94.78,95.24,94.33,94.33,5280
2019-02-06,93.87,95.47,93.87,95.01,353
2019-02-07,94.56,95.01,94.33,94.56,1247
2019-02-10,94.33,94.56,94.33,94.33,10
2019-02-11,93.87,94.33,93.65,93.65,5350
2019-02-12,93.65,93.65,93.19,93.42,8190
2019-02-13,93.65,93.87,93.19,93.19,1670
2019-02-14,92.97,93.19,92.97,92.97,110
2019-02-17,93.19,93.42,92.97,93.19,698
2019-02-18,92.97,93.19,92.74,92.74,140
2019-02-19,92.51,92.74,92.51,92.51,50
2019-02-20,92.74,92.74,92.51,92.74,600
2019-02-21,92.51,92.97,92.51,92.97,2623
2019-02-24,92.97,92.97,92.51,92.51,290
2019-02-25,92.28,92.51,92.28,92.51,380
2019-02-26,92.51,92.74,92.28,92.28,290
2019-02-27,92.51,92.74,92.28,92.74,450
2019-03-03,92.97,92.97,92.06,92.28,350
2019-03-05,92.51,92.97,92.28,92.97,510
2019-03-06,92.74,92.97,92.74,92.74,70
2019-03-07,92.74,93.19,92.28,93.19,622
2019-03-09,93.42,93.42,93.19,93.42,10
2019-03-10,93.42,93.42,93.19,93.42,10
2019-03-11,93.19,93.42,92.74,92.74,910
2019-03-12,92.74,93.65,92.74,93.19,1690
2019-03-13,92.74,94.78,92.74,93.87,1910
2019-03-14,93.65,94.33,93.42,93.42,1490
2019-03-17,93.65,93.87,93.42,93.87,1360
2019-03-18,93.65,94.33,93.19,93.42,4838
2019-03-19,93.42,93.65,93.19,93.19,3607
2019-03-21,92.97,92.97,92.74,92.74,2734
2019-03-24,92.51,92.97,92.51,92.74,5190
2019-03-25,92.51,93.19,92.51,93.19,700
2019-03-26,93.19,93.87,93.19,93.65,1242
2019-03-27,93.65,93.87,93.87,93.87,1050
2019-03-28,93.65,93.87,93.42,93.65,1620
2019-03-31,93.42,93.65,93.42,93.42,820
2019-04-01,93.19,93.19,92.97,93.19,1550
2019-04-02,93.19,93.65,93.19,93.65,660
2019-04-03,93.42,93.87,93.42,93.87,1592
2019-04-04,93.87,94.1,93.65,93.87,130
2019-04-07,93.65,93.87,93.19,93.19,2710
2019-04-08,93.19,93.87,93.19,93.87,51
2019-04-09,93.65,93.65,93.19,93.19,535
2019-04-10,92.97,93.19,92.97,92.97,360
2019-04-11,92.74,93.19,92.74,93.19,241
2019-04-15,92.97,93.19,92.97,93.19,139
2019-04-16,93.19,93.42,93.19,93.42,610
2019-04-17,93.42,93.19,93.19,93.19,280
2019-04-18,92.97,92.97,92.74,92.74,740
2019-04-21,92.51,92.51,92.51,92.51,1100
2019-04-22,92.51,92.74,92.51,92.51,671
2019-04-23,92.74,92.97,92.28,92.28,2411
2019-04-24,92.28,92.97,92.06,92.06,1691
2019-04-25,92.06,92.28,91.83,92.06,4741
2019-04-28,91.83,92.74,91.83,92.74,860
2019-04-29,92.51,92.97,92.51,92.97,370
2019-04-30,92.74,93.42,92.74,92.74,8940
2019-05-02,92.51,93.65,92.51,92.97,900
2019-05-05,92.74,92.74,92.51,92.51,512
2019-05-06,92.74,92.74,92.74,92.74,224
2019-05-07,92.51,92.74,92.51,92.51,2030
2019-05-08,92.51,92.74,92.28,92.51,491
2019-05-09,92.28,92.28,92.28,92.28,718
2019-05-12,92.06,92.51,92.06,92.06,810
2019-05-13,92.28,92.97,92.06,92.97,2604
2019-05-14,93.19,93.19,92.28,92.74,277
2019-05-15,92.51,92.51,92.28,92.51,1894
2019-05-16,92.28,92.51,92.28,92.28,400
2019-05-19,92.51,93.87,92.51,93.87,101
2019-05-21,93.65,93.65,93.19,93.42,4549
2019-05-22,93.19,95.47,93.19,94.78,9619
2019-05-23,94.78,95.69,93.42,93.65,4790
2019-05-26,93.87,94.1,93.65,93.87,550
2019-05-27,93.87,94.33,93.87,94.33,120
2019-05-28,94.33,94.56,93.87,94.33,650
2019-05-29,94.1,94.1,93.87,93.87,315
2019-05-30,93.87,94.1,93.87,94.1,735
2019-06-02,94.33,94.33,93.42,93.42,150
2019-06-03,93.19,93.19,92.97,92.97,180
2019-06-04,92.74,93.65,92.74,93.42,180
2019-06-06,93.65,93.87,93.65,93.65,210
2019-06-10,93.42,93.42,93.42,93.42,10
2019-06-11,93.19,93.65,93.19,93.65,200
2019-06-13,93.42,93.42,93.42,93.42,75
2019-06-16,93.19,93.19,92.51,92.51,150
2019-06-17,92.28,92.97,92.28,92.74,431
2019-06-18,92.51,92.51,92.51,92.51,70
2019-06-19,92.28,92.51,92.28,92.51,80
2019-06-20,92.28,92.28,92.28,92.28,10
2019-06-23,92.06,92.28,92.06,92.28,70
2019-06-24,92.06,92.51,92.06,92.51,660
2019-06-25,92.28,92.28,92.28,92.28,60
2019-06-26,92.06,92.28,92.06,92.28,518
2019-06-27,92.28,92.51,92.06,92.51,560
2019-06-30,92.28,92.28,92.06,92.06,70
2019-07-01,92.28,92.74,91.83,92.51,760
2019-07-02,92.51,92.51,92.51,92.51,177
2019-07-03,92.51,92.74,92.51,92.74,590
2019-07-04,92.51,92.51,92.28,92.28,300
2019-07-07,92.06,92.51,92.06,92.06,2070
2019-07-08,91.83,91.83,91.83,91.83,870
2019-07-09,92.06,92.06,92.06,92.06,120
2019-07-10,91.83,92.28,91.83,92.06,520
2019-07-11,92.06,92.06,92.06,92.06,70
2019-07-14,92.06,92.06,91.83,91.83,1090
2019-07-15,91.6,91.6,91.6,91.6,20
2019-07-16,91.83,92.06,91.83,92.06,255
2019-07-17,92.97,92.97,92.51,92.97,2159
2019-07-23,92.74,92.74,92.51,92.51,506
2019-07-24,92.28,93.19,92.28,93.19,810
2019-07-25,92.97,92.97,92.28,92.28,3260
2019-07-28,92.06,92.28,92.06,92.28,150
2019-07-29,92.06,92.28,92.06,92.06,70
2019-07-30,92.06,92.28,92.06,92.28,372
2019-07-31,92.06,92.06,92.06,92.06,110
2019-08-01,92.06,92.06,92.06,92.06,201
2019-08-04,92.06,92.06,91.83,91.83,2419
2019-08-05,91.83,91.83,91.6,91.6,370
2019-08-06,91.37,91.37,91.37,91.37,1244
2019-08-07,91.15,91.15,91.15,91.15,50
2019-08-08,91.15,91.37,91.15,91.37,1224
2019-08-11,91.37,91.6,91.37,91.6,192
2019-08-12,91.37,92.06,91.37,92.06,40
2019-08-13,91.83,92.28,91.83,92.28,120
2019-08-14,92.06,92.06,91.83,92.06,210
2019-08-15,92.06,92.06,92.06,92.06,20
2019-08-18,92.06,92.06,92.06,92.06,10
2019-08-19,92.06,92.28,91.37,91.6,720
2019-08-20,91.83,92.06,91.37,91.37,1958
2019-08-21,91.15,91.37,91.15,91.15,505
2019-08-22,90.92,91.37,90.92,91.15,365
2019-08-25,91.15,91.15,90.69,90.69,239
2019-08-26,90.46,90.69,90.46,90.69,929
2019-08-27,90.92,90.92,90.69,90.92,362
2019-08-28,90.69,90.69,90.69,90.69,30
2019-08-29,90.69,90.69,90.46,90.69,70
2019-09-01,90.46,90.46,90.46,90.46,10
2019-09-04,90.92,91.15,90.92,91.15,20
2019-09-05,90.92,91.15,90.92,90.92,70
2019-09-08,90.69,91.15,90.69,90.92,50
2019-09-09,91.15,91.83,91.15,91.6,1350
2019-09-10,91.37,92.28,91.37,92.06,777
2019-09-11,91.83,92.06,91.6,91.6,285
2019-09-12,91.6,91.83,91.6,91.83,1417
2019-09-15,91.6,91.6,91.15,91.15,880
2019-09-16,90.92,91.15,90.92,90.92,80
2019-09-17,91.15,91.6,90.69,91.6,283
2019-09-18,91.83,91.83,91.6,91.83,50
2019-09-19,91.83,92.06,91.83,91.83,40
2019-09-23,91.6,91.6,91.6,91.6,110
2019-09-24,91.6,91.83,91.6,91.83,100
2019-09-29,91.6,91.6,91.6,91.6,10
2019-10-01,91.83,91.83,91.83,91.83,120
2019-10-02,91.6,91.83,91.6,91.6,30
2019-10-03,91.83,91.83,91.83,91.83,80
2019-10-14,91.6,91.83,91.6,91.83,110
2019-10-17,91.83,91.83,91.6,91.6,160
2019-10-20,91.37,91.37,91.37,91.37,120
2019-10-21,91.6,91.83,91.37,91.83,80
2019-10-22,91.6,92.06,91.6,92.06,172
2019-10-23,91.83,91.83,91.83,91.83,100
2019-10-24,92.06,92.06,92.06,92.06,110
2019-10-31,92.06,92.28,92.06,92.28,440
2019-11-03,92.51,93.19,92.51,93.19,190
2019-11-04,93.19,93.42,93.19,93.19,170
2019-11-05,93.42,93.42,93.19,93.19,30
2019-11-14,93.19,92.97,92.74,92.74,20
2019-11-25,92.51,92.51,92.28,92.28,30
2019-11-26,92.06,92.06,92.06,92.06,10
2019-11-27,91.83,91.83,91.6,91.6,520
2019-12-04,91.37,91.37,90.01,90.01,812
2019-12-05,89.78,89.78,89.1,89.33,2790
2019-12-08,89.1,89.1,89.1,89.1,10
2019-12-09,88.87,88.87,88.87,88.87,146
2019-12-10,89.1,89.33,89.1,89.1,40
2019-12-11,89.33,89.78,89.33,89.56,6120
2019-12-12,89.78,89.78,89.1,89.56,1097
2019-12-16,89.33,89.33,88.87,89.33,80
2019-12-17,89.56,89.78,89.56,89.78,50
2019-12-18,89.56,89.78,89.56,89.78,320
2019-12-19,89.78,89.78,89.78,89.78,20
2019-12-22,89.56,89.56,89.1,89.33,80
2019-12-23,89.1,90.01,89.1,90.01,260
2019-12-24,89.78,90.24,89.78,90.24,1830
2019-12-25,90.46,90.46,90.24,90.24,570
2019-12-26,90.01,90.24,90.01,90.01,140
2019-12-29,90.24,90.69,90.24,90.24,2345
2019-12-30,90.46,90.69,90.01,90.24,3363
2019-12-31,90.24,90.69,90.24,90.69,121
2020-01-01,90.92,90.92,90.92,90.92,10
2020-01-02,90.69,90.69,90.24,90.24,310
2020-01-05,90.01,90.69,90.01,90.69,1133
2020-01-06,90.69,91.37,90.69,91.15,741
2020-01-07,90.92,91.37,90.92,91.37,270
2020-01-08,91.6,91.6,91.6,91.6,210
2020-01-12,91.83,92.06,91.6,92.06,475
2020-01-13,91.83,93.19,91.83,93.19,1589
2020-01-14,92.97,92.97,91.6,91.83,2997
2020-01-15,92.06,92.28,92.06,92.28,60
2020-01-16,92.28,92.74,92.28,92.28,770
2020-01-19,92.51,93.19,92.51,93.19,673
2020-01-20,93.19,93.42,92.97,92.97,2216
2020-01-21,92.97,92.97,92.28,92.51,1292
2020-01-22,92.51,92.51,92.06,92.28,460
2020-01-23,92.28,92.51,91.6,91.6,1820
2020-01-26,91.37,91.83,91.37,91.6,150
2020-01-27,91.6,91.83,91.37,91.83,725
2020-01-28,92.06,92.74,92.06,92.51,491
2020-01-29,92.74,92.97,92.51,92.51,1220
2020-01-30,92.28,92.97,92.06,92.97,511
2020-02-02,92.97,93.19,92.74,92.74,2825
2020-02-03,92.51,94.1,92.51,94.1,4476
2020-02-04,94.33,95.24,94.1,94.1,12320
2020-02-05,94.1,94.33,93.42,93.42,4243
2020-02-06,93.19,93.87,93.19,93.87,550
2020-02-09,93.87,93.87,93.42,93.65,240
2020-02-10,93.65,93.65,93.19,93.42,380
2020-02-11,93.19,94.1,93.19,94.1,469
2020-02-12,94.33,94.33,93.19,93.42,2028
2020-02-13,93.42,93.42,92.97,93.19,758
2020-02-16,93.42,93.87,92.97,93.42,1151
2020-02-17,93.65,94.78,93.65,94.33,11912
2020-02-18,94.78,94.78,93.65,93.65,1330
2020-02-19,93.87,93.87,93.42,93.42,1316
2020-02-20,93.42,94.1,93.19,94.1,4014
2020-02-23,93.87,94.1,92.97,92.97,7725
2020-02-24,92.97,93.87,93.19,93.42,3870
2020-02-25,93.19,95.01,93.19,95.01,6594
2020-02-26,95.47,95.92,94.56,95.01,8093
2020-02-27,95.01,95.47,94.1,94.56,8815
2020-03-01,94.56,95.01,93.87,94.33,1615
2020-03-02,94.78,94.78,93.42,93.42,5670
2020-03-03,93.42,93.87,93.42,93.65,1283
2020-03-04,93.42,93.42,93.19,93.19,1985
2020-03-05,92.97,93.19,92.51,93.19,1469
2020-03-10,93.42,93.42,93.42,93.42,10
2020-03-11,93.19,93.19,92.74,92.97,1357
2020-03-12,92.74,92.74,92.28,92.51,1813
2020-03-15,92.28,92.28,91.37,91.37,7167
2020-03-16,91.15,91.37,90.92,91.37,2055
2020-03-17,91.15,91.15,90.69,90.92,1190
2020-03-18,90.69,90.69,90.24,90.24,280
2020-03-19,90.01,90.92,90.01,90.92,1340
2020-07-01,90.69,90.69,90.69,90.69,1000
2020-07-05,90.69,90.69,90.24,90.24,700
2020-07-06,90.24,90.24,89.78,90.24,455
2020-07-07,90.01,90.46,89.78,90.01,83
2020-07-08,90.01,90.69,89.78,90.69,161
2020-07-09,90.69,90.92,90.69,90.92,50
2020-07-12,91.15,91.37,91.15,91.15,110
2020-07-13,90.92,90.92,90.92,90.92,10
2020-07-15,90.69,91.37,90.69,90.69,321
2020-07-16,90.46,90.69,90.46,90.69,380
2020-07-20,90.46,90.92,90.46,90.46,2080
2020-07-21,90.46,90.92,90.46,90.92,1635
2020-07-22,90.69,90.92,90.46,90.46,460
2020-07-23,90.24,90.46,90.24,90.46,1097
2020-07-26,90.46,90.46,90.24,90.46,820
2020-07-27,90.46,90.46,89.78,90.01,1140
2020-07-28,89.78,89.78,89.56,89.78,382
2020-07-29,89.78,90.01,89.56,89.56,2620
2020-07-30,89.78,90.92,89.78,90.69,180
2020-08-02,90.92,91.6,90.69,90.69,2093
2020-08-03,90.92,91.15,90.69,91.15,1164
2020-08-05,91.15,91.37,91.15,91.15,980
2020-08-06,91.15,91.15,90.92,90.92,1521
2020-08-09,90.69,90.92,90.46,90.69,376
2020-08-10,90.92,91.6,90.92,91.15,1690
2020-08-11,90.92,91.37,90.92,90.92,1785
2020-08-12,90.69,90.69,90.24,90.24,1030
2020-08-13,90.24,90.92,90.24,90.92,1959
2020-08-16,90.69,90.92,90.69,90.92,656
2020-08-17,90.69,90.92,90.69,90.69,441
2020-08-18,90.69,91.6,90.69,91.6,720
2020-08-19,91.37,91.37,91.15,91.15,1140
2020-08-20,90.92,91.15,90.92,91.15,210
2020-08-23,90.92,91.37,90.92,91.37,389
2020-08-24,91.15,91.37,91.15,91.15,330
2020-08-25,90.92,90.92,90.92,90.92,370
2020-08-26,90.92,91.37,90.92,90.92,2020
2020-08-27,91.15,92.51,91.15,91.6,2840
2020-08-30,91.6,92.06,91.37,91.83,507
2020-08-31,91.6,93.65,91.6,93.65,3572
2020-09-02,93.87,95.69,93.87,95.69,16135
2020-09-03,96.15,97.97,95.24,96.6,23156
2020-09-06,97.74,98.19,95.47,96.37,76903
2020-09-07,96.37,96.37,95.47,95.92,13760
2020-09-08,95.47,95.92,95.01,95.47,3862
2020-09-09,95.92,95.92,95.47,95.47,2326
2020-09-10,95.01,95.92,95.01,95.01,3009
2020-09-13,95.47,96.15,95.01,95.92,13339
2020-09-14,97.06,98.19,96.6,98.19,79246
2020-09-15,99.33,100.69,97.51,98.87,39800
2020-09-16,98.42,101.6,97.74,101.6,65149
2020-09-17,102.97,104.56,102.28,104.56,42251
2020-09-20,105.01,105.47,101.38,102.97,41777
2020-09-21,102.51,104.78,100.69,100.92,42392
2020-09-22,100.92,103.19,100.92,102.28,93468
2020-09-23,101.83,102.97,101.15,102.51,55118
2020-09-24,102.97,105.47,102.97,105.47,145707
2020-09-27,105.92,108.65,105.92,108.65,65523
2020-09-28,110.47,110.47,106.6,108.19,98523
2020-09-29,108.19,110.01,106.6,108.65,68247
2020-09-30,108.65,110.47,107.28,109.1,65053
2020-10-01,110.24,110.24,107.28,107.28,63615
2020-10-04,107.28,107.97,106.15,107.28,29986
2020-10-05,107.06,110.01,107.06,108.88,61947
2020-10-06,110.69,112.51,109.33,112.51,114722
2020-10-07,113.19,116.6,113.19,116.6,51338
2020-10-08,118.65,120.92,116.15,116.38,102740
2020-10-11,115.92,118.2,113.88,116.83,78968
2020-10-12,117.51,117.97,114.79,115.69,22934
2020-10-13,115.69,116.83,113.42,113.88,35821
2020-10-14,113.19,114.1,111.38,111.38,42955
2020-10-15,111.38,113.65,110.24,112.06,41855
2020-10-18,111.38,113.65,110.47,110.69,19518
2020-10-19,111.38,114.33,111.38,114.1,24764
2020-10-20,114.1,116.6,114.1,115.24,62118
2020-10-21,115.01,115.69,114.33,114.79,31307
2020-10-22,114.33,115.01,113.88,114.33,14902
2020-10-28,115.01,115.01,113.19,114.33,17271
2020-10-29,113.65,116.15,113.65,114.79,14381
2020-11-01,115.47,116.6,114.79,116.6,54282
2020-11-02,116.83,117.06,115.69,115.69,25500
2020-11-03,116.38,117.06,115.47,116.15,13742
2020-11-04,116.83,116.83,115.47,116.15,10821
2020-11-05,116.15,117.29,115.92,117.06,45533
2020-11-08,116.15,120.92,116.15,120.7,100954
2020-11-09,119.33,122.51,119.33,121.15,86244
2020-11-10,118.88,122.51,118.88,121.38,42708
2020-11-11,122.29,122.74,120.92,121.15,21215
2020-11-12,122.06,122.74,119.79,120.01,29096
2020-11-18,118.88,120.01,116.83,118.88,44084
2020-11-19,117.97,120.47,117.29,119.79,25479
2020-11-22,120.7,120.7,117.97,118.65,18423
2020-11-23,117.74,120.47,117.74,118.65,16152
2020-11-24,117.74,120.01,117.74,119.33,29679
2020-11-25,119.79,119.79,117.97,119.56,28443
2020-11-26,120.92,120.92,117.06,117.74,49623
2020-11-29,117.06,117.97,116.15,117.29,33176
2020-11-30,116.6,120.24,116.15,120.01,29713
2020-12-01,120.47,120.7,117.74,118.2,17532
2020-12-02,120.47,120.47,117.51,118.42,18121
2020-12-03,120.7,120.7,116.6,117.51,21920
2020-12-06,116.6,116.6,114.1,114.1,21436
2020-12-07,114.79,117.51,113.88,116.6,23339
2020-12-08,116.38,118.2,114.79,115.69,25836
2020-12-09,116.38,117.97,115.69,116.38,22797
2020-12-10,116.38,116.6,115.24,115.47,7739
2020-12-13,115.47,116.38,114.79,116.15,14535
2020-12-14,116.38,116.83,115.01,115.69,10530
2020-12-20,117.74,118.2,113.42,113.65,23530
2020-12-21,112.97,115.69,110.92,115.47,15237
2020-12-22,115.47,116.6,114.1,115.47,8356
2020-12-23,116.15,116.15,113.42,114.33,7721
2020-12-24,113.88,115.92,112.97,113.88,7084
2020-12-27,114.33,114.33,112.97,113.19,3801
2020-12-28,113.65,113.65,112.29,112.51,16972
2020-12-29,112.06,112.74,111.6,111.6,8571
2020-12-30,110.92,114.1,110.92,112.51,10083
2020-12-31,112.17,113.84,111.93,112.17,8364
2021-01-03,112.89,112.89,111.46,112.17,2821
2021-01-04,111.93,114.8,111.93,112.41,9816
2021-01-05,113.13,116.47,112.65,115.27,18243
2021-01-06,117.42,117.42,113.13,115.27,27428
2021-01-07,113.13,116.71,113.13,115.51,8760
2021-01-10,116.23,116.95,115.04,115.51,6314
2021-01-11,115.51,115.99,114.56,115.27,9225
2021-01-12,114.56,115.51,114.56,115.27,5923
2021-01-13,115.04,119.57,114.8,119.09,55344
2021-01-17,121.24,123.63,121.0,123.39,85192
2021-01-18,125.78,128.4,125.78,128.4,90259
2021-01-19,131.03,133.89,125.78,130.79,91580
2021-01-20,133.65,133.65,127.21,128.88,59857
2021-01-21,129.12,129.12,125.3,126.97,38834
2021-01-24,127.92,130.31,126.97,127.45,27481
2021-01-25,127.68,129.36,126.49,127.68,29189
2021-01-26,128.4,129.36,127.68,128.16,29287
2021-01-27,130.79,130.79,126.97,127.92,13406
2021-01-28,127.92,127.92,126.25,126.49,13132
2021-01-31,127.45,127.45,122.91,125.06,20595
2021-02-01,125.06,126.97,125.06,126.25,16672
2021-02-02,126.73,127.68,125.78,126.01,18433
2021-02-03,126.49,126.73,125.06,126.25,39544
2021-02-04,127.21,131.5,127.21,131.5,132181
2021-02-07,134.37,137.47,131.98,134.37,77873
2021-02-08,135.08,135.56,131.26,132.22,32696
2021-02-09,132.46,132.46,129.83,130.31,17286
2021-02-10,130.31,131.26,129.36,130.07,20358
2021-02-11,129.59,130.31,129.36,129.59,18416
2021-02-14,130.55,134.13,130.31,133.17,49602
2021-02-15,134.13,137.23,133.65,136.04,95788
2021-02-16,136.04,136.04,129.59,132.46,140188
2021-02-17,132.46,133.17,129.59,130.31,55699
2021-02-18,130.31,130.79,129.36,129.59,37650
2021-02-21,129.12,133.41,126.97,130.31,32508
2021-02-22,131.26,131.26,129.59,129.59,17970
2021-02-23,128.88,129.12,126.73,129.12,27744
2021-02-24,130.07,131.03,127.21,128.64,11990
2021-02-25,127.68,128.64,127.21,127.68,14395
2021-02-28,126.73,127.45,124.34,124.34,20581
2021-03-01,124.58,127.92,123.63,127.92,15662
2021-03-02,130.55,130.55,125.3,126.73,19034
2021-03-03,125.78,126.73,122.91,123.39,24869
2021-03-04,124.11,127.45,124.11,127.45,10882
2021-03-08,126.49,127.21,125.54,126.49,7516
2021-03-09,125.54,129.36,125.54,127.68,26996
2021-03-10,127.21,129.12,126.97,127.92,6980
2021-03-14,130.55,130.55,126.01,126.97,9163
2021-03-15,126.97,127.92,123.87,125.78,34467
2021-03-16,125.78,127.92,124.11,126.73,16981
2021-03-17,126.25,127.68,126.01,126.73,7420
2021-03-18,126.01,127.68,125.3,126.01,13174
2021-03-21,125.06,128.16,125.06,126.49,24842
2021-03-22,125.78,126.25,125.54,126.25,14225
2021-03-23,125.3,127.21,125.06,127.21,13918
2021-03-24,127.21,128.16,126.97,127.45,17542
2021-03-25,128.16,128.16,126.49,127.68,19007
2021-03-29,125.3,132.94,125.3,130.31,56488
2021-03-30,131.26,131.26,129.36,130.31,18484
2021-03-31,133.17,133.17,129.36,131.03,25994
2021-04-01,131.74,131.74,129.59,130.79,16057
2021-04-04,131.5,131.74,130.07,130.31,18039
2021-04-05,133.17,133.17,128.88,129.12,14033
2021-04-06,128.16,131.5,128.16,131.03,38043
2021-04-07,131.26,132.7,129.59,130.31,17310
2021-04-08,130.31,131.03,129.59,130.07,12635
2021-04-12,130.55,130.79,129.36,129.36,9810
2021-04-13,128.88,131.98,128.88,130.79,24315
2021-04-15,130.31,131.26,129.83,129.83,25275
2021-04-18,130.79,130.79,129.36,129.59,12520
2021-04-19,129.12,131.26,127.92,129.12,25062
2021-04-20,129.12,130.07,128.16,129.12,10344
2021-04-21,130.07,130.07,128.4,129.12,9271
2021-04-22,128.16,130.07,128.16,129.59,17738
2021-04-25,128.64,128.88,126.73,127.45,18083
2021-04-26,126.49,128.4,125.3,125.3,18342
2021-04-27,125.3,128.64,125.3,127.68,18405
2021-04-28,127.68,127.92,126.25,126.97,5468
2021-04-29,126.49,129.36,126.49,128.88,18307
2021-05-02,128.88,129.36,127.92,129.36,12137
2021-05-03,129.59,131.5,128.88,129.59,25900
2021-05-04,132.46,132.46,128.64,130.55,39775
2021-05-05,130.07,136.28,130.07,136.28,162667
2021-05-06,139.38,140.1,133.65,138.19,144155
2021-05-09,139.38,139.38,133.89,134.84,54714
2021-05-10,133.65,137.23,132.94,137.23,41164
2021-05-11,137.23,137.23,134.84,135.8,34296
2021-05-12,138.19,140.81,134.84,139.14,107576
2021-05-13,139.14,142.72,138.42,142.0,162716
2021-05-16,143.2,148.93,139.62,148.93,206713
2021-05-17,148.93,156.56,148.93,156.56,195468
2021-05-18,160.62,163.72,156.8,160.62,87792
2021-05-19,161.1,162.77,155.37,156.8,159005
2021-05-20,156.8,161.58,155.13,158.95,113327
2021-05-23,157.52,167.54,155.61,167.54,145274
2021-05-24,172.32,177.09,168.26,177.09,76584
2021-05-25,181.38,187.59,176.61,187.59,104058
2021-05-27,187.83,198.57,182.82,191.65,120258
2021-05-30,194.03,194.03,182.1,183.77,183959
2021-05-31,188.54,188.54,173.03,173.03,208794
2021-06-01,172.55,178.52,168.74,173.51,76293
2021-06-02,171.84,181.15,171.84,179.24,40936
2021-06-03,179.47,179.71,173.75,173.99,67357
2021-06-06,178.52,178.52,171.36,172.79,98662
2021-06-07,176.85,179.0,173.03,177.8,117730
2021-06-08,181.38,188.31,181.38,188.31,189235
2021-06-09,194.03,199.76,194.03,199.76,188436
2021-06-10,205.97,212.41,205.49,212.41,136700
2021-06-13,212.41,220.76,207.16,219.33,322335
2021-06-14,220.76,225.54,210.02,225.54,251172
2021-06-15,233.17,233.17,214.32,214.8,125498
2021-06-16,207.64,217.66,203.1,204.53,121998
2021-06-17,198.09,208.35,196.9,205.49,61505
2021-06-20,202.86,207.64,193.79,193.79,59633
2021-06-21,193.79,197.85,188.07,195.7,80122
2021-06-22,195.7,208.11,190.93,208.11,68100
2021-06-23,201.43,211.46,198.57,203.82,49650
2021-06-24,210.26,210.26,197.61,197.61,29404
2021-06-27,191.41,205.25,191.41,199.28,36899
2021-06-28,201.67,202.63,193.32,197.61,45843
2021-06-29,191.65,200.48,191.65,194.03,20925
2021-06-30,188.54,206.21,188.54,200.72,99220
2021-07-01,206.44,206.44,196.9,200.24,27461
2021-07-04,194.03,203.58,194.03,198.57,18188
2021-07-05,192.36,200.48,192.36,194.75,19405
2021-07-06,188.78,196.9,188.78,191.65,76175
2021-07-07,194.03,198.57,188.54,188.54,47565
2021-07-08,189.74,193.32,188.54,193.08,21764
2021-07-11,193.32,200.48,193.32,200.0,47850
2021-07-12,194.03,201.67,194.03,196.66,32877
2021-07-13,198.09,199.28,194.75,195.7,16471
2021-07-14,189.5,199.76,189.5,199.76,25205
2021-07-15,205.25,205.25,197.85,198.33,69811
2021-07-18,200.72,203.1,199.07,202.15,34664
2021-07-19,204.53,205.49,200.72,201.19,35480
2021-07-20,202.86,213.6,200.0,213.37,172327
2021-07-22,213.84,219.57,204.53,205.25,167756
2021-07-25,207.88,210.6,204.77,207.64,80242
2021-07-26,210.02,211.77,206.49,208.59,89864
2021-07-27,210.02,217.18,205.87,213.13,162392
2021-07-28,215.94,220.76,210.02,212.17,148163
2021-07-29,214.56,221.96,209.31,219.81,214124
2021-08-01,222.77,231.74,220.41,231.5,217485
2021-08-02,231.5,238.66,223.63,225.3,160613
2021-08-03,224.34,227.68,221.96,226.49,82350
2021-08-04,229.36,234.61,226.73,228.64,109923
2021-08-05,230.31,230.31,219.09,220.29,103751
2021-08-08,221.96,228.85,219.57,223.84,122201
2021-08-09,226.73,239.05,226.73,236.75,275310
2021-08-10,239.98,243.2,229.12,231.5,194084
2021-08-11,234.7,238.66,232.7,233.94,92874
2021-08-12,233.94,238.07,230.07,236.75,122430
2021-08-15,236.75,236.75,221.96,227.92,114328
2021-08-16,227.92,232.94,224.34,230.1,59813
2021-08-17,233.17,242.22,230.31,237.23,129927
2021-08-18,240.53,253.79,239.83,250.6,205069
2021-08-19,247.02,252.51,235.32,237.71,124161
2021-08-24,234.61,239.57,225.54,225.54,92501
2021-08-25,222.67,230.55,218.4,221.96,68774
2021-08-26,224.82,235.8,220.76,231.5,98929
2021-08-29,234.7,234.84,221.96,223.13,49584
2021-08-31,222.91,224.11,217.18,218.85,59662
2021-09-01,219.57,221.48,215.51,215.75,42751
2021-09-02,217.18,220.02,207.64,208.83,50319
2021-09-05,206.21,208.83,195.11,196.66,52651
2021-09-06,196.66,209.16,192.12,209.16,32191
2021-09-07,211.91,218.38,203.75,208.11,29290
2021-09-08,205.49,207.88,202.15,205.97,30418
2021-09-09,207.64,214.75,205.25,212.17,54607
2021-09-12,214.96,225.78,214.96,224.34,77314
2021-09-13,227.21,233.89,219.57,223.51,73658
2021-09-14,221.96,224.34,218.38,220.29,24105
2021-09-15,220.29,222.91,217.18,217.18,22337
2021-09-16,215.99,215.99,205.39,208.35,53121
2021-09-20,206.44,207.88,194.68,195.73,53095
2021-09-21,198.21,202.63,185.2,196.66,38834
2021-09-22,198.81,206.21,198.81,205.49,47966
2021-09-23,208.11,208.11,200.48,200.72,28890
2021-09-26,203.1,204.06,192.6,196.42,44931
2021-09-27,198.9,201.43,188.78,188.78,38477
2021-09-28,190.93,190.93,177.06,179.19,54043
2021-09-29,179.0,185.2,175.42,183.77,27525
2021-09-30,186.01,187.35,176.85,177.57,16501
2021-10-03,179.02,179.02,169.95,172.79,16664
2021-10-04,171.6,175.42,165.39,167.06,17211
2021-10-05,168.97,172.79,167.54,171.36,10875
2021-10-06,173.27,174.94,172.32,173.05,15721
2021-10-10,175.08,177.14,170.64,170.64,15054
2021-10-11,170.88,170.88,167.06,168.02,12876
2021-10-17,169.93,170.64,167.06,170.41,2548
2021-10-18,169.45,169.45,162.29,163.25,14966
2021-10-19,164.2,164.2,154.08,158.47,28494
2021-10-20,160.14,163.7,159.43,159.93,13821
2021-10-21,161.69,164.68,159.67,159.67,10339
2021-10-24,159.67,167.18,156.97,167.18,21770
2021-10-25,169.09,176.73,169.09,176.71,32761
2021-10-26,178.76,187.21,176.85,187.21,51577
2021-10-27,189.5,194.99,183.77,186.87,45999
2021-10-28,189.16,190.45,182.82,189.5,32124
2021-10-31,191.62,200.95,189.98,198.09,39059
2021-11-01,200.48,201.43,191.41,194.51,54091
2021-11-02,192.12,196.42,189.71,195.68,28103
2021-11-03,197.85,200.48,193.82,195.7,25281
2021-11-08,198.19,199.76,192.6,192.84,15017
2021-11-09,191.41,191.41,184.01,186.63,34040
2021-11-11,184.34,186.61,179.43,179.43,27617
2021-11-14,181.58,186.4,177.8,181.62,24545
2021-11-15,183.82,189.02,183.77,188.31,19874
2021-11-16,190.45,192.6,185.99,192.36,15159
2021-11-17,194.77,204.44,194.77,195.35,104722
2021-11-18,195.7,202.91,192.27,192.84,37607
2021-11-21,193.79,199.28,192.12,194.25,20607
2021-11-22,195.7,197.85,193.32,194.27,16179
2021-11-23,191.89,193.91,189.02,190.45,35120
2021-11-24,188.09,193.25,186.16,190.93,29815
2021-11-25,193.32,193.56,189.98,191.65,13121
2021-11-28,189.26,190.21,184.73,185.92,23331
2021-11-29,185.92,189.67,184.96,185.2,18909
2021-11-30,187.35,187.35,181.38,186.16,14229
2021-12-01,188.31,189.24,184.96,187.11,20389
2021-12-02,187.35,189.26,183.87,184.49,8632
2021-12-05,182.34,183.77,176.63,179.0,20999
2021-12-06,177.8,183.77,171.6,182.34,28303
2021-12-07,183.44,186.87,177.09,177.57,24170
2021-12-08,175.68,178.52,169.19,172.08,15435
2021-12-09,170.1,174.94,170.1,172.08,14114
2021-12-12,171.84,172.08,166.11,166.11,14008
2021-12-13,164.22,166.59,157.06,159.43,23403
2021-12-14,161.1,168.21,161.1,168.21,15851
2021-12-15,169.93,177.8,166.11,169.71,21203
2021-12-16,169.69,171.12,165.82,165.87,13378
2021-12-20,165.87,167.54,164.22,167.54,9601
2021-12-21,167.54,169.45,165.87,169.45,8444
2021-12-22,171.36,179.24,169.69,179.24,34994
2021-12-23,181.38,189.98,181.38,189.26,101191
2021-12-26,191.6,195.23,185.92,187.35,38974
2021-12-27,187.83,188.07,180.91,181.15,33431
2021-12-28,181.15,183.29,178.52,181.62,23474
2021-12-29,183.29,183.77,180.19,181.86,9349
2022-01-02,181.62,183.53,180.43,180.91,15252
2022-01-03,179.24,183.05,179.24,181.86,12098
2022-01-04,181.86,183.77,181.38,183.77,14119
2022-01-05,183.77,187.83,181.89,184.01,17100
2022-01-06,184.94,184.94,182.1,183.53,9536
2022-01-09,185.68,189.26,184.73,189.02,35433
2022-01-10,191.36,193.32,187.59,189.02,30242
2022-01-11,187.11,193.32,187.11,190.93,27009
2022-01-12,193.27,194.51,188.14,188.54,37114
2022-01-13,190.88,194.75,188.54,194.61,44601
2022-01-16,194.61,201.67,194.99,198.54,49183
2022-01-17,199.28,200.24,194.8,199.76,36234
2022-01-18,202.32,210.02,200.48,205.73,162615
2022-01-19,208.35,211.46,204.53,208.83,81266
2022-01-20,206.44,210.02,205.25,209.31,45008
2022-01-23,212.05,213.6,205.3,208.35,75996
2022-01-24,208.35,208.35,198.09,200.24,70677
2022-01-25,199.28,205.25,196.92,200.0,29487
2022-01-26,198.11,200.72,194.75,195.85,32583
2022-01-27,196.9,199.28,194.51,196.9,16225
2022-01-30,199.4,204.77,199.4,204.77,36038
2022-01-31,202.15,206.44,201.19,201.67,19003
2022-02-01,201.79,206.44,200.48,206.44,47894
2022-02-03,208.83,209.31,204.06,204.06,42189
2022-02-06,201.67,203.34,200.0,200.0,27907
2022-02-07,200.0,204.06,199.07,202.22,23690
2022-02-08,204.82,209.55,199.52,201.19,24398
2022-02-09,198.64,200.48,198.09,199.64,12511
2022-02-10,201.67,201.91,197.37,197.85,10106
2022-02-13,198.09,198.09,191.41,192.12,30708
2022-02-14,192.12,195.7,192.05,194.75,15692
2022-02-15,194.75,200.48,193.34,200.48,9949
2022-02-16,200.48,200.48,195.94,195.99,15561
2022-02-17,198.09,198.09,193.79,194.75,7869
2022-02-20,192.36,197.61,192.12,194.18,26362
2022-02-21,194.99,202.86,194.03,198.57,39279
2022-02-22,200.95,207.16,200.24,205.47,93944
2022-02-23,207.4,210.0,200.24,206.44,146578
2022-02-24,209.07,209.07,200.72,202.63,52310
2022-02-27,204.06,207.16,201.43,205.97,43563
2022-02-28,207.64,208.59,197.9,200.24,50673
2022-03-02,197.68,198.57,194.03,194.25,38958
2022-03-06,195.7,196.66,192.12,193.79,22895
2022-03-07,195.7,196.9,187.64,189.02,39371
2022-03-09,190.69,190.69,183.53,187.88,23699
2022-03-10,189.98,194.51,185.68,193.08,35102
2022-03-13,194.75,197.37,193.79,195.94,25313
2022-03-14,197.61,197.61,193.82,194.99,8336
2022-03-15,197.14,197.14,192.12,192.84,12310
2022-03-16,192.6,194.99,190.0,190.69,18874
2022-03-20,190.93,191.65,188.57,190.45,9445
2022-03-21,188.54,194.99,188.31,194.99,23144
2022-03-22,197.14,198.09,194.51,195.44,12317
2022-03-23,193.82,194.51,192.84,193.01,4998
2022-03-24,192.84,193.79,189.74,191.89,17933
2022-03-27,190.93,191.65,186.42,187.35,22513
2022-03-28,187.35,189.5,184.99,184.99,8703
2022-03-29,185.8,187.11,183.79,184.96,10545
2022-03-30,183.29,186.4,180.67,186.4,30595
2022-03-31,186.4,186.87,182.1,182.34,14619
2022-04-03,181.62,182.58,180.19,181.38,7033
2022-04-04,181.38,181.38,179.0,179.21,14635
2022-04-05,177.83,177.83,174.22,176.37,16168
2022-04-06,176.37,176.37,172.32,173.27,13024
2022-04-07,174.7,176.85,173.51,173.51,20171
2022-04-11,175.54,177.61,171.12,171.12,12699
2022-04-12,172.32,172.32,169.45,170.64,10616
2022-04-13,169.45,172.63,169.21,172.55,6171
2022-04-17,173.75,173.99,169.5,172.86,7128
2022-04-18,170.88,170.88,164.92,168.02,13387
2022-04-19,166.37,168.97,163.48,166.85,7596
2022-04-20,168.23,168.23,162.6,163.48,7674
2022-04-21,163.48,164.2,159.69,162.29,5571
2022-04-24,163.96,171.36,163.72,171.31,14649
2022-04-25,173.27,173.75,168.02,170.17,15696
2022-04-26,171.84,171.84,166.35,168.74,7421
2022-04-27,167.33,169.93,166.35,169.45,7084
2022-04-28,169.45,171.38,166.59,166.59,9083
2022-05-02,165.39,165.87,161.89,162.77,13303
2022-05-04,162.77,168.45,161.36,166.83,28183
2022-05-05,164.99,171.41,163.13,165.39,34892
2022-05-08,165.39,170.38,162.53,167.54,17741
2022-05-09,168.97,169.21,166.83,168.74,33402
2022-05-10,170.67,178.45,168.52,178.45,87642
2022-05-11,180.43,189.12,180.43,189.12,24677
2022-05-12,191.41,200.86,191.41,192.6,71762
2022-05-17,190.21,190.45,183.1,183.29,70761
2022-05-18,184.96,191.89,177.8,189.74,35811
2022-05-19,188.54,191.36,186.16,186.63,19874
2022-05-20,184.73,189.5,184.49,185.92,12355
2022-05-23,184.01,185.92,181.86,181.98,32064
2022-05-24,181.86,186.4,181.86,184.73,9079
2022-05-25,186.16,187.35,184.96,186.75,13263
2022-05-26,184.73,188.52,184.73,185.32,5046
2022-05-27,186.16,186.87,180.19,185.44,21445
2022-05-30,187.71,187.71,182.58,182.58,13346
2022-05-31,182.58,184.25,181.43,182.1,9073
2022-06-01,180.69,184.7,180.69,182.55,7408
2022-06-02,183.05,183.77,180.19,181.48,10490
2022-06-03,181.15,181.15,177.33,177.8,16410
2022-06-06,177.8,182.32,177.35,178.52,15872
2022-06-07,179.95,179.95,175.66,176.59,10801
2022-06-08,178.28,186.87,177.57,184.73,21718
2022-06-09,186.87,186.87,180.19,181.15,17467
2022-06-10,179.26,182.1,178.74,179.0,14877
2022-06-13,180.19,181.15,178.04,179.45,7039
2022-06-14,177.68,180.88,176.13,177.57,16159
2022-06-15,175.89,177.09,173.89,175.63,14541
2022-06-16,175.78,180.38,174.22,178.04,17610
2022-06-17,176.18,177.8,175.89,175.92,3132
2022-06-19,174.46,175.85,170.07,171.84,9383
2022-06-20,169.93,169.93,165.16,165.87,16406
2022-06-21,164.68,171.36,164.68,169.45,15552
2022-06-22,167.85,168.74,165.87,167.78,8126
2022-06-23,165.87,165.87,161.43,164.42,22966
2022-06-24,163.96,171.6,162.58,169.21,18056
2022-06-26,170.64,178.28,170.64,178.04,29703
2022-06-27,178.07,183.29,175.18,177.78,36492
2022-06-28,175.78,178.52,173.68,178.45,21882
2022-06-29,179.95,189.12,179.0,188.54,84993
2022-06-30,190.88,190.93,182.7,185.44,56039
2022-07-01,184.96,185.92,181.62,181.86,26852
2022-07-03,184.01,184.73,179.95,180.91,40935
2022-07-04,183.08,184.49,179.71,181.15,62382
2022-07-05,183.29,183.29,179.02,180.26,25369
2022-07-06,182.43,183.75,178.81,180.43,20382
2022-07-07,181.38,182.58,179.47,179.47,16618
2022-07-08,179.05,180.19,176.37,176.85,20928
2022-07-11,176.85,176.85,168.66,169.93,28745
2022-07-12,171.6,173.27,170.41,172.77,18849
2022-07-13,172.67,177.73,171.96,177.09,25304
2022-07-14,179.0,182.34,176.13,177.57,25030
2022-07-15,177.57,178.76,175.89,176.61,18671
2022-07-17,178.71,178.76,175.78,177.33,52529
2022-07-18,179.47,190.26,179.47,190.26,14005
2022-07-19,193.08,200.95,190.26,190.45,93683
2022-07-20,190.93,191.65,186.21,188.07,27896
2022-07-21,190.41,190.41,185.58,185.68,15756
2022-07-22,183.44,187.45,183.39,183.77,10901
2022-07-24,186.16,189.98,183.39,189.98,15341
2022-07-25,192.36,197.14,189.98,196.09,60479
2022-07-26,196.18,200.0,190.45,190.98,25084
2022-07-27,188.54,193.79,188.54,192.84,26408
2022-07-28,193.32,197.14,192.36,192.89,41763
2022-07-29,195.66,195.66,191.5,192.36,7372
2022-07-31,195.23,195.23,190.88,194.27,32276
2022-08-01,195.7,195.7,190.93,193.75,22358
2022-08-02,193.32,193.79,190.93,191.89,20940
2022-08-03,194.75,196.18,190.93,194.75,48225
2022-08-04,195.7,196.18,190.93,190.98,13731
2022-08-05,190.98,193.75,189.5,189.74,8205
2022-08-07,191.89,191.89,188.54,189.5,7466
2022-08-08,189.98,190.45,186.16,188.5,16391
2022-08-09,186.16,187.11,181.38,182.77,20675
2022-08-10,182.34,184.3,178.52,181.86,11892
2022-08-11,180.91,183.29,180.48,183.29,6822
2022-08-14,183.29,183.29,179.0,179.95,11370
2022-08-15,179.47,183.77,179.47,183.77,16384
2022-08-16,185.68,188.07,179.47,179.95,14421
2022-08-17,181.38,182.34,179.47,179.95,4066
2022-08-18,182.34,185.2,179.67,183.29,9629
2022-08-21,185.2,190.45,183.63,185.2,11085
2022-08-22,187.11,187.11,183.77,183.77,6284
2022-08-23,183.29,183.77,181.38,181.86,3891
2022-08-24,182.34,183.68,182.34,182.82,1205
2022-08-25,181.38,183.77,180.43,180.67,6227
2022-08-26,180.91,180.91,178.04,179.95,4238
2022-08-28,177.57,178.28,170.45,173.75,12308
2022-08-29,171.41,174.7,171.41,174.22,7675
2022-08-30,174.22,174.22,171.36,171.36,4517
2022-08-31,170.88,171.84,167.06,167.59,5741
2022-09-01,165.2,168.97,163.25,168.97,7188
2022-09-02,168.97,170.88,164.68,167.06,2818
2022-09-04,168.5,168.5,166.11,167.06,4970
2022-09-05,167.06,168.26,164.87,167.02,2037
2022-09-06,167.06,167.35,162.29,162.29,8099
2022-09-07,164.58,166.59,162.77,164.2,9542
2022-09-08,164.68,167.02,163.25,166.97,5938
2022-09-11,168.02,168.02,165.16,165.63,1264
2022-09-12,163.72,166.01,162.48,164.44,1623
2022-09-13,164.44,166.11,162.82,164.68,1976
2022-09-14,166.11,168.97,164.2,168.97,6542
2022-09-15,170.88,170.88,160.48,162.29,15517
2022-09-16,162.29,162.29,159.43,162.29,2329
2022-09-18,160.38,160.38,155.61,158.47,6398
2022-09-20,159.9,159.9,149.4,149.4,12361
2022-09-21,148.45,153.22,148.45,149.4,6396
2022-09-22,150.84,152.98,150.36,151.6,3033
2022-09-25,150.36,152.27,148.02,148.02,5397
2022-09-27,148.45,150.36,148.21,150.36,2510
2022-09-28,151.79,151.79,147.97,148.45,3047
2022-09-29,150.41,150.41,147.97,148.21,2922
2022-10-09,150.21,151.79,149.88,151.79,3072
2022-10-10,151.79,152.41,149.4,149.88,3056
2022-10-11,148.93,150.74,148.02,149.36,1536
2022-10-12,147.73,151.22,147.02,150.36,1705
2022-10-13,150.36,152.27,149.4,151.55,1678
2022-10-16,152.74,152.74,148.45,149.4,1935
2022-10-17,149.4,150.84,148.45,148.93,3427
2022-10-19,150.36,150.36,144.34,145.58,4477
2022-10-20,144.63,145.58,144.63,145.11,2033
2022-10-23,146.06,146.06,143.68,145.11,3580
2022-10-31,145.11,147.02,143.68,147.02,2992
2022-11-01,145.58,150.93,145.58,150.36,6430
2022-11-02,149.4,152.6,148.45,151.07,3135
2022-11-03,153.13,153.13,149.31,151.31,1147
2022-11-06,149.88,154.84,148.93,154.42,2314
2022-11-07,153.7,160.38,152.08,152.12,9089
2022-11-08,150.12,152.17,148.93,150.36,4372
2022-11-09,150.36,152.22,146.06,147.49,6137
2022-11-10,147.49,148.93,145.58,145.58,3788
2022-11-13,143.68,147.92,143.68,145.54,3518
2022-11-14,144.15,150.36,144.15,147.35,4682
2022-11-15,149.31,151.31,146.54,147.97,5823
2022-11-16,149.88,151.74,147.88,147.97,1585
2022-11-17,148.93,152.27,148.59,151.46,10358
2022-11-22,152.74,154.89,148.16,151.41,5762
2022-11-23,149.83,150.6,149.4,149.5,810
2022-11-24,150.84,150.84,149.4,149.83,970
2022-11-27,151.31,151.74,149.4,150.84,6486
2022-11-28,152.27,152.27,148.78,148.93,6060
2022-11-29,148.93,150.84,148.88,148.88,3478
2022-11-30,148.45,152.27,148.45,150.93,3098
2022-12-01,152.27,152.27,149.88,149.88,889
2022-12-04,148.93,150.36,147.97,149.88,6142
2022-12-05,149.88,150.79,147.88,147.88,3007
2022-12-06,147.97,147.97,143.2,145.58,22484
2022-12-07,144.68,146.44,143.68,145.06,15060
2022-12-11,143.68,144.2,142.24,142.67,13793
2022-12-12,143.2,145.11,142.24,145.06,21048
2022-12-13,143.2,145.58,143.2,143.2,8153
2022-12-14,142.24,145.06,141.77,143.68,10121
2022-12-15,142.24,143.2,141.77,142.05,11915
2022-12-18,142.24,142.72,139.86,139.86,16052
2022-12-19,141.67,141.67,139.47,140.76,7316
2022-12-20,141.77,141.77,138.95,140.76,23738
2022-12-21,141.77,141.96,139.38,139.43,7614
2022-12-22,138.9,140.67,138.57,139.38,11157
2022-12-26,140.72,144.63,140.33,144.15,26893
2022-12-27,145.58,152.74,145.58,151.22,64124
2022-12-28,152.27,152.27,147.02,147.97,35202
2022-12-29,148.45,153.37,147.97,152.74,49719
2023-01-01,153.89,159.43,150.84,156.09,53966
2023-01-02,154.13,156.56,153.75,156.56,24685
2023-01-03,157.52,158.95,154.65,155.42,32840
2023-01-04,157.57,161.81,155.7,161.34,34727
2023-01-05,162.29,164.3,158.66,162.82,65827
2023-01-08,163.25,171.36,159.9,166.11,82571
2023-01-09,168.45,177.95,166.59,177.95,104166
2023-01-10,180.43,190.93,175.18,184.2,184687
2023-01-12,186.92,189.5,174.22,178.52,114125
2023-01-17,179.0,184.96,173.75,184.25,75954
2023-01-18,186.97,190.84,181.86,184.25,72197
2023-01-19,181.86,185.49,179.47,181.86,34654
2023-01-23,184.25,184.25,176.13,176.52,50269
2023-01-24,174.22,179.95,170.88,176.13,45020
2023-01-25,178.04,183.25,173.79,180.91,58064
2023-01-26,181.38,184.73,178.52,180.91,46414
2023-01-29,183.29,183.29,176.66,180.86,39512
2023-01-30,178.38,180.91,171.84,173.27,42237
2023-01-31,170.84,175.18,169.45,171.36,41709
2023-02-01,168.97,173.27,168.97,171.84,29551
2023-02-02,171.84,173.32,165.63,167.06,45732
2023-02-05,168.97,171.12,167.06,169.02,34808
2023-02-06,168.97,171.26,167.11,170.88,20731
2023-02-07,172.84,183.2,172.32,183.2,66252
2023-02-08,185.87,188.07,180.91,181.38,103029
2023-02-09,181.38,183.77,179.47,183.77,62738
2023-02-12,183.77,183.77,174.84,175.42,76590
2023-02-14,177.9,177.95,174.27,175.23,37916
2023-02-15,177.52,178.52,174.7,174.99,31651
2023-02-16,173.75,176.61,171.5,172.32,40266
2023-02-20,169.93,172.79,168.5,170.88,27559
2023-02-22,168.5,180.43,168.5,180.43,41636
2023-02-23,180.43,180.43,173.75,174.7,40981
2023-02-26,172.17,177.09,167.54,175.66,67128
2023-02-27,177.57,177.57,169.93,175.56,35738
2023-02-28,176.85,177.57,173.75,174.22,27976
2023-03-01,172.32,176.28,172.32,174.22,7012
2023-03-02,176.28,176.28,170.41,170.69,19087
2023-03-05,172.65,172.65,168.02,169.16,14136
2023-03-07,167.54,173.75,167.54,171.36,15563
2023-03-09,172.79,177.52,172.79,177.09,37036
2023-03-12,178.9,179.24,173.75,175.66,25183
2023-03-13,173.32,175.66,172.08,173.75,8602
2023-03-14,172.32,174.8,172.32,173.27,4029
2023-03-15,171.93,173.75,170.98,171.84,12869
2023-03-16,169.5,173.7,169.5,171.65,15573
2023-03-19,173.27,174.22,170.88,173.27,20032
2023-03-20,171.84,177.57,171.84,177.09,18306
2023-03-22,178.04,178.04,173.32,173.75,16279
2023-03-23,173.27,175.37,171.6,173.27,24745
2023-03-26,173.27,175.13,170.41,173.75,21068
2023-03-27,173.27,176.23,171.41,176.18,19345
2023-03-28,178.0,178.04,174.75,176.13,13759
2023-03-29,175.18,176.61,174.7,174.7,3624
2023-03-30,177.09,177.09,171.84,173.27,10425
2023-04-02,173.27,175.8,170.88,172.51,14428
2023-04-03,172.79,172.79,169.93,169.93,8636
2023-04-04,169.45,174.32,168.02,169.93,5390
2023-04-05,169.93,170.88,168.5,170.41,6570
2023-04-06,170.98,170.98,168.5,169.45,8382
2023-04-09,168.02,169.93,164.68,167.06,12832
2023-04-10,168.97,169.36,166.59,168.02,9513
2023-04-11,168.54,170.12,166.59,168.97,10378
2023-04-12,170.64,176.61,170.64,175.75,31134
2023-04-13,178.04,178.52,170.88,172.27,18573
2023-04-16,172.27,173.75,170.79,170.79,11269
2023-04-17,172.79,172.79,168.5,169.93,4444
2023-04-18,169.93,171.36,168.11,170.41,6866
2023-04-19,169.93,172.32,168.5,169.45,8606
2023-04-20,171.12,171.79,167.59,168.02,8580
2023-04-23,168.5,169.45,166.11,166.16,10692
2023-04-24,167.06,169.93,166.11,166.59,6015
2023-04-25,168.5,173.32,166.83,168.5,15505
2023-04-26,170.84,173.22,167.06,167.06,7948
2023-04-27,167.06,168.74,166.11,166.11,8689
2023-04-30,166.11,167.06,164.68,165.35,5951
2023-05-02,166.11,168.02,162.77,165.63,4127
2023-05-03,163.39,164.68,162.05,162.29,7722
2023-05-04,162.29,166.11,161.86,165.16,6466
2023-05-07,165.16,165.16,160.38,161.34,7255
2023-05-08,161.34,161.34,155.13,158.95,10275
2023-05-09,157.04,163.39,157.04,161.34,10040
2023-05-10,159.9,162.15,157.71,159.09,7029
2023-05-11,157.04,159.86,157.04,159.43,6580
2023-05-14,160.81,160.86,155.66,157.52,6344
2023-05-15,155.66,158.95,154.42,158.81,16763
2023-05-16,156.8,159.9,156.66,158.47,2865
2023-05-17,159.9,160.67,158.0,159.43,12242
2023-05-18,159.43,166.11,159.43,161.34,28502
2023-05-21,162.77,166.11,162.29,162.77,21477
2023-05-22,160.86,164.2,160.62,162.29,7036
2023-05-23,163.72,167.3,163.68,165.63,18509
2023-05-24,167.06,168.5,163.77,166.54,12646
2023-05-28,168.5,170.41,165.16,166.59,28762
2023-05-30,168.5,168.5,162.53,163.72,22016
2023-05-31,163.72,163.72,158.95,160.38,14565
2023-06-01,162.63,162.63,154.13,161.77,11947
2023-06-04,164.01,166.35,161.81,165.63,12767
2023-06-05,167.06,167.54,160.86,160.86,19636
2023-06-06,162.29,166.11,161.81,166.11,10560
2023-06-07,168.02,169.74,164.77,167.02,21016
2023-06-08,169.36,171.74,164.68,166.59,32094
2023-06-11,167.06,171.36,166.21,169.98,28887
2023-06-12,171.36,176.61,168.5,176.13,82910
2023-06-13,176.09,182.34,174.22,179.47,80021
2023-06-14,181.81,181.86,174.08,177.09,45214
2023-06-15,174.56,178.0,174.56,177.57,19950
2023-06-18,174.99,180.43,174.99,178.04,47610
2023-06-19,176.13,184.25,174.7,181.38,82346
2023-06-20,179.05,180.91,174.22,175.56,41817
2023-06-21,178.09,178.09,169.45,170.41,37890
2023-06-22,168.02,174.22,165.68,170.41,28742
2023-06-25,170.41,177.09,167.06,172.32,55796
2023-06-26,174.8,176.61,170.45,172.79,29143
2023-06-27,175.18,175.18,169.45,173.22,43664
2023-06-28,175.7,178.23,171.84,173.27,66908
2023-07-02,175.66,175.66,166.11,168.02,35909
2023-07-03,165.63,170.31,164.2,166.35,16152
2023-07-04,166.35,168.5,163.25,166.11,16844
2023-07-05,164.68,165.16,160.86,161.34,24810
2023-07-06,159.47,164.68,159.43,161.34,23759
2023-07-09,163.25,164.68,160.86,161.77,11871
2023-07-10,164.01,164.68,160.38,161.34,22081
2023-07-11,163.2,163.2,159.09,159.24,10367
2023-07-12,159.33,167.02,159.33,166.11,20231
2023-07-13,168.45,171.84,164.68,164.68,41470
2023-07-16,166.97,168.69,164.68,166.59,17024
2023-07-17,168.93,171.31,165.63,166.63,14991
2023-07-18,166.63,168.97,166.63,167.06,9642
2023-07-19,167.06,171.84,165.63,166.11,9507
2023-07-20,168.02,171.36,166.11,169.83,32288
2023-07-23,169.21,172.27,168.5,171.36,18910
2023-07-24,173.27,173.27,167.54,168.97,20139
2023-07-25,168.02,169.45,165.25,169.4,19785
2023-07-26,167.02,172.79,166.59,172.79,19427
2023-07-27,172.79,172.79,166.11,167.54,14815
2023-07-30,165.16,167.64,162.86,163.25,8115
2023-07-31,165.54,171.17,162.82,163.25,9029
2023-08-01,164.68,165.54,161.81,162.72,6517
2023-08-02,163.72,163.72,159.9,162.77,5799
2023-08-03,164.15,164.15,159.9,161.34,7183
2023-08-06,159.95,161.81,157.09,157.9,4966
2023-08-07,157.33,159.43,155.13,157.52,11843
2023-08-08,157.52,157.52,152.74,154.65,13254
2023-08-09,152.74,156.09,151.6,156.09,13089
2023-08-10,155.61,156.56,155.18,155.61,1747
2023-08-13,157.04,157.76,153.46,157.28,7525
2023-08-14,157.04,157.52,152.74,155.61,3903
2023-08-15,153.7,155.13,151.79,153.46,11239
2023-08-16,151.41,152.27,148.93,151.79,10344
2023-08-17,153.22,153.22,149.93,151.55,4119
2023-08-20,151.55,151.55,147.02,149.4,5010
2023-08-21,147.4,150.84,144.63,146.54,7633
2023-08-22,146.54,148.93,144.68,148.93,8376
2023-08-23,148.93,151.79,148.93,151.79,4008
2023-08-24,152.74,152.74,149.4,149.88,10327
2023-08-27,150.84,151.89,146.06,148.88,6409
2023-08-28,149.88,151.79,147.97,149.88,3457
2023-08-29,151.31,151.31,148.45,148.88,1853
2023-08-30,148.88,150.36,147.49,148.21,2604
2023-09-03,149.4,149.4,144.63,144.63,5759
2023-09-04,143.2,150.93,143.2,147.88,7971
2023-09-05,146.01,147.49,145.44,147.02,4771
2023-09-07,147.02,148.4,141.77,145.01,6800
2023-09-10,144.3,154.42,144.3,147.4,18304
2023-09-11,148.45,157.04,147.02,155.61,12885
2023-09-12,154.18,154.65,151.31,152.74,3778
2023-09-13,151.31,163.25,150.84,163.25,27831
2023-09-17,161.34,166.49,155.13,156.56,22061
2023-09-18,156.56,160.91,154.42,160.91,8628
2023-09-19,163.15,169.93,159.0,169.45,19248
2023-09-21,171.84,172.79,164.68,167.4,61659
2023-09-24,169.4,169.4,160.24,161.81,30979
2023-09-25,159.67,164.58,156.09,159.38,35719
2023-09-26,161.58,165.58,160.86,164.2,36947
2023-09-27,166.11,166.49,159.9,162.24,8271
2023-10-01,160.05,162.05,155.13,157.52,16721
2023-10-02,156.09,159.9,155.61,159.43,9329
2023-10-03,159.43,160.24,155.13,156.99,5631
2023-10-04,157.52,159.67,156.09,156.09,9354
2023-10-05,155.61,161.29,155.61,156.23,12706
2023-10-08,156.09,156.37,151.12,152.74,18854
2023-10-09,151.36,155.61,151.36,152.27,7957
2023-10-10,150.36,156.42,149.88,150.36,9366
2023-10-11,152.22,154.46,150.74,152.12,10022
2023-10-12,153.7,153.7,149.4,150.36,6846
2023-10-16,150.36,150.84,147.49,148.93,6228
2023-10-17,149.4,151.41,149.4,149.4,3622
2023-10-18,150.69,152.74,150.69,152.27,10162
2023-10-19,153.7,153.7,146.59,152.12,1364
2023-10-29,150.84,151.65,148.31,148.4,5416
2023-10-30,148.45,150.84,148.45,150.36,3506
2023-10-31,150.36,150.36,148.02,148.93,1748
2023-11-01,150.31,150.93,148.93,149.4,3148
2023-11-02,147.73,149.4,146.06,146.06,9967
2023-11-05,146.06,147.49,144.39,146.06,3685
2023-11-06,146.06,147.49,146.06,146.4,7984
2023-11-07,147.06,148.35,144.44,144.63,6990
2023-11-08,144.15,145.54,141.62,145.54,17920
2023-11-09,144.87,145.58,141.81,143.68,6140
2023-11-20,143.2,143.44,142.0,142.72,2978
2023-11-21,142.48,142.48,140.33,140.81,6055
2023-11-22,138.95,142.72,138.95,142.72,7581
2023-11-23,140.86,144.58,139.95,143.68,4160
2023-11-26,141.77,147.3,141.77,147.3,11406
2023-11-27,149.26,149.26,145.63,147.49,10134
2023-11-28,145.54,148.93,145.54,146.06,9367
2023-11-29,146.06,148.02,144.73,147.35,5391
2023-11-30,149.31,149.31,143.2,143.2,5831
2023-12-03,143.72,148.5,143.2,147.92,8733
2023-12-04,149.88,149.88,144.3,149.26,8711
2023-12-05,151.26,151.26,147.88,149.4,24359
2023-12-06,151.31,151.31,146.54,147.92,1576
2023-12-07,149.88,153.94,145.92,149.88,4356
2023-12-10,150.36,156.56,150.36,156.56,2970
2023-12-11,158.71,160.91,152.74,155.61,23945
2023-12-12,154.65,160.62,148.93,160.62,30970
2023-12-13,162.86,162.86,156.61,159.43,16359
2023-12-14,161.62,161.62,156.09,156.09,8414
2023-12-17,154.18,163.58,154.18,163.25,53851
2023-12-18,165.16,174.8,161.96,171.84,49505
2023-12-19,170.41,170.41,161.34,169.93,68416
2023-12-20,168.02,168.5,164.25,166.59,39517
2023-12-21,168.02,168.02,162.29,164.53,49404
2023-12-24,166.59,166.83,157.28,159.9,111727
2023-12-27,160.38,164.15,156.8,159.43,23080
2023-12-28,161.62,161.62,156.09,157.28,13192
2024-01-01,159.43,161.34,153.94,155.61,24801
2024-01-02,155.61,155.61,150.93,150.93,26437
2024-01-03,152.98,154.65,148.93,154.13,27695
2024-01-04,154.18,159.43,154.18,157.95,42801
2024-01-07,160.14,163.58,154.89,159.52,66934
2024-01-08,160.38,170.41,155.99,167.06,96482
2024-01-09,164.68,168.45,160.05,162.15,148265
2024-01-10,161.38,164.58,161.34,161.81,37423
2024-01-11,163.2,166.59,162.77,164.92,74315
2024-01-14,167.26,171.84,167.06,169.88,85360
2024-01-16,171.84,176.75,168.5,176.61,109146
2024-01-17,178.52,180.67,167.21,167.54,90684
2024-01-18,165.63,176.09,163.29,174.22,87183
2024-01-21,176.61,178.47,169.36,174.22,197185
2024-01-22,171.84,175.08,166.11,169.4,124135
2024-01-23,171.79,173.75,167.54,169.45,30618
2024-01-24,167.02,172.79,164.68,166.97,59824
2024-01-25,164.63,169.45,164.63,166.54,52859
2024-01-28,168.5,171.84,167.06,171.36,65267
2024-01-29,173.75,177.09,171.36,177.09,118221
2024-01-30,178.04,185.68,174.75,185.2,236474
2024-01-31,183.77,190.45,179.71,180.91,288973
2024-02-01,182.82,182.82,175.94,179.95,138443
2024-02-04,180.43,181.38,176.61,180.33,57696
2024-02-05,182.96,184.25,178.14,181.1,66697
2024-02-06,183.29,183.29,177.57,178.52,38670
2024-02-07,175.94,181.86,175.94,179.95,128063
2024-02-08,177.33,183.25,177.33,178.04,58061
2024-02-11,177.09,180.43,177.09,177.28,50326
2024-02-12,177.57,179.86,175.89,178.52,43910
2024-02-13,178.52,184.25,175.66,177.57,95124
2024-02-14,178.76,178.85,175.7,178.04,33776
2024-02-15,180.62,180.62,175.66,178.47,55391
2024-02-18,177.57,180.1,174.22,174.7,47998
2024-02-20,176.61,176.61,173.79,174.22,48758
2024-02-21,172.89,175.8,171.84,172.27,28456
2024-02-22,174.7,174.7,168.5,168.54,28592
2024-02-25,169.45,175.66,167.21,170.41,39517
2024-02-26,172.32,172.32,168.07,171.26,8918
2024-02-27,173.7,173.7,168.16,168.97,9206
2024-02-28,167.06,170.41,166.68,168.93,14624
2024-02-29,167.16,168.5,163.77,165.39,19948
2024-03-03,163.15,166.11,163.15,163.39,14344
2024-03-04,165.68,174.7,165.68,174.7,5000
2024-03-05,174.7,174.7,165.63,166.11,67523
2024-03-06,164.44,169.5,163.39,167.54,63783
2024-03-07,169.45,169.93,166.87,168.88,38462
2024-03-10,169.88,170.79,167.11,168.4,26471
2024-03-12,169.45,170.41,167.11,169.93,51235
2024-03-13,169.45,170.88,164.68,168.02,88782
2024-03-14,168.5,170.21,167.11,167.54,28523
2024-03-17,167.3,169.21,165.16,165.63,29171
2024-03-18,167.06,167.06,164.68,165.92,18296
2024-03-19,167.54,167.78,165.16,165.2,31347
2024-03-20,166.59,168.93,163.77,164.68,26116
2024-03-21,166.11,166.11,162.34,163.25,15789
2024-03-25,164.68,164.68,160.91,162.24,9574
2024-03-26,161.81,165.63,161.34,163.77,18422
2024-03-27,165.54,165.54,161.15,161.29,38685
2024-03-28,162.77,164.68,160.95,164.2,21517
2024-03-31,165.16,166.06,162.77,165.39,28949
2024-04-01,163.72,166.35,163.72,163.72,18023
2024-04-02,165.49,165.49,161.81,163.48,6517
2024-04-03,163.82,165.2,161.81,162.77,18098
2024-04-04,160.86,164.15,158.95,160.76,24367
2024-04-07,160.38,162.29,159.95,161.34,15077
2024-04-09,163.25,163.77,160.43,161.34,22899
2024-04-10,163.01,164.2,161.81,161.81,18904
2024-04-14,163.72,164.63,159.95,162.82,11456
2024-04-15,161.86,166.01,161.81,162.34,16526
2024-04-16,162.34,162.77,160.38,160.53,11282
2024-04-18,158.28,160.38,157.52,158.0,7399
2024-04-21,157.52,162.24,157.52,162.2,16345
2024-04-22,160.24,161.77,158.71,159.43,5725
2024-04-24,158.0,161.62,158.0,158.95,6457
2024-04-25,158.95,160.38,155.8,158.9,24977
2024-04-28,160.38,160.38,156.9,158.71,13874
2024-04-29,157.66,158.52,156.56,157.52,9804
2024-04-30,156.56,161.81,156.09,160.38,26570
2024-05-02,158.76,161.34,157.52,158.23,15284
2024-05-05,157.61,158.23,155.47,155.51,18727
2024-05-06,154.65,156.09,152.74,155.08,16270
2024-05-07,153.75,157.04,153.7,153.79,14540
2024-05-08,152.89,153.7,150.36,150.5,32010
2024-05-09,150.5,153.65,148.45,152.74,21353
2024-05-12,151.84,153.89,151.46,152.27,13130
2024-05-13,152.74,155.61,152.27,155.61,11054
2024-05-14,154.18,162.2,153.46,160.14,19294
2024-05-15,161.77,161.81,156.56,158.42,14826
2024-05-16,156.61,159.9,155.66,159.9,23565
2024-05-19,160.38,163.72,158.19,160.38,16217
2024-05-20,161.81,163.72,158.33,159.9,24219
2024-05-21,158.47,165.63,158.0,163.25,28759
2024-05-22,161.05,164.96,161.05,162.77,13641
2024-05-26,164.49,164.49,159.9,161.34,8723
2024-05-27,159.24,163.01,159.24,160.38,4658
2024-05-29,162.63,165.63,158.09,158.09,7025
2024-05-30,158.47,166.01,158.0,161.81,38164
2024-06-02,161.43,165.63,161.43,162.77,58937
2024-06-03,164.49,165.06,161.38,162.05,20326
2024-06-04,162.29,163.25,158.47,160.86,13261
2024-06-05,162.53,162.53,158.47,159.9,11680
2024-06-06,157.71,161.58,157.66,159.9,5783
2024-06-09,157.66,164.39,157.66,162.29,23311
2024-06-10,164.49,169.88,158.0,166.59,77506
2024-06-11,168.02,178.47,167.54,178.47,225159
2024-06-12,181.05,191.5,181.05,182.86,298525
2024-06-13,185.54,196.23,183.15,194.27,399806
2024-06-16,197.14,200.0,190.45,194.27,344002
2024-06-18,194.27,200.0,193.32,194.75,362124
2024-06-19,195.66,200.0,193.32,194.75,142553
2024-06-20,191.84,198.57,191.84,195.47,183675
2024-06-23,194.75,195.7,189.12,192.36,130867
2024-06-24,192.36,195.23,189.59,189.98,145831
2024-06-25,192.36,195.37,191.03,193.03,97897
2024-06-26,195.89,195.89,190.07,190.93,49606
2024-06-27,192.36,195.66,189.98,194.7,103406
2024-06-30,195.23,197.57,191.93,191.98,61824
2024-07-01,193.32,194.84,191.41,192.12,49502
2024-07-02,194.99,204.77,192.51,192.89,90540
2024-07-03,190.93,193.79,189.02,190.93,66415
2024-07-04,189.16,193.32,187.59,189.45,83635
2024-07-07,189.45,193.32,186.63,190.41,112111
2024-07-08,190.69,192.36,188.54,188.54,49261
2024-07-09,189.5,190.45,186.16,187.59,52707
2024-07-10,189.64,191.07,187.11,190.93,69743
2024-07-11,191.89,193.75,189.5,190.45,56344
2024-07-14,193.27,198.57,190.45,192.84,52399
2024-07-15,194.22,194.22,189.02,189.02,58670
2024-07-16,191.69,203.15,191.69,203.15,229723
2024-07-17,206.25,216.23,206.25,211.5,457746
2024-07-18,213.84,224.87,205.25,212.27,180714
2024-07-21,209.07,210.98,206.21,208.07,175896
2024-07-22,211.22,212.27,203.87,206.68,156230
2024-07-23,205.25,218.62,205.25,214.75,336336
2024-07-24,214.8,226.73,211.93,216.71,204749
2024-07-25,220.0,224.3,213.6,221.0,183825
2024-07-28,224.44,227.21,216.71,218.9,141608
2024-07-29,215.51,226.25,215.27,220.05,260281
2024-07-30,219.57,237.28,219.57,237.28,515725
2024-07-31,241.05,249.16,237.18,237.23,170054
2024-08-01,233.89,236.99,230.07,231.98,239391
2024-08-05,231.98,246.25,225.49,237.23,267304
2024-08-06,238.66,241.24,221.48,223.87,167639
2024-08-07,224.82,231.03,221.0,227.68,102551
2024-08-08,230.55,238.66,228.78,231.5,200466
2024-08-11,235.18,238.66,229.26,235.32,127489
2024-08-12,235.32,238.66,231.03,233.89,184407
2024-08-13,230.17,238.19,229.12,231.98,184823
2024-08-14,234.84,242.48,228.16,234.84,228957
2024-08-15,234.84,253.56,234.32,244.39,280942
2024-08-18,243.44,247.73,234.84,236.28,149166
2024-08-21,236.28,247.73,232.98,232.98,67370
2024-08-22,231.55,237.66,231.5,232.94,126774
2024-08-25,232.94,236.23,225.3,229.12,115333
2024-08-27,225.82,231.26,214.8,215.75,102228
2024-08-28,217.66,229.12,217.66,219.57,90786
2024-08-29,222.91,229.59,218.62,222.53,74219
2024-09-01,222.58,229.12,217.18,219.09,50475
2024-09-02,219.09,227.68,218.33,226.83,52423
2024-09-03,230.41,230.41,224.34,224.34,67787
2024-09-04,221.0,226.73,217.18,218.14,48534
2024-09-05,217.18,220.62,214.27,217.66,47846
2024-09-08,218.19,221.0,213.89,214.8,25748
2024-09-09,214.8,216.71,210.5,210.98,28258
2024-09-10,213.27,219.57,211.03,211.46,50946
2024-09-11,214.7,214.7,206.83,209.07,28024
2024-09-12,208.11,215.27,208.11,215.27,34018
2024-09-15,215.27,219.57,210.02,212.41,33170
2024-09-16,212.41,219.05,207.64,208.11,37267
2024-09-18,207.64,213.37,205.35,208.5,17840
2024-09-22,211.69,214.7,207.64,209.07,20053
2024-09-23,207.11,213.27,201.43,205.2,38513
2024-09-24,202.1,212.74,200.48,200.91,38583
2024-09-25,202.86,205.97,196.13,203.82,28468
2024-09-26,205.25,216.23,202.39,203.58,31968
2024-09-29,200.48,204.01,196.75,201.43,12012
2024-09-30,204.3,204.3,200.57,202.86,12006
2024-10-01,205.73,218.38,204.82,215.27,64081
2024-10-02,217.66,227.88,210.5,214.8,36582
2024-10-06,214.8,226.73,213.84,218.62,14190
2024-10-07,218.62,224.34,217.18,218.14,17271
2024-10-08,221.53,228.5,215.27,216.71,14513
2024-10-09,219.57,220.05,215.75,217.66,12345
2024-10-15,220.05,220.05,214.32,218.0,5580
2024-10-16,218.0,224.92,215.99,221.05,21157
2024-10-17,217.76,231.46,217.71,221.96,34473
2024-10-20,221.96,232.94,217.71,219.09,31776
2024-10-21,221.48,231.26,219.57,223.39,146784
2024-10-22,224.34,238.62,223.87,231.55,99757
2024-10-23,234.84,238.57,227.88,228.64,42748
2024-10-24,231.98,238.9,225.3,229.98,88467
2024-10-27,230.07,237.71,228.21,235.8,90934
2024-10-28,232.94,242.48,231.5,238.57,395284
2024-10-29,242.0,242.48,233.94,238.62,64519
2024-10-30,241.96,241.96,233.13,233.17,62105
2024-11-05,231.5,238.19,230.36,233.41,132959
2024-11-06,237.04,237.71,231.98,234.84,23404
2024-11-10,234.84,238.66,234.84,237.66,141978
2024-11-11,241.0,244.34,237.42,238.19,84112
2024-11-12,236.99,243.39,235.32,236.28,46928
2024-11-13,240.05,247.26,236.75,241.05,88280
2024-11-14,241.05,253.94,238.66,247.59,234744
2024-11-17,251.55,262.53,250.6,255.85,289892
2024-11-19,258.57,260.0,246.35,249.64,154821
2024-11-20,252.98,259.9,246.78,254.42,110473
2024-11-21,257.76,258.23,248.21,249.16,67692
2024-11-24,251.07,254.89,245.87,247.16,72152
2024-11-25,248.21,251.07,246.3,248.21,52981
2024-11-26,252.03,254.42,247.26,252.98,84002
2024-11-27,256.32,259.52,252.98,256.8,139861
2024-11-28,258.66,258.66,251.07,251.17,67545
2024-12-01,247.26,255.37,245.82,254.89,92869
2024-12-02,254.89,272.08,251.6,264.44,196903
2024-12-03,268.74,273.03,264.44,265.87,85363
2024-12-04,266.35,269.21,261.53,261.58,93116
2024-12-05,263.48,263.96,255.47,257.28,103154
2024-12-08,255.23,258.71,251.55,252.51,76732
2024-12-09,252.98,258.71,252.22,257.28,61045
2024-12-10,259.62,259.62,253.46,253.6,28562
2024-12-11,253.65,257.66,253.56,257.66,43970
2024-12-12,257.76,260.0,251.69,252.51,68461
2024-12-16,252.51,252.51,243.91,243.91,107807
2024-12-17,243.44,248.21,241.53,245.82,49519
2024-12-18,248.21,248.21,244.39,246.3,21047
2024-12-19,243.1,246.78,241.1,241.72,26914
2024-12-22,242.0,245.58,237.23,241.0,96113
2024-12-23,244.82,244.82,238.19,241.53,54335
2024-12-24,243.39,244.34,238.66,243.91,147508
2024-12-26,240.1,245.68,240.1,241.29,29406
2024-12-29,238.66,241.05,234.03,234.03,51003
2024-12-31,233.89,235.8,226.73,231.98,47781
2025-01-01,234.37,235.51,231.55,235.32,34264
2025-01-02,236.28,241.05,234.03,241.05,28333
2025-01-05,244.92,244.92,240.14,241.1,49585
2025-01-06,244.82,246.25,241.58,246.25,63572
2025-01-07,247.73,248.21,243.44,245.78,45337
2025-01-08,248.78,248.78,242.48,246.78,74048
2025-01-09,246.3,249.16,244.92,247.73,78354
2025-01-12,248.26,249.16,246.3,246.78,34715
2025-01-13,250.69,250.69,245.35,245.35,35586
2025-01-15,244.39,248.74,244.39,247.68,32243
2025-01-16,250.02,255.37,248.07,254.42,112102
2025-01-19,258.52,264.44,254.51,262.0,151807
2025-01-20,265.39,266.35,258.71,259.9,108498
2025-01-21,260.14,262.53,253.99,254.89,107558
2025-01-22,251.55,262.53,251.55,260.62,201953
2025-01-23,264.87,264.87,258.81,260.14,84893
2025-01-26,258.23,272.55,258.23,269.69,211799
2025-01-27,272.94,276.32,265.25,265.87,240606
2025-01-28,270.17,270.64,262.53,267.92,319781
2025-02-02,272.32,273.99,266.35,266.83,140335
2025-02-03,266.83,284.01,266.83,280.19,634620
2025-02-04,284.25,297.85,284.25,289.26,281196
2025-02-05,294.03,294.03,284.96,288.74,166382
2025-02-06,287.21,289.74,280.43,281.62,377241
2025-02-09,281.67,285.92,274.94,276.37,232915
2025-02-10,276.85,280.19,274.94,276.37,130551
2025-02-11,271.84,283.53,271.84,282.58,139919
2025-02-12,286.87,286.87,279.76,285.82,139686
2025-02-13,290.55,290.55,280.67,281.15,99329
2025-02-16,284.01,284.92,278.33,278.76,101195
2025-02-17,280.67,283.29,275.18,276.13,113458
2025-02-18,271.6,280.67,271.6,274.37,100611
2025-02-20,272.65,273.99,269.69,270.17,85244
2025-02-23,265.73,271.12,262.63,271.12,113172
2025-02-24,266.68,276.56,266.68,271.84,84184
2025-02-25,269.69,276.8,269.69,271.17,42981
2025-02-27,274.46,280.67,270.17,279.71,118167
2025-03-02,281.62,286.3,279.71,282.1,105833
2025-03-03,277.42,285.92,277.14,278.76,93442
2025-03-04,280.67,293.56,277.33,291.69,350900
2025-03-05,292.12,300.24,291.17,298.28,316456
2025-03-06,300.72,303.1,294.7,302.15,214566
2025-03-09,300.72,307.4,299.28,307.4,318008
2025-03-10,307.4,310.26,302.63,305.49,233563
2025-03-11,304.58,310.26,295.37,300.72,261679
2025-03-12,305.78,305.78,295.94,299.28,319765
2025-03-16,300.72,303.53,294.84,295.94,217169
2025-03-17,295.56,297.8,292.6,292.74,85271
2025-03-18,295.47,297.33,292.6,293.17,44326
2025-03-19,288.31,295.94,288.31,290.17,44484
2025-03-20,285.35,291.17,285.35,286.66,95857
2025-03-23,281.91,292.12,281.91,288.05,129509
2025-03-24,285.58,291.17,285.58,289.7,89760
2025-03-25,286.87,289.98,283.05,283.65,102794
2025-03-26,284.49,291.12,280.67,289.7,72931
2025-03-27,286.59,294.51,286.59,293.31,110266
2025-03-30,291.65,299.52,291.17,294.75,141806
2025-04-01,294.03,295.94,288.74,290.11,105487
2025-04-02,288.88,295.94,288.88,291.78,74411
2025-04-03,294.46,298.33,291.26,292.44,116887
2025-04-07,292.41,294.51,288.31,289.0,65513
2025-04-08,289.26,291.84,284.06,290.88,65002
2025-04-09,294.03,294.75,289.45,291.27,70138
2025-04-10,288.78,301.67,288.78,297.2,253511
2025-04-13,292.22,305.01,292.22,303.08,189820
2025-04-15,300.72,315.51,300.72,313.56,295111
2025-04-16,312.65,319.81,312.65,316.27,272845
2025-04-17,321.62,321.62,310.55,313.56,204061
2025-04-20,313.13,315.51,308.93,313.48,259021
2025-04-21,308.21,321.72,308.21,315.21,229878
2025-04-22,309.88,319.81,309.88,315.84,147206
2025-04-23,315.51,317.37,310.26,312.59,88906
2025-04-24,309.36,323.29,309.36,322.65,329367
2025-04-27,328.11,328.11,319.81,323.54,167774
2025-04-28,318.09,328.88,310.74,316.18,168084
2025-04-29,310.88,321.48,310.88,316.17,194394
2025-04-30,313.13,324.53,313.13,322.61,239054
2025-05-04,323.63,326.49,317.18,317.54,90391
2025-05-05,313.6,320.29,310.26,311.13,442880
2025-05-06,305.97,312.55,300.72,308.57,254808
2025-05-07,303.58,311.69,303.58,306.28,85140
2025-05-08,310.26,311.74,301.67,305.93,150080
2025-05-11,301.19,309.74,301.19,306.74,175249
2025-05-13,301.67,312.12,300.72,301.07,54334
2025-05-14,305.49,305.49,296.04,298.42,103433
2025-05-15,297.37,315.04,295.94,305.44,101666
2025-05-18,300.33,310.26,300.33,302.13,112491
2025-05-19,306.44,309.74,301.67,304.71,109982
2025-05-20,299.76,309.79,299.76,305.38,120516
2025-05-21,310.26,319.81,299.95,300.95,304069
2025-05-22,304.53,305.01,293.13,294.1,174507
2025-05-25,298.33,298.33,289.74,292.33,87986
2025-05-26,296.9,301.62,290.26,290.93,55659
2025-05-27,290.98,295.94,288.93,291.45,59476
2025-05-28,295.42,297.76,293.08,295.44,91686
2025-06-02,300.24,300.24,290.26,291.37,107780
2025-06-03,286.59,294.03,281.86,282.81,122344
2025-06-04,283.05,287.35,276.37,277.19,412294
2025-06-05,282.67,304.82,282.67,304.8,437031
2025-06-08,304.53,309.31,294.99,302.12,114441
2025-06-09,308.07,308.07,294.7,295.8,157808
2025-06-10,301.67,301.67,290.21,295.89,137293
2025-06-11,301.77,323.63,294.03,309.11,266879
2025-06-12,310.26,330.31,309.31,320.48,360344
2025-06-15,319.81,352.46,319.81,352.02,405386
2025-06-16,356.09,377.09,341.96,357.79,404153
2025-06-17,357.04,363.72,344.63,350.07,150066
2025-06-18,357.04,374.22,344.63,370.33,271048
2025-06-19,370.5,375.18,351.31,354.89,182248
2025-06-22,355.13,366.59,343.77,346.8,220660
2025-06-23,353.22,367.54,344.25,365.08,155833
2025-06-24,372.32,372.32,351.31,353.74,101960
2025-06-25,360.76,360.76,349.4,352.22,100504
2025-06-26,353.22,387.4,353.22,383.66,711555
2025-06-29,391.22,412.79,388.54,398.81,482013
2025-06-30,391.41,398.0,383.58,393.78,394714
2025-07-01,400.95,430.36,396.18,426.9,499222
2025-07-02,429.59,448.69,417.18,438.68,323119
2025-07-03,429.98,451.55,419.09,425.65,394434
2025-07-06,434.08,434.37,413.37,415.04,332394
2025-07-07,406.78,427.68,402.39,406.56,411469
2025-07-08,414.32,415.27,395.23,406.45,212330
2025-07-09,410.5,438.09,410.5,431.69,330706
2025-07-10,423.87,440.1,420.05,423.39,350012
2025-07-13,431.79,440.1,402.86,406.03,290839
2025-07-14,399.05,410.5,395.23,397.8,239551
2025-07-15,390.45,415.27,390.45,405.46,243869
2025-07-16,413.37,413.37,396.66,399.17,199925
2025-07-17,391.22,429.4,391.22,401.86,285721
2025-07-20,409.55,409.55,392.36,394.34,243151
2025-07-21,394.27,400.0,383.58,386.26,186381
2025-07-22,381.86,397.14,381.86,387.24,186485
2025-07-23,387.59,399.14,382.82,395.1,160793
2025-07-24,401.91,401.91,392.08,393.97,130223
2025-07-27,399.05,400.0,386.63,387.25,183596
2025-07-28,386.63,393.22,381.86,384.85,161779
2025-07-29,389.5,391.31,378.42,379.14,175052
2025-07-30,379.95,390.45,375.27,380.25,202949
2025-07-31,381.86,385.49,370.41,371.73,103878
2025-08-03,365.63,371.17,358.95,360.07,94736
2025-08-04,358.0,366.49,351.31,357.74,100911
2025-08-05,360.86,362.77,344.63,346.09,91324
2025-08-06,346.16,350.36,338.9,340.37,73727
2025-08-07,347.11,374.32,346.54,373.66,252997
2025-08-11,380.91,388.64,362.2,364.41,96404
2025-08-12,371.65,371.65,349.5,354.16,133205
2025-08-13,360.86,372.22,350.93,361.16,94905
2025-08-14,367.54,368.31,355.13,360.69,50776
2025-08-17,361.81,367.83,349.4,350.41,92414
2025-08-18,357.04,362.1,348.16,353.79,61525
2025-08-19,360.86,360.86,349.5,351.13,68083
2025-08-20,348.93,355.8,348.93,352.03,40547
2025-08-21,358.95,358.95,346.54,347.41,45896
2025-08-24,353.03,353.03,337.95,339.45,62759
2025-08-25,342.72,348.54,335.08,341.42,42812
2025-08-26,347.4,347.4,339.0,340.17,26685
2025-08-27,334.13,350.36,334.13,347.57,46788
2025-08-28,353.22,353.22,340.62,341.09,55432
2025-08-31,340.81,343.68,335.08,335.62,41907
2025-09-01,332.22,343.58,330.31,333.4,58359
2025-09-02,336.04,337.95,327.45,327.69,30393
2025-09-03,329.36,329.36,317.9,318.85,36573
2025-09-04,324.58,324.58,313.22,315.67,40126
2025-09-07,313.13,316.75,310.84,312.65,28502
2025-09-08,313.13,313.99,300.72,301.38,58850
2025-09-18,295.37,295.94,284.49,284.49,4220
2025-09-21,278.85,310.26,278.85,306.02,79574
2025-09-23,311.22,320.76,310.26,317.9,50717
2025-09-24,317.9,319.81,311.69,312.17,23042
2025-09-25,306.54,316.95,306.54,309.31,18462
2025-09-28,303.58,326.49,303.58,321.72,29332
2025-10-07,315.99,321.72,307.4,311.69,27398
2025-10-08,317.9,317.9,300.72,301.67,48533
2025-10-09,307.68,320.0,305.49,310.26,51162
2025-10-12,305.49,313.13,295.94,297.85,39644
2025-10-13,295.94,307.4,295.94,303.48,26363
2025-10-14,306.44,307.4,298.81,305.2,17864
2025-10-15,299.28,300.72,296.32,298.81,8508
2025-10-16,293.08,305.49,292.12,292.12,19122
2025-10-19,296.9,296.9,292.12,292.12,13950
2025-10-26,297.85,297.85,284.49,286.4,17239
2025-10-28,291.17,305.58,291.17,305.49,34491
2025-10-29,307.4,311.22,301.58,302.63,27860
2025-10-30,296.9,311.22,296.9,307.4,40045
2025-11-02,309.31,321.72,306.44,317.42,75783
2025-11-03,318.85,334.13,318.85,324.49,78040
2025-11-04,325.44,329.36,315.04,318.85,37069
2025-11-05,325.16,325.16,310.26,316.85,39066
2025-11-06,316.95,322.39,315.13,321.72,30919
2025-11-09,321.72,321.72,313.13,313.13,25099
2025-11-10,310.26,317.42,306.92,313.13,28212
2025-11-11,309.79,316.95,307.4,314.08,31123
2025-11-12,315.04,335.94,315.04,324.58,107121
2025-11-13,330.31,335.37,321.72,329.36,100161
2025-11-16,324.58,324.58,310.84,317.14,394977
2025-11-17,316.95,322.67,312.17,319.05,154456
2025-11-18,322.58,337.47,320.76,332.12,450595
2025-11-19,333.17,355.13,326.4,329.26,781840
2025-11-20,329.36,336.04,317.9,327.45,349895
2025-11-23,333.94,335.08,327.64,332.22,262009
2025-11-24,338.81,338.81,324.58,324.68,281028
2025-11-25,318.19,336.99,318.19,332.41,459880
2025-11-26,327.45,347.49,327.45,342.72,445025
2025-11-27,335.94,348.45,335.08,337.85,378584
2025-11-30,335.0,347.8,333.0,333.9,280407
2025-12-01,333.9,340.0,328.7,337.0,214761
2025-12-02,330.3,343.9,330.3,337.0,241707
2025-12-03,335.0,337.7,329.1,332.0,224072
2025-12-07,328.1,334.0,325.0,327.0,97410
2025-12-08,329.0,340.0,323.5,329.9,187032
2025-12-09,330.0,331.0,323.9,324.2,126144
2025-12-10,330.6,330.6,320.0,321.0,73807
2025-12-11,327.4,327.4,317.0,319.8,102361
2025-12-14,315.0,322.0,314.0,315.0,89532
2025-12-15,308.7,322.0,308.7,318.0,76123
2025-12-16,316.0,325.0,316.0,325.0,84224
2025-12-17,325.0,329.0,320.0,322.9,51579
2025-12-18,327.0,327.0,316.0,316.1,88020
2025-12-21,321.0,321.0,313.1,313.1,59934
2025-12-22,314.0,314.9,310.2,312.0,79267
2025-12-23,311.0,316.0,310.2,314.0,51238
2025-12-24,316.0,320.0,313.0,318.0,76264
2025-12-28,318.0,324.0,315.1,321.0,75737
2025-12-29,324.0,324.0,315.0,318.8,95850
2025-12-31,323.9,323.9,318.0,318.0,62539
2026-01-01,318.0,320.0,313.1,313.9,64522
2026-01-04,314.7,316.0,312.5,313.7,64800
2026-01-05,313.0,318.0,313.0,318.0,69500
2026-01-06,320.9,322.8,318.6,320.8,144180
2026-01-07,327.2,327.2,316.1,319.6,56133
2026-01-08,325.0,325.0,316.0,318.5,82091
2026-01-12,318.5,321.9,316.0,317.0,98589
2026-01-13,315.0,324.0,315.0,321.0,113255
2026-01-14,314.6,329.6,314.6,323.2,120089
2026-01-18,320.0,330.0,320.0,325.0,86031
2026-01-20,331.5,337.0,329.0,331.7,144792
2026-01-21,336.0,336.0,328.3,331.0,129777
2026-01-22,329.7,344.8,329.7,342.0,313975
2026-01-25,335.2,376.2,335.2,375.0,508925
2026-01-26,381.0,385.0,365.0,377.0,539022
2026-01-27,369.5,380.0,362.1,362.1,329126
2026-01-28,363.0,375.0,355.1,369.5,315592
2026-01-29,370.0,380.0,370.0,371.0,393269
2026-02-01,370.2,375.0,359.0,365.0,182981
2026-02-02,362.1,370.0,359.0,363.0,203987
2026-02-03,355.8,383.5,355.8,378.0,601627
2026-02-04,380.0,388.0,378.0,383.0,333505
2026-02-05,383.0,388.0,377.1,379.5,258473
2026-02-08,380.0,385.0,366.0,367.7,264907
2026-02-09,375.0,375.0,358.0,363.9,298000
2026-02-10,363.9,369.8,356.0,358.0,192605
2026-02-11,365.1,368.2,358.0,368.0,138625
2026-02-12,373.9,377.1,364.0,365.2,193036
2026-02-16,365.2,372.0,358.0,359.0,92498
2026-02-17,358.0,362.9,346.0,346.2,159977
2026-02-22,347.0,347.0,335.0,336.0,131875
2026-02-23,339.9,344.7,336.4,338.9,99661
2026-02-24,340.0,344.0,339.0,342.9,59190
2026-02-25,342.0,348.0,341.3,346.0,54797
2026-02-26,352.0,352.0,342.0,345.0,42095
2026-03-01,340.1,347.5,339.0,346.8,81308
2026-03-03,353.7,358.0,342.9,356.0,110562
2026-03-09,363.1,391.6,363.1,389.0,9867
2026-03-10,390.0,390.0,367.9,374.0,392373
2026-03-11,367.0,381.3,367.0,369.0,220773
2026-03-12,367.0,377.3,367.0,375.0,206664
2026-03-15,380.0,380.0,370.0,373.7,146108
2026-03-16,366.4,379.9,366.3,366.5,224006
2026-03-17,365.1,376.3,363.0,376.0,191406
2026-03-19,383.5,401.5,377.2,393.0,580488
2026-03-22,400.0,400.0,383.0,390.0,370739
2026-03-23,392.0,392.0,382.1,389.8,167200
2026-03-24,391.0,395.0,385.0,389.0,148706
2026-03-25,396.7,396.7,380.0,380.0,142096
2026-03-26,380.0,382.9,375.6,381.2,118257
2026-03-29,373.6,385.0,366.0,367.0,187101
2026-03-30,365.0,372.0,360.0,360.8,149191
2026-03-31,358.1,368.0,353.7,360.0,117194
2026-04-01,361.0,362.0,345.0,346.1,145292
2026-04-02,352.0,359.0,340.0,353.0,185301
2026-04-05,346.0,350.0,332.9,334.0,172225
2026-04-06,334.0,360.8,334.0,357.0,178742
2026-04-07,359.9,364.0,350.5,353.0,93867
2026-04-08,354.0,363.5,353.0,360.0,97047
2026-04-09,362.0,377.0,357.1,377.0,186472
2026-04-10,376.9,376.9,366.0,367.8,127441
2026-04-13,375.1,375.1,367.0,369.9,103996
2026-04-15,372.0,377.0,369.9,369.9,107080
2026-04-16,369.9,374.0,358.7,361.8,107213
2026-04-17,360.0,367.0,356.4,361.0,80257
2026-04-20,361.0,361.0,355.0,357.5,33199
2026-04-21,357.5,360.0,348.5,350.0,49973
2026-04-22,349.0,358.0,340.7,349.0,136267
2026-04-23,350.1,353.9,343.0,346.0,26706
2026-04-24,345.0,350.0,339.0,346.0,62666
2026-04-27,346.8,352.0,346.8,347.6,37471
2026-04-28,352.0,352.0,343.0,345.0,44295
2026-04-29,346.0,347.0,340.3,341.5,34851
2026-04-30,341.5,345.0,335.0,340.0,69616
2026-05-04,340.0,345.0,334.1,335.0,51703
2026-05-05,333.5,344.0,330.1,338.0,29737
2026-05-06,341.8,343.8,336.0,338.0,17549
2026-05-07,340.0,340.0,335.6,336.0,18731
2026-05-08,338.0,343.0,337.0,341.9,31872
2026-05-11,342.2,354.0,342.2,351.7,46771
2026-05-12,358.0,358.0,340.0,343.0,63164
2026-05-13,341.0,345.0,338.1,344.9,22078
2026-05-14,342.0,346.6,342.0,346.0,15533
2026-05-15,343.5,347.9,343.5,346.0,24494
2026-05-18,345.0,349.0,344.0,345.3,19952
2026-05-19,345.0,345.5,341.3,344.0,37520
2026-05-20,344.1,350.0,343.0,349.6,34512
2026-05-21,353.9,353.9,346.0,348.0,29335
2026-05-22,345.3,352.0,345.3,351.1,31059
2026-05-25,352.0,359.0,351.0,357.5,38509
2026-05-26,357.2,358.8,350.3,352.1,29521
2026-05-27,353.0,354.8,350.0,352.0,49801
2026-06-01,351.0,354.8,343.0,343.1,33356
2026-06-02,341.0,347.0,340.0,345.0,29470
2026-06-03,345.0,351.2,345.0,348.0,42909
2026-06-04,349.0,349.0,343.3,345.0,17770
2026-06-05,347.8,347.8,340.0,340.0,41713
2026-06-08,338.0,340.0,336.2,339.0,22442
2026-06-09,337.9,344.7,335.2,341.0,36592
2026-06-10,345.0,345.0,340.0,340.0,28899
2026-06-11,342.0,342.0,338.2,340.0,15415
2026-06-12,340.9,345.0,337.9,339.0,23856
2026-06-15,340.0,344.9,336.5,337.0,24208
2026-06-16,336.5,339.9,336.0,336.0,36785
2026-06-17,336.3,340.0,335.0,335.0,32750
2026-06-18,336.9,336.9,333.0,334.0,36220
2026-06-19,335.0,336.2,332.0,333.9,14469
2026-06-22,336.4,338.8,331.9,333.6,19940
2026-06-23,331.0,333.7,327.0,330.0,46750
2026-06-24,330.0,330.0,320.3,329.0,38770
2026-06-25,329.0,330.0,321.1,329.0,15945
2026-06-26,322.0,329.9,322.0,325.0,12410
2026-06-29,322.5,325.0,318.0,319.0,35284
2026-06-30,319.5,320.0,314.0,314.0,20598
2026-07-01,316.0,326.0,316.0,321.0,31213
2026-07-02,323.0,325.0,320.0,322.0,12825
2026-07-03,323.0,324.9,321.5,323.5,12129
2026-07-06,324.0,324.0,318.0,319.0,18658
2026-07-07,322.0,324.9,318.3,322.0,20307
2026-07-08,319.1,319.1,315.1,317.0,22653
2026-07-09,315.2,320.0,312.0,312.0,32332
2026-07-10,310.0,317.5,310.0,314.0,23299
2026-07-13,317.0,317.7,308.0,308.7,31972
2026-07-14,308.0,316.9,307.2,312.0,20668
2026-07-15,318.9,318.9,313.3,316.0,32991
2026-07-16,314.1,319.9,314.1,319.9,18636
2026-07-17,322.0,335.0,317.0,334.1,36444
2026-07-20,330.8,340.0,329.0,338.0,58226
2026-07-21,335.1,340.0,334.0,339.0,33137
2026-07-22,327.0,339.0,327.0,335.0,29119
2026-07-23,331.0,335.0,328.0,335.0,27519
2026-07-24,327.8,340.0,327.8,334.0,24615
2026-07-27,335.0,335.4,324.0,325.0,28368
2026-07-28,323.1,326.5,322.5,324.2,26443
2026-07-29,325.0,333.0,323.0,325.9,14537
2026-07-30,325.0,329.9,323.0,323.1,21015
2026-07-31,321.0,327.0,320.0,323.0,21104
2026-08-03,332.6,332.6,323.7,325.1,16158
2026-08-04,321.0,327.0,320.0,322.9,16510
2026-08-05,322.0,325.0,322.0,324.0,6273
2026-08-06,318.0,326.0,318.0,322.7,28888
2026-08-07,321.1,323.0,319.1,321.2,16558
2026-08-10,318.2,322.9,318.0,318.7,13245
2026-08-11,320.0,323.3,318.2,319.1,14010
2026-08-12,319.1,323.9,317.1,317.5,16723
2026-08-13,318.1,326.0,316.5,323.0,27331
2026-08-14,325.0,326.0,320.0,320.0,15063
2026-08-17,320.0,323.0,316.2,316.2,20750
2026-08-18,320.0,325.6,315.0,317.0,19590
2026-08-19,323.9,323.9,313.0,316.8,16923
2026-08-20,316.0,318.5,312.2,317.0,17115
2026-08-21,320.0,324.0,320.0,320.1,38157
2026-08-24,318.0,321.0,315.0,316.2,31105
2026-08-25,320.0,323.9,316.3,318.0,25425
2026-08-26,315.0,316.9,310.0,310.0,32146
2026-08-27,307.2,316.0,304.0,313.9,32387
2026-08-31,312.0,313.0,306.0,309.0,28623
