timestamp,open,high,low,close,volume
2012-01-01,85.16,89.27,84.59,85.3,2940
2012-01-02,85.3,87.85,85.44,86.44,1110
2012-01-03,86.44,87.85,84.31,87.0,4810
2012-01-04,87.0,87.71,85.02,87.71,5290
2012-01-05,87.71,87.0,85.59,86.86,1180
2012-01-08,86.86,86.58,85.73,86.29,2090
2012-01-09,86.29,86.44,85.73,86.15,1320
2012-01-10,86.15,87.14,86.29,86.44,1700
2012-01-11,86.44,89.55,86.29,86.44,1950
2012-01-12,86.44,86.86,84.74,86.29,1930
2012-01-16,86.29,86.72,84.59,86.29,2020
2012-01-17,86.29,82.04,82.04,82.04,80
2012-01-18,82.04,87.14,83.6,86.44,2950
2012-01-22,86.15,86.58,85.73,86.01,2310
2012-01-23,86.01,88.14,85.87,86.44,3430
2012-01-25,86.44,86.72,85.02,86.72,150
2012-01-26,86.72,87.14,86.44,86.72,2660
2012-01-29,86.72,87.0,84.74,87.0,5440
2012-01-31,87.0,86.72,85.73,86.72,1280
2012-02-01,86.72,86.44,86.01,86.29,2860
2012-02-02,86.29,86.72,85.87,85.87,4880
2012-02-05,85.87,86.44,86.15,86.44,2530
2012-02-06,86.44,86.15,85.02,85.73,1900
2012-02-07,85.73,85.73,85.02,85.02,3180
2012-02-08,85.02,85.02,84.59,84.59,1530
2012-02-09,84.59,84.59,84.17,84.17,2620
2012-02-12,84.17,84.31,83.6,84.31,2210
2012-02-13,84.31,84.31,83.74,83.74,5040
2012-02-14,83.74,84.17,83.46,83.46,2410
2012-02-15,83.46,83.88,83.46,83.6,1980
2012-02-16,83.6,84.88,84.17,84.59,510
2012-02-21,84.59,85.02,83.88,84.31,500
2012-02-23,84.31,84.88,83.88,84.03,1460
2012-02-26,84.03,84.17,83.6,83.6,1700
2012-02-27,83.6,83.74,83.6,83.6,1130
2012-02-28,83.6,84.03,83.6,84.03,1900
2012-02-29,84.03,84.74,84.31,84.45,1140
2012-03-01,84.45,84.74,84.17,84.74,2720
2012-03-04,84.74,85.3,84.17,84.88,3350
2012-03-05,84.88,85.3,84.74,84.88,2390
2012-03-06,84.88,85.02,84.59,84.88,2360
2012-03-11,84.88,85.02,83.6,84.74,6530
2012-03-12,84.74,84.74,83.6,84.59,9890
2012-03-13,84.59,84.74,84.59,84.59,800
2012-03-14,84.59,84.88,84.45,84.59,1890
2012-03-15,84.59,84.74,84.31,84.31,1240
2012-03-18,84.31,84.59,84.17,84.59,2090
2012-03-19,84.59,84.74,84.31,84.45,2410
2012-03-20,84.45,84.45,84.17,84.45,2260
2012-03-21,84.45,85.02,84.17,84.45,1960
2012-03-25,84.45,84.31,84.03,84.17,1800
2012-03-26,84.17,84.31,83.46,83.6,2580
2012-03-27,83.6,83.6,82.18,83.6,1100
2012-03-28,83.6,84.88,82.89,83.18,2390
2012-03-29,83.18,83.46,83.18,83.18,2920
2012-04-01,83.18,83.32,83.18,83.32,820
2012-04-02,83.32,84.88,83.6,84.17,720
2012-04-03,84.17,85.02,82.89,84.45,4140
2012-04-04,84.45,84.74,84.17,84.31,560
2012-04-05,84.31,85.73,84.31,84.31,1460
2012-04-08,84.31,85.02,84.17,84.45,1980
2012-04-09,84.45,85.73,84.45,85.02,4360
2012-04-10,85.02,86.15,83.88,85.87,630
2012-04-11,85.87,90.12,86.15,86.44,5120
2012-04-12,86.44,90.26,86.58,90.26,4100
2012-04-15,90.26,97.49,91.96,97.35,3040
2012-04-16,97.35,99.19,99.19,99.19,10
2012-04-17,99.19,109.11,93.1,96.35,10410
2012-04-18,96.35,105.56,93.24,102.87,6290
2012-04-19,102.87,106.13,102.02,104.15,4230
2012-04-22,104.15,108.97,104.86,108.54,6270
2012-04-24,108.54,117.18,110.67,117.18,590
2012-04-25,117.18,128.8,119.45,128.8,1660
2012-04-26,128.8,134.33,121.86,126.96,16192
2012-04-29,126.96,128.09,122.0,125.83,11728
2012-04-30,125.83,124.69,119.73,120.58,5692
2012-05-02,120.58,118.18,108.54,109.25,4996
2012-05-03,109.25,111.37,111.37,111.37,12
2012-05-07,111.37,118.03,113.5,118.03,126
2012-05-08,118.03,127.67,120.3,127.53,10080
2012-05-09,127.53,127.53,121.29,123.84,9050
2012-05-10,123.84,122.85,117.18,121.43,7862
2012-05-13,121.43,120.16,113.22,115.06,4768
2012-05-14,115.06,112.79,107.83,108.54,7552
2012-05-15,108.54,119.31,110.67,119.31,4918
2012-05-16,119.31,123.99,121.58,123.99,40
2012-05-17,123.99,134.61,121.86,125.54,12500
2012-05-20,125.54,124.84,119.03,123.28,7492
2012-05-21,123.28,126.11,118.88,125.4,6120
2012-05-22,125.4,124.27,117.61,122.71,7062
2012-05-23,122.71,120.3,114.21,115.48,5506
2012-05-24,115.48,121.72,114.07,120.44,6274
2012-05-27,120.44,125.83,121.86,124.84,9076
2012-05-29,124.84,122.43,112.37,112.37,260
2012-05-30,112.37,110.24,101.17,101.17,14732
2012-05-31,101.17,107.69,95.5,104.86,9490
2012-06-03,104.86,116.9,106.84,115.91,14662
2012-06-04,115.91,116.9,108.4,112.37,7772
2012-06-05,112.37,111.94,107.69,110.1,4222
2012-06-06,110.1,110.1,107.83,109.11,3270
2012-06-07,109.11,112.08,107.83,110.52,4402
2012-06-10,110.52,110.1,108.4,109.11,4096
2012-06-11,109.11,113.5,109.39,110.52,686
2012-06-12,110.52,111.8,106.98,110.52,1580
2012-06-13,110.52,112.65,109.11,110.38,3332
2012-06-14,110.38,110.38,108.4,110.38,2602
2012-06-17,110.38,112.37,109.25,110.52,2292
2012-06-18,110.52,112.51,109.11,111.8,2932
2012-06-19,111.8,111.52,110.1,111.52,3212
2012-06-20,111.52,113.36,111.23,111.66,2554
2012-06-21,111.66,114.78,109.82,114.78,4500
2012-06-25,114.78,118.32,113.5,118.03,5504
2012-06-26,118.03,117.75,114.49,117.75,7064
2012-06-27,117.75,119.73,115.48,119.03,6216
2012-06-28,119.03,119.73,114.92,119.45,5440
2012-07-01,119.45,119.31,116.9,117.89,7440
2012-07-02,117.89,120.44,116.33,119.03,3918
2012-07-03,119.03,119.03,114.63,119.03,3798
2012-07-04,119.03,120.73,118.03,119.88,5560
2012-07-05,119.88,121.15,119.59,119.73,12308
2012-07-08,119.73,120.44,118.46,120.44,6982
2012-07-09,120.44,122.99,120.02,122.14,18312
2012-07-10,122.14,126.11,120.73,124.27,15294
2012-07-11,124.27,125.54,124.13,125.4,6534
2012-07-12,125.4,124.69,121.86,123.7,16062
2012-07-15,123.7,128.94,123.56,128.94,7380
2012-07-16,128.94,126.68,119.73,124.84,4481
2012-07-17,124.84,125.12,122.43,124.98,8952
2012-07-18,124.98,128.09,124.13,128.09,8086
2012-07-19,128.09,131.78,124.98,129.79,11222
2012-07-22,129.79,136.6,128.52,136.6,12652
2012-07-23,136.6,141.27,134.9,139.15,10834
2012-07-24,139.15,141.27,135.46,135.46,13712
2012-07-25,135.46,141.7,138.16,139.71,13874
2012-07-26,139.71,141.98,136.03,141.98,5808
2012-07-29,141.98,139.15,136.74,137.45,9978
2012-07-30,137.45,138.86,136.74,138.44,9630
2012-07-31,138.44,139.43,136.03,138.86,5272
2012-08-01,138.86,141.27,138.3,141.27,10496
2012-08-05,141.27,144.25,140.71,143.82,14232
2012-08-06,143.82,147.37,141.41,147.37,15310
2012-08-07,147.37,152.18,147.37,151.62,14072
2012-08-08,151.62,155.16,150.2,155.16,24956
2012-08-12,155.16,158.98,151.76,152.75,17090
2012-08-13,152.75,153.74,147.37,151.05,8774
2012-08-14,151.05,151.62,147.37,149.92,6978
2012-08-15,149.92,148.78,145.95,146.37,17522
2012-08-16,146.37,148.07,141.7,147.08,16196
2012-08-19,147.08,148.07,144.53,147.22,5446
2012-08-21,147.22,148.07,145.52,147.37,7802
2012-08-22,147.37,148.78,147.37,148.07,4794
2012-08-23,148.07,149.77,146.8,148.78,8822
2012-08-26,148.78,150.2,147.51,148.64,4822
2012-08-27,148.64,149.92,145.38,149.77,10390
2012-08-28,149.77,152.18,150.2,151.62,6108
2012-08-29,151.62,152.47,148.92,151.9,5652
2012-08-30,151.9,152.75,151.47,151.62,5784
2012-09-02,151.62,155.73,152.32,155.02,7944
2012-09-03,155.02,155.87,152.32,155.44,7448
2012-09-04,155.44,156.58,153.46,155.3,15002
2012-09-05,155.3,155.87,154.03,155.44,10702
2012-09-06,155.44,155.87,153.03,155.73,9316
2012-09-09,155.73,155.87,153.88,155.87,7580
2012-09-10,155.87,156.29,155.16,155.58,6932
2012-09-11,155.58,155.73,154.88,155.16,8912
2012-09-12,155.16,155.58,153.88,155.44,5382
2012-09-13,155.44,156.58,155.16,155.87,16632
2012-09-16,155.87,160.12,155.16,159.83,13492
2012-09-17,159.83,165.08,158.13,165.08,9210
2012-09-18,165.08,171.88,164.51,167.91,19316
2012-09-19,167.91,170.04,155.87,160.69,17176
2012-09-20,160.69,163.66,155.87,160.83,20656
2012-09-23,160.83,164.37,158.98,160.4,45792
2012-09-24,160.4,165.36,159.55,162.24,30478
2012-09-25,210.92,171.68,160.63,163.58,1412
2012-09-26,163.58,164.87,157.5,161.73,1798
2012-09-27,161.73,162.1,159.34,160.26,2348
2012-09-30,160.26,162.1,157.87,160.44,1388
2012-10-01,160.44,162.29,159.15,160.63,3356
2012-10-02,160.63,165.79,163.02,165.79,1482
2012-10-03,165.79,170.58,165.05,170.58,2274
2012-10-04,170.58,178.68,172.23,178.68,4452
2012-10-07,178.68,186.42,182.18,185.13,8450
2012-10-08,185.13,186.42,182.0,182.18,4272
2012-10-09,182.18,184.21,177.76,178.31,4530
2012-10-10,178.31,177.76,175.36,177.21,1044
2012-10-11,177.21,176.47,175.0,175.55,4344
2012-10-14,175.55,177.76,175.18,175.18,718
2012-10-15,175.18,177.76,176.1,177.76,1894
2012-10-17,177.76,182.36,178.68,179.6,558
2012-10-18,179.6,182.36,179.6,182.36,754
2012-10-30,182.36,186.05,184.21,186.05,1644
2012-10-31,186.05,193.42,186.23,190.29,3578
2012-11-01,190.29,190.65,186.97,190.1,3814
2012-11-04,190.1,191.21,187.89,190.65,1720
2012-11-05,190.65,198.57,191.94,198.57,2418
2012-11-06,198.57,203.55,198.94,203.55,4552
2012-11-07,203.55,207.05,203.73,207.05,4864
2012-11-08,207.05,215.15,205.21,206.31,5066
2012-11-11,206.31,210.36,202.26,208.15,6130
2012-11-12,208.15,210.0,202.63,210.0,5408
2012-11-18,210.0,211.84,205.57,211.84,7350
2012-11-20,211.84,219.76,211.84,215.89,9484
2012-11-21,215.89,219.21,209.07,214.05,9308
2012-11-22,214.05,212.76,204.47,209.26,4580
2012-11-25,209.26,214.6,208.34,210.0,4928
2012-11-26,210.0,210.0,206.31,207.97,16704
2012-11-27,207.97,208.89,205.39,208.52,3028
2012-11-28,208.52,208.89,206.31,207.42,5478
2012-11-29,207.42,207.42,204.47,205.94,806
2012-12-02,205.94,205.94,203.0,205.94,2446
2012-12-03,205.94,204.47,201.71,203.36,5620
2012-12-04,203.36,210.92,207.05,208.89,6578
2012-12-05,208.89,215.52,209.44,211.84,7042
2012-12-06,211.84,210.92,207.23,209.07,6590
2012-12-09,209.07,209.07,202.63,207.05,4766
2012-12-10,207.05,208.15,203.18,204.47,5510
2012-12-11,204.47,206.5,202.63,206.5,11292
2012-12-13,206.5,207.97,204.47,207.79,4728
2012-12-16,207.79,215.52,208.15,212.57,9116
2012-12-17,212.57,218.84,210.92,216.44,31760
2012-12-18,216.44,212.57,207.23,211.65,5589
2012-12-19,211.65,214.6,209.26,211.1,7462
2012-12-20,211.1,213.13,207.23,210.18,7510
2012-12-23,210.18,213.68,209.07,212.76,7129
2012-12-24,212.76,214.05,211.84,213.5,4872
2012-12-26,213.5,215.52,213.5,213.86,6692
2012-12-27,213.86,214.79,211.84,214.6,7566
2012-12-31,214.6,213.68,209.07,210.92,5060
2013-01-01,210.92,212.76,210.18,211.84,7990
2013-01-02,211.84,214.23,210.0,211.84,4354
2013-01-03,211.84,212.57,210.0,212.57,4944
2013-01-06,212.57,212.21,209.07,209.07,4630
2013-01-07,209.07,211.84,207.23,209.81,4254
2013-01-08,209.81,210.18,209.63,209.63,496
2013-01-09,209.63,209.81,205.94,207.97,2234
2013-01-10,207.97,210.0,206.5,210.0,4852
2013-01-13,210.0,210.36,206.31,208.15,2520
2013-01-15,208.15,207.79,205.57,206.5,4641
2013-01-16,206.5,207.42,205.39,205.57,4810
2013-01-17,205.57,205.76,203.0,204.1,5522
2013-01-20,204.1,206.31,195.26,199.13,4082
2013-01-21,199.13,205.76,200.79,203.73,3948
2013-01-22,203.73,205.94,203.0,204.84,2670
2013-01-23,204.84,205.57,201.71,201.71,1718
2013-01-24,201.71,202.44,198.94,199.5,4288
2013-01-27,199.5,203.36,198.76,198.76,7448
2013-01-28,198.76,199.86,197.29,199.86,3546
2013-01-30,199.86,200.6,196.92,197.84,2878
2013-01-31,197.84,198.39,193.42,196.18,13248
2013-02-03,196.18,202.26,195.26,199.86,2280
2013-02-04,199.86,200.79,199.68,200.42,1548
2013-02-05,200.42,201.71,198.94,200.42,1548
2013-02-06,200.42,200.79,196.0,199.86,9328
2013-02-07,199.86,198.94,195.26,197.1,3145
2013-02-10,197.1,199.86,196.18,199.86,1537
2013-02-12,199.86,209.81,199.86,208.89,10178
2013-02-13,208.89,207.23,202.63,205.94,9089
2013-02-14,205.94,210.36,206.68,207.6,6265
2013-02-17,207.6,223.81,211.65,223.81,15472
2013-02-19,223.81,239.47,216.26,219.21,19611
2013-02-20,219.21,216.07,207.42,215.52,7956
2013-02-21,215.52,220.86,207.97,216.44,3672
2013-02-24,216.44,216.44,210.0,212.02,5328
2013-02-25,212.02,220.5,213.68,216.44,7910
2013-02-26,216.44,220.5,212.21,217.18,7135
2013-02-27,217.18,217.18,210.92,214.05,1654
2013-02-28,214.05,217.92,213.13,217.92,3196
2013-03-03,217.92,217.92,213.68,217.36,3762
2013-03-04,217.36,217.36,214.79,216.26,3203
2013-03-05,216.26,216.44,214.23,215.15,4297
2013-03-06,215.15,218.29,213.31,218.29,5813
2013-03-07,218.29,216.63,214.05,216.26,4759
2013-03-11,216.26,217.36,213.86,214.6,9702
2013-03-13,214.6,219.21,216.07,217.36,6469
2013-03-14,217.36,226.02,216.44,218.47,6625
2013-03-17,218.47,218.47,214.6,215.52,5366
2013-03-18,215.52,215.71,212.02,215.71,6741
2013-03-19,215.71,216.44,213.68,214.79,8405
2013-03-20,214.79,216.07,212.76,213.68,4089
2013-03-21,213.68,214.42,211.84,213.68,5424
2013-03-24,213.68,211.84,206.31,210.0,5729
2013-03-25,210.0,212.94,208.15,211.84,2207
2013-03-27,211.84,214.05,208.52,208.71,1962
2013-03-28,208.71,212.21,204.65,211.65,3979
2013-03-31,211.65,210.0,205.57,206.68,5397
2013-04-01,206.68,208.34,202.63,208.34,4138
2013-04-02,208.34,213.31,208.34,213.13,4698
2013-04-03,213.13,214.05,210.18,213.31,5128
2013-04-04,213.31,212.76,208.15,211.84,4844
2013-04-07,211.84,212.76,206.31,212.76,1680
2013-04-08,212.76,212.76,211.29,211.84,3199
2013-04-09,211.84,212.94,211.1,212.39,2800
2013-04-11,212.39,214.23,211.1,212.39,3828
2013-04-15,212.39,214.42,212.02,213.5,2898
2013-04-16,213.5,214.23,211.84,212.76,1660
2013-04-17,212.76,212.76,211.29,211.29,1200
2013-04-18,211.29,212.02,210.92,212.02,1879
2013-04-21,212.02,210.0,206.31,207.6,28063
2013-04-22,207.6,207.97,205.94,207.79,8094
2013-04-23,207.79,212.02,208.15,211.84,3174
2013-04-25,211.84,212.02,208.71,209.63,825
2013-04-28,209.63,209.81,208.15,208.15,2107
2013-04-29,208.15,208.52,207.05,208.34,3259
2013-04-30,208.34,209.07,207.97,208.89,4710
2013-05-02,208.89,210.36,204.47,205.21,5468
2013-05-05,205.21,205.39,203.55,203.92,2016
2013-05-06,203.92,202.63,195.44,202.07,2125
2013-05-07,202.07,206.86,198.94,206.86,2233
2013-05-08,206.86,206.31,202.81,202.81,2832
2013-05-09,202.81,205.94,199.13,203.92,8322
2013-05-12,203.92,203.55,201.71,202.07,2338
2013-05-13,202.07,203.36,200.79,202.81,1566
2013-05-14,202.81,205.39,198.94,205.39,5675
2013-05-15,205.39,206.86,204.65,206.86,3114
2013-05-16,206.86,210.0,207.79,208.34,983
2013-05-19,208.34,210.73,208.15,209.44,3823
2013-05-20,209.44,210.36,208.71,209.44,3711
2013-05-21,209.44,209.63,208.52,209.44,2082
2013-05-22,209.44,210.92,209.26,210.92,14625
2013-05-23,210.92,211.84,210.0,210.73,6164
2013-05-26,210.73,212.02,207.05,211.65,6380
2013-05-27,211.65,212.02,208.34,212.02,2653
2013-05-28,212.02,213.86,209.63,212.02,5854
2013-05-30,212.02,214.6,209.07,212.02,6943
2013-06-02,212.02,212.39,211.47,211.84,2657
2013-06-03,211.84,212.39,210.92,211.29,2653
2013-06-04,211.29,211.84,209.81,211.65,876
2013-06-05,211.65,211.84,210.0,211.1,2929
2013-06-06,211.1,211.29,210.0,210.92,3147
2013-06-09,210.92,210.92,209.81,210.73,1403
2013-06-10,210.73,213.68,210.0,210.92,1916
2013-06-11,210.92,211.65,210.0,211.65,3223
2013-06-12,211.65,211.65,210.0,211.29,1729
2013-06-13,211.29,210.55,208.15,209.44,2361
2013-06-16,209.44,211.84,209.63,209.81,835
2013-06-17,209.81,212.02,207.42,209.07,1895
2013-06-18,209.07,208.71,205.39,208.15,1170
2013-06-19,208.15,209.81,208.15,209.81,2543
2013-06-20,209.81,210.73,207.42,208.15,9331
2013-06-23,208.15,209.07,204.47,207.23,4240
2013-06-24,207.23,211.29,207.23,208.15,4591
2013-06-25,208.15,210.0,205.57,209.07,14512
2013-06-26,209.07,210.18,208.15,208.89,9508
2013-06-27,208.89,209.07,206.5,208.15,5239
2013-06-30,208.15,208.34,206.86,207.42,4096
2013-07-01,207.42,208.34,205.94,208.15,25500
2013-07-02,208.15,208.52,206.86,207.79,3687
2013-07-03,207.79,209.07,207.23,209.07,3437
2013-07-04,209.07,209.26,207.23,209.26,7218
2013-07-07,209.26,209.26,207.79,207.97,8117
2013-07-08,207.97,209.81,207.42,207.79,23111
2013-07-09,207.79,212.76,207.79,209.81,13272
2013-07-10,209.81,216.44,211.1,213.68,8730
2013-07-11,213.68,215.52,212.76,213.86,3209
2013-07-14,213.86,221.79,217.18,219.76,8774
2013-07-15,219.76,221.05,217.36,219.39,3209
2013-07-16,219.39,220.13,216.44,219.21,2216
2013-07-17,219.21,225.47,219.21,224.73,4418
2013-07-18,224.73,234.86,226.02,233.94,18040
2013-07-21,233.94,247.94,233.94,244.07,17185
2013-07-22,244.07,245.0,227.5,238.92,4790
2013-07-23,238.92,243.52,239.28,240.76,6093
2013-07-24,240.76,242.42,239.65,241.31,9877
2013-07-25,241.31,241.5,239.1,240.76,6581
2013-07-28,240.76,245.92,240.76,245.92,11147
2013-07-29,245.92,253.65,241.31,253.28,8123
2013-07-30,253.28,263.6,253.28,261.57,9370
2013-07-31,261.57,268.02,261.39,262.13,13227
2013-08-01,262.13,263.05,257.15,259.55,15692
2013-08-04,259.55,260.65,258.07,260.65,5947
2013-08-05,260.65,259.73,255.13,255.13,6825
2013-08-06,255.13,259.18,249.05,258.81,7233
2013-08-07,258.81,260.47,256.42,256.97,5985
2013-08-08,256.97,258.26,256.05,257.89,3503
2013-08-11,257.89,257.52,255.13,257.52,5190
2013-08-12,257.52,258.63,255.49,256.78,5936
2013-08-13,256.78,257.89,253.28,257.71,4670
2013-08-14,257.71,259.36,256.97,257.52,6808
2013-08-15,257.52,257.89,255.31,256.97,7801
2013-08-18,256.97,258.99,257.15,257.89,7054
2013-08-19,257.89,259.55,257.52,259.36,8188
2013-08-20,259.36,264.34,260.65,262.49,3218
2013-08-25,262.49,262.49,260.65,261.76,7800
2013-08-26,261.76,265.44,261.94,265.44,8374
2013-08-27,265.44,271.71,265.26,270.23,13960
2013-08-29,270.23,290.13,272.63,286.26,25322
2013-09-01,286.26,294.73,285.34,289.2,27314
2013-09-02,289.2,291.6,283.86,283.86,8132
2013-09-03,283.86,285.52,279.07,280.73,7146
2013-09-04,280.73,280.73,275.39,277.97,6016
2013-09-05,277.97,278.52,273.73,278.52,7102
2013-09-08,278.52,294.73,280.18,289.2,38505
2013-09-09,289.2,294.73,289.2,292.15,19800
2013-09-10,292.15,292.52,285.52,288.28,26380
2013-09-11,288.28,292.15,287.55,291.05,27055
2013-09-12,291.05,299.89,290.13,293.81,51479
2013-09-16,308.91,313.7,291.43,308.91,5384
2013-09-17,308.91,308.68,295.74,298.38,3419
2013-09-19,298.38,298.14,289.76,289.76,2715
2013-09-22,289.76,288.56,281.38,281.62,9719
2013-09-23,281.62,280.18,276.35,277.78,4505
2013-09-24,277.78,282.57,276.35,281.38,3971
2013-09-25,281.38,291.67,281.38,291.67,2356
2013-09-26,291.67,292.87,287.36,292.87,2917
2013-09-29,292.87,294.55,289.76,292.39,5688
2013-09-30,292.39,294.79,292.87,294.07,3288
2013-10-01,294.07,296.7,293.35,294.55,5489
2013-10-02,294.55,295.27,293.35,294.79,4502
2013-10-03,294.79,294.55,293.35,294.07,6529
2013-10-06,294.07,295.5,288.56,293.35,2698
2013-10-07,293.35,294.55,293.11,293.59,4212
2013-10-08,293.59,295.74,294.07,295.74,3970
2013-10-09,295.74,300.05,296.94,300.05,1846
2013-10-10,300.05,301.73,298.38,299.34,3933
2013-10-17,299.34,304.13,300.53,301.73,3514
2013-10-20,301.73,317.54,296.94,316.1,5580
2013-10-21,316.1,328.31,322.33,325.2,7784
2013-10-22,325.2,325.44,320.65,320.89,4726
2013-10-23,320.89,320.89,317.3,318.01,2515
2013-10-24,318.01,316.82,313.7,313.94,4253
2013-10-27,313.94,313.94,305.08,307.72,6224
2013-10-28,307.72,307.96,305.08,307.24,4971
2013-10-29,307.24,307.24,304.13,304.84,3962
2013-10-30,304.84,307.72,304.13,305.08,6686
2013-10-31,305.08,306.52,303.65,304.13,2920
2013-11-06,304.13,308.44,304.6,304.6,1212
2013-11-07,304.6,306.52,304.6,305.32,6500
2013-11-10,305.32,306.52,304.13,304.13,3710
2013-11-11,304.13,308.91,304.13,308.91,8525
2013-11-12,308.91,321.13,313.7,320.89,7491
2013-11-13,320.89,322.09,314.66,317.3,9800
2013-11-14,317.3,317.54,314.9,316.1,7961
2013-11-21,316.1,335.02,322.33,335.02,34
2013-11-24,335.02,368.3,341.48,361.6,11753
2013-11-25,361.6,368.78,349.62,353.22,8896
2013-11-26,353.22,364.23,353.22,353.22,8955
2013-11-27,353.22,356.81,347.23,353.22,2548
2013-11-28,353.22,352.02,347.23,350.82,6521
2013-12-01,350.82,349.62,344.84,347.71,12245
2013-12-02,347.71,353.22,347.23,348.91,11694
2013-12-03,348.91,354.41,350.82,354.41,14017
2013-12-04,354.41,367.58,349.86,362.8,24430
2013-12-05,362.8,385.54,360.4,360.88,11681
2013-12-08,360.88,369.02,355.61,360.4,10320
2013-12-09,360.4,363.99,356.81,359.2,2843
2013-12-10,359.2,359.2,353.22,356.09,2460
2013-12-11,356.09,362.8,353.22,353.22,5936
2013-12-12,353.22,359.68,356.81,359.2,3087
2013-12-15,359.2,366.15,356.81,361.6,13063
2013-12-16,361.6,381.0,365.19,378.12,2136
2013-12-18,378.12,398.72,375.97,391.05,4793
2013-12-19,391.05,393.93,371.18,390.33,17518
2013-12-22,390.33,390.33,383.15,384.35,14672
2013-12-23,384.35,383.15,373.57,378.36,5526
2013-12-24,378.36,385.78,367.58,379.08,8149
2013-12-26,379.08,392.01,380.76,381.95,8969
2013-12-29,381.95,383.15,373.57,379.8,8642
2013-12-31,379.8,380.76,363.99,367.35,6341
2014-01-01,367.35,362.8,348.43,351.78,11201
2014-01-02,351.78,360.4,343.64,356.57,13559
2014-01-05,356.57,359.2,350.82,352.02,13051
2014-01-06,352.02,353.22,348.67,353.22,5202
2014-01-07,353.22,354.65,346.99,354.65,4780
2014-01-08,354.65,358.72,353.22,356.57,9242
2014-01-09,356.57,358.48,352.02,356.09,15786
2014-01-12,356.09,363.03,354.41,360.64,8672
2014-01-13,360.64,366.39,359.2,359.2,12696
2014-01-14,359.2,366.39,359.2,361.84,6395
2014-01-16,361.84,371.18,362.8,367.58,9152
2014-01-19,367.58,367.58,360.88,366.39,8696
2014-01-20,366.39,367.35,361.6,367.35,4935
2014-01-21,367.35,363.99,359.2,359.44,6582
2014-01-22,359.44,361.84,356.81,359.2,14000
2014-01-23,359.2,359.68,359.2,359.44,5113
2014-01-26,359.44,363.99,359.2,362.8,7787
2014-01-27,362.8,364.95,355.85,361.6,4637
2014-01-28,361.6,366.39,359.2,366.39,8799
2014-01-29,366.39,362.56,357.05,360.64,9139
2014-02-02,360.64,361.6,358.96,359.92,5263
2014-02-03,359.92,359.68,355.85,358.96,6516
2014-02-04,358.96,359.92,354.41,357.29,6889
2014-02-05,357.29,359.68,356.81,358.01,9219
2014-02-06,358.01,361.36,359.2,361.36,4660
2014-02-09,361.36,361.12,359.2,360.4,8417
2014-02-10,360.4,386.98,367.58,373.57,13732
2014-02-11,373.57,373.33,364.23,371.18,8059
2014-02-12,371.18,373.57,367.58,371.42,7657
2014-02-13,371.42,376.92,368.78,373.57,9500
2014-02-16,373.57,375.97,367.58,370.94,6474
2014-02-17,370.94,373.33,365.19,371.18,9975
2014-02-18,371.18,373.57,367.82,373.33,11868
2014-02-20,373.33,383.87,366.39,383.15,11275
2014-02-23,383.15,410.21,383.63,407.1,26476
2014-02-24,407.1,431.04,409.73,421.47,29225
2014-02-25,421.47,427.45,400.39,421.47,23472
2014-02-26,421.47,431.04,415.48,421.47,19764
2014-03-03,421.47,421.47,401.11,401.11,15363
2014-03-04,401.11,405.42,391.05,405.42,13748
2014-03-05,405.42,413.08,402.31,411.89,16767
2014-03-06,411.89,412.6,404.22,406.86,11001
2014-03-09,406.86,405.9,397.76,402.31,10352
2014-03-10,402.31,404.7,393.93,402.31,20668
2014-03-11,402.31,402.31,392.73,401.11,9871
2014-03-12,401.11,401.11,393.21,399.91,8700
2014-03-13,399.91,403.51,395.12,399.43,9782
2014-03-17,399.43,395.12,387.94,391.53,10862
2014-03-18,391.53,387.94,383.15,385.31,14253
2014-03-19,385.31,393.93,383.15,386.02,26440
2014-03-20,386.02,404.7,386.74,399.91,10288
2014-03-23,399.91,402.31,390.33,399.91,33041
2014-03-24,399.91,407.1,392.73,406.62,9487
2014-03-25,406.62,410.69,402.31,409.73,18022
2014-03-26,409.73,414.28,401.59,414.28,20032
2014-03-27,414.28,425.78,407.1,422.66,33137
2014-03-31,422.66,437.03,414.28,431.04,37259
2014-04-01,431.04,446.61,431.04,445.41,36649
2014-04-02,445.41,456.43,441.82,454.99,48087
2014-04-03,454.99,468.16,449.0,450.2,39116
2014-04-06,450.2,454.99,440.62,443.02,16809
2014-04-07,443.02,446.61,431.28,446.61,24569
2014-04-09,446.61,454.99,437.75,452.6,12153
2014-04-10,452.6,456.91,452.84,454.75,25822
2014-04-13,454.75,464.57,445.41,462.18,17411
2014-04-15,462.18,469.36,457.39,465.29,16059
2014-04-16,465.29,467.92,462.65,464.57,17166
2014-04-17,464.57,464.57,454.99,463.13,11871
2014-04-20,463.13,466.96,454.99,458.58,16372
2014-04-21,458.58,456.43,450.68,452.36,13653
2014-04-22,452.36,454.75,443.02,453.79,15189
2014-04-23,453.79,455.23,451.4,452.6,11103
2014-04-27,452.6,454.99,449.48,452.6,15943
2014-04-28,452.6,454.99,450.68,451.4,14963
2014-04-29,451.4,452.6,449.96,452.12,9921
2014-04-30,452.12,455.23,447.81,447.81,9034
2014-05-04,447.81,454.75,445.41,451.88,17225
2014-05-05,451.88,455.47,446.61,452.6,18084
2014-05-06,452.6,459.78,452.6,456.43,20240
2014-05-07,456.43,459.78,454.99,457.86,23531
2014-05-08,457.86,464.57,449.0,464.57,14890
2014-05-11,464.57,462.18,454.99,457.63,15774
2014-05-12,457.63,459.06,456.19,457.39,11081
2014-05-13,457.39,460.74,455.47,458.1,13546
2014-05-15,458.1,462.65,458.58,460.98,13330
2014-05-18,460.98,467.92,459.78,465.77,34393
2014-05-19,465.77,470.56,463.61,469.36,15397
2014-05-20,469.36,478.94,462.18,478.94,15829
2014-05-21,478.94,483.73,475.35,483.73,30883
2014-05-22,483.73,503.12,474.15,502.41,32465
2014-05-25,502.41,540.96,502.88,535.21,34142
2014-05-26,535.21,530.42,520.84,523.24,30386
2014-05-27,523.24,528.03,508.87,528.03,22580
2014-05-28,528.03,554.37,523.24,548.38,28691
2014-06-01,548.38,584.3,548.38,574.49,35855
2014-06-02,574.49,588.61,572.33,573.53,30441
2014-06-03,573.53,574.73,552.22,567.54,26131
2014-06-04,567.54,567.54,557.96,561.55,13875
2014-06-05,561.55,562.75,547.19,555.57,15013
2014-06-08,555.57,559.64,548.38,557.72,17972
2014-06-09,557.72,562.99,555.57,561.08,14751
2014-06-10,561.08,577.12,559.16,574.73,17387
2014-06-11,574.73,581.91,567.54,567.54,17338
2014-06-12,567.54,575.92,566.34,569.94,9312
2014-06-15,569.94,575.92,568.74,570.41,11027
2014-06-16,570.41,574.73,550.78,569.22,12910
2014-06-17,569.22,574.73,556.29,568.74,13538
2014-06-18,568.74,573.53,565.39,568.74,16096
2014-06-19,568.74,568.5,562.75,565.15,10424
2014-06-23,565.15,563.95,550.78,559.16,9341
2014-06-24,559.16,566.34,559.88,564.19,22329
2014-06-25,564.19,571.85,563.95,569.94,16339
2014-06-26,569.94,576.4,567.06,574.25,16829
2014-06-29,574.25,588.61,563.23,586.7,23105
2014-06-30,586.7,598.43,583.59,596.52,13698
2014-07-01,596.52,615.2,598.67,613.04,31054
2014-07-02,613.04,645.37,613.04,636.99,21985
2014-07-03,636.99,647.76,623.82,632.68,25767
2014-07-06,632.68,636.99,627.41,632.2,16560
2014-07-07,632.2,644.17,634.59,637.23,12516
2014-07-08,637.23,646.57,638.18,641.78,23598
2014-07-09,641.78,642.02,633.4,639.38,12595
2014-07-10,639.38,639.62,634.59,635.79,14997
2014-07-13,635.79,652.55,634.59,641.78,16776
2014-07-14,641.78,645.37,632.2,635.79,23217
2014-07-15,635.79,650.64,627.41,646.57,43854
2014-07-16,646.57,660.93,634.59,655.19,17046
2014-07-17,655.19,660.93,646.57,655.67,36051
2014-07-20,655.67,660.46,625.01,656.62,31542
2014-07-21,656.62,669.08,651.36,655.91,10386
2014-07-22,655.91,656.14,646.57,653.75,14532
2014-07-23,653.75,654.95,644.41,646.57,14997
2014-07-24,646.57,644.17,631.0,634.59,24293
2014-07-27,634.59,632.2,613.04,620.22,20731
2014-07-28,620.22,622.14,611.84,621.9,12034
2014-07-30,621.9,629.8,618.07,626.69,18898
2014-07-31,626.69,645.13,626.69,642.97,15395
2014-08-03,642.97,646.33,622.86,631.0,10276
2014-08-04,631.0,631.0,615.91,623.34,5823
2014-08-05,623.34,628.85,622.62,626.21,12932
2014-08-06,626.21,625.49,617.83,619.27,13744
2014-08-07,619.27,622.14,609.45,618.31,15943
2014-08-12,618.31,613.04,601.07,608.25,12332
2014-08-13,608.25,620.22,595.8,613.04,18722
2014-08-14,613.04,610.41,601.07,605.86,12542
2014-08-18,605.86,601.07,583.11,585.5,21741
2014-08-19,585.5,597.0,574.73,587.66,19233
2014-08-20,587.66,586.46,561.08,573.29,23940
2014-08-21,573.29,562.03,516.06,538.81,60888
2014-08-24,538.81,548.38,526.83,526.83,21942
2014-08-25,526.83,517.25,481.33,493.55,39519
2014-08-26,493.55,542.88,491.39,511.75,27592
2014-08-27,511.75,562.75,511.75,562.51,30371
2014-08-28,562.51,596.76,560.36,582.63,24506
2014-08-31,582.63,586.22,540.72,555.33,16368
2014-09-01,555.33,551.98,522.04,551.98,21413
2014-09-03,551.98,552.22,534.02,539.76,6513
2014-09-04,539.76,537.61,509.59,534.02,12656
2014-09-07,534.02,536.41,489.71,495.94,17860
2014-09-09,495.94,544.55,499.29,544.55,25835
2014-09-10,544.55,551.98,510.07,519.65,14635
2014-09-11,519.65,526.35,495.7,518.45,12028
2014-09-14,518.45,522.04,496.9,510.07,20062
2014-09-15,510.07,513.66,502.88,511.27,10618
2014-09-16,511.27,511.27,500.49,501.69,9547
2014-09-17,501.69,505.04,495.7,498.1,9187
2014-09-18,498.1,498.1,488.04,489.71,3124
2014-09-21,491.87,490.67,471.99,478.94,23464
2014-09-22,478.94,513.18,476.54,513.18,49134
2014-09-23,513.23,523.29,494.26,500.01,4459
2014-09-24,500.01,504.32,500.01,502.88,3639
2014-09-28,502.88,521.28,502.88,521.28,2307
2014-09-29,521.28,562.37,510.07,562.37,5196
2014-09-30,562.37,554.61,537.94,543.12,4908
2014-10-08,543.12,534.49,516.97,516.97,2278
2014-10-09,516.97,535.93,511.51,525.87,2790
2014-10-12,525.87,531.62,512.08,523.0,8325
2014-10-13,523.0,518.69,507.48,517.25,1319
2014-10-14,517.25,516.97,507.2,514.67,2301
2014-10-15,514.67,517.25,510.36,511.51,2094
2014-10-16,511.51,521.56,512.94,516.97,4600
2014-10-19,516.97,523.57,516.97,521.56,5587
2014-10-20,521.56,524.44,517.25,520.41,2568
2014-10-21,520.41,530.76,512.94,516.68,6154
2014-10-22,516.68,517.54,510.07,516.39,2475
2014-10-26,516.39,514.38,512.94,514.38,696
2014-10-27,514.38,517.25,510.07,511.51,3552
2014-10-28,511.51,514.09,502.88,503.75,2826
2014-10-30,503.75,504.03,488.52,488.52,10432
2014-11-02,488.52,488.23,466.1,474.15,16641
2014-11-03,474.15,483.63,466.96,470.7,11686
2014-11-04,470.7,466.96,459.78,465.53,11943
2014-11-05,465.53,472.71,459.78,472.71,7928
2014-11-06,472.71,479.9,465.81,474.44,7747
2014-11-09,474.44,474.44,464.09,466.96,9213
2014-11-10,466.96,466.68,456.91,459.49,10518
2014-11-11,459.49,464.09,445.41,459.78,13103
2014-11-12,459.78,463.8,451.45,453.46,7880
2014-11-13,453.46,454.03,445.41,446.56,10094
2014-11-16,446.56,449.15,442.54,442.54,6697
2014-11-17,442.54,442.54,423.86,425.87,15256
2014-11-18,425.87,431.04,399.43,410.93,19072
2014-11-19,410.93,426.73,411.5,425.3,13333
2014-11-20,425.3,441.1,429.61,435.35,16736
2014-11-23,435.35,459.78,433.92,456.91,15235
2014-11-24,456.91,456.04,449.72,451.16,7812
2014-11-25,451.16,448.29,433.06,445.41,6216
2014-11-30,445.41,445.7,431.62,437.94,5799
2014-12-01,437.94,442.83,435.64,438.23,5443
2014-12-02,438.23,438.23,431.33,435.35,6150
2014-12-03,435.35,443.98,436.79,436.79,6184
2014-12-04,436.79,445.7,439.66,439.95,6876
2014-12-07,439.95,445.41,436.79,441.1,4277
2014-12-08,441.1,444.84,438.52,441.1,3869
2014-12-09,441.1,445.12,438.52,440.24,6504
2014-12-10,440.24,446.85,440.24,444.84,6166
2014-12-11,444.84,459.78,446.85,456.91,8593
2014-12-14,456.91,492.25,465.81,489.95,15541
2014-12-15,489.95,508.63,477.31,497.14,12852
2014-12-16,497.14,498.57,483.06,494.26,12371
2014-12-17,494.26,494.26,479.9,481.91,6206
2014-12-18,481.91,485.64,477.6,480.18,3638
2014-12-21,480.18,484.21,469.84,477.31,7519
2014-12-22,477.31,475.3,471.27,474.15,1923
2014-12-23,474.15,477.02,462.65,465.53,7729
2014-12-24,465.53,482.77,466.96,475.59,5609
2014-12-28,475.59,487.08,482.77,485.64,9915
2014-12-29,485.64,488.23,476.16,487.08,9577
2014-12-31,487.08,488.52,479.03,479.9,5078
2015-01-01,479.9,484.49,477.31,480.47,2885
2015-01-04,480.47,489.95,474.44,483.92,10141
2015-01-05,483.92,495.7,486.51,488.8,5997
2015-01-06,488.8,490.24,485.93,485.93,4233
2015-01-07,485.93,489.67,484.49,488.52,3194
2015-01-08,488.52,497.71,488.23,491.39,6057
2015-01-11,491.39,491.39,485.64,488.8,5658
2015-01-12,488.8,485.64,481.33,482.77,6543
2015-01-13,482.77,483.63,479.9,483.63,3764
2015-01-14,483.63,488.52,481.05,481.62,3228
2015-01-18,481.62,488.52,481.91,482.77,4258
2015-01-19,482.77,521.56,492.25,502.88,18358
2015-01-20,502.88,500.59,484.21,491.68,6557
2015-01-22,491.68,488.8,482.19,487.37,4675
2015-01-25,487.37,490.82,484.49,486.79,7508
2015-01-26,486.79,495.7,486.79,487.65,5119
2015-01-27,487.65,491.39,485.64,489.67,5164
2015-01-28,489.67,495.7,491.39,495.7,3413
2015-01-29,495.7,504.32,495.7,497.42,5420
2015-02-01,497.42,497.14,491.39,493.69,2689
2015-02-02,493.69,503.46,491.39,492.83,7165
2015-02-03,492.83,492.83,487.08,488.8,6849
2015-02-04,488.8,489.95,485.93,488.23,7354
2015-02-05,488.23,489.95,485.64,486.79,3995
2015-02-08,486.79,496.28,485.64,485.93,4903
2015-02-09,485.93,487.65,485.64,487.08,4741
2015-02-10,487.08,485.07,479.61,484.21,3569
2015-02-11,484.21,483.92,478.46,482.77,3173
2015-02-12,482.77,485.64,480.76,485.07,8866
2015-02-15,485.07,488.52,481.62,483.63,2163
2015-02-16,483.63,482.19,477.02,477.02,8220
2015-02-19,477.02,474.15,466.96,469.84,8435
2015-02-22,469.84,466.1,459.78,460.07,9384
2015-02-23,460.07,466.96,459.78,462.65,4938
2015-02-24,462.65,462.65,459.21,460.93,6168
2015-02-25,460.93,461.22,457.19,459.78,7842
2015-02-26,459.78,459.78,458.34,458.34,1676
2015-03-01,466.1,463.23,459.78,459.78,6081
2015-03-02,459.78,471.85,458.34,466.96,2414
2015-03-03,466.96,475.59,462.65,469.84,5973
2015-03-04,469.84,470.7,465.53,470.13,5468
2015-03-09,470.13,481.91,470.13,479.9,5187
2015-03-10,479.9,479.9,474.15,474.15,5643
2015-03-11,474.15,478.46,468.98,472.71,5980
2015-03-12,472.71,471.56,465.53,465.81,6413
2015-03-15,465.81,465.81,459.78,462.65,2971
2015-03-16,462.65,461.79,455.76,459.78,7768
2015-03-17,459.78,462.65,454.03,460.93,5584
2015-03-18,460.93,462.94,456.91,462.37,2837
2015-03-19,462.37,468.4,460.07,468.4,4245
2015-03-22,468.4,473.86,459.78,460.64,6769
2015-03-23,460.64,464.09,456.91,464.09,6849
2015-03-24,464.09,460.07,454.32,456.91,7694
2015-03-25,456.91,458.34,454.03,458.06,2788
2015-03-26,458.06,459.78,454.03,454.03,5207
2015-03-29,454.03,454.32,450.87,451.73,3338
2015-03-30,451.73,455.47,450.01,450.01,2827
2015-03-31,450.01,456.04,445.41,455.76,5649
2015-04-01,455.76,455.76,452.6,454.61,5434
2015-04-02,454.61,452.88,449.72,451.45,3669
2015-04-05,451.45,452.31,448.0,452.31,7498
2015-04-06,452.31,454.32,444.26,449.44,10692
2015-04-07,449.44,452.31,447.71,448.57,2964
2015-04-08,448.57,454.61,448.29,453.75,3947
2015-04-09,453.75,460.07,454.03,459.21,6641
2015-04-12,459.21,474.15,459.78,463.23,5586
2015-04-13,463.23,482.77,461.5,464.67,5963
2015-04-15,464.67,465.53,457.48,459.78,3600
2015-04-16,459.78,459.78,450.01,456.62,3781
2015-04-19,456.62,459.78,454.9,459.78,8188
2015-04-20,459.78,461.22,456.62,461.22,5303
2015-04-21,461.22,463.8,461.22,461.22,5048
2015-04-22,461.22,462.94,459.78,459.78,1537
2015-04-23,460.93,462.65,456.62,457.77,5154
2015-05-24,457.77,448.86,412.08,412.08,78
2015-05-25,412.08,404.03,370.99,370.99,687
2015-05-26,370.99,387.65,336.21,357.48,14190
2015-05-27,357.48,364.95,353.46,356.33,15629
2015-05-28,356.33,366.96,354.89,364.95,15144
2015-05-31,364.95,399.43,368.4,399.43,14083
2015-06-01,399.43,426.73,406.62,422.42,19184
2015-06-02,422.42,425.58,416.68,424.15,12889
2015-06-03,424.15,447.14,431.04,442.54,10448
2015-06-04,442.54,451.16,436.5,438.23,8422
2015-06-07,438.23,445.99,438.52,443.11,6559
2015-06-08,443.11,452.6,441.39,450.58,14817
2015-06-09,450.58,494.84,459.49,466.96,10364
2015-06-10,466.96,468.11,454.03,454.03,10793
2015-06-11,454.03,459.21,442.83,448.29,8408
2015-06-14,448.29,441.39,436.22,438.23,9087
2015-06-15,438.23,444.84,436.79,442.54,4702
2015-06-16,442.54,451.16,439.66,441.68,3093
2015-06-17,441.68,441.1,436.79,439.66,2833
2015-06-18,439.66,440.53,437.08,440.53,1706
2015-06-21,440.53,438.23,428.17,430.47,9155
2015-06-22,429.61,433.63,425.3,431.04,8027
2015-06-23,430.76,431.33,428.17,431.04,5533
2015-06-24,431.04,433.34,429.61,431.04,5663
2015-06-25,439.38,439.38,432.48,435.35,5599
2015-06-28,436.79,439.66,431.04,437.65,23550
2015-06-29,439.66,446.85,439.66,445.12,11855
2015-06-30,449.72,450.01,443.98,445.41,5101
2015-07-01,449.72,449.72,444.26,445.41,4359
2015-07-02,444.26,446.56,438.23,438.23,7448
2015-07-05,436.79,441.68,436.79,440.53,3241
2015-07-06,436.79,440.24,436.79,436.79,7651
2015-07-07,436.79,441.96,436.5,439.66,12648
2015-07-08,442.54,447.42,441.1,442.54,4622
2015-07-09,443.98,445.99,442.25,442.25,4955
2015-07-12,445.12,447.14,442.54,446.85,7716
2015-07-13,445.41,446.85,443.69,445.12,5902
2015-07-14,452.6,459.49,445.7,452.31,5198
2015-07-15,460.64,460.64,453.46,455.47,5359
2015-07-16,455.47,483.63,456.91,483.63,6146
2015-07-22,474.44,475.59,462.65,469.84,6486
2015-07-23,469.84,474.15,467.83,470.7,5826
2015-07-26,470.7,496.85,479.9,488.52,1097
2015-07-27,488.52,498.29,459.78,460.64,5283
2015-07-28,460.64,465.53,451.16,454.03,10792
2015-07-29,454.03,454.03,449.44,450.58,6964
2015-07-30,450.58,459.49,442.54,451.16,12761
2015-08-02,451.73,449.72,445.41,446.56,4888
2015-08-03,446.56,451.16,443.11,451.16,10520
2015-08-04,451.16,451.16,445.41,448.29,6581
2015-08-05,448.29,449.72,445.41,445.7,5377
2015-08-06,445.7,454.32,445.41,454.32,7715
2015-08-09,454.32,463.23,441.39,446.85,11716
2015-08-10,446.85,455.76,435.35,438.52,20089
2015-08-11,438.52,439.66,429.61,431.62,22143
2015-08-12,432.48,436.79,431.04,433.92,17240
2015-08-13,431.33,436.79,431.04,436.79,14629
2015-08-16,433.92,436.5,425.3,429.61,14744
2015-08-17,431.04,446.85,431.04,434.78,16751
2015-08-18,435.07,435.07,426.73,431.04,22529
2015-08-19,431.04,433.63,428.75,433.63,21026
2015-08-20,433.92,435.35,429.61,429.61,21635
2015-08-23,431.04,432.48,425.87,429.61,15266
2015-08-24,431.04,433.92,427.02,429.03,19792
2015-08-25,429.03,429.61,423.86,428.17,9907
2015-08-26,428.17,430.18,426.16,427.88,9292
2015-08-27,430.76,431.04,426.73,428.75,11486
2015-08-31,429.61,429.61,423.86,425.3,17950
2015-09-01,425.3,429.61,422.42,425.01,15240
2015-09-02,423.86,423.86,418.4,419.55,22485
2015-09-03,419.55,420.99,416.39,418.11,9773
2015-09-06,418.11,418.11,402.31,408.34,11638
2015-09-07,410.93,411.5,405.47,408.06,8389
2015-09-08,408.06,410.64,405.18,408.63,16462
2015-09-09,408.63,410.07,406.62,406.91,10797
2015-09-10,406.91,408.06,403.74,404.89,12209
2015-09-13,403.74,413.8,403.74,413.8,15715
2015-09-14,421.85,429.32,419.55,425.3,9413
2015-09-15,425.3,444.55,425.3,432.19,14655
2015-09-16,432.19,438.23,431.04,431.04,15336
2015-09-17,436.79,439.66,426.73,426.73,10423
2015-09-22,419.55,419.55,410.07,411.5,7460
2015-09-23,410.93,420.99,410.93,420.12,6212
2015-09-24,419.55,420.99,411.22,413.51,8454
2015-09-28,405.47,409.49,402.31,407.19,6539
2015-09-29,406.62,408.63,405.76,408.34,7109
2015-09-30,405.18,410.93,405.18,410.93,4392
2015-10-01,410.93,411.5,408.06,409.49,3972
2015-10-04,408.63,409.49,405.47,408.06,6890
2015-10-05,406.62,407.48,402.88,405.47,4438
2015-10-06,402.31,405.18,402.31,403.74,4504
2015-10-07,399.72,401.16,398.0,399.43,6100
2015-10-08,398.0,403.74,393.69,403.74,16924
2015-10-11,396.56,399.15,395.12,397.71,4734
2015-10-14,393.69,398.28,392.25,398.28,1706
2015-10-15,399.43,402.31,394.26,402.31,1097
2015-10-18,397.14,400.87,396.56,399.43,3259
2015-10-19,399.43,400.87,396.85,399.43,8342
2015-10-25,395.12,395.12,395.12,395.12,594
2015-10-27,390.81,390.81,376.16,377.88,4523
2015-10-28,370.7,379.32,370.7,375.87,8715
2015-10-29,373.57,386.5,373.57,386.5,3504
2015-11-01,380.76,387.65,378.46,386.5,3954
2015-11-02,387.94,402.31,387.94,391.1,3760
2015-11-03,387.94,393.97,387.94,393.97,3507
2015-11-04,392.25,400.58,392.25,400.3,3333
2015-11-05,399.43,408.06,399.43,402.31,13636
2015-11-08,404.89,405.18,400.87,405.18,9539
2015-11-09,402.31,405.18,402.31,405.18,7141
2015-11-10,402.31,410.35,402.31,405.18,3560
2015-11-15,408.06,416.39,398.0,399.72,3736
2015-11-16,398.0,398.28,394.26,397.71,2608
2015-11-18,400.87,402.31,393.69,396.56,3793
2015-11-19,396.56,396.56,386.5,392.82,3899
2015-11-22,396.56,396.56,385.64,386.79,4757
2015-11-23,382.19,386.5,373.57,386.5,4937
2015-11-24,380.76,383.63,380.76,383.34,2926
2015-11-25,390.53,393.69,382.48,382.77,11043
2015-11-26,383.63,383.63,373.0,375.58,11093
2015-11-29,380.76,380.76,367.82,372.13,9834
2015-11-30,372.13,386.79,372.13,376.45,10459
2015-12-01,376.45,383.05,372.42,382.19,6250
2015-12-02,377.88,381.33,377.88,381.33,5639
2015-12-03,377.88,385.07,376.45,380.76,6245
2015-12-04,380.47,385.35,380.18,384.78,6435
2015-12-07,386.5,390.53,385.35,387.65,12758
2015-12-08,387.94,390.81,385.93,387.94,8368
2015-12-09,393.69,395.12,389.66,393.4,9028
2015-12-10,393.4,396.56,389.95,393.69,4823
2015-12-13,393.69,396.27,388.8,390.81,6608
2015-12-14,390.81,392.25,386.5,387.94,5770
2015-12-15,387.94,387.94,382.19,384.49,6640
2015-12-16,383.63,387.65,379.32,387.65,10890
2015-12-17,389.38,389.38,380.76,385.07,32247
2015-12-20,384.99,396.56,386.65,396.56,277
2015-12-21,396.56,398.21,388.3,388.3,3103
2015-12-22,389.62,389.62,383.34,385.99,1467
2015-12-23,385.99,389.95,380.04,389.95,1163
2015-12-24,389.95,391.6,386.32,388.3,3112
2015-12-25,388.3,388.3,384.99,388.3,2954
2015-12-28,388.3,388.3,386.65,388.3,1913
2015-12-29,388.3,386.65,383.34,386.65,1327
2015-12-31,386.65,389.95,386.65,387.97,2594
2016-01-03,387.97,388.3,385.32,385.32,6394
2016-01-04,385.32,388.3,380.04,380.04,4385
2016-01-05,383.34,383.34,380.04,383.34,5242
2016-01-06,380.37,386.65,380.37,386.65,2925
2016-01-07,386.65,399.87,380.7,395.9,5932
2016-01-10,395.9,412.42,396.89,409.78,4527
2016-01-11,413.08,424.98,411.76,413.08,5873
2016-01-12,421.35,424.65,410.11,413.08,6777
2016-01-13,413.08,454.39,421.35,454.39,3070
2016-01-14,463.31,489.09,449.44,452.74,2970
2016-01-17,458.36,462.65,442.83,446.13,2770
2016-01-18,449.44,449.44,441.17,442.83,1717
2016-01-19,442.83,451.42,439.52,442.83,984
2016-01-20,441.83,441.83,437.87,438.53,2271
2016-01-21,438.53,446.13,427.62,427.62,3304
2016-01-24,427.62,429.61,423.66,424.65,1696
2016-01-25,427.95,427.95,421.35,421.35,2150
2016-01-26,421.35,429.61,421.35,421.35,951
2016-01-27,421.35,426.96,421.35,421.35,919
2016-01-28,421.35,424.32,420.35,424.32,1346
2016-01-31,424.32,428.95,423.0,428.62,2684
2016-02-01,428.62,426.63,421.35,423.33,2687
2016-02-02,426.3,427.95,423.0,424.65,1274
2016-02-03,424.65,424.32,416.39,423.33,7781
2016-02-04,426.3,426.96,423.33,426.3,1164
2016-02-07,426.3,443.16,428.62,434.89,9723
2016-02-08,434.89,452.08,437.87,448.77,6467
2016-02-11,448.77,470.59,449.44,464.97,12677
2016-02-14,464.64,464.64,454.39,455.71,8093
2016-02-15,456.04,457.7,449.44,457.37,2057
2016-02-16,457.37,456.04,451.09,451.09,1647
2016-02-17,451.09,452.74,446.79,452.74,10399
2016-02-18,452.74,457.7,449.44,457.04,9468
2016-02-21,462.65,470.92,452.74,456.04,3985
2016-02-22,456.04,461.33,456.04,457.7,7730
2016-02-23,457.7,457.7,452.08,457.7,1212
2016-02-24,457.37,457.37,453.07,453.07,2349
2016-02-25,444.15,453.07,444.15,452.74,3577
2016-02-28,452.74,454.39,449.77,450.43,4144
2016-02-29,450.43,449.44,446.13,449.44,2955
2016-03-01,443.49,447.78,443.16,446.13,6760
2016-03-02,454.39,454.39,441.17,441.5,7193
2016-03-03,441.17,442.83,436.22,440.18,3343
2016-03-06,442.5,442.5,436.88,437.21,1469
2016-03-10,445.8,449.44,436.88,436.88,3051
2016-03-13,428.29,437.87,428.29,433.9,5617
2016-03-14,434.56,439.52,429.61,436.22,7586
2016-03-15,429.61,437.21,429.61,437.21,5799
2016-03-16,434.56,437.87,429.28,436.22,3347
2016-03-17,435.89,435.89,432.91,434.56,4623
2016-03-20,433.24,451.42,433.24,446.13,15320
2016-03-21,437.54,442.16,436.22,441.17,6546
2016-03-23,434.56,439.19,434.56,435.23,6726
2016-03-24,435.23,438.86,433.24,437.87,3383
2016-03-27,437.87,442.83,437.87,442.83,12256
2016-03-28,442.83,442.5,430.93,441.17,19299
2016-03-29,441.17,446.13,434.56,439.52,17364
2016-03-30,439.52,446.46,437.87,444.48,10208
2016-03-31,444.48,450.76,438.53,445.8,13219
2016-04-03,445.8,446.13,441.17,441.5,4764
2016-04-04,441.5,442.83,436.22,439.85,7023
2016-04-05,439.52,441.17,437.87,440.51,10942
2016-04-06,440.51,440.51,436.22,436.88,5438
2016-04-10,436.88,440.18,434.56,435.56,6736
2016-04-11,435.56,439.52,433.24,434.56,5353
2016-04-12,434.56,436.22,431.92,434.89,7456
2016-04-14,434.89,437.87,433.24,435.89,3113
2016-04-17,436.22,439.52,435.56,435.56,15559
2016-04-18,435.56,442.83,436.22,441.17,5492
2016-04-19,441.17,441.17,436.55,437.21,8954
2016-04-20,437.21,439.52,434.56,437.87,11231
2016-04-21,437.87,437.87,434.23,436.22,6431
2016-04-24,436.22,437.87,429.61,436.88,27535
2016-04-25,436.88,436.88,433.24,434.89,10566
2016-04-26,434.89,436.88,433.24,434.56,8164
2016-04-27,434.56,436.55,432.91,433.57,5356
2016-04-28,433.57,435.56,432.91,433.24,4314
2016-05-02,433.24,434.56,430.27,430.27,11370
2016-05-03,430.27,432.91,427.95,428.95,14387
2016-05-04,428.95,429.61,426.96,427.95,9644
2016-05-05,427.95,429.61,423.33,426.63,6342
2016-05-08,426.63,429.28,423.33,424.65,4890
2016-05-09,426.3,426.3,422.67,423.33,11658
2016-05-10,424.98,424.98,423.0,423.0,5344
2016-05-11,423.0,423.99,416.72,420.35,5017
2016-05-12,419.69,423.66,419.03,420.68,5728
2016-05-15,416.72,420.02,416.39,417.71,16595
2016-05-16,417.71,419.36,415.4,416.06,4536
2016-05-17,416.39,428.95,416.39,419.69,18874
2016-05-18,419.69,427.62,418.04,421.35,14156
2016-05-19,421.35,427.62,423.0,424.65,12986
2016-05-22,424.65,430.6,424.65,425.97,9192
2016-05-23,425.97,426.63,424.65,424.65,20537
2016-05-24,424.65,426.96,423.0,423.99,10290
2016-05-25,423.99,432.91,423.66,424.32,14530
2016-05-26,424.32,429.94,423.0,429.61,14393
2016-05-29,429.61,463.98,437.54,449.44,23985
2016-05-30,449.44,465.96,458.36,461.0,48838
2016-05-31,461.0,506.94,462.65,505.61,97255
2016-06-01,505.61,528.75,472.9,486.12,45817
2016-06-02,486.12,480.17,466.62,468.93,18850
2016-06-05,468.93,469.26,449.44,452.74,13542
2016-06-06,452.74,468.93,457.7,462.65,13522
2016-06-07,462.65,469.26,462.65,463.31,7497
2016-06-08,463.31,464.31,459.35,462.65,10193
2016-06-09,456.38,464.31,456.38,460.67,10848
2016-06-12,460.67,457.7,447.78,455.71,13432
2016-06-13,455.71,462.65,454.39,457.37,6798
2016-06-14,461.0,475.87,457.7,462.65,13551
2016-06-15,468.93,469.26,460.01,460.01,13377
2016-06-16,460.01,463.98,457.37,461.0,14575
2016-06-19,461.0,459.68,452.08,452.74,16926
2016-06-20,452.74,459.35,451.09,452.74,10664
2016-06-21,452.74,459.35,451.09,452.74,10614
2016-06-22,461.66,462.65,457.7,462.65,24505
2016-06-23,462.65,479.18,463.65,467.61,25156
2016-06-26,467.61,470.92,462.65,469.26,14717
2016-06-27,469.26,475.87,467.61,475.54,8307
2016-06-28,475.54,484.46,469.59,484.46,18336
2016-06-29,484.46,489.09,479.18,487.11,13171
2016-06-30,487.11,490.08,479.18,481.49,12874
2016-07-03,481.49,480.83,470.92,479.18,18925
2016-07-04,479.18,479.18,473.23,475.87,12735
2016-07-05,473.23,480.83,470.92,476.2,7051
2016-07-06,475.21,476.53,469.26,474.22,15686
2016-07-10,474.22,474.22,464.97,471.91,13140
2016-07-11,471.91,470.92,464.31,464.64,13098
2016-07-12,464.64,469.26,456.04,461.0,11200
2016-07-13,461.0,469.26,456.04,461.66,14484
2016-07-14,462.65,475.87,459.35,473.23,11973
2016-07-17,475.87,475.54,465.96,469.26,3562
2016-07-18,469.26,475.87,462.32,465.96,8608
2016-07-19,462.65,465.96,459.35,465.3,7528
2016-07-20,464.31,464.97,461.33,462.32,9133
2016-07-21,462.32,462.65,456.04,460.67,5974
2016-07-25,460.67,462.32,456.04,458.69,12816
2016-07-26,458.69,462.32,456.04,459.35,15897
2016-07-27,459.35,464.31,459.35,462.65,23604
2016-07-28,462.65,462.65,456.04,460.67,6657
2016-07-31,460.67,462.98,456.71,459.02,10000
2016-08-01,459.02,458.03,451.09,454.39,7615
2016-08-02,454.39,456.04,448.11,452.74,7978
2016-08-03,452.74,456.04,447.78,451.75,6283
2016-08-04,451.75,449.44,444.81,446.13,9382
2016-08-07,446.13,457.7,440.18,440.51,6949
2016-08-08,440.51,434.56,424.98,424.98,6257
2016-08-09,433.24,450.43,433.24,450.43,170
2016-08-10,446.13,450.43,437.87,441.17,4808
2016-08-11,433.24,442.83,433.24,437.87,3058
2016-08-14,439.52,442.83,429.61,431.26,7570
2016-08-15,423.0,429.61,413.41,426.3,7776
2016-08-16,423.0,438.2,419.69,429.61,8063
2016-08-17,431.59,432.91,423.66,427.62,7449
2016-08-21,429.61,429.61,423.0,423.0,5047
2016-08-22,426.3,426.3,409.78,413.08,6770
2016-08-23,413.08,421.35,410.44,411.76,6572
2016-08-24,415.73,419.69,409.78,419.69,7442
2016-08-28,416.39,419.69,411.43,415.73,5282
2016-08-29,415.73,416.39,407.47,409.45,11341
2016-08-30,403.83,439.85,403.83,436.22,71011
2016-08-31,427.62,435.23,421.35,424.65,9698
2016-09-01,421.35,423.66,414.74,419.69,4037
2016-09-04,419.69,420.68,414.74,416.39,9147
2016-09-05,416.39,421.35,416.39,418.04,6650
2016-09-06,417.05,429.94,417.05,424.32,5232
2016-09-07,426.3,429.61,420.02,420.02,6388
2016-09-08,426.3,449.44,423.0,438.86,34560
2016-09-11,447.45,474.55,446.13,451.09,38150
2016-09-12,449.44,454.39,433.57,438.86,12258
2016-09-14,439.52,439.52,431.26,436.22,10744
2016-09-18,444.81,454.39,436.55,436.55,18274
2016-09-20,436.22,436.22,422.01,426.63,7947
2016-09-21,423.33,423.33,413.08,421.35,11773
2016-09-22,419.69,426.3,413.41,424.65,5403
2016-09-25,419.69,426.3,413.41,424.65,5403
2016-09-26,413.74,421.35,413.74,416.39,4093
2016-09-27,419.69,419.69,415.4,416.39,3900
2016-09-28,409.78,418.04,409.78,416.39,13888
2016-09-29,418.04,421.02,413.74,414.08,10589
2016-10-02,414.74,418.04,413.08,413.08,7390
2016-10-03,413.41,416.06,411.76,413.08,9567
2016-10-04,413.08,417.05,411.43,413.41,10341
2016-10-05,416.72,416.72,408.13,412.75,13441
2016-10-06,420.68,436.22,413.08,416.39,13557
2016-10-16,423.0,423.0,407.47,413.08,4690
2016-10-17,411.43,416.72,409.78,416.72,3157
2016-10-18,413.08,416.06,411.43,413.08,3069
2016-10-19,413.08,415.07,411.43,415.07,4542
2016-10-20,413.08,414.74,412.75,414.41,6590
2016-10-23,419.69,419.69,410.44,411.1,4402
2016-10-24,411.43,412.42,408.13,409.78,5956
2016-10-25,408.13,410.44,408.13,409.78,3442
2016-10-26,413.08,413.08,404.82,408.13,4471
2016-10-27,408.13,413.08,406.47,413.08,8215
2016-11-03,412.75,413.74,410.44,410.77,3473
2016-11-07,412.42,413.08,408.13,408.13,10235
2016-11-08,408.46,411.43,404.16,404.16,5750
2016-11-09,403.17,408.13,396.56,399.87,9159
2016-11-10,404.82,414.74,396.56,400.86,6838
2016-11-13,392.93,401.19,392.93,398.87,8462
2016-11-14,398.21,400.2,395.9,395.9,7342
2016-11-15,396.56,399.53,390.61,392.93,8187
2016-11-16,389.95,393.26,384.99,388.3,10094
2016-11-17,388.3,388.3,375.41,375.41,10894
2016-11-20,371.78,371.78,355.25,360.21,8841
2016-11-21,360.21,367.15,353.6,361.53,5262
2016-11-22,354.59,366.82,347.65,357.23,7247
2016-11-23,358.56,358.56,352.28,353.6,8833
2016-11-24,356.9,357.23,341.04,351.95,6437
2016-11-27,348.64,348.64,327.16,330.47,19987
2016-11-28,324.52,343.36,312.29,340.05,13725
2016-11-29,333.44,356.9,323.86,356.9,8460
2016-11-30,357.23,363.84,351.95,356.9,11229
2016-12-01,363.84,370.78,347.32,350.96,9635
2016-12-04,348.64,348.64,338.73,338.73,6879
2016-12-05,344.68,344.68,330.47,330.47,9238
2016-12-06,330.47,337.08,327.16,332.45,12334
2016-12-07,332.12,343.69,330.47,343.69,10081
2016-12-08,343.36,343.36,335.09,337.74,4056
2016-12-11,332.12,340.05,329.15,329.15,9328
2016-12-12,330.47,333.44,323.86,330.47,8582
2016-12-14,327.49,330.47,320.55,327.82,5257
2016-12-15,323.86,327.16,317.25,323.86,17273
2016-12-18,322.21,322.21,316.59,317.58,15932
2016-12-19,322.21,322.21,315.6,316.59,10490
2016-12-20,312.29,312.29,303.04,307.0,23131
2016-12-21,307.0,307.0,299.07,304.03,10975
2016-12-22,304.03,304.03,297.42,297.42,43186
2016-12-26,297.35,294.45,283.9,287.18,7683
2016-12-27,287.18,287.18,276.27,282.81,10419
2016-12-28,283.54,290.81,280.27,290.45,9429
2016-12-29,294.45,294.81,290.81,290.81,24203
2017-01-01,296.26,299.54,293.72,296.26,12046
2017-01-02,297.35,300.99,294.81,297.35,11263
2017-01-03,295.17,298.08,294.45,294.45,6109
2017-01-04,291.17,294.45,288.99,292.63,3779
2017-01-05,292.63,294.81,290.81,293.36,6201
2017-01-08,290.08,292.63,290.08,290.81,5787
2017-01-09,289.72,294.45,289.72,291.54,3187
2017-01-10,291.54,299.9,291.54,298.08,1654
2017-01-11,298.44,298.44,295.54,296.99,2318
2017-01-12,297.72,298.08,294.45,296.99,5112
2017-01-15,295.17,295.17,293.36,293.72,680
2017-01-16,296.26,296.26,293.72,293.72,1775
2017-01-17,292.63,296.26,291.17,294.08,3867
2017-01-18,288.27,295.9,288.27,292.99,2558
2017-01-19,291.54,296.99,290.81,296.99,5854
2017-01-22,294.45,298.08,292.63,295.17,2233
2017-01-23,298.08,298.08,292.99,293.72,1208
2017-01-24,294.45,294.45,288.63,288.63,4553
2017-01-25,283.18,287.54,278.09,280.63,3943
2017-01-26,275.54,283.54,275.54,279.91,4229
2017-01-30,283.9,283.9,271.18,271.18,8571
2017-01-31,275.54,275.91,270.45,273.36,5457
2017-02-01,278.09,287.18,276.27,283.54,4272
2017-02-02,285.72,285.72,274.45,279.91,5371
2017-02-05,276.63,280.63,274.09,279.18,3355
2017-02-06,275.54,279.91,275.18,276.63,5096
2017-02-07,274.82,276.63,268.27,273.73,18763
2017-02-08,272.64,274.45,269.36,272.64,3564
2017-02-09,272.64,273.73,269.73,271.18,3664
2017-02-12,269.0,276.27,258.09,258.09,6059
2017-02-13,254.46,264.27,241.74,264.27,17591
2017-02-14,259.91,259.91,252.28,254.46,15059
2017-02-15,259.55,262.09,254.82,262.09,9467
2017-02-16,263.55,267.18,258.46,267.18,9723
2017-02-19,262.09,265.37,261.73,263.55,9475
2017-02-20,265.37,271.91,261.73,265.37,15394
2017-02-21,269.0,269.0,262.09,265.37,6961
2017-02-22,261.73,269.73,261.73,264.64,6105
2017-02-23,262.09,269.0,260.64,264.64,2885
2017-02-26,263.91,263.91,254.46,258.82,11221
2017-02-28,254.46,259.55,253.73,259.55,3227
2017-03-01,261.73,263.18,259.91,261.0,1553
2017-03-02,261.37,265.0,261.0,265.0,2241
2017-03-05,270.09,270.09,265.0,268.64,6340
2017-03-06,273.73,274.45,270.82,273.0,6639
2017-03-07,269.0,269.0,263.55,266.82,7849
2017-03-09,265.37,269.0,265.37,266.46,4564
2017-03-13,265.37,270.82,265.0,265.0,3666
2017-03-14,263.55,268.64,263.55,266.09,4108
2017-03-15,264.27,276.27,263.55,272.64,9041
2017-03-16,276.27,276.27,271.91,272.64,5422
2017-03-19,271.91,287.18,273.73,286.81,6272
2017-03-20,292.27,294.45,287.18,290.81,6779
2017-03-21,290.81,292.63,278.09,290.81,12722
2017-03-22,296.26,302.44,289.36,297.35,27981
2017-03-23,297.35,303.9,292.63,300.99,10052
2017-03-26,300.26,330.8,300.26,330.8,16026
2017-03-28,330.8,356.24,337.34,347.16,12069
2017-03-29,347.16,359.15,332.98,332.62,21835
2017-03-30,332.62,338.07,318.8,327.89,9656
2017-04-02,334.43,341.7,332.62,340.98,7234
2017-04-03,347.52,366.79,329.71,339.16,12341
2017-04-04,334.43,343.16,327.89,330.8,4727
2017-04-06,330.8,335.52,327.16,329.34,11037
2017-04-09,330.8,330.8,323.53,327.16,6325
2017-04-10,327.16,339.52,323.53,332.25,8583
2017-04-11,330.8,337.34,328.98,332.25,6002
2017-04-12,338.43,338.43,330.8,331.89,11808
2017-04-13,330.8,330.8,321.71,326.44,5894
2017-04-16,327.16,330.8,318.07,319.17,7334
2017-04-18,312.62,312.99,303.9,306.08,10402
2017-04-19,306.08,314.44,300.26,312.99,4296
2017-04-20,309.71,315.89,309.71,313.71,5025
2017-04-23,319.89,338.07,312.62,312.99,8666
2017-04-24,319.89,319.89,311.89,316.26,1777
2017-04-25,316.26,316.26,308.99,311.17,6067
2017-04-26,305.72,314.44,305.72,311.89,7129
2017-04-27,311.17,314.44,310.8,311.17,5638
2017-04-30,308.99,311.89,303.53,311.89,9279
2017-05-02,311.89,312.62,307.53,311.53,2708
2017-05-03,312.62,312.62,305.35,308.26,4891
2017-05-04,308.26,310.8,305.35,307.53,5108
2017-05-07,303.53,308.99,302.08,302.08,6717
2017-05-08,298.44,307.17,298.44,305.35,2483
2017-05-09,305.35,324.25,301.72,318.07,9106
2017-05-11,324.25,328.98,317.35,325.71,19373
2017-05-15,330.8,331.52,321.71,325.71,12837
2017-05-16,325.71,325.71,313.71,321.71,6011
2017-05-17,321.71,321.71,314.44,314.44,949
2017-05-18,314.44,319.17,311.17,319.17,3449
2017-05-21,312.99,317.71,310.8,317.35,6643
2017-05-22,316.26,316.26,309.71,311.17,4471
2017-05-23,312.62,316.62,312.62,312.99,3091
2017-05-24,312.99,318.07,307.17,312.62,4158
2017-05-28,308.26,308.99,301.72,308.99,9934
2017-05-30,307.17,307.17,299.9,306.44,13442
2017-05-31,306.44,310.8,299.9,305.35,5724
2017-06-01,299.9,311.53,299.54,311.53,10505
2017-06-04,307.17,309.35,303.53,303.53,4819
2017-06-05,303.53,310.8,303.53,305.35,3043
2017-06-06,299.54,313.71,299.54,313.71,11949
2017-06-07,316.98,316.98,311.17,311.17,6550
2017-06-08,305.72,310.8,305.72,309.71,4450
2017-06-11,306.08,306.08,298.44,301.72,6168
2017-06-12,299.17,302.81,298.44,299.9,4484
2017-06-13,299.9,305.35,299.17,305.35,3618
2017-06-14,302.44,305.35,302.08,305.35,1123
2017-06-15,303.53,308.99,302.44,305.35,2441
2017-06-18,303.53,303.53,300.26,302.44,2359
2017-06-19,299.9,300.63,298.08,299.17,3248
2017-06-20,299.9,299.9,292.99,297.72,4048
2017-06-21,295.17,296.63,292.63,296.26,3279
2017-06-22,296.63,301.35,296.26,301.35,1854
2017-06-25,302.81,302.81,294.45,297.72,5530
2017-06-27,303.53,303.53,294.45,296.26,2249
2017-06-28,297.72,297.72,290.81,292.63,7707
2017-07-02,288.99,294.45,288.99,290.81,3374
2017-07-03,291.17,292.63,289.36,292.27,3244
2017-07-04,292.27,292.27,289.36,290.45,3289
2017-07-05,290.81,294.45,287.9,294.08,2646
2017-07-06,300.26,300.26,292.99,294.45,4280
2017-07-09,294.45,296.26,288.99,290.81,11360
2017-07-10,290.81,292.63,285.36,287.9,6601
2017-07-11,282.45,293.36,282.45,289.72,2083
2017-07-12,291.17,291.17,288.27,288.99,15624
2017-07-13,293.72,293.72,287.18,290.08,8375
2017-07-16,291.17,291.54,288.99,288.99,2469
2017-07-17,289.72,290.81,285.72,288.27,6034
2017-07-18,293.72,299.54,287.54,299.54,11041
2017-07-19,294.45,300.26,294.45,295.54,4393
2017-07-20,295.54,298.08,294.45,297.72,6610
2017-07-23,296.26,298.44,294.45,298.44,5784
2017-07-24,297.35,297.35,293.72,295.54,6086
2017-07-25,299.54,299.54,293.72,294.81,7889
2017-07-26,294.45,302.08,292.63,295.17,6815
2017-07-27,290.81,298.44,289.72,290.81,6720
2017-07-30,290.81,292.27,289.36,290.81,3947
2017-07-31,290.81,300.26,290.45,298.08,9056
2017-08-01,294.81,296.26,294.45,296.26,11748
2017-08-02,294.81,300.63,294.45,294.81,3480
2017-08-03,294.81,299.9,292.63,292.63,12550
2017-08-06,292.63,298.08,289.72,290.81,9823
2017-08-07,290.81,292.63,290.81,291.17,9166
2017-08-09,294.45,294.45,289.72,289.72,9656
2017-08-10,289.72,290.81,289.36,290.81,9472
2017-08-13,294.45,294.45,287.18,287.18,6837
2017-08-15,281.72,284.27,281.72,283.54,4131
2017-08-16,287.18,290.81,283.54,285.36,5837
2017-08-17,285.36,288.99,281.72,285.36,8692
2017-08-20,287.18,287.18,285.36,285.72,6586
2017-08-21,283.54,287.18,283.54,285.36,4459
2017-08-22,287.18,287.18,283.54,286.45,1831
2017-08-23,285.36,286.45,283.9,283.9,2525
2017-08-24,283.9,289.36,283.9,284.63,4503
2017-08-27,284.63,287.18,285.36,285.36,4039
2017-08-28,283.9,285.36,282.09,285.36,3022
2017-08-30,286.81,286.81,279.18,279.91,5921
2017-08-31,279.91,284.27,279.18,281.0,4956
2017-09-04,279.91,290.08,277.0,278.45,6857
2017-09-06,277.36,283.54,277.0,279.91,6766
2017-09-07,280.63,280.63,276.27,277.72,4657
2017-09-10,278.09,279.18,276.27,276.27,5372
2017-09-11,276.27,278.09,274.45,275.18,4634
2017-09-12,274.45,274.45,270.82,274.09,2758
2017-09-13,269.36,279.91,269.0,278.82,4620
2017-09-14,279.91,283.54,275.54,275.54,2593
2017-09-17,272.64,278.09,270.45,276.27,6799
2017-09-18,279.91,284.99,274.82,283.18,6239
2017-09-20,279.91,283.54,275.91,283.54,2888
2017-09-24,283.54,284.63,279.91,283.54,5749
2017-09-25,283.54,290.45,282.81,290.08,2422
2017-09-26,291.17,292.63,287.18,290.81,6536
2017-10-03,294.45,315.17,290.81,314.44,8734
2017-10-04,320.62,326.8,302.08,303.9,21104
2017-10-08,305.35,305.35,292.27,299.9,10718
2017-10-09,301.72,301.72,292.27,294.81,17823
2017-10-10,290.81,301.72,290.81,298.08,11184
2017-10-11,303.9,308.99,301.72,308.26,36901
2017-10-12,308.26,314.8,303.53,304.62,80611
2017-10-15,307.17,309.35,301.35,307.53,10182
2017-10-16,310.8,314.44,308.99,314.44,22782
2017-10-17,318.44,323.53,310.08,321.71,30025
2017-10-18,318.44,330.8,318.44,327.53,44422
2017-10-22,327.89,337.34,327.89,329.34,53361
2017-10-23,329.42,336.94,328.16,328.58,7825
2017-10-24,328.58,328.16,319.8,320.22,4833
2017-10-25,321.47,321.47,314.37,315.62,5893
2017-10-29,315.62,316.04,310.19,312.69,16281
2017-10-30,313.11,317.71,313.11,316.46,4175
2017-10-31,317.71,319.8,316.46,317.71,10707
2017-11-01,319.8,326.07,318.97,320.22,6022
2017-11-02,317.71,323.98,317.71,323.98,8464
2017-11-05,322.73,322.73,315.2,318.55,14180
2017-11-06,318.55,321.47,313.53,321.47,7701
2017-11-07,324.82,326.07,319.8,323.15,8011
2017-11-08,323.98,323.98,316.04,316.46,15506
2017-11-09,321.89,323.98,316.87,320.22,6570
2017-11-12,319.8,334.01,323.98,330.25,13861
2017-11-13,332.34,357.42,332.34,357.01,39163
2017-11-14,364.11,375.82,358.68,369.97,68710
2017-11-15,372.06,372.06,357.01,357.84,45234
2017-11-16,352.83,357.01,349.9,350.74,22531
2017-11-19,350.74,371.64,348.23,349.06,9786
2017-11-20,349.06,351.99,343.21,344.88,8351
2017-11-21,344.05,350.74,344.05,346.97,11240
2017-11-22,346.97,356.59,346.97,355.75,10202
2017-11-23,355.75,363.7,355.75,362.02,12262
2017-11-26,362.02,383.76,357.42,383.76,46218
2017-11-27,383.34,403.41,373.31,392.54,69469
2017-11-28,392.96,402.99,387.11,401.32,44590
2017-11-29,403.41,407.59,389.61,392.96,62416
2017-11-30,392.96,401.32,384.6,397.56,46434
2017-12-04,401.32,401.32,394.63,396.3,17790
2017-12-05,390.87,392.12,389.61,390.87,10071
2017-12-06,397.14,405.08,395.05,397.14,13237
2017-12-10,397.56,404.66,392.12,395.88,26553
2017-12-11,403.41,403.41,394.63,395.88,17274
2017-12-12,394.63,397.14,394.63,395.47,13681
2017-12-13,395.05,405.08,389.61,398.81,14011
2017-12-14,397.14,402.57,395.05,402.57,4162
2017-12-17,397.14,398.39,393.38,395.05,13175
2017-12-18,395.05,399.65,394.63,399.23,16493
2017-12-19,395.47,400.9,394.21,398.39,9790
2017-12-20,396.3,396.3,388.78,391.7,14162
2017-12-21,390.87,390.87,385.02,385.43,10697
2017-12-24,387.11,394.63,384.6,385.85,5535
2017-12-26,378.75,380.84,376.24,376.65,22480
2017-12-27,371.64,384.18,371.64,373.31,19599
2017-12-28,371.22,378.33,366.62,370.8,6444
2017-12-31,364.11,369.97,359.52,369.55,8701
2018-01-01,371.22,382.51,367.04,380.42,17693
2018-01-02,382.51,387.94,374.15,374.15,5932
2018-01-03,374.15,376.24,367.88,369.97,4558
2018-01-04,369.97,371.64,368.71,368.71,4324
2018-01-07,363.7,374.15,363.7,369.97,7112
2018-01-08,372.06,374.98,369.97,373.73,6777
2018-01-09,373.73,378.33,371.22,375.4,10397
2018-01-10,373.31,377.49,369.55,372.89,9988
2018-01-14,369.97,398.81,367.88,398.81,12479
2018-01-16,390.87,390.87,366.2,369.97,6159
2018-01-17,368.71,372.06,365.79,367.04,5438
2018-01-21,364.53,370.38,364.53,368.71,4410
2018-01-22,373.73,375.82,369.13,373.73,3622
2018-01-23,372.06,372.06,367.88,368.71,4559
2018-01-24,367.88,369.13,367.88,368.29,5504
2018-01-25,368.29,370.8,368.29,370.8,3302
2018-01-28,372.06,372.06,367.46,367.46,4555
2018-01-29,367.88,367.88,362.44,366.62,3046
2018-01-31,365.79,367.88,364.95,367.04,2571
2018-02-01,367.88,372.06,363.7,365.79,6821
2018-02-04,365.79,368.29,365.79,367.04,4102
2018-02-05,366.62,366.62,362.02,363.28,4820
2018-02-06,361.61,363.28,358.68,359.1,5510
2018-02-07,360.35,360.35,353.24,356.59,6152
2018-02-08,355.75,364.53,355.33,364.53,4113
2018-02-11,362.02,362.02,355.33,355.75,9958
2018-02-12,355.33,357.42,355.33,355.75,3733
2018-02-14,362.86,362.86,355.75,359.52,1570
2018-02-15,361.61,372.47,359.93,372.47,5833
2018-02-18,372.47,372.06,366.62,366.62,5715
2018-02-20,361.61,366.62,359.93,361.61,1341
2018-02-21,359.52,359.52,355.33,357.01,1936
2018-02-22,355.33,359.52,353.66,355.33,8451
2018-02-25,355.33,355.33,351.15,353.24,6158
2018-02-26,353.24,353.24,346.97,346.97,7010
2018-02-27,349.06,355.33,346.97,346.97,4084
2018-02-28,353.24,349.06,344.05,345.3,7979
2018-03-04,339.03,339.03,328.16,332.34,8077
2018-03-06,323.15,336.52,320.22,330.25,6587
2018-03-07,334.43,336.52,330.25,335.27,6195
2018-03-11,335.27,333.6,319.8,320.22,7351
2018-03-12,320.22,319.8,311.86,317.29,11023
2018-03-13,317.29,317.71,311.86,317.71,5728
2018-03-14,317.71,320.22,316.87,320.22,3345
2018-03-15,317.71,325.65,317.71,323.98,2825
2018-03-18,324.82,324.82,317.71,317.71,4112
2018-03-19,317.71,319.38,312.28,313.53,8879
2018-03-20,311.02,313.53,307.26,309.35,4763
2018-03-21,309.35,309.35,302.24,303.08,6652
2018-03-22,300.99,310.6,292.63,298.06,17788
2018-03-26,297.65,297.65,283.85,284.27,13245
2018-03-27,280.92,311.44,276.33,296.81,6066
2018-03-28,296.81,301.41,289.28,292.63,27220
2018-03-29,298.48,300.15,292.63,299.74,11280
2018-04-01,300.99,300.99,288.03,292.63,12520
2018-04-02,294.3,295.97,290.96,292.63,8890
2018-04-03,292.63,296.81,290.96,295.97,7486
2018-04-04,296.81,306.01,296.81,304.33,6147
2018-04-05,309.35,312.69,303.08,312.28,10117
2018-04-08,309.35,337.78,309.35,331.92,13684
2018-04-09,338.2,338.2,325.65,329.83,24064
2018-04-10,323.56,330.25,316.46,317.71,12480
2018-04-11,317.71,321.89,314.37,321.47,4511
2018-04-12,321.89,326.91,321.89,322.73,17199
2018-04-15,322.73,321.89,311.86,318.55,10876
2018-04-16,316.04,326.07,316.04,311.86,10684
2018-04-17,318.13,334.43,320.22,329.0,9818
2018-04-18,334.01,361.61,325.24,357.42,39260
2018-04-19,355.33,367.88,351.99,361.61,49054
2018-04-22,361.61,379.58,359.52,378.75,30381
2018-04-23,380.42,380.42,359.52,366.62,41975
2018-04-24,363.7,367.88,359.1,359.1,19937
2018-04-25,363.7,363.7,356.59,358.68,21733
2018-04-26,365.79,365.79,346.56,346.97,13870
2018-04-29,342.79,353.66,341.12,346.14,7595
2018-05-02,346.14,352.83,340.7,351.15,5671
2018-05-03,351.57,365.79,351.57,358.26,28081
2018-05-06,365.37,365.37,351.15,356.17,9425
2018-05-07,356.17,356.17,351.57,352.83,6952
2018-05-08,357.42,359.52,351.15,357.01,6343
2018-05-09,357.01,357.42,355.33,357.01,3326
2018-05-10,357.01,354.08,349.9,351.15,8641
2018-05-14,346.97,350.32,346.14,348.65,5580
2018-05-15,346.97,347.81,342.79,344.88,3709
2018-05-16,340.29,351.15,340.29,350.32,5805
2018-05-17,351.57,353.24,350.74,351.57,7015
2018-05-20,353.24,361.19,349.48,354.5,7342
2018-05-21,355.33,357.01,350.32,351.57,5194
2018-05-22,358.26,358.26,349.48,349.9,8133
2018-05-23,347.39,351.57,346.14,351.15,5372
2018-05-24,351.57,351.99,349.48,349.48,5603
2018-05-27,344.05,346.14,342.79,342.79,6464
2018-05-28,342.79,355.75,340.7,351.57,10230
2018-05-29,349.06,354.08,347.39,350.74,7744
2018-05-30,345.3,355.33,345.3,348.23,9714
2018-05-31,348.65,352.83,343.63,345.3,3459
2018-06-03,342.79,344.88,336.52,336.94,8608
2018-06-04,331.92,342.79,330.67,332.76,10075
2018-06-06,338.61,343.21,336.52,336.52,3433
2018-06-07,336.52,336.52,327.74,327.74,6415
2018-06-10,322.31,325.65,318.97,321.89,4536
2018-06-11,319.8,333.18,317.71,323.15,6710
2018-06-12,319.8,327.74,317.71,321.89,2184
2018-06-13,321.89,326.07,321.89,323.98,1365
2018-06-14,326.07,331.92,318.55,324.82,5644
2018-06-17,321.89,322.73,317.71,317.71,2697
2018-06-18,312.28,321.06,312.28,320.64,2481
2018-06-19,316.87,321.89,316.87,321.89,7186
2018-06-20,317.71,319.38,317.71,318.55,3290
2018-06-21,317.71,321.89,315.62,319.38,5621
2018-06-24,319.8,321.89,317.71,317.71,6121
2018-06-25,315.62,316.04,311.86,313.53,4903
2018-06-26,313.53,315.62,311.44,313.53,3428
2018-06-27,307.26,313.53,307.26,311.44,2406
2018-06-28,313.53,313.53,311.86,313.53,1436
2018-07-01,310.19,313.53,310.19,311.86,2576
2018-07-02,313.53,314.37,310.6,311.02,3020
2018-07-03,306.84,306.84,303.92,303.92,1025
2018-07-04,303.92,311.44,302.66,309.35,4424
2018-07-05,311.44,321.89,311.02,321.89,8565
2018-07-08,323.98,323.98,316.04,317.71,10746
2018-07-09,311.44,315.62,308.51,313.53,3762
2018-07-10,313.53,313.53,310.6,311.02,2205
2018-07-11,318.55,318.55,314.37,314.37,4333
2018-07-12,312.69,312.69,307.26,309.35,4785
2018-07-15,305.17,315.2,305.17,315.2,4153
2018-07-16,311.02,330.25,308.51,330.25,13417
2018-07-17,323.98,323.98,313.53,314.78,2819
2018-07-18,308.51,314.78,308.51,311.44,1524
2018-07-19,310.19,310.6,308.93,310.6,6197
2018-07-22,307.68,309.35,306.42,308.51,3027
2018-07-23,305.59,313.53,305.59,313.53,3451
2018-07-24,313.53,321.06,313.53,314.37,4583
2018-07-25,313.53,317.29,311.44,317.29,5535
2018-07-26,313.53,313.53,310.19,312.28,3276
2018-07-29,313.53,313.53,309.35,309.35,2689
2018-07-30,309.35,321.06,308.51,309.35,3942
2018-07-31,309.35,311.02,309.35,310.6,2735
2018-08-01,310.19,313.53,310.19,311.86,2576
2018-08-02,313.53,314.37,310.6,311.02,3020
2018-08-05,309.35,310.6,306.42,310.19,5260
2018-08-06,310.19,310.19,308.93,309.35,2336
2018-08-07,305.17,309.35,305.17,309.35,798
2018-08-08,313.11,313.11,308.51,311.44,2889
2018-08-09,307.26,308.93,305.59,308.51,4978
2018-08-12,305.17,305.59,300.57,300.99,6933
2018-08-13,298.9,303.08,296.39,303.08,3961
2018-08-14,299.74,304.33,299.32,304.33,2347
2018-08-15,304.33,309.35,300.99,307.68,4065
2018-08-16,313.53,313.53,304.33,305.59,9035
2018-08-19,300.57,306.42,300.57,304.33,2773
2018-08-20,303.92,303.92,296.81,298.06,11450
2018-08-21,298.9,299.74,295.97,298.9,7405
2018-08-22,298.9,304.33,297.23,304.33,1491
2018-08-23,298.9,300.99,297.23,299.32,5021
2018-08-26,296.81,298.9,295.97,298.06,2520
2018-08-28,295.55,299.32,295.55,298.9,2889
2018-08-29,295.97,297.65,295.55,296.81,8783
2018-08-30,295.97,298.9,295.97,297.23,2448
2018-09-02,297.23,300.99,297.23,298.06,2143
2018-09-03,300.99,303.5,300.15,301.83,6276
2018-09-04,302.24,302.66,300.15,300.57,4551
2018-09-05,300.99,309.35,300.99,308.93,11436
2018-09-06,309.35,309.35,301.83,302.66,4432
2018-09-09,311.86,311.86,300.57,304.75,4156
2018-09-10,303.08,303.08,300.15,300.99,3398
2018-09-11,300.99,305.17,300.99,301.41,3379
2018-09-12,300.99,302.66,300.99,301.83,3578
2018-09-13,303.08,305.17,301.83,303.08,10232
2018-09-16,303.08,303.92,298.9,302.24,8871
2018-09-17,303.08,303.08,298.48,301.83,2868
2018-09-18,300.99,307.26,299.74,306.84,12662
2018-09-20,300.99,306.84,300.99,305.17,10621
2018-09-23,301.41,313.11,300.99,306.42,16540
2018-09-25,305.17,310.19,303.92,309.35,13809
2018-09-26,313.53,313.53,304.33,309.35,9694
2018-09-27,303.5,306.42,303.5,303.92,2095
2018-09-30,300.99,306.84,299.32,305.17,7852
2018-10-01,305.17,305.17,301.41,303.08,3717
2018-10-02,303.08,304.75,303.08,303.08,13001
2018-10-03,298.48,303.08,298.48,300.57,6634
2018-10-04,298.48,302.24,298.48,300.99,9553
2018-10-07,298.9,303.5,297.65,301.41,9884
2018-10-08,298.9,302.24,298.9,302.24,4048
2018-10-09,300.99,301.41,298.9,298.9,24208
2018-10-10,298.9,300.99,296.81,299.32,15286
2018-10-11,300.99,302.24,299.74,302.24,8859
2018-10-14,302.24,303.5,300.99,301.41,7370
2018-10-15,300.99,302.66,300.99,300.99,6569
2018-10-21,300.99,300.99,296.81,299.74,685
2018-10-22,297.65,300.99,296.81,300.57,4008
2018-10-23,298.9,300.99,298.9,300.57,7432
2018-10-24,298.48,303.92,298.48,303.92,4504
2018-10-25,302.24,302.24,300.57,300.57,7054
2018-10-28,300.15,300.15,297.23,298.9,7849
2018-10-29,296.81,298.48,295.55,296.39,4469
2018-10-30,296.81,297.65,294.3,295.55,3398
2018-10-31,295.14,295.97,292.63,295.14,5400
2018-11-01,291.37,294.72,291.37,293.46,3806
2018-11-04,292.21,293.05,289.28,291.37,1274
2018-11-05,292.63,293.88,290.54,293.88,1478
2018-11-14,288.87,292.63,287.61,287.61,2693
2018-11-15,287.61,292.63,285.1,285.52,2073
2018-11-18,285.52,287.61,282.6,283.01,6165
2018-11-19,283.01,283.01,276.74,277.16,4618
2018-11-20,277.16,282.18,277.16,280.09,4291
2018-11-21,278.0,278.0,269.64,273.4,7439
2018-11-22,273.4,278.0,272.14,272.56,2238
2018-11-25,272.56,278.0,267.55,267.55,3299
2018-11-26,268.34,272.98,263.37,267.55,5038
2018-11-27,267.55,269.64,267.55,268.38,5562
2018-11-28,268.38,268.38,265.87,265.87,2745
2018-11-29,265.87,267.13,263.37,267.13,3169
2018-12-02,267.13,267.13,258.77,259.6,8225
2018-12-03,259.6,262.95,259.19,260.02,13705
2018-12-04,260.02,261.28,258.35,261.28,9402
2018-12-06,256.26,256.26,246.64,250.82,10563
2018-12-09,250.82,255.0,249.15,255.0,12745
2018-12-10,255.0,256.68,250.82,254.17,8775
2018-12-11,254.17,256.68,254.17,254.17,3389
2018-12-12,254.17,272.56,254.17,271.31,17051
2018-12-13,271.31,273.82,271.31,272.14,8373
2018-12-16,272.14,278.0,272.14,275.49,6036
2018-12-17,275.49,277.58,271.73,275.91,6831
2018-12-18,275.91,276.74,273.4,275.49,7178
2018-12-19,275.49,275.91,272.14,273.4,5906
2018-12-20,273.4,278.0,273.4,277.16,6266
2018-12-23,277.16,282.6,277.16,280.51,6000
2018-12-24,280.51,285.94,278.83,281.34,4960
2018-12-25,281.34,281.34,279.67,280.51,4397
2018-12-26,280.51,284.69,280.51,284.27,5359
2018-12-27,284.27,294.3,282.18,284.27,10444
2018-12-30,284.27,289.28,283.01,284.27,6113
2018-12-31,284.27,287.61,281.34,287.61,6994
2019-01-01,287.61,290.54,283.43,286.36,9459
2019-01-02,286.36,290.12,282.18,282.18,33406
2019-01-03,282.18,282.18,271.39,278.42,7208
2019-01-06,278.42,278.92,273.4,273.4,6554
2019-01-07,273.4,275.91,271.39,275.91,3644
2019-01-08,275.91,275.91,273.9,275.41,6674
2019-01-09,275.41,275.91,273.4,273.4,4984
2019-01-10,273.4,274.4,269.89,273.4,1691
2019-01-13,273.4,273.9,270.89,270.89,5280
2019-01-14,270.89,275.91,270.89,272.9,3183
2019-01-15,272.9,274.9,271.39,273.4,3616
2019-01-16,273.4,273.4,269.89,271.39,7373
2019-01-17,271.39,271.39,268.88,270.89,3441
2019-01-20,270.89,270.89,268.38,268.38,831
2019-01-21,268.38,268.38,265.87,266.88,3307
2019-01-22,266.88,267.88,266.38,266.88,5357
2019-01-23,266.88,269.39,266.88,269.39,4624
2019-01-24,269.39,269.39,265.87,267.38,3551
2019-01-27,267.38,268.38,263.37,266.88,3694
2019-01-28,266.88,266.88,264.37,266.38,1518
2019-01-29,266.38,268.38,265.87,265.87,5081
2019-01-30,265.87,267.38,264.37,265.37,2671
2019-01-31,265.37,265.37,262.36,262.86,6805
2019-02-03,262.36,262.86,258.85,258.85,7815
2019-02-04,256.84,258.85,253.83,255.84,4082
2019-02-05,256.34,257.85,255.84,257.85,1501
2019-02-06,258.35,258.35,255.84,256.34,3457
2019-02-07,260.86,260.86,255.84,258.35,1852
2019-02-10,258.85,258.85,253.33,253.33,2933
2019-02-11,253.33,255.84,253.33,253.83,2842
2019-02-12,252.33,255.84,251.83,255.84,6429
2019-02-13,251.83,255.84,251.83,253.33,6788
2019-02-14,253.33,253.83,251.83,253.83,8611
2019-02-17,251.33,253.83,250.82,253.33,7273
2019-02-18,252.83,253.33,251.33,253.33,6082
2019-02-19,255.84,255.84,251.33,255.34,4138
2019-02-20,253.33,255.34,251.33,253.83,2324
2019-02-21,248.82,253.83,250.82,253.33,12601
2019-02-24,255.84,255.84,250.82,251.33,7542
2019-02-25,250.82,252.33,250.82,251.83,6317
2019-02-26,248.32,253.33,248.32,251.33,8349
2019-02-27,247.31,252.33,247.31,250.82,3660
2019-03-03,253.33,253.33,250.82,250.82,8476
2019-03-05,250.82,253.33,250.82,251.33,7491
2019-03-06,251.33,252.33,250.82,252.33,6326
2019-03-07,252.33,254.84,252.33,254.34,2709
2019-03-09,250.82,254.34,250.82,252.83,1149
2019-03-10,250.82,254.34,250.82,252.83,1149
2019-03-11,252.83,259.85,251.83,259.85,6258
2019-03-12,258.85,265.37,258.35,263.87,5607
2019-03-13,258.85,261.36,256.34,257.35,5264
2019-03-14,256.34,259.85,256.34,259.35,2089
2019-03-17,259.85,259.85,256.84,258.35,5489
2019-03-18,259.35,259.35,254.84,254.84,4595
2019-03-19,253.33,254.34,252.83,253.33,2379
2019-03-21,252.83,254.34,251.83,252.33,6634
2019-03-24,252.83,255.84,250.82,255.84,12867
2019-03-25,253.33,254.34,250.82,252.83,2985
2019-03-26,250.82,254.34,250.82,252.83,5642
2019-03-27,252.83,254.34,251.83,252.83,3398
2019-03-28,251.33,253.33,251.33,252.33,6011
2019-03-31,252.33,252.33,250.82,251.83,3591
2019-04-01,252.33,253.33,251.33,251.83,6935
2019-04-02,252.83,255.84,252.83,252.83,7430
2019-04-03,250.82,254.84,250.82,252.83,6704
2019-04-04,253.83,253.83,251.83,251.83,4064
2019-04-07,252.33,253.33,251.83,251.83,3685
2019-04-08,251.83,255.84,252.33,253.33,5096
2019-04-09,253.33,255.84,253.33,253.33,8256
2019-04-10,252.83,253.33,251.83,252.33,4115
2019-04-11,252.83,253.33,251.33,253.33,3298
2019-04-15,251.33,253.33,250.82,253.33,2132
2019-04-16,255.84,258.35,253.33,255.84,5727
2019-04-17,255.84,259.85,253.83,253.83,6341
2019-04-18,255.84,255.84,252.83,254.34,6205
2019-04-21,255.84,258.85,253.33,258.85,12482
2019-04-22,258.35,268.38,258.35,259.85,11663
2019-04-23,260.86,262.86,255.84,258.35,5199
2019-04-24,258.35,258.35,253.83,254.84,5814
2019-04-25,253.83,258.85,253.83,256.34,17447
2019-04-28,256.34,281.43,256.34,275.41,24162
2019-04-29,275.91,284.44,269.39,275.41,31392
2019-04-30,273.9,289.95,273.9,287.44,39381
2019-05-02,286.94,289.95,279.92,289.45,19105
2019-05-05,283.93,283.93,265.37,267.38,42141
2019-05-06,265.87,272.4,264.87,268.88,13725
2019-05-07,268.88,269.89,265.87,267.88,12573
2019-05-08,263.87,265.87,263.37,265.37,5832
2019-05-09,265.87,265.87,263.87,265.87,6304
2019-05-12,261.36,265.37,261.36,263.37,2941
2019-05-13,264.87,273.4,264.37,269.39,9565
2019-05-14,272.4,272.4,265.87,265.87,5115
2019-05-15,265.87,268.38,265.37,265.37,9144
2019-05-16,264.87,265.87,262.36,262.36,6133
2019-05-19,263.87,266.88,263.37,263.37,4995
2019-05-20,263.37,265.87,262.36,263.37,5013
2019-05-21,266.88,274.4,265.37,269.89,17886
2019-05-22,267.88,282.93,267.88,277.91,30537
2019-05-23,273.4,273.4,268.38,270.39,10432
2019-05-26,269.89,269.89,264.87,266.88,6889
2019-05-27,267.38,268.38,264.37,268.38,4720
2019-05-28,264.87,270.89,264.87,265.87,2525
2019-05-29,260.86,268.38,265.87,266.38,4546
2019-05-30,271.39,281.43,265.87,266.88,16125
2019-06-02,266.88,267.88,261.86,262.36,8210
2019-06-03,267.38,267.38,261.36,261.86,2201
2019-06-04,261.86,268.38,261.36,261.36,8595
2019-06-06,261.86,263.87,261.36,261.86,2102
2019-06-10,261.86,261.86,258.85,260.86,7102
2019-06-11,259.35,260.86,259.35,259.85,6982
2019-06-12,260.86,260.86,258.35,258.35,4770
2019-06-13,253.83,259.35,253.83,259.35,4000
2019-06-16,259.35,259.85,256.84,257.35,4081
2019-06-17,259.85,259.85,255.84,256.34,2947
2019-06-18,268.88,268.88,258.35,258.35,1211
2019-06-19,258.35,258.35,256.34,257.85,2497
2019-06-20,256.34,258.35,255.84,256.34,4814
2019-06-23,257.35,258.35,255.84,256.34,44658
2019-06-24,259.35,259.85,257.35,257.85,50487
2019-06-25,256.34,259.85,255.84,259.85,8769
2019-06-26,258.35,258.35,256.34,256.84,12987
2019-06-27,256.84,257.35,254.34,254.84,16409
2019-06-30,254.84,255.84,252.83,252.83,5181
2019-07-01,253.33,255.34,250.82,252.33,11124
2019-07-02,253.33,255.34,251.33,254.34,7827
2019-07-03,254.34,257.85,253.83,257.85,5688
2019-07-04,257.85,258.35,255.34,256.34,10767
2019-07-07,256.34,256.84,255.34,255.84,7194
2019-07-08,257.85,258.35,256.34,257.85,3703
2019-07-09,255.84,257.85,255.84,257.85,1489
2019-07-10,257.35,258.35,255.34,255.34,5717
2019-07-11,255.34,258.85,255.34,258.85,7814
2019-07-14,260.86,260.86,257.35,257.85,24067
2019-07-15,260.86,263.37,258.35,260.36,19019
2019-07-16,272.9,272.9,258.85,261.36,7059
2019-07-17,258.35,264.37,258.35,261.36,2900
2019-07-18,260.86,261.86,259.35,259.35,7562
2019-07-21,259.35,259.85,256.84,259.85,4600
2019-07-22,258.85,259.35,258.35,258.85,5867
2019-07-23,258.35,260.86,257.85,257.85,8095
2019-07-24,257.85,259.85,256.84,259.85,10696
2019-07-25,255.84,258.35,255.84,256.34,7730
2019-07-28,256.34,257.85,255.84,256.84,10811
2019-07-29,256.84,257.85,255.34,255.84,8605
2019-07-30,255.84,256.34,254.84,256.34,4803
2019-07-31,256.84,256.84,254.34,255.84,4090
2019-08-01,255.84,257.85,254.34,257.85,2672
2019-08-04,255.84,257.35,255.84,255.84,4193
2019-08-05,255.84,257.35,255.84,255.84,3301
2019-08-06,255.84,255.84,254.34,255.34,3580
2019-08-07,251.33,255.34,251.33,254.84,3212
2019-08-08,250.82,250.82,243.8,245.81,17066
2019-08-11,247.81,247.81,241.29,241.79,2953
2019-08-12,239.29,243.8,239.29,240.79,4543
2019-08-13,240.79,245.31,240.79,241.79,4354
2019-08-14,241.79,241.79,239.29,239.29,3334
2019-08-15,240.79,242.8,236.78,236.78,2986
2019-08-18,238.28,238.28,229.76,229.76,5521
2019-08-19,229.25,229.25,225.24,225.24,11724
2019-08-20,225.24,234.27,221.23,225.74,6743
2019-08-21,229.76,229.76,223.74,225.74,5239
2019-08-22,226.24,226.75,223.74,224.24,6564
2019-08-25,222.23,224.24,222.23,222.23,7160
2019-08-26,222.23,223.74,221.73,223.74,8163
2019-08-27,225.74,225.74,223.74,223.74,2814
2019-08-28,224.74,223.74,221.23,221.23,5479
2019-08-29,221.23,222.73,221.23,221.23,5555
2019-09-01,219.22,220.73,217.72,218.72,2444
2019-09-02,215.21,216.71,214.71,215.71,2435
2019-09-03,215.71,221.73,215.71,221.73,7921
2019-09-04,219.72,225.24,218.72,223.23,2592
2019-09-05,225.74,225.74,223.23,223.74,4016
2019-09-08,221.73,223.23,220.73,220.73,5657
2019-09-09,224.74,224.74,217.21,219.22,4208
2019-09-10,218.22,220.73,217.72,218.72,2789
2019-09-11,218.22,222.23,218.22,219.22,2192
2019-09-12,219.22,221.73,219.22,219.72,3103
2019-09-15,218.72,219.72,215.71,215.71,6085
2019-09-16,213.2,214.71,210.19,210.69,5942
2019-09-17,212.7,215.71,212.2,212.2,4217
2019-09-18,216.21,220.22,215.21,216.21,5431
2019-09-19,217.21,217.21,213.7,217.21,2521
2019-09-22,214.2,215.21,210.19,210.19,3061
2019-09-23,210.69,212.7,208.69,209.19,5238
2019-09-24,213.2,213.2,207.68,207.68,997
2019-09-26,207.68,208.18,206.18,206.18,3536
2019-09-29,205.68,208.18,205.68,206.68,6003
2019-09-30,203.17,209.19,203.17,209.19,2394
2019-10-01,212.7,216.71,210.69,211.19,2210
2019-10-02,212.2,212.7,209.19,210.19,3298
2019-10-03,211.19,213.2,210.69,211.7,1670
2019-10-10,209.19,215.71,209.19,213.2,1114
2019-10-14,213.2,213.2,210.69,211.19,923
2019-10-15,208.18,214.71,208.18,210.19,15243
2019-10-16,206.18,210.69,210.19,210.19,3400
2019-10-17,214.2,214.2,210.19,212.2,707
2019-10-21,210.19,211.19,209.69,209.69,2560
2019-10-22,208.18,208.18,206.18,208.18,2371
2019-10-23,205.68,212.2,205.68,212.2,1698
2019-10-24,210.19,210.69,209.19,209.19,1991
2019-10-31,208.69,211.7,208.69,211.7,3626
2019-11-03,211.7,217.21,210.19,217.21,4754
2019-11-04,218.22,233.27,217.21,230.76,26737
2019-11-05,231.26,232.77,228.25,229.76,15750
2019-11-06,229.76,229.76,226.24,226.24,8452
2019-11-07,230.76,230.76,221.73,224.74,8287
2019-11-10,224.74,224.74,220.73,223.23,15961
2019-11-11,227.25,227.25,221.23,227.25,23584
2019-11-12,230.76,231.76,221.23,226.24,55110
2019-11-13,222.13,224.54,217.31,224.54,7846
2019-11-14,224.54,223.94,222.73,223.94,3929
2019-11-17,223.94,223.94,212.5,213.7,7012
2019-11-18,213.7,213.7,210.69,211.29,4015
2019-11-19,212.5,213.7,209.49,213.7,4275
2019-11-20,210.69,213.1,210.69,210.69,10647
2019-11-21,210.69,214.91,210.69,212.5,7165
2019-11-24,210.69,210.69,207.08,210.69,1083
2019-11-25,210.09,213.7,210.09,211.9,2958
2019-11-26,213.7,216.11,212.5,214.91,5931
2019-11-27,214.3,214.91,211.29,214.91,9564
2019-11-28,212.5,214.3,212.5,213.7,3148
2019-12-01,213.7,214.3,213.1,214.3,2653
2019-12-02,214.3,214.91,213.7,213.7,3459
2019-12-03,213.7,215.51,213.1,214.91,2416
2019-12-04,218.52,218.52,213.7,213.7,3756
2019-12-05,212.5,216.11,212.5,216.11,3475
2019-12-08,213.7,216.11,213.1,213.1,2460
2019-12-09,213.1,225.14,213.1,216.71,6733
2019-12-10,217.92,219.12,215.51,215.51,3194
2019-12-11,215.51,215.51,213.1,215.51,3757
2019-12-12,213.7,231.76,213.7,218.52,8095
2019-12-15,219.72,225.74,216.71,225.14,3682
2019-12-16,218.52,218.52,214.91,215.51,4638
2019-12-17,219.12,219.12,214.91,216.71,1716
2019-12-18,213.1,215.51,213.1,214.91,3301
2019-12-19,214.91,215.51,213.7,215.51,4671
2019-12-22,214.3,218.52,214.3,216.71,4772
2019-12-23,218.52,218.52,214.91,215.51,7433
2019-12-24,214.91,231.76,214.3,216.71,9139
2019-12-25,219.72,219.72,214.91,216.11,3646
2019-12-26,217.31,217.92,216.11,217.31,7075
2019-12-29,215.51,215.51,213.7,214.3,3104
2019-12-30,215.51,216.11,212.5,212.5,4739
2019-12-31,214.3,216.71,213.7,216.71,1917
2020-01-01,216.11,216.71,214.3,214.91,3691
2020-01-02,214.91,217.92,214.91,216.11,4191
2020-01-05,219.72,223.94,217.92,220.32,9565
2020-01-06,224.54,224.54,217.31,219.12,9991
2020-01-07,216.71,228.75,216.71,223.33,15378
2020-01-08,223.33,228.15,222.73,224.54,4940
2020-01-09,228.75,228.75,221.53,223.94,3624
2020-01-12,228.15,237.78,227.55,235.98,16785
2020-01-13,240.19,259.45,240.19,256.44,41254
2020-01-14,251.63,260.66,246.81,255.84,12731
2020-01-15,255.84,257.65,251.03,252.83,8309
2020-01-16,252.83,256.44,251.03,252.83,14876
2020-01-19,255.84,278.11,255.84,270.89,27229
2020-01-20,273.3,273.9,256.44,257.04,20107
2020-01-21,258.85,263.67,254.04,257.04,8535
2020-01-22,257.04,261.86,254.04,258.25,5397
2020-01-23,257.04,257.04,252.23,252.83,9427
2020-01-26,251.03,252.83,246.81,246.81,7372
2020-01-27,243.8,252.83,243.2,252.83,23707
2020-01-28,257.04,257.65,249.82,252.83,5090
2020-01-29,252.83,255.84,249.22,251.63,4206
2020-01-30,251.63,258.85,250.42,254.64,11713
2020-02-02,254.64,261.86,254.64,255.24,11965
2020-02-03,257.65,278.72,255.84,275.1,69102
2020-02-04,279.32,279.92,265.47,265.47,20052
2020-02-05,266.07,269.08,261.86,264.87,9496
2020-02-06,266.07,266.07,261.86,263.06,9033
2020-02-09,260.05,261.26,257.04,258.25,6057
2020-02-10,260.05,261.86,250.42,253.43,19875
2020-02-11,258.25,258.25,254.64,255.24,8411
2020-02-12,255.24,260.05,253.43,254.04,8272
2020-02-13,255.24,255.84,253.43,254.04,8611
2020-02-16,255.84,255.84,251.03,254.04,9766
2020-02-17,258.85,264.27,255.84,262.46,21474
2020-02-18,262.46,265.47,254.04,255.24,19955
2020-02-19,252.83,264.87,252.83,257.65,11546
2020-02-20,257.65,258.85,255.84,258.85,23287
2020-02-23,260.66,284.74,260.66,272.7,58187
2020-02-24,272.7,273.9,266.07,268.48,50982
2020-02-25,281.73,281.73,261.86,280.52,44931
2020-02-26,282.93,290.76,277.51,284.13,42396
2020-02-27,282.93,282.93,272.7,279.92,42707
2020-03-01,279.92,279.32,267.88,268.48,53787
2020-03-02,270.89,270.89,254.64,254.64,21540
2020-03-03,254.64,272.09,240.79,258.85,35703
2020-03-04,258.85,258.85,246.81,252.83,26271
2020-03-05,248.02,254.64,238.99,246.21,23092
2020-03-10,241.39,241.39,228.15,234.17,17452
2020-03-11,238.38,251.63,235.37,251.03,21087
2020-03-12,248.02,248.02,237.78,240.19,17580
2020-03-15,237.78,237.78,223.33,227.55,34556
2020-03-16,224.54,232.97,223.33,228.75,23556
2020-03-17,225.74,229.35,224.54,225.74,23915
2020-03-18,221.53,226.95,221.53,225.14,16739
2020-03-19,220.93,228.15,217.31,226.95,19527
2020-03-22,228.15,232.36,215.51,221.53,2509
2020-05-12,217.31,217.31,217.31,217.31,50
2020-05-13,215.51,215.51,211.29,211.29,51
2020-06-29,207.08,207.68,198.65,209.49,6010
2020-06-30,211.9,221.53,211.9,221.53,6525
2020-07-01,225.74,229.96,222.73,224.54,3171
2020-07-02,228.75,232.97,215.51,215.51,5004
2020-07-05,216.71,221.53,210.69,214.3,6698
2020-07-06,211.29,225.74,211.29,225.74,9230
2020-07-07,225.74,234.17,223.94,228.15,16422
2020-07-08,228.75,235.98,224.54,228.75,9304
2020-07-09,232.97,241.39,228.75,235.98,6423
2020-07-12,235.98,240.19,233.57,235.37,6032
2020-07-13,234.77,234.77,228.75,229.96,6601
2020-07-14,229.96,236.58,229.96,236.58,5449
2020-07-15,236.58,240.19,234.77,239.59,10059
2020-07-16,240.19,246.81,236.58,243.2,8694
2020-07-19,248.02,262.46,248.02,262.46,146
2020-07-20,275.1,285.94,245.01,250.42,19025
2020-07-21,246.81,251.63,245.61,245.61,20332
2020-07-22,246.81,249.22,240.79,240.79,19904
2020-07-23,237.78,245.01,235.98,243.2,5281
2020-07-26,246.81,248.02,242.6,245.01,9735
2020-07-27,243.8,246.81,242.6,244.4,12780
2020-07-28,243.2,245.61,240.79,243.2,6644
2020-07-29,240.19,243.8,237.78,240.79,11451
2020-07-30,238.38,241.39,237.78,237.78,11775
2020-08-02,235.37,238.38,231.16,232.97,21844
2020-08-03,231.76,234.17,227.55,229.96,21083
2020-08-05,229.96,232.36,226.34,231.16,10681
2020-08-06,229.96,232.97,228.75,231.76,7663
2020-08-09,228.15,234.17,227.55,234.17,5027
2020-08-10,234.77,249.22,232.36,246.21,12954
2020-08-11,246.21,246.21,237.78,240.79,13830
2020-08-12,240.79,240.79,238.38,240.19,6578
2020-08-13,237.78,238.99,233.57,234.17,11959
2020-08-16,230.56,234.17,226.34,232.36,16799
2020-08-17,229.96,244.4,229.96,233.57,9907
2020-08-18,232.36,237.78,231.76,234.77,5449
2020-08-19,230.56,234.77,229.96,231.16,15122
2020-08-20,234.77,236.58,232.36,236.58,1820
2020-08-23,240.79,240.79,232.97,235.37,13940
2020-08-24,239.59,239.59,234.77,237.78,20152
2020-08-25,240.79,240.79,235.37,237.78,14424
2020-08-26,237.78,243.8,235.98,240.79,19760
2020-08-27,245.61,245.61,240.79,241.39,22496
2020-08-30,241.39,242.6,237.78,242.6,7395
2020-08-31,246.21,254.04,243.2,247.41,30288
2020-09-02,259.45,272.09,251.03,272.09,95110
2020-09-03,276.91,288.95,260.66,263.67,64542
2020-09-06,268.48,273.3,254.04,257.65,41945
2020-09-07,257.65,265.47,252.83,261.86,34169
2020-09-08,264.87,284.13,260.66,279.92,180612
2020-09-09,282.93,285.94,275.1,280.52,43820
2020-09-10,279.92,285.34,275.71,280.52,36402
2020-09-13,281.12,294.97,279.92,293.77,52357
2020-09-14,295.57,297.98,284.74,289.55,50010
2020-09-15,288.95,291.96,286.54,288.35,27775
2020-09-16,282.93,298.58,282.93,295.57,55982
2020-09-17,310.02,322.06,292.56,313.63,182870
2020-09-20,319.65,321.46,301.59,311.83,57368
2020-09-21,307.61,312.43,302.8,310.02,74701
2020-09-22,305.81,311.83,299.18,300.99,43584
2020-09-23,308.21,308.21,294.37,307.01,46465
2020-09-24,303.4,314.23,302.8,310.02,100040
2020-09-27,310.02,317.84,307.01,307.01,105312
2020-09-28,307.61,314.83,304.6,311.22,73495
2020-09-29,307.01,312.43,305.81,307.61,25350
2020-09-30,307.01,310.02,304.6,307.01,23735
2020-10-01,300.99,309.42,300.99,307.01,39032
2020-10-04,309.42,309.42,301.59,305.81,26387
2020-10-05,307.01,311.83,300.99,307.01,47360
2020-10-06,303.4,316.64,303.4,311.83,65921
2020-10-07,316.64,320.85,313.03,314.83,118399
2020-10-08,320.85,326.87,308.82,312.43,38529
2020-10-11,312.43,316.04,305.2,307.61,32235
2020-10-12,305.2,309.42,304.0,305.2,24683
2020-10-13,310.02,310.02,300.99,300.99,16482
2020-10-14,304.6,306.41,301.59,302.19,22776
2020-10-15,308.21,312.43,300.99,301.59,24866
2020-10-18,298.58,306.41,298.58,306.41,20888
2020-10-19,307.01,316.04,303.4,316.04,28529
2020-10-20,317.24,320.25,311.83,315.44,31617
2020-10-21,313.03,315.44,311.22,313.03,10351
2020-10-22,328.68,328.68,310.02,312.43,11575
2020-10-28,313.03,313.63,306.41,312.43,41648
2020-10-29,316.04,316.04,306.41,308.82,25791
2020-11-01,323.86,323.86,305.81,309.42,23675
2020-11-02,312.43,314.23,307.01,308.82,29884
2020-11-03,311.22,311.83,307.61,309.42,7283
2020-11-04,307.61,312.43,307.61,310.62,12398
2020-11-05,310.62,310.62,307.01,309.42,29933
2020-11-08,307.01,312.43,307.01,311.22,58057
2020-11-09,311.22,313.03,309.42,310.62,49735
2020-11-10,310.02,312.43,309.42,311.22,21314
2020-11-11,310.02,315.44,310.02,312.43,37433
2020-11-12,313.03,319.05,311.83,312.43,34711
2020-11-18,310.02,312.43,310.02,311.22,16681
2020-11-19,310.62,316.04,310.62,316.04,40170
2020-11-22,319.05,319.05,310.62,314.83,41453
2020-11-23,310.62,313.63,310.02,310.02,32859
2020-11-24,311.22,314.23,309.42,310.02,63692
2020-11-25,313.03,334.1,311.22,329.88,96344
2020-11-26,325.07,344.93,325.07,340.12,185054
2020-11-29,340.12,361.79,340.12,361.79,194171
2020-11-30,369.01,382.26,366.0,373.23,134768
2020-12-01,380.45,385.27,364.8,366.61,190152
2020-12-02,373.83,402.72,367.21,402.72,259781
2020-12-03,422.59,433.42,388.28,394.3,155485
2020-12-06,397.91,397.91,367.21,367.21,83959
2020-12-07,373.23,387.07,353.36,385.87,87073
2020-12-08,405.13,405.13,378.64,391.29,228967
2020-12-09,396.7,398.51,373.23,377.44,110491
2020-12-10,382.26,384.66,372.02,374.43,169808
2020-12-13,379.25,385.27,373.23,377.44,243368
2020-12-14,395.98,395.98,367.51,369.49,54691
2020-12-15,370.16,370.82,357.58,358.24,65191
2020-12-16,354.26,356.91,347.64,347.64,54345
2020-12-17,354.26,360.89,347.64,349.63,50137
2020-12-20,347.64,350.29,327.78,327.78,68149
2020-12-21,321.82,333.74,304.6,331.09,65308
2020-12-22,337.71,347.64,330.43,342.35,34294
2020-12-23,358.9,358.9,334.4,337.05,28357
2020-12-24,337.71,337.71,332.41,334.4,20004
2020-12-27,350.95,350.95,328.44,329.1,25594
2020-12-28,327.78,335.06,324.47,331.09,24036
2020-12-29,331.09,332.41,325.13,327.78,16742
2020-12-30,325.13,327.78,321.82,325.79,23310
2020-12-31,329.1,337.71,327.78,329.76,60113
2021-01-03,327.12,350.95,327.12,348.3,96591
2021-01-04,350.95,360.89,344.33,354.26,106558
2021-01-05,357.58,367.51,348.3,358.9,58066
2021-01-06,376.78,376.78,350.95,354.26,59430
2021-01-07,354.26,377.44,350.95,370.82,456566
2021-01-10,377.44,394.66,372.81,390.02,165988
2021-01-11,394.0,400.62,390.68,392.01,115331
2021-01-12,397.31,397.31,387.37,391.35,60404
2021-01-13,392.67,400.62,391.35,392.01,104274
2021-01-17,395.32,395.32,386.05,390.02,120910
2021-01-18,389.36,390.68,384.06,384.72,29496
2021-01-19,386.71,387.37,377.44,379.43,40451
2021-01-20,374.13,399.95,374.13,389.36,52483
2021-01-21,394.0,394.0,384.06,392.67,52994
2021-01-24,397.31,405.91,392.01,392.01,77520
2021-01-25,392.01,396.64,388.04,392.67,55764
2021-01-26,394.0,397.97,388.04,392.01,72249
2021-01-27,395.98,395.98,388.04,388.7,32789
2021-01-28,394.0,395.32,384.72,384.72,34987
2021-01-31,384.06,384.06,373.47,376.78,51815
2021-02-01,376.78,389.36,376.78,381.41,32434
2021-02-02,388.04,388.7,379.43,384.06,59693
2021-02-03,390.68,394.0,382.08,382.74,76852
2021-02-04,386.71,394.0,386.71,390.68,43860
2021-02-07,390.02,411.87,390.02,411.21,274193
2021-02-08,418.5,425.12,405.91,410.55,93185
2021-02-09,413.86,413.86,399.95,402.6,34381
2021-02-10,396.64,397.31,389.36,392.01,67852
2021-02-11,390.68,395.32,385.39,385.39,47910
2021-02-14,387.37,387.37,381.41,381.41,45736
2021-02-15,388.7,399.95,382.08,396.64,52137
2021-02-16,397.31,397.97,385.39,388.04,37783
2021-02-17,380.75,390.68,380.75,385.39,31524
2021-02-18,387.37,390.02,382.08,385.39,65262
2021-02-21,385.39,392.01,382.08,388.04,61317
2021-02-22,389.36,399.95,386.71,386.71,87328
2021-02-23,386.71,388.7,374.79,386.71,51255
2021-02-24,390.68,395.98,380.75,383.4,40132
2021-02-25,378.1,385.39,376.78,379.43,48054
2021-02-28,380.75,380.75,368.83,369.49,88154
2021-03-01,369.49,376.78,363.54,370.82,46742
2021-03-02,376.12,376.12,358.9,364.2,39056
2021-03-03,367.51,367.51,355.59,358.9,33658
2021-03-04,358.9,388.04,354.26,372.14,47701
2021-03-08,366.85,378.77,364.86,370.16,19987
2021-03-09,367.51,372.81,364.2,367.51,34344
2021-03-10,364.2,370.16,364.2,365.52,23648
2021-03-14,364.2,367.51,360.89,362.21,40660
2021-03-15,358.24,360.22,355.59,356.91,31884
2021-03-16,356.91,362.21,353.6,355.59,23389
2021-03-17,352.28,360.89,352.28,359.56,16690
2021-03-18,359.56,364.86,358.9,359.56,19627
2021-03-21,364.2,364.2,354.93,358.24,38736
2021-03-22,364.86,392.01,357.58,376.78,66610
2021-03-23,376.78,394.0,373.47,392.67,126091
2021-03-24,397.31,397.31,386.71,388.7,67343
2021-03-25,407.9,407.9,377.44,377.44,37929
2021-03-29,382.74,382.74,374.13,377.44,21466
2021-03-30,377.44,402.6,373.47,394.0,69872
2021-03-31,413.2,413.2,384.06,390.02,36363
2021-04-01,409.23,409.23,387.37,390.68,76336
2021-04-04,409.89,423.79,388.04,407.24,180129
2021-04-05,407.24,414.52,403.93,410.55,131301
2021-04-06,417.17,451.6,410.55,451.6,466588
2021-04-07,463.52,470.15,447.63,450.94,319709
2021-04-08,463.52,463.52,439.69,443.66,113281
2021-04-12,444.98,444.98,427.77,429.75,166421
2021-04-13,437.7,446.31,426.44,433.73,87270
2021-04-15,442.33,442.33,430.41,433.73,79400
2021-04-18,430.41,432.4,426.44,426.44,63124
2021-04-19,425.12,432.4,420.48,426.44,71966
2021-04-20,426.44,433.73,420.48,426.44,69941
2021-04-21,422.47,430.41,420.48,422.47,61182
2021-04-22,420.48,425.12,419.82,425.12,42936
2021-04-25,420.48,425.12,407.24,409.89,86718
2021-04-26,404.59,416.51,398.63,403.93,79184
2021-04-27,384.06,417.17,384.06,416.51,53487
2021-04-28,412.54,420.48,405.91,411.21,29188
2021-04-29,431.74,431.74,407.9,417.83,62057
2021-05-02,417.83,433.73,415.85,431.08,94371
2021-05-03,452.27,452.27,422.47,423.13,82837
2021-05-04,423.79,428.43,421.81,425.12,65049
2021-05-05,423.79,431.08,421.14,429.09,50042
2021-05-06,430.41,435.71,418.5,421.14,45712
2021-05-09,418.5,425.12,417.17,417.83,43412
2021-05-10,423.79,423.79,415.85,419.82,26397
2021-05-11,419.82,426.44,419.82,423.13,36880
2021-05-12,420.48,424.46,418.5,421.14,41168
2021-05-13,422.47,430.41,422.47,423.79,54320
2021-05-16,430.41,460.21,429.09,454.92,333179
2021-05-17,460.21,462.86,452.93,454.92,156923
2021-05-18,477.43,477.43,454.25,470.81,243310
2021-05-19,476.77,476.77,454.25,463.52,225586
2021-05-20,463.52,463.52,450.28,452.93,140428
2021-05-23,446.97,462.86,442.33,456.9,165404
2021-05-24,434.39,476.77,434.39,460.88,120297
2021-05-25,439.69,474.78,439.69,466.83,195797
2021-05-27,463.52,508.55,450.94,497.29,500899
2021-05-30,515.17,517.16,486.04,493.32,457903
2021-05-31,517.82,517.82,471.47,473.46,288333
2021-06-01,471.47,477.43,460.88,468.16,203686
2021-06-02,468.16,482.73,462.86,480.08,214365
2021-06-03,480.08,492.66,470.15,473.46,158135
2021-06-06,496.63,496.63,462.2,467.5,141096
2021-06-07,490.67,490.67,464.19,468.82,129893
2021-06-08,492.0,492.0,467.5,472.13,142704
2021-06-09,495.31,495.31,464.19,468.82,132306
2021-06-10,492.0,492.0,465.51,476.11,170845
2021-06-13,476.77,502.59,476.77,497.96,314191
2021-06-14,503.25,519.81,483.39,492.0,228516
2021-06-15,491.34,491.34,477.43,480.08,132450
2021-06-16,463.52,486.7,463.52,473.46,209027
2021-06-17,496.63,496.63,466.83,476.11,119166
2021-06-20,473.46,476.11,460.21,460.21,147208
2021-06-21,466.83,468.82,443.66,446.31,128247
2021-06-22,454.92,463.52,440.35,457.56,84697
2021-06-23,460.21,464.19,443.66,448.29,82924
2021-06-24,444.98,456.9,441.01,447.63,67105
2021-06-27,469.48,469.48,443.0,444.98,63625
2021-06-28,446.97,451.6,441.01,444.32,94279
2021-06-29,451.6,451.6,433.06,437.04,104596
2021-06-30,443.66,443.66,423.13,434.39,78842
2021-07-01,435.71,443.66,433.06,437.04,94543
2021-07-04,440.35,440.35,433.06,434.39,31398
2021-07-05,455.58,455.58,430.41,432.4,35928
2021-07-06,433.73,434.39,427.1,429.09,26525
2021-07-07,430.41,432.4,428.43,429.09,27046
2021-07-08,429.09,442.33,428.43,442.33,31215
2021-07-11,442.33,450.94,439.69,443.66,60075
2021-07-12,450.28,453.59,433.73,437.04,57246
2021-07-13,430.41,443.66,430.41,441.67,16193
2021-07-14,440.35,450.28,437.04,450.28,32066
2021-07-15,463.52,463.52,448.96,454.92,63413
2021-07-18,462.2,464.19,453.59,459.55,106679
2021-07-19,464.19,464.19,456.24,456.24,42023
2021-07-20,454.92,458.23,451.6,454.25,27871
2021-07-22,456.9,460.21,450.28,453.13,58828
2021-07-25,456.24,459.55,450.94,454.25,59959
2021-07-26,457.56,476.77,454.92,471.47,128975
2021-07-27,473.46,480.87,466.17,476.11,122919
2021-07-28,485.57,485.57,464.85,468.16,132654
2021-07-29,468.16,468.16,457.56,459.48,77767
2021-08-01,460.88,466.83,457.56,460.88,48629
2021-08-02,470.08,470.08,454.25,457.23,64128
2021-08-03,456.9,466.17,454.25,462.53,57545
2021-08-04,471.73,490.01,471.73,485.24,314649
2021-08-05,486.7,490.01,473.46,476.77,117148
2021-08-08,476.77,496.63,471.47,490.01,221616
2021-08-09,490.01,490.67,473.46,484.71,252704
2021-08-10,490.01,490.01,470.15,473.46,143459
2021-08-11,482.73,501.93,478.75,493.32,193835
2021-08-12,503.19,503.25,486.7,487.1,195988
2021-08-15,477.43,483.39,462.2,466.83,195367
2021-08-16,466.83,476.11,460.88,467.5,53666
2021-08-17,469.55,476.11,463.52,467.03,125166
2021-08-18,470.15,484.05,468.16,468.82,148739
2021-08-19,468.82,474.12,463.52,463.72,87739
2021-08-24,460.21,460.21,447.96,450.55,111794
2021-08-25,441.67,458.23,441.67,447.7,82491
2021-08-26,456.24,460.21,443.0,452.93,75100
2021-08-29,452.93,460.88,441.74,444.98,45112
2021-08-31,453.86,453.86,430.41,433.73,83851
2021-09-01,442.33,442.33,429.09,430.41,55683
2021-09-02,430.41,433.73,413.86,414.52,110824
2021-09-05,407.24,413.2,391.35,397.31,96927
2021-09-06,397.31,427.1,395.32,423.79,86968
2021-09-07,431.74,431.74,407.24,412.54,93188
2021-09-08,417.17,417.17,397.84,403.27,46000
2021-09-09,404.59,410.55,401.28,403.93,37572
2021-09-12,411.87,428.16,405.91,421.14,67036
2021-09-13,429.02,429.09,413.86,417.24,57962
2021-09-14,420.48,420.48,410.55,414.52,21742
2021-09-15,409.29,412.54,404.66,407.24,25780
2021-09-16,403.93,403.99,395.32,399.29,70869
2021-09-20,397.31,398.63,380.75,380.75,69077
2021-09-21,388.37,403.93,358.97,391.35,49291
2021-09-22,391.35,406.58,391.35,399.29,33535
2021-09-23,403.93,406.58,390.02,390.68,43050
2021-09-26,397.97,397.97,382.74,382.74,28667
2021-09-27,390.35,405.91,370.82,374.13,36760
2021-09-28,377.44,377.44,364.86,364.86,42330
2021-09-29,364.86,377.51,362.21,374.79,28548
2021-09-30,382.27,382.27,366.85,369.49,21864
2021-10-03,363.54,373.47,360.22,360.89,37388
2021-10-04,360.89,366.85,354.26,357.71,19831
2021-10-05,362.87,363.54,356.32,362.21,28604
2021-10-06,368.83,379.56,364.2,378.83,23452
2021-10-10,385.39,416.51,377.44,399.95,57047
2021-10-11,407.9,429.75,390.68,398.63,41907
2021-10-17,398.63,403.93,390.68,399.29,14255
2021-10-18,391.35,399.95,387.37,394.66,18290
2021-10-19,388.7,388.7,365.52,365.52,67622
2021-10-20,372.81,380.75,372.81,377.44,25177
2021-10-21,383.4,384.06,366.85,376.12,15741
2021-10-24,376.12,384.72,370.16,381.48,19108
2021-10-25,389.1,397.31,382.08,394.0,23150
2021-10-26,401.28,401.28,390.68,397.31,52823
2021-10-27,403.93,403.93,392.01,395.98,33260
2021-10-28,403.86,403.86,389.36,394.66,49141
2021-10-31,397.31,408.56,394.0,406.58,84130
2021-11-01,414.52,414.52,400.15,400.62,44933
2021-11-02,397.97,405.25,392.67,403.27,30386
2021-11-03,403.33,411.87,401.94,410.55,66704
2021-11-08,416.97,417.17,407.9,407.9,34840
2021-11-09,407.24,407.24,395.32,401.28,51551
2021-11-11,393.47,400.62,392.67,392.67,38988
2021-11-14,392.67,397.31,389.69,389.69,27590
2021-11-15,381.94,400.62,381.94,390.82,25389
2021-11-16,388.7,409.23,387.37,406.58,36607
2021-11-17,413.86,415.18,402.34,407.24,36144
2021-11-18,399.95,405.25,392.01,394.66,30507
2021-11-21,397.31,401.94,392.01,392.67,13536
2021-11-22,395.98,397.31,391.48,392.01,21224
2021-11-23,387.37,394.0,384.72,385.52,21023
2021-11-24,385.39,389.82,380.75,384.13,22113
2021-11-25,390.68,397.31,384.06,386.05,20384
2021-11-28,385.39,385.39,373.47,374.86,32895
2021-11-29,374.13,380.75,372.14,377.44,24233
2021-11-30,378.77,380.75,372.34,377.44,21417
2021-12-01,378.1,383.4,374.13,377.37,19605
2021-12-02,377.44,377.44,370.82,371.48,22315
2021-12-05,364.86,369.49,359.56,359.56,23873
2021-12-06,359.56,374.0,349.63,364.2,28795
2021-12-07,367.51,371.48,357.58,357.58,24301
2021-12-08,354.93,357.58,346.98,346.98,25893
2021-12-09,341.68,354.26,341.02,348.3,17213
2021-12-12,337.71,344.33,324.47,324.6,69161
2021-12-13,321.16,326.45,312.02,316.52,46744
2021-12-14,322.81,335.06,322.81,333.07,10347
2021-12-15,339.7,350.95,324.47,331.09,32588
2021-12-16,337.71,337.71,323.14,323.21,11612
2021-12-20,327.78,327.78,316.98,319.17,19893
2021-12-21,324.47,330.96,319.04,324.53,26096
2021-12-22,324.53,335.72,324.53,331.75,24073
2021-12-23,331.75,337.11,329.76,334.4,24692
2021-12-26,335.06,341.68,332.48,341.62,19048
2021-12-27,343.01,343.01,332.48,333.07,25259
2021-12-28,331.09,332.41,328.51,331.09,16851
2021-12-29,337.05,337.71,329.76,333.01,44157
2022-01-02,334.56,339.55,328.87,339.55,20494
2022-01-03,335.28,344.17,335.28,342.4,15874
2022-01-04,338.2,368.73,331.36,359.48,38710
2022-01-05,359.48,369.44,348.8,348.8,40763
2022-01-06,348.8,362.26,348.8,354.5,40138
2022-01-09,361.54,368.02,355.21,364.46,58107
2022-01-10,365.17,372.29,355.92,370.16,78189
2022-01-11,370.51,387.95,370.16,381.62,70880
2022-01-12,384.39,387.95,369.73,370.16,56325
2022-01-13,365.89,381.55,365.89,380.83,43627
2022-01-16,380.83,398.63,384.39,394.36,72889
2022-01-17,401.48,401.48,387.95,397.21,59871
2022-01-18,403.54,403.54,385.11,387.95,38436
2022-01-19,395.71,395.71,379.41,381.55,43481
2022-01-20,381.55,389.38,375.14,385.82,33977
2022-01-23,388.66,388.66,381.55,383.68,25562
2022-01-24,376.56,378.7,366.6,368.73,54331
2022-01-25,368.73,377.28,362.33,367.31,31913
2022-01-26,367.31,368.88,360.19,363.11,22166
2022-01-27,365.89,366.6,360.9,362.33,24787
2022-01-30,369.44,382.97,369.44,378.7,35432
2022-01-31,384.39,384.39,369.44,370.16,30420
2022-02-01,366.6,382.61,364.46,380.12,43049
2022-02-03,384.04,389.31,375.14,375.14,37925
2022-02-06,372.29,377.28,370.16,372.29,14154
2022-02-07,373.72,377.28,370.16,373.64,15774
2022-02-08,381.05,394.36,370.16,370.16,38073
2022-02-09,370.16,373.0,363.75,368.73,14494
2022-02-10,370.16,370.23,365.25,366.6,15201
2022-02-13,362.75,363.04,355.21,355.92,27270
2022-02-14,348.87,370.09,348.87,355.56,17726
2022-02-15,357.34,362.33,354.5,361.61,24633
2022-02-16,361.69,365.17,358.06,360.9,16461
2022-02-17,360.9,364.46,360.26,361.83,14120
2022-02-20,354.85,362.33,348.09,355.85,33658
2022-02-21,362.33,370.16,355.92,366.6,22051
2022-02-22,367.31,372.29,361.61,363.04,31378
2022-02-23,356.13,368.73,356.06,363.04,30070
2022-02-24,359.48,362.33,352.36,354.5,35946
2022-02-27,348.8,368.73,348.8,362.97,36488
2022-02-28,370.16,376.56,350.23,359.48,50730
2022-03-02,352.36,355.92,346.67,348.8,23831
2022-03-06,341.83,355.21,341.83,346.67,15994
2022-03-07,343.82,349.02,342.4,344.46,13399
2022-03-09,345.24,349.37,336.7,338.84,28676
2022-03-10,338.84,351.65,335.42,347.73,19319
2022-03-13,354.64,357.34,348.8,354.35,29450
2022-03-14,355.21,360.19,348.09,354.5,5263
2022-03-15,352.36,355.92,348.8,348.94,27517
2022-03-16,355.14,355.14,345.31,348.73,20459
2022-03-20,348.73,352.36,347.52,350.23,10252
2022-03-21,350.23,354.5,346.03,354.43,21754
2022-03-22,355.92,358.7,353.07,355.07,22571
2022-03-23,352.36,355.92,345.24,346.67,25458
2022-03-24,352.36,352.36,340.97,341.68,35090
2022-03-27,348.52,348.52,339.05,339.55,27634
2022-03-28,340.26,348.8,335.77,336.77,33452
2022-03-29,335.63,341.68,333.14,335.99,38827
2022-03-30,337.41,340.97,334.56,340.26,21823
2022-03-31,347.02,347.02,335.35,335.92,10560
2022-04-03,335.99,341.68,331.72,334.56,22634
2022-04-04,334.56,338.12,331.01,334.56,22384
2022-04-05,341.26,341.26,328.87,330.36,27135
2022-04-06,328.16,333.85,323.89,324.46,27003
2022-04-07,327.45,331.01,321.04,326.02,27480
2022-04-11,326.02,339.12,320.33,322.46,17673
2022-04-12,323.18,323.18,316.06,318.19,13902
2022-04-13,316.77,321.75,316.77,320.33,15026
2022-04-17,321.75,325.95,316.41,318.19,13022
2022-04-18,320.33,320.33,312.5,314.63,9708
2022-04-19,316.77,317.48,310.43,315.99,15509
2022-04-20,311.15,320.33,308.23,311.79,20155
2022-04-21,317.98,317.98,307.51,311.15,17216
2022-04-24,313.21,327.45,310.43,327.45,20691
2022-04-25,327.45,334.0,321.75,321.75,15247
2022-04-26,320.33,325.31,317.48,320.33,17774
2022-04-27,326.73,326.73,313.92,325.24,10413
2022-04-28,327.45,327.45,316.77,318.9,14188
2022-05-02,318.9,318.9,312.71,313.92,19313
2022-05-04,313.21,314.63,308.94,309.37,13656
2022-05-05,306.95,313.21,306.09,307.51,8272
2022-05-08,313.64,313.64,303.6,306.8,17487
2022-05-09,309.65,318.19,306.8,306.8,18983
2022-05-10,309.65,315.84,307.66,315.35,24327
2022-05-11,315.35,326.02,314.35,323.89,20026
2022-05-12,324.6,327.45,318.19,322.46,24592
2022-05-17,322.39,322.39,312.71,312.78,16397
2022-05-18,312.64,316.06,311.15,313.21,13115
2022-05-19,313.21,316.41,309.65,313.14,15865
2022-05-20,309.86,314.49,309.86,313.92,7085
2022-05-23,310.36,310.36,306.09,306.23,14451
2022-05-24,302.53,312.36,300.54,309.51,6783
2022-05-25,315.63,317.05,309.65,311.43,9983
2022-05-26,311.86,313.21,310.36,313.21,6623
2022-05-27,318.19,318.19,309.72,311.79,7353
2022-05-30,311.79,311.79,303.24,304.67,15543
2022-05-31,302.53,302.53,295.41,301.82,18337
2022-06-01,298.97,307.51,293.28,303.24,15491
2022-06-02,297.34,306.09,297.34,300.4,6623
2022-06-03,298.97,300.75,294.7,296.05,14031
2022-06-06,293.28,301.11,293.28,295.41,13009
2022-06-07,293.99,295.06,279.04,286.16,37453
2022-06-08,291.85,293.99,283.38,288.3,23153
2022-06-09,284.74,292.92,283.31,286.16,16755
2022-06-10,281.39,288.3,280.46,284.66,8960
2022-06-13,281.25,284.02,281.25,281.89,7280
2022-06-14,284.74,284.74,274.77,275.48,21090
2022-06-15,280.46,280.46,268.36,269.79,17572
2022-06-16,265.66,273.35,264.8,270.5,12656
2022-06-17,270.5,274.06,266.94,269.86,3763
2022-06-19,270.5,271.92,262.67,262.67,28621
2022-06-20,262.67,263.38,255.55,256.97,24050
2022-06-21,259.82,264.8,256.26,261.32,21032
2022-06-22,262.67,262.67,256.26,259.82,11488
2022-06-23,259.11,260.96,251.28,255.55,25968
2022-06-24,252.7,257.69,247.65,256.26,28614
2022-06-26,261.39,271.92,259.82,271.21,32130
2022-06-27,274.06,279.75,265.09,269.79,28746
2022-06-28,269.86,275.48,266.94,273.35,31234
2022-06-29,271.28,281.18,269.93,281.18,29289
2022-06-30,286.16,296.55,282.6,295.41,40645
2022-07-01,297.55,298.97,284.88,293.99,9098
2022-07-03,293.99,308.94,289.15,306.09,26466
2022-07-04,309.65,311.93,295.84,298.19,48885
2022-07-05,292.57,298.12,286.3,289.65,29168
2022-07-06,291.85,297.69,282.6,295.41,29966
2022-07-07,301.11,301.11,288.3,291.85,18200
2022-07-08,291.85,291.85,282.03,287.58,14290
2022-07-11,284.74,284.74,272.78,275.48,22174
2022-07-12,272.63,288.79,272.63,279.82,10654
2022-07-13,284.02,291.5,281.18,289.01,19536
2022-07-14,292.57,292.57,284.02,289.65,10610
2022-07-15,284.74,291.85,284.74,290.43,6651
2022-07-17,290.43,293.28,284.74,286.87,8381
2022-07-18,284.74,287.58,283.38,287.58,6154
2022-07-19,284.81,291.85,284.81,285.52,15021
2022-07-20,289.72,290.43,284.66,288.3,11609
2022-07-21,285.45,288.3,284.02,286.52,6245
2022-07-22,286.16,286.16,281.89,284.1,12630
2022-07-24,287.58,294.06,281.18,291.85,25760
2022-07-25,289.01,297.55,288.37,294.63,18878
2022-07-26,294.7,295.41,284.17,286.16,20342
2022-07-27,286.16,288.3,284.02,286.16,25388
2022-07-28,291.85,297.69,287.58,291.85,34107
2022-07-29,291.85,294.63,287.58,289.01,13211
2022-07-31,294.7,294.7,289.72,293.28,30514
2022-08-01,298.9,311.79,294.7,302.46,71972
2022-08-02,307.51,318.9,300.47,318.9,66500
2022-08-03,324.6,324.6,312.5,316.06,39004
2022-08-04,316.06,318.9,306.09,306.16,44245
2022-08-05,309.65,309.65,297.55,303.24,33524
2022-08-07,308.94,310.01,299.97,304.67,19034
2022-08-08,310.72,310.72,293.99,298.9,19060
2022-08-09,304.81,304.81,289.15,289.65,25566
2022-08-10,295.41,295.41,284.74,286.8,15759
2022-08-11,286.16,291.14,284.02,284.02,11577
2022-08-14,279.04,284.74,279.04,279.75,10600
2022-08-15,284.74,292.57,282.6,292.57,17888
2022-08-16,296.05,296.13,279.75,282.03,17142
2022-08-17,282.67,293.21,282.67,284.74,14169
2022-08-18,285.59,291.14,285.59,289.72,11725
2022-08-21,293.99,295.41,287.58,287.58,11712
2022-08-22,288.3,291.71,283.45,287.58,6234
2022-08-23,291.85,291.85,285.45,287.58,8414
2022-08-24,289.72,290.43,287.37,287.37,10822
2022-08-25,292.57,292.57,281.89,282.6,20402
2022-08-26,285.45,285.45,279.75,281.89,11577
2022-08-28,284.02,284.02,274.06,274.06,30877
2022-08-29,279.54,281.18,273.35,274.13,14627
2022-08-30,276.91,276.91,271.42,274.7,13900
2022-08-31,279.75,279.75,271.92,272.63,9223
2022-09-01,277.62,277.62,268.65,271.92,42280
2022-09-02,276.91,296.13,274.06,279.04,8303
2022-09-04,284.02,284.02,276.27,280.46,6961
2022-09-05,280.46,285.45,276.27,277.62,7950
2022-09-06,273.35,282.6,272.71,274.06,10235
2022-09-07,274.06,279.47,271.92,274.06,9460
2022-09-08,279.04,279.04,269.79,271.92,11783
2022-09-11,268.86,272.63,266.94,267.08,11753
2022-09-12,267.65,268.36,262.81,264.8,10458
2022-09-13,269.08,271.14,263.38,265.52,11776
2022-09-14,265.52,272.63,265.52,270.64,15596
2022-09-15,269.08,271.21,260.53,263.38,16231
2022-09-16,260.53,263.38,258.11,263.38,3944
2022-09-18,259.82,265.45,259.11,259.11,15370
2022-09-20,256.26,259.11,250.71,252.06,18008
2022-09-21,251.99,256.26,251.99,252.92,5270
2022-09-22,252.7,257.76,252.7,254.84,5635
2022-09-25,251.99,255.55,251.28,254.13,10857
2022-09-27,259.18,259.18,252.7,257.61,6167
2022-09-28,262.74,262.74,253.34,254.91,11004
2022-09-29,250.57,260.6,250.57,259.82,2899
2022-10-09,259.82,265.02,254.63,264.09,2778
2022-10-10,264.09,264.09,257.69,259.11,8533
2022-10-11,256.26,259.82,254.55,255.55,8827
2022-10-12,252.13,259.82,251.99,257.69,23542
2022-10-13,257.69,263.38,257.69,263.38,9116
2022-10-16,259.82,263.02,258.11,259.82,8019
2022-10-17,261.96,264.8,257.97,258.4,7932
2022-10-19,257.69,259.82,254.91,255.91,4476
2022-10-20,251.42,259.82,251.35,258.4,4378
2022-10-23,263.38,263.38,259.11,261.25,2430
2022-10-31,266.44,266.44,257.76,265.52,4839
2022-11-01,268.36,274.06,263.38,273.7,8946
2022-11-02,279.04,279.04,270.5,274.06,11689
2022-11-03,268.72,273.35,268.72,269.08,4777
2022-11-06,274.13,275.91,265.87,275.84,13407
2022-11-07,281.18,281.82,270.5,275.48,16006
2022-11-08,274.06,280.46,270.0,275.48,3105
2022-11-09,280.46,281.89,268.36,268.36,10876
2022-11-10,268.36,273.63,261.6,261.96,12801
2022-11-13,257.19,266.94,257.19,259.82,4665
2022-11-14,265.02,265.52,259.82,262.1,7071
2022-11-15,267.3,270.5,263.38,266.51,1883
2022-11-16,269.08,269.08,266.23,266.23,6736
2022-11-17,271.5,276.91,268.58,273.35,7191
2022-11-22,278.33,280.39,273.35,276.83,8990
2022-11-23,281.89,281.89,271.5,271.92,5386
2022-11-24,269.79,274.06,267.65,271.21,5862
2022-11-27,275.48,277.62,265.8,277.62,16253
2022-11-28,277.62,281.75,272.71,276.19,7144
2022-11-29,276.19,276.19,270.93,271.28,5996
2022-11-30,271.28,274.77,271.28,272.71,6641
2022-12-01,276.91,277.69,272.14,277.62,12126
2022-12-04,277.62,284.74,277.62,282.6,21239
2022-12-05,281.18,281.18,275.27,278.33,9863
2022-12-06,278.33,278.33,272.92,275.48,6364
2022-12-07,277.62,284.02,270.57,271.21,39436
2022-12-11,272.63,276.62,270.5,271.92,27241
2022-12-12,270.5,274.06,267.15,273.35,19118
2022-12-13,277.62,277.62,270.57,274.06,7138
2022-12-14,270.71,276.83,270.64,276.19,8865
2022-12-15,271.92,279.75,271.92,277.62,31661
2022-12-18,272.42,274.72,268.67,272.04,13308
2022-12-19,268.6,273.19,267.91,268.82,10791
2022-12-20,273.95,278.54,268.67,270.89,7740
2022-12-21,270.89,271.58,269.59,269.59,2013
2022-12-22,270.2,271.58,268.67,269.36,4888
2022-12-26,274.72,280.15,270.13,280.15,14913
2022-12-27,284.66,295.38,281.6,289.33,25384
2022-12-28,295.07,295.07,286.2,289.41,15935
2022-12-29,289.26,298.44,285.81,298.29,27905
2023-01-01,295.38,311.98,295.38,300.05,34437
2023-01-02,302.27,309.15,299.28,303.8,18212
2023-01-03,303.8,308.39,295.38,302.27,36604
2023-01-04,302.27,318.33,299.97,316.88,79975
2023-01-05,317.57,317.57,311.45,313.82,22760
2023-01-08,313.74,322.16,313.74,317.95,35485
2023-01-09,319.87,325.22,313.59,321.55,38507
2023-01-10,322.93,339.76,322.47,325.53,82952
2023-01-12,321.4,334.33,315.27,317.57,43543
2023-01-17,319.87,332.72,313.74,325.22,31701
2023-01-18,325.99,332.11,320.63,320.63,25882
2023-01-19,325.6,326.75,317.57,321.4,18480
2023-01-23,325.15,325.22,318.49,319.87,23388
2023-01-24,318.33,326.22,314.59,323.61,27610
2023-01-25,325.22,325.22,319.1,321.4,28237
2023-01-26,321.4,336.7,319.48,335.17,43160
2023-01-29,335.17,357.36,326.75,352.0,99840
2023-01-30,352.0,367.77,342.82,342.82,133708
2023-01-31,339.76,356.6,339.76,351.93,62401
2023-02-01,355.83,355.83,347.72,355.83,33528
2023-02-02,352.16,378.79,350.47,356.6,97262
2023-02-05,359.66,374.2,355.07,371.14,105338
2023-02-06,378.56,378.56,366.54,368.07,72702
2023-02-07,368.38,378.18,368.38,376.49,55497
2023-02-08,381.08,383.38,371.9,372.67,43788
2023-02-09,374.96,378.79,371.14,374.96,32508
2023-02-12,368.07,373.43,365.09,365.4,35339
2023-02-14,363.48,366.54,357.51,357.74,27749
2023-02-15,356.6,362.72,351.24,353.15,29080
2023-02-16,348.33,353.54,348.18,350.86,18948
2023-02-20,348.18,352.0,345.58,347.41,23901
2023-02-22,345.12,358.59,345.12,356.6,17201
2023-02-23,352.77,355.75,349.79,352.23,25771
2023-02-26,348.18,352.0,341.29,351.24,30673
2023-02-27,352.0,359.04,345.88,356.52,49232
2023-02-28,352.77,385.75,350.47,363.02,28356
2023-03-01,361.26,372.67,361.19,363.71,37874
2023-03-02,361.19,366.93,359.27,361.57,30451
2023-03-05,355.91,356.06,348.26,354.3,47123
2023-03-07,348.48,361.19,348.48,358.66,25903
2023-03-09,365.55,371.14,359.66,370.37,46032
2023-03-12,371.14,372.44,363.71,363.71,31062
2023-03-13,358.66,363.48,358.13,359.58,17449
2023-03-14,355.91,361.95,355.91,358.13,12493
2023-03-15,359.2,361.19,353.69,358.13,21201
2023-03-16,355.83,360.42,353.54,359.58,17602
2023-03-19,359.66,360.42,354.45,358.89,21725
2023-03-20,356.6,366.54,356.6,366.54,27743
2023-03-22,366.54,371.14,363.48,366.62,30167
2023-03-23,366.54,368.07,357.36,360.35,37595
2023-03-26,353.54,365.01,352.77,358.82,48876
2023-03-27,356.6,364.94,354.3,362.72,21870
2023-03-28,363.48,369.61,358.89,365.32,32295
2023-03-29,366.54,368.69,361.26,367.23,20928
2023-03-30,370.75,370.75,366.54,367.31,22098
2023-04-02,367.31,369.61,356.67,361.95,22885
2023-04-03,355.83,361.19,355.83,357.36,9982
2023-04-04,356.75,363.48,354.3,360.35,15753
2023-04-05,359.66,363.41,357.44,361.19,15668
2023-04-06,361.95,362.64,358.2,358.43,10531
2023-04-09,355.91,357.97,352.92,354.3,19846
2023-04-10,353.54,355.75,351.39,353.99,33550
2023-04-11,352.08,358.89,352.08,358.89,18514
2023-04-12,358.89,374.96,353.61,374.96,44824
2023-04-13,375.73,378.86,367.31,374.96,74304
2023-04-16,371.14,378.02,368.61,373.43,22297
2023-04-17,374.96,377.26,367.31,368.61,14769
2023-04-18,362.79,370.83,362.79,368.07,12955
2023-04-19,368.84,374.81,367.85,370.37,17530
2023-04-20,371.14,374.81,366.54,368.84,18217
2023-04-23,367.31,367.31,364.4,365.09,11966
2023-04-24,361.95,367.31,361.34,365.78,12801
2023-04-25,361.26,367.23,361.26,366.54,9530
2023-04-26,365.17,368.07,363.94,365.78,12907
2023-04-27,363.79,365.01,360.73,364.17,14989
2023-04-30,359.66,361.95,357.51,359.27,9421
2023-05-02,355.83,358.89,355.83,358.13,13899
2023-05-03,355.83,359.66,352.16,359.66,11516
2023-05-04,359.66,360.42,350.55,358.89,23898
2023-05-07,352.08,356.6,352.0,355.07,7879
2023-05-08,355.83,357.06,351.24,352.77,5671
2023-05-09,358.82,358.82,349.71,355.07,14581
2023-05-10,355.07,359.66,352.0,359.66,10300
2023-05-11,356.6,361.19,355.83,361.19,8714
2023-05-14,365.4,365.4,354.3,355.07,8708
2023-05-15,354.3,354.38,351.24,353.92,10737
2023-05-16,352.77,354.3,347.87,352.0,13540
2023-05-17,351.24,354.99,350.47,352.69,9956
2023-05-18,359.73,359.73,353.54,358.82,13329
2023-05-21,361.95,361.95,354.3,356.6,22216
2023-05-22,353.54,364.25,353.54,361.19,19491
2023-05-23,361.19,368.07,359.66,367.31,24681
2023-05-24,367.31,371.14,360.96,363.87,32625
2023-05-28,368.84,390.27,368.84,385.67,167293
2023-05-30,387.97,391.8,378.02,391.03,139919
2023-05-31,389.5,390.27,378.71,380.78,73864
2023-06-01,382.61,387.05,377.95,386.44,62693
2023-06-04,387.97,410.39,387.97,410.16,124750
2023-06-05,410.16,422.41,403.81,420.11,169377
2023-06-06,424.7,427.0,413.22,425.47,109236
2023-06-07,428.53,430.06,418.73,419.42,95799
2023-06-08,419.42,422.41,413.22,413.22,71555
2023-06-11,417.05,423.94,414.75,421.33,64056
2023-06-12,424.7,428.53,417.81,418.58,87676
2023-06-13,420.88,435.41,415.67,432.35,110911
2023-06-14,433.88,447.58,428.53,437.71,133016
2023-06-15,430.13,438.48,428.53,430.9,92537
2023-06-18,436.18,452.25,431.59,449.95,109159
2023-06-19,448.42,454.55,441.0,444.6,62490
2023-06-20,443.83,447.28,433.12,433.12,74305
2023-06-21,433.96,439.24,431.59,434.27,60110
2023-06-22,433.12,436.87,425.62,432.35,59663
2023-06-25,430.9,440.31,428.53,437.33,70405
2023-06-26,443.83,454.55,431.59,438.48,88445
2023-06-27,439.24,443.83,430.06,439.32,63056
2023-06-28,440.77,447.35,428.53,430.82,61798
2023-07-02,425.47,430.06,413.22,417.05,74375
2023-07-03,410.16,421.64,410.16,411.77,49316
2023-07-04,406.34,414.75,406.34,409.4,30538
2023-07-05,413.22,425.93,400.98,400.98,51427
2023-07-06,402.59,418.58,402.51,413.99,38970
2023-07-09,420.03,423.17,415.14,417.81,25452
2023-07-10,414.83,419.34,409.4,409.55,38133
2023-07-11,407.94,409.4,402.59,405.57,35626
2023-07-12,398.68,416.28,397.46,413.22,42745
2023-07-13,420.11,422.41,410.16,411.69,137437
2023-07-16,419.34,419.34,404.12,410.7,22932
2023-07-17,410.7,417.81,405.65,415.52,19305
2023-07-18,423.17,423.17,412.46,413.22,29745
2023-07-19,413.22,418.96,409.47,411.77,19108
2023-07-20,411.77,424.63,409.4,414.75,43407
2023-07-23,423.02,430.82,410.16,424.7,43051
2023-07-24,424.7,426.84,417.13,419.19,38575
2023-07-25,417.05,419.73,409.4,413.22,40474
2023-07-26,409.4,416.28,406.34,407.1,28885
2023-07-27,408.63,411.69,405.42,406.34,38875
2023-07-30,405.57,405.57,396.16,397.92,43470
2023-07-31,404.04,404.04,393.33,393.4,34789
2023-08-01,400.98,400.98,386.59,388.74,34134
2023-08-02,394.09,394.86,383.38,387.97,27099
2023-08-03,382.61,397.08,382.61,387.21,28979
2023-08-06,394.93,402.51,374.27,377.79,59731
2023-08-07,370.29,393.33,370.29,378.94,31260
2023-08-08,374.96,381.08,373.51,373.58,33028
2023-08-09,379.63,402.05,371.14,390.27,32245
2023-08-10,383.38,398.53,382.61,394.09,38480
2023-08-13,394.09,400.83,390.27,400.21,65004
2023-08-14,396.39,397.15,387.21,387.97,39336
2023-08-15,390.27,390.27,376.49,379.48,31781
2023-08-16,375.88,383.38,375.8,377.26,24919
2023-08-17,377.26,384.76,377.26,382.23,21422
2023-08-20,382.61,382.61,371.9,373.28,30310
2023-08-21,371.14,373.51,366.7,366.7,34715
2023-08-22,367.31,372.97,365.09,371.9,22682
2023-08-23,369.76,384.14,369.68,380.62,18183
2023-08-24,385.67,385.67,375.8,376.49,20947
2023-08-27,375.73,375.73,367.46,368.07,21779
2023-08-28,368.07,371.14,367.31,368.38,15738
2023-08-29,368.07,371.9,365.09,367.31,11106
2023-08-30,368.84,370.37,366.01,368.76,8689
2023-09-03,364.33,369.53,362.18,362.72,18174
2023-09-04,360.42,372.67,359.66,366.54,15989
2023-09-05,365.78,366.93,360.42,364.25,7621
2023-09-07,359.12,366.24,358.97,359.2,29344
2023-09-10,359.66,362.72,357.59,361.19,21714
2023-09-11,363.48,374.89,361.19,369.61,109789
2023-09-12,367.54,374.89,365.01,367.31,16445
2023-09-13,367.31,374.96,363.56,374.89,22541
2023-09-17,369.68,377.26,364.4,367.39,24819
2023-09-18,371.14,371.14,363.48,367.31,7749
2023-09-19,371.9,372.59,365.01,371.52,8063
2023-09-21,378.79,387.21,377.41,382.54,63366
2023-09-24,390.11,390.11,375.27,378.79,19230
2023-09-25,381.85,381.85,372.74,376.49,15301
2023-09-26,378.79,387.97,378.79,387.97,23074
2023-09-27,384.14,386.44,378.79,384.91,23103
2023-10-01,379.55,384.07,378.79,378.86,26038
2023-10-02,378.79,386.44,374.2,379.94,17971
2023-10-03,380.01,381.77,373.43,374.96,20875
2023-10-04,377.26,378.79,369.22,372.67,34402
2023-10-05,374.2,375.57,368.07,373.35,12034
2023-10-08,373.43,373.43,361.65,362.18,26961
2023-10-09,359.66,365.01,358.13,361.19,11579
2023-10-10,368.07,368.07,355.83,356.6,12395
2023-10-11,356.6,365.78,356.6,357.74,9071
2023-10-12,357.36,364.1,353.92,358.13,22325
2023-10-16,352.85,358.89,352.0,358.89,9668
2023-10-17,363.48,363.48,355.83,361.19,5650
2023-10-18,361.42,371.14,360.42,370.91,8814
2023-10-19,364.25,374.12,364.25,368.07,6690
2023-10-29,368.07,368.07,360.42,361.19,6037
2023-10-30,354.15,361.19,354.15,358.13,10362
2023-10-31,352.77,364.25,351.16,358.89,5374
2023-11-01,359.66,361.11,355.98,355.98,8862
2023-11-02,355.83,358.89,354.3,355.07,6678
2023-11-05,354.68,354.99,348.18,349.71,11398
2023-11-06,348.18,357.36,348.18,355.07,12958
2023-11-07,355.07,359.66,352.92,355.83,11418
2023-11-08,355.83,358.13,353.15,355.83,5402
2023-11-09,352.39,358.89,352.23,356.6,11637
2023-11-20,359.66,363.48,356.67,359.66,16499
2023-11-21,366.85,366.85,353.61,359.5,9891
2023-11-22,353.54,361.95,352.85,359.81,9481
2023-11-23,359.81,369.61,356.6,364.55,15112
2023-11-26,371.14,374.96,366.54,374.89,17654
2023-11-27,381.85,381.85,367.31,367.54,10444
2023-11-28,362.34,371.06,362.34,368.07,6772
2023-11-29,368.07,373.43,364.17,364.63,8678
2023-11-30,357.36,368.84,357.36,365.86,6689
2023-12-03,363.48,365.78,363.48,365.01,11884
2023-12-04,362.72,365.01,359.66,362.11,13263
2023-12-05,365.01,367.31,355.83,367.31,15972
2023-12-06,367.31,374.66,360.42,361.42,6098
2023-12-07,361.42,368.84,357.36,366.54,30587
2023-12-10,373.81,402.51,373.81,402.51,8159
2023-12-11,410.16,410.16,386.52,394.09,102458
2023-12-12,394.86,413.22,394.86,410.16,125905
2023-12-13,410.16,416.28,404.04,407.02,54870
2023-12-14,406.34,416.28,399.53,409.4,47404
2023-12-17,401.21,433.12,401.21,430.29,97214
2023-12-18,436.18,443.83,423.4,428.53,138093
2023-12-19,430.06,437.1,423.17,427.0,86246
2023-12-20,435.41,443.83,425.31,433.88,136576
2023-12-21,434.65,441.54,430.06,437.56,199493
2023-12-24,446.3,446.3,429.29,431.82,57113
2023-12-27,423.4,448.65,420.62,423.4,56394
2023-12-28,421.04,421.72,416.67,420.54,46986
2024-01-01,414.98,422.98,409.09,409.09,57023
2024-01-02,406.57,411.62,402.53,406.82,34724
2024-01-03,407.41,414.14,400.0,407.41,36358
2024-01-04,414.98,427.61,409.93,420.03,67904
2024-01-07,428.37,429.29,418.43,420.88,52463
2024-01-08,425.08,426.09,417.59,422.56,53954
2024-01-09,427.61,433.5,422.73,425.93,80798
2024-01-10,417.59,434.34,417.59,424.24,35552
2024-01-11,415.82,425.51,415.82,420.03,25301
2024-01-14,428.37,437.71,421.72,436.87,57116
2024-01-16,441.92,446.04,434.43,441.92,54668
2024-01-17,442.85,446.04,429.21,432.49,74796
2024-01-18,429.29,434.34,423.99,428.03,54657
2024-01-21,427.61,435.19,424.16,430.98,70284
2024-01-22,424.33,428.45,422.47,423.4,24339
2024-01-23,424.24,424.24,418.77,419.19,31777
2024-01-24,427.53,427.53,417.51,418.27,19991
2024-01-25,417.51,418.35,412.46,413.3,47480
2024-01-28,412.46,416.67,410.77,415.82,19305
2024-01-29,416.67,420.88,412.46,415.74,27902
2024-01-30,420.96,422.39,414.14,419.19,26107
2024-01-31,419.19,427.61,413.3,415.49,24402
2024-02-01,415.82,415.82,410.86,413.3,15458
2024-02-04,408.33,413.3,406.57,410.02,19956
2024-02-05,409.93,414.14,409.93,411.2,11434
2024-02-06,418.35,418.35,410.77,412.46,10154
2024-02-07,416.67,418.35,412.63,414.98,18461
2024-02-08,410.77,417.42,410.77,415.82,11171
2024-02-11,423.32,423.32,412.46,416.58,17192
2024-02-12,415.82,416.67,412.29,416.25,31662
2024-02-13,415.82,415.82,407.41,410.69,28554
2024-02-14,404.88,414.65,404.04,408.67,15012
2024-02-15,404.63,412.46,404.04,404.71,15815
2024-02-18,404.71,404.71,398.99,398.99,23673
2024-02-20,393.94,400.67,393.77,396.46,20281
2024-02-21,398.99,399.83,392.59,394.78,17569
2024-02-22,393.94,397.31,392.26,395.62,31876
2024-02-25,402.61,402.61,388.22,388.89,38625
2024-02-26,388.89,394.11,383.0,388.05,16063
2024-02-27,392.68,393.1,383.0,389.73,38654
2024-02-28,390.57,395.54,387.21,388.89,11853
2024-02-29,387.21,389.73,383.0,385.52,17115
2024-03-03,382.58,387.21,380.56,383.5,22676
2024-03-04,391.16,413.8,391.16,413.8,419
2024-03-05,408.25,412.46,388.97,391.41,33109
2024-03-06,391.41,400.67,385.52,394.78,46340
2024-03-07,397.64,402.61,388.05,396.46,16560
2024-03-10,397.31,405.72,397.31,399.83,22647
2024-03-12,404.8,405.72,395.62,404.88,46130
2024-03-13,401.6,409.51,398.15,399.83,30843
2024-03-14,396.46,403.54,394.78,399.83,17615
2024-03-17,393.1,400.67,393.1,395.54,19270
2024-03-18,391.41,395.62,390.74,394.78,18822
2024-03-19,390.66,398.99,390.66,393.1,14278
2024-03-20,388.89,399.66,388.3,393.1,28661
2024-03-21,397.31,397.31,388.89,392.26,9087
2024-03-25,393.1,393.94,384.68,387.37,16306
2024-03-26,385.52,390.57,385.52,387.21,15071
2024-03-27,387.21,388.89,385.52,386.03,18235
2024-03-28,384.93,389.73,384.26,388.89,24217
2024-03-31,390.57,394.78,383.84,385.52,33420
2024-04-01,385.52,388.89,382.32,385.1,29077
2024-04-02,385.52,385.52,380.98,381.06,26171
2024-04-03,381.73,385.44,378.2,378.96,28424
2024-04-04,378.79,380.47,377.95,378.03,23378
2024-04-07,375.42,381.31,375.42,381.31,30103
2024-04-09,388.8,388.8,378.79,383.84,32513
2024-04-10,387.21,387.21,380.47,382.15,15768
2024-04-14,383.0,387.21,378.79,382.58,44702
2024-04-15,387.21,387.21,376.09,379.04,33599
2024-04-16,375.42,379.04,372.05,372.05,23780
2024-04-18,368.86,378.7,368.86,374.58,14654
2024-04-21,376.26,376.26,368.86,370.37,23034
2024-04-22,370.79,373.74,368.69,368.69,24120
2024-04-24,368.77,373.74,368.77,369.36,11955
2024-04-25,369.61,373.65,361.95,370.37,47743
2024-04-28,368.27,374.41,365.32,366.41,57951
2024-04-29,362.37,376.18,362.37,367.85,18859
2024-04-30,374.49,375.0,367.85,372.05,14587
2024-05-02,379.46,379.46,366.16,366.16,25307
2024-05-05,362.79,370.37,361.11,362.04,32100
2024-05-06,366.16,366.16,359.85,361.11,22400
2024-05-07,367.85,367.85,359.01,360.69,6978
2024-05-08,361.95,362.79,360.27,361.95,10297
2024-05-09,368.69,376.26,361.95,366.16,22757
2024-05-12,366.16,366.16,358.84,363.64,14998
2024-05-13,369.53,369.53,361.2,362.96,27240
2024-05-14,369.53,377.1,362.79,370.37,41028
2024-05-15,371.21,375.42,365.57,365.57,30430
2024-05-16,372.81,372.81,365.4,367.85,9342
2024-05-19,367.85,381.31,367.85,377.86,66751
2024-05-20,378.79,383.84,376.94,377.19,49360
2024-05-21,384.68,384.68,377.95,379.63,31308
2024-05-22,379.63,385.52,374.58,382.07,20627
2024-05-26,378.87,385.52,377.1,377.95,19335
2024-05-27,378.79,383.0,378.03,381.31,24376
2024-05-29,388.89,388.89,376.43,377.19,26580
2024-05-30,373.74,378.79,372.9,373.74,23225
2024-06-02,373.74,378.7,373.74,375.42,11980
2024-06-03,382.07,382.07,373.06,373.74,8271
2024-06-04,372.05,373.74,368.01,368.01,50349
2024-06-05,370.37,370.37,361.87,365.32,60548
2024-06-06,365.32,369.53,363.64,364.06,8881
2024-06-09,371.3,371.3,364.14,366.08,17846
2024-06-10,373.32,373.32,361.62,365.74,41446
2024-06-11,372.98,372.98,361.95,371.21,23520
2024-06-12,371.21,375.17,368.69,370.37,12853
2024-06-13,375.42,375.42,365.49,371.21,32329
2024-06-16,372.05,372.81,367.93,370.37,32651
2024-06-18,370.37,372.05,367.0,367.0,34690
2024-06-19,372.05,372.05,365.4,366.25,13264
2024-06-20,373.57,373.57,362.79,364.9,9149
2024-06-23,363.64,370.88,362.88,367.0,40911
2024-06-24,367.85,370.29,363.72,366.16,19900
2024-06-25,362.04,371.63,362.04,371.21,30001
2024-06-26,367.0,369.53,365.74,366.16,16588
2024-06-27,363.64,366.16,362.88,364.48,12682
2024-06-30,363.64,364.48,361.45,362.88,25109
2024-07-01,360.27,366.16,359.43,362.79,16699
2024-07-02,370.03,384.85,367.0,369.53,26519
2024-07-03,364.48,369.53,364.48,368.6,16704
2024-07-04,366.16,372.73,366.16,370.37,18812
2024-07-07,370.37,374.49,368.69,371.46,30476
2024-07-08,374.58,375.42,368.69,368.69,22735
2024-07-09,368.77,372.9,367.26,372.05,26043
2024-07-10,373.4,380.47,371.38,373.74,28000
2024-07-11,378.79,378.79,372.05,373.74,33155
2024-07-14,378.79,386.36,377.95,385.44,50873
2024-07-15,387.21,391.41,383.08,391.41,65737
2024-07-16,384.09,423.4,384.01,419.19,173642
2024-07-17,420.88,450.34,420.88,450.34,305266
2024-07-18,457.07,459.34,442.0,457.07,216296
2024-07-21,457.07,467.17,443.94,457.91,251633
2024-07-22,458.75,465.32,443.77,458.67,288414
2024-07-23,463.97,472.22,450.34,468.01,287235
2024-07-24,477.36,477.36,457.07,460.44,228960
2024-07-25,454.55,470.54,454.55,470.54,179481
2024-07-28,479.8,488.22,459.76,488.22,294405
2024-07-29,478.54,519.61,478.54,501.18,502486
2024-07-30,505.05,525.25,498.4,525.25,458052
2024-07-31,525.25,539.56,521.89,536.2,393176
2024-08-01,537.04,543.43,524.49,526.09,259707
2024-08-05,526.09,540.4,520.79,527.78,338418
2024-08-06,530.3,534.51,496.63,500.0,347751
2024-08-07,490.07,549.66,490.07,548.82,556516
2024-08-08,559.76,586.7,555.56,566.5,441334
2024-08-11,566.5,576.6,561.45,571.21,418051
2024-08-12,571.21,580.81,562.63,569.87,501315
2024-08-13,576.6,577.44,555.64,557.24,311116
2024-08-14,558.33,578.28,550.59,566.5,216691
2024-08-15,566.5,579.12,557.66,557.83,260274
2024-08-18,562.29,563.97,537.88,537.88,226349
2024-08-21,548.57,548.82,533.08,537.88,234385
2024-08-22,542.0,544.19,532.91,534.6,171438
2024-08-25,544.61,544.61,517.85,522.64,199604
2024-08-27,522.73,522.73,499.16,505.05,241831
2024-08-28,506.9,521.89,492.42,495.03,146018
2024-08-29,504.12,504.12,481.48,486.53,156721
2024-09-01,477.27,496.21,477.27,481.48,105872
2024-09-02,472.22,504.21,472.22,502.53,169456
2024-09-03,505.05,511.78,489.06,500.84,92028
2024-09-04,510.86,510.86,480.13,481.9,222584
2024-09-05,481.48,488.13,476.43,478.2,79248
2024-09-08,487.37,487.37,471.38,471.8,60051
2024-09-09,472.22,474.83,457.91,458.84,78302
2024-09-10,467.17,476.43,454.21,459.6,56725
2024-09-11,458.84,473.06,458.75,464.9,52106
2024-09-12,464.14,475.59,463.8,475.59,48654
2024-09-15,475.59,484.85,461.28,466.33,64919
2024-09-16,462.12,466.33,454.55,454.55,70829
2024-09-18,451.18,460.44,448.74,453.79,31194
2024-09-22,453.7,472.22,453.7,465.32,54534
2024-09-23,474.58,474.58,456.23,457.07,55521
2024-09-24,454.63,462.96,451.26,452.86,61115
2024-09-25,452.86,464.31,451.18,464.31,54261
2024-09-26,465.49,470.54,457.91,457.91,31843
2024-09-29,454.55,458.84,450.0,457.91,37502
2024-09-30,456.23,466.33,454.55,462.96,29320
2024-10-01,463.8,484.01,463.05,483.16,92471
2024-10-02,484.09,488.22,467.26,474.92,36050
2024-10-06,484.34,487.37,469.44,485.69,42421
2024-10-07,486.53,506.57,486.53,491.33,85880
2024-10-08,500.84,500.84,484.85,487.37,132639
2024-10-09,487.37,494.95,486.53,494.11,15559
2024-10-15,496.63,496.63,491.58,491.58,12312
2024-10-16,501.35,504.21,492.68,503.96,156885
2024-10-17,500.84,506.57,495.79,500.84,53912
2024-10-20,490.82,496.63,481.06,487.37,45353
2024-10-21,478.62,485.69,476.85,481.48,45218
2024-10-22,481.48,485.69,471.38,485.69,30932
2024-10-23,479.8,490.24,474.33,478.87,33394
2024-10-24,478.87,481.48,472.31,473.91,30731
2024-10-27,471.63,479.8,471.55,474.16,14772
2024-10-28,473.91,481.9,473.91,481.48,22543
2024-10-29,487.29,492.42,481.65,490.74,52181
2024-10-30,498.32,498.32,488.47,492.42,29479
2024-11-05,498.32,506.73,495.03,498.06,89818
2024-11-06,498.32,504.55,492.09,496.46,37928
2024-11-10,492.51,511.78,492.51,506.73,99027
2024-11-11,513.47,513.47,502.53,505.05,69721
2024-11-12,509.26,509.26,498.48,498.48,61989
2024-11-13,508.42,508.42,492.42,492.42,31884
2024-11-14,502.27,502.27,489.23,499.16,57609
2024-11-17,502.69,509.26,500.84,500.84,72076
2024-11-19,500.84,502.53,486.53,488.22,61712
2024-11-20,484.85,492.85,483.42,488.22,25515
2024-11-21,488.22,488.97,483.16,487.37,37350
2024-11-24,495.79,513.47,490.74,498.32,177740
2024-11-25,504.12,504.12,492.42,498.32,55269
2024-11-26,508.25,508.25,488.22,494.95,54793
2024-11-27,494.19,503.37,494.11,500.0,54881
2024-11-28,505.05,505.05,493.69,499.07,29979
2024-12-01,490.74,496.38,484.85,488.64,53163
2024-12-02,488.3,495.03,487.37,490.32,43916
2024-12-03,494.28,494.28,487.37,489.06,34878
2024-12-04,480.72,493.69,480.72,491.5,35473
2024-12-05,486.53,489.9,481.48,481.99,36194
2024-12-08,481.48,485.1,472.56,475.76,51782
2024-12-09,471.38,482.32,471.38,475.59,21212
2024-12-10,468.01,479.8,468.01,471.8,17151
2024-12-11,472.39,483.5,472.39,479.8,29983
2024-12-12,479.8,485.69,467.17,471.38,40706
2024-12-16,463.13,471.38,463.13,468.86,32071
2024-12-17,478.11,481.48,473.99,474.33,65659
2024-12-18,478.96,478.96,473.99,476.43,27727
2024-12-19,477.36,478.03,469.28,474.66,36473
2024-12-22,469.7,477.95,469.7,474.66,24520
2024-12-23,473.99,478.11,471.38,474.75,22800
2024-12-24,474.75,484.01,474.75,478.96,27483
2024-12-26,469.44,488.22,469.44,479.8,33709
2024-12-29,479.8,484.01,476.43,479.8,91066
2024-12-31,478.7,481.48,461.11,467.41,64875
2025-01-01,462.96,471.2,462.96,470.83,18272
2025-01-02,471.3,476.57,471.3,472.5,18067
2025-01-05,481.3,481.3,465.46,471.3,27092
2025-01-06,463.89,477.13,463.89,477.13,37855
2025-01-07,486.67,486.67,469.44,474.07,29705
2025-01-08,483.52,483.52,471.3,473.15,22756
2025-01-09,473.15,478.7,471.48,472.69,119900
2025-01-12,482.13,482.13,463.15,466.67,17006
2025-01-13,462.96,475.09,462.96,464.26,124943
2025-01-15,473.52,474.07,462.96,463.33,14058
2025-01-16,463.33,471.94,460.28,461.67,17960
2025-01-19,463.89,469.44,459.26,463.06,28946
2025-01-20,472.13,472.13,462.04,463.89,60133
2025-01-21,461.11,463.89,461.11,462.96,31036
2025-01-22,462.96,476.76,462.04,476.76,71874
2025-01-23,481.48,481.48,467.69,480.56,38557
2025-01-26,472.22,478.52,465.0,473.06,19977
2025-01-27,473.15,473.15,466.02,470.74,26490
2025-01-28,467.59,472.41,461.11,467.59,58366
2025-02-02,469.44,481.94,469.44,479.63,88364
2025-02-03,473.15,501.48,473.15,487.5,160753
2025-02-04,487.96,493.52,484.26,485.19,78784
2025-02-05,488.52,488.52,481.48,481.85,59283
2025-02-06,487.5,502.78,479.63,495.37,156443
2025-02-09,495.46,496.3,484.26,485.28,62587
2025-02-10,491.67,491.67,479.17,486.02,48931
2025-02-11,478.24,489.81,476.94,486.11,44446
2025-02-12,477.41,492.5,477.41,489.81,59327
2025-02-13,481.57,500.56,481.48,494.44,103270
2025-02-16,489.17,494.44,487.96,493.52,33847
2025-02-17,495.37,495.37,486.11,487.04,30226
2025-02-18,490.93,490.93,481.48,483.33,37625
2025-02-20,483.33,485.19,473.7,479.63,37492
2025-02-23,477.78,481.48,470.37,478.61,43214
2025-02-24,475.09,486.39,473.15,485.19,51064
2025-02-25,478.7,490.74,472.78,485.93,100372
2025-02-27,489.26,500.0,476.85,500.0,73973
2025-03-02,500.0,510.19,496.3,509.91,125379
2025-03-03,515.0,516.94,497.22,499.07,91865
2025-03-04,500.0,500.93,490.74,493.52,57440
2025-03-05,493.52,493.52,482.41,484.07,47580
2025-03-06,486.57,490.46,479.63,490.37,43314
2025-03-09,490.74,493.89,481.48,486.11,68805
2025-03-10,492.59,494.44,476.94,478.06,23864
2025-03-11,478.7,486.67,474.07,475.0,43104
2025-03-12,469.54,477.31,469.54,472.22,29039
2025-03-16,473.15,474.07,466.67,467.69,29650
2025-03-17,468.52,472.22,462.96,466.57,25453
2025-03-18,466.85,469.44,458.33,465.09,53148
2025-03-19,463.89,466.39,458.33,461.85,28874
2025-03-20,462.04,462.04,453.8,454.84,31034
2025-03-23,459.26,459.26,446.3,447.55,43867
2025-03-24,449.35,459.54,443.15,453.47,46495
2025-03-25,449.07,449.07,440.74,441.58,53572
2025-03-26,446.3,447.22,441.2,443.08,33332
2025-03-27,442.59,461.11,441.94,452.4,45311
2025-03-30,449.07,461.39,444.44,453.99,68326
2025-04-01,453.7,454.63,445.37,447.26,39625
2025-04-02,444.72,450.93,444.44,445.69,31846
2025-04-03,445.83,450.56,444.63,445.81,27770
2025-04-07,445.37,447.22,441.57,441.88,108920
2025-04-08,442.59,442.69,437.5,438.27,35484
2025-04-09,446.3,446.3,437.96,440.05,44671
2025-04-10,438.89,444.26,435.19,438.82,50652
2025-04-13,444.44,444.44,437.96,439.89,24766
2025-04-15,439.81,451.57,436.11,448.25,42529
2025-04-16,449.17,449.54,439.35,447.64,72379
2025-04-17,447.22,461.11,447.22,453.01,74572
2025-04-20,451.85,474.07,450.93,458.35,127350
2025-04-21,467.5,467.5,457.41,459.93,71234
2025-04-22,462.78,462.78,450.09,451.64,49812
2025-04-23,450.0,455.56,438.98,439.92,145368
2025-04-24,440.74,444.44,434.91,441.73,54611
2025-04-27,444.54,461.67,441.02,453.44,101346
2025-04-28,454.63,460.19,445.37,446.66,86774
2025-04-29,437.78,460.19,437.78,443.07,65150
2025-04-30,449.07,457.41,444.72,450.06,73955
2025-05-04,456.48,464.81,450.19,456.4,99801
2025-05-05,462.96,462.96,449.07,450.65,54997
2025-05-06,457.41,462.96,451.76,457.05,78515
2025-05-07,462.96,488.89,458.33,483.37,340772
2025-05-08,480.56,484.17,470.37,476.66,122810
2025-05-11,476.85,481.48,461.02,461.45,122186
2025-05-13,452.78,467.59,452.78,453.99,78239
2025-05-14,453.7,458.8,445.0,446.31,57583
2025-05-15,437.96,451.85,437.96,446.9,51395
2025-05-18,449.07,452.59,441.94,443.73,50384
2025-05-19,451.85,455.46,444.44,446.41,28533
2025-05-20,452.78,459.26,444.44,458.16,44746
2025-05-21,465.74,475.74,451.02,453.7,90756
2025-05-22,453.7,457.5,446.3,450.1,29675
2025-05-25,453.61,456.48,447.22,452.44,33539
2025-05-26,461.48,462.96,450.09,451.17,39153
2025-05-27,453.61,456.39,449.07,451.04,24937
2025-05-28,447.22,467.59,447.22,458.46,68368
2025-06-02,464.35,464.35,451.85,452.32,43138
2025-06-03,453.7,460.09,448.89,452.19,57331
2025-06-04,449.07,453.7,445.74,447.45,38271
2025-06-05,453.61,457.04,443.52,450.71,41081
2025-06-08,459.72,490.65,450.93,486.81,506439
2025-06-09,490.74,513.24,483.43,510.8,573296
2025-06-10,520.37,527.78,509.35,514.68,494798
2025-06-11,524.07,542.5,504.81,538.07,839501
2025-06-12,538.89,545.37,522.41,525.34,531596
2025-06-15,535.19,541.57,525.93,538.67,726667
2025-06-16,532.41,555.19,529.63,532.36,714487
2025-06-17,527.78,535.19,521.57,531.6,344830
2025-06-18,534.26,538.98,528.7,532.31,306230
2025-06-19,521.85,541.67,518.52,522.56,384294
2025-06-22,527.78,527.78,499.17,500.92,226790
2025-06-23,500.93,507.31,492.59,502.69,144302
2025-06-24,512.69,513.89,495.37,495.6,197323
2025-06-25,496.3,509.26,493.52,505.26,202235
2025-06-26,506.48,517.5,500.93,501.65,284064
2025-06-29,504.63,510.19,498.61,506.18,185970
2025-06-30,501.85,521.3,501.85,503.91,167366
2025-07-01,509.26,513.8,505.56,508.28,142578
2025-07-02,518.43,518.43,502.87,503.62,165118
2025-07-03,513.61,513.61,496.3,496.96,222807
2025-07-06,498.24,501.85,492.59,494.96,147550
2025-07-07,495.37,495.37,488.06,488.96,101078
2025-07-08,498.7,498.7,477.04,489.23,120957
2025-07-09,486.11,495.28,486.11,487.82,72841
2025-07-10,487.04,492.59,481.94,485.39,113946
2025-07-13,495.09,503.7,481.48,482.97,113645
2025-07-14,484.26,488.89,480.56,481.48,98968
2025-07-15,481.48,489.81,479.81,488.97,122790
2025-07-16,490.74,500.0,489.81,493.94,196002
2025-07-17,498.15,509.26,498.15,507.06,181607
2025-07-20,512.78,516.57,502.96,503.73,228991
2025-07-21,503.7,509.26,500.0,505.8,113277
2025-07-22,512.96,522.22,505.56,516.74,223193
2025-07-23,518.52,523.15,508.33,513.24,137844
2025-07-24,518.52,540.74,513.89,530.29,335023
2025-07-27,537.04,539.81,515.74,517.69,260859
2025-07-28,523.15,523.15,504.81,514.53,141313
2025-07-29,523.98,523.98,512.22,513.47,135350
2025-07-30,522.13,522.13,503.8,504.56,124042
2025-07-31,504.63,508.24,495.37,497.41,121812
2025-08-03,497.22,509.26,495.37,498.48,108426
2025-08-04,500.0,507.69,493.52,499.84,120171
2025-08-05,509.07,509.07,489.17,492.02,75256
2025-08-06,492.59,498.15,489.44,490.51,80655
2025-08-07,490.74,500.0,489.35,490.36,64889
2025-08-11,499.81,499.81,486.3,487.82,49883
2025-08-12,490.74,490.74,479.91,481.59,81995
2025-08-13,481.48,488.8,479.63,481.27,62525
2025-08-14,481.48,486.11,478.24,484.55,53005
2025-08-17,485.28,489.81,476.94,477.62,50050
2025-08-18,477.78,485.19,477.78,478.92,30589
2025-08-19,478.8,487.87,477.41,478.52,45365
2025-08-20,481.48,481.48,474.07,475.26,28963
2025-08-21,473.24,478.43,472.22,473.69,42766
2025-08-24,472.41,475.93,466.67,468.43,48808
2025-08-25,475.93,475.93,467.59,468.76,32131
2025-08-26,469.26,473.15,468.52,470.62,12023
2025-08-27,480.0,480.09,471.3,479.43,25894
2025-08-28,480.56,486.11,472.13,472.37,45569
2025-08-31,472.22,478.61,466.67,468.58,36802
2025-09-01,477.87,477.87,462.96,470.57,40378
2025-09-02,479.91,479.91,464.81,467.32,29145
2025-09-03,463.89,470.28,463.89,466.93,33681
2025-09-04,464.81,473.15,462.04,465.93,49479
2025-09-07,456.67,465.74,456.67,464.34,35260
2025-09-08,455.09,467.59,455.09,460.52,27390
2025-09-18,451.85,453.7,422.22,429.63,10795
2025-09-21,425.93,462.96,424.17,455.26,85259
2025-09-23,462.96,466.67,453.7,465.0,41659
2025-09-24,467.59,467.59,458.43,459.26,18374
2025-09-25,450.93,463.89,450.93,460.19,11872
2025-09-28,462.96,467.59,459.26,465.74,18448
2025-10-07,467.59,467.59,453.89,460.46,22538
2025-10-08,459.26,459.26,448.61,453.7,51264
2025-10-09,462.78,480.46,458.33,459.17,35740
2025-10-12,461.11,461.11,442.59,446.3,61281
2025-10-13,454.63,454.63,444.44,450.0,22822
2025-10-14,453.7,458.06,445.37,447.22,22528
2025-10-15,447.22,451.85,444.44,446.94,24904
2025-10-16,452.78,452.78,440.09,448.15,29239
2025-10-19,442.59,447.22,442.59,445.37,22812
2025-10-26,440.28,446.3,436.67,444.54,15304
2025-10-28,444.44,458.33,440.37,453.7,29571
2025-10-29,454.63,461.3,451.85,452.78,25173
2025-10-30,446.57,478.61,446.3,466.67,55378
2025-11-02,475.93,475.93,462.96,465.74,37649
2025-11-03,462.96,471.3,458.33,459.26,31400
2025-11-04,461.11,462.96,453.8,458.24,20821
2025-11-05,450.09,458.33,449.44,453.7,25860
2025-11-06,451.02,458.33,449.07,453.7,25034
2025-11-09,446.3,455.56,446.11,450.56,16590
2025-11-10,450.56,453.7,444.91,448.98,32092
2025-11-11,444.63,457.41,444.63,451.85,10301
2025-11-12,451.85,460.83,444.63,453.7,15183
2025-11-13,448.15,454.07,444.91,448.7,41395
2025-11-16,450.09,451.02,443.8,445.09,56601
2025-11-17,441.76,450.93,440.74,448.15,24186
2025-11-18,441.67,452.59,441.67,446.76,55715
2025-11-19,449.07,449.07,444.44,447.04,28461
2025-11-20,444.44,448.06,441.94,448.06,44048
2025-11-23,445.46,455.46,445.37,454.35,33020
2025-11-24,460.37,462.96,452.31,460.19,50059
2025-11-25,459.44,471.3,459.26,463.98,74744
2025-11-26,473.15,473.15,463.06,468.52,54116
2025-11-27,472.22,475.93,462.13,468.06,38981
2025-11-30,468.52,472.22,458.33,459.26,52529
2025-12-01,468.43,468.43,457.59,459.17,14967
2025-12-02,463.89,465.74,456.48,458.43,18527
2025-12-03,462.96,462.96,453.7,453.7,40363
2025-12-07,458.24,458.43,451.94,453.7,34580
2025-12-08,462.78,462.78,451.85,454.63,29097
2025-12-09,455.56,458.33,453.24,458.33,25076
2025-12-10,455.56,458.33,453.89,455.74,20239
2025-12-11,456.48,461.11,454.63,454.81,17034
2025-12-14,454.81,457.41,451.94,455.09,50370
2025-12-15,452.78,456.48,452.04,453.7,24996
2025-12-16,456.48,458.33,453.7,458.33,13540
2025-12-17,458.33,462.96,456.2,459.26,13510
2025-12-18,459.26,462.04,454.17,455.09,15634
2025-12-21,453.7,455.56,452.41,454.54,24182
2025-12-22,458.33,458.33,452.31,454.63,22456
2025-12-23,462.04,462.04,451.85,457.5,28421
2025-12-24,457.87,465.74,457.41,461.11,66630
2025-12-28,463.89,467.78,462.04,467.5,72382
2025-12-29,468.52,470.09,462.04,464.35,66397
2025-12-31,467.59,472.22,465.0,469.35,134557
2026-01-01,464.0,478.1,464.0,471.0,40421
2026-01-04,472.0,473.0,469.0,470.5,69102
2026-01-05,473.9,473.9,468.0,470.2,23284
2026-01-06,473.0,473.0,469.0,470.9,24897
2026-01-07,473.0,473.0,470.0,471.0,27147
2026-01-08,471.0,473.0,467.0,470.9,51571
2026-01-12,480.3,480.3,465.1,470.0,41479
2026-01-13,479.0,479.0,465.0,474.0,40095
2026-01-14,479.0,479.0,470.0,470.0,41135
2026-01-18,470.0,474.9,470.0,473.0,28576
2026-01-20,478.0,480.0,474.2,475.4,50804
2026-01-21,484.9,484.9,473.0,476.8,37350
2026-01-22,476.8,476.8,473.1,473.1,28659
2026-01-25,475.0,486.0,475.0,486.0,61423
2026-01-26,486.0,490.0,480.0,483.9,59858
2026-01-27,480.0,487.0,470.0,470.4,75032
2026-01-28,479.0,479.0,470.0,474.5,55505
2026-01-29,479.0,482.0,471.1,474.0,58347
2026-02-01,480.0,480.0,469.5,470.1,42161
2026-02-02,475.9,475.9,470.0,472.0,28526
2026-02-03,474.0,474.9,468.1,469.0,29136
2026-02-04,460.0,475.0,460.0,467.0,16641
2026-02-05,466.1,474.0,466.1,470.0,23969
2026-02-08,470.0,476.0,468.1,470.0,25141
2026-02-09,472.0,474.8,466.0,468.0,27960
2026-02-10,465.5,471.0,464.0,468.7,36142
2026-02-11,478.0,478.0,466.0,469.9,27179
2026-02-12,474.0,480.0,468.2,477.0,62819
2026-02-16,478.0,482.5,467.5,470.0,37653
2026-02-17,474.0,474.0,464.0,466.9,41946
2026-02-22,470.0,470.0,457.0,461.9,43181
2026-02-23,462.0,465.0,458.2,460.9,20552
2026-02-24,461.0,466.0,460.9,462.9,16692
2026-02-25,460.0,470.0,456.1,466.0,21656
2026-02-26,475.3,475.3,461.1,468.0,29534
2026-03-01,468.0,475.0,463.0,469.0,42208
2026-03-03,478.3,481.0,468.8,479.9,39111
2026-03-09,489.4,509.0,489.4,509.0,30
2026-03-10,519.1,525.0,492.0,500.1,154523
2026-03-11,510.0,518.0,495.0,503.0,117369
2026-03-12,503.0,510.0,500.0,510.0,68795
2026-03-15,500.0,520.0,500.0,508.6,41296
2026-03-16,508.6,508.6,496.9,496.9,72601
2026-03-17,499.9,499.9,492.1,497.1,29246
2026-03-19,506.0,515.0,499.1,509.7,110706
2026-03-22,517.0,517.0,507.3,508.0,135827
2026-03-23,500.0,515.0,500.0,510.5,120244
2026-03-24,510.0,516.0,505.1,514.0,112908
2026-03-25,514.0,515.0,506.1,511.9,51533
2026-03-26,510.0,510.7,504.1,510.5,56682
2026-03-29,520.7,520.7,498.0,498.0,128953
2026-03-30,496.0,513.0,491.8,501.0,96376
2026-03-31,491.1,507.8,491.1,507.4,55860
2026-04-01,499.1,508.7,491.1,493.0,52270
2026-04-02,495.0,497.0,484.2,493.8,54700
2026-04-05,489.0,489.0,473.0,476.0,57591
2026-04-06,476.0,497.0,476.0,486.0,62785
2026-04-07,495.5,499.6,483.0,485.9,22499
2026-04-08,488.5,494.5,479.0,490.0,40232
2026-04-09,490.0,495.0,485.0,495.0,24915
2026-04-10,498.0,503.0,485.0,493.0,62674
2026-04-13,502.8,502.8,490.3,495.4,29632
2026-04-15,495.1,500.2,492.0,497.0,36272
2026-04-16,502.9,502.9,490.0,491.4,27568
2026-04-17,501.2,501.2,488.1,492.0,21075
2026-04-20,497.1,497.1,485.0,487.0,18028
2026-04-21,494.0,494.8,483.0,484.0,14699
2026-04-22,482.2,489.9,476.0,485.0,33048
2026-04-23,483.0,486.0,482.0,482.1,16085
2026-04-24,486.9,486.9,475.0,479.0,14082
2026-04-27,480.1,483.0,476.1,480.0,33315
2026-04-28,480.0,484.0,478.0,480.0,27724
2026-04-29,483.0,483.0,475.0,479.1,21272
2026-04-30,477.0,484.9,473.0,478.5,38316
2026-05-04,480.0,480.0,471.0,471.9,21695
2026-05-05,470.5,479.0,468.0,475.0,30814
2026-05-06,467.0,475.0,467.0,474.0,54070
2026-05-07,480.0,480.0,467.0,470.0,51185
2026-05-08,478.0,478.0,469.0,474.0,17142
2026-05-11,479.9,480.0,475.0,479.1,22294
2026-05-12,482.0,488.0,470.0,476.2,61028
2026-05-13,473.0,479.5,472.5,476.0,16783
2026-05-14,477.0,479.0,474.0,475.6,12315
2026-05-15,477.0,478.9,473.6,476.0,7290
2026-05-18,476.0,480.0,474.0,480.0,26220
2026-05-19,480.0,481.5,477.0,477.1,14730
2026-05-20,479.9,481.0,476.5,480.0,21428
2026-05-21,480.0,482.0,476.0,479.0,15354
2026-05-22,477.6,482.0,477.6,482.0,9620
2026-05-25,482.5,490.0,482.5,489.0,73257
2026-05-26,491.8,491.9,483.8,486.0,39399
2026-05-27,499.0,499.0,483.1,483.6,61148
2026-06-01,499.9,500.0,484.0,491.9,68793
2026-06-02,491.0,505.7,489.1,501.0,92972
2026-06-03,505.0,505.0,497.7,499.0,74150
2026-06-04,492.5,501.9,492.5,500.0,30010
2026-06-05,500.0,500.0,495.0,495.4,33537
2026-06-08,496.0,496.0,489.9,490.0,25729
2026-06-09,490.0,491.0,485.1,489.0,15728
2026-06-10,490.0,490.0,483.1,483.1,22811
2026-06-11,486.0,488.9,480.6,484.9,10549
2026-06-12,489.0,489.0,480.8,483.4,13066
2026-06-15,483.0,485.0,480.0,482.0,34538
2026-06-16,484.0,488.0,479.1,481.9,12988
2026-06-17,480.1,485.0,480.1,482.0,20472
2026-06-18,482.0,486.9,480.5,484.0,28058
2026-06-19,493.0,493.0,481.0,487.0,26489
2026-06-22,485.1,491.9,485.0,486.0,13823
2026-06-23,486.0,486.0,478.0,485.0,26166
2026-06-24,481.0,486.0,478.0,479.0,20045
2026-06-25,479.0,480.0,477.0,478.3,11918
2026-06-26,483.0,483.0,476.6,477.0,12562
2026-06-29,477.0,477.0,475.0,476.0,30778
2026-06-30,477.0,477.0,472.0,472.5,11763
2026-07-01,477.0,482.9,476.0,481.0,14543
2026-07-02,481.0,481.9,474.0,480.0,29848
2026-07-03,480.0,483.9,478.0,482.0,8055
2026-07-06,482.0,486.0,475.0,479.0,7045
2026-07-07,480.0,482.9,478.0,479.1,11937
2026-07-08,485.0,485.0,475.0,475.1,19146
2026-07-09,477.2,480.0,476.1,477.0,21633
2026-07-10,477.0,480.0,475.1,478.0,37671
2026-07-13,478.0,480.0,475.0,476.0,12296
2026-07-14,484.9,484.9,470.4,477.9,8353
2026-07-15,482.0,482.0,476.0,476.1,20387
2026-07-16,477.2,480.0,475.1,475.1,14892
2026-07-17,484.5,490.0,480.0,487.0,16591
2026-07-20,491.0,500.0,480.0,496.0,80871
2026-07-21,496.0,496.0,477.4,495.9,70099
2026-07-22,493.0,496.0,480.1,495.2,44279
2026-07-23,485.1,495.0,485.1,494.0,31454
2026-07-24,494.0,496.5,492.0,494.2,35710
2026-07-27,495.0,499.5,494.0,496.9,56689
2026-07-28,490.5,497.4,490.0,497.0,39946
2026-07-29,496.1,497.2,492.0,494.0,79038
2026-07-30,494.0,495.9,490.0,495.0,63422
2026-07-31,495.0,497.4,492.0,494.1,20369
2026-08-03,499.9,500.0,493.0,497.5,57188
2026-08-04,500.0,500.0,494.0,495.0,37504
2026-08-05,495.0,499.0,490.1,493.0,11531
2026-08-06,494.0,497.9,488.2,492.0,9452
2026-08-07,493.7,493.7,485.1,486.0,6116
2026-08-10,493.0,496.0,484.0,484.0,9921
2026-08-11,490.0,490.0,481.0,482.0,20777
2026-08-12,482.1,486.5,480.0,481.0,9938
2026-08-13,481.0,484.0,480.0,482.1,7613
2026-08-14,481.0,486.0,474.0,478.9,66504
2026-08-17,489.9,489.9,477.0,480.0,15729
2026-08-18,485.0,486.0,477.0,480.0,10977
2026-08-19,480.0,480.0,475.0,479.0,7975
2026-08-20,480.0,483.8,476.0,483.8,30342
2026-08-21,483.0,494.0,480.0,484.4,23326
2026-08-24,490.0,496.2,478.0,478.0,18735
2026-08-25,485.0,485.7,475.0,475.1,21111
2026-08-26,472.0,475.0,410.0,427.0,480553
2026-08-27,407.0,409.0,378.3,405.0,407762
2026-08-31,390.0,390.1,360.0,362.5,326757
2026-09-01,355.0,385.0,350.0,372.0,199747
2026-09-02,372.0,379.6,364.0,377.0,157769
2026-09-03,377.0,380.0,368.0,370.2,137474
