timestamp,open,high,low,close,volume
2012-01-01,31.68,31.47,31.47,31.47,50
2012-01-08,31.47,32.13,31.68,31.89,107
2012-01-09,31.89,32.13,32.13,32.13,12
2012-01-10,32.13,32.48,32.24,32.48,40
2012-01-23,32.48,33.18,32.69,32.95,127
2012-01-26,32.95,33.21,33.21,33.21,15
2012-01-29,33.21,33.21,33.21,33.21,62
2012-01-31,33.21,33.47,33.21,33.47,25
2012-02-01,33.47,33.47,33.47,33.47,50
2012-02-12,33.47,33.21,33.21,33.21,52
2012-02-15,33.21,33.98,33.47,33.98,104
2012-02-21,33.98,34.31,34.24,34.31,43
2012-02-23,34.31,34.55,34.55,34.55,20
2012-02-26,34.55,35.11,34.83,35.11,46
2012-02-28,35.11,35.7,35.39,35.7,70
2012-03-04,35.7,35.72,35.72,35.72,10
2012-03-06,35.72,35.84,35.84,35.84,62
2012-03-11,35.84,35.84,35.84,35.84,126
2012-03-15,35.84,36.01,36.01,36.01,15
2012-03-20,36.01,36.01,35.72,35.89,2063
2012-03-21,35.89,35.84,35.72,35.84,110
2012-03-25,35.84,35.96,35.72,35.72,71
2012-03-29,35.72,35.42,34.83,35.02,449
2012-04-01,35.02,34.74,34.74,34.74,40
2012-04-02,34.74,34.45,34.45,34.45,52
2012-04-05,34.45,34.17,34.17,34.17,156
2012-04-09,34.17,33.91,33.91,33.91,40
2012-04-12,33.91,34.08,34.08,34.08,45
2012-05-02,34.08,33.87,33.84,33.84,198
2012-05-08,33.84,33.89,33.87,33.89,144
2012-05-09,33.89,34.15,34.15,34.15,40
2012-05-10,34.15,34.43,34.43,34.43,38
2012-05-21,34.43,34.71,34.43,34.71,360
2012-05-22,34.71,34.71,34.71,34.71,160
2012-05-24,34.71,34.99,34.99,34.99,40
2012-05-30,34.99,34.78,34.78,34.78,40
2012-06-04,34.78,34.67,34.55,34.62,220
2012-06-05,34.62,34.9,34.55,34.78,412
2012-06-06,34.78,34.5,34.5,34.5,72
2012-06-11,34.5,34.55,34.55,34.55,48
2012-06-12,34.55,34.78,34.55,34.78,29
2012-06-13,34.78,35.02,34.78,35.02,133
2012-06-17,35.02,35.91,35.3,35.91,71
2012-06-18,35.91,36.22,36.22,36.22,16
2012-06-19,36.22,36.22,36.22,36.22,30
2012-06-20,36.22,37.75,36.52,37.75,538
2012-07-04,43.97,37.75,37.75,37.75,100
2012-07-05,37.75,38.25,37.59,38.25,251
2012-07-08,38.25,38.6,38.6,38.6,10
2012-07-09,38.6,38.25,37.59,37.59,122
2012-07-11,37.59,37.94,37.94,37.94,25
2012-07-12,37.94,38.29,37.94,37.94,28
2012-07-18,37.94,38.06,38.06,38.06,34
2012-07-25,38.06,38.41,38.41,38.41,10
2012-07-30,38.41,38.76,38.76,38.76,31
2012-08-23,38.76,39.11,39.11,39.11,34
2012-08-27,39.11,39.49,39.49,39.49,10
2012-09-09,39.49,39.87,39.87,39.87,40
2012-09-10,39.87,41.46,40.25,41.46,160
2012-09-11,41.46,42.28,41.87,42.28,160
2012-09-12,42.28,43.62,42.73,43.62,35
2012-09-13,43.62,44.06,44.06,44.06,40
2012-09-19,44.06,44.54,44.06,44.54,186
2012-09-20,44.54,45.01,45.01,45.01,40
2012-09-23,45.01,46.98,45.49,46.98,225
2012-09-24,46.98,48.44,47.11,47.9,184
2012-09-25,47.9,48.95,48.44,48.54,340
2012-09-26,48.54,48.06,47.97,48.06,255
2012-09-30,48.06,48.06,47.58,47.58,80
2012-10-02,47.58,47.05,47.05,47.05,40
2012-10-03,47.05,46.51,46.0,46.0,184
2012-10-04,46.0,45.49,45.49,45.49,225
2012-10-07,45.49,46.54,46.0,46.54,121
2012-10-08,46.54,47.58,46.63,47.58,180
2012-10-09,47.58,47.9,47.36,47.36,49
2012-10-10,47.36,47.9,47.43,47.9,115
2012-10-18,47.9,47.9,47.9,47.9,40
2012-10-30,47.9,48.12,47.58,48.12,88
2012-10-31,48.12,49.01,48.51,49.01,50
2012-11-01,49.01,49.11,48.54,49.11,45
2012-11-04,49.11,49.11,48.85,48.85,137
2012-11-05,48.85,49.81,49.43,49.81,61
2012-11-07,49.81,51.08,50.38,51.08,197
2012-11-12,51.08,51.84,51.23,51.23,250
2012-11-20,51.23,51.81,51.81,51.81,10
2012-11-21,51.81,52.44,51.81,51.81,303
2012-11-22,51.81,51.81,51.81,51.81,40
2012-11-28,51.81,52.35,52.35,52.35,31
2012-11-29,52.35,51.81,51.08,51.08,190
2012-12-13,51.08,51.71,51.71,51.71,54
2012-12-16,51.71,51.71,51.71,51.71,60
2012-12-17,51.71,54.25,52.35,52.98,378
2012-12-19,52.98,56.28,53.62,56.28,138
2012-12-20,56.28,59.9,56.98,59.9,354
2012-12-23,59.9,61.39,60.6,61.39,593
2012-12-26,61.39,65.3,62.22,65.3,100
2012-12-27,65.3,65.68,64.41,65.68,189
2012-12-31,65.68,66.95,66.03,66.03,31
2013-01-01,66.03,65.23,64.41,64.41,153
2013-01-02,64.41,65.04,64.15,64.85,1053
2013-01-03,64.85,66.15,65.36,65.87,433
2013-01-06,65.87,68.69,65.87,68.69,660
2013-01-07,68.69,73.55,69.48,72.69,604
2013-01-08,72.69,71.9,71.87,71.87,213
2013-01-09,71.87,72.88,72.88,72.88,10
2013-01-13,72.88,71.83,70.82,70.82,21
2013-01-15,70.82,69.8,65.74,65.74,98
2013-01-16,65.74,65.74,61.71,65.68,900
2013-01-17,65.68,64.95,63.77,64.72,748
2013-01-21,64.72,63.84,63.84,63.84,109
2013-01-22,63.84,65.45,64.57,65.45,509
2013-01-23,65.45,66.34,65.96,65.96,170
2013-01-24,65.96,65.96,65.96,65.96,40
2013-01-27,65.96,66.85,65.93,65.93,39
2013-01-28,65.93,65.04,61.93,62.5,1083
2013-01-30,62.5,62.12,61.33,61.42,324
2013-01-31,61.42,61.71,61.23,61.71,211
2013-02-03,61.71,62.25,61.42,62.25,133
2013-02-04,62.25,62.5,62.25,62.25,50
2013-02-05,62.25,62.5,61.71,61.71,81
2013-02-06,61.71,61.23,61.23,61.23,67
2013-02-10,61.23,61.87,61.23,61.87,211
2013-02-12,61.87,62.82,61.87,62.82,322
2013-02-13,62.82,64.69,62.82,64.63,236
2013-02-14,64.63,64.09,64.09,64.09,84
2013-02-17,64.09,64.95,64.95,64.95,10
2013-02-19,64.95,67.64,65.83,66.69,394
2013-02-20,66.69,66.28,65.23,65.23,301
2013-02-24,65.23,64.44,64.09,64.44,220
2013-02-25,64.44,64.41,64.41,64.41,85
2013-02-27,64.41,64.37,64.22,64.22,90
2013-02-28,64.22,64.41,64.22,64.41,312
2013-03-04,64.41,64.41,64.25,64.25,159
2013-03-06,64.25,64.57,64.57,64.57,100
2013-03-07,64.57,63.68,63.68,63.68,88
2013-03-11,63.68,64.53,64.53,64.53,10
2013-03-13,64.53,65.42,64.53,64.88,574
2013-03-14,64.88,65.87,65.68,65.68,301
2013-03-17,65.68,65.83,65.04,65.68,357
2013-03-18,65.68,65.68,64.79,64.79,95
2013-03-20,64.79,63.9,63.9,63.9,40
2013-03-21,63.9,63.61,63.61,63.61,477
2013-03-24,63.61,64.37,64.37,64.37,54
2013-03-25,64.37,64.72,63.68,64.72,747
2013-03-27,64.72,65.36,63.96,64.88,287
2013-03-28,64.88,65.2,64.88,64.88,239
2013-03-31,64.88,65.36,65.01,65.07,474
2013-04-01,65.07,65.04,65.04,65.04,10
2013-04-02,65.04,64.72,64.72,64.72,52
2013-04-03,64.72,64.85,63.64,64.41,269
2013-04-04,64.41,64.85,64.41,64.85,74
2013-04-07,64.85,65.74,64.85,65.45,423
2013-04-08,65.45,65.68,65.36,65.36,556
2013-04-09,65.36,65.68,65.61,65.61,103
2013-04-11,65.61,65.83,65.36,65.36,458
2013-04-15,65.36,65.99,65.36,65.99,553
2013-04-18,65.99,65.07,65.07,65.07,54
2013-04-22,65.07,64.41,64.41,64.41,40
2013-04-28,64.41,64.09,63.45,63.45,270
2013-04-29,63.45,62.82,62.6,62.82,280
2013-04-30,62.82,62.03,61.96,61.96,20
2013-05-02,61.96,61.71,61.23,61.23,170
2013-05-05,61.23,62.06,61.23,61.23,95
2013-05-06,61.23,61.3,61.23,61.23,198
2013-05-08,61.23,61.23,61.23,61.23,55
2013-05-09,61.23,61.07,61.07,61.07,54
2013-05-12,61.07,61.07,61.07,61.07,54
2013-05-13,61.07,61.3,61.23,61.3,104
2013-05-14,61.3,62.12,61.3,62.12,245
2013-05-15,62.12,62.66,61.9,62.06,87
2013-05-16,62.06,62.03,61.23,61.36,127
2013-05-19,61.36,62.18,62.18,62.18,36
2013-05-20,62.18,63.33,63.01,63.33,522
2013-05-21,63.33,64.41,63.61,63.77,318
2013-05-22,63.77,64.88,64.63,64.88,128
2013-05-23,64.88,65.3,64.41,65.3,400
2013-05-26,65.3,66.31,65.3,66.31,266
2013-05-27,66.31,67.58,66.31,67.58,272
2013-05-28,67.58,70.44,68.47,70.44,859
2013-05-30,70.44,71.07,69.96,69.96,116
2013-06-02,69.96,69.48,68.98,69.48,20
2013-06-03,69.48,68.85,68.85,68.85,14
2013-06-04,68.85,69.77,68.85,68.85,25
2013-06-05,68.85,67.9,66.66,66.66,331
2013-06-06,66.66,67.58,65.99,67.26,377
2013-06-09,67.26,67.74,66.98,67.74,374
2013-06-10,67.74,67.9,67.9,67.9,30
2013-06-11,67.9,68.06,67.58,68.06,143
2013-06-12,68.06,69.17,68.37,69.17,620
2013-06-13,69.17,70.72,69.01,70.72,438
2013-06-17,70.72,69.74,69.74,69.74,200
2013-06-18,69.74,69.33,68.06,68.06,134
2013-06-19,68.06,68.69,67.58,68.69,141
2013-06-20,68.69,68.85,68.69,68.69,57
2013-06-23,68.69,69.17,66.95,69.17,467
2013-06-24,69.17,72.09,69.36,69.36,925
2013-06-26,69.36,70.56,69.17,69.33,464
2013-06-27,69.33,70.28,69.17,70.15,2643
2013-07-01,89.67,71.11,71.11,71.11,10
2013-07-02,71.11,71.15,70.67,71.15,109
2013-07-03,71.15,71.55,71.55,71.55,15
2013-07-04,71.55,71.77,70.67,70.67,504
2013-07-07,70.67,71.99,71.33,71.33,304
2013-07-09,71.33,72.21,71.99,72.21,114
2013-07-10,72.21,72.21,72.21,72.21,93
2013-07-11,72.21,71.99,70.53,70.53,634
2013-07-15,70.53,69.83,69.78,69.78,70
2013-07-16,69.78,68.95,68.82,68.82,160
2013-07-17,68.82,69.12,69.12,69.12,149
2013-07-18,69.12,69.78,69.78,69.78,44
2013-07-21,69.78,71.77,70.75,71.77,173
2013-07-22,71.77,71.99,71.99,71.99,45
2013-07-23,71.99,77.19,72.87,77.19,805
2013-07-24,77.19,79.48,76.18,79.48,309
2013-07-25,79.48,79.48,77.15,77.5,267
2013-07-28,77.5,81.86,78.16,81.86,518
2013-07-29,81.86,83.67,82.13,83.01,512
2013-07-30,83.01,84.33,83.23,84.33,483
2013-07-31,84.33,86.84,85.57,86.84,20
2013-08-01,86.84,88.3,86.93,86.93,358
2013-08-04,86.93,85.65,82.79,83.89,779
2013-08-05,83.89,83.89,82.61,82.61,127
2013-08-06,82.61,83.85,81.69,83.85,475
2013-08-07,83.85,85.08,83.19,83.23,639
2013-08-08,83.23,84.46,83.19,83.19,60
2013-08-11,83.19,82.22,81.03,82.22,258
2013-08-12,82.22,81.47,81.25,81.25,304
2013-08-13,81.25,80.06,80.06,80.06,15
2013-08-19,80.06,80.06,78.6,80.06,648
2013-08-20,80.06,80.36,80.36,80.36,23
2013-08-27,80.36,81.55,80.36,81.03,418
2013-09-01,81.03,82.92,81.69,82.57,1779
2013-09-02,82.57,86.1,82.66,84.77,2089
2013-09-03,84.77,85.21,84.95,85.21,416
2013-09-04,85.21,85.21,84.99,85.21,147
2013-09-05,85.21,85.65,85.21,85.65,248
2013-09-08,85.65,84.77,84.77,84.77,135
2013-09-09,84.77,84.99,84.77,84.99,346
2013-09-10,84.99,84.77,84.73,84.73,169
2013-09-12,84.73,84.99,84.99,84.99,50
2013-09-15,84.99,84.99,84.33,84.33,202
2013-09-16,84.33,84.68,84.33,84.68,152
2013-09-17,84.68,85.21,84.6,84.6,618
2013-09-19,84.6,84.6,84.6,84.6,40
2013-09-22,84.6,84.55,83.32,84.55,175
2013-09-23,84.55,83.89,83.89,83.89,40
2013-09-24,83.89,85.17,83.67,85.17,1047
2013-09-25,85.17,86.1,85.21,85.3,726
2013-09-26,85.3,86.1,85.65,86.1,307
2013-09-29,86.1,86.1,86.1,86.1,65
2013-09-30,86.1,86.1,86.1,86.1,68
2013-10-02,86.1,86.1,86.1,86.1,260
2013-10-03,86.1,87.42,87.42,87.42,50
2013-10-06,87.42,92.84,88.3,90.5,884
2013-10-07,90.5,91.91,91.39,91.91,53
2013-10-08,91.91,91.83,91.39,91.39,180
2013-10-09,91.39,92.71,89.18,92.71,282
2013-10-10,92.71,94.16,94.16,94.16,50
2013-10-17,94.16,94.91,94.91,94.91,100
2013-10-20,94.91,97.91,96.41,97.91,268
2013-10-21,97.91,102.63,99.32,102.63,582
2013-10-22,102.63,105.05,102.58,105.05,981
2013-10-23,105.05,103.73,103.51,103.73,194
2013-10-24,103.73,102.41,102.41,102.41,178
2013-10-27,102.41,103.24,101.61,102.63,190
2013-10-28,102.63,101.52,99.81,100.2,902
2013-10-29,100.2,100.42,99.32,99.32,639
2013-10-30,99.32,100.2,99.32,99.32,475
2013-11-06,99.32,100.91,100.91,100.91,18
2013-11-07,100.91,101.08,100.91,101.08,600
2013-11-10,101.08,102.67,101.52,101.52,347
2013-11-11,101.52,103.82,101.52,103.82,1376
2013-11-12,103.82,108.14,104.83,105.49,546
2013-11-13,105.49,105.93,104.39,105.49,991
2013-11-14,105.49,105.93,104.83,105.01,725
2013-11-21,105.01,108.4,106.68,108.4,178
2013-11-24,108.4,111.22,108.58,111.22,1573
2013-11-25,111.22,112.55,112.32,112.55,232
2013-11-26,112.55,110.78,110.78,110.78,108
2013-11-27,110.78,110.78,109.9,109.9,216
2013-11-28,109.9,108.14,106.15,107.87,267
2013-12-01,107.87,108.36,107.03,108.36,838
2013-12-02,108.36,108.8,108.14,108.8,290
2013-12-03,108.8,109.9,109.64,109.68,425
2013-12-04,109.68,110.34,110.34,110.34,31
2013-12-05,110.34,112.15,110.34,112.15,76
2013-12-08,112.15,115.15,113.87,114.09,265
2013-12-09,114.09,113.43,112.55,113.43,154
2013-12-10,113.43,113.65,111.58,113.65,305
2013-12-11,113.65,113.43,111.58,113.38,959
2013-12-12,113.38,112.55,112.55,112.55,248
2013-12-15,112.55,110.69,110.69,110.69,54
2013-12-16,110.69,110.34,110.34,110.34,168
2013-12-18,110.34,116.16,110.34,116.16,531
2013-12-19,116.16,120.04,116.12,120.04,484
2013-12-23,120.04,122.24,121.36,121.36,95
2013-12-26,121.36,120.3,118.28,118.28,678
2013-12-29,118.28,116.95,114.44,116.29,424
2013-12-31,116.29,114.75,110.69,111.44,550
2014-01-01,111.44,110.12,108.14,110.12,455
2014-01-05,110.12,110.78,110.12,110.78,620
2014-01-06,110.78,112.59,111.05,112.59,114
2014-01-07,112.59,112.32,110.74,111.22,379
2014-01-08,111.22,113.87,112.55,112.55,138
2014-01-09,112.55,114.31,111.88,112.59,576
2014-01-12,112.59,114.75,113.43,114.31,619
2014-01-13,114.31,112.59,112.59,112.59,112
2014-01-14,112.59,113.87,112.55,113.87,784
2014-01-20,113.87,115.72,115.72,115.72,14
2014-01-21,115.72,117.61,116.95,116.95,90
2014-01-22,116.95,116.95,113.87,116.95,483
2014-01-23,116.95,116.95,115.19,116.95,1858
2014-01-26,116.95,117.39,115.19,117.39,218
2014-01-27,117.39,117.83,117.13,117.13,179
2014-01-28,117.13,116.95,116.95,116.95,63
2014-01-29,116.95,117.97,116.07,117.39,953
2014-02-02,117.39,116.95,116.95,116.95,49
2014-02-03,116.95,116.95,116.95,116.95,25
2014-02-05,116.95,118.72,114.75,114.75,1260
2014-02-06,114.75,117.97,114.75,117.97,434
2014-02-09,117.97,118.28,116.95,116.95,92
2014-02-10,116.95,118.89,118.72,118.72,154
2014-02-11,118.72,120.66,118.72,118.72,98
2014-02-12,118.72,125.15,119.16,123.35,1284
2014-02-13,123.35,129.56,124.45,129.56,590
2014-02-16,129.56,135.07,130.62,135.07,280
2014-02-17,135.07,146.58,137.36,146.58,1485
2014-02-18,146.58,159.23,147.81,159.23,2034
2014-02-20,159.23,173.11,162.01,173.11,845
2014-02-23,173.11,188.41,176.16,188.41,2036
2014-02-24,188.41,202.47,182.2,182.2,1755
2014-02-25,182.2,178.98,165.97,165.97,1224
2014-02-26,165.97,164.56,158.83,159.93,2248
2014-03-03,159.93,158.39,154.78,157.07,1201
2014-03-04,157.07,154.42,152.26,153.1,495
2014-03-05,153.1,156.63,151.34,156.63,751
2014-03-06,156.63,164.56,159.36,164.56,271
2014-03-09,164.56,175.67,165.44,172.59,597
2014-03-10,172.59,169.94,166.81,166.81,360
2014-03-11,166.81,168.35,165.44,165.44,342
2014-03-12,165.44,165.0,162.14,162.14,158
2014-03-13,162.14,162.14,156.54,156.54,154
2014-03-17,156.54,154.86,151.34,151.34,542
2014-03-18,151.34,152.18,148.74,149.97,398
2014-03-19,149.97,154.42,145.61,154.2,1828
2014-03-20,154.2,156.85,154.2,156.85,844
2014-03-24,156.85,167.65,159.58,166.9,230
2014-03-25,166.9,165.44,161.26,164.65,360
2014-03-26,164.65,163.24,160.95,160.95,488
2014-03-27,160.95,160.6,158.39,158.39,115
2014-03-31,158.39,166.72,154.86,166.72,699
2014-04-01,166.72,175.63,165.44,170.95,662
2014-04-02,170.95,173.82,169.85,173.38,390
2014-04-03,173.38,176.91,173.56,173.56,152
2014-04-06,173.56,173.82,173.82,173.82,21
2014-04-07,173.82,172.06,166.46,166.46,393
2014-04-09,166.46,167.56,161.04,167.56,782
2014-04-10,167.56,170.29,168.09,170.07,399
2014-04-13,170.07,169.41,167.65,167.65,176
2014-04-15,167.65,168.35,164.56,168.35,1276
2014-04-16,168.35,168.35,168.31,168.35,96
2014-04-17,168.35,172.85,169.85,169.85,193
2014-04-20,169.85,168.97,168.09,168.97,160
2014-04-21,168.97,172.06,168.93,171.17,1107
2014-04-22,171.17,173.25,171.62,173.25,709
2014-04-23,173.25,179.11,174.26,176.46,1728
2014-04-27,176.46,184.18,178.67,184.18,460
2014-04-28,184.18,186.38,184.18,184.84,422
2014-04-29,184.84,188.37,186.16,188.37,622
2014-04-30,188.37,189.69,186.82,189.69,359
2014-05-04,189.69,194.54,191.89,194.54,469
2014-05-06,194.54,191.89,191.89,191.89,105
2014-05-07,191.89,191.89,191.89,191.89,30
2014-05-08,191.89,191.89,189.25,191.67,150
2014-05-12,191.67,189.65,189.65,189.65,54
2014-05-13,189.65,186.3,182.99,183.08,371
2014-05-15,183.08,180.87,178.89,180.87,663
2014-05-18,180.87,180.87,179.11,180.87,401
2014-05-19,180.87,179.11,179.11,179.11,25
2014-05-20,179.11,179.99,178.71,179.99,434
2014-05-21,179.99,184.09,178.89,180.92,722
2014-05-22,180.92,190.7,183.52,189.65,377
2014-05-25,189.65,195.99,191.67,191.67,534
2014-05-26,191.67,191.72,189.25,189.91,263
2014-05-27,189.91,191.45,188.63,191.45,548
2014-05-28,191.45,193.66,191.45,191.89,649
2014-06-01,191.89,193.22,191.89,191.89,451
2014-06-02,191.89,194.1,191.45,194.1,3525
2014-06-03,194.1,194.98,192.78,194.98,1832
2014-06-04,194.98,196.21,192.78,194.54,598
2014-06-05,194.54,200.23,194.1,200.23,714
2014-06-08,200.23,205.12,200.71,205.12,430
2014-06-09,205.12,223.63,206.26,218.34,927
2014-06-10,218.34,221.87,213.94,215.26,2259
2014-06-11,215.26,219.89,215.92,217.24,862
2014-06-12,217.24,220.94,217.24,220.94,1393
2014-06-15,220.94,220.55,218.34,220.55,202
2014-06-16,220.55,218.34,213.94,213.94,176
2014-06-17,213.94,218.7,213.89,218.7,1049
2014-06-18,218.7,218.34,212.17,213.49,1568
2014-06-19,213.49,220.55,213.98,220.55,1096
2014-06-23,220.55,240.61,224.51,233.82,2810
2014-06-24,233.82,240.38,232.01,240.38,4817
2014-06-25,240.38,238.18,233.77,235.54,1864
2014-06-26,235.54,231.57,221.65,222.75,4776
2014-06-29,222.75,223.85,214.38,217.46,8215
2014-06-30,217.46,225.18,217.9,225.18,4700
2014-07-01,225.18,230.55,224.07,226.28,7084
2014-07-02,329.43,246.91,230.38,246.91,279
2014-07-03,246.91,269.26,251.41,269.26,661
2014-07-06,269.26,274.22,271.24,271.24,378
2014-07-07,271.24,266.22,256.56,256.56,233
2014-07-08,256.56,265.42,258.02,264.63,662
2014-07-09,264.63,264.63,264.63,264.63,100
2014-07-10,264.63,265.29,264.3,265.29,371
2014-07-13,265.29,270.18,265.23,265.23,165
2014-07-14,265.23,263.97,261.39,261.39,89
2014-07-15,261.39,258.08,258.02,258.02,100
2014-07-16,258.02,258.02,244.13,244.13,573
2014-07-17,244.13,252.66,248.1,252.66,117
2014-07-20,252.66,261.32,251.41,256.5,414
2014-07-21,256.5,274.55,261.19,266.22,1227
2014-07-22,266.22,266.22,258.02,258.02,208
2014-07-23,258.02,262.78,258.02,262.78,171
2014-07-24,262.78,261.32,258.02,258.02,236
2014-07-27,258.02,258.02,254.71,254.71,170
2014-07-30,254.71,257.36,254.71,257.36,198
2014-07-31,257.36,252.86,251.41,251.54,795
2014-08-03,251.54,253.39,249.75,253.32,155
2014-08-04,253.32,253.32,243.47,243.47,1355
2014-08-05,243.47,244.13,243.47,244.13,375
2014-08-06,244.13,245.12,242.15,242.15,721
2014-08-07,242.15,241.49,238.78,241.49,1548
2014-08-12,241.49,241.49,241.49,241.49,75
2014-08-13,241.49,238.18,233.88,233.88,438
2014-08-14,233.88,236.53,234.94,236.53,211
2014-08-18,236.53,236.2,224.96,227.6,1513
2014-08-19,227.6,230.58,223.63,230.58,542
2014-08-20,230.58,230.58,222.97,224.96,818
2014-08-21,224.96,228.92,214.38,228.92,1998
2014-08-24,228.92,231.57,227.6,227.6,530
2014-08-25,227.6,223.5,219.47,219.47,119
2014-08-26,219.47,219.47,215.04,215.04,502
2014-08-27,215.04,227.6,218.94,227.6,1006
2014-08-28,227.6,239.5,231.57,231.57,1610
2014-08-31,231.57,235.8,219.6,220.0,2101
2014-09-01,220.0,222.91,212.19,222.91,1008
2014-09-03,222.91,224.23,223.3,223.3,151
2014-09-04,223.3,223.3,218.01,218.01,381
2014-09-07,218.01,214.11,205.12,205.12,859
2014-09-09,205.12,212.39,206.44,210.14,780
2014-09-10,210.14,214.64,211.07,214.64,615
2014-09-11,214.64,215.04,211.4,215.04,810
2014-09-14,215.04,211.2,211.07,211.07,148
2014-09-15,211.07,214.84,211.07,214.84,325
2014-09-16,214.84,218.34,212.06,218.21,257
2014-09-17,218.21,218.28,212.39,212.39,664
2014-09-21,209.81,206.04,206.04,206.04,13
2014-09-22,206.04,202.47,202.47,202.47,59
2014-09-23,202.47,213.52,206.11,213.52,235
2014-09-24,213.52,210.41,210.41,210.41,48
2014-09-28,210.41,214.05,211.73,213.71,169
2014-09-29,213.71,218.67,215.04,218.67,70
2014-09-30,218.67,226.68,215.7,216.36,1306
2014-10-08,216.36,217.02,216.36,217.02,163
2014-10-09,217.02,220.33,217.35,219.34,134
2014-10-12,219.34,218.34,218.34,218.34,58
2014-10-13,218.34,218.34,215.04,215.04,281
2014-10-14,215.04,218.34,215.04,218.34,132
2014-10-15,218.34,228.26,218.01,228.26,929
2014-10-16,228.26,228.26,224.96,224.96,833
2014-10-19,224.96,226.94,223.3,226.94,532
2014-10-20,226.94,222.97,220.39,220.46,384
2014-10-21,220.46,221.65,219.67,221.65,403
2014-10-22,221.65,222.97,220.99,222.31,378
2014-10-26,222.31,225.62,224.43,225.62,555
2014-10-27,225.62,228.26,224.29,228.26,457
2014-10-28,228.26,226.28,224.96,225.02,180
2014-10-30,225.02,228.92,223.37,228.92,280
2014-11-02,228.92,229.06,224.96,224.96,808
2014-11-03,224.96,222.31,220.33,220.33,219
2014-11-04,220.33,218.41,213.71,215.04,1043
2014-11-05,215.04,219.0,218.28,218.28,622
2014-11-06,218.28,218.34,215.04,215.04,465
2014-11-09,215.04,218.67,216.36,218.34,1025
2014-11-10,218.34,216.36,214.38,214.84,1167
2014-11-11,214.84,218.34,217.68,218.34,194
2014-11-12,218.34,220.0,215.76,215.76,555
2014-11-13,215.76,217.02,217.02,217.02,178
2014-11-16,217.02,217.02,213.38,215.04,5113
2014-11-17,215.04,218.34,211.4,211.73,557
2014-11-18,211.73,208.42,198.24,201.75,376
2014-11-19,201.75,212.19,201.81,212.19,239
2014-11-20,212.19,219.67,216.03,217.68,543
2014-11-23,217.68,221.65,218.34,219.67,473
2014-11-24,219.67,215.76,211.86,215.7,151
2014-11-25,215.7,218.94,215.04,215.04,146
2014-11-30,215.04,212.72,212.06,212.39,710
2014-12-01,212.39,208.56,204.79,205.12,1153
2014-12-02,205.12,206.44,201.48,204.46,967
2014-12-03,204.46,208.76,204.79,205.12,975
2014-12-04,205.12,208.76,205.12,205.12,561
2014-12-07,205.12,207.1,203.13,205.45,628
2014-12-08,205.45,205.45,202.67,205.45,667
2014-12-09,205.45,205.78,202.67,202.67,2011
2014-12-10,202.67,205.85,205.12,205.45,436
2014-12-11,205.45,206.04,205.12,205.71,634
2014-12-14,205.71,219.47,206.57,211.73,1435
2014-12-15,211.73,220.59,211.73,215.7,1860
2014-12-16,215.7,215.37,215.04,215.37,447
2014-12-17,215.37,212.06,212.06,212.06,67
2014-12-18,212.06,215.57,211.73,215.57,115
2014-12-21,215.57,217.68,214.38,217.68,125
2014-12-22,217.68,215.04,213.38,214.05,243
2014-12-23,214.05,214.05,210.21,210.21,385
2014-12-24,210.21,207.1,207.1,207.1,110
2014-12-28,207.1,222.24,210.81,221.25,6467
2014-12-29,221.25,219.67,217.02,218.34,788
2014-12-31,218.34,215.7,214.38,215.7,253
2015-01-01,215.7,219.6,217.02,217.02,585
2015-01-04,217.02,220.66,217.68,220.66,647
2015-01-05,220.66,222.05,218.15,219.67,998
2015-01-06,219.67,221.32,218.34,218.34,180
2015-01-07,218.34,219.34,218.34,218.34,786
2015-01-08,218.34,222.31,218.67,222.05,741
2015-01-11,222.05,221.32,219.34,219.67,800
2015-01-12,219.67,229.78,218.41,225.02,3900
2015-01-13,225.02,241.49,224.29,241.49,3008
2015-01-14,241.49,259.67,241.02,251.41,2981
2015-01-18,251.41,260.66,250.88,251.07,3391
2015-01-19,251.07,265.09,251.41,257.36,1653
2015-01-20,257.36,257.22,248.03,252.53,780
2015-01-22,252.53,252.73,248.89,250.74,787
2015-01-25,250.74,254.78,251.07,251.07,331
2015-01-26,251.07,251.47,249.16,250.74,196
2015-01-27,250.74,253.85,251.41,252.07,1195
2015-01-28,252.07,259.47,251.47,259.47,752
2015-01-29,259.47,264.23,257.95,258.68,650
2015-02-01,258.68,261.32,258.68,258.68,310
2015-02-02,258.68,259.34,258.02,258.68,275
2015-02-03,258.68,259.34,257.49,259.21,1036
2015-02-04,259.21,258.22,256.1,258.22,347
2015-02-05,258.22,256.7,254.71,255.37,435
2015-02-08,255.37,257.95,253.39,256.7,674
2015-02-09,256.7,258.68,251.74,256.43,1818
2015-02-10,256.43,256.43,254.05,254.71,557
2015-02-11,254.71,255.37,254.05,254.38,213
2015-02-12,254.38,256.7,253.72,256.7,975
2015-02-15,256.7,260.99,257.03,260.99,1616
2015-02-16,260.99,270.25,263.97,270.25,1030
2015-02-19,270.25,270.58,267.28,267.94,453
2015-02-22,267.94,264.63,263.31,263.31,235
2015-02-23,263.31,265.42,260.53,260.53,747
2015-02-24,260.53,258.68,258.68,258.68,164
2015-02-25,258.68,260.66,258.68,260.53,363
2015-03-01,261.85,261.32,261.26,261.32,109
2015-03-02,261.32,261.99,261.32,261.32,147
2015-03-03,261.32,261.32,258.02,260.66,1601
2015-03-04,260.66,264.56,261.32,264.56,1851
2015-03-09,264.56,267.94,262.32,267.94,981
2015-03-10,267.94,267.94,264.63,266.08,1515
2015-12-02,270.98,290.68,254.05,274.61,1943
2015-12-03,270.58,275.21,269.52,275.21,1162
2015-12-04,280.17,284.47,276.86,281.16,1233
2015-12-07,284.47,285.13,281.16,284.47,1708
2015-12-08,284.47,287.77,284.47,287.77,364
2015-12-09,287.77,304.3,287.77,302.98,1207
2015-12-10,302.98,318.19,302.98,317.53,1265
2015-12-13,320.84,321.17,314.22,314.22,1424
2015-12-14,316.87,316.87,310.26,310.92,468
2015-12-15,310.92,310.92,309.0,310.92,572
2015-12-16,310.85,310.92,308.6,308.6,1199
2015-12-17,304.24,304.3,300.34,300.93,1055
2015-12-20,300.93,301.0,294.39,297.69,1167
2015-12-21,297.69,297.69,294.45,297.63,402
2015-12-22,303.11,305.3,292.4,295.38,1923
2015-12-23,295.38,297.69,294.39,297.69,1007
2015-12-24,294.39,297.69,294.39,294.52,1092
2015-12-25,294.39,295.38,293.72,293.72,709
2015-12-28,293.72,296.04,293.06,293.2,1805
2015-12-29,293.2,294.39,292.73,292.73,924
2015-12-31,291.08,293.06,290.48,292.07,1772
2016-01-03,291.74,292.73,291.08,291.41,2017
2016-01-04,291.41,294.39,291.08,293.39,1517
2016-01-05,293.39,293.72,291.74,293.72,1301
2016-01-06,294.06,297.69,294.06,295.05,1550
2016-01-07,294.39,295.97,294.39,295.97,830
2016-01-10,295.97,299.68,297.69,299.35,3121
2016-01-11,304.9,305.96,301.33,303.97,1453
2016-01-12,304.3,310.92,304.3,310.92,3096
2016-01-13,310.92,316.6,314.22,314.29,1692
2016-01-14,317.26,317.2,314.55,316.21,939
2016-01-17,314.22,314.22,310.92,310.92,2116
2016-01-18,310.98,315.21,310.98,311.58,1626
2016-01-19,312.24,313.56,310.92,311.97,970
2016-01-20,313.23,313.23,311.25,311.25,1687
2016-01-21,311.25,310.92,309.73,309.93,1054
2016-01-24,309.93,311.25,307.61,310.26,6038
2016-01-25,315.55,317.53,310.92,310.92,726
2016-01-26,310.92,311.25,309.07,309.07,982
2016-01-27,309.07,307.61,307.61,307.61,60
2016-01-28,304.3,305.96,304.3,304.97,516
2016-01-31,304.3,308.93,304.3,308.93,1800
2016-02-01,308.93,309.59,307.94,307.94,213
2016-02-02,308.27,308.27,307.61,307.61,224
2016-02-03,307.61,312.64,303.97,312.64,7399
2016-02-04,306.95,307.94,304.3,307.94,5056
2016-02-07,307.94,310.92,307.81,307.81,254
2016-02-08,307.81,308.27,304.3,308.27,305
2016-02-11,308.27,304.3,304.3,304.3,50
2016-02-14,304.3,305.96,304.3,305.63,602
2016-02-15,304.3,308.27,304.3,307.15,363
2016-02-16,307.15,307.54,304.3,306.95,914
2016-02-17,306.95,310.92,307.28,310.92,127
2016-02-21,310.92,310.92,308.93,310.92,830
2016-02-22,316.74,330.75,304.3,304.3,24099
2016-02-23,304.3,304.64,304.37,304.64,4000
2016-02-24,302.98,326.79,302.98,323.48,13591
2016-02-25,324.14,336.37,322.89,336.37,9373
2016-02-28,336.33,362.31,336.33,355.08,8448
2016-02-29,355.08,355.08,352.05,352.94,1674
2016-03-01,354.72,354.72,350.26,350.71,3688
2016-03-02,350.26,352.49,350.26,352.49,5361
2016-03-03,350.26,352.14,350.26,352.14,140
2016-03-06,352.49,352.49,352.05,352.05,290
2016-03-10,350.71,351.15,350.26,350.26,2306
2016-03-14,347.14,347.58,344.9,347.58,212
2016-03-15,347.58,347.58,342.23,342.23,751
2016-03-16,344.9,345.8,341.42,344.46,4159
2016-03-17,350.26,354.72,348.48,350.26,321
2016-03-20,356.87,368.11,355.17,355.17,1898
2016-03-21,354.72,360.97,354.72,355.17,2072
2016-03-23,354.72,354.72,352.49,354.63,609
2016-03-24,354.63,355.62,352.05,354.72,305
2016-03-27,354.72,354.72,350.26,353.12,1861
2016-03-28,353.12,359.19,352.49,353.39,694
2016-03-29,359.99,361.42,354.72,361.42,1393
2016-03-30,361.42,369.01,359.19,369.01,10459
2016-03-31,369.01,368.11,366.33,366.33,1128
2016-04-03,366.33,369.01,366.33,368.11,9832
2016-04-04,368.11,376.95,363.65,375.7,1118
2016-04-05,376.95,390.43,376.95,387.31,3950
2016-04-06,387.31,409.62,394.63,403.82,1860
2016-04-10,403.82,405.61,403.37,405.61,2586
2016-04-11,405.61,407.39,403.82,403.82,916
2016-04-12,403.82,403.82,403.73,403.82,1319
2016-04-14,403.82,418.28,403.82,418.28,330
2016-04-17,418.28,418.28,408.28,408.28,401
2016-04-18,408.28,421.67,412.75,421.67,1064
2016-04-19,421.67,422.57,412.75,414.53,5320
2016-04-20,414.53,417.21,408.28,412.75,8083
2016-04-21,412.75,414.53,406.5,414.53,1855
2016-04-24,414.53,409.18,403.82,403.91,1203
2016-04-25,403.91,408.28,403.82,406.05,1307
2016-04-26,406.05,405.16,403.82,404.27,527
2016-04-27,404.27,404.27,399.36,399.89,1610
2016-04-28,399.89,403.91,398.91,403.91,1157
2016-05-02,403.91,404.71,398.47,398.47,585
2016-05-03,398.47,404.71,397.22,403.82,655
2016-05-04,403.82,400.7,400.25,400.7,330
2016-05-05,400.7,398.47,396.68,396.68,1377
2016-05-08,396.68,401.14,397.57,401.14,1208
2016-05-09,401.14,401.14,401.14,401.14,200
2016-05-10,396.68,400.7,394.89,394.89,592
2016-05-11,394.89,398.91,395.34,398.91,670
2016-05-12,396.68,398.47,396.68,398.47,1320
2016-05-15,397.57,398.47,394.89,396.68,1765
2016-05-16,395.79,394.89,391.32,391.32,967
2016-05-17,391.32,394.89,391.32,394.54,1125
2016-05-18,392.22,398.91,394.89,398.91,430
2016-05-19,398.91,405.96,399.36,405.96,629
2016-05-22,405.96,411.86,407.39,407.39,192
2016-05-23,407.39,408.28,403.82,403.82,250
2016-05-24,403.82,412.75,403.82,412.75,1012
2016-05-25,412.75,412.75,402.93,403.82,675
2016-05-26,403.82,411.5,397.57,411.5,1051
2016-05-29,411.5,414.09,406.5,408.37,1417
2016-05-30,408.37,420.6,408.28,420.6,3428
2016-05-31,420.6,414.53,408.28,412.75,1167
2016-06-01,412.75,413.64,408.28,413.64,383
2016-06-02,413.64,412.75,408.28,408.28,260
2016-06-05,408.28,403.82,400.61,401.59,399
2016-06-06,401.59,403.82,403.82,403.82,100
2016-06-07,411.5,411.5,409.18,409.18,59
2016-06-08,409.18,412.75,412.75,412.75,20
2016-06-09,412.75,412.75,408.28,412.75,1760
2016-06-12,412.75,417.21,408.28,412.75,598
2016-06-13,412.75,412.75,408.28,412.75,1093
2016-06-14,419.26,419.26,412.75,412.75,812
2016-06-15,413.19,417.21,413.19,413.64,1188
2016-06-16,413.64,417.21,411.86,415.43,1150
2016-06-19,415.43,414.53,412.75,412.75,50
2016-06-20,412.75,412.66,408.28,412.66,567
2016-06-21,412.66,413.64,408.28,408.28,1750
2016-06-22,412.75,417.21,411.86,415.87,4023
2016-06-23,415.87,412.75,408.28,408.28,1169
2016-06-26,408.28,416.05,412.75,412.75,2516
2016-06-27,412.75,423.46,417.21,421.67,2507
2016-06-28,421.67,423.46,414.98,421.76,2628
2016-06-29,421.76,422.57,414.98,422.57,698
2016-06-30,422.57,430.6,421.67,430.6,2971
2016-07-03,430.6,471.66,430.6,462.74,2029
2016-07-04,462.74,507.01,466.31,505.59,11207
2016-07-05,510.94,520.76,488.63,493.09,1559
2016-07-06,488.63,502.02,479.34,494.87,1036
2016-07-10,494.87,501.12,493.09,501.12,170
2016-07-11,501.12,500.68,497.55,497.55,2696
2016-07-12,497.55,494.43,470.77,484.16,2480
2016-07-13,484.16,492.2,470.77,476.57,722
2016-07-14,485.68,488.63,479.25,488.18,850
2016-07-17,479.25,486.84,478.81,485.05,1035
2016-07-18,485.05,486.13,477.02,486.13,350
2016-07-19,488.63,493.09,484.25,490.41,1253
2016-07-20,488.63,488.63,484.16,487.73,1195
2016-07-21,488.63,488.63,488.63,488.63,130
2016-07-25,488.63,491.3,484.16,491.3,1049
2016-07-26,491.3,499.78,485.05,491.3,1041
2016-07-27,491.3,492.11,484.25,485.95,682
2016-07-28,485.95,498.44,484.16,493.18,2923
2016-07-31,493.18,493.18,484.16,484.16,730
2016-08-01,484.16,485.95,481.93,485.95,867
2016-08-02,485.95,488.63,479.7,488.63,1129
2016-08-03,488.63,485.5,477.47,477.47,636
2016-08-04,477.47,474.79,461.84,466.31,938
2016-08-07,466.31,475.23,465.5,468.99,1855
2016-08-08,468.99,460.06,451.31,451.31,712
2016-08-09,459.88,459.88,459.88,459.88,50
2016-08-10,468.63,468.63,457.38,457.38,994
2016-08-11,468.09,468.09,459.61,459.61,300
2016-08-14,452.92,455.24,452.92,453.81,577
2016-08-15,448.45,457.47,440.06,457.47,521
2016-08-16,452.92,457.38,448.72,457.38,652
2016-08-17,457.38,457.83,452.92,454.7,1771
2016-08-21,455.33,455.33,440.42,442.21,869
2016-08-22,443.99,443.99,421.67,428.82,1899
2016-08-23,426.14,430.6,415.43,421.67,2240
2016-08-24,421.67,432.39,420.07,432.39,2759
2016-08-28,438.64,448.45,437.3,448.45,657
2016-08-29,448.45,454.7,448.45,454.7,638
2016-08-30,452.92,454.61,452.03,453.81,1154
2016-08-31,445.78,456.94,445.78,456.94,270
2016-09-01,457.38,465.42,453.81,457.29,208
2016-09-04,457.29,457.29,452.92,453.01,548
2016-09-05,455.15,456.04,452.92,456.04,388
2016-09-06,463.63,463.63,452.92,459.61,486
2016-09-07,457.38,458.72,457.38,458.72,555
2016-09-08,452.92,453.36,448.45,448.99,1579
2016-09-11,448.45,448.45,445.78,448.45,542
2016-09-12,448.45,448.45,445.33,445.33,623
2016-09-14,445.33,448.28,444.44,445.33,747
2016-09-18,445.33,445.33,443.55,444.44,341113
2016-09-20,441.76,441.76,437.3,437.3,320
2016-09-21,435.06,440.87,433.37,435.96,1427
2016-09-22,430.6,431.94,429.26,429.71,643
2016-09-25,430.6,431.94,429.26,429.71,643
2016-09-26,428.82,430.51,428.82,430.51,159
2016-09-27,438.64,445.78,428.82,428.82,593
2016-09-28,421.67,429.62,421.67,429.62,465
2016-09-29,430.51,430.51,426.14,427.12,192
2016-10-02,426.14,430.6,426.14,430.6,142
2016-10-03,438.81,440.42,436.85,440.42,282
2016-10-04,443.99,445.33,439.53,439.97,950
2016-10-05,435.06,443.37,435.06,443.37,206
2016-10-06,440.42,448.45,440.42,443.99,460
2016-10-16,435.51,437.74,435.51,437.74,383
2016-10-17,435.06,435.96,430.69,435.96,362
2016-10-18,435.51,435.96,435.51,435.96,48
2016-10-19,427.92,434.26,426.14,434.26,239
2016-10-20,430.6,430.69,430.6,430.69,247
2016-10-23,426.23,431.49,426.14,428.37,542
2016-10-24,423.01,432.39,421.67,431.05,726
2016-10-25,426.14,430.6,426.14,430.6,463
2016-10-26,427.03,430.6,426.14,430.6,528
2016-10-27,430.6,430.6,427.48,427.48,217
2016-11-03,434.62,434.62,426.41,426.41,301
2016-11-07,426.14,427.92,426.14,427.92,303
2016-11-08,427.92,427.92,426.14,426.14,62
2016-11-09,419.89,419.89,418.55,418.55,100
2016-11-10,418.55,418.55,409.18,412.75,601
2016-11-13,412.75,417.21,412.75,417.21,291
2016-11-14,417.21,432.39,417.21,423.28,284
2016-11-15,430.15,430.15,421.67,422.66,438
2016-11-16,430.69,430.69,421.67,423.91,236
2016-11-17,420.78,420.78,415.87,420.78,110
2016-11-20,415.43,415.43,385.97,385.97,1459
2016-11-21,390.43,399.36,379.72,399.36,1166
2016-11-22,394.89,394.89,385.07,385.07,843
2016-11-23,378.38,378.38,370.7,377.04,1090
2016-11-24,384.18,388.73,368.11,384.18,1732
2016-11-27,377.04,377.04,356.42,363.65,1277
2016-11-28,356.96,376.15,337.76,376.15,989
2016-11-29,369.19,389.54,364.99,382.22,2706
2016-11-30,385.97,397.84,377.04,397.84,3320
2016-12-01,399.36,400.25,390.43,390.88,1834
2016-12-04,390.88,391.32,377.93,377.93,1120
2016-12-05,377.93,377.93,372.58,372.76,902
2016-12-06,379.63,386.77,379.45,381.41,499
2016-12-07,388.56,388.56,375.26,375.26,477
2016-12-08,369.01,375.88,369.01,375.88,86
2016-12-11,368.83,369.99,368.83,369.9,244
2016-12-12,363.65,369.9,363.2,369.9,234
2016-12-14,368.11,371.68,368.11,369.9,357
2016-12-15,368.11,372.13,368.11,372.13,719
2016-12-18,368.56,370.79,368.11,369.27,1010
2016-12-19,370.79,372.58,368.11,369.45,1119
2016-12-20,369.01,369.01,361.87,362.85,1181
2016-12-21,365.35,365.35,351.6,359.01,2535
2016-12-22,352.49,359.01,352.49,354.99,403
2016-12-26,350.26,350.26,341.78,342.23,591
2016-12-27,335.53,341.78,329.73,329.73,1595
2016-12-28,328.84,340.89,323.93,332.41,1601
2016-12-29,338.57,354.72,338.57,353.83,115
2017-01-01,353.83,353.83,349.37,350.26,750
2017-01-02,352.05,352.94,349.37,350.71,1138
2017-01-03,351.6,351.6,351.6,351.6,76
2017-01-04,350.26,352.05,348.03,348.48,930
2017-01-05,349.81,350.26,348.56,348.56,520
2017-01-08,345.8,348.48,343.57,344.46,744
2017-01-09,350.26,350.17,350.08,350.17,300
2017-01-10,350.26,356.87,350.26,354.28,209
2017-01-11,360.88,365.88,355.62,365.88,623
2017-01-12,363.65,368.02,359.19,368.02,340
2017-01-15,368.02,368.02,362.31,364.54,240
2017-01-16,364.54,367.22,364.54,365.88,164
2017-01-17,365.88,365.88,360.97,360.97,420
2017-01-18,360.97,360.97,354.28,358.29,42
2017-01-19,364.99,364.99,357.85,363.65,480
2017-01-22,356.96,359.19,352.4,359.19,552
2017-01-23,365.97,365.97,365.97,365.97,10
2017-01-24,359.19,359.19,352.4,352.49,501
2017-01-25,345.8,345.8,332.76,332.76,830
2017-01-26,326.69,332.76,323.57,327.5,3494
2017-01-30,321.7,321.7,296.79,296.79,2627
2017-01-31,291.25,313.66,291.25,306.52,1795
2017-02-01,312.23,321.7,303.4,321.7,1256
2017-02-02,327.05,327.68,311.43,312.77,1925
2017-02-05,314.55,319.02,310.18,310.54,578
2017-02-06,305.81,308.31,302.06,302.15,1985
2017-02-07,298.13,302.06,297.15,302.06,361
2017-02-08,301.97,301.97,292.24,294.91,1564
2017-02-09,292.24,296.52,281.52,289.65,1965
2017-02-12,284.65,287.77,280.81,283.76,1952
2017-02-13,278.85,288.58,275.28,280.63,3873
2017-02-14,284.65,284.65,274.38,278.85,4526
2017-02-15,283.31,288.22,279.83,288.22,2951
2017-02-16,288.22,298.49,287.77,297.24,2918
2017-02-19,300.27,326.34,296.7,320.36,3013
2017-02-20,326.16,332.23,306.61,314.55,3444
2017-02-21,320.45,320.45,299.65,308.57,3123
2017-02-22,302.95,310.98,302.59,305.63,870
2017-02-23,308.31,308.31,303.84,303.84,310
2017-02-26,301.25,301.25,287.77,295.81,2529
2017-02-28,292.24,297.15,291.88,296.16,3969
2017-03-01,296.16,299.38,292.24,293.84,768
2017-03-02,294.91,299.38,294.91,298.49,729
2017-03-05,300.27,307.41,300.27,303.84,1567
2017-03-06,305.63,306.43,300.72,301.16,1195
2017-03-07,301.16,301.16,297.77,301.16,903
2017-03-09,305.63,305.63,301.16,301.25,231
2017-03-13,301.16,304.73,301.16,301.16,250
2017-03-14,301.16,302.06,300.27,300.36,1121
2017-03-15,305.54,305.63,305.54,305.63,270
2017-03-16,305.63,305.63,304.73,305.54,404
2017-03-19,305.54,312.05,304.73,310.18,1436
2017-03-20,314.55,322.59,314.46,320.89,4032
2017-03-21,320.89,327.94,311.88,327.68,2341
2017-03-22,327.94,346.33,327.94,332.59,1443
2017-03-23,332.85,337.76,327.94,333.75,2136
2017-03-26,339.99,358.65,339.55,350.26,2917
2017-03-28,350.26,377.31,356.87,377.31,2105
2017-03-29,377.31,384.45,365.44,365.44,3276
2017-03-30,365.44,373.47,359.19,373.47,2321
2017-04-02,380.52,384.18,380.52,382.4,1180
2017-04-03,385.97,396.95,369.9,370.35,1470
2017-04-04,368.11,381.06,366.42,371.24,2122
2017-04-06,371.24,377.04,368.11,371.24,1082
2017-04-09,378.2,378.2,373.47,374.36,877
2017-04-10,374.45,378.83,374.45,377.04,1420
2017-04-11,377.04,384.09,377.04,377.04,3153
2017-04-12,381.5,388.65,378.83,380.61,4451
2017-04-13,371.86,377.49,371.68,374.27,2513
2017-04-16,374.81,374.81,368.11,368.2,920
2017-04-18,361.15,365.79,353.3,364.1,1911
2017-04-19,364.1,376.15,369.9,372.58,887
2017-04-20,379.63,379.63,368.11,368.11,792
2017-04-23,375.08,381.59,375.08,376.24,1274
2017-04-24,380.61,380.61,377.04,377.76,2000
2017-04-25,377.93,377.93,375.26,375.26,1630
2017-04-26,377.04,377.04,373.47,376.15,761
2017-04-27,377.04,381.33,377.04,380.61,3515
2017-04-30,380.97,380.97,373.92,374.81,780
2017-05-02,377.58,381.5,367.76,372.58,247
2017-05-03,379.63,379.72,372.76,377.04,1427
2017-05-04,377.04,377.04,376.06,376.06,400
2017-05-07,376.15,376.06,368.56,368.56,1335
2017-05-08,372.58,375.26,372.58,375.26,67
2017-05-09,375.26,375.7,374.81,375.26,2359
2017-05-11,377.04,379.72,375.26,379.72,2829
2017-05-15,385.97,385.97,379.27,384.18,1509
2017-05-16,385.07,385.07,379.0,379.72,1387
2017-05-17,377.13,378.83,377.13,378.83,382
2017-05-18,378.83,385.97,378.83,385.97,823
2017-05-21,385.07,385.07,377.04,380.17,1705
2017-05-22,381.5,382.84,381.5,382.4,474
2017-05-23,388.65,392.22,382.84,392.22,2329
2017-05-24,392.22,394.89,385.97,394.89,1481
2017-05-28,400.25,400.25,388.73,388.73,336
2017-05-30,388.73,394.0,386.86,394.0,1542
2017-05-31,394.0,390.43,386.95,390.43,2444
2017-06-01,390.52,392.22,388.65,388.73,876
2017-06-04,390.43,390.43,385.97,390.43,203
2017-06-05,390.43,392.22,388.65,389.54,522
2017-06-06,389.09,394.0,389.09,394.0,682
2017-06-07,395.79,395.79,387.84,394.0,917
2017-06-08,390.43,390.43,385.97,390.43,607
2017-06-11,387.31,388.73,381.5,385.88,1930
2017-06-12,379.9,384.18,379.27,384.18,434
2017-06-13,384.18,389.36,384.18,386.5,811
2017-06-14,381.5,388.73,381.5,384.27,403
2017-06-15,390.43,390.43,385.97,386.06,811
2017-06-18,386.06,387.75,382.58,387.75,740
2017-06-19,385.97,385.97,380.43,380.43,325
2017-06-20,385.97,386.86,382.4,383.11,1054
2017-06-21,382.4,386.77,380.61,383.74,980
2017-06-22,385.97,388.2,385.07,385.52,807
2017-06-25,392.66,392.66,384.63,385.97,928
2017-06-27,386.86,386.86,380.17,383.29,1981
2017-06-28,385.97,386.32,383.29,385.97,1513
2017-07-02,383.29,383.29,379.72,381.5,777
2017-07-03,379.72,379.72,377.04,377.76,2818
2017-07-04,377.04,378.47,377.04,378.38,2511
2017-07-05,377.04,385.07,377.04,380.61,410
2017-07-06,383.74,383.74,382.84,382.84,20
2017-07-09,382.84,386.86,377.93,384.18,2489
2017-07-10,384.27,384.27,380.61,380.7,971
2017-07-11,380.7,385.88,380.61,384.18,690
2017-07-12,385.79,385.79,368.11,370.61,4740
2017-07-13,366.33,366.33,363.83,366.33,2418
2017-07-16,368.11,375.26,368.11,375.17,540
2017-07-17,381.06,381.06,377.04,377.04,380
2017-07-18,381.5,381.5,375.26,375.26,635
2017-07-19,380.17,380.17,369.9,369.9,479
2017-07-20,372.58,374.81,371.86,372.58,3545
2017-07-23,369.99,369.99,368.2,368.65,375
2017-07-24,369.01,373.47,369.01,373.47,458
2017-07-25,377.04,377.04,374.36,376.59,698
2017-07-26,377.04,378.83,374.36,377.04,1726
2017-07-27,377.04,377.13,377.04,377.04,313
2017-07-30,379.27,379.27,377.04,377.13,341
2017-07-31,380.61,392.31,380.61,383.29,3095
2017-08-01,385.97,389.98,385.97,388.2,2561
2017-08-02,394.89,421.67,391.95,420.78,4610
2017-08-03,420.78,453.54,427.92,435.06,7583
2017-08-06,435.06,435.15,422.57,429.26,4801
2017-08-07,435.06,443.99,433.28,443.1,14399
2017-08-09,439.53,445.78,439.08,439.97,8303
2017-08-10,435.24,443.99,430.6,442.21,14132
2017-08-13,450.6,465.94,446.36,452.67,4331
2017-08-15,452.67,452.89,446.58,449.62,1902
2017-08-16,450.71,451.25,446.47,446.47,1313
2017-08-17,448.32,449.62,444.18,444.73,3093
2017-08-20,444.18,444.18,440.38,440.59,1560
2017-08-21,439.83,441.46,438.74,441.46,265
2017-08-22,435.48,442.55,435.48,438.85,2999
2017-08-23,439.4,439.83,436.57,437.22,1258
2017-08-24,437.11,442.55,433.31,438.74,770
2017-08-27,438.74,438.74,436.03,436.03,915
2017-08-28,433.41,433.41,430.04,430.91,1074
2017-08-30,425.8,433.31,425.8,427.32,917
2017-08-31,426.89,427.87,418.84,420.25,1200
2017-09-04,420.8,427.32,411.55,420.25,2069
2017-09-06,428.52,428.52,420.36,420.47,261
2017-09-07,416.99,417.21,415.9,416.99,860
2017-09-10,415.9,415.9,405.03,409.27,2445
2017-09-11,403.94,410.46,403.39,408.29,1584
2017-09-12,401.22,402.31,394.15,397.41,3626
2017-09-13,395.24,406.0,395.24,406.0,2048
2017-09-14,406.11,425.58,406.11,425.58,1211
2017-09-17,433.31,433.31,422.43,422.43,1978
2017-09-18,422.43,422.43,415.9,417.97,1598
2017-09-20,418.3,419.17,417.1,419.17,837
2017-09-24,419.17,423.52,419.17,423.41,885
2017-09-25,422.43,427.32,422.43,427.32,1280
2017-09-26,427.87,428.41,426.24,427.87,1204
2017-10-03,433.31,433.31,430.04,430.04,2169
2017-10-04,427.87,427.87,427.87,427.87,50
2017-10-08,422.43,422.43,411.55,416.99,448
2017-10-09,412.1,414.27,409.38,412.75,610
2017-10-10,414.27,426.34,414.27,418.62,1101
2017-10-11,415.9,420.14,415.9,420.14,1470
2017-10-12,422.21,422.21,417.64,420.14,1634
2017-10-15,420.14,422.43,420.14,422.43,34555
2017-10-16,427.87,427.87,422.32,424.6,1142
2017-10-17,425.69,427.87,422.54,422.54,544
2017-10-18,430.04,430.04,425.69,429.93,771
2017-10-22,435.48,435.48,422.43,433.31,1226
2017-10-23,433.31,428.96,426.78,426.78,191
2017-10-24,426.78,426.78,423.52,424.17,720
2017-10-25,422.43,425.15,422.43,423.19,1463
2017-10-29,425.69,426.13,420.8,421.34,1077
2017-10-30,419.71,419.71,418.19,418.95,300
2017-10-31,420.25,420.8,418.19,418.19,1480
2017-11-01,418.08,418.62,416.99,418.08,943
2017-11-02,420.25,420.25,416.99,419.17,941
2017-11-05,416.99,419.71,416.99,418.08,1887
2017-11-06,418.08,427.87,416.45,427.87,8729
2017-11-07,427.87,427.87,419.17,419.17,205
2017-11-08,412.1,414.81,407.31,414.81,1587
2017-11-09,414.81,414.81,407.2,408.94,1250
2017-11-12,408.83,410.46,406.11,410.46,1195
2017-11-13,410.46,418.19,410.46,413.18,6630
2017-11-14,418.08,421.34,415.9,416.12,1175
2017-11-15,410.46,410.46,408.29,408.29,2170
2017-11-16,406.11,411.55,406.11,406.33,3317
2017-11-19,406.33,404.7,404.48,404.48,290
2017-11-20,405.03,407.2,402.74,402.96,1167
2017-11-21,404.48,406.66,402.31,402.85,953
2017-11-22,401.98,403.94,401.98,402.96,628
2017-11-23,402.96,410.46,402.96,410.46,1792
2017-11-26,410.46,433.31,410.46,412.64,4502
2017-11-27,419.71,421.34,415.9,418.08,1599
2017-11-28,415.9,416.99,415.36,415.36,923
2017-11-29,422.43,422.43,415.36,416.99,1250
2017-11-30,416.99,416.99,412.64,414.27,1161
2017-12-04,414.81,414.81,411.55,413.18,1124
2017-12-05,412.1,414.81,411.55,411.66,752
2017-12-06,411.66,416.99,411.66,416.99,540
2017-12-10,416.99,416.99,412.64,412.64,900
2017-12-11,412.75,412.75,412.64,412.75,235
2017-12-12,412.64,412.64,410.46,410.46,1054
2017-12-13,410.46,411.44,409.92,411.44,755
2017-12-14,406.33,406.33,406.33,406.33,151
2017-12-17,411.55,411.66,411.01,411.55,874
2017-12-18,411.55,417.53,411.55,416.99,3575
2017-12-19,416.99,416.99,413.84,413.94,2237
2017-12-20,413.73,415.9,413.18,414.27,578
2017-12-21,411.55,413.18,410.46,412.64,1775
2017-12-24,412.64,415.9,411.55,412.64,1112
2017-12-26,404.81,406.33,401.87,401.87,1603
2017-12-27,400.78,411.44,399.04,400.24,3094
2017-12-28,397.41,402.31,396.32,399.04,2320
2017-12-31,395.78,401.0,395.78,399.48,5474
2018-01-01,406.55,406.55,399.59,406.55,2672
2018-01-02,404.05,407.74,403.94,404.16,1415
2018-01-03,400.78,401.22,400.35,401.22,633
2018-01-04,402.31,403.94,401.76,402.85,1299
2018-01-07,405.03,411.55,404.48,407.74,651
2018-01-08,410.46,411.55,409.38,409.38,1762
2018-01-09,410.46,412.64,409.38,409.38,600
2018-01-10,408.29,408.83,400.57,408.83,2201
2018-01-14,412.64,412.64,402.31,402.31,267
2018-01-16,402.31,404.48,400.67,402.41,740
2018-01-17,400.67,404.48,400.67,400.67,1425
2018-01-21,406.11,411.55,399.7,403.07,1490
2018-01-22,402.85,403.94,401.76,401.87,744
2018-01-23,398.5,400.78,398.5,400.67,1227
2018-01-24,398.5,401.76,398.5,400.67,985
2018-01-25,403.39,403.39,398.5,400.67,1133
2018-01-28,400.78,400.78,398.5,398.83,460
2018-01-29,394.47,401.87,394.47,398.61,631
2018-01-31,397.52,399.48,396.87,398.5,1469
2018-02-01,399.15,400.57,398.5,400.57,407
2018-02-04,400.67,401.76,400.67,401.76,3556
2018-02-05,400.67,400.67,399.59,400.67,404
2018-02-06,398.5,398.5,397.52,397.96,346
2018-02-07,395.24,395.89,393.06,393.06,1685
2018-02-08,393.06,395.24,393.06,395.24,890
2018-02-11,402.74,406.11,395.24,395.24,367
2018-02-12,396.54,396.87,396.32,396.87,284
2018-02-14,393.17,396.32,393.17,396.32,135
2018-02-15,400.46,402.85,399.7,400.78,757
2018-02-18,400.78,406.11,400.67,400.67,398
2018-02-20,398.5,398.5,397.41,397.41,470
2018-02-21,397.41,397.41,392.63,393.06,1386
2018-02-22,389.8,395.78,389.8,395.78,366
2018-02-25,390.88,390.88,389.8,390.34,501
2018-02-26,387.84,387.84,382.94,382.94,671
2018-02-27,384.36,389.8,384.36,385.99,840
2018-02-28,389.8,389.8,377.51,381.64,7256
2018-03-04,374.46,376.2,363.15,368.04,1781
2018-03-06,359.12,362.6,346.29,353.36,2726
2018-03-07,346.72,358.8,346.72,351.73,5683
2018-03-11,351.73,347.81,345.2,346.29,1242
2018-03-12,346.29,347.38,340.85,340.85,2472
2018-03-13,346.29,346.29,340.52,346.29,2683
2018-03-14,341.94,343.03,340.85,341.94,1297
2018-03-15,341.39,341.5,338.67,339.87,2314
2018-03-18,339.76,340.85,335.41,335.41,2667
2018-03-19,329.1,346.07,329.1,346.07,10499
2018-03-20,350.64,350.64,331.06,331.28,2585
2018-03-21,328.88,328.88,317.03,323.45,4006
2018-03-22,319.64,328.23,317.35,321.27,3227
2018-03-26,315.83,315.83,304.63,304.63,4456
2018-03-27,308.22,313.33,295.17,308.44,2735
2018-03-28,313.66,316.59,305.72,308.22,3068
2018-03-29,311.48,318.01,311.48,314.74,2527
2018-04-01,313.66,313.66,304.95,311.48,1791
2018-04-02,311.48,311.48,306.04,308.33,974
2018-04-03,308.22,309.31,307.35,308.22,4810
2018-04-04,313.66,319.53,311.48,318.88,3813
2018-04-05,318.95,337.0,324.92,330.49,2606
2018-04-08,336.6,347.75,330.49,345.09,2048
2018-04-09,349.07,359.03,348.41,351.73,3837
2018-04-10,358.36,358.36,342.44,345.09,1541
2018-04-11,338.72,349.07,338.72,349.07,225
2018-04-12,355.58,355.58,351.73,352.39,1360
2018-04-15,351.73,358.36,349.07,358.23,1036
2018-04-16,364.86,364.86,358.36,361.15,666
2018-04-17,361.15,374.29,365.0,374.29,10393
2018-04-18,381.32,386.89,376.94,386.23,4476
2018-04-19,381.85,388.88,381.58,384.9,3594
2018-04-22,383.71,397.51,389.55,392.47,3332
2018-04-23,398.17,399.9,384.9,384.9,6750
2018-04-24,384.11,388.09,379.59,379.59,1071
2018-04-25,381.58,386.63,379.59,382.25,1392
2018-04-26,383.71,383.71,366.32,371.63,1256
2018-04-29,365.0,371.5,364.6,366.19,3000
2018-05-02,365.79,374.95,363.14,374.95,909
2018-05-03,378.27,378.27,371.1,371.1,4298
2018-05-06,371.1,371.1,364.2,365.0,1794
2018-05-07,368.31,370.17,365.0,368.98,3113
2018-05-08,366.32,374.29,366.32,374.29,2710
2018-05-09,374.29,374.95,370.31,371.63,610
2018-05-10,371.63,369.64,369.64,369.64,19
2018-05-14,366.32,371.63,366.32,369.64,1106
2018-05-15,366.99,370.97,366.99,370.97,220
2018-05-16,371.63,371.63,365.0,370.31,2379
2018-05-17,371.63,373.62,370.04,370.17,304
2018-05-20,371.63,371.63,368.31,368.45,806
2018-05-21,375.35,384.24,371.63,381.58,8925
2018-05-22,382.91,387.56,382.25,383.04,3605
2018-05-23,380.26,382.25,378.27,378.27,1311
2018-05-24,378.27,381.58,377.74,377.74,2059
2018-05-27,378.27,379.46,376.01,376.01,1274
2018-05-28,376.01,382.91,376.28,382.91,2740
2018-05-29,383.58,384.9,378.53,382.91,1054
2018-05-30,380.92,384.24,380.92,381.98,614
2018-05-31,383.58,384.11,378.27,378.27,636
2018-06-03,371.23,372.56,365.66,367.65,1876
2018-06-04,362.34,371.63,362.34,368.98,421
2018-06-06,375.88,376.81,365.0,365.13,449
2018-06-07,371.63,371.63,363.14,364.33,556
2018-06-10,358.36,358.36,351.99,352.79,2889
2018-06-11,358.36,362.34,354.38,359.69,783
2018-06-12,359.69,359.69,353.05,359.69,126
2018-06-13,360.35,361.02,358.36,360.35,468
2018-06-14,356.37,365.66,356.37,363.01,677
2018-06-17,363.01,363.01,358.36,361.02,133
2018-06-18,355.84,363.01,354.51,363.01,568
2018-06-19,358.36,358.36,353.98,353.98,355
2018-06-20,351.73,355.71,349.07,349.07,2403
2018-06-21,345.36,355.44,342.57,350.53,881
2018-06-24,350.53,353.05,350.0,350.53,781
2018-06-25,350.13,350.13,350.13,350.13,100
2018-06-26,349.07,349.07,345.76,345.89,244
2018-06-27,341.77,345.09,341.77,343.76,304
2018-06-28,345.09,350.4,339.92,344.56,728
2018-07-01,341.77,344.3,341.77,344.3,580
2018-07-02,350.4,350.4,341.11,341.51,725
2018-07-03,345.09,345.09,345.09,345.09,10
2018-07-04,344.96,348.41,344.96,346.55,601
2018-07-05,350.4,358.36,350.4,352.39,1663
2018-07-08,358.36,360.75,355.71,355.84,1382
2018-07-09,349.74,351.73,348.67,348.67,487
2018-07-10,351.73,355.18,351.73,354.38,592
2018-07-11,353.72,357.03,349.74,349.74,1092
2018-07-12,352.39,352.39,346.42,350.4,1061
2018-07-15,346.55,347.08,345.09,345.89,1513
2018-07-16,351.73,355.71,350.4,351.73,165
2018-07-17,351.73,351.73,347.75,348.41,686
2018-07-18,351.73,351.73,346.42,346.42,326
2018-07-19,346.42,346.42,346.42,346.42,157
2018-07-22,341.38,345.76,339.25,339.92,2070
2018-07-23,336.33,342.44,336.33,342.04,1147
2018-07-24,346.42,347.75,343.76,343.9,719
2018-07-25,346.42,346.42,343.1,345.76,282
2018-07-26,343.1,343.1,339.78,341.11,1192
2018-07-29,342.44,343.1,340.58,340.58,535
2018-07-30,341.11,343.1,339.78,341.24,250
2018-07-31,341.11,343.76,340.98,340.98,538
2018-08-01,341.77,344.3,341.77,344.3,580
2018-08-02,350.4,350.4,341.11,341.51,725
2018-08-05,347.61,347.61,342.57,342.57,1084
2018-08-06,342.44,342.57,340.71,340.71,763
2018-08-07,346.42,346.42,341.24,344.43,337
2018-08-08,339.78,343.76,339.78,343.76,271
2018-08-09,343.76,343.76,341.77,341.77,220
2018-08-12,336.6,341.77,336.6,338.46,428
2018-08-13,334.74,339.78,334.48,339.78,1552
2018-08-14,338.46,339.78,336.6,339.12,1048
2018-08-15,338.46,347.48,338.46,345.09,505
2018-08-16,343.76,346.42,343.76,344.43,371
2018-08-19,344.43,344.43,340.45,341.77,190
2018-08-20,341.64,341.64,337.13,337.13,80
2018-08-21,343.37,343.37,338.46,338.46,282
2018-08-22,338.46,338.59,337.13,337.13,288
2018-08-23,343.37,349.6,343.37,349.6,20
2018-08-26,345.09,345.09,338.46,338.46,2415
2018-08-28,338.46,340.45,337.13,340.45,276
2018-08-29,338.46,339.78,337.79,337.79,235
2018-08-30,337.4,338.46,336.6,338.46,572
2018-09-02,339.78,339.78,338.46,338.59,310
2018-09-03,338.46,341.11,338.46,339.12,345
2018-09-04,338.72,338.72,336.86,337.13,80
2018-09-05,338.46,343.1,338.46,343.1,304
2018-09-06,349.07,349.07,338.72,338.72,838
2018-09-09,338.46,338.46,338.46,338.46,209
2018-09-10,338.46,338.46,334.08,337.13,579
2018-09-11,340.45,340.45,337.13,337.13,255
2018-09-12,337.13,339.12,337.13,339.12,671
2018-09-13,339.78,341.11,337.26,338.46,330
2018-09-16,343.76,343.76,343.76,343.76,100
2018-09-17,339.78,342.44,337.53,338.46,547
2018-09-18,338.46,338.46,338.46,338.46,280
2018-09-20,337.13,337.13,335.94,335.94,826
2018-09-23,334.48,335.8,334.48,335.8,717
2018-09-25,337.13,337.13,335.8,335.8,104
2018-09-26,338.46,339.12,337.13,337.13,1706
2018-09-27,335.27,338.46,334.48,334.61,600
2018-09-30,331.82,333.81,331.69,333.81,269
2018-10-01,338.46,338.46,331.29,325.19,322
2018-10-02,331.16,333.68,330.63,325.05,1249
2018-10-03,336.73,336.86,330.49,330.49,320
2018-10-04,331.16,332.49,329.17,331.82,277
2018-10-07,325.58,329.17,325.58,326.51,407
2018-10-08,326.78,328.5,326.78,328.5,552
2018-10-09,328.5,328.5,326.51,326.51,622
2018-10-10,325.19,326.51,325.05,326.51,588
2018-10-11,327.84,327.84,325.19,326.51,702
2018-10-14,329.83,329.83,329.17,329.17,60
2018-10-21,331.82,331.82,331.82,331.82,50
2018-10-22,329.57,331.69,329.57,329.7,785
2018-10-23,325.19,325.32,325.05,325.19,108
2018-10-24,325.19,331.16,325.19,331.03,96
2018-10-25,332.49,332.49,326.51,326.51,76
2018-10-28,330.49,330.49,325.19,325.19,295
2018-10-30,324.52,328.5,324.52,325.32,516
2018-10-31,326.51,327.84,325.85,327.84,250
2018-11-01,327.84,330.36,327.18,327.18,283
2018-11-04,324.52,325.19,323.33,323.86,765
2018-11-05,325.19,325.32,325.19,325.32,164
2018-11-14,326.38,327.18,324.52,324.92,328
2018-11-15,324.92,325.19,323.86,325.19,1388
2018-11-18,325.19,325.19,320.01,320.54,310
2018-11-19,320.54,320.54,315.9,317.89,1040
2018-11-21,316.43,316.56,311.92,315.23,954
2018-11-22,315.23,315.23,312.85,312.85,295
2018-11-25,312.86,312.86,305.28,305.28,720
2018-11-26,305.28,315.9,305.28,315.1,1808
2018-11-27,315.1,320.54,311.92,313.91,525
2018-11-28,313.91,315.9,309.93,311.92,2615
2018-11-29,311.92,311.92,307.94,310.46,3507
2018-12-03,305.05,305.05,295.33,295.33,1070
2018-12-04,295.33,296.95,293.87,296.95,1084
2018-12-06,287.39,288.04,279.3,284.15,1171
2018-12-09,284.15,284.15,282.7,282.7,77
2018-12-10,282.7,289.66,279.78,280.11,5155
2018-12-11,280.11,284.32,280.11,281.24,1670
2018-12-12,281.24,283.99,280.27,280.27,1450
2018-12-13,280.27,281.56,275.41,275.41,1690
2018-12-16,275.41,280.27,275.41,279.13,1810
2018-12-17,279.13,282.21,277.51,282.05,518
2018-12-18,282.05,285.45,276.87,280.75,1334
2018-12-19,280.75,281.08,279.13,280.75,371
2018-12-20,280.75,285.61,277.51,279.94,1470
2018-12-23,279.94,300.19,279.94,299.38,7084
2018-12-24,299.38,303.27,293.71,297.6,2995
2018-12-25,297.6,303.59,297.44,303.59,3253
2018-12-26,303.59,331.94,303.43,331.94,3560
2018-12-27,331.94,363.04,331.94,360.12,6919
2018-12-30,360.12,391.71,360.12,376.32,12429
2018-12-31,376.16,382.8,364.17,364.17,4844
2019-01-01,364.17,376.32,364.17,368.22,1960
2019-01-02,368.22,368.22,361.42,361.42,904
2019-01-03,361.42,363.36,358.5,360.12,1170
2019-01-06,360.12,394.14,360.12,384.09,8083
2019-01-07,384.09,390.57,382.96,390.57,6667
2019-01-08,390.57,390.57,384.42,386.04,2748
2019-01-09,386.04,392.52,385.39,387.66,1235
2019-01-10,387.66,390.74,386.04,388.47,1721
2019-01-13,388.47,404.83,387.66,404.83,6862
2019-01-14,423.94,443.22,417.79,443.22,18399
2019-01-15,443.22,485.49,443.22,485.49,28510
2019-01-16,485.49,497.48,468.81,475.29,22984
2019-01-17,475.29,475.29,462.65,464.6,8051
2019-01-20,464.6,473.34,434.79,436.41,10790
2019-01-21,436.41,441.11,424.91,430.58,6748
2019-01-22,430.58,441.11,424.43,434.47,6334
2019-01-23,434.47,443.38,431.39,442.57,3613
2019-01-24,442.57,467.03,442.24,463.62,12502
2019-01-27,463.62,465.24,449.53,455.53,4279
2019-01-28,455.53,459.74,450.34,458.12,1998
2019-01-29,458.12,458.12,451.31,456.01,5388
2019-01-30,456.01,462.17,447.91,460.06,8521
2019-01-31,460.06,473.51,458.93,467.67,14421
2019-02-03,467.19,467.84,459.74,464.76,4658
2019-02-04,460.06,464.76,457.47,458.44,7259
2019-02-05,457.31,459.74,452.61,456.98,5320
2019-02-06,457.47,457.47,452.77,454.07,2173
2019-02-07,461.36,461.36,450.99,451.31,2009
2019-02-10,448.56,451.31,443.54,447.59,3720
2019-02-11,443.54,452.45,443.54,445.48,1330
2019-02-12,442.73,447.1,442.24,447.1,633
2019-02-13,444.67,447.59,438.68,442.73,5066
2019-02-14,434.63,442.73,431.39,433.01,4478
2019-02-17,437.06,437.06,424.91,425.4,4753
2019-02-18,433.01,433.01,421.67,423.62,1184
2019-02-19,424.91,441.11,423.62,439.49,3818
2019-02-20,444.19,444.35,428.8,429.77,2412
2019-02-21,431.23,432.04,429.77,429.93,1448
2019-02-24,425.07,429.93,424.91,425.72,2034
2019-02-25,425.72,431.23,424.91,429.77,1376
2019-02-26,429.77,431.39,426.05,426.05,672
2019-02-27,425.72,440.79,425.72,431.39,2003
2019-03-03,429.77,431.39,428.31,428.31,707
2019-03-05,428.96,432.85,428.31,429.77,1314
2019-03-06,431.39,433.01,429.77,431.39,977
2019-03-07,433.01,437.87,431.39,435.12,2945
2019-03-09,439.33,440.14,435.12,440.14,120
2019-03-10,439.33,440.14,435.12,440.14,120
2019-03-11,441.11,444.03,435.6,444.03,5161
2019-03-12,444.67,449.53,442.57,448.24,2289
2019-03-13,455.36,455.53,439.81,445.16,7412
2019-03-14,450.83,451.64,444.35,445.16,2881
2019-03-17,450.83,453.26,447.1,447.1,2077
2019-03-18,453.26,454.07,444.35,446.78,2036
2019-03-19,455.2,469.29,452.45,455.69,8672
2019-03-21,458.93,458.93,450.5,450.83,3116
2019-03-24,442.89,447.59,442.73,444.35,3931
2019-03-25,442.73,445.97,442.73,442.73,4287
2019-03-26,444.03,447.59,443.54,445.97,1710
2019-03-27,445.97,448.4,444.03,444.03,991
2019-03-28,436.25,445.97,436.25,443.54,1446
2019-03-31,445.97,445.97,442.89,443.05,3750
2019-04-01,444.35,444.35,441.11,442.73,1675
2019-04-02,441.92,444.19,441.11,441.11,1999
2019-04-03,448.88,449.37,437.87,437.87,1491
2019-04-04,430.26,442.73,430.26,436.25,1685
2019-04-07,436.41,438.68,436.25,436.25,1444
2019-04-08,436.25,445.32,436.25,439.49,2065
2019-04-09,440.3,442.73,436.25,436.57,1610
2019-04-10,439.49,439.49,436.74,436.74,140
2019-04-11,437.06,437.87,434.14,434.14,1791
2019-04-15,433.01,433.01,429.29,430.74,1531
2019-04-16,433.01,434.47,428.96,433.01,3292
2019-04-17,433.01,441.27,428.64,428.96,2311
2019-04-18,436.25,440.3,430.1,433.01,1733
2019-04-21,433.01,433.01,427.83,432.2,1355
2019-04-22,433.01,433.01,424.91,426.53,6765
2019-04-23,428.96,428.96,423.29,424.91,1962
2019-04-24,426.53,426.53,421.02,423.29,2035
2019-04-25,416.98,426.53,416.98,420.05,5031
2019-04-28,416.81,439.98,416.81,434.63,2997
2019-04-29,434.63,434.63,424.91,432.53,5319
2019-04-30,426.05,426.53,425.07,425.4,1456
2019-05-02,425.07,433.01,423.78,430.58,3915
2019-05-05,429.77,429.77,426.21,426.21,833
2019-05-06,434.31,429.77,426.05,428.64,708
2019-05-07,428.15,449.21,428.15,446.94,11049
2019-05-08,447.59,465.41,442.73,459.41,11182
2019-05-09,454.88,459.58,451.8,453.26,6135
2019-05-12,453.91,457.31,449.53,454.07,1876
2019-05-13,445.81,455.69,445.81,449.69,1436
2019-05-14,449.53,458.12,445.48,449.21,3894
2019-05-15,453.91,453.91,446.13,452.12,971
2019-05-16,450.83,450.83,445.97,450.02,6269
2019-05-19,444.03,449.21,442.73,445.97,2246
2019-05-20,449.21,449.21,442.73,442.73,1264
2019-05-21,441.27,444.35,439.49,439.49,1537
2019-05-22,444.35,444.35,436.41,440.95,1456
2019-05-23,433.01,444.35,433.01,441.11,2150
2019-05-26,441.43,443.54,437.87,438.03,998
2019-05-27,438.19,442.08,437.87,441.11,1550
2019-05-28,441.11,442.57,438.84,439.65,2314
2019-05-29,439.81,445.97,439.65,441.11,2825
2019-05-30,449.53,450.02,439.17,442.41,8004
2019-06-02,441.11,441.11,437.06,437.22,1789
2019-06-03,436.74,437.87,435.93,435.93,698
2019-06-04,435.44,435.44,433.17,433.33,294
2019-06-06,441.6,441.6,433.01,433.01,1927
2019-06-10,428.31,434.63,427.83,430.58,1550
2019-06-11,427.67,429.77,425.88,425.88,1113
2019-06-12,424.91,424.91,423.62,423.62,632
2019-06-13,421.19,433.01,421.19,427.67,669
2019-06-16,427.34,427.34,422.48,424.1,2182
2019-06-17,424.91,431.07,424.75,427.18,240
2019-06-18,424.91,425.72,424.75,424.91,1116
2019-06-19,424.91,425.07,423.45,423.45,435
2019-06-20,424.91,426.53,424.91,426.53,489
2019-06-23,418.6,426.53,422.48,422.64,361
2019-06-24,422.48,424.91,421.67,424.91,781
2019-06-25,422.64,424.91,422.0,423.29,160
2019-06-26,423.29,424.91,420.86,420.86,890
2019-06-27,420.86,421.67,420.86,420.86,607
2019-06-30,418.43,419.24,416.81,417.62,1040
2019-07-01,417.62,421.67,413.57,413.74,1138
2019-07-02,416.65,416.81,413.57,416.81,640
2019-07-03,417.62,423.29,412.76,423.13,661
2019-07-04,421.02,421.67,413.57,413.57,1070
2019-07-07,413.57,413.74,412.28,412.76,1805
2019-07-08,413.57,413.57,409.52,413.57,2222
2019-07-09,413.57,413.57,411.14,413.57,1605
2019-07-10,420.86,420.86,413.57,415.03,16655
2019-07-11,419.73,419.73,415.19,415.19,734
2019-07-14,420.05,420.05,414.38,414.38,10249
2019-07-15,415.19,415.19,411.95,413.25,1165
2019-07-16,411.95,413.41,410.5,413.41,1678
2019-07-17,412.76,415.19,412.76,414.06,358
2019-07-18,416.98,418.43,416.81,418.43,320
2019-07-21,429.77,429.77,416.81,417.62,409
2019-07-22,413.57,420.05,413.57,420.05,1338
2019-07-23,419.89,424.43,419.89,424.1,378
2019-07-24,424.91,424.91,421.67,424.43,1067
2019-07-25,424.75,424.75,421.67,424.1,374
2019-07-28,417.14,417.14,415.19,415.19,437
2019-07-29,415.19,420.05,413.74,419.08,149
2019-07-30,416.81,416.81,414.55,415.19,1147
2019-07-31,415.19,416.81,414.22,415.52,744
2019-08-01,413.57,421.51,413.57,415.52,598
2019-08-04,413.09,415.52,413.09,413.57,169
2019-08-05,413.57,415.19,411.95,411.95,755
2019-08-06,411.31,411.95,408.88,411.95,799
2019-08-07,411.95,413.25,411.14,411.95,719
2019-08-08,411.79,411.79,408.71,410.01,1220
2019-08-11,408.88,409.69,408.71,409.69,200
2019-08-12,410.17,410.33,405.47,405.47,1438
2019-08-13,406.28,406.28,406.28,406.28,50
2019-08-14,403.86,405.47,403.86,403.86,970
2019-08-15,403.86,404.02,403.86,403.86,220
2019-08-18,403.86,403.86,401.43,401.91,207
2019-08-19,401.91,403.86,395.76,402.56,1485
2019-08-20,400.62,401.43,399.0,399.0,225
2019-08-21,400.45,421.67,400.45,412.76,2595
2019-08-22,416.0,416.0,408.71,410.33,454
2019-08-25,417.95,420.38,402.24,407.9,3856
2019-08-26,407.09,407.09,403.05,405.31,1092
2019-08-27,412.28,412.28,407.09,407.9,1620
2019-08-28,407.09,407.09,402.24,402.24,2082
2019-08-29,405.47,405.47,399.81,400.62,2915
2019-09-01,408.23,408.23,397.38,397.38,1650
2019-09-02,396.24,396.24,389.28,389.28,3142
2019-09-03,384.42,392.52,383.61,386.04,3954
2019-09-04,387.66,395.76,386.04,392.03,8581
2019-09-05,399.38,399.98,391.48,398.59,5418
2019-09-08,405.31,409.27,401.56,403.34,3351
2019-09-09,403.34,403.34,388.32,389.11,1451
2019-09-10,389.31,392.67,385.55,388.12,1099
2019-09-11,387.53,389.31,387.13,387.73,1415
2019-09-12,387.53,387.53,383.58,383.58,1295
2019-09-15,377.85,379.62,377.65,377.85,1669
2019-09-16,377.65,377.65,365.79,368.56,2846
2019-09-17,365.0,378.44,362.83,374.09,4992
2019-09-18,381.01,394.84,375.67,394.25,4720
2019-09-19,395.43,403.34,380.61,380.61,8173
2019-09-22,375.67,375.67,371.52,371.52,1577
2019-09-23,369.94,379.62,369.94,375.28,864
2019-09-24,376.66,376.66,373.5,373.7,443
2019-09-26,369.94,372.71,369.74,371.72,1691
2019-09-29,375.47,375.47,369.15,372.71,552
2019-09-30,368.56,379.62,368.56,379.03,314
2019-10-01,378.64,379.62,378.64,379.23,800
2019-10-02,378.44,378.44,373.89,373.89,670
2019-10-03,377.65,379.43,375.67,379.43,448
2019-10-10,375.67,375.67,370.93,370.93,129
2019-10-14,368.75,370.73,368.56,369.94,290
2019-10-15,369.74,379.62,369.74,377.65,144
2019-10-16,377.65,377.65,377.65,377.65,10
2019-10-17,375.67,377.65,371.52,371.52,632
2019-10-20,369.74,369.74,369.74,369.74,32
2019-10-21,369.74,373.3,369.74,373.3,840
2019-10-22,372.71,372.71,371.13,371.72,413
2019-10-23,371.92,376.66,371.92,375.67,468
2019-10-24,381.2,381.2,375.67,376.66,369
2019-10-31,375.67,375.67,372.9,374.29,775
2019-11-03,375.67,375.67,373.89,374.09,1264
2019-11-04,374.29,374.29,369.94,370.14,617
2019-11-05,371.52,372.51,370.73,370.73,581
2019-11-06,370.73,370.73,368.75,368.75,770
2019-11-07,369.74,369.74,366.78,366.78,1258
2019-11-10,367.77,374.49,366.19,366.38,372
2019-11-11,365.79,370.73,365.79,370.73,610
2019-11-12,367.77,368.56,365.79,367.77,1310
2019-11-13,365.99,367.77,365.99,366.78,402
2019-11-14,366.78,367.77,366.58,367.37,329
2019-11-17,366.19,366.19,366.19,366.19,330
2019-11-18,370.53,370.53,365.0,366.78,1370
2019-11-19,367.77,369.74,365.79,365.79,1070
2019-11-20,366.78,367.77,365.79,365.79,260
2019-11-21,365.79,365.79,361.84,363.81,640
2019-11-24,364.01,364.01,357.89,357.89,1607
2019-11-25,356.7,356.9,355.91,356.11,1649
2019-11-26,356.9,356.9,354.13,354.13,811
2019-11-27,353.14,358.68,352.75,358.68,426
2019-11-28,356.11,356.11,352.95,352.95,1438
2019-12-01,359.47,359.47,353.93,353.93,394
2019-12-02,355.52,356.9,355.32,356.9,461
2019-12-03,357.89,363.42,355.91,355.91,766
2019-12-04,356.31,358.68,355.91,355.91,1907
2019-12-05,355.91,363.62,355.91,359.27,818
2019-12-08,358.87,359.86,356.7,358.28,1070
2019-12-09,351.56,367.77,351.56,363.81,2320
2019-12-10,362.83,364.41,361.84,363.81,1520
2019-12-11,364.41,367.77,364.01,366.78,1898
2019-12-12,367.57,367.57,363.81,363.81,1430
2019-12-15,369.55,369.55,363.81,367.57,532
2019-12-16,360.85,363.81,357.29,361.25,772
2019-12-17,364.8,367.57,361.84,365.4,490
2019-12-18,369.74,369.74,362.04,362.04,1141
2019-12-19,364.61,364.8,361.84,362.23,498
2019-12-22,355.52,373.7,362.23,373.7,1453
2019-12-23,373.7,409.07,371.72,409.07,18242
2019-12-24,416.77,447.8,414.21,425.07,41875
2019-12-25,425.07,441.28,416.97,417.76,7746
2019-12-26,424.68,424.88,412.43,415.39,3183
2019-12-29,415.39,421.12,415.19,418.75,2637
2019-12-30,421.12,438.12,419.54,433.57,9565
2019-12-31,439.7,440.69,431.99,433.97,7714
2020-01-01,432.98,435.94,430.21,435.75,2833
2020-01-02,427.45,435.15,427.45,430.41,6801
2020-01-05,425.27,436.93,425.27,432.78,11148
2020-01-06,438.91,438.91,430.21,435.35,6913
2020-01-07,434.16,435.94,428.43,434.95,3142
2020-01-08,430.41,439.89,430.21,433.18,5712
2020-01-09,434.76,434.76,429.62,430.41,2557
2020-01-12,433.37,444.24,431.0,441.48,9789
2020-01-13,446.61,447.8,438.91,442.86,11777
2020-01-14,442.86,464.6,435.55,458.67,33116
2020-01-15,460.64,469.34,456.69,456.69,12820
2020-01-16,463.41,463.41,455.51,456.1,10085
2020-01-19,460.64,474.08,458.27,467.76,17632
2020-01-20,470.52,476.06,459.06,463.41,13393
2020-01-21,463.61,470.52,456.69,459.06,5513
2020-01-22,467.56,469.93,457.09,459.66,6506
2020-01-23,462.42,462.62,455.7,456.49,8294
2020-01-26,450.17,454.72,445.23,446.02,3968
2020-01-27,448.79,456.69,448.39,453.33,3178
2020-01-28,461.83,488.11,461.83,479.42,19357
2020-01-29,480.41,481.79,474.48,478.23,6466
2020-01-30,484.36,484.36,479.02,479.22,9624
2020-02-02,479.61,483.37,476.06,482.78,8195
2020-02-03,488.11,488.11,476.65,477.64,7599
2020-02-04,478.43,484.36,478.03,480.8,9978
2020-02-05,489.89,516.96,482.38,513.41,25657
2020-02-06,503.72,521.9,503.72,508.07,11579
2020-02-09,506.29,506.89,497.2,501.35,12977
2020-02-10,504.12,517.36,501.35,515.98,17150
2020-02-11,523.88,533.76,523.88,533.76,20669
2020-02-12,541.86,571.31,533.76,570.12,36509
2020-02-13,580.99,590.67,572.1,575.26,20496
2020-02-16,566.37,575.26,565.77,567.55,15754
2020-02-17,572.89,587.71,567.35,571.11,13700
2020-02-18,567.75,572.69,556.09,563.4,9249
2020-02-19,558.46,581.19,553.52,577.23,12040
2020-02-20,577.23,595.22,575.65,593.64,27886
2020-02-23,599.37,616.76,593.04,613.0,32348
2020-02-24,613.0,626.64,608.85,609.45,18927
2020-02-25,609.84,628.02,602.92,619.92,26617
2020-02-26,631.78,645.21,629.6,634.54,21275
2020-02-27,628.61,640.47,607.07,619.33,13917
2020-03-01,619.33,630.59,600.16,601.94,14949
2020-03-02,593.04,597.0,573.28,573.28,19485
2020-03-03,573.28,595.02,548.58,577.83,19012
2020-03-04,588.89,588.89,554.51,554.51,16978
2020-03-05,546.01,569.33,535.34,549.57,12252
2020-03-10,539.1,541.66,519.14,519.14,10338
2020-03-11,528.82,559.05,514.0,559.05,11263
2020-03-12,568.14,568.34,533.76,534.16,15205
2020-03-15,544.43,544.43,514.39,518.94,10493
2020-03-16,514.0,531.78,513.21,520.13,14751
2020-03-17,516.77,516.96,502.14,504.32,11024
2020-03-18,504.32,518.74,488.31,506.09,9224
2020-03-19,491.47,510.44,491.27,507.08,14033
2020-03-22,516.57,516.57,498.39,502.14,1394
2020-05-12,370.97,492.66,370.97,487.72,50020
2020-05-13,478.43,478.43,473.69,473.69,100
2020-06-29,464.77,519.02,441.87,519.02,2364
2020-06-30,528.9,568.92,528.9,568.92,1157
2020-07-01,579.77,623.65,579.77,623.65,7014
2020-07-02,653.54,666.08,572.54,586.52,8167
2020-07-05,597.85,627.51,597.85,610.63,9547
2020-07-06,622.44,622.44,610.63,614.73,6505
2020-07-07,622.69,625.1,610.63,617.38,6620
2020-07-08,626.78,626.78,604.6,604.6,6432
2020-07-09,610.63,612.56,598.58,612.32,4475
2020-07-12,624.13,628.71,608.22,610.63,8808
2020-07-13,616.66,622.69,610.63,610.63,3922
2020-07-14,610.87,614.25,605.81,605.81,3123
2020-07-15,607.5,610.39,604.6,605.33,4464
2020-07-16,610.63,613.04,607.01,611.11,6975
2020-07-19,622.93,670.18,622.93,670.18,310
2020-07-20,702.48,702.48,634.74,641.97,12128
2020-07-21,644.38,645.59,631.12,637.63,6693
2020-07-22,646.79,649.93,627.51,627.51,3635
2020-07-23,623.17,635.94,622.69,630.16,4035
2020-07-26,630.16,643.18,628.71,643.18,9481
2020-07-27,642.94,645.83,642.21,642.7,8391
2020-07-28,644.38,644.38,634.74,641.01,2148
2020-07-29,646.79,646.79,634.26,634.74,4313
2020-07-30,635.22,636.43,630.64,635.94,5107
2020-08-02,627.99,634.74,617.86,617.86,9373
2020-08-03,622.69,629.68,614.25,623.89,2619
2020-08-05,622.69,623.17,613.52,617.86,3760
2020-08-06,609.43,622.44,609.43,620.27,1066
2020-08-09,620.27,641.97,613.28,641.97,5510
2020-08-10,652.58,654.03,641.73,652.1,10811
2020-08-11,662.71,662.71,648.24,653.54,8970
2020-08-12,646.79,651.37,643.18,646.79,3458
2020-08-13,642.21,646.79,641.49,642.94,5117
2020-08-16,641.73,645.59,639.8,643.18,2084
2020-08-17,646.79,658.85,641.97,657.88,5617
2020-08-18,689.71,721.53,689.71,721.53,57471
2020-08-19,756.49,756.49,707.07,713.82,27830
2020-08-20,713.82,720.08,707.07,714.3,8307
2020-08-23,714.3,714.3,705.86,710.68,8560
2020-08-24,714.3,719.12,711.89,714.3,11608
2020-08-25,716.71,718.88,710.68,713.09,11462
2020-08-26,707.07,717.91,707.07,713.82,11027
2020-08-27,720.08,720.08,711.16,714.3,5640
2020-08-30,714.3,716.71,711.89,714.3,3711
2020-08-31,714.3,728.28,714.3,724.18,12297
2020-09-02,738.17,738.17,715.26,722.74,9789
2020-09-03,722.74,725.15,716.71,719.84,9182
2020-09-06,733.83,748.05,726.35,745.88,26361
2020-09-07,782.04,813.14,755.28,803.5,49494
2020-09-08,815.55,854.13,811.46,853.16,36187
2020-09-09,894.63,897.52,862.57,895.59,51854
2020-09-10,911.99,911.99,868.59,874.86,25565
2020-09-13,874.86,874.86,834.84,839.66,48014
2020-09-14,839.66,884.02,839.66,842.8,14395
2020-09-15,858.47,858.47,840.87,843.76,10016
2020-09-16,841.35,843.76,834.84,839.66,16565
2020-09-17,839.66,851.72,839.66,849.06,8909
2020-09-20,865.46,880.41,845.69,849.31,14505
2020-09-21,857.5,857.74,842.07,848.1,9284
2020-09-22,857.74,857.74,839.42,844.48,12402
2020-09-23,846.89,850.03,840.87,849.31,3850
2020-09-24,849.31,867.63,848.82,863.29,14520
2020-09-27,868.35,875.58,861.36,864.98,24283
2020-09-28,864.98,872.93,858.23,862.57,5332
2020-09-29,862.81,866.18,858.47,858.47,4868
2020-09-30,851.72,863.77,850.75,856.3,5141
2020-10-01,863.05,863.77,855.33,858.71,4919
2020-10-04,863.77,872.21,857.74,865.94,18652
2020-10-05,868.59,874.62,864.49,864.98,3794
2020-10-06,868.35,871.0,862.57,863.05,5109
2020-10-07,867.39,867.39,860.64,861.84,7388
2020-10-08,863.77,863.77,858.47,858.95,5000
2020-10-11,900.9,900.9,851.72,857.02,6487
2020-10-12,858.95,860.15,855.33,855.57,6273
2020-10-13,863.29,863.29,854.61,856.54,7449
2020-10-14,862.57,862.57,853.4,853.89,4169
2020-10-15,862.57,862.81,853.89,855.33,4601
2020-10-18,847.14,890.29,846.89,871.24,11175
2020-10-19,871.0,881.37,871.0,880.65,8690
2020-10-20,885.23,892.7,885.23,891.74,11143
2020-10-21,897.52,905.96,896.32,905.96,8005
2020-10-22,905.96,916.81,904.51,910.78,12157
2020-10-28,923.56,927.66,912.23,923.8,7945
2020-10-29,924.04,934.65,911.99,916.57,7569
2020-11-01,922.84,923.56,911.99,920.43,5900
2020-11-02,916.09,920.43,913.68,919.22,4308
2020-11-03,925.25,925.25,916.81,917.29,4417
2020-11-04,922.35,928.14,916.81,924.28,5049
2020-11-05,948.15,948.15,919.46,924.52,8408
2020-11-08,926.45,948.15,921.63,945.74,12518
2020-11-09,957.07,992.51,951.04,975.63,8586
2020-11-10,989.14,1010.59,980.7,1010.59,19886
2020-11-11,1029.88,1109.44,1021.92,1109.44,34911
2020-11-12,1109.44,1147.05,1088.94,1095.21,30247
2020-11-18,1106.3,1175.74,1096.66,1171.15,21891
2020-11-19,1177.18,1225.4,1165.13,1214.55,28368
2020-11-22,1237.45,1249.51,1128.96,1167.54,32226
2020-11-23,1167.54,1167.54,1109.92,1141.02,23224
2020-11-24,1151.87,1186.83,1142.22,1176.94,19204
2020-11-25,1198.88,1222.26,1172.36,1183.21,8646
2020-11-26,1200.08,1200.08,1160.31,1162.72,20540
2020-11-29,1165.13,1165.13,1136.68,1141.02,23337
2020-11-30,1152.83,1182.0,1133.79,1181.28,20749
2020-12-01,1194.06,1194.06,1165.13,1169.95,13570
2020-12-02,1169.95,1249.51,1165.85,1220.58,33088
2020-12-03,1244.44,1249.51,1195.26,1213.34,12253
2020-12-06,1212.14,1212.14,1129.21,1129.21,20937
2020-12-07,1129.21,1186.1,1116.91,1173.32,17525
2020-12-08,1196.23,1203.7,1157.89,1158.86,10239
2020-12-09,1215.76,1215.76,1145.84,1164.65,21305
2020-12-10,1165.13,1189.24,1165.13,1182.0,11664
2020-12-13,1205.15,1225.4,1183.21,1224.19,20432
2020-12-14,1229.02,1285.67,1213.83,1268.55,28668
2020-12-15,1276.03,1344.25,1276.03,1297.24,14515
2020-12-16,1345.94,1345.94,1278.44,1282.05,15996
2020-12-17,1282.05,1350.76,1273.62,1341.12,48027
2020-12-20,1394.16,1405.97,1248.54,1248.54,57358
2020-12-21,1249.51,1297.72,1201.53,1263.97,43444
2020-12-22,1287.84,1311.71,1255.29,1290.73,65554
2020-12-23,1309.54,1309.54,1247.1,1254.33,15392
2020-12-24,1254.33,1265.18,1240.35,1249.51,16620
2020-12-27,1297.72,1297.72,1229.74,1232.39,38542
2020-12-28,1244.44,1249.51,1224.68,1227.33,64182
2020-12-29,1288.46,1349.73,1288.46,1349.73,6612
2020-12-30,1417.17,1484.62,1417.17,1484.62,10855
2020-12-31,1558.67,1632.73,1452.88,1511.95,82538
2021-01-03,1542.8,1542.8,1498.72,1507.98,25448
2021-01-04,1573.66,1573.66,1496.52,1505.33,13228
2021-01-05,1511.95,1513.71,1489.91,1491.23,11779
2021-01-06,1498.72,1503.13,1470.95,1480.65,11674
2021-01-07,1472.27,1525.17,1472.27,1498.72,25196
2021-01-10,1518.56,1541.92,1518.56,1524.73,13962
2021-01-11,1542.8,1573.66,1511.95,1526.05,9394
2021-01-12,1540.16,1566.61,1514.59,1516.79,10936
2021-01-13,1590.41,1590.41,1516.35,1516.35,9750
2021-01-17,1541.92,1541.92,1511.95,1522.97,14916
2021-01-18,1525.17,1538.39,1523.41,1535.31,12601
2021-01-19,1540.6,1540.6,1520.76,1525.17,12369
2021-01-20,1525.17,1525.17,1511.95,1524.73,13751
2021-01-21,1525.17,1540.6,1515.91,1519.0,13740
2021-01-24,1594.82,1670.63,1547.21,1670.63,28393
2021-01-25,1753.95,1837.7,1753.95,1837.7,14260
2021-01-26,1929.38,1929.38,1787.01,1834.61,38847
2021-01-27,1829.32,1846.95,1800.67,1828.44,23822
2021-01-28,1846.95,1862.38,1816.1,1834.61,26098
2021-01-31,1838.14,1842.55,1787.01,1788.77,15508
2021-02-01,1802.87,1829.32,1789.65,1806.4,11257
2021-02-02,1829.32,1864.15,1802.87,1858.42,14835
2021-02-03,1873.4,1917.48,1835.93,1849.16,14529
2021-02-04,1848.72,1899.41,1829.32,1874.28,17981
2021-02-07,1908.67,2061.62,1895.44,2061.62,47912
2021-02-08,2164.33,2204.0,2108.35,2164.33,27202
2021-02-09,2204.0,2204.0,2106.15,2106.59,13521
2021-02-10,2112.76,2113.64,2071.76,2092.48,15742
2021-02-11,2093.8,2109.23,2058.98,2062.07,12747
2021-02-14,2071.76,2071.76,1965.97,1983.6,21550
2021-02-15,2023.27,2093.8,1994.62,2066.91,12419
2021-02-16,2137.88,2137.88,2017.1,2036.06,19748
2021-02-17,2027.68,2036.5,2014.46,2027.68,11673
2021-02-18,2062.95,2080.14,2027.68,2073.97,18853
2021-02-21,2115.84,2137.88,2063.39,2115.4,38625
2021-02-22,2159.92,2181.96,2107.47,2115.84,26537
2021-02-23,2115.84,2115.84,2021.95,2086.75,17837
2021-02-24,2093.8,2158.16,2073.97,2111.44,22292
2021-02-25,2216.79,2216.79,2043.11,2076.17,11723
2021-02-28,2049.72,2067.8,2014.46,2017.99,22971
2021-03-01,2018.87,2044.43,1950.54,2027.68,14014
2021-03-02,2028.12,2049.72,1948.34,1976.99,14125
2021-03-03,1939.96,1992.42,1895.44,1908.23,31138
2021-03-04,1926.3,1992.86,1917.48,1981.4,21455
2021-03-07,2005.64,2006.08,1926.3,1928.94,12537
2021-03-09,1900.73,1928.5,1891.03,1895.44,13048
2021-03-10,1932.91,1932.91,1891.03,1893.24,10619
2021-03-14,1895.44,1899.85,1806.84,1816.1,23378
2021-03-15,1816.1,1852.24,1758.79,1803.76,14171
2021-03-16,1785.68,1818.3,1756.15,1789.65,14221
2021-03-17,1772.02,1831.53,1772.02,1816.98,8453
2021-03-18,1829.32,1933.35,1807.28,1929.38,15233
2021-03-21,1967.73,1994.62,1960.68,1983.16,16396
2021-03-22,1983.6,2003.44,1939.52,1939.52,13357
2021-03-23,1939.52,1939.52,1899.85,1922.77,9848
2021-03-24,1935.11,1974.79,1930.71,1948.34,27423
2021-03-25,1983.6,1985.81,1921.89,1924.98,6125
2021-03-29,1917.48,1939.52,1891.48,1917.04,4192
2021-03-30,1922.77,1935.11,1908.23,1921.89,4276
2021-03-31,1939.52,1939.52,1917.48,1935.11,6063
2021-04-01,1939.52,1943.93,1917.48,1926.3,11918
2021-04-04,1923.21,1923.65,1873.4,1890.15,30347
2021-04-05,1890.15,1895.44,1840.34,1849.16,20511
2021-04-06,1824.91,1895.44,1794.06,1884.42,18207
2021-04-07,1895.44,1895.44,1861.06,1865.03,3718
2021-04-08,1851.8,1873.4,1842.55,1853.57,9001
2021-04-12,1851.36,1851.36,1842.99,1844.31,7870
2021-04-13,1844.31,1846.51,1828.88,1829.76,10556
2021-04-15,1921.01,1921.01,1829.32,1833.29,7320
2021-04-18,1829.32,1829.32,1807.28,1813.89,9856
2021-04-19,1802.87,1802.87,1714.71,1760.56,70944
2021-04-20,1763.2,1763.2,1694.88,1742.48,54464
2021-04-21,1763.2,1763.2,1710.75,1715.6,47054
2021-04-22,1801.11,1801.11,1687.83,1712.95,32235
2021-04-25,1736.75,1736.75,1673.72,1673.72,40762
2021-04-26,1653.0,1686.06,1630.96,1631.4,45474
2021-04-27,1631.4,1708.54,1631.4,1705.9,27633
2021-04-28,1714.71,1754.39,1664.02,1697.08,20193
2021-04-29,1781.72,1781.72,1688.27,1697.08,23904
2021-05-02,1719.12,1738.96,1688.27,1723.53,27735
2021-05-03,1754.39,1785.24,1719.56,1723.09,23929
2021-05-04,1637.13,1763.2,1637.13,1725.73,14761
2021-05-05,1719.12,1741.16,1712.07,1712.95,10411
2021-05-06,1714.27,1714.27,1684.74,1686.5,18094
2021-05-09,1679.45,1709.42,1669.75,1686.5,19222
2021-05-10,1687.83,1719.12,1675.92,1699.29,20461
2021-05-11,1719.12,1741.16,1719.12,1731.91,23969
2021-05-12,1760.56,1761.88,1721.33,1727.94,11408
2021-05-13,1730.14,1740.72,1719.12,1720.44,13968
2021-05-16,1738.96,1763.2,1729.26,1745.57,19047
2021-05-17,1758.79,1767.17,1745.57,1748.22,19046
2021-05-18,1807.28,1895.44,1763.2,1868.55,66525
2021-05-19,1895.44,1911.75,1818.3,1827.12,28209
2021-05-20,1827.12,1845.19,1809.49,1816.54,13863
2021-05-23,1805.08,1834.17,1745.57,1802.87,21711
2021-05-24,1870.76,1870.76,1798.91,1805.96,22102
2021-05-25,1851.36,1851.36,1785.24,1787.01,16258
2021-05-27,1763.2,1789.65,1751.3,1764.52,25365
2021-05-30,1764.52,1798.47,1763.2,1768.05,19971
2021-05-31,1763.2,1785.24,1745.57,1746.01,20186
2021-06-01,1741.16,1758.79,1741.16,1728.38,16428
2021-06-02,1728.38,1758.79,1723.97,1763.2,21103
2021-06-03,1765.41,1785.24,1750.42,1752.62,19905
2021-06-06,1773.78,1829.76,1754.83,1812.57,39054
2021-06-07,1851.36,1862.38,1807.72,1813.01,22169
2021-06-08,1903.38,1903.38,1802.87,1806.4,17724
2021-06-09,1807.72,1851.36,1797.14,1808.6,30176
2021-06-10,1897.65,1897.65,1802.87,1805.08,11623
2021-06-13,1816.1,1838.14,1805.52,1804.64,19234
2021-06-14,1803.76,1816.1,1774.22,1810.37,18807
2021-06-15,1899.85,1899.85,1789.65,1863.71,44110
2021-06-16,1770.7,1857.97,1770.7,1829.32,34008
2021-06-17,1851.36,1851.36,1824.47,1843.87,23461
2021-06-20,1860.18,1873.4,1807.28,1829.32,25526
2021-06-21,1829.32,1860.18,1796.26,1798.47,72086
2021-06-22,1873.84,1873.84,1798.41,1818.59,29732
2021-06-23,1825.8,1825.8,1766.22,1767.18,20310
2021-06-24,1768.14,1775.35,1715.29,1722.49,26583
2021-06-27,1729.7,1753.73,1696.07,1705.68,17784
2021-06-28,1734.03,1734.03,1698.47,1700.87,10556
2021-06-29,1715.29,1715.29,1681.65,1683.58,11788
2021-06-30,1681.65,1681.65,1643.22,1648.98,17217
2021-07-01,1672.04,1698.47,1656.67,1662.44,17344
2021-07-04,1693.67,1695.11,1662.44,1667.24,9022
2021-07-05,1662.44,1669.64,1657.63,1659.07,7905
2021-07-06,1659.07,1676.85,1657.63,1658.59,14110
2021-07-07,1674.45,1674.45,1634.09,1649.94,8591
2021-07-08,1661.96,1661.96,1633.61,1650.42,9794
2021-07-11,1660.99,1683.1,1657.63,1677.81,13874
2021-07-12,1693.67,1724.9,1657.63,1662.44,13026
2021-07-13,1681.65,1695.11,1660.03,1660.03,9706
2021-07-14,1742.19,1742.19,1657.63,1678.77,4551
2021-07-15,1678.77,1686.46,1674.93,1677.33,17478
2021-07-18,1686.46,1705.68,1676.85,1681.65,21511
2021-07-19,1700.87,1825.8,1687.42,1789.28,32557
2021-07-20,1824.84,1824.84,1777.75,1791.39,12785
2021-07-22,1811.38,1811.38,1778.71,1778.71,14269
2021-07-25,1796.97,1796.97,1770.54,1779.19,14063
2021-07-26,1794.57,1799.37,1777.75,1779.19,11984
2021-07-27,1777.75,1878.65,1777.75,1852.22,35144
2021-07-28,1873.84,1960.33,1873.84,1945.43,37753
2021-07-29,1969.94,1981.95,1934.38,1945.91,24813
2021-08-01,1945.91,2082.85,1917.57,2008.38,40106
2021-08-02,2036.72,2130.9,2017.99,2113.6,73963
2021-08-03,2114.08,2190.96,2087.65,2088.13,33050
2021-08-04,2113.6,2114.08,2042.01,2043.93,32879
2021-08-05,2060.75,2061.23,2004.53,2010.78,24857
2021-08-08,2017.99,2066.03,1996.36,2041.05,26601
2021-08-09,2066.03,2077.56,2015.58,2017.99,13697
2021-08-10,2058.34,2058.34,1993.96,2013.18,16899
2021-08-11,2051.62,2051.62,2001.65,2004.53,10080
2021-08-12,2004.53,2027.59,1977.15,1992.52,18923
2021-08-15,1992.52,1992.52,1930.54,1960.81,34700
2021-08-16,1996.36,1996.36,1941.11,1961.29,18436
2021-08-17,1961.29,1993.96,1945.91,1950.72,16315
2021-08-18,1936.3,1945.91,1912.28,1936.3,22695
2021-08-19,1936.3,1965.13,1917.09,1921.89,17174
2021-08-24,1921.89,1945.91,1883.45,1886.34,18118
2021-08-25,1886.34,1909.88,1859.43,1864.23,19996
2021-08-26,1859.43,1878.65,1859.43,1865.68,15239
2021-08-29,1902.86,1902.86,1835.41,1840.21,16580
2021-08-31,1849.82,1849.82,1788.37,1802.73,22574
2021-09-01,1802.73,1854.62,1787.36,1818.59,19807
2021-09-02,1825.8,1825.8,1768.14,1776.79,25277
2021-09-05,1760.45,1777.75,1710.48,1734.51,30767
2021-09-06,1734.51,1825.32,1720.57,1825.32,27150
2021-09-07,1845.02,1845.02,1763.33,1782.55,15303
2021-09-08,1753.73,1777.75,1737.87,1741.71,18332
2021-09-09,1776.31,1776.31,1729.7,1741.23,11047
2021-09-12,1743.64,1787.36,1743.64,1772.94,19521
2021-09-13,1788.8,1813.78,1759.06,1763.33,11319
2021-09-14,1769.1,1787.36,1751.32,1753.24,9599
2021-09-15,1788.27,1788.27,1734.51,1736.91,10774
2021-09-16,1736.91,1736.91,1693.67,1703.28,21365
2021-09-20,1730.13,1730.13,1641.78,1643.7,24089
2021-09-21,1614.39,1675.89,1591.52,1646.58,29251
2021-09-22,1679.49,1712.89,1657.63,1703.76,18396
2021-09-23,1729.7,1729.7,1674.45,1685.5,13869
2021-09-26,1686.46,1686.46,1650.42,1651.87,11387
2021-09-27,1651.87,1672.04,1619.19,1620.63,12059
2021-09-28,1590.85,1633.13,1580.76,1584.6,15903
2021-09-29,1583.16,1613.91,1556.73,1602.38,15683
2021-09-30,1570.52,1633.61,1570.52,1595.17,8558
2021-10-03,1595.17,1607.18,1563.94,1564.9,6628
2021-10-04,1564.9,1565.38,1537.51,1556.25,10518
2021-10-05,1585.56,1585.56,1559.13,1566.34,10679
2021-10-06,1596.61,1616.79,1581.72,1609.1,10096
2021-10-10,1611.99,1652.83,1609.1,1610.54,9768
2021-10-11,1619.19,1619.19,1585.56,1615.35,5059
2021-10-17,1635.53,1635.53,1586.04,1620.15,3139
2021-10-18,1589.16,1609.58,1580.76,1585.56,9327
2021-10-19,1562.02,1568.74,1537.51,1551.93,8873
2021-10-20,1582.97,1595.17,1549.52,1571.15,5822
2021-10-21,1571.15,1571.15,1547.12,1555.82,3484
2021-10-24,1568.26,1568.26,1552.89,1556.25,5140
2021-10-25,1542.8,1617.27,1542.8,1616.79,8577
2021-10-26,1624.0,1688.86,1624.0,1660.51,15358
2021-10-27,1681.65,1681.65,1633.61,1666.28,13210
2021-10-28,1657.15,1672.53,1634.57,1655.23,6924
2021-10-31,1676.85,1693.67,1643.22,1679.73,13859
2021-11-01,1705.68,1710.48,1671.56,1676.85,14723
2021-11-02,1676.85,1676.85,1634.14,1669.64,7091
2021-11-03,1697.99,1697.99,1667.24,1674.45,16105
2021-11-08,1660.51,1684.06,1660.51,1664.84,6439
2021-11-09,1664.84,1664.84,1619.77,1633.61,13670
2021-11-11,1609.1,1628.32,1590.36,1590.36,10674
2021-11-14,1562.02,1592.77,1561.54,1578.35,8705
2021-11-15,1604.78,1609.58,1580.76,1599.97,6741
2021-11-16,1607.18,1641.78,1580.76,1640.81,7681
2021-11-17,1657.63,1664.36,1624.48,1626.4,8332
2021-11-18,1594.21,1628.8,1594.21,1610.11,3924
2021-11-21,1611.99,1624.0,1590.41,1599.01,4257
2021-11-22,1597.57,1618.71,1597.57,1617.75,5816
2021-11-23,1585.56,1609.58,1585.56,1594.21,4740
2021-11-24,1590.36,1599.97,1571.15,1592.77,5558
2021-11-25,1604.78,1607.13,1544.43,1575.04,12646
2021-11-28,1547.6,1574.51,1518.29,1527.9,16660
2021-11-29,1513.01,1556.73,1499.07,1519.25,7586
2021-11-30,1537.51,1537.51,1513.49,1515.89,6007
2021-12-01,1532.71,1537.51,1507.72,1522.14,6075
2021-12-02,1522.14,1529.34,1494.27,1501.48,6829
2021-12-05,1485.62,1489.56,1454.87,1456.79,11514
2021-12-06,1434.69,1462.56,1386.64,1458.72,12745
2021-12-07,1487.4,1487.54,1427.0,1429.41,7761
2021-12-08,1427.0,1436.61,1378.96,1386.16,11551
2021-12-09,1393.37,1397.7,1372.23,1387.61,9109
2021-12-12,1387.61,1407.78,1333.36,1334.75,11028
2021-12-13,1321.35,1321.35,1261.24,1280.94,18636
2021-12-14,1306.41,1369.35,1290.55,1369.35,7128
2021-12-15,1396.73,1441.42,1341.48,1376.55,17842
2021-12-16,1378.96,1378.96,1323.7,1351.57,8549
2021-12-20,1326.1,1357.34,1302.56,1335.71,6734
2021-12-21,1345.32,1370.31,1343.4,1364.54,5760
2021-12-22,1391.83,1446.22,1381.36,1445.74,16034
2021-12-23,1474.57,1477.45,1427.48,1451.51,11539
2021-12-26,1480.34,1574.03,1451.03,1556.73,24797
2021-12-27,1561.54,1563.94,1495.71,1498.11,18121
2021-12-28,1485.14,1537.51,1470.73,1485.19,8435
2021-12-29,1508.68,1508.68,1467.36,1475.53,8119
2022-01-02,1505.03,1561.54,1475.53,1537.51,20266
2022-01-03,1568.26,1604.3,1537.99,1590.32,27395
2022-01-04,1609.58,1616.79,1566.82,1599.97,8107
2022-01-05,1609.58,1609.58,1557.21,1557.64,17466
2022-01-06,1552.41,1621.6,1532.71,1607.18,25808
2022-01-09,1611.99,1643.17,1607.18,1637.93,25708
2022-01-10,1652.83,1657.58,1614.39,1622.08,17311
2022-01-11,1624.0,1642.74,1609.58,1633.61,18773
2022-01-12,1633.61,1666.28,1616.31,1624.0,17349
2022-01-13,1638.41,1651.87,1619.67,1645.14,13180
2022-01-16,1678.0,1729.22,1644.47,1714.81,31213
2022-01-17,1733.88,1751.8,1692.71,1717.69,18245
2022-01-18,1687.42,1748.87,1674.5,1686.46,16017
2022-01-19,1686.94,1693.19,1659.36,1667.34,13923
2022-01-20,1658.11,1691.26,1648.5,1679.25,12201
2022-01-23,1708.08,1708.08,1661.47,1667.24,12375
2022-01-24,1658.11,1660.08,1616.31,1624.0,20821
2022-01-25,1624.0,1640.81,1566.34,1624.0,18889
2022-01-26,1595.17,1628.8,1585.56,1588.44,10639
2022-01-27,1611.99,1613.91,1589.88,1590.75,11365
2022-01-30,1622.56,1658.11,1622.56,1652.35,12223
2022-01-31,1633.66,1664.84,1631.2,1632.65,9698
2022-02-01,1614.39,1650.42,1611.02,1641.29,5619
2022-02-03,1673.97,1673.97,1633.61,1638.41,13731
2022-02-06,1628.8,1640.81,1611.99,1616.79,6812
2022-02-07,1584.6,1633.61,1584.6,1609.68,5449
2022-02-08,1641.87,1648.02,1596.61,1602.38,7109
2022-02-09,1588.49,1621.6,1574.99,1601.42,10655
2022-02-10,1575.95,1619.19,1575.95,1595.12,5783
2022-02-13,1563.94,1563.94,1532.23,1537.51,15370
2022-02-14,1537.51,1559.13,1528.86,1542.32,14012
2022-02-15,1539.91,1561.49,1535.16,1554.33,5393
2022-02-16,1554.33,1570.67,1539.91,1540.88,5191
2022-02-17,1547.12,1559.13,1540.88,1547.12,3007
2022-02-20,1516.85,1543.76,1486.05,1513.49,6688
2022-02-21,1513.49,1532.71,1513.49,1532.71,4273
2022-02-22,1532.71,1549.52,1527.9,1532.71,4644
2022-02-23,1548.08,1548.08,1523.58,1531.79,3207
2022-02-24,1518.29,1532.71,1489.47,1490.91,11164
2022-02-27,1513.49,1513.49,1477.45,1484.66,6883
2022-02-28,1501.48,1503.88,1455.35,1459.68,5943
2022-03-02,1465.44,1465.44,1431.81,1436.61,8359
2022-03-06,1436.61,1460.64,1417.39,1433.25,6277
2022-03-07,1441.42,1448.14,1417.39,1426.52,5408
2022-03-09,1426.52,1441.42,1407.78,1416.87,5443
2022-03-10,1416.43,1455.83,1400.58,1454.87,8022
2022-03-13,1483.22,1527.9,1467.84,1518.29,15683
2022-03-14,1528.86,1532.71,1491.87,1518.29,4306
2022-03-15,1535.59,1535.59,1501.48,1516.85,10816
2022-03-16,1516.85,1532.71,1494.75,1522.14,20903
2022-03-20,1547.12,1549.52,1524.06,1532.71,6053
2022-03-21,1535.11,1556.73,1527.9,1547.12,8568
2022-03-22,1547.12,1580.76,1547.12,1570.67,8342
2022-03-23,1570.67,1584.12,1551.93,1554.33,8526
2022-03-24,1537.51,1561.01,1523.1,1523.1,7828
2022-03-27,1520.7,1532.71,1509.16,1511.57,12486
2022-03-28,1513.49,1523.1,1489.47,1499.07,9477
2022-03-29,1508.68,1512.05,1489.47,1491.39,5041
2022-03-30,1491.87,1508.68,1482.79,1508.68,5905
2022-03-31,1527.86,1537.99,1501.96,1520.7,22710
2022-04-03,1500.04,1520.22,1483.7,1490.43,5966
2022-04-04,1484.66,1487.54,1466.4,1477.02,5137
2022-04-05,1506.28,1506.28,1429.41,1464.0,14527
2022-04-06,1439.5,1460.64,1434.21,1434.21,13651
2022-04-07,1455.83,1465.44,1427.0,1445.74,5530
2022-04-11,1474.52,1479.86,1405.86,1408.75,15031
2022-04-12,1408.75,1408.75,1383.28,1386.16,7062
2022-04-13,1412.11,1412.59,1368.15,1389.53,6290
2022-04-17,1417.25,1417.3,1369.35,1378.0,6860
2022-04-18,1374.15,1387.61,1360.27,1380.88,7009
2022-04-19,1372.23,1404.9,1369.35,1380.88,5607
2022-04-20,1402.98,1402.98,1364.54,1373.67,3223
2022-04-21,1374.15,1381.36,1359.74,1377.03,4786
2022-04-24,1402.98,1417.39,1383.76,1416.87,7404
2022-04-25,1439.02,1439.02,1390.97,1397.21,5216
2022-04-26,1393.37,1399.62,1381.36,1381.36,2934
2022-04-27,1371.75,1377.47,1354.45,1376.55,4726
2022-04-28,1376.55,1393.37,1364.54,1371.27,5611
2022-05-02,1359.74,1359.74,1341.0,1341.0,5926
2022-05-04,1345.32,1352.05,1326.1,1329.04,5376
2022-05-05,1314.09,1335.23,1292.47,1297.28,8298
2022-05-08,1297.28,1315.53,1282.86,1315.53,55983
2022-05-09,1335.71,1342.92,1316.5,1326.1,3867
2022-05-10,1329.95,1345.32,1328.51,1339.61,4126
2022-05-11,1345.32,1365.98,1339.08,1359.26,3673
2022-05-12,1383.76,1383.76,1346.76,1350.13,6149
2022-05-17,1328.51,1362.14,1323.13,1326.1,4557
2022-05-18,1322.74,1335.71,1307.37,1330.91,4580
2022-05-19,1326.1,1332.35,1300.16,1306.89,5984
2022-05-20,1306.89,1311.69,1287.67,1290.07,9699
2022-05-23,1297.28,1297.28,1253.55,1263.64,13852
2022-05-24,1287.67,1287.67,1253.07,1263.64,8420
2022-05-25,1263.64,1282.86,1263.64,1266.53,7126
2022-05-26,1267.05,1284.78,1267.01,1272.77,2969
2022-05-27,1273.25,1291.99,1261.24,1266.05,5683
2022-05-30,1266.05,1266.53,1237.22,1241.06,10399
2022-05-31,1242.02,1263.64,1213.19,1231.93,11840
2022-06-01,1231.93,1256.44,1213.19,1222.8,7788
2022-06-02,1220.4,1237.22,1210.41,1213.67,8285
2022-06-03,1201.66,1215.6,1173.79,1181.96,16273
2022-06-06,1182.44,1201.18,1170.91,1172.31,6698
2022-06-07,1172.35,1177.16,1143.52,1147.37,8949
2022-06-08,1167.02,1177.16,1146.89,1167.55,12869
2022-06-09,1186.77,1196.38,1161.3,1171.87,8501
2022-06-10,1172.35,1172.35,1148.33,1155.54,9364
2022-06-13,1165.15,1165.15,1129.11,1136.32,8670
2022-06-14,1153.13,1153.13,1121.9,1133.87,9738
2022-06-15,1124.31,1124.31,1098.36,1107.01,15922
2022-06-16,1100.28,1123.83,1097.88,1114.17,5927
2022-06-17,1128.63,1132.95,1102.68,1103.17,4699
2022-06-19,1123.3,1123.35,1093.08,1097.88,6921
2022-06-20,1095.48,1096.44,1075.78,1087.31,9277
2022-06-21,1090.67,1117.1,1090.67,1115.18,8150
2022-06-22,1105.57,1109.89,1090.67,1099.32,3754
2022-06-23,1081.06,1081.06,1056.56,1069.05,12989
2022-06-24,1081.06,1102.68,1026.77,1060.4,13929
2022-06-26,1081.59,1166.44,1081.59,1166.44,4762
2022-06-27,1189.65,1282.86,1189.65,1221.36,60340
2022-06-28,1221.36,1221.36,1191.57,1200.17,21342
2022-06-29,1224.15,1224.15,1183.4,1218.0,13475
2022-06-30,1237.22,1244.42,1213.19,1243.94,18470
2022-07-01,1240.1,1244.42,1225.21,1237.22,8267
2022-07-03,1225.21,1285.17,1220.4,1279.98,17994
2022-07-04,1297.28,1310.73,1263.64,1282.86,28202
2022-07-05,1273.25,1293.43,1246.83,1254.51,17802
2022-07-06,1254.03,1256.92,1226.17,1246.83,11493
2022-07-07,1270.85,1292.47,1242.5,1242.55,7744
2022-07-08,1242.5,1242.5,1200.7,1213.19,12646
2022-07-11,1201.18,1201.18,1159.38,1167.07,15550
2022-07-12,1174.76,1181.96,1157.94,1175.72,11427
2022-07-13,1177.16,1213.19,1177.16,1205.51,13618
2022-07-14,1224.72,1229.48,1196.38,1216.56,13548
2022-07-15,1229.96,1234.81,1205.99,1208.39,7428
2022-07-17,1206.47,1232.41,1206.47,1223.76,6711
2022-07-18,1230.01,1255.91,1216.17,1254.03,12577
2022-07-19,1260.76,1272.77,1252.11,1254.99,10336
2022-07-20,1249.23,1273.25,1243.03,1267.49,10546
2022-07-21,1259.32,1270.37,1252.59,1260.76,6291
2022-07-22,1244.42,1260.52,1230.01,1237.22,6267
2022-07-24,1261.96,1273.25,1239.62,1270.85,14360
2022-07-25,1273.25,1297.28,1273.25,1289.83,11463
2022-07-26,1266.05,1302.08,1266.05,1272.29,14469
2022-07-27,1279.98,1285.26,1252.59,1278.06,6568
2022-07-28,1297.28,1393.37,1284.3,1358.3,47460
2022-07-29,1385.44,1413.07,1369.35,1387.85,26951
2022-07-31,1412.59,1457.27,1407.78,1447.18,28482
2022-08-01,1476.01,1476.01,1429.41,1438.78,28623
2022-08-02,1438.54,1445.74,1422.2,1434.21,16535
2022-08-03,1455.83,1458.23,1431.81,1437.57,10676
2022-08-04,1436.61,1436.61,1417.44,1418.36,11112
2022-08-05,1422.2,1422.2,1394.33,1400.1,11404
2022-08-07,1372.13,1427.48,1372.13,1405.38,14008
2022-08-08,1410.67,1422.2,1377.27,1395.77,28136
2022-08-09,1423.64,1423.64,1381.36,1383.28,52222
2022-08-10,1410.94,1465.35,1392.89,1407.88,47199
2022-08-11,1435.99,1435.99,1367.91,1369.15,17167
2022-08-14,1371.03,1374.15,1309.82,1316.06,14781
2022-08-15,1316.69,1329.99,1314.81,1324.25,10091
2022-08-16,1331.12,1342.92,1319.19,1321.06,9113
2022-08-17,1324.18,1329.18,1311.69,1317.94,4083
2022-08-18,1314.81,1328.49,1314.81,1320.44,8167
2022-08-21,1339.8,1346.79,1316.06,1317.94,6690
2022-08-22,1319.81,1322.93,1311.07,1316.69,6279
2022-08-23,1336.68,1336.68,1314.81,1317.94,4532
2022-08-24,1324.18,1327.31,1313.25,1322.31,6866
2022-08-25,1316.06,1321.68,1312.32,1314.19,6123
2022-08-26,1311.69,1311.69,1304.2,1304.2,5064
2022-08-28,1291.7,1311.69,1267.78,1272.34,8560
2022-08-29,1256.1,1269.84,1253.6,1254.23,5359
2022-08-30,1267.34,1279.84,1255.48,1256.72,3974
2022-08-31,1262.35,1262.35,1246.79,1248.92,5342
2022-09-01,1248.6,1267.34,1242.98,1246.73,7628
2022-09-02,1249.92,1249.92,1239.86,1241.11,5096
2022-09-04,1258.6,1258.6,1234.24,1238.61,4604
2022-09-05,1242.98,1246.11,1233.61,1234.86,4156
2022-09-06,1234.86,1236.74,1214.88,1216.12,6999
2022-09-07,1218.0,1218.0,1194.26,1196.76,4671
2022-09-08,1197.39,1205.44,1178.02,1196.07,7933
2022-09-11,1186.77,1208.63,1184.96,1185.52,4040
2022-09-12,1188.02,1191.14,1178.02,1180.52,6254
2022-09-13,1189.89,1205.51,1181.15,1200.51,6995
2022-09-14,1211.75,1218.0,1204.88,1212.38,5642
2022-09-15,1227.37,1227.37,1186.77,1188.33,7463
2022-09-16,1168.03,1186.77,1164.91,1178.02,5821
2022-09-18,1168.03,1180.52,1168.03,1169.9,4471
2022-09-20,1164.91,1164.91,1124.31,1126.8,8530
2022-09-21,1148.67,1149.29,1128.05,1129.3,3618
2022-09-22,1139.92,1144.29,1127.43,1129.3,3937
2022-09-25,1124.93,1131.8,1111.81,1119.37,4773
2022-09-27,1130.55,1130.55,1118.06,1128.05,4740
2022-09-28,1128.05,1144.29,1128.05,1143.04,3237
2022-09-29,1143.67,1154.29,1143.04,1154.29,5428
2022-10-09,1154.29,1196.14,1154.29,1184.89,6301
2022-10-10,1206.13,1206.13,1183.83,1183.83,4125
2022-10-11,1189.89,1191.76,1160.53,1170.53,4932
2022-10-12,1186.77,1186.77,1159.91,1171.15,4101
2022-10-13,1171.15,1180.52,1155.54,1169.28,4398
2022-10-16,1158.66,1158.66,1143.04,1143.67,9282
2022-10-17,1144.29,1145.54,1131.8,1131.8,5287
2022-10-19,1130.55,1139.92,1124.99,1129.3,4253
2022-10-20,1124.37,1137.42,1118.06,1132.36,5737
2022-10-23,1148.67,1148.67,1130.55,1143.04,4308
2022-10-31,1134.61,1146.17,1134.61,1146.17,2076
2022-11-01,1163.03,1180.4,1140.55,1172.96,6135
2022-11-02,1174.28,1184.27,1152.41,1171.15,10963
2022-11-03,1174.28,1178.65,1155.54,1172.34,5554
2022-11-06,1179.83,1199.26,1165.59,1195.51,7797
2022-11-07,1189.27,1211.75,1186.77,1201.13,12128
2022-11-08,1201.13,1211.75,1198.64,1202.38,8578
2022-11-09,1214.88,1216.75,1173.65,1174.28,8018
2022-11-10,1189.89,1189.89,1154.35,1154.97,5495
2022-11-13,1147.73,1161.78,1143.04,1144.92,5363
2022-11-14,1144.92,1167.4,1143.04,1159.6,4750
2022-11-15,1171.15,1173.65,1158.66,1161.78,4338
2022-11-16,1185.02,1185.02,1159.91,1166.16,8150
2022-11-17,1189.27,1189.27,1173.21,1177.4,9007
2022-11-22,1186.77,1198.64,1176.77,1178.09,7100
2022-11-23,1179.9,1179.9,1166.84,1172.4,3087
2022-11-24,1168.03,1171.15,1165.53,1168.03,3562
2022-11-27,1174.28,1184.89,1168.03,1180.58,10139
2022-11-28,1186.77,1199.26,1178.65,1181.77,12017
2022-11-29,1183.64,1185.46,1174.28,1179.27,4598
2022-11-30,1177.4,1180.52,1164.97,1174.28,2492
2022-12-01,1174.28,1186.77,1166.97,1179.9,6607
2022-12-04,1193.01,1208.63,1181.15,1201.13,14162
2022-12-05,1208.0,1208.0,1186.14,1186.77,11069
2022-12-06,1204.26,1204.26,1168.65,1175.52,4654
2022-12-07,1176.15,1180.52,1166.16,1173.09,6946
2022-12-11,1176.15,1176.15,1155.54,1158.66,6558
2022-12-12,1155.54,1177.34,1149.29,1158.66,6698
2022-12-13,1169.28,1172.4,1155.54,1161.16,4376
2022-12-14,1168.03,1168.03,1152.41,1158.66,4660
2022-12-15,1152.48,1161.78,1143.04,1152.35,4154
2022-12-18,1152.41,1155.54,1144.29,1148.04,5270
2022-12-19,1147.42,1152.41,1146.79,1152.41,5370
2022-12-20,1149.29,1158.6,1149.29,1153.66,3384
2022-12-21,1152.41,1155.54,1146.17,1146.79,5046
2022-12-22,1143.04,1149.29,1142.79,1146.17,3481
2022-12-26,1164.91,1179.9,1155.54,1179.9,11367
2022-12-27,1180.52,1249.23,1180.52,1227.37,28623
2022-12-28,1227.37,1239.86,1203.01,1223.62,12340
2022-12-29,1213.06,1242.98,1205.51,1231.74,11115
2023-01-01,1249.23,1256.1,1224.99,1236.74,17645
2023-01-02,1233.61,1254.23,1224.24,1242.98,11812
2023-01-03,1248.6,1255.48,1233.61,1249.23,12073
2023-01-04,1274.21,1359.79,1249.23,1342.92,30447
2023-01-05,1369.78,1410.94,1362.28,1405.45,33164
2023-01-08,1407.26,1417.25,1374.15,1392.27,23611
2023-01-09,1396.01,1414.13,1387.89,1389.83,15194
2023-01-10,1411.63,1414.75,1339.8,1361.6,26441
2023-01-12,1388.77,1405.38,1327.31,1327.31,19249
2023-01-17,1349.17,1353.85,1311.07,1337.92,15158
2023-01-18,1338.55,1367.91,1337.92,1342.92,8059
2023-01-19,1334.18,1346.04,1327.43,1330.43,6322
2023-01-23,1330.43,1346.04,1324.81,1331.68,12123
2023-01-24,1330.43,1336.68,1292.95,1317.94,17988
2023-01-25,1342.92,1342.92,1317.94,1326.12,4322
2023-01-26,1348.54,1348.54,1330.43,1334.8,6909
2023-01-29,1312.94,1342.92,1308.57,1312.94,7485
2023-01-30,1339.17,1339.17,1286.77,1287.33,9307
2023-01-31,1292.95,1298.57,1249.29,1260.47,14801
2023-02-01,1267.97,1267.97,1249.23,1254.23,5703
2023-02-02,1260.47,1277.34,1246.11,1249.23,8537
2023-02-05,1252.35,1255.48,1241.73,1244.23,8946
2023-02-06,1237.99,1254.23,1237.99,1252.04,6113
2023-02-07,1253.6,1311.69,1253.6,1311.69,11711
2023-02-08,1321.06,1347.86,1311.69,1316.62,13280
2023-02-09,1311.07,1336.68,1308.63,1327.31,7851
2023-02-12,1353.54,1353.54,1296.08,1297.39,13250
2023-02-14,1280.46,1302.32,1280.46,1287.96,6212
2023-02-15,1286.71,1299.2,1267.97,1274.21,6520
2023-02-16,1271.09,1284.77,1257.97,1258.6,5616
2023-02-20,1283.58,1283.58,1239.86,1249.23,9208
2023-02-22,1254.85,1271.09,1251.1,1266.72,8095
2023-02-23,1244.23,1267.97,1244.23,1255.48,10830
2023-02-26,1243.61,1271.09,1221.75,1271.09,10228
2023-02-27,1255.48,1280.58,1248.6,1264.84,8216
2023-02-28,1285.46,1285.46,1252.35,1269.97,4971
2023-03-01,1279.77,1280.46,1266.91,1274.84,7680
2023-03-02,1274.21,1274.21,1255.48,1259.85,7833
2023-03-05,1261.72,1272.28,1236.8,1237.99,9039
2023-03-07,1249.85,1255.48,1237.42,1248.54,7968
2023-03-09,1250.48,1273.59,1250.48,1271.09,10513
2023-03-12,1274.9,1283.58,1253.1,1261.1,9107
2023-03-13,1254.23,1273.59,1235.99,1258.6,6074
2023-03-14,1256.1,1270.47,1249.23,1270.47,4046
2023-03-15,1252.98,1270.47,1248.6,1256.1,6643
2023-03-16,1247.98,1264.22,1246.73,1258.6,7686
2023-03-19,1258.6,1271.09,1252.35,1265.47,4737
2023-03-20,1265.53,1292.95,1265.53,1289.83,10203
2023-03-22,1305.44,1311.07,1289.83,1297.95,9805
2023-03-23,1295.45,1295.45,1272.15,1279.21,7904
2023-03-26,1279.21,1279.84,1256.1,1267.34,8183
2023-03-27,1249.23,1271.4,1249.23,1266.72,10015
2023-03-28,1274.21,1296.08,1262.97,1284.83,8734
2023-03-29,1295.45,1297.89,1271.09,1292.95,5995
2023-03-30,1296.82,1302.32,1283.71,1285.64,4532
2023-04-02,1285.64,1308.57,1267.34,1267.34,5387
2023-04-03,1267.97,1267.97,1255.48,1258.6,5572
2023-04-04,1258.6,1277.34,1255.48,1256.72,5439
2023-04-05,1256.72,1271.09,1251.91,1266.72,2729
2023-04-06,1271.09,1275.9,1258.6,1261.72,5181
2023-04-09,1256.1,1256.1,1247.36,1253.6,8766
2023-04-10,1258.6,1264.84,1247.98,1252.98,5364
2023-04-11,1255.48,1267.34,1255.48,1262.35,4842
2023-04-12,1271.09,1306.07,1271.09,1303.01,9820
2023-04-13,1329.05,1329.05,1289.83,1305.38,9352
2023-04-16,1305.38,1305.38,1286.08,1289.83,3655
2023-04-17,1286.71,1289.83,1274.21,1275.46,2262
2023-04-18,1293.58,1293.58,1241.73,1258.6,8984
2023-04-19,1263.03,1274.21,1263.03,1271.09,2318
2023-04-20,1280.46,1280.46,1255.48,1261.72,2882
2023-04-23,1277.34,1277.34,1253.6,1256.1,2819
2023-04-24,1254.04,1264.84,1251.79,1253.35,2722
2023-04-25,1254.85,1277.34,1254.23,1272.34,6261
2023-04-26,1262.97,1282.96,1249.29,1252.35,5374
2023-04-27,1249.85,1264.91,1249.85,1258.6,2510
2023-04-30,1252.35,1261.72,1249.23,1252.35,5892
2023-05-02,1269.84,1269.84,1250.48,1252.41,5278
2023-05-03,1249.35,1263.6,1249.35,1263.6,3509
2023-05-04,1252.35,1271.09,1252.35,1266.72,4392
2023-05-07,1264.34,1266.72,1255.48,1255.48,4557
2023-05-08,1249.29,1257.97,1249.29,1252.35,3797
2023-05-09,1252.35,1260.47,1250.48,1259.22,6229
2023-05-10,1272.96,1272.96,1253.6,1256.72,3689
2023-05-11,1256.72,1263.6,1255.79,1256.1,2734
2023-05-14,1281.21,1327.31,1273.59,1305.44,25738
2023-05-15,1305.44,1311.69,1280.58,1299.2,11714
2023-05-16,1309.82,1309.82,1280.46,1300.45,6077
2023-05-17,1308.57,1309.19,1302.95,1308.57,10089
2023-05-18,1307.32,1333.36,1302.95,1331.68,16322
2023-05-21,1336.68,1355.41,1333.55,1341.05,17220
2023-05-22,1352.29,1355.41,1327.31,1340.42,13610
2023-05-23,1351.04,1382.27,1324.18,1381.65,20358
2023-05-24,1381.65,1398.51,1362.28,1389.14,13979
2023-05-28,1392.89,1402.26,1374.15,1374.15,34097
2023-05-30,1374.15,1374.15,1346.86,1350.42,25188
2023-05-31,1342.92,1348.54,1311.69,1318.56,18547
2023-06-01,1324.18,1349.17,1308.57,1335.43,13628
2023-06-04,1362.1,1373.53,1343.61,1349.79,13068
2023-06-05,1352.91,1367.84,1350.42,1350.48,10734
2023-06-06,1340.49,1364.16,1340.49,1364.16,5439
2023-06-07,1373.53,1405.38,1371.03,1392.89,30904
2023-06-08,1420.75,1429.74,1379.9,1417.56,28649
2023-06-11,1445.36,1536.55,1432.87,1535.3,48068
2023-06-12,1542.8,1559.66,1509.13,1524.75,29174
2023-06-13,1494.7,1547.48,1494.7,1530.31,22312
2023-06-14,1512.19,1555.29,1512.19,1533.43,34944
2023-06-15,1522.81,1542.8,1519.06,1527.18,21269
2023-06-18,1533.43,1567.78,1530.93,1564.66,46589
2023-06-19,1580.27,1675.22,1559.04,1622.75,47259
2023-06-20,1636.49,1673.97,1620.87,1630.24,43178
2023-06-21,1625.31,1645.23,1605.88,1607.82,39299
2023-06-22,1639.93,1666.47,1594.2,1602.14,48319
2023-06-25,1633.37,1667.72,1605.26,1655.85,56663
2023-06-26,1686.46,1688.96,1645.86,1667.1,47009
2023-06-27,1667.72,1670.84,1652.73,1654.54,34747
2023-06-28,1654.54,1670.22,1621.5,1627.12,49309
2023-07-02,1659.6,1686.46,1629.62,1632.12,48859
2023-07-03,1645.86,1645.86,1624.0,1632.12,77711
2023-07-04,1664.6,1733.31,1646.64,1670.06,56836
2023-07-05,1703.4,1703.4,1631.81,1635.71,25120
2023-07-06,1631.81,1631.81,1584.96,1613.07,23386
2023-07-09,1627.9,1645.86,1624.0,1641.96,17981
2023-07-10,1647.42,1677.09,1647.42,1664.6,21480
2023-07-11,1664.6,1678.65,1647.42,1655.62,11099
2023-07-12,1659.13,1663.04,1639.61,1649.76,16470
2023-07-13,1676.31,1676.31,1627.9,1634.15,15377
2023-07-16,1636.65,1651.32,1630.24,1631.02,10436
2023-07-17,1627.9,1656.71,1624.0,1653.67,11591
2023-07-18,1678.65,1678.65,1659.13,1664.6,13395
2023-07-19,1677.87,1677.87,1655.23,1663.04,7121
2023-07-20,1663.04,1663.04,1651.32,1653.74,13474
2023-07-23,1657.57,1698.09,1655.23,1698.09,27993
2023-07-24,1706.06,1706.06,1678.65,1690.36,15250
2023-07-25,1678.65,1685.68,1667.25,1667.72,7232
2023-07-26,1678.57,1678.57,1655.23,1656.79,8851
2023-07-27,1666.94,1666.94,1630.24,1632.59,15248
2023-07-30,1634.93,1640.39,1615.02,1616.97,13633
2023-07-31,1617.75,1639.61,1616.19,1620.09,12620
2023-08-01,1623.29,1629.46,1596.67,1601.36,12516
2023-08-02,1594.33,1608.38,1588.94,1601.36,6790
2023-08-03,1614.63,1617.75,1601.36,1602.92,8602
2023-08-06,1605.26,1623.14,1568.56,1586.52,13266
2023-08-07,1588.86,1608.38,1584.96,1588.86,6356
2023-08-08,1604.56,1607.76,1570.12,1577.15,8018
2023-08-09,1581.06,1588.86,1561.54,1588.08,12111
2023-08-10,1588.86,1611.43,1588.86,1604.48,8448
2023-08-13,1608.38,1627.9,1608.38,1619.31,9423
2023-08-14,1627.12,1638.83,1621.66,1621.66,5485
2023-08-15,1624.0,1624.0,1595.89,1595.89,6862
2023-08-16,1592.77,1600.57,1569.34,1600.57,5894
2023-08-17,1604.48,1624.0,1600.57,1603.7,3126
2023-08-20,1604.48,1612.21,1569.34,1594.33,8870
2023-08-21,1585.74,1604.48,1571.69,1580.27,10429
2023-08-22,1588.86,1592.77,1576.37,1584.96,4310
2023-08-23,1608.38,1608.38,1588.86,1604.48,3891
2023-08-24,1608.38,1615.41,1596.67,1600.57,4226
2023-08-27,1588.08,1596.67,1584.96,1595.89,4031
2023-08-28,1600.57,1600.57,1590.42,1600.57,4503
2023-08-29,1600.57,1600.57,1588.94,1596.67,4186
2023-08-30,1597.45,1600.57,1585.9,1600.57,3919
2023-09-03,1599.79,1599.79,1581.84,1584.88,6779
2023-09-04,1591.99,1592.77,1581.84,1582.62,4172
2023-09-05,1582.62,1591.99,1577.15,1581.06,2831
2023-09-07,1576.37,1577.15,1563.1,1563.88,5592
2023-09-10,1577.15,1577.15,1563.1,1569.27,4606
2023-09-11,1570.91,1589.64,1562.32,1588.86,4165
2023-09-12,1588.86,1595.11,1570.2,1570.2,4471
2023-09-13,1570.91,1588.86,1569.34,1584.18,4625
2023-09-17,1581.06,1611.04,1569.42,1569.42,6971
2023-09-18,1569.34,1569.34,1557.87,1561.54,8321
2023-09-19,1589.64,1589.64,1559.97,1577.15,5300
2023-09-21,1608.38,1638.83,1584.96,1598.23,6543
2023-09-24,1569.34,1600.57,1569.34,1569.34,8093
2023-09-25,1561.54,1574.81,1558.41,1563.88,6986
2023-09-26,1563.88,1569.34,1542.02,1569.34,25992
2023-09-27,1569.34,1574.65,1558.41,1559.97,28136
2023-10-01,1559.27,1561.54,1545.92,1549.04,9053
2023-10-02,1545.92,1551.39,1542.1,1544.36,7732
2023-10-03,1542.02,1548.26,1528.74,1530.31,11014
2023-10-04,1552.17,1552.17,1530.31,1533.74,4550
2023-10-05,1534.21,1542.02,1522.5,1525.7,11514
2023-10-08,1525.62,1526.4,1483.46,1484.08,21299
2023-10-09,1483.46,1502.98,1467.84,1479.56,11720
2023-10-10,1495.95,1495.95,1467.3,1471.75,12176
2023-10-11,1475.65,1483.46,1472.06,1475.73,4674
2023-10-12,1479.56,1479.56,1461.6,1461.6,10882
2023-10-16,1475.65,1475.65,1444.42,1446.22,11380
2023-10-17,1459.26,1502.98,1455.35,1456.13,5290
2023-10-18,1456.13,1495.17,1456.13,1487.36,6103
2023-10-19,1495.17,1502.2,1483.46,1499.07,4030
2023-10-29,1502.98,1502.98,1474.09,1478.77,5759
2023-10-30,1477.99,1478.77,1460.04,1476.51,5420
2023-10-31,1462.38,1475.65,1460.04,1467.06,3714
2023-11-01,1471.75,1474.87,1468.62,1471.83,3255
2023-11-02,1471.75,1477.21,1467.84,1470.89,5431
2023-11-05,1460.04,1470.19,1452.23,1455.43,6336
2023-11-06,1477.99,1477.99,1463.94,1474.01,3835
2023-11-07,1491.27,1498.84,1473.31,1489.71,4576
2023-11-08,1485.8,1492.83,1485.02,1488.92,2862
2023-11-09,1488.92,1497.51,1485.02,1491.97,4367
2023-11-20,1495.17,1521.8,1485.88,1487.36,4563
2023-11-21,1506.8,1506.8,1478.31,1485.02,4444
2023-11-22,1485.02,1506.88,1478.38,1499.07,11890
2023-11-23,1499.07,1519.22,1491.27,1509.22,3599
2023-11-26,1514.69,1543.58,1510.79,1541.24,11361
2023-11-27,1553.73,1564.66,1545.92,1552.95,7889
2023-11-28,1561.54,1561.54,1542.41,1545.92,4574
2023-11-29,1545.92,1560.76,1534.99,1545.76,4308
2023-11-30,1545.14,1545.14,1524.06,1534.21,5563
2023-12-03,1534.21,1534.21,1521.87,1529.52,6024
2023-12-04,1534.21,1534.21,1527.18,1527.96,7945
2023-12-05,1522.5,1527.96,1467.84,1525.62,9819
2023-12-06,1530.31,1530.31,1520.16,1522.5,3147
2023-12-07,1522.58,1529.52,1518.59,1529.52,6891
2023-12-10,1560.05,1604.48,1560.05,1604.48,2140
2023-12-11,1631.02,1639.61,1569.42,1569.42,20640
2023-12-12,1600.81,1600.81,1568.8,1581.06,12468
2023-12-13,1612.29,1639.61,1581.06,1581.84,12897
2023-12-14,1581.84,1599.01,1569.34,1584.96,8554
2023-12-17,1581.06,1604.48,1561.61,1594.33,8576
2023-12-18,1609.16,1648.98,1604.48,1639.61,25938
2023-12-19,1639.61,1694.27,1639.61,1678.65,39707
2023-12-20,1690.36,1819.19,1690.36,1795.77,55864
2023-12-21,1823.72,1831.68,1748.92,1770.78,45507
2023-12-24,1764.54,1795.77,1725.5,1726.28,45177
2023-12-27,1756.73,1760.63,1686.46,1700.51,39610
2023-12-28,1717.69,1725.5,1686.46,1709.88,17084
2024-01-01,1709.88,1741.11,1709.88,1712.22,21329
2024-01-02,1709.88,1717.69,1670.84,1690.36,27285
2024-01-03,1694.27,1713.79,1682.56,1693.49,11188
2024-01-04,1716.13,1730.96,1691.14,1705.98,25233
2024-01-07,1705.98,1709.02,1679.43,1683.34,16892
2024-01-08,1701.29,1702.86,1683.49,1698.17,15484
2024-01-09,1705.98,1748.06,1705.98,1716.13,27426
2024-01-10,1741.89,1745.02,1711.44,1717.69,15701
2024-01-11,1712.22,1740.33,1707.93,1717.69,13442
2024-01-14,1723.16,1733.31,1709.88,1729.4,10370
2024-01-16,1733.31,1748.92,1717.69,1742.67,22170
2024-01-17,1768.44,1776.25,1717.69,1729.4,23675
2024-01-18,1763.99,1763.99,1706.84,1713.79,18421
2024-01-21,1717.69,1717.69,1693.49,1694.34,17545
2024-01-22,1715.19,1715.19,1653.74,1659.13,19617
2024-01-23,1670.84,1674.75,1631.81,1634.15,18687
2024-01-24,1631.81,1663.82,1622.44,1622.51,12926
2024-01-25,1637.27,1648.98,1620.09,1624.0,12259
2024-01-28,1656.48,1656.48,1624.0,1631.81,10785
2024-01-29,1631.81,1647.42,1624.0,1639.61,8121
2024-01-30,1655.23,1663.82,1640.39,1655.23,12952
2024-01-31,1662.26,1662.65,1638.05,1640.39,9852
2024-02-01,1631.81,1650.54,1627.9,1629.46,8512
2024-02-04,1626.03,1638.52,1624.0,1631.81,8353
2024-02-05,1639.61,1642.74,1627.9,1637.27,8812
2024-02-06,1651.32,1655.23,1635.87,1639.69,7557
2024-02-07,1663.04,1663.04,1639.61,1647.42,7280
2024-02-08,1647.42,1651.32,1639.61,1647.42,5445
2024-02-11,1663.04,1673.97,1655.23,1655.31,8490
2024-02-12,1657.57,1686.46,1655.23,1678.65,10645
2024-02-13,1678.65,1678.73,1647.42,1659.13,12735
2024-02-14,1652.11,1669.28,1647.42,1649.76,7505
2024-02-15,1649.76,1659.13,1642.74,1647.34,9515
2024-02-18,1647.42,1647.5,1631.81,1632.59,14851
2024-02-20,1639.61,1639.61,1633.37,1634.93,14491
2024-02-21,1631.81,1639.61,1631.81,1634.93,6356
2024-02-22,1634.93,1639.61,1616.19,1616.19,27687
2024-02-25,1627.9,1631.73,1601.36,1601.36,14129
2024-02-26,1601.36,1613.85,1592.77,1608.38,6817
2024-02-27,1608.38,1615.41,1592.77,1604.48,6481
2024-02-28,1631.81,1705.2,1598.23,1639.61,10216
2024-02-29,1651.32,1659.13,1620.09,1620.87,7778
2024-03-03,1616.19,1620.09,1597.84,1602.14,11783
2024-03-04,1634.15,1702.86,1634.15,1702.86,245
2024-03-05,1702.86,1702.86,1631.81,1639.53,13291
2024-03-06,1639.61,1654.84,1624.0,1646.64,8136
2024-03-07,1651.32,1659.13,1640.39,1640.39,5202
2024-03-10,1655.23,1670.84,1646.17,1660.69,10075
2024-03-12,1693.88,1693.88,1666.16,1688.8,14215
2024-03-13,1688.8,1702.07,1663.82,1696.22,10458
2024-03-14,1699.73,1699.73,1670.84,1680.21,8838
2024-03-17,1680.21,1686.46,1664.6,1666.55,8001
2024-03-18,1656.17,1678.65,1656.01,1659.13,5653
2024-03-19,1655.23,1678.65,1655.23,1656.79,4123
2024-03-20,1663.04,1668.5,1647.42,1653.67,6091
2024-03-21,1655.23,1662.26,1648.98,1650.54,7987
2024-03-25,1670.77,1670.77,1641.96,1642.74,6007
2024-03-26,1643.52,1651.32,1639.69,1651.32,9551
2024-03-27,1674.75,1674.75,1643.52,1643.52,5766
2024-03-28,1643.52,1674.75,1643.52,1662.26,11608
2024-03-31,1663.04,1666.94,1641.96,1643.91,9277
2024-04-01,1663.04,1663.04,1631.96,1638.83,11466
2024-04-02,1639.61,1647.42,1635.79,1638.36,4524
2024-04-03,1639.61,1653.67,1636.49,1638.83,8576
2024-04-04,1638.83,1651.32,1632.66,1640.47,6720
2024-04-07,1640.63,1648.2,1640.55,1645.86,5940
2024-04-09,1649.76,1660.69,1649.76,1651.32,7558
2024-04-10,1652.11,1656.01,1643.52,1643.52,7471
2024-04-14,1651.32,1659.13,1645.08,1645.86,5692
2024-04-15,1647.42,1651.32,1639.77,1648.12,5976
2024-04-16,1647.42,1647.42,1639.61,1640.39,7554
2024-04-18,1631.88,1637.27,1631.81,1631.81,6590
2024-04-21,1631.81,1638.83,1624.0,1638.05,4622
2024-04-22,1624.0,1649.76,1624.0,1640.39,4081
2024-04-24,1647.42,1647.42,1633.52,1633.52,4853
2024-04-25,1634.15,1639.61,1624.0,1635.71,7362
2024-04-28,1639.61,1647.42,1624.78,1641.96,7701
2024-04-29,1664.6,1666.86,1639.61,1643.52,6127
2024-04-30,1655.23,1655.23,1634.15,1645.86,5771
2024-05-02,1655.23,1662.26,1639.93,1643.52,9146
2024-05-05,1610.72,1639.61,1610.72,1628.68,9790
2024-05-06,1625.56,1636.49,1621.73,1625.56,8920
2024-05-07,1625.56,1629.46,1616.19,1619.31,9477
2024-05-08,1624.0,1636.1,1613.07,1616.19,5210
2024-05-09,1609.16,1627.9,1608.38,1618.45,5240
2024-05-12,1624.78,1639.53,1616.97,1619.31,6528
2024-05-13,1624.0,1647.42,1623.61,1638.05,7108
2024-05-14,1638.83,1658.35,1638.83,1648.98,12370
2024-05-15,1648.98,1666.94,1647.5,1647.5,10386
2024-05-16,1657.57,1657.57,1631.02,1647.42,9057
2024-05-19,1677.87,1677.87,1643.52,1657.57,11507
2024-05-20,1641.56,1694.27,1641.56,1691.14,23237
2024-05-21,1694.27,1709.1,1678.65,1686.46,10292
2024-05-22,1686.62,1704.42,1686.46,1692.86,12175
2024-05-26,1695.83,1696.61,1663.04,1674.75,10659
2024-05-27,1670.84,1686.46,1659.13,1686.46,7897
2024-05-29,1698.17,1698.17,1667.72,1667.8,11791
2024-05-30,1664.13,1677.09,1647.42,1655.23,11644
2024-06-02,1670.84,1670.84,1642.74,1646.64,10022
2024-06-03,1655.23,1666.94,1647.42,1647.58,7449
2024-06-04,1680.53,1680.53,1647.42,1653.67,8194
2024-06-05,1649.84,1659.91,1639.61,1647.42,9509
2024-06-06,1663.04,1669.28,1645.86,1651.32,9243
2024-06-09,1651.32,1666.94,1651.32,1661.63,10430
2024-06-10,1663.04,1671.62,1657.57,1669.13,13845
2024-06-11,1674.75,1686.46,1670.84,1682.56,22461
2024-06-12,1682.56,1693.88,1678.81,1685.68,7709
2024-06-13,1685.68,1685.68,1675.92,1679.43,9493
2024-06-16,1709.88,1709.88,1645.08,1659.13,33666
2024-06-18,1659.13,1662.26,1641.96,1652.11,11455
2024-06-19,1655.23,1655.23,1648.2,1654.45,7697
2024-06-20,1655.23,1659.13,1648.36,1649.14,10292
2024-06-23,1647.42,1648.98,1634.93,1637.27,13796
2024-06-24,1663.04,1663.04,1627.9,1635.71,24903
2024-06-25,1655.23,1655.23,1634.15,1639.53,8887
2024-06-26,1633.52,1639.61,1632.59,1636.49,9229
2024-06-27,1639.46,1639.61,1627.9,1627.9,10472
2024-06-30,1624.86,1639.61,1616.19,1623.22,10939
2024-07-01,1621.66,1623.14,1606.82,1606.9,15859
2024-07-02,1638.99,1717.69,1624.0,1651.4,15959
2024-07-03,1655.23,1670.06,1648.98,1667.72,36308
2024-07-04,1700.04,1717.85,1679.57,1708.95,36049
2024-07-07,1735.65,1735.65,1705.03,1706.28,15773
2024-07-08,1695.59,1704.49,1686.69,1689.36,12384
2024-07-09,1690.25,1699.15,1686.69,1692.92,9065
2024-07-10,1704.49,1704.49,1690.25,1695.59,15474
2024-07-11,1707.17,1707.17,1691.14,1700.04,19387
2024-07-14,1734.05,1803.29,1709.84,1709.84,31449
2024-07-15,1742.77,1777.48,1727.64,1731.2,17992
2024-07-16,1735.65,1764.13,1728.53,1757.01,14444
2024-07-17,1780.15,1780.15,1759.68,1778.37,21307
2024-07-18,1788.16,1815.75,1784.6,1799.73,30764
2024-07-21,1815.75,1876.28,1766.8,1873.61,33828
2024-07-22,1888.74,1911.08,1851.36,1869.16,34192
2024-07-23,1869.16,1941.26,1869.16,1926.12,26453
2024-07-24,1964.57,1964.57,1882.51,1894.97,27621
2024-07-25,1895.86,1910.99,1875.48,1885.18,27729
2024-07-28,1922.83,2033.82,1901.2,1949.27,28659
2024-07-29,1958.17,1974.99,1924.34,1926.12,33440
2024-07-30,1931.46,1958.17,1904.76,1949.27,39924
2024-07-31,1967.07,2136.18,1967.07,2113.04,128312
2024-08-01,2136.18,2223.41,2097.91,2117.49,91189
2024-08-05,2117.49,2201.16,2117.49,2154.07,73318
2024-08-06,2158.52,2213.62,2067.65,2082.78,89285
2024-08-07,2049.84,2123.72,2048.06,2119.27,47187
2024-08-08,2158.43,2161.1,2096.13,2110.37,37314
2024-08-11,2068.18,2136.18,2068.18,2127.28,63183
2024-08-12,2145.08,2162.88,2127.28,2137.96,49859
2024-08-13,2179.8,2179.8,2100.58,2122.74,37176
2024-08-14,2165.11,2165.11,2105.12,2129.95,46614
2024-08-15,2172.5,2290.52,2109.48,2231.42,114052
2024-08-18,2269.69,2394.3,2247.44,2338.23,148346
2024-08-21,2318.65,2403.2,2311.53,2340.01,96714
2024-08-22,2345.35,2354.25,2301.91,2311.53,39219
2024-08-25,2314.2,2317.76,2225.19,2225.19,91250
2024-08-27,2225.19,2251.89,2145.97,2149.44,70906
2024-08-28,2180.69,2192.26,2117.94,2128.26,44974
2024-08-29,2136.18,2162.88,2109.48,2122.92,40796
2024-09-01,2122.92,2164.66,2109.48,2117.49,35276
2024-09-02,2153.98,2201.16,2096.13,2194.04,42141
2024-09-03,2198.49,2225.19,2170.89,2194.04,26946
2024-09-04,2216.38,2216.38,2127.28,2127.28,28562
2024-09-05,2129.68,2129.68,2079.66,2109.39,46281
2024-09-08,2127.28,2148.64,2078.77,2081.89,18187
2024-09-09,2078.33,2085.45,2047.17,2047.26,31535
2024-09-10,2047.17,2080.11,2033.82,2045.84,23518
2024-09-11,2047.17,2048.06,2000.89,2001.78,19339
2024-09-12,2002.67,2029.37,1980.51,2029.37,18595
2024-09-15,2056.07,2086.34,2000.89,2000.89,24102
2024-09-16,2002.67,2009.79,1965.47,1975.88,18153
2024-09-18,1975.08,1984.78,1940.36,1962.62,14696
2024-09-22,2001.87,2040.94,1956.39,1965.29,13223
2024-09-23,2004.54,2004.54,1919.89,1927.01,13502
2024-09-24,1927.01,1950.96,1873.61,1879.84,20482
2024-09-25,1878.06,1913.66,1868.71,1900.31,17074
2024-09-26,1922.56,1927.01,1883.4,1883.4,15623
2024-09-29,1845.75,1895.86,1840.68,1863.82,15184
2024-09-30,1869.16,1892.3,1827.24,1870.94,16233
2024-10-01,1903.87,1958.08,1865.87,1950.16,30640
2024-10-02,1975.97,1975.97,1919.09,1931.46,25659
2024-10-06,1931.46,1958.17,1918.11,1957.28,15162
2024-10-07,1958.17,2006.23,1958.17,1998.22,14749
2024-10-08,2002.67,2034.71,1984.87,1991.01,10338
2024-10-09,1984.87,1990.21,1958.17,1981.31,12136
2024-10-15,1983.09,2000.89,1983.09,2000.0,5516
2024-10-16,2002.67,2034.62,2001.78,2016.11,12536
2024-10-17,2042.72,2046.28,2011.57,2018.69,13307
2024-10-20,1989.32,2002.67,1958.17,1988.43,14899
2024-10-21,2002.67,2002.67,1940.36,1949.27,16965
2024-10-22,1935.91,1958.17,1935.91,1953.72,9291
2024-10-23,1949.27,1967.07,1949.27,1953.72,9446
2024-10-24,1953.72,1974.19,1939.65,1940.36,9355
2024-10-27,1957.28,1957.28,1927.19,1931.46,9518
2024-10-28,1927.01,1958.17,1922.56,1939.47,9507
2024-10-29,1939.47,1970.63,1939.47,1955.5,10505
2024-10-30,1958.17,1958.26,1940.36,1943.93,8102
2024-11-05,1982.2,1982.2,1945.79,1949.27,7454
2024-11-06,1953.72,1953.72,1935.91,1938.58,7309
2024-11-10,1949.27,1980.42,1935.91,1980.42,14728
2024-11-11,1980.42,2019.58,1975.08,1990.21,13979
2024-11-12,2002.67,2002.67,1959.06,1964.84,8453
2024-11-13,1975.97,2002.67,1958.17,1966.44,17562
2024-11-14,2001.78,2001.78,1962.62,1964.4,10926
2024-11-17,1964.4,1989.32,1964.4,1967.16,17829
2024-11-19,1996.44,1997.33,1940.54,1942.68,21714
2024-11-20,1940.36,1956.3,1933.24,1944.82,6295
2024-11-21,1944.82,1953.72,1927.01,1931.46,14115
2024-11-24,1933.24,1947.49,1915.44,1922.56,6989
2024-11-25,1927.01,1948.38,1922.56,1931.46,7527
2024-11-26,1970.09,1970.09,1927.01,1947.49,11148
2024-11-27,1975.97,1975.97,1940.36,1945.71,12502
2024-11-28,1967.07,1975.08,1944.82,1949.18,14133
2024-12-01,1988.07,1988.07,1923.45,1942.15,10979
2024-12-02,1942.23,2010.68,1936.8,1975.97,28645
2024-12-03,1975.97,1984.87,1958.17,1958.17,10752
2024-12-04,1989.32,1989.32,1953.72,1960.04,8380
2024-12-05,1958.17,1963.51,1891.41,1957.28,13699
2024-12-08,1957.28,1958.17,1913.66,1940.36,18206
2024-12-09,1922.56,1962.62,1922.56,1949.18,11337
2024-12-10,1944.64,1944.64,1933.69,1933.69,4904
2024-12-11,1939.47,1951.94,1931.46,1935.02,6891
2024-12-12,1935.02,1953.72,1922.56,1940.36,8849
2024-12-16,1922.56,1927.01,1913.66,1919.89,14017
2024-12-17,1913.66,1922.56,1900.31,1917.22,5285
2024-12-18,1917.22,1940.36,1909.21,1911.88,6988
2024-12-19,1911.88,1917.22,1882.51,1886.96,11882
2024-12-22,1849.22,1886.96,1841.57,1842.46,26994
2024-12-23,1851.36,1851.36,1824.66,1838.1,17121
2024-12-24,1864.71,1869.16,1833.56,1851.18,22686
2024-12-26,1851.36,1866.49,1831.78,1859.9,6579
2024-12-29,1858.48,1863.73,1849.67,1855.81,10841
2024-12-31,1828.3,1862.04,1826.44,1860.26,9149
2025-01-01,1860.26,1869.07,1841.57,1869.07,13628
2025-01-02,1906.36,1906.36,1860.26,1868.36,11088
2025-01-05,1873.61,1882.51,1868.27,1878.06,34369
2025-01-06,1914.29,1914.29,1885.71,1914.19,19294
2025-01-07,1923.71,1942.86,1914.29,1920.19,8319
2025-01-08,1958.57,1958.57,1902.86,1904.76,15477
2025-01-09,1923.71,1923.71,1895.24,1903.81,10462
2025-01-12,1941.81,1941.81,1900.0,1904.76,4382
2025-01-13,1900.0,1907.62,1898.19,1904.76,8760
2025-01-15,1904.76,1909.52,1891.52,1891.52,7163
2025-01-16,1895.24,1903.71,1884.76,1887.62,9266
2025-01-19,1888.57,1895.24,1861.9,1890.48,7838
2025-01-20,1903.81,1903.81,1886.67,1889.62,4906
2025-01-21,1902.86,1909.52,1880.95,1890.48,5735
2025-01-22,1890.48,1918.1,1885.71,1913.33,16198
2025-01-23,1914.29,1916.19,1898.1,1904.76,5197
2025-01-26,1905.71,1919.05,1885.71,1898.1,5980
2025-01-27,1899.05,1899.05,1880.95,1889.52,11073
2025-01-28,1903.81,1904.67,1880.95,1885.71,7834
2025-02-02,1903.81,1903.81,1885.71,1890.48,17584
2025-02-03,1904.76,1918.1,1890.48,1890.48,19981
2025-02-04,1900.0,1904.76,1885.71,1889.52,12018
2025-02-05,1900.95,1900.95,1880.95,1892.38,18474
2025-02-06,1895.24,1895.24,1876.19,1876.19,14068
2025-02-09,1876.29,1886.67,1871.43,1871.43,9917
2025-02-10,1871.43,1883.81,1871.43,1872.48,10850
2025-02-11,1872.48,1890.57,1868.57,1873.33,5457
2025-02-12,1875.24,1882.86,1866.67,1869.52,7516
2025-02-13,1874.29,1879.9,1863.81,1863.81,10871
2025-02-16,1868.1,1875.24,1852.48,1856.19,14678
2025-02-17,1880.95,1880.95,1859.05,1873.33,13186
2025-02-18,1885.71,1911.43,1884.76,1901.9,18275
2025-02-20,1939.9,1939.9,1887.62,1895.24,10769
2025-02-23,1885.71,1895.14,1852.38,1880.95,10431
2025-02-24,1890.48,1895.24,1871.43,1876.19,14211
2025-02-25,1876.29,1895.24,1876.19,1879.33,9271
2025-02-27,1895.24,1904.67,1891.43,1900.86,12619
2025-03-02,1900.95,2019.05,1900.0,2014.19,44547
2025-03-03,2054.29,2095.24,2021.9,2023.81,27517
2025-03-04,2028.48,2028.48,1981.24,1988.57,28037
2025-03-05,1990.48,1990.57,1955.33,1960.95,12646
2025-03-06,1996.0,1996.0,1957.14,1961.9,7878
2025-03-09,1966.67,1973.33,1923.81,1928.57,12862
2025-03-10,1915.43,1941.9,1904.76,1906.67,12210
2025-03-11,1913.62,1918.1,1890.48,1895.24,10924
2025-03-12,1900.0,1906.67,1895.24,1902.86,11015
2025-03-16,1902.86,1902.86,1876.19,1881.9,13309
2025-03-17,1876.19,1895.24,1876.19,1886.67,7342
2025-03-18,1924.38,1924.38,1880.95,1882.86,6778
2025-03-19,1880.95,1896.19,1878.1,1880.48,7147
2025-03-20,1885.71,1885.71,1876.19,1876.67,8395
2025-03-23,1876.19,1876.19,1857.14,1859.71,12075
2025-03-24,1859.71,1867.62,1842.86,1867.18,9593
2025-03-25,1875.24,1875.24,1847.62,1853.74,18731
2025-03-26,1885.71,1885.71,1847.62,1859.17,9527
2025-03-27,1880.0,1880.95,1857.14,1867.3,5958
2025-03-30,1867.3,1904.76,1866.67,1892.59,10007
2025-04-01,1893.33,1903.81,1876.19,1886.03,5040
2025-04-02,1899.05,1899.9,1871.43,1885.49,3501
2025-04-03,1890.48,1895.14,1874.29,1876.7,7029
2025-04-07,1876.19,1895.24,1847.62,1861.34,22248
2025-04-08,1848.1,1860.95,1846.76,1848.78,14116
2025-04-09,1885.71,1885.71,1847.62,1858.06,5325
2025-04-10,1864.76,1864.76,1843.81,1849.62,18055
2025-04-13,1843.81,1861.9,1843.81,1851.56,6837
2025-04-15,1861.9,1879.9,1853.33,1867.68,9506
2025-04-16,1878.1,1878.1,1857.14,1868.1,8319
2025-04-17,1871.43,1919.05,1857.14,1895.69,28841
2025-04-20,1908.29,1917.14,1876.19,1886.17,9867
2025-04-21,1867.62,1895.24,1867.62,1877.95,8776
2025-04-22,1877.95,1885.71,1866.67,1874.9,11234
2025-04-23,1876.19,1877.05,1852.38,1858.19,15043
2025-04-24,1854.29,1866.67,1847.62,1856.26,13123
2025-04-27,1861.9,1883.81,1847.62,1857.5,20566
2025-04-28,1857.14,1860.95,1842.86,1844.69,12800
2025-04-29,1860.76,1860.76,1828.57,1832.13,15913
2025-04-30,1833.33,1842.86,1828.57,1833.07,11714
2025-05-04,1857.14,1857.14,1827.62,1831.83,17588
2025-05-05,1842.86,1842.86,1828.57,1836.5,6644
2025-05-06,1836.19,1836.19,1827.71,1830.15,11078
2025-05-07,1820.1,1838.1,1820.1,1835.46,16423
2025-05-08,1838.1,1838.1,1827.62,1830.12,10400
2025-05-11,1860.0,1860.95,1827.62,1832.16,8354
2025-05-13,1838.29,1841.9,1828.57,1829.02,9092
2025-05-14,1828.57,1837.14,1823.9,1825.57,8004
2025-05-15,1837.14,1837.14,1822.0,1823.65,10536
2025-05-18,1820.95,1833.33,1809.62,1818.35,16787
2025-05-19,1818.1,1835.24,1814.29,1816.14,9619
2025-05-20,1815.24,1838.1,1814.38,1832.15,10236
2025-05-21,1866.67,1905.71,1833.33,1839.61,9571
2025-05-22,1838.1,1847.62,1838.1,1838.86,7971
2025-05-25,1838.86,1857.05,1826.67,1830.67,6850
2025-05-26,1866.67,1867.24,1828.57,1829.12,7458
2025-05-27,1819.14,1834.29,1819.14,1827.92,5571
2025-05-28,1827.62,1827.62,1816.19,1819.49,13345
2025-06-02,1855.81,1892.48,1819.05,1822.13,15194
2025-06-03,1824.76,1828.57,1814.29,1817.8,9717
2025-06-04,1819.05,1819.05,1809.62,1814.55,8135
2025-06-05,1811.43,1819.05,1809.52,1816.44,6870
2025-06-08,1838.0,1838.0,1814.38,1818.02,6983
2025-06-09,1819.05,1819.9,1812.38,1816.85,7087
2025-06-10,1819.05,1829.52,1814.29,1816.4,9130
2025-06-11,1836.19,1852.38,1811.62,1813.26,10807
2025-06-12,1815.24,1823.81,1811.43,1813.83,11190
2025-06-15,1816.19,1822.86,1800.0,1801.86,19938
2025-06-16,1804.76,1812.38,1795.24,1801.27,12562
2025-06-17,1809.52,1819.05,1796.19,1803.3,6814
2025-06-18,1796.19,1807.62,1796.19,1800.2,10782
2025-06-19,1801.05,1802.86,1795.24,1796.08,15611
2025-06-22,1787.71,1804.76,1787.71,1795.63,11025
2025-06-23,1809.52,1809.52,1790.48,1795.34,6234
2025-06-24,1805.71,1805.71,1787.62,1789.03,10739
2025-06-25,1792.38,1794.29,1781.9,1789.59,5216
2025-06-26,1790.48,1800.0,1786.67,1787.99,6523
2025-06-29,1787.99,1807.62,1780.0,1802.78,9924
2025-06-30,1801.9,1809.52,1792.38,1799.83,3586
2025-07-01,1809.52,1809.52,1799.24,1804.09,10157
2025-07-02,1840.1,1847.62,1803.81,1832.19,15936
2025-07-03,1819.05,1855.24,1809.52,1831.6,10966
2025-07-06,1831.43,1863.81,1829.52,1844.11,21047
2025-07-07,1833.33,1841.81,1820.95,1825.47,9171
2025-07-08,1823.81,1836.1,1810.48,1821.47,7698
2025-07-09,1820.95,1856.19,1820.95,1834.24,9904
2025-07-10,1834.29,1844.76,1830.38,1834.08,9634
2025-07-13,1866.67,1870.48,1835.24,1841.16,20869
2025-07-14,1841.9,1852.67,1823.81,1830.01,10793
2025-07-15,1838.1,1867.62,1828.57,1851.55,9678
2025-07-16,1851.43,1895.24,1842.86,1881.64,16029
2025-07-17,1881.64,1919.05,1881.64,1905.59,29942
2025-07-20,1923.71,1928.57,1900.0,1905.32,29646
2025-07-21,1922.86,1922.86,1885.71,1897.81,24967
2025-07-22,1897.81,1935.24,1897.81,1929.65,45820
2025-07-23,1942.86,1981.9,1933.33,1952.9,36364
2025-07-24,1980.0,1980.0,1941.9,1951.26,28057
2025-07-27,1990.19,2028.57,1958.1,1969.95,54435
2025-07-28,1969.52,1971.43,1923.81,1944.32,36874
2025-07-29,1947.71,2010.48,1947.71,2000.16,95384
2025-07-30,2040.1,2064.76,1961.9,1979.9,52945
2025-07-31,1980.0,1990.48,1942.95,1948.88,30253
2025-08-03,1948.57,1948.57,1904.76,1906.91,39035
2025-08-04,1923.71,1928.57,1885.71,1903.47,26213
2025-08-05,1923.81,1923.81,1876.19,1878.61,19431
2025-08-06,1914.29,1914.29,1866.67,1867.41,17572
2025-08-07,1876.19,1880.95,1866.67,1876.94,13914
2025-08-11,1879.05,1894.29,1858.86,1864.5,18858
2025-08-12,1876.19,1880.95,1847.62,1848.12,11721
2025-08-13,1850.48,1861.9,1842.95,1851.61,11203
2025-08-14,1852.38,1856.19,1843.9,1852.9,9738
2025-08-17,1861.9,1862.86,1839.14,1841.88,11591
2025-08-18,1839.14,1846.67,1833.33,1842.75,5321
2025-08-19,1842.86,1856.19,1838.1,1851.24,6602
2025-08-20,1845.9,1857.14,1838.1,1842.83,5132
2025-08-21,1842.86,1856.95,1840.0,1840.94,5105
2025-08-24,1866.67,1866.67,1833.52,1834.46,6312
2025-08-25,1837.14,1840.29,1819.05,1833.81,8901
2025-08-26,1836.19,1842.76,1832.38,1834.01,7557
2025-08-27,1833.33,1852.38,1833.33,1848.39,9539
2025-08-28,1840.0,1847.62,1833.33,1833.91,10344
2025-08-31,1828.76,1850.48,1823.81,1827.87,14660
2025-09-01,1864.38,1864.38,1819.14,1829.82,6352
2025-09-02,1822.86,1833.24,1821.14,1823.77,10861
2025-09-03,1823.77,1828.57,1820.95,1821.44,4190
2025-09-04,1821.05,1823.81,1811.9,1815.18,9056
2025-09-07,1815.18,1818.1,1810.0,1811.5,8887
2025-09-08,1815.24,1815.24,1800.0,1805.58,12339
2025-09-18,1769.52,1769.52,1680.95,1681.9,4074
2025-09-21,1648.38,1806.67,1648.38,1803.45,19685
2025-09-23,1810.48,1832.38,1810.48,1825.71,8577
2025-09-24,1819.52,1827.62,1802.86,1806.67,7714
2025-09-25,1805.71,1818.95,1799.05,1814.29,8381
2025-09-28,1814.29,1832.38,1800.0,1806.0,5826
2025-10-07,1806.0,1836.19,1797.14,1797.24,6238
2025-10-08,1797.24,1797.24,1770.48,1776.19,11832
2025-10-09,1811.71,1879.05,1781.9,1809.52,10982
2025-10-12,1785.71,1790.48,1761.9,1771.43,12373
2025-10-13,1806.67,1806.67,1759.9,1761.9,11530
2025-10-14,1761.9,1776.19,1760.0,1761.9,8918
2025-10-15,1761.9,1769.05,1738.1,1740.95,6889
2025-10-16,1764.76,1769.52,1733.33,1740.95,11281
2025-10-19,1740.95,1786.38,1740.95,1775.24,6185
2025-10-26,1743.81,1760.0,1718.1,1757.14,4432
2025-10-28,1731.43,1787.62,1731.43,1771.62,7217
2025-10-29,1803.81,1803.81,1757.14,1761.9,8659
2025-10-30,1761.9,1768.57,1752.38,1761.43,7668
2025-11-02,1762.0,1780.95,1762.0,1776.19,8229
2025-11-03,1771.43,1808.57,1752.38,1761.9,10615
2025-11-04,1761.9,1763.81,1739.14,1750.48,11038
2025-11-05,1750.48,1758.1,1747.62,1757.14,4239
2025-11-06,1732.29,1765.71,1732.29,1761.81,4372
2025-11-09,1752.38,1761.9,1747.62,1752.38,3729
2025-11-10,1752.38,1752.38,1742.86,1745.71,3111
2025-11-11,1749.71,1750.48,1741.05,1741.9,6868
2025-11-12,1741.9,1752.38,1733.33,1735.24,5935
2025-11-13,1735.24,1742.86,1732.38,1733.33,8188
2025-11-16,1747.62,1747.62,1728.57,1733.24,7238
2025-11-17,1724.76,1733.33,1723.81,1730.48,6438
2025-11-18,1730.48,1742.86,1730.48,1735.52,4820
2025-11-19,1733.33,1747.62,1733.33,1736.19,6308
2025-11-20,1735.24,1738.1,1723.81,1738.1,9631
2025-11-23,1752.38,1765.71,1748.57,1765.71,10354
2025-11-24,1773.33,1785.71,1766.67,1780.67,7902
2025-11-25,1771.43,1785.71,1762.19,1776.19,5883
2025-11-26,1784.76,1790.48,1771.43,1790.48,12319
2025-11-27,1771.43,1794.29,1771.43,1794.19,22421
2025-11-30,1794.29,1809.43,1757.14,1784.76,14339
2025-12-01,1761.9,1782.86,1761.9,1776.19,5627
2025-12-02,1776.19,1778.1,1768.57,1773.33,3556
2025-12-03,1766.67,1790.48,1752.38,1771.43,6938
2025-12-07,1785.71,1790.48,1756.19,1771.52,12297
2025-12-08,1777.14,1785.71,1769.52,1771.43,4047
2025-12-09,1766.67,1775.24,1757.14,1771.33,2661
2025-12-10,1768.57,1780.95,1752.57,1761.9,2963
2025-12-11,1761.81,1774.29,1752.38,1757.14,4795
2025-12-14,1788.57,1788.57,1747.62,1750.48,4239
2025-12-15,1768.57,1768.57,1747.62,1754.29,2582
2025-12-16,1759.05,1766.67,1754.29,1761.9,4072
2025-12-17,1761.9,1766.67,1749.52,1761.9,6389
2025-12-18,1747.71,1761.9,1747.62,1759.9,5035
2025-12-21,1766.67,1766.67,1748.67,1749.52,8279
2025-12-22,1752.38,1752.38,1715.33,1738.1,11585
2025-12-23,1742.86,1742.86,1695.24,1720.95,12749
2025-12-24,1727.62,1728.57,1720.95,1723.33,8411
2025-12-28,1743.81,1743.81,1711.43,1739.14,11465
2025-12-29,1749.52,1753.33,1740.0,1749.52,5627
2025-12-31,1750.48,1769.52,1750.48,1756.19,3462
2026-01-01,1757.14,1760.86,1747.62,1747.62,5246
2026-01-04,1760.95,1761.43,1744.76,1753.14,14110
2026-01-05,1781.0,1809.0,1770.5,1770.5,14342
2026-01-06,1770.5,1780.0,1769.0,1770.0,6494
2026-01-07,1770.0,1785.0,1770.0,1780.0,12273
2026-01-08,1780.0,1785.0,1770.0,1779.0,3923
2026-01-12,1775.0,1780.0,1770.0,1774.0,5719
2026-01-13,1766.0,1790.0,1752.0,1775.0,8562
2026-01-14,1790.0,1790.0,1770.0,1774.0,3522
2026-01-18,1780.0,1785.0,1765.2,1766.1,11569
2026-01-20,1800.0,1800.0,1769.3,1775.0,10948
2026-01-21,1770.0,1800.0,1770.0,1776.9,5599
2026-01-22,1777.0,1785.0,1770.0,1775.0,6255
2026-01-25,1799.9,1800.0,1775.0,1796.9,14842
2026-01-26,1800.0,1818.1,1780.0,1789.0,16632
2026-01-27,1790.0,1798.0,1775.0,1782.0,13637
2026-01-28,1797.9,1797.9,1770.0,1783.0,10328
2026-01-29,1783.0,1783.0,1771.0,1773.0,8369
2026-02-01,1773.0,1780.0,1752.0,1764.1,5944
2026-02-02,1759.0,1780.0,1759.0,1765.0,5866
2026-02-03,1775.0,1785.0,1756.0,1758.0,5468
2026-02-04,1740.0,1768.0,1740.0,1759.0,8537
2026-02-05,1760.0,1762.0,1750.0,1758.0,6960
2026-02-08,1783.0,1783.0,1755.0,1760.0,10344
2026-02-09,1757.0,1760.0,1745.1,1745.1,7907
2026-02-10,1746.0,1750.0,1739.0,1739.7,9987
2026-02-11,1750.0,1755.0,1745.0,1752.0,13510
2026-02-12,1755.0,1760.0,1755.0,1756.0,11388
2026-02-16,1760.0,1760.0,1740.0,1741.0,6167
2026-02-17,1750.0,1750.0,1735.1,1735.5,14124
2026-02-22,1740.0,1755.0,1735.1,1741.0,13081
2026-02-23,1747.9,1750.0,1740.0,1741.5,4859
2026-02-24,1742.0,1755.0,1737.0,1750.1,8589
2026-02-25,1750.0,1755.0,1748.0,1755.0,5638
2026-02-26,1765.0,1771.5,1758.0,1769.0,6296
2026-03-01,1760.0,1798.0,1745.0,1789.5,10523
2026-03-03,1789.6,1805.0,1778.0,1803.0,8293
2026-03-09,1839.0,1875.7,1839.0,1875.7,50
2026-03-10,1913.0,1913.0,1800.0,1868.0,31528
2026-03-11,1869.0,1888.0,1817.0,1833.0,12067
2026-03-12,1816.0,1860.0,1801.0,1844.0,6032
2026-03-15,1850.0,1855.0,1840.0,1843.9,5249
2026-03-16,1858.0,1858.0,1820.0,1821.0,8471
2026-03-17,1830.0,1830.0,1815.0,1825.0,5260
2026-03-19,1850.0,1850.0,1822.0,1840.0,15716
2026-03-22,1826.0,1864.0,1826.0,1856.1,22089
2026-03-23,1860.0,1873.0,1846.0,1873.0,16261
2026-03-24,1875.1,1900.0,1860.0,1888.0,21020
2026-03-25,1895.0,1900.0,1862.0,1870.0,11117
2026-03-26,1850.0,1880.0,1850.0,1880.0,10619
2026-03-29,1880.0,1880.0,1847.5,1847.5,13265
2026-03-30,1847.0,1848.0,1827.0,1829.0,12689
2026-03-31,1820.0,1826.0,1800.0,1824.0,11446
2026-04-01,1824.0,1824.0,1780.0,1800.0,17849
2026-04-02,1780.0,1807.0,1750.0,1796.0,12383
2026-04-05,1790.0,1790.0,1746.0,1758.0,19941
2026-04-06,1758.0,1794.0,1758.0,1789.8,9604
2026-04-07,1795.0,1812.0,1773.0,1779.9,5407
2026-04-08,1815.4,1815.4,1780.2,1795.0,6869
2026-04-09,1791.0,1800.0,1775.0,1800.0,12048
2026-04-10,1790.0,1803.9,1783.0,1793.0,5200
2026-04-13,1785.0,1802.0,1785.0,1796.0,7086
2026-04-15,1796.0,1809.0,1791.0,1799.0,7193
2026-04-16,1805.0,1819.9,1786.5,1788.1,4564
2026-04-17,1790.0,1791.0,1781.1,1787.0,3036
2026-04-20,1800.0,1800.0,1775.0,1785.0,4814
2026-04-21,1799.0,1799.0,1782.0,1785.1,4642
2026-04-22,1785.0,1793.0,1767.1,1790.0,4962
2026-04-23,1770.0,1788.0,1770.0,1780.0,2402
2026-04-24,1780.0,1785.0,1765.1,1772.4,7476
2026-04-27,1765.0,1780.0,1765.0,1770.0,6121
2026-04-28,1770.0,1774.0,1760.0,1767.1,4559
2026-04-29,1765.0,1769.9,1763.0,1768.0,6037
2026-04-30,1774.0,1774.0,1746.0,1766.0,5856
2026-05-04,1774.0,1774.0,1746.0,1751.0,4117
2026-05-05,1750.0,1770.0,1745.0,1752.4,3122
2026-05-06,1740.0,1770.0,1740.0,1765.0,2299
2026-05-07,1770.0,1770.0,1750.0,1760.0,3489
2026-05-08,1761.0,1775.0,1750.0,1770.0,3920
2026-05-11,1780.0,1780.0,1770.0,1774.2,5895
2026-05-12,1785.0,1785.0,1770.0,1770.2,5185
2026-05-13,1765.0,1775.0,1760.0,1766.0,4188
2026-05-14,1760.1,1770.0,1760.0,1767.0,2555
2026-05-15,1762.2,1776.0,1760.0,1763.0,2746
2026-05-18,1763.0,1768.5,1755.0,1768.5,6027
2026-05-19,1769.0,1778.0,1756.0,1762.0,4632
2026-05-20,1769.0,1774.0,1760.5,1770.0,6522
2026-05-21,1770.0,1774.0,1755.0,1766.5,2105
2026-05-22,1760.0,1774.9,1760.0,1767.0,3571
2026-05-25,1767.0,1789.9,1765.0,1772.0,4996
2026-05-26,1770.0,1776.0,1760.2,1765.1,10803
2026-05-27,1777.0,1779.5,1765.0,1779.0,6163
2026-06-01,1804.2,1804.2,1772.0,1778.7,4718
2026-06-02,1760.0,1784.0,1760.0,1770.0,5463
2026-06-03,1785.0,1785.0,1765.0,1769.0,4610
2026-06-04,1761.0,1770.0,1761.0,1763.9,2708
2026-06-05,1770.0,1770.0,1746.0,1755.0,11075
2026-06-08,1750.0,1764.0,1742.2,1750.0,7762
2026-06-09,1748.0,1750.0,1738.0,1747.0,10830
2026-06-10,1758.9,1758.9,1743.0,1744.9,3565
2026-06-11,1749.0,1749.0,1730.2,1741.0,6155
2026-06-12,1749.0,1750.0,1738.0,1741.0,5783
2026-06-15,1745.0,1745.0,1730.0,1736.9,10630
2026-06-16,1749.0,1749.0,1734.7,1734.7,4992
2026-06-17,1739.3,1739.5,1732.0,1732.0,4128
2026-06-18,1733.0,1737.9,1730.1,1730.1,4742
2026-06-19,1730.1,1735.0,1728.1,1729.0,4848
2026-06-22,1730.0,1730.0,1721.1,1722.0,5813
2026-06-23,1723.0,1723.0,1714.0,1716.0,5038
2026-06-24,1707.0,1717.0,1700.0,1712.1,7008
2026-06-25,1712.0,1712.0,1698.0,1704.0,6506
2026-06-26,1729.0,1729.0,1699.0,1702.0,8228
2026-06-29,1719.0,1719.9,1690.3,1690.5,9804
2026-06-30,1700.0,1791.0,1680.0,1685.9,9520
2026-07-01,1685.0,1720.0,1683.0,1705.0,3895
2026-07-02,1700.1,1704.0,1685.1,1704.0,4129
2026-07-03,1700.0,1709.0,1700.0,1700.0,3365
2026-07-06,1692.0,1699.9,1690.0,1693.0,3211
2026-07-07,1695.0,1699.0,1690.0,1695.0,4851
2026-07-08,1700.0,1700.0,1688.2,1688.2,3454
2026-07-09,1685.1,1690.0,1683.0,1683.0,3820
2026-07-10,1700.0,1700.0,1680.0,1684.0,5398
2026-07-13,1680.1,1686.0,1650.1,1675.0,4296
2026-07-14,1680.0,1682.9,1665.0,1681.9,4503
2026-07-15,1680.0,1695.0,1670.1,1670.1,5708
2026-07-16,1689.0,1689.0,1666.0,1670.0,3427
2026-07-17,1679.0,1698.0,1675.0,1697.0,4443
2026-07-20,1698.0,1712.7,1672.0,1710.0,4561
2026-07-21,1715.0,1751.0,1713.0,1730.1,5887
2026-07-22,1730.5,1732.0,1710.0,1724.0,4080
2026-07-23,1739.9,1739.9,1706.0,1724.8,2666
2026-07-24,1724.0,1745.0,1724.0,1734.0,4293
2026-07-27,1740.0,1747.0,1720.0,1721.0,4295
2026-07-28,1720.0,1721.0,1717.0,1717.0,2704
2026-07-29,1717.0,1724.0,1710.0,1720.0,2184
2026-07-30,1710.0,1724.9,1710.0,1716.0,1962
2026-07-31,1726.0,1726.0,1701.0,1715.0,4400
2026-08-03,1700.0,1739.9,1700.0,1720.0,1698
2026-08-04,1710.0,1720.0,1710.0,1714.9,2138
2026-08-05,1720.0,1720.0,1698.0,1710.1,2849
2026-08-06,1711.0,1722.0,1700.0,1710.0,1738
2026-08-07,1719.0,1719.0,1706.0,1709.9,5291
2026-08-10,1710.1,1718.0,1695.0,1700.0,3577
2026-08-11,1710.0,1710.0,1701.0,1703.0,4433
2026-08-12,1709.9,1709.9,1700.0,1704.7,3114
2026-08-13,1707.0,1714.9,1704.0,1713.6,4278
2026-08-14,1710.0,1719.5,1700.0,1700.0,3997
2026-08-17,1734.0,1734.0,1700.0,1701.0,3222
2026-08-18,1700.0,1713.0,1699.0,1703.0,4049
2026-08-19,1705.0,1705.0,1695.0,1700.0,4292
2026-08-20,1692.1,1696.0,1690.0,1695.0,2720
2026-08-21,1691.0,1700.0,1690.0,1695.0,4864
2026-08-24,1694.0,1694.0,1680.0,1681.0,8070
2026-08-25,1681.0,1689.0,1673.0,1680.0,4874
2026-08-26,1682.0,1682.0,1658.0,1660.0,7117
2026-08-27,1660.0,1674.0,1650.0,1670.0,5804
2026-08-31,1670.1,1670.1,1652.2,1652.2,5288
2026-09-01,1652.2,1670.0,1621.1,1663.0,7064
2026-09-02,1666.0,1667.0,1652.0,1656.7,3766
2026-09-03,1658.0,1722.0,1653.0,1719.9,11654
