timestamp,open,high,low,close,volume
2012-01-01,58.66,59.23,58.09,59.23,1340
2012-01-02,59.23,60.77,58.47,60.77,1498
2012-01-03,60.77,61.54,60.2,60.2,730
2012-01-04,60.2,59.81,58.66,58.66,780
2012-01-05,58.66,58.09,57.51,57.51,360
2012-01-08,57.51,58.09,58.09,58.09,200
2012-01-09,58.09,58.66,57.7,58.28,780
2012-01-10,58.28,59.62,58.85,59.62,370
2012-01-11,59.62,60.39,59.62,59.81,1290
2012-01-12,59.81,60.0,59.62,60.0,1080
2012-01-16,60.0,60.0,59.43,59.43,280
2012-01-17,59.43,59.43,58.47,59.43,3130
2012-01-18,59.43,59.62,59.23,59.62,150
2012-01-22,59.62,60.2,58.47,58.47,246
2012-01-23,58.47,59.04,58.66,58.85,698
2012-01-25,58.85,60.0,58.85,58.85,776
2012-01-26,58.85,59.43,58.85,59.23,326
2012-01-29,59.23,59.81,59.81,59.81,378
2012-01-31,59.81,59.23,57.7,58.47,1221
2012-02-01,58.47,59.23,58.47,58.66,1085
2012-02-02,58.66,59.23,58.66,58.66,328
2012-02-05,58.66,58.28,57.7,58.09,320
2012-02-06,58.09,59.23,58.09,58.09,1380
2012-02-07,58.09,59.43,58.09,58.66,5356
2012-02-08,58.66,58.85,58.09,58.47,1143
2012-02-09,58.47,58.66,57.89,57.89,812
2012-02-12,57.89,58.47,57.51,57.7,505
2012-02-13,57.7,58.09,57.12,57.89,1581
2012-02-14,57.89,58.28,57.51,57.51,670
2012-02-15,57.51,57.51,57.12,57.51,326
2012-02-16,57.51,57.31,56.74,57.12,1872
2012-02-21,57.12,57.7,56.93,57.7,190
2012-02-23,57.7,57.7,57.51,57.51,198
2012-02-26,57.51,57.89,56.93,57.7,2096
2012-02-27,57.7,58.66,58.28,58.66,42
2012-02-28,58.66,58.85,58.47,58.66,434
2012-02-29,58.66,58.85,58.09,58.47,1576
2012-03-01,58.47,59.62,57.7,58.09,863
2012-03-04,58.09,59.23,58.47,59.23,1960
2012-03-05,59.23,59.23,58.47,58.47,1603
2012-03-06,58.47,59.04,58.28,58.66,1353
2012-03-11,58.66,58.85,58.28,58.47,733
2012-03-12,58.47,58.28,57.7,57.7,1654
2012-03-13,57.7,57.89,57.12,57.51,735
2012-03-14,57.51,57.89,57.51,57.89,752
2012-03-15,57.89,57.7,56.74,57.31,1055
2012-03-18,57.31,57.7,56.93,57.7,2265
2012-03-19,57.7,58.47,57.89,57.89,695
2012-03-20,57.89,58.09,57.31,57.7,842
2012-03-21,57.7,57.7,56.74,56.74,1401
2012-03-25,56.74,57.31,56.74,56.93,1110
2012-03-26,56.93,56.54,55.97,56.54,536
2012-03-27,56.54,57.12,56.54,57.12,864
2012-03-28,57.12,57.31,56.36,57.31,790
2012-03-29,57.31,57.31,57.12,57.31,515
2012-04-01,57.31,57.51,57.12,57.31,512
2012-04-02,57.31,57.89,56.93,57.7,1216
2012-04-03,57.7,58.85,56.93,58.47,1599
2012-04-04,58.47,58.28,57.7,57.7,1025
2012-04-05,57.7,58.47,57.7,58.47,663
2012-04-08,58.47,58.85,57.51,58.66,1927
2012-04-09,58.66,58.28,57.7,58.28,864
2012-04-10,58.28,59.04,58.66,59.04,984
2012-04-11,59.04,60.77,59.62,59.62,2429
2012-04-12,59.62,62.7,59.81,62.7,4779
2012-04-15,62.7,66.34,63.27,66.34,1682
2012-04-16,66.34,67.11,67.11,67.11,20
2012-04-17,67.11,70.18,64.81,64.81,2610
2012-04-18,64.81,68.07,63.46,66.53,7397
2012-04-19,66.53,69.03,65.76,67.69,9957
2012-04-22,67.69,71.72,68.26,71.72,9024
2012-04-24,71.72,76.14,72.49,76.14,1096
2012-04-25,76.14,81.13,77.09,81.13,13760
2012-04-26,81.13,84.01,76.33,82.67,30539
2012-04-29,82.67,83.25,80.36,80.94,9658
2012-04-30,80.94,79.98,75.95,76.52,5579
2012-05-02,76.52,75.56,75.56,75.56,100
2012-05-03,75.56,80.36,76.52,80.36,1567
2012-05-07,80.36,85.16,81.32,85.16,5243
2012-05-08,85.16,86.31,80.94,80.94,12311
2012-05-09,80.94,81.7,76.91,79.59,12822
2012-05-10,79.59,79.21,77.09,77.48,8530
2012-05-13,77.48,77.09,71.52,71.52,4182
2012-05-14,71.52,70.76,67.11,69.03,4613
2012-05-15,69.03,73.25,69.8,73.25,1144
2012-05-16,73.25,74.03,74.03,74.03,40
2012-05-17,74.03,78.82,76.33,77.86,26430
2012-05-20,77.86,78.82,74.03,77.09,9000
2012-05-21,77.09,78.44,74.41,77.86,4485
2012-05-22,77.86,77.09,75.37,75.95,4774
2012-05-24,75.95,76.33,72.68,75.75,6802
2012-05-27,75.75,79.4,74.79,78.06,6454
2012-06-03,78.06,77.09,74.03,74.98,2373
2012-06-04,74.98,74.79,70.57,72.49,8623
2012-06-05,72.49,72.1,69.03,69.99,5472
2012-06-06,69.99,69.22,67.3,67.88,5246
2012-06-07,67.88,70.95,66.34,68.84,3226
2012-06-10,68.84,68.65,67.11,67.88,2009
2012-06-11,67.88,69.42,67.3,67.49,2735
2012-06-12,67.49,69.61,67.69,68.26,3000
2012-06-13,68.26,68.26,67.11,68.07,4431
2012-06-14,68.07,68.26,66.73,67.3,2306
2012-06-17,67.3,67.69,66.34,67.69,1984
2012-06-18,67.69,68.26,68.07,68.07,595
2012-06-19,68.07,67.69,66.34,66.53,5537
2012-06-20,66.53,69.03,66.53,67.11,3151
2012-06-21,67.11,69.03,67.88,69.03,2844
2012-06-25,69.03,70.57,68.84,70.57,1862
2012-06-26,70.57,69.8,68.07,69.61,3369
2012-06-27,69.61,70.18,68.45,70.18,2515
2012-06-28,70.18,71.72,69.8,69.99,1645
2012-07-01,69.99,69.61,68.45,69.03,2114
2012-07-02,69.03,69.42,68.26,68.84,1435
2012-07-03,68.84,69.8,68.07,69.8,1287
2012-07-04,69.8,70.18,68.84,69.22,2843
2012-07-05,69.22,69.99,69.61,69.8,862
2012-07-08,69.8,69.8,68.65,69.42,1910
2012-07-09,69.42,69.42,68.84,69.22,704
2012-07-10,69.22,70.95,69.8,69.8,1361
2012-07-11,69.8,70.95,69.03,69.99,1824
2012-07-12,69.99,70.18,69.03,70.18,1686
2012-07-16,70.18,69.61,69.03,69.22,1133
2012-07-17,69.22,69.03,68.65,68.65,551
2012-07-18,68.65,69.61,67.11,69.22,4058
2012-07-19,69.22,71.14,69.42,71.14,3244
2012-07-22,71.14,71.91,70.37,70.37,4795
2012-07-23,70.37,72.87,69.61,72.1,3820
2012-07-24,72.1,71.34,69.61,70.37,2096
2012-07-25,70.37,70.76,69.8,69.99,2265
2012-07-26,69.99,70.18,68.84,69.99,3740
2012-07-29,69.99,69.61,68.26,68.84,1213
2012-07-30,68.84,69.61,68.45,68.84,728
2012-07-31,68.84,69.42,68.84,69.22,1780
2012-08-01,69.22,69.61,68.84,69.22,4167
2012-08-05,69.22,69.22,68.45,69.22,683
2012-08-06,69.22,69.22,68.45,68.45,2349
2012-08-07,68.45,69.22,67.88,68.26,1656
2012-08-08,68.26,68.26,66.73,67.49,5646
2012-08-12,67.49,66.73,65.96,66.73,3353
2012-08-13,66.73,66.53,64.61,66.34,3119
2012-08-14,66.34,66.53,64.04,64.61,3828
2012-08-15,64.61,64.04,63.08,63.84,1483
2012-08-16,63.84,66.34,62.7,66.34,3898
2012-08-19,66.34,67.11,66.15,66.15,814
2012-08-21,66.15,65.58,65.0,65.0,2054
2012-08-22,65.0,65.76,64.81,64.81,1727
2012-08-23,64.81,65.38,64.42,64.81,2751
2012-08-26,64.81,65.38,61.54,63.27,2885
2012-08-27,63.27,64.42,63.27,63.27,2875
2012-08-28,63.27,64.61,63.84,64.42,684
2012-08-29,64.42,65.58,64.81,65.0,905
2012-08-30,65.0,65.38,64.42,64.61,2015
2012-09-02,64.61,66.73,64.61,66.34,2399
2012-09-03,66.34,66.34,65.38,66.34,837
2012-09-04,66.34,66.53,65.38,66.15,611
2012-09-05,66.15,65.58,65.19,65.19,1352
2012-09-06,65.19,65.58,65.0,65.58,284
2012-09-09,65.58,65.76,65.19,65.38,1673
2012-09-10,65.38,65.76,65.38,65.38,1296
2012-09-11,65.38,66.15,64.81,66.15,1825
2012-09-12,66.15,66.73,65.19,65.19,1653
2012-09-13,65.19,65.96,65.19,65.96,2960
2012-09-16,65.96,66.73,65.19,66.34,7256
2012-09-17,66.34,66.73,66.34,66.73,3980
2012-09-18,66.73,67.88,66.73,66.73,1868
2012-09-19,66.73,66.73,65.38,65.96,3398
2012-09-20,65.96,65.58,64.04,64.81,223
2012-09-23,64.81,64.04,63.27,63.65,491
2012-09-24,63.65,63.08,62.5,62.7,1164
2012-09-25,62.7,62.88,62.5,62.5,53
2012-09-26,62.5,63.08,62.31,62.7,1166
2012-09-27,62.7,63.08,62.88,63.08,1517
2012-09-30,63.08,62.88,61.92,62.88,3280
2012-10-01,62.88,62.88,61.73,61.73,2645
2012-10-02,61.73,62.31,61.35,62.12,3604
2012-10-03,62.12,62.31,61.92,62.12,847
2012-10-04,62.12,62.88,62.31,62.88,353
2012-10-07,62.88,63.84,62.5,63.84,3898
2012-10-08,63.84,64.42,63.84,63.84,2166
2012-10-09,63.84,63.84,63.46,63.46,790
2012-10-10,63.46,63.46,63.08,63.46,1640
2012-10-11,63.46,63.46,63.08,63.46,606
2012-10-14,63.46,64.42,64.04,64.42,1554
2012-10-15,64.42,64.23,63.46,64.23,348
2012-10-17,64.23,66.15,64.23,66.15,6351
2012-10-18,66.15,66.15,64.61,66.15,970
2012-10-30,66.15,67.88,65.76,67.88,1651
2012-10-31,67.88,70.76,67.88,69.22,6226
2012-11-01,69.22,69.8,68.65,69.61,5030
2012-11-04,69.61,70.57,68.45,69.8,3718
2012-11-05,69.8,72.3,70.18,71.72,8471
2012-11-06,71.72,71.91,71.14,71.52,6664
2012-11-07,71.52,72.68,71.14,71.72,9897
2012-11-08,71.72,74.03,71.72,71.91,8222
2012-11-11,71.91,72.68,69.61,70.76,6526
2012-11-12,70.76,71.14,69.03,70.95,2303
2012-11-18,70.95,73.45,70.37,72.49,3370
2012-11-20,72.49,76.33,73.25,74.41,6750
2012-11-21,74.41,74.79,71.52,74.41,7652
2012-11-22,74.41,74.03,72.1,72.68,3652
2012-11-25,72.68,75.18,72.49,72.49,8904
2012-11-26,72.49,73.83,71.72,73.83,25848
2012-11-27,73.83,73.25,72.3,72.68,3448
2012-11-28,72.68,73.64,71.91,72.87,8368
2012-11-29,72.87,73.06,71.34,72.3,3777
2012-12-02,72.3,73.06,71.52,72.3,6458
2012-12-03,72.3,72.3,70.76,71.14,2220
2012-12-04,71.14,74.03,71.14,72.49,4183
2012-12-05,72.49,75.95,73.25,75.18,17651
2012-12-06,75.18,75.18,73.06,75.18,10399
2012-12-09,75.18,74.98,72.87,73.06,4016
2012-12-10,73.06,75.37,72.68,74.22,2687
2012-12-11,74.22,75.18,73.06,74.22,5443
2012-12-13,74.22,75.56,73.25,75.18,5213
2012-12-16,75.18,78.06,75.75,77.86,11623
2012-12-17,77.86,80.94,77.29,79.21,37226
2012-12-18,79.21,78.82,76.52,77.09,12131
2012-12-19,77.09,79.98,78.06,78.82,13118
2012-12-20,78.82,80.56,78.25,80.36,12906
2012-12-23,80.36,81.13,77.86,81.13,9562
2012-12-24,81.13,83.25,80.75,81.7,7443
2012-12-26,81.7,85.36,82.28,84.01,8472
2012-12-27,84.01,85.55,82.67,82.67,18641
2012-12-31,82.67,83.25,80.94,82.09,8093
2013-01-01,82.09,81.7,80.75,80.75,7051
2013-01-02,80.75,82.09,79.79,82.09,5491
2013-01-03,82.09,82.28,80.75,81.52,15006
2013-01-06,81.52,81.13,80.36,80.75,5585
2013-01-07,80.75,80.36,78.25,79.4,13247
2013-01-08,79.4,79.59,78.44,79.02,1102
2013-01-09,79.02,79.21,78.44,79.21,3343
2013-01-10,79.21,80.75,78.06,80.75,13171
2013-01-13,80.75,80.17,78.64,79.02,4145
2013-01-15,79.02,79.79,78.82,79.59,7778
2013-01-16,79.59,79.02,77.86,78.44,9354
2013-01-17,78.44,77.86,76.33,77.09,4634
2013-01-20,77.09,76.91,74.03,74.03,6127
2013-01-21,74.03,77.48,74.98,76.91,8932
2013-01-22,76.91,79.98,75.95,78.25,3420
2013-01-23,78.25,79.02,74.03,77.48,18291
2013-01-24,77.48,77.86,76.33,77.48,3762
2013-01-27,77.48,78.06,76.14,76.14,5171
2013-01-28,76.14,76.52,75.18,76.14,6033
2013-01-30,76.14,76.14,74.22,75.75,3149
2013-01-31,75.75,75.56,74.98,75.18,1768
2013-02-03,75.18,77.86,75.56,76.71,4042
2013-02-04,76.71,77.29,75.95,77.29,1598
2013-02-05,77.29,77.48,75.95,75.95,1274
2013-02-06,75.95,76.71,76.14,76.71,2601
2013-02-07,76.71,76.71,75.75,76.14,3968
2013-02-10,76.14,77.67,76.52,76.91,2115
2013-02-12,76.91,80.56,77.86,80.56,11499
2013-02-13,80.56,79.59,78.64,78.82,4326
2013-02-14,78.82,80.56,79.79,80.17,8724
2013-02-17,80.17,85.55,81.13,85.36,2517
2013-02-19,85.36,87.66,82.67,83.63,23396
2013-02-20,83.63,82.47,80.94,81.13,4801
2013-02-21,81.13,83.63,79.79,81.9,8492
2013-02-24,81.9,81.7,79.79,80.94,2191
2013-02-25,80.94,83.82,80.94,81.32,6010
2013-02-26,81.32,82.47,81.13,81.52,6761
2013-02-27,81.52,81.7,79.98,80.75,3113
2013-02-28,80.75,81.9,80.36,81.7,3081
2013-03-03,81.7,81.52,79.98,81.13,3883
2013-03-04,81.13,82.09,80.75,80.94,4700
2013-03-05,80.94,80.94,79.79,80.75,3845
2013-03-06,80.75,81.13,79.79,80.75,3913
2013-03-07,80.75,80.56,79.79,79.98,1836
2013-03-11,79.98,80.94,79.98,80.17,1926
2013-03-13,80.17,81.9,80.75,81.9,3119
2013-03-14,81.9,84.97,81.32,81.7,10711
2013-03-17,81.7,81.7,79.21,80.17,4322
2013-03-18,80.17,80.36,79.02,79.21,5480
2013-03-19,79.21,80.56,78.82,79.59,6544
2013-03-20,79.59,79.79,78.64,78.64,6419
2013-03-21,78.64,79.4,78.06,78.64,3890
2013-03-24,78.64,78.25,76.71,77.48,3242
2013-03-25,77.48,79.21,77.29,78.82,8779
2013-03-27,78.82,78.64,77.09,78.64,1038
2013-03-28,78.64,78.64,77.48,78.25,3522
2013-03-31,78.25,77.67,76.14,76.71,7492
2013-04-01,76.71,77.67,75.18,77.09,6902
2013-04-02,77.09,78.82,76.14,78.25,3988
2013-04-03,78.25,78.64,76.71,78.06,1767
2013-04-04,78.06,78.06,77.09,78.06,1420
2013-04-07,78.06,78.44,77.48,77.86,2884
2013-04-08,77.86,78.82,77.48,78.25,1774
2013-04-09,78.25,79.02,76.52,79.02,3432
2013-04-11,79.02,79.98,78.25,78.64,4193
2013-04-15,78.64,79.4,78.25,78.25,8009
2013-04-16,78.25,78.44,76.52,78.25,4394
2013-04-17,78.25,78.06,77.29,77.86,2890
2013-04-18,77.86,77.86,77.09,77.48,2792
2013-04-21,77.48,79.79,75.95,76.52,6087
2013-04-22,76.52,77.67,74.98,77.09,7205
2013-04-23,77.09,78.25,77.48,77.48,1773
2013-04-25,77.48,77.86,76.52,76.91,5663
2013-04-28,76.91,76.91,75.95,76.91,7507
2013-04-29,76.91,76.91,74.41,75.75,5030
2013-04-30,75.75,76.52,75.75,75.95,1666
2013-05-02,75.95,75.56,74.03,74.98,2354
2013-05-05,74.98,75.37,72.49,73.25,1649
2013-05-06,73.25,73.64,72.1,73.45,2697
2013-05-07,73.45,76.91,73.83,75.75,4110
2013-05-08,75.75,74.98,74.98,74.98,105
2013-05-09,74.98,74.79,73.06,73.83,4486
2013-05-12,73.83,74.6,73.06,73.45,2938
2013-05-13,73.45,75.75,73.64,75.75,480
2013-05-14,75.75,76.14,74.79,75.56,2423
2013-05-15,75.56,77.48,75.95,75.95,1200
2013-05-16,75.95,76.14,75.18,76.14,1932
2013-05-19,76.14,76.71,74.41,75.37,3890
2013-05-20,75.37,76.33,74.79,74.98,1493
2013-05-21,74.98,74.79,74.03,74.6,1895
2013-05-22,74.6,75.37,73.06,75.37,6993
2013-05-23,75.37,75.95,74.41,74.6,3381
2013-05-26,74.6,76.33,74.41,74.41,6968
2013-05-27,74.41,75.18,74.22,74.98,1926
2013-05-28,74.98,75.75,74.79,75.18,2506
2013-05-30,75.18,75.18,74.6,74.6,1298
2013-06-02,74.6,74.41,73.45,74.41,560
2013-06-03,74.41,74.41,74.03,74.22,1530
2013-06-04,74.22,74.41,74.03,74.41,2336
2013-06-05,74.41,74.98,74.22,74.79,804
2013-06-06,74.79,74.98,74.22,74.98,736
2013-06-09,74.98,75.56,74.6,74.98,580
2013-06-10,74.98,74.6,74.03,74.41,1698
2013-06-11,74.41,74.98,74.22,74.79,2585
2013-06-12,74.79,74.98,74.22,74.41,2741
2013-06-13,74.41,74.79,73.64,74.79,2040
2013-06-16,74.79,74.98,74.03,74.41,2879
2013-06-17,74.41,74.03,73.64,74.03,2263
2013-06-18,74.03,74.98,73.06,73.25,2986
2013-06-19,73.25,73.25,72.68,72.87,1646
2013-06-20,72.87,74.79,73.06,73.25,3576
2013-06-23,73.25,73.06,72.68,73.06,4038
2013-06-24,73.06,74.22,72.87,74.22,2066
2013-06-25,74.22,75.18,74.98,74.98,2227
2013-06-26,74.98,75.95,74.79,74.98,1999
2013-06-27,74.98,75.18,74.6,74.79,1594
2013-06-30,74.79,75.18,73.45,73.83,2133
2013-07-01,73.83,74.03,73.25,73.64,762
2013-07-02,73.64,73.83,73.25,73.83,1839
2013-07-03,73.83,74.98,73.06,74.98,3849
2013-07-04,74.98,76.33,73.64,76.33,3171
2013-07-07,76.33,75.37,74.03,75.37,2402
2013-07-08,75.37,75.95,74.6,75.95,2532
2013-07-09,75.95,76.71,75.75,75.95,3576
2013-07-10,75.95,77.48,75.56,77.48,2245
2013-07-11,77.48,77.48,75.95,75.95,2936
2013-07-14,75.95,76.91,75.75,76.52,4632
2013-07-15,76.52,77.29,75.95,77.29,938
2013-07-16,77.29,76.33,75.75,75.95,1081
2013-07-17,75.95,76.71,75.75,76.71,1038
2013-07-18,76.71,77.86,77.29,77.86,4560
2013-07-21,77.86,80.94,77.86,79.98,13317
2013-07-22,79.98,80.75,78.25,79.79,8632
2013-07-23,79.79,79.79,78.82,79.79,7588
2013-07-24,79.79,79.79,78.06,78.44,4346
2013-07-25,78.44,79.4,78.25,78.25,4689
2013-07-28,78.25,79.21,77.48,79.02,3566
2013-07-29,79.02,78.82,78.44,78.44,4396
2013-07-30,78.44,79.4,77.67,79.4,3807
2013-07-31,79.4,79.4,78.06,78.25,8901
2013-08-01,78.25,78.64,77.48,77.86,2086
2013-08-04,77.86,78.06,77.09,77.67,3738
2013-08-05,77.67,77.48,76.14,76.71,3455
2013-08-06,76.71,77.67,73.83,77.29,5568
2013-08-07,77.29,76.91,75.95,76.91,2538
2013-08-08,76.91,76.91,75.56,76.14,3524
2013-08-11,76.14,76.14,75.95,76.14,1061
2013-08-12,76.14,76.91,75.75,75.75,6685
2013-08-13,75.75,76.52,75.95,75.95,703
2013-08-14,75.95,76.33,75.95,75.95,4134
2013-08-15,75.95,76.52,75.75,75.75,2959
2013-08-18,75.75,76.71,75.75,76.71,4985
2013-08-19,76.71,78.64,76.91,78.25,2134
2013-08-20,78.25,79.21,77.86,78.44,1637
2013-08-25,78.44,79.79,77.09,77.48,1526
2013-08-26,77.48,77.86,76.71,77.86,2089
2013-08-27,77.86,78.64,77.09,78.64,3492
2013-08-29,78.64,78.25,75.75,77.67,2129
2013-09-01,77.67,78.64,76.91,78.25,4874
2013-09-02,78.25,78.25,77.29,78.25,3372
2013-09-03,78.25,77.48,76.14,76.71,13540
2013-09-04,76.71,76.33,74.98,75.56,4222
2013-09-05,75.56,77.09,75.18,76.33,4162
2013-09-08,76.33,76.14,75.95,75.95,84
2013-09-09,75.95,76.71,74.98,75.95,6197
2013-09-10,75.95,75.95,75.56,75.56,2218
2013-09-11,75.56,75.95,75.18,75.95,1384
2013-09-12,75.95,75.95,75.18,75.18,646
2013-09-15,75.18,75.95,74.98,75.75,3361
2013-09-16,75.75,75.95,74.98,75.37,5166
2013-09-17,75.37,76.33,74.98,75.56,7065
2013-09-19,75.56,75.95,74.41,75.18,12040
2013-09-22,75.18,74.22,72.49,72.49,636
2013-09-23,72.49,71.72,69.61,71.14,903
2013-09-24,71.14,71.34,70.95,71.14,1307
2013-09-25,71.14,71.52,70.76,71.14,1421
2013-09-26,71.14,71.72,71.14,71.14,1718
2013-09-29,71.14,71.14,70.57,71.14,720
2013-09-30,71.14,70.95,70.57,70.57,3664
2013-10-01,70.57,71.14,70.37,70.95,1482
2013-10-02,70.95,72.49,70.18,72.49,419
2013-10-03,72.49,72.1,71.34,72.1,303
2013-10-06,72.1,72.87,71.91,72.1,865
2013-10-07,72.1,74.03,72.49,74.03,432
2013-10-08,74.03,73.25,73.25,73.25,22
2013-10-09,73.25,73.64,73.45,73.45,231
2013-10-10,73.45,74.41,74.03,74.22,1543
2013-10-17,74.22,74.03,74.03,74.03,42
2013-10-20,74.03,78.44,74.79,77.48,4265
2013-10-21,77.48,78.44,75.95,76.71,3949
2013-10-22,76.71,76.33,75.75,75.95,1283
2013-10-23,75.95,75.56,74.6,75.56,679
2013-10-24,75.56,76.52,74.22,76.52,2963
2013-10-27,76.52,75.95,74.79,75.95,1380
2013-10-28,75.95,75.37,74.98,75.37,876
2013-10-29,75.37,76.33,74.03,74.03,2426
2013-10-30,74.03,74.98,74.22,74.98,2725
2013-10-31,74.98,74.79,74.6,74.6,1025
2013-11-06,74.6,75.56,74.6,75.56,1610
2013-11-07,75.56,74.98,74.03,74.79,2842
2013-11-10,74.79,75.95,74.41,75.56,9748
2013-11-11,75.56,78.25,75.75,77.86,7037
2013-11-12,77.86,81.9,78.25,81.9,36250
2013-11-13,81.9,82.47,79.98,82.28,32577
2013-11-14,82.28,82.09,80.36,80.94,14354
2013-11-21,80.94,83.82,81.9,83.82,60
2013-11-24,83.82,89.58,84.97,89.58,30239
2013-11-25,89.58,91.89,85.55,88.62,24693
2013-11-26,88.62,90.92,88.43,89.39,18483
2013-11-27,89.39,90.16,87.46,87.86,9566
2013-11-28,87.86,88.81,87.46,87.86,18788
2013-12-01,87.86,89.2,87.86,89.0,6081
2013-12-02,89.0,93.04,90.16,91.89,9036
2013-12-03,91.89,95.92,92.85,95.53,11258
2013-12-04,95.53,102.45,96.69,100.72,11397
2013-12-05,100.72,103.6,96.69,98.03,10740
2013-12-08,98.03,100.34,97.07,99.19,16872
2013-12-09,99.19,101.49,99.19,99.95,10912
2013-12-10,99.95,98.99,97.07,97.46,11762
2013-12-11,97.46,102.83,98.03,101.1,17063
2013-12-12,101.1,103.8,101.3,102.83,9413
2013-12-15,102.83,110.13,101.3,109.17,18943
2013-12-16,109.17,117.43,110.52,117.43,6728
2013-12-18,117.43,122.42,118.96,120.12,12994
2013-12-19,120.12,121.85,114.74,118.39,22498
2013-12-22,118.39,118.01,113.59,115.89,23084
2013-12-23,115.89,114.17,107.06,109.75,19569
2013-12-24,109.75,113.01,102.83,110.9,28299
2013-12-26,110.9,117.62,112.44,112.44,17556
2013-12-29,112.44,112.44,108.59,111.47,14936
2013-12-31,111.47,111.47,109.36,109.94,11519
2014-01-01,109.94,109.56,105.14,106.48,9947
2014-01-02,106.48,111.67,104.95,109.56,13226
2014-01-05,109.56,110.9,109.56,109.56,10166
2014-01-06,109.56,111.28,109.36,109.94,9364
2014-01-07,109.94,114.17,109.75,111.86,8531
2014-01-08,111.86,114.35,111.09,113.2,9119
2014-01-09,113.2,112.62,111.28,112.05,3804
2014-01-12,112.05,115.13,112.44,112.44,19378
2014-01-13,112.44,115.31,112.44,113.59,5159
2014-01-14,113.59,114.35,111.86,113.01,9244
2014-01-16,113.01,116.47,113.01,113.59,8136
2014-01-19,113.59,118.2,113.4,118.2,15944
2014-01-20,118.2,119.92,115.89,119.92,14200
2014-01-21,119.92,123.38,118.58,118.77,26031
2014-01-22,118.77,120.5,115.51,118.2,16410
2014-01-23,118.2,118.2,116.28,117.43,19093
2014-01-26,117.43,119.74,115.89,117.24,14366
2014-01-27,117.24,118.2,116.28,118.01,9518
2014-01-28,118.01,117.81,116.28,116.86,3808
2014-01-29,116.86,117.24,114.74,117.24,11389
2014-02-02,117.24,115.51,113.97,115.51,4306
2014-02-03,115.51,114.17,112.05,114.17,6220
2014-02-04,114.17,116.28,112.05,114.35,6491
2014-02-05,114.35,116.08,112.44,115.7,7363
2014-02-06,115.7,117.24,114.35,115.89,10217
2014-02-09,115.89,117.43,114.35,114.74,8909
2014-02-10,114.74,123.19,116.47,118.96,23971
2014-02-11,118.96,118.77,115.89,117.62,10736
2014-02-12,117.62,117.81,115.7,116.08,6984
2014-02-13,116.08,119.16,116.28,118.2,5376
2014-02-16,118.2,118.01,115.31,116.28,6600
2014-02-17,116.28,119.16,114.55,116.08,5008
2014-02-18,116.08,117.43,115.31,117.43,11403
2014-02-20,117.43,120.12,115.89,117.43,15897
2014-02-23,117.43,120.69,118.39,118.39,12575
2014-02-24,118.39,121.08,117.43,118.39,11803
2014-02-25,118.39,119.16,116.08,118.39,11406
2014-02-26,118.39,120.31,116.28,116.86,4460
2014-03-03,116.86,116.28,113.78,114.35,4351
2014-03-04,114.35,114.93,111.47,114.93,8481
2014-03-05,114.93,115.89,113.59,114.74,11083
2014-03-06,114.74,114.74,113.01,113.78,11248
2014-03-09,113.78,112.82,111.28,111.86,5996
2014-03-10,111.86,112.44,110.9,111.47,5396
2014-03-11,111.47,111.67,109.17,110.52,5247
2014-03-12,110.52,110.32,108.59,109.94,8885
2014-03-13,109.94,112.44,108.01,110.13,4943
2014-03-17,110.13,110.32,105.33,105.33,15296
2014-03-18,105.33,107.06,104.37,107.06,6186
2014-03-19,107.06,111.47,106.67,107.25,7794
2014-03-20,107.25,111.09,105.71,111.09,7168
2014-03-23,111.09,109.56,106.86,108.59,7513
2014-03-24,108.59,109.94,105.52,109.36,6607
2014-03-25,109.36,110.13,107.83,108.59,4861
2014-03-26,108.59,110.13,108.59,109.75,5180
2014-03-27,109.75,110.52,107.25,108.21,6875
2014-03-31,108.21,110.52,107.83,109.36,9489
2014-04-01,109.36,112.05,108.21,111.47,7263
2014-04-02,111.47,112.25,109.56,112.25,8439
2014-04-03,112.25,112.44,108.79,108.79,8764
2014-04-06,108.79,107.63,104.75,106.1,11026
2014-04-07,106.1,109.56,105.52,107.63,7320
2014-04-09,107.63,108.59,105.52,108.59,11264
2014-04-10,108.59,110.7,107.44,108.4,15063
2014-04-13,108.4,110.13,103.8,109.36,324872
2014-04-15,109.36,109.56,106.67,107.63,35586
2014-04-16,107.63,108.21,104.75,104.75,82609
2014-04-17,104.75,109.56,104.95,108.01,30818
2014-04-20,108.01,108.4,104.95,106.29,51333
2014-04-21,106.29,107.63,105.52,106.67,18349
2014-04-22,106.67,107.44,105.14,106.67,11905
2014-04-23,106.67,108.01,106.29,106.29,15400
2014-04-27,106.29,107.83,105.71,106.1,18229
2014-04-28,106.1,107.63,105.52,105.91,15188
2014-04-29,105.91,107.44,104.18,104.18,11534
2014-04-30,104.18,106.67,103.22,106.67,19906
2014-05-04,106.67,107.44,106.1,106.48,6760
2014-05-05,106.48,112.62,106.29,112.62,21263
2014-05-06,112.62,116.28,111.47,113.4,47417
2014-05-07,113.4,115.31,112.25,112.44,20032
2014-05-08,112.44,112.62,109.75,111.47,8536
2014-05-11,111.47,112.25,109.56,109.56,5574
2014-05-12,109.56,111.09,108.79,110.13,11747
2014-05-13,110.13,111.47,109.17,109.94,11247
2014-05-15,109.94,110.52,108.79,109.36,9658
2014-05-18,109.36,110.7,108.4,108.59,11311
2014-05-19,108.59,109.56,107.63,109.36,7954
2014-05-20,109.36,109.56,106.86,108.59,8389
2014-05-21,108.59,109.36,107.63,108.21,11591
2014-05-22,108.21,108.4,106.67,108.4,12197
2014-05-25,108.4,109.56,108.59,109.56,16029
2014-05-26,109.56,109.17,108.21,108.59,9605
2014-05-27,108.59,108.79,107.83,108.4,6559
2014-05-28,108.4,109.36,106.86,108.01,13769
2014-06-01,108.01,109.56,107.63,108.79,14644
2014-06-02,108.79,110.52,107.63,108.98,34802
2014-06-03,108.98,113.2,104.95,110.52,81861
2014-06-04,110.52,111.47,110.13,111.09,19346
2014-06-05,111.09,111.67,108.21,111.09,21884
2014-06-08,111.09,112.44,106.67,112.44,16508
2014-06-09,112.44,112.62,109.56,111.67,20362
2014-06-10,111.67,114.17,110.9,114.17,25056
2014-06-11,114.17,115.51,111.86,112.82,21470
2014-06-12,112.82,114.35,112.62,113.01,11106
2014-06-15,113.01,118.2,112.62,116.28,14997
2014-06-16,116.28,119.16,114.93,116.28,34351
2014-06-17,116.28,119.16,114.35,118.2,26651
2014-06-18,118.2,118.39,116.28,116.28,19435
2014-06-19,116.28,116.28,114.35,114.93,5605
2014-06-23,114.93,113.97,111.09,113.97,5766
2014-06-24,113.97,117.04,112.82,115.31,11300
2014-06-25,115.31,118.2,114.93,117.43,19288
2014-06-26,117.43,118.58,117.24,118.58,11459
2014-06-29,118.58,121.85,117.81,118.39,18422
2014-06-30,118.39,119.16,117.43,119.16,11451
2014-07-01,119.16,120.12,117.43,118.2,14234
2014-07-02,118.2,120.12,117.62,119.16,20602
2014-07-03,119.16,119.74,118.2,118.96,17490
2014-07-06,118.96,120.89,118.58,119.16,23015
2014-07-07,119.16,126.46,119.16,124.92,49593
2014-07-08,124.92,127.99,125.3,127.22,27076
2014-07-09,127.22,127.8,125.88,127.8,16055
2014-07-10,127.8,129.72,123.96,129.72,27403
2014-07-13,129.72,136.83,129.72,132.03,43181
2014-07-14,132.03,133.75,128.76,129.72,19235
2014-07-15,129.72,130.68,125.88,127.8,32415
2014-07-16,127.8,131.64,126.46,129.53,40718
2014-07-17,129.53,132.8,126.46,132.6,31068
2014-07-20,132.6,143.17,131.64,141.24,47528
2014-07-21,141.24,147.01,138.36,141.24,27210
2014-07-22,141.24,142.2,136.06,139.33,19892
2014-07-23,139.33,146.23,140.28,142.02,60057
2014-07-24,142.02,144.12,141.05,144.12,73493
2014-07-27,144.12,144.7,141.82,142.78,24276
2014-07-28,142.78,142.97,139.33,142.59,30818
2014-07-30,142.59,144.12,139.9,140.47,23822
2014-07-31,140.47,142.2,138.36,142.2,23854
2014-08-03,142.2,141.82,139.33,139.51,17058
2014-08-04,139.51,140.67,138.17,138.36,23104
2014-08-05,138.36,143.17,136.63,139.71,53181
2014-08-06,139.71,141.24,137.59,138.36,20259
2014-08-07,138.36,139.33,135.48,139.33,22345
2014-08-12,139.33,139.33,135.29,135.48,9194
2014-08-13,135.48,139.33,133.37,136.44,20014
2014-08-14,136.44,139.13,134.52,136.63,19830
2014-08-18,136.63,136.83,133.56,135.48,18546
2014-08-19,135.48,137.21,134.52,136.44,15435
2014-08-20,136.44,136.44,133.75,135.1,46108
2014-08-21,135.1,136.06,129.34,135.29,16683
2014-08-24,135.29,136.63,132.6,133.56,11571
2014-08-25,133.56,132.03,127.8,130.29,20875
2014-08-26,130.29,135.87,124.53,127.22,20830
2014-08-27,127.22,134.33,129.14,132.6,12307
2014-08-28,132.6,135.48,130.87,131.83,32368
2014-08-31,131.83,132.6,126.84,127.8,7586
2014-09-01,127.8,127.99,122.04,127.8,7842
2014-09-03,127.8,127.8,124.92,126.08,10268
2014-09-04,126.08,125.88,121.65,124.53,17809
2014-09-07,124.53,128.38,117.04,117.04,18758
2014-09-09,117.04,126.08,118.77,126.08,34343
2014-09-10,126.08,128.56,121.27,122.04,23171
2014-09-11,122.04,124.73,120.89,123.19,70575
2014-09-14,123.24,124.76,122.8,124.1,1507
2014-09-15,124.1,123.89,122.15,122.59,585
2014-09-16,122.59,124.76,121.5,124.54,3943
2014-09-17,124.54,126.49,123.24,123.67,17271
2014-09-21,123.02,121.28,119.33,119.98,1111
2014-09-22,119.98,120.41,117.16,118.46,2315
2014-09-23,118.46,123.67,120.2,122.8,2637
2014-09-24,122.8,122.37,120.63,121.5,1926
2014-09-28,121.5,126.06,122.59,123.67,851
2014-09-29,123.67,126.27,121.72,126.27,46239
2014-09-30,126.27,128.01,124.54,124.76,4181
2014-10-08,124.76,123.67,122.8,123.67,2581
2014-10-09,123.67,123.67,123.67,123.67,3344
2014-10-12,123.67,125.19,123.02,123.67,4241
2014-10-13,123.67,123.24,120.85,123.02,1501
2014-10-14,123.02,124.1,121.5,123.24,1424
2014-10-15,123.24,124.98,122.8,124.54,7342
2014-10-16,124.54,124.76,123.24,124.32,2988
2014-10-19,124.32,125.84,123.89,124.76,6387
2014-10-20,124.76,125.63,123.67,123.89,1126
2014-10-21,123.89,124.54,122.59,124.32,2080
2014-10-22,124.32,124.1,121.5,124.1,831
2014-10-26,124.1,126.06,124.1,124.1,117
2014-10-27,124.1,122.15,120.63,121.5,3646
2014-10-28,121.5,123.45,120.41,121.5,1855
2014-10-30,121.5,119.98,119.77,119.77,730
2014-11-02,119.77,120.2,118.46,119.33,3240
2014-11-03,119.33,119.33,118.03,118.46,2286
2014-11-04,118.46,118.68,116.73,118.68,7120
2014-11-05,118.68,121.5,118.25,119.77,2237
2014-11-06,119.77,120.41,118.89,120.2,2273
2014-11-09,120.2,119.98,116.73,117.16,3139
2014-11-10,117.16,117.16,114.12,115.21,5318
2014-11-11,115.21,118.68,112.6,118.68,4949
2014-11-12,118.68,119.11,116.07,116.07,2806
2014-11-13,116.07,117.81,114.34,115.86,2194
2014-11-16,115.86,114.12,112.82,112.82,1532
2014-11-17,112.82,113.9,110.65,110.65,7263
2014-11-18,110.65,112.82,107.61,111.51,8592
2014-11-19,111.51,112.82,111.74,111.95,2887
2014-11-20,111.95,116.07,111.95,116.07,4281
2014-11-23,116.07,117.16,112.82,114.12,4471
2014-11-24,114.12,113.9,112.39,113.9,2403
2014-11-25,113.9,113.04,111.74,113.04,2551
2014-11-30,113.04,111.3,110.65,110.65,2993
2014-12-01,110.65,110.87,110.43,110.43,3352
2014-12-02,110.43,109.56,107.61,108.91,1814
2014-12-03,108.91,114.99,110.22,111.74,2190
2014-12-04,111.74,112.82,110.65,111.95,1822
2014-12-07,111.95,112.82,110.43,110.43,3665
2014-12-08,110.43,110.65,108.91,110.65,2943
2014-12-09,110.65,113.04,110.65,110.87,1281
2014-12-10,110.87,113.47,110.65,111.74,2197
2014-12-11,111.74,114.56,111.74,113.25,1289
2014-12-14,113.25,119.33,114.56,119.33,4461
2014-12-15,119.33,122.8,114.99,118.89,5996
2014-12-16,118.89,118.25,115.42,117.38,575
2014-12-17,117.38,116.94,116.07,116.94,652
2014-12-18,116.94,116.73,113.47,116.73,1637
2014-12-21,116.73,117.16,114.99,114.99,2387
2014-12-22,114.99,115.64,113.25,114.78,5599
2014-12-23,114.78,114.56,111.3,114.56,2073
2014-12-24,114.56,114.99,112.82,114.99,5081
2014-12-28,114.99,119.33,114.99,117.16,4560
2014-12-29,117.16,118.46,114.99,117.16,8557
2014-12-31,117.16,117.81,115.42,116.94,7740
2015-01-01,116.94,118.46,115.42,118.46,10256
2015-01-04,118.46,120.63,119.33,119.98,13129
2015-01-05,119.98,121.5,118.25,118.89,4085
2015-01-06,118.89,119.54,115.42,119.33,2634
2015-01-07,119.33,121.28,117.6,119.33,3714
2015-01-08,119.33,121.72,118.25,120.2,7729
2015-01-11,120.2,120.63,118.68,119.98,4889
2015-01-12,119.98,119.77,116.51,118.68,3331
2015-01-13,118.68,120.2,117.16,119.11,1758
2015-01-14,119.11,120.41,118.46,119.54,3289
2015-01-18,119.54,125.84,120.41,124.76,26562
2015-01-19,124.76,134.52,126.27,128.01,23500
2015-01-20,128.01,129.96,122.59,126.06,12461
2015-01-22,126.06,127.14,122.8,124.98,7709
2015-01-25,124.98,129.1,124.98,128.01,12541
2015-01-26,128.01,128.88,125.84,126.06,8267
2015-01-27,126.06,127.36,125.41,127.14,2943
2015-01-28,127.14,131.27,128.01,131.05,6825
2015-01-29,131.05,131.05,128.45,129.75,11724
2015-02-01,129.75,131.7,128.01,131.7,15644
2015-02-02,131.7,133.01,130.4,132.35,16417
2015-02-03,132.35,131.05,129.75,130.18,11376
2015-02-04,130.18,130.62,128.01,130.62,7484
2015-02-05,130.62,128.66,124.76,126.92,7284
2015-02-08,126.92,129.53,128.23,129.1,7581
2015-02-09,129.1,128.66,125.84,127.79,3546
2015-02-10,127.79,126.92,125.84,126.49,5228
2015-02-11,126.49,127.14,125.84,127.14,3329
2015-02-12,127.14,128.01,126.06,127.58,2586
2015-02-15,127.58,128.01,126.27,127.79,6219
2015-02-16,127.79,128.01,126.27,126.27,12457
2015-02-19,126.27,126.92,126.06,126.71,3481
2015-02-22,126.71,125.84,123.67,124.32,10290
2015-02-23,124.32,126.27,122.59,125.19,5715
2015-02-24,125.19,125.84,123.89,125.41,4706
2015-02-25,125.41,126.06,123.89,126.06,1253
2015-02-26,126.06,126.49,125.84,126.49,2154
2015-03-01,125.84,126.27,123.89,125.41,4085
2015-03-02,125.41,128.66,125.84,128.01,11945
2015-03-03,128.01,127.79,126.27,126.27,3082
2015-03-04,126.27,130.62,126.27,129.53,5160
2015-03-09,129.53,132.35,125.84,129.1,16342
2015-03-10,129.1,129.1,128.66,128.88,2380
2015-03-11,128.88,129.96,127.14,127.79,2754
2015-03-12,127.79,128.45,127.58,127.58,1902
2015-03-15,127.58,126.71,124.32,126.27,1670
2015-03-16,126.27,125.84,123.67,123.67,6796
2015-03-17,123.67,126.27,122.37,126.27,5732
2015-03-18,126.27,125.63,124.76,124.98,2038
2015-03-19,124.98,126.06,124.1,125.19,6203
2015-03-22,125.19,125.63,123.67,125.63,8588
2015-03-23,125.63,125.63,123.67,124.1,4481
2015-03-24,124.1,123.89,122.8,123.02,2401
2015-03-25,123.02,123.89,122.59,122.8,6345
2015-03-26,122.8,123.67,121.72,122.8,3624
2015-03-29,122.8,123.02,121.28,122.8,2492
2015-03-30,122.8,122.8,120.85,121.5,3570
2015-03-31,121.5,123.89,118.46,123.89,2461
2015-04-01,123.89,124.54,121.07,121.07,2176
2015-04-02,121.07,123.67,121.5,123.45,2717
2015-04-05,123.45,123.89,121.72,122.37,2182
2015-04-06,122.37,122.37,120.63,121.28,3100
2015-04-07,121.28,121.28,113.25,121.07,714
2015-04-08,121.07,123.02,121.5,122.8,4300
2015-04-09,122.8,123.67,121.07,122.8,5040
2015-04-12,122.8,124.54,123.02,123.67,5291
2015-04-13,123.67,125.63,122.37,123.24,2811
2015-04-15,123.24,124.32,121.5,124.1,3118
2015-04-16,124.1,124.76,122.59,124.1,5034
2015-04-19,124.1,123.67,121.5,121.5,12657
2015-04-20,121.5,126.06,122.8,124.1,16033
2015-04-21,124.1,129.96,124.98,125.63,7331
2015-04-22,125.63,126.71,122.8,126.27,2542
2015-04-23,125.84,126.06,124.54,124.98,4267
2015-05-24,124.98,123.02,123.02,123.02,10
2015-05-26,123.02,121.28,113.47,113.47,782
2015-05-27,113.47,111.74,105.22,105.22,17012
2015-05-28,105.22,109.56,103.71,108.48,10642
2015-05-31,108.48,114.78,110.0,113.9,14663
2015-06-01,113.9,119.54,115.64,118.68,20037
2015-06-02,118.68,119.33,115.64,119.33,11269
2015-06-03,119.33,127.14,119.98,123.45,12682
2015-06-04,123.45,124.1,121.72,123.45,13053
2015-06-07,123.45,124.76,122.8,124.76,6356
2015-06-08,124.76,128.88,124.76,127.58,9824
2015-06-09,127.58,131.48,126.49,130.18,27122
2015-06-10,130.18,128.66,126.71,127.14,9675
2015-06-11,127.14,127.14,123.67,124.32,5364
2015-06-14,124.32,124.54,122.59,124.32,4762
2015-06-15,124.32,126.27,122.37,125.41,2850
2015-06-16,125.41,124.32,120.85,123.67,11204
2015-06-17,123.67,124.76,122.8,123.67,7407
2015-06-18,123.67,123.89,122.37,122.37,3984
2015-06-21,122.37,123.24,120.63,121.5,16112
2015-06-22,120.2,123.89,119.98,123.89,2573
2015-06-23,123.89,124.1,122.37,123.67,9740
2015-06-24,123.67,125.41,123.02,123.67,3194
2015-06-25,124.76,124.76,123.67,123.67,10217
2015-06-28,124.1,124.54,122.8,123.89,6210
2015-06-29,125.41,125.84,123.02,124.32,4245
2015-06-30,123.67,124.76,123.45,124.76,4164
2015-07-01,126.71,126.71,123.89,124.76,6478
2015-07-02,123.89,123.89,122.59,122.59,2773
2015-07-05,122.59,123.02,122.37,122.8,6190
2015-07-06,121.72,123.45,121.72,123.45,3784
2015-07-07,121.72,124.76,121.72,123.24,4828
2015-07-08,123.24,124.54,123.24,124.54,5049
2015-07-09,124.32,125.41,124.1,125.41,2371
2015-07-12,123.45,124.76,123.45,124.76,5022
2015-07-13,125.84,126.71,125.41,125.84,8506
2015-07-14,125.84,126.92,125.41,126.49,5137
2015-07-15,125.84,126.92,125.84,126.92,2400
2015-07-16,126.92,132.13,126.06,132.13,14831
2015-07-22,134.09,136.69,132.35,133.87,42300
2015-07-23,133.87,141.03,134.09,141.03,40563
2015-07-26,141.03,152.53,143.2,152.53,8229
2015-07-27,152.53,159.7,141.47,143.42,69263
2015-07-28,143.42,145.16,137.78,142.12,40058
2015-07-29,142.12,143.2,140.16,142.12,21519
2015-07-30,142.12,144.5,141.03,143.2,26862
2015-08-02,143.2,148.85,144.29,148.41,38591
2015-08-03,148.41,147.54,144.94,147.33,35048
2015-08-04,147.33,146.89,144.29,146.68,28734
2015-08-05,146.68,147.54,145.37,146.46,22202
2015-08-06,146.89,149.28,145.37,147.54,18546
2015-08-09,147.54,154.71,147.54,150.15,21153
2015-08-10,150.15,150.8,147.54,149.72,31413
2015-08-11,149.72,150.37,145.37,146.02,15774
2015-08-12,146.02,147.11,144.29,145.59,13539
2015-08-13,146.46,147.54,143.2,145.81,48597
2015-08-16,146.46,148.63,140.81,148.63,47457
2015-08-17,151.01,160.78,150.8,160.78,94171
2015-08-18,163.39,172.5,158.39,170.33,49409
2015-08-19,173.15,184.65,173.15,184.65,47352
2015-08-20,187.69,199.41,183.57,183.57,47959
2015-08-23,180.53,186.6,172.94,180.97,29454
2015-08-24,180.09,181.4,176.19,177.28,25365
2015-08-25,174.46,180.75,171.63,180.09,20153
2015-08-26,180.09,180.09,175.75,177.06,18866
2015-08-27,177.93,182.27,176.84,177.71,26432
2015-08-31,175.98,179.01,175.98,176.84,21491
2015-09-01,176.84,178.8,175.98,176.84,13462
2015-09-02,177.93,179.01,173.8,178.58,35178
2015-09-03,181.62,181.62,175.1,176.19,36413
2015-09-06,173.59,177.28,170.55,175.33,22054
2015-09-07,177.71,177.93,174.67,174.89,2526
2015-09-08,175.75,177.49,174.67,174.89,12628
2015-09-09,175.75,176.62,173.15,173.59,19969
2015-09-10,175.54,175.54,170.98,171.2,13500
2015-09-13,171.85,174.67,171.85,174.67,18234
2015-09-14,176.84,176.62,174.67,175.54,17495
2015-09-15,178.58,178.58,174.46,176.62,14659
2015-09-16,177.93,177.93,173.59,175.75,10107
2015-09-17,177.93,177.93,171.42,172.07,21330
2015-09-22,174.89,174.89,167.08,167.08,23557
2015-09-23,169.9,180.31,169.9,180.09,104737
2015-09-24,180.97,183.13,175.75,178.14,141288
2015-09-28,178.1,175.5,169.51,174.19,8235
2015-09-29,176.54,175.75,171.85,172.63,2838
2015-09-30,173.15,175.23,169.24,170.8,5842
2015-10-01,170.55,172.63,170.55,171.85,5762
2015-10-04,172.11,172.89,170.28,171.33,16399
2015-10-05,171.59,171.85,170.8,170.8,5452
2015-10-06,169.24,169.24,166.64,169.24,4965
2015-10-07,169.24,169.24,165.86,167.95,8602
2015-10-08,168.2,169.24,166.38,167.16,7713
2015-10-11,165.6,166.12,161.95,164.04,9272
2015-10-14,166.64,174.98,166.64,167.68,57698
2015-10-15,166.9,170.55,166.64,168.47,19512
2015-10-18,169.76,171.33,169.24,169.24,26078
2015-10-19,169.24,170.55,168.99,170.03,36831
2015-10-25,169.24,169.24,168.2,169.24,780
2015-10-27,167.95,167.95,162.21,162.73,7754
2015-10-28,160.65,163.52,156.22,160.91,10009
2015-10-29,161.43,165.34,161.17,162.73,17028
2015-11-01,160.13,162.73,160.13,161.69,7581
2015-11-02,161.43,162.73,160.13,162.21,11028
2015-11-03,161.69,161.69,159.61,160.39,11370
2015-11-04,160.13,161.43,160.13,160.91,10457
2015-11-05,160.13,164.04,160.13,161.43,7390
2015-11-08,161.43,164.04,161.43,164.04,6958
2015-11-09,161.95,169.24,161.43,166.9,42618
2015-11-10,164.3,167.68,164.3,166.9,14316
2015-11-15,165.86,166.9,165.34,166.38,6289
2015-11-16,164.3,166.12,164.3,165.6,3654
2015-11-18,166.64,169.51,166.38,168.99,40862
2015-11-19,168.47,168.72,165.6,168.72,11012
2015-11-22,167.95,167.95,164.3,165.08,15266
2015-11-23,164.04,167.68,161.43,166.64,9076
2015-11-24,166.12,169.24,165.34,166.64,15817
2015-11-25,166.64,166.64,161.69,165.34,9282
2015-11-26,165.34,165.34,161.43,162.73,13772
2015-11-29,160.91,160.91,158.83,159.61,18286
2015-11-30,159.61,165.34,159.61,162.21,12945
2015-12-01,162.48,167.16,165.08,167.16,8954
2015-12-02,167.95,167.95,162.21,164.82,10209
2015-12-03,166.64,171.85,165.34,166.64,9986
2015-12-04,169.24,174.46,169.24,173.67,29359
2015-12-07,174.71,178.62,174.19,176.02,26508
2015-12-08,175.75,176.8,175.23,176.8,13001
2015-12-09,178.36,180.45,177.06,179.14,16609
2015-12-10,179.66,179.66,176.28,178.36,8913
2015-12-13,179.92,179.92,176.02,177.06,13476
2015-12-14,177.32,177.58,174.71,177.06,8989
2015-12-15,176.28,177.06,175.75,176.28,5580
2015-12-16,174.46,174.46,171.85,171.85,5717
2015-12-17,171.85,172.11,169.24,171.85,5175
2015-12-20,171.85,174.46,173.15,173.94,2424
2015-12-21,173.94,178.1,174.46,175.75,4526
2015-12-22,178.62,179.14,175.75,177.06,12603
2015-12-23,177.06,176.8,175.23,176.28,6448
2015-12-24,175.75,175.75,173.94,174.46,3382
2015-12-25,175.75,175.75,174.19,174.46,4772
2015-12-28,174.46,174.71,172.63,172.63,3946
2015-12-29,172.63,174.46,172.37,174.46,4837
2015-12-31,174.46,176.02,172.37,173.94,15326
2016-01-03,173.94,174.98,172.63,173.94,8166
2016-01-04,173.94,173.67,170.03,172.63,5521
2016-01-05,175.5,178.62,175.5,176.28,20148
2016-01-06,177.06,182.01,177.06,178.62,35033
2016-01-07,180.97,182.53,180.7,181.49,27081
2016-01-10,180.97,182.27,179.66,180.45,15540
2016-01-11,181.49,181.49,179.66,179.92,9996
2016-01-12,180.7,180.7,178.62,179.66,10216
2016-01-13,179.66,180.97,178.88,179.14,4624
2016-01-14,181.49,181.75,179.92,181.49,16131
2016-01-17,184.35,187.47,181.49,183.05,28602
2016-01-18,185.65,186.43,183.57,185.65,43293
2016-01-19,183.83,183.83,181.75,183.57,7788
2016-01-20,186.18,186.18,184.35,185.91,18605
2016-01-21,185.91,186.7,185.13,185.13,26946
2016-01-24,185.13,186.18,185.13,185.39,16034
2016-01-25,188.51,190.08,186.7,187.47,18186
2016-01-26,187.47,188.78,186.43,186.7,13417
2016-01-27,186.7,189.03,186.18,187.47,9601
2016-01-28,188.78,188.78,186.18,186.18,10131
2016-01-31,186.18,188.51,186.18,188.51,12505
2016-02-01,188.51,191.38,188.78,191.38,11953
2016-02-02,194.5,194.5,191.65,192.17,15288
2016-02-03,192.17,192.69,189.03,191.12,9270
2016-02-04,191.12,192.42,191.12,192.17,18771
2016-02-07,191.38,194.5,190.08,190.86,11972
2016-02-08,190.86,192.42,190.6,191.12,10988
2016-02-11,191.12,192.17,189.03,190.34,7289
2016-02-14,189.03,190.08,185.13,187.74,14201
2016-02-15,186.7,187.47,185.13,187.22,11106
2016-02-16,187.22,188.78,186.7,187.47,16892
2016-02-17,187.47,189.3,186.18,188.26,13742
2016-02-18,188.26,190.86,188.26,189.56,20221
2016-02-21,191.65,193.98,190.08,190.34,26296
2016-02-22,191.38,192.69,191.38,191.9,19646
2016-02-23,191.65,193.98,189.56,189.56,18094
2016-02-24,191.38,192.69,189.3,190.08,8918
2016-02-25,190.08,191.38,187.47,190.34,11918
2016-02-28,190.34,192.42,190.08,192.17,24920
2016-02-29,192.17,191.9,189.56,190.6,23691
2016-03-01,190.6,193.98,190.6,193.21,27281
2016-03-02,193.73,195.81,193.73,194.77,26073
2016-03-03,193.98,200.5,193.98,199.98,26414
2016-03-06,199.98,207.79,199.2,204.4,26128
2016-03-10,207.79,208.05,202.06,204.14,12167
2016-03-13,205.71,206.49,201.54,203.88,15264
2016-03-14,205.18,205.45,201.8,202.58,14802
2016-03-15,201.02,201.8,199.2,201.8,4817
2016-03-16,200.5,202.06,199.72,201.54,15469
2016-03-17,202.32,204.4,202.06,204.4,21843
2016-03-20,207.79,209.35,203.36,208.31,42476
2016-03-21,208.83,208.83,206.49,208.57,59483
2016-03-23,208.31,212.73,207.53,212.73,72796
2016-03-24,212.73,216.12,211.44,214.82,42399
2016-03-27,214.82,223.94,215.35,218.73,96909
2016-03-28,218.73,218.73,213.0,216.39,61701
2016-03-29,213.78,217.68,213.0,214.82,36082
2016-03-30,214.82,216.91,214.3,214.82,28979
2016-03-31,214.82,215.87,212.48,212.48,33174
2016-04-03,212.48,212.21,209.09,211.17,33191
2016-04-04,211.17,214.82,211.96,214.04,87704
2016-04-05,214.56,217.43,214.56,216.39,37344
2016-04-06,216.39,217.43,214.3,216.12,23865
2016-04-10,216.12,216.39,214.3,214.82,16583
2016-04-11,214.82,215.35,213.52,213.52,41683
2016-04-12,213.52,216.12,213.52,214.82,23272
2016-04-14,214.82,216.12,214.3,215.87,41452
2016-04-17,216.12,219.51,216.12,218.2,38355
2016-04-18,218.2,220.29,218.47,219.77,43903
2016-04-19,219.77,229.15,221.59,227.84,106725
2016-04-20,227.84,235.39,228.36,233.83,95303
2016-04-21,233.83,234.62,230.45,231.75,50787
2016-04-24,231.75,234.35,231.49,231.75,36606
2016-04-25,231.75,234.35,230.45,231.75,35497
2016-04-26,231.75,233.83,230.71,230.97,36348
2016-04-27,230.97,231.75,227.32,231.75,15009
2016-04-28,231.75,233.05,229.93,232.53,32638
2016-05-02,232.53,232.79,230.71,231.49,24976
2016-05-03,231.49,232.79,226.54,230.45,34975
2016-05-04,230.45,232.53,229.4,232.27,41586
2016-05-05,232.27,231.75,228.62,230.45,22579
2016-05-08,230.45,234.35,232.01,234.1,62744
2016-05-09,235.39,236.95,234.62,236.43,46061
2016-05-10,236.43,241.65,236.43,240.34,39604
2016-05-11,240.34,240.34,231.75,233.31,66690
2016-05-12,234.35,236.95,233.31,234.1,22664
2016-05-15,233.83,233.83,232.53,233.05,28049
2016-05-16,233.05,234.35,232.79,234.35,26928
2016-05-17,235.14,236.43,234.35,236.18,23274
2016-05-18,236.18,239.57,236.43,237.74,28761
2016-05-19,237.74,240.61,235.66,235.66,31893
2016-05-22,235.66,236.95,235.39,235.91,25724
2016-05-23,235.91,239.3,235.39,239.3,34313
2016-05-24,239.3,243.47,237.74,242.17,46361
2016-05-25,242.17,243.47,234.62,237.47,36702
2016-05-26,237.47,244.77,233.05,239.57,54472
2016-05-29,239.57,243.73,236.43,240.86,34318
2016-05-30,240.86,252.58,242.17,244.25,117380
2016-05-31,244.25,246.33,242.69,242.95,104588
2016-06-01,242.95,243.47,239.05,239.3,90305
2016-06-05,239.57,242.17,236.95,238.0,256572
2016-06-06,238.14,251.86,242.58,249.85,63778
2016-06-07,249.85,255.5,249.85,249.85,63364
2016-06-08,249.85,251.06,242.18,242.18,32340
2016-06-09,243.8,245.01,238.95,241.37,34152
2016-06-12,241.37,243.8,238.14,239.76,33161
2016-06-13,239.76,248.64,240.16,246.62,26014
2016-06-14,249.85,249.85,243.8,244.2,57713
2016-06-15,244.2,246.62,243.8,243.8,21508
2016-06-16,243.8,248.64,237.74,241.77,20291
2016-06-19,241.77,245.01,237.74,243.39,31372
2016-06-20,243.39,245.81,241.77,244.6,22228
2016-06-21,244.6,247.83,245.01,247.83,16259
2016-06-22,252.27,257.92,247.83,249.85,26079
2016-06-23,249.85,253.08,247.83,248.24,22795
2016-06-26,248.24,253.89,249.04,253.89,28810
2016-06-27,253.89,274.07,255.9,272.86,47405
2016-06-28,272.86,288.6,274.87,282.95,60359
2016-06-29,282.95,288.2,282.55,282.95,39389
2016-06-30,282.95,284.16,274.87,281.74,39799
2016-07-03,281.74,281.74,273.67,276.9,16673
2016-07-04,276.9,276.9,270.03,272.05,29344
2016-07-05,272.05,278.11,268.42,275.68,22718
2016-07-06,275.68,279.32,275.68,278.11,15886
2016-07-10,278.11,286.18,281.34,284.56,20794
2016-07-11,284.56,285.77,279.72,282.55,17532
2016-07-12,282.55,284.56,261.15,280.53,25344
2016-07-13,280.53,280.93,274.47,279.72,23267
2016-07-14,279.72,288.2,279.72,286.58,36136
2016-07-17,286.18,297.48,290.21,297.48,56592
2016-07-18,297.48,317.66,302.33,312.42,39551
2016-07-19,314.43,318.87,311.61,314.03,43370
2016-07-20,316.45,322.51,305.15,306.77,44779
2016-07-21,306.77,311.21,300.31,308.78,26741
2016-07-25,308.78,326.54,310.4,316.45,58643
2016-07-26,316.45,323.31,314.43,322.51,50559
2016-07-27,322.51,330.58,318.47,322.91,40799
2016-07-28,322.91,324.53,315.24,318.47,41941
2016-07-31,318.47,319.69,313.22,316.45,28513
2016-08-01,316.45,315.65,310.4,311.61,28959
2016-08-02,311.61,310.4,302.73,307.57,19076
2016-08-03,307.57,310.8,298.29,305.56,31185
2016-08-04,305.56,305.56,290.21,299.5,33607
2016-08-07,299.5,310.8,300.31,302.33,28173
2016-08-08,302.33,300.31,286.18,286.18,23537
2016-08-09,291.43,302.73,291.43,302.73,858
2016-08-10,308.38,314.43,296.68,305.56,48112
2016-08-11,307.57,307.57,300.71,302.33,21506
2016-08-14,303.13,303.13,294.25,297.48,16863
2016-08-15,294.25,294.25,282.95,290.62,35728
2016-08-16,288.6,304.34,286.99,296.27,25373
2016-08-17,298.29,301.12,297.08,299.9,18607
2016-08-21,301.52,302.33,294.25,295.46,10283
2016-08-22,294.65,294.65,289.81,291.43,11891
2016-08-23,287.39,300.31,287.39,288.2,23218
2016-08-24,292.23,298.69,288.6,292.64,11542
2016-08-28,294.25,305.56,292.23,297.88,23030
2016-08-29,303.13,315.65,300.71,312.42,36147
2016-08-30,318.07,326.54,315.24,322.1,105594
2016-08-31,324.53,324.53,318.47,320.89,34664
2016-09-01,321.7,323.72,318.47,319.69,38591
2016-09-04,322.51,322.51,308.78,316.05,50861
2016-09-05,314.43,314.43,308.38,309.19,43596
2016-09-06,310.4,314.43,308.38,310.4,49975
2016-09-07,306.36,310.4,305.56,306.36,23702
2016-09-08,308.38,308.38,299.5,304.34,19551
2016-09-11,303.94,303.94,297.08,301.52,18242
2016-09-12,304.34,313.63,304.34,313.63,63107
2016-09-14,314.43,318.47,314.43,316.05,44993
2016-09-18,314.84,314.84,305.56,305.96,24892
2016-09-20,311.61,312.01,300.31,301.52,22507
2016-09-21,307.17,307.17,295.87,298.69,60254
2016-09-22,298.7,296.83,288.88,289.82,20343
2016-09-25,298.7,296.83,288.88,289.82,20343
2016-09-26,282.8,296.83,281.4,288.41,10975
2016-09-27,290.28,292.15,285.61,287.48,8720
2016-09-28,292.15,292.15,282.8,285.14,8034
2016-09-29,285.14,287.48,281.4,287.48,10241
2016-10-02,292.15,292.15,282.8,283.27,11687
2016-10-03,287.48,292.15,287.01,290.28,13983
2016-10-04,291.69,291.69,280.0,289.35,19325
2016-10-05,291.69,291.69,287.48,289.82,19128
2016-10-06,292.15,292.15,287.95,291.69,28469
2016-10-16,292.15,292.15,282.8,282.8,10905
2016-10-17,283.74,285.61,281.4,283.27,17240
2016-10-18,282.8,283.27,276.26,277.19,25055
2016-10-19,275.79,280.47,275.79,280.47,15916
2016-10-20,280.93,282.8,275.79,276.73,18527
2016-10-23,278.13,284.67,273.92,274.86,41810
2016-10-24,280.0,280.0,269.72,273.45,21609
2016-10-25,278.6,278.6,268.78,272.05,27003
2016-10-26,273.45,278.13,268.78,271.59,22026
2016-10-27,273.45,277.19,268.78,272.99,11565
2016-11-03,271.12,273.45,264.11,270.65,8516
2016-11-07,266.44,272.05,264.11,265.98,15802
2016-11-08,264.57,264.57,257.09,259.43,21537
2016-11-09,257.09,259.43,247.75,255.22,31675
2016-11-10,257.09,260.37,252.89,257.09,21923
2016-11-13,252.89,259.43,251.02,256.63,18745
2016-11-14,252.89,258.5,252.89,258.5,14312
2016-11-15,261.77,261.77,257.09,257.09,18050
2016-11-16,257.09,257.09,253.35,254.76,9483
2016-11-17,254.76,254.76,245.41,248.68,28316
2016-11-20,247.75,251.02,236.06,243.07,35078
2016-11-21,238.86,249.62,234.66,244.01,38236
2016-11-22,240.73,247.28,236.06,241.2,24280
2016-11-23,241.2,241.67,236.06,240.73,33218
2016-11-24,244.47,248.68,236.99,240.73,29091
2016-11-27,238.4,240.73,227.65,230.92,36440
2016-11-28,227.18,245.41,219.7,239.33,34599
2016-11-29,239.33,245.41,231.38,245.41,38597
2016-11-30,245.41,252.42,241.67,250.08,47765
2016-12-01,250.08,254.76,245.41,248.68,35575
2016-12-04,248.68,248.68,240.73,244.47,23609
2016-12-05,243.54,244.01,240.27,240.73,9613
2016-12-06,240.73,247.28,240.73,245.41,27663
2016-12-07,248.21,248.21,244.01,246.34,30890
2016-12-08,245.41,245.41,244.01,244.47,12028
2016-12-11,243.54,245.41,241.67,241.67,12855
2016-12-12,242.6,243.07,236.06,241.2,9247
2016-12-14,241.67,244.47,240.73,243.54,9177
2016-12-15,245.41,245.41,241.67,244.01,13220
2016-12-18,244.94,245.41,241.67,244.47,8863
2016-12-19,243.07,244.01,240.27,241.67,10860
2016-12-20,240.27,242.6,235.59,240.27,14125
2016-12-21,240.27,240.27,236.99,237.46,7057
2016-12-22,236.06,240.73,235.12,236.53,6117
2016-12-26,236.99,236.99,229.05,229.98,12487
2016-12-27,227.65,232.32,222.5,224.37,18635
2016-12-28,224.37,228.58,222.04,223.91,20821
2016-12-29,226.71,232.79,226.71,228.58,16442
2017-01-01,231.38,236.99,230.92,231.38,23819
2017-01-02,232.79,244.01,232.79,243.07,57360
2017-01-03,243.07,247.28,236.06,240.73,38706
2017-01-04,238.4,243.07,237.46,239.33,10617
2017-01-05,240.73,243.54,238.4,239.33,23422
2017-01-08,238.4,240.27,231.38,235.12,64037
2017-01-09,237.46,239.33,232.32,236.53,27127
2017-01-10,236.53,240.73,236.53,240.27,9787
2017-01-11,244.47,247.75,233.72,238.4,16930
2017-01-12,238.4,240.73,237.46,240.73,13927
2017-01-15,238.4,239.8,235.12,236.06,24037
2017-01-16,236.06,236.99,235.12,235.12,15176
2017-01-17,236.06,239.8,233.72,239.8,8380
2017-01-18,239.33,240.73,235.12,236.06,11593
2017-01-19,236.06,236.99,233.72,234.66,14819
2017-01-22,234.66,236.06,233.25,233.72,9577
2017-01-23,230.45,233.72,229.52,229.98,24004
2017-01-24,234.19,234.19,224.84,224.84,14259
2017-01-25,224.37,226.24,216.89,219.23,18426
2017-01-26,215.49,224.37,211.75,215.49,27168
2017-01-30,213.62,213.62,205.68,206.14,29106
2017-01-31,204.27,214.56,201.0,208.01,22900
2017-02-01,211.75,226.24,210.82,226.24,24159
2017-02-02,230.45,238.4,217.83,220.17,29170
2017-02-05,217.36,220.17,212.69,217.36,4464
2017-02-06,217.36,218.76,210.35,217.36,13798
2017-02-07,221.1,221.1,213.62,217.36,16074
2017-02-08,217.36,217.36,211.28,212.69,11339
2017-02-09,210.35,215.02,208.01,208.95,28714
2017-02-12,205.21,208.95,201.47,202.87,23643
2017-02-13,201.94,213.62,195.39,210.35,32261
2017-02-14,208.01,212.69,200.53,209.42,23162
2017-02-15,209.42,215.02,209.42,214.56,19976
2017-02-16,218.3,220.63,212.69,215.96,26526
2017-02-19,217.36,219.7,212.22,218.76,33227
2017-02-20,222.5,227.65,215.96,216.89,22175
2017-02-21,218.3,222.04,214.09,216.89,24523
2017-02-22,215.02,215.96,211.75,214.56,10960
2017-02-23,214.56,214.56,210.35,210.35,11572
2017-02-26,211.28,213.15,208.01,209.42,10685
2017-02-28,206.61,209.88,205.68,208.95,16896
2017-03-01,208.95,213.62,208.95,212.69,11877
2017-03-02,216.43,216.89,212.69,215.96,21289
2017-03-05,217.36,221.1,217.36,219.23,43559
2017-03-06,220.17,222.97,218.3,219.23,36020
2017-03-07,219.23,219.23,214.09,215.02,83581
2017-03-09,215.02,216.78,206.84,216.78,24470
2017-03-13,213.27,222.04,213.27,220.28,11320
2017-03-14,222.04,222.04,217.36,217.36,10219
2017-03-15,216.19,220.87,213.27,216.78,6903
2017-03-16,216.19,221.45,216.19,218.53,11493
2017-03-19,218.53,222.04,216.78,220.87,12167
2017-03-20,222.04,228.46,222.04,225.54,19180
2017-03-21,229.05,236.64,218.53,236.06,76368
2017-03-22,239.57,248.91,238.4,241.32,34804
2017-03-23,240.73,245.41,236.64,239.57,20629
2017-03-26,243.66,250.67,233.72,245.41,37702
2017-03-28,245.41,259.43,245.41,251.84,23529
2017-03-29,251.84,271.7,247.75,250.67,59715
2017-03-30,250.67,254.17,240.73,249.5,32565
2017-04-02,252.42,262.94,251.25,262.94,25513
2017-04-03,265.86,274.04,253.59,254.17,54700
2017-04-04,254.17,268.78,247.75,255.34,24315
2017-04-06,255.34,261.77,249.5,251.84,31692
2017-04-09,256.51,258.85,248.33,249.5,34452
2017-04-10,251.25,251.25,246.58,249.5,24873
2017-04-11,254.17,262.94,249.5,255.93,28019
2017-04-12,260.6,261.77,254.76,257.09,28426
2017-04-13,252.42,258.85,251.25,257.09,29088
2017-04-16,260.02,260.02,248.91,248.91,35653
2017-04-18,244.24,248.33,239.57,241.32,26884
2017-04-19,241.32,254.17,240.73,253.0,21687
2017-04-20,256.51,257.09,247.75,249.5,22229
2017-04-23,254.17,263.52,248.91,250.67,25314
2017-04-24,254.17,255.93,247.16,247.75,16675
2017-04-25,248.33,249.5,243.66,245.41,23374
2017-04-26,245.41,245.99,242.49,242.49,10145
2017-04-27,243.07,244.82,239.57,240.73,14566
2017-04-30,244.24,244.24,236.06,236.64,33365
2017-05-02,233.72,243.07,233.72,238.4,28119
2017-05-03,241.32,245.99,233.72,238.4,38983
2017-05-04,234.89,241.9,234.89,235.48,18020
2017-05-07,239.57,239.57,232.55,233.72,12469
2017-05-08,233.72,237.81,233.72,234.89,8339
2017-05-09,234.89,236.64,231.97,234.89,17825
2017-05-11,236.64,236.64,233.72,235.48,18308
2017-05-15,237.23,237.23,234.89,235.48,10373
2017-05-16,234.31,236.06,233.72,234.89,5893
2017-05-17,234.89,236.64,232.55,233.72,8418
2017-05-18,233.72,234.31,231.38,233.72,29557
2017-05-21,235.48,238.4,227.88,231.97,11705
2017-05-22,236.06,236.06,224.96,227.88,13622
2017-05-23,230.8,233.72,230.22,233.14,10617
2017-05-24,233.14,233.72,229.63,231.38,11460
2017-05-28,232.55,233.72,227.29,227.88,24899
2017-05-30,227.88,233.14,222.04,225.54,11517
2017-05-31,225.54,230.8,224.96,229.05,10160
2017-06-01,230.8,233.14,228.46,229.05,14561
2017-06-04,230.8,230.8,226.13,227.88,8662
2017-06-05,227.88,233.72,227.88,230.8,13826
2017-06-06,233.72,236.64,231.38,233.72,22855
2017-06-07,238.4,238.4,232.55,232.55,11914
2017-06-08,232.55,233.72,227.88,232.55,12734
2017-06-11,233.14,233.14,224.96,227.88,10166
2017-06-12,227.88,230.8,225.54,226.13,6642
2017-06-13,224.37,227.88,220.87,226.71,9112
2017-06-14,227.88,227.88,222.62,223.79,7711
2017-06-15,220.28,227.88,220.28,227.88,12663
2017-06-18,227.88,229.05,220.87,222.04,12869
2017-06-19,222.04,222.04,216.78,217.95,14471
2017-06-20,216.19,222.04,213.27,219.11,13366
2017-06-21,216.19,222.04,216.19,219.11,8347
2017-06-22,222.04,222.62,219.11,222.04,13326
2017-06-25,224.37,224.96,222.62,222.62,13814
2017-06-27,223.79,224.96,222.04,223.2,10485
2017-06-28,220.87,222.04,220.28,222.04,12619
2017-07-02,222.04,222.04,216.19,217.95,11406
2017-07-03,218.53,221.45,216.19,217.36,10551
2017-07-04,217.36,218.53,216.19,218.53,9968
2017-07-05,219.11,223.79,219.11,223.79,8382
2017-07-06,224.96,228.46,222.04,227.88,27926
2017-07-09,227.88,238.4,229.63,233.72,33780
2017-07-10,233.72,234.31,229.05,231.97,19465
2017-07-11,232.55,233.72,227.88,233.72,14369
2017-07-12,234.31,236.06,229.05,236.06,10786
2017-07-13,234.89,237.81,233.72,235.48,21615
2017-07-16,234.89,237.23,233.72,234.89,8893
2017-07-17,230.22,237.23,230.22,236.64,8903
2017-07-18,238.4,240.15,236.64,238.98,9418
2017-07-19,235.48,240.73,235.48,240.15,24167
2017-07-20,238.4,239.57,237.23,238.4,17016
2017-07-23,233.72,233.72,227.29,229.63,43921
2017-07-24,227.88,227.88,224.96,226.71,19018
2017-07-25,227.88,229.63,222.62,224.37,12759
2017-07-26,224.96,224.96,221.45,224.37,27472
2017-07-27,224.37,225.54,221.45,222.04,22159
2017-07-30,219.11,223.79,219.11,220.87,23049
2017-07-31,222.04,227.88,222.04,223.79,19291
2017-08-01,223.2,223.79,221.45,221.45,12108
2017-08-02,222.04,226.71,222.04,223.79,26552
2017-08-03,223.79,230.8,223.2,225.54,51220
2017-08-06,224.96,229.05,224.96,228.46,30233
2017-08-07,227.88,229.63,227.88,229.05,26173
2017-08-09,226.71,229.63,226.13,226.13,16965
2017-08-10,224.96,226.71,222.04,222.62,23758
2017-08-13,226.71,226.71,219.11,220.28,16613
2017-08-15,222.04,222.04,216.19,219.11,23542
2017-08-16,222.04,222.04,216.19,222.04,19404
2017-08-17,222.04,222.04,217.36,222.04,17650
2017-08-20,223.2,223.2,216.78,219.11,20236
2017-08-21,217.36,220.87,217.36,219.11,26015
2017-08-22,219.11,222.04,217.36,222.04,40684
2017-08-23,222.04,223.79,219.11,220.87,51989
2017-08-24,220.87,222.04,217.36,220.28,140495
2017-08-27,220.28,223.2,219.11,219.11,113354
2017-08-28,218.93,219.61,210.12,212.83,25080
2017-08-30,213.51,214.18,204.02,204.69,21421
2017-08-31,204.69,207.41,203.34,203.34,22580
2017-09-04,205.37,205.37,199.27,199.27,27409
2017-09-06,202.66,206.73,196.56,199.95,15945
2017-09-07,198.59,201.98,197.92,201.3,15285
2017-09-10,204.69,204.69,196.56,198.59,21759
2017-09-11,196.56,199.95,196.56,199.95,17166
2017-09-12,197.24,199.95,196.56,197.92,16205
2017-09-13,197.92,198.59,196.56,197.24,9829
2017-09-14,197.24,206.73,197.24,202.66,19913
2017-09-17,206.05,210.79,201.98,204.69,13144
2017-09-18,206.05,206.73,202.66,204.02,8233
2017-09-20,204.02,204.69,199.27,199.95,12147
2017-09-24,202.66,204.69,199.95,203.34,8596
2017-09-25,203.34,207.41,203.34,204.69,6454
2017-09-26,206.73,209.44,206.05,208.76,9836
2017-10-03,203.34,208.76,203.34,206.73,5140
2017-10-04,202.66,206.73,202.66,205.37,12838
2017-10-08,203.34,205.37,196.56,203.34,10084
2017-10-09,203.34,203.34,198.59,200.63,6975
2017-10-10,197.92,203.34,197.92,199.95,5999
2017-10-11,199.27,201.98,196.56,198.59,13126
2017-10-12,200.63,200.63,197.92,198.59,10153
2017-10-15,199.95,201.3,195.88,195.88,12491
2017-10-16,197.92,205.37,197.92,205.37,31751
2017-10-17,209.44,212.15,205.37,208.08,23980
2017-10-18,206.73,212.15,206.05,208.76,12958
2017-10-22,208.76,218.25,208.76,213.51,12918
2017-10-23,213.51,214.18,206.73,210.79,15602
2017-10-24,210.79,211.47,207.41,210.12,8957
2017-10-25,207.41,208.76,205.37,206.73,11816
2017-10-29,205.37,205.37,202.66,203.34,12661
2017-10-30,203.34,206.05,201.98,203.34,17176
2017-10-31,203.34,203.34,201.3,201.98,8941
2017-11-01,200.63,201.98,199.27,200.63,13660
2017-11-02,199.95,201.98,199.27,199.95,18567
2017-11-05,198.59,199.95,196.56,199.95,18873
2017-11-06,199.95,200.63,196.56,199.95,16097
2017-11-07,201.98,201.98,196.56,198.59,8135
2017-11-08,195.2,196.56,193.17,196.56,14387
2017-11-09,196.56,199.27,189.78,196.56,7666
2017-11-12,196.56,199.27,194.53,199.27,8471
2017-11-13,197.92,201.98,197.92,201.3,12087
2017-11-14,200.63,204.02,199.95,201.3,17702
2017-11-15,203.34,203.34,196.56,196.56,27462
2017-11-16,198.59,200.63,197.92,198.59,4085
2017-11-19,198.59,198.59,196.56,197.24,9326
2017-11-20,195.2,198.59,195.2,197.92,7327
2017-11-21,197.92,199.27,197.92,197.92,4032
2017-11-22,196.56,199.95,196.56,198.59,8329
2017-11-23,198.59,201.3,193.17,199.95,75891
2017-11-26,199.95,205.37,198.59,204.69,17869
2017-11-27,204.69,206.05,201.3,206.05,47844
2017-11-28,210.12,209.44,202.66,206.05,19262
2017-11-29,206.73,208.08,204.69,206.05,22878
2017-11-30,204.02,206.73,202.66,204.69,20013
2017-12-04,208.76,208.76,201.3,202.66,11266
2017-12-05,201.98,204.02,201.3,201.98,45698
2017-12-06,201.3,206.73,201.3,203.34,14839
2017-12-10,207.41,208.08,201.98,201.98,9716
2017-12-11,205.37,205.37,200.63,203.34,11629
2017-12-12,206.05,206.05,199.27,199.27,8347
2017-12-13,197.24,202.66,196.56,201.3,28977
2017-12-14,204.69,204.69,200.63,201.3,6980
2017-12-17,203.34,203.34,197.92,199.95,18164
2017-12-18,201.3,201.3,197.92,199.27,19708
2017-12-19,199.95,199.95,197.92,195.2,5252
2017-12-20,197.24,198.59,196.56,197.24,16735
2017-12-21,196.56,198.59,196.56,197.24,5051
2017-12-24,197.92,199.27,196.56,197.24,9598
2017-12-26,198.59,198.59,194.53,195.2,13631
2017-12-27,192.49,195.88,191.82,193.85,11637
2017-12-28,191.82,193.17,189.1,191.14,24513
2017-12-31,189.78,191.14,188.43,189.78,14598
2018-01-01,190.46,196.56,189.78,194.53,24608
2018-01-02,196.56,197.24,193.17,196.56,20398
2018-01-03,197.92,197.92,193.17,193.85,7468
2018-01-04,193.85,195.2,191.14,193.17,10628
2018-01-07,193.17,196.56,193.17,195.2,5433
2018-01-08,196.56,196.56,194.53,196.56,8771
2018-01-09,196.56,197.24,189.78,196.56,40858
2018-01-10,195.88,196.56,194.53,196.56,11259
2018-01-14,199.27,199.27,191.14,193.17,17788
2018-01-16,195.2,195.2,189.78,191.82,7728
2018-01-17,191.14,191.82,189.78,189.78,36278
2018-01-21,189.78,190.46,188.43,189.78,17488
2018-01-22,189.78,189.78,187.75,189.1,11532
2018-01-23,185.72,189.1,184.36,185.04,14487
2018-01-24,181.65,185.04,180.97,183.0,18068
2018-01-25,180.29,186.39,178.26,186.39,24111
2018-01-28,185.72,189.78,184.36,189.1,28460
2018-01-29,189.78,189.78,185.72,185.72,10648
2018-01-31,185.72,186.39,185.04,186.39,8368
2018-02-01,185.72,187.07,185.04,185.04,14026
2018-02-04,181.65,187.75,181.65,185.72,12072
2018-02-05,186.39,186.39,183.0,184.36,4921
2018-02-06,183.68,185.72,183.0,185.04,4480
2018-02-07,183.0,186.39,181.65,183.0,14894
2018-02-08,183.68,186.39,183.0,186.39,5479
2018-02-11,186.39,186.39,183.0,185.04,5691
2018-02-12,183.68,185.04,183.68,185.04,9630
2018-02-14,187.07,187.07,185.04,186.39,7188
2018-02-15,189.78,196.56,183.68,195.2,41583
2018-02-18,195.2,197.92,191.82,193.17,22504
2018-02-20,195.2,195.2,187.07,191.82,7718
2018-02-21,189.78,189.78,187.75,187.75,5432
2018-02-22,186.39,191.14,185.72,187.75,6751
2018-02-25,188.43,189.78,186.39,187.07,4576
2018-02-26,189.78,189.78,183.68,183.68,9801
2018-02-27,183.68,185.72,183.0,183.0,11834
2018-02-28,182.33,183.68,182.33,183.0,10705
2018-03-04,180.97,180.97,173.52,178.94,10325
2018-03-06,178.26,181.65,174.87,180.29,17112
2018-03-07,180.29,183.0,178.94,181.65,7864
2018-03-11,181.65,181.65,175.55,178.26,7783
2018-03-12,178.26,180.29,172.84,179.62,7388
2018-03-13,183.0,183.0,177.58,179.62,5895
2018-03-14,179.62,183.0,176.9,183.0,5682
2018-03-15,180.97,184.36,180.97,181.65,7238
2018-03-18,184.36,184.36,178.26,178.94,6343
2018-03-19,178.26,178.94,175.55,176.23,12414
2018-03-20,178.94,178.94,174.19,174.87,6138
2018-03-21,173.52,175.55,169.45,172.84,15633
2018-03-22,172.16,175.55,170.13,174.19,18472
2018-03-26,170.8,170.8,166.06,168.09,15172
2018-03-27,166.06,180.97,159.96,171.48,22842
2018-03-28,166.74,175.55,164.7,170.8,37083
2018-03-29,173.52,176.9,170.13,173.52,9475
2018-04-01,170.13,171.48,166.74,169.45,9484
2018-04-02,172.84,172.84,169.45,172.84,3351
2018-04-03,170.8,172.84,169.45,171.48,12578
2018-04-04,171.48,174.87,170.8,173.52,14092
2018-04-05,172.84,177.58,172.84,174.87,38753
2018-04-08,175.55,184.36,172.84,181.65,43827
2018-04-09,183.0,184.36,178.26,178.94,31607
2018-04-10,176.23,180.29,174.19,175.55,13495
2018-04-11,174.87,178.26,173.52,176.23,8482
2018-04-12,179.62,179.62,174.19,176.23,22750
2018-04-15,176.23,177.58,171.48,177.58,9909
2018-04-16,178.26,179.62,173.52,177.58,12543
2018-04-17,177.58,180.29,174.19,176.9,24787
2018-04-18,180.29,186.39,178.26,179.62,46522
2018-04-19,183.0,187.75,176.9,186.39,42163
2018-04-22,186.39,201.3,189.78,199.27,71090
2018-04-23,199.27,203.34,189.78,193.17,77847
2018-04-24,191.14,194.53,187.75,190.46,24475
2018-04-25,189.78,193.17,187.75,191.14,16805
2018-04-26,187.75,189.1,183.0,183.68,24733
2018-04-29,180.29,185.04,178.26,183.0,16652
2018-05-02,182.33,185.04,180.97,183.0,8738
2018-05-03,186.39,188.43,180.29,185.04,13952
2018-05-06,183.0,184.36,181.65,181.65,8378
2018-05-07,180.29,181.65,179.62,179.62,14737
2018-05-08,180.29,185.72,178.94,185.72,7984
2018-05-09,185.72,186.39,180.97,182.33,4798
2018-05-10,182.33,183.0,180.29,180.97,5325
2018-05-14,180.97,180.97,178.26,178.26,9105
2018-05-15,180.97,180.97,176.9,177.58,6778
2018-05-16,178.94,180.29,178.26,180.29,5640
2018-05-17,180.29,181.65,179.62,181.65,12060
2018-05-20,181.65,183.0,179.62,180.29,5008
2018-05-21,180.29,180.29,178.26,178.94,5355
2018-05-22,177.58,182.33,177.58,178.26,4736
2018-05-23,177.58,178.94,177.58,178.26,57737
2018-05-24,178.26,178.94,176.23,176.23,14498
2018-05-27,176.23,176.9,173.52,175.55,10865
2018-05-28,174.87,181.65,172.16,179.62,13843
2018-05-29,180.29,180.29,176.23,178.94,6081
2018-05-30,176.23,180.97,176.23,177.58,5911
2018-05-31,176.23,177.58,176.23,176.9,3853
2018-06-03,176.23,179.62,172.84,173.52,20151
2018-06-04,172.84,176.9,168.09,169.45,17927
2018-06-06,170.13,176.23,170.13,173.52,5368
2018-06-07,172.84,172.84,166.06,170.13,24624
2018-06-10,169.45,169.45,166.06,169.45,17411
2018-06-11,166.06,172.84,164.7,169.45,10728
2018-06-12,167.42,168.09,163.35,166.06,37041
2018-06-13,164.03,166.74,164.03,165.38,6257
2018-06-14,166.06,168.09,164.7,165.38,12618
2018-06-17,163.35,167.42,162.67,164.03,3003
2018-06-18,162.67,166.06,161.99,166.06,6526
2018-06-19,166.06,166.06,162.67,162.67,1957
2018-06-20,162.67,164.03,161.99,163.35,4734
2018-06-21,159.96,163.35,159.96,162.67,14103
2018-06-24,162.67,165.38,161.32,163.35,8670
2018-06-25,168.09,168.09,157.93,164.03,21705
2018-06-26,161.32,162.67,157.93,157.93,10190
2018-06-27,157.93,160.64,157.93,159.28,7445
2018-06-28,159.28,161.99,158.6,160.64,8575
2018-07-01,154.54,157.25,154.54,153.18,10379
2018-07-02,155.89,158.6,154.54,158.6,9254
2018-07-03,156.57,158.6,154.54,157.25,7259
2018-07-04,156.57,159.96,155.89,159.28,6538
2018-07-05,156.57,164.7,156.57,164.7,21014
2018-07-08,164.7,166.06,161.99,164.03,10951
2018-07-09,161.32,164.03,161.32,163.35,8416
2018-07-10,161.99,164.7,161.99,163.35,8555
2018-07-11,162.67,164.03,160.64,161.32,7121
2018-07-12,161.32,161.32,156.57,157.25,22424
2018-07-15,157.25,159.28,155.21,156.57,11054
2018-07-16,155.89,160.64,155.89,159.28,8126
2018-07-17,157.93,159.96,157.25,157.93,9778
2018-07-18,158.6,158.6,153.18,153.86,36279
2018-07-19,153.86,153.86,151.83,151.83,22451
2018-07-22,153.18,154.54,151.83,151.83,32160
2018-07-23,151.83,154.54,151.83,154.54,10918
2018-07-24,153.86,157.25,152.5,154.54,21769
2018-07-25,153.86,154.54,152.5,153.86,16980
2018-07-26,152.5,153.18,151.15,153.18,9719
2018-07-29,152.5,153.86,152.5,153.86,9917
2018-07-30,154.54,156.57,153.86,155.21,12286
2018-07-31,154.54,155.89,153.86,151.83,11065
2018-08-01,154.54,157.25,154.54,153.18,10379
2018-08-02,156.57,157.93,155.89,157.93,10187
2018-08-05,157.25,157.93,155.21,156.57,13890
2018-08-06,156.57,157.93,156.57,157.25,9905
2018-08-07,155.89,158.6,155.89,157.25,8644
2018-08-08,155.89,157.93,155.89,157.93,11582
2018-08-09,158.6,158.6,156.57,156.57,3614
2018-08-12,155.89,157.25,155.21,155.21,8108
2018-08-13,155.21,157.93,154.54,157.25,5544
2018-08-14,157.25,157.93,155.21,157.93,8700
2018-08-15,157.93,162.67,157.93,162.67,10805
2018-08-16,162.67,165.38,159.28,161.99,13065
2018-08-19,159.96,161.99,159.28,159.96,5994
2018-08-20,157.93,159.28,157.25,157.25,12030
2018-08-21,155.21,159.28,155.21,157.93,19137
2018-08-22,157.93,158.6,156.57,157.93,6916
2018-08-23,159.96,159.96,156.57,159.28,8874
2018-08-26,156.57,159.28,156.57,157.25,3448
2018-08-28,155.89,157.25,154.54,155.89,13610
2018-08-29,156.57,157.93,156.57,157.93,4519
2018-08-30,158.6,159.28,156.57,159.28,7581
2018-09-02,158.6,162.67,157.25,159.96,11779
2018-09-03,159.96,164.7,158.6,161.99,19747
2018-09-04,161.99,164.03,159.96,164.03,22026
2018-09-05,163.35,176.23,163.35,166.06,32291
2018-09-06,165.38,174.19,165.38,167.42,35225
2018-09-09,168.09,168.77,166.06,166.06,16831
2018-09-10,165.38,165.38,161.99,163.35,8632
2018-09-11,162.67,166.74,161.32,166.06,9218
2018-09-12,166.74,168.77,165.38,168.77,10462
2018-09-13,168.77,171.48,168.77,170.13,30416
2018-09-16,170.13,178.94,170.13,173.52,58127
2018-09-17,176.23,176.23,170.8,174.19,16546
2018-09-18,174.19,174.19,170.8,173.52,13346
2018-09-20,170.8,174.19,169.45,170.8,9618
2018-09-23,168.09,176.23,168.09,173.52,17121
2018-09-25,173.52,179.62,172.84,178.26,53418
2018-09-26,176.23,185.04,176.23,181.65,54511
2018-09-27,182.33,183.0,176.9,177.58,14845
2018-09-30,174.87,176.23,171.48,173.52,23605
2018-10-01,176.23,176.23,168.77,168.77,37082
2018-10-02,166.74,172.84,166.74,170.13,16875
2018-10-03,169.45,170.13,167.42,168.77,10418
2018-10-04,168.09,168.77,164.03,164.03,24441
2018-10-07,164.03,165.38,160.64,161.99,18674
2018-10-08,161.32,165.38,161.32,164.03,7495
2018-10-09,162.67,166.06,162.67,160.64,9038
2018-10-10,162.67,164.7,161.99,163.35,4595
2018-10-11,163.35,168.09,163.35,168.09,2971
2018-10-14,166.06,171.48,166.06,171.48,4648
2018-10-15,172.84,174.19,168.09,168.09,23238
2018-10-21,169.45,170.13,166.06,168.77,3416
2018-10-22,170.8,170.8,167.42,168.09,7240
2018-10-23,170.13,170.13,166.74,167.42,7189
2018-10-24,167.42,169.45,167.42,167.42,7770
2018-10-25,168.77,168.77,166.06,166.06,12752
2018-10-28,165.38,165.38,163.35,163.35,15855
2018-10-29,161.32,164.03,161.32,162.67,8986
2018-10-30,162.67,166.06,162.67,166.06,6380
2018-10-31,164.03,165.38,163.35,164.7,4536
2018-11-01,163.35,164.7,162.67,163.35,10053
2018-11-04,163.35,163.35,159.28,159.28,12366
2018-11-05,158.6,163.35,158.6,163.35,7917
2018-11-14,163.35,164.03,161.99,162.67,6049
2018-11-15,162.67,163.35,161.99,161.99,17803
2018-11-18,161.99,162.67,159.96,160.64,15536
2018-11-19,160.64,161.32,158.6,161.32,12894
2018-11-20,161.32,161.32,159.28,159.28,8917
2018-11-21,159.28,161.99,156.57,161.99,15428
2018-11-22,161.99,164.7,157.93,158.6,8796
2018-11-25,159.25,159.25,155.89,156.57,10919
2018-11-26,156.71,157.25,155.21,155.89,18939
2018-11-27,155.89,157.93,155.89,156.57,9205
2018-11-28,156.57,157.25,155.21,155.89,7673
2018-11-29,155.89,155.89,153.18,154.54,8678
2018-12-02,154.54,155.89,152.5,153.86,15950
2018-12-03,154.54,157.25,153.86,155.21,10414
2018-12-04,155.21,155.21,153.86,154.54,9922
2018-12-06,151.15,153.86,148.44,150.47,14962
2018-12-09,150.47,153.18,149.11,153.18,14564
2018-12-10,153.18,156.57,153.18,153.18,8555
2018-12-11,153.18,154.54,151.15,151.83,23685
2018-12-12,151.83,151.83,142.34,145.73,64093
2018-12-13,145.73,147.76,143.69,147.08,21327
2018-12-16,147.08,151.83,147.08,147.76,17803
2018-12-17,147.76,148.44,145.73,147.76,23573
2018-12-18,147.76,149.11,145.05,145.73,27355
2018-12-19,145.73,146.4,144.37,145.05,14861
2018-12-20,145.05,147.08,145.05,145.05,13624
2018-12-23,145.05,150.47,145.05,149.11,33217
2018-12-24,149.11,151.15,147.08,147.76,23672
2018-12-25,147.76,149.11,145.73,149.11,29765
2018-12-26,149.11,154.54,147.08,152.5,27298
2018-12-27,152.5,155.21,149.79,149.79,54059
2018-12-30,149.79,152.5,149.79,149.79,12126
2018-12-31,149.79,151.15,147.76,147.76,23215
2019-01-01,147.8,151.01,145.39,148.91,9030
2019-01-02,148.91,150.31,146.1,149.61,6528
2019-01-03,149.61,150.31,148.2,148.91,8172
2019-01-06,148.91,148.91,147.5,147.5,9239
2019-01-08,148.91,150.31,148.2,149.61,13172
2019-01-09,149.61,151.72,149.61,150.31,14658
2019-01-10,150.31,151.01,149.61,150.31,9341
2019-01-13,150.31,154.52,150.31,153.82,29154
2019-01-14,153.82,154.52,151.01,153.12,5593
2019-01-15,153.12,153.82,151.01,153.12,11271
2019-01-16,153.12,153.82,151.72,153.82,8134
2019-01-17,153.82,153.82,151.01,153.12,16613
2019-01-20,153.12,153.12,150.31,151.72,6066
2019-01-21,151.72,151.72,149.61,149.61,11076
2019-01-22,149.61,151.72,148.2,148.2,22390
2019-01-23,148.2,151.01,148.2,149.61,21302
2019-01-24,149.61,150.31,148.91,148.91,11672
2019-01-27,148.91,149.61,147.5,148.91,10566
2019-01-28,148.91,148.91,146.8,147.5,12621
2019-01-29,147.5,148.91,147.5,147.5,9163
2019-01-30,147.5,150.31,146.8,147.5,5697
2019-01-31,147.5,148.91,143.99,146.8,83921
2019-02-03,149.61,149.61,144.69,146.1,17836
2019-02-04,145.39,146.1,143.99,145.39,23500
2019-02-05,143.29,146.1,143.29,144.69,5547
2019-02-06,144.69,145.39,143.99,143.99,13690
2019-02-07,143.29,145.39,143.29,145.39,14436
2019-02-10,144.69,145.39,143.29,143.29,9693
2019-02-11,143.29,146.1,142.58,143.29,10291
2019-02-12,143.29,143.99,142.58,143.99,4795
2019-02-13,143.99,144.69,140.48,142.58,16306
2019-02-14,140.48,142.58,140.48,142.58,7305
2019-02-17,142.58,144.69,141.18,141.18,15671
2019-02-18,140.48,142.58,140.48,141.88,8743
2019-02-19,140.48,142.58,140.48,142.58,17940
2019-02-20,143.99,143.99,141.18,141.18,3895
2019-02-21,141.18,143.29,141.18,142.58,6729
2019-02-24,145.39,145.39,140.48,140.48,9899
2019-02-25,139.77,141.88,139.77,141.88,4518
2019-02-26,141.18,141.88,141.18,141.18,5373
2019-02-27,143.99,143.99,141.18,141.88,5641
2019-03-03,141.18,143.29,140.48,141.18,10958
2019-03-05,141.18,141.88,140.48,141.18,9226
2019-03-06,140.48,143.29,140.48,143.29,6156
2019-03-07,143.29,146.1,141.88,146.1,18990
2019-03-09,146.1,146.1,143.29,144.69,3173
2019-03-10,146.1,146.1,143.29,144.69,3173
2019-03-11,144.69,150.31,144.69,150.31,20883
2019-03-12,150.31,151.72,148.2,151.01,20549
2019-03-13,150.31,151.72,147.5,149.61,29031
2019-03-14,143.99,148.2,143.99,147.5,12417
2019-03-17,146.8,149.61,146.8,147.5,9374
2019-03-18,146.8,148.91,146.1,146.8,12192
2019-03-19,146.8,146.8,145.39,146.1,8689
2019-03-21,145.39,146.1,142.58,146.1,47537
2019-03-24,143.99,146.1,143.29,143.99,10893
2019-03-25,143.29,146.1,143.29,144.69,13518
2019-03-26,143.99,146.8,143.99,146.8,6928
2019-03-27,146.8,146.8,144.69,146.1,25554
2019-03-28,144.69,146.8,144.69,146.8,12193
2019-03-31,146.8,148.2,146.1,146.8,27052
2019-04-01,146.1,149.61,146.1,148.91,22963
2019-04-02,148.91,153.82,148.91,153.82,71664
2019-04-03,155.23,155.23,151.01,153.12,42896
2019-04-04,151.01,153.82,151.01,151.72,19707
2019-04-07,151.72,157.33,150.31,154.52,43037
2019-04-08,154.52,159.44,154.52,157.33,72055
2019-04-09,155.93,158.04,154.52,154.52,14789
2019-04-10,152.42,158.04,152.42,155.93,13866
2019-04-11,156.63,156.63,155.23,156.63,13346
2019-04-15,155.23,157.33,154.52,156.63,14098
2019-04-16,157.33,160.85,156.63,159.44,21814
2019-04-17,159.44,165.06,158.74,164.36,54745
2019-04-18,164.36,167.17,163.66,166.47,47149
2019-04-21,166.47,166.47,160.85,163.66,48389
2019-04-22,165.06,166.47,158.04,159.44,47953
2019-04-23,158.04,161.55,158.04,161.55,42713
2019-04-24,158.74,165.76,158.74,165.06,50706
2019-04-25,167.17,169.98,163.66,165.06,51520
2019-04-28,167.87,170.68,160.14,161.55,65587
2019-04-29,160.14,162.25,158.04,160.85,23776
2019-04-30,158.74,162.25,158.04,160.14,23438
2019-05-02,159.44,160.14,157.33,158.04,23973
2019-05-05,156.63,158.04,155.23,155.23,18303
2019-05-06,157.33,162.95,155.23,160.85,19184
2019-05-07,161.55,163.66,158.74,158.74,28891
2019-05-08,160.85,160.85,158.04,158.04,5207
2019-05-09,158.04,159.44,157.33,157.33,15486
2019-05-12,154.52,158.04,154.52,158.04,13958
2019-05-13,158.74,158.74,155.93,157.33,15186
2019-05-14,157.33,164.36,155.93,158.74,19358
2019-05-15,158.74,167.17,158.74,164.36,114893
2019-05-16,168.57,168.57,161.55,165.06,46218
2019-05-19,163.66,164.36,160.14,163.66,22036
2019-05-20,161.55,165.06,160.85,160.85,22558
2019-05-21,160.85,162.95,160.85,161.55,21743
2019-05-22,162.95,164.36,161.55,162.95,30698
2019-05-23,162.95,162.95,159.44,161.55,20495
2019-05-26,162.95,162.95,158.74,160.14,18909
2019-05-27,158.04,160.14,158.04,158.04,22869
2019-05-28,158.04,160.85,157.33,158.04,17524
2019-05-29,158.04,161.55,158.04,160.14,10014
2019-05-30,167.87,168.57,159.44,159.44,69473
2019-06-02,159.44,161.55,158.04,160.85,15169
2019-06-03,164.36,164.36,157.33,157.33,26445
2019-06-04,158.04,158.74,156.63,156.63,21630
2019-06-06,156.63,158.04,155.93,155.93,12346
2019-06-10,155.23,157.33,155.23,155.23,34448
2019-06-11,155.23,158.04,155.23,155.93,11614
2019-06-12,156.63,156.63,155.23,156.63,15898
2019-06-13,156.63,156.63,154.52,155.93,21862
2019-06-16,154.52,155.93,153.12,154.52,35029
2019-06-17,151.72,156.63,153.12,155.23,18206
2019-06-18,153.82,157.33,153.82,157.33,10367
2019-06-19,157.33,157.33,155.23,155.93,10414
2019-06-20,155.93,157.33,154.52,155.93,23809
2019-06-23,155.23,155.93,153.82,155.23,17230
2019-06-24,154.52,155.23,153.82,154.52,16377
2019-06-25,153.12,156.63,152.42,154.52,38333
2019-06-26,154.52,156.63,153.12,153.12,41255
2019-06-27,154.52,156.63,154.52,155.23,11776
2019-06-30,155.23,160.85,154.52,154.52,22615
2019-07-01,154.52,156.63,153.12,154.52,12273
2019-07-02,155.23,157.33,154.52,157.33,20121
2019-07-03,158.74,160.14,155.93,158.74,23227
2019-07-04,158.74,159.44,157.33,157.33,31885
2019-07-07,156.63,158.74,155.23,156.63,18417
2019-07-08,156.63,156.63,154.52,154.52,33842
2019-07-09,154.52,155.93,153.82,154.52,8706
2019-07-10,157.33,157.33,155.23,155.93,10551
2019-07-11,156.63,158.04,155.93,155.93,31664
2019-07-14,157.33,158.74,155.23,155.93,14215
2019-07-15,154.52,158.04,154.52,158.04,10727
2019-07-16,158.04,158.04,155.93,157.33,10287
2019-07-17,157.33,160.85,155.93,160.85,16707
2019-07-18,161.55,162.25,159.44,159.44,12662
2019-07-21,160.14,160.14,158.04,159.44,9513
2019-07-22,159.44,162.25,158.04,160.14,13540
2019-07-23,160.14,162.95,160.14,162.25,37268
2019-07-24,162.25,163.66,161.55,162.95,21060
2019-07-25,161.55,162.95,159.44,160.14,33283
2019-07-28,159.44,159.44,155.23,158.74,28081
2019-07-29,158.04,158.74,156.63,157.33,15965
2019-07-30,157.33,159.44,157.33,159.44,12165
2019-07-31,158.04,158.74,156.63,158.74,11169
2019-08-01,158.04,158.74,156.63,157.33,9700
2019-08-04,158.74,158.74,155.93,156.63,9751
2019-08-05,155.23,158.04,155.23,156.63,47553
2019-08-06,156.63,156.63,154.52,155.23,18574
2019-08-07,153.82,156.63,153.82,155.23,13160
2019-08-08,155.23,155.23,154.52,155.23,9053
2019-08-11,155.23,155.23,153.82,153.82,11066
2019-08-12,153.82,155.93,153.82,154.52,8456
2019-08-13,154.52,155.23,153.12,154.52,15697
2019-08-14,153.82,154.52,152.42,152.42,13725
2019-08-15,153.12,153.82,151.72,153.82,5797
2019-08-18,154.52,154.52,151.72,152.42,10765
2019-08-19,152.42,155.93,151.72,153.12,20165
2019-08-20,153.12,153.82,151.01,151.72,11654
2019-08-21,152.42,152.42,150.31,151.01,16029
2019-08-22,151.72,153.12,150.31,150.31,20099
2019-08-25,149.61,151.72,148.91,150.31,11279
2019-08-26,149.61,151.72,149.61,151.01,17199
2019-08-27,153.82,154.52,151.72,153.12,30562
2019-08-28,155.93,155.93,152.42,153.12,17868
2019-08-29,153.82,154.52,152.42,152.42,15166
2019-09-01,151.01,153.12,151.72,151.72,36822
2019-09-02,151.72,151.72,151.01,151.01,20342
2019-09-03,150.31,154.52,150.31,154.52,18411
2019-09-04,152.42,155.23,151.72,153.82,25364
2019-09-05,153.12,156.63,153.12,153.82,66045
2019-09-08,153.82,156.63,153.82,154.52,34359
2019-09-09,155.93,155.93,153.82,155.93,18743
2019-09-10,155.93,157.33,155.23,155.93,20601
2019-09-11,155.23,156.63,154.52,155.93,10203
2019-09-12,154.52,156.63,154.52,155.93,19670
2019-09-15,155.93,155.93,153.12,153.12,26677
2019-09-16,153.82,153.82,151.72,152.42,68915
2019-09-17,149.76,149.76,139.63,144.69,38517
2019-09-18,145.41,146.14,143.97,146.14,18139
2019-09-19,143.97,147.59,143.24,143.97,16389
2019-09-22,141.8,141.8,140.35,140.35,12771
2019-09-23,140.35,141.8,139.63,141.8,8949
2019-09-24,140.35,141.8,138.18,139.63,10812
2019-09-26,138.9,140.35,138.9,139.63,6553
2019-09-29,138.18,139.63,138.18,139.63,5492
2019-09-30,138.9,141.07,137.46,139.63,1218
2019-10-01,138.9,142.52,138.9,140.35,4667
2019-10-02,141.07,141.8,140.35,141.8,3679
2019-10-03,142.52,143.97,141.8,143.24,4578
2019-10-10,142.52,142.52,141.8,142.52,1894
2019-10-14,141.8,142.52,140.35,140.35,7886
2019-10-15,140.35,141.8,138.9,139.63,10595
2019-10-16,138.9,141.07,138.9,140.35,6424
2019-10-17,140.35,141.07,138.9,140.35,3695
2019-10-20,142.52,144.69,138.9,139.63,3664
2019-10-21,138.9,139.63,138.18,138.9,4744
2019-10-22,137.46,141.8,137.46,141.8,5188
2019-10-23,142.52,142.52,141.07,141.8,8363
2019-10-24,142.52,143.24,141.07,142.52,17098
2019-10-31,141.07,141.07,138.18,138.9,27122
2019-11-03,138.9,138.9,138.18,138.9,4051
2019-11-04,138.18,138.9,137.46,138.18,7564
2019-11-05,138.9,140.35,137.46,138.9,9041
2019-11-06,137.46,138.9,137.46,138.18,7745
2019-11-07,137.46,138.18,136.01,137.46,13838
2019-11-10,137.46,138.18,136.73,137.46,18782
2019-11-11,136.73,138.9,136.01,138.18,9920
2019-11-12,136.73,138.9,136.01,136.73,10778
2019-11-13,136.01,137.46,136.01,136.01,5122
2019-11-14,136.01,137.46,135.29,135.29,11948
2019-11-17,134.56,135.29,133.84,134.56,11381
2019-11-18,135.29,135.29,133.84,133.84,5086
2019-11-19,133.84,134.56,133.12,134.56,1971
2019-11-20,134.56,135.29,133.12,133.12,8031
2019-11-21,133.84,134.56,131.67,132.39,9698
2019-11-24,131.67,131.67,130.22,131.67,12841
2019-11-25,130.95,133.12,130.22,131.67,34136
2019-11-26,131.67,132.39,130.22,130.22,13398
2019-11-27,130.22,131.67,129.5,130.22,5675
2019-11-28,130.22,130.95,129.5,130.22,13164
2019-12-01,130.22,130.95,128.78,130.22,6267
2019-12-02,129.5,132.39,129.5,130.95,2372
2019-12-03,130.95,133.12,130.22,132.39,7072
2019-12-04,131.67,133.12,130.95,131.67,3403
2019-12-05,133.12,134.56,132.39,132.39,5007
2019-12-08,132.39,132.39,130.95,131.67,3405
2019-12-09,132.39,135.29,131.67,135.29,8672
2019-12-10,135.29,136.01,133.12,133.12,15232
2019-12-11,133.84,137.46,133.12,136.73,7202
2019-12-12,136.73,136.73,133.84,136.73,6690
2019-12-15,137.46,139.63,136.01,136.01,19584
2019-12-16,137.46,137.46,134.56,134.56,6202
2019-12-17,133.84,135.29,133.84,133.84,7561
2019-12-18,135.29,135.29,134.56,134.56,3913
2019-12-19,133.12,134.56,133.12,133.12,7853
2019-12-22,132.39,133.12,131.67,132.39,7386
2019-12-23,131.67,133.84,131.67,132.39,8221
2019-12-24,131.67,133.84,131.67,131.67,9076
2019-12-25,131.67,132.39,130.22,132.39,17496
2019-12-26,131.67,132.39,130.95,131.67,5034
2019-12-29,131.67,131.67,130.22,131.67,7622
2019-12-30,131.67,131.67,130.22,131.67,7439
2019-12-31,130.95,132.39,130.22,130.95,13368
2020-01-01,130.95,132.39,130.95,132.39,3921
2020-01-02,131.67,132.39,130.95,130.95,5731
2020-01-05,128.78,136.73,130.95,134.56,14943
2020-01-06,136.73,143.24,136.01,141.07,46510
2020-01-07,141.8,144.69,139.63,143.24,36650
2020-01-08,144.69,144.69,139.63,139.63,27516
2020-01-09,139.63,141.8,138.9,140.35,8453
2020-01-12,139.63,143.97,139.63,143.24,24556
2020-01-13,146.14,148.31,143.97,146.86,83368
2020-01-14,147.59,147.59,143.24,143.24,23479
2020-01-15,145.41,149.03,143.24,146.86,41925
2020-01-16,149.76,154.82,147.59,151.2,64105
2020-01-19,154.1,154.1,151.2,154.1,48217
2020-01-20,151.2,151.93,145.41,146.86,83732
2020-01-21,145.41,149.76,144.69,145.41,36742
2020-01-22,148.31,148.31,142.52,142.52,15152
2020-01-23,141.07,145.41,140.35,141.07,36287
2020-01-26,139.63,140.35,137.46,138.18,39225
2020-01-27,136.73,142.52,136.73,138.9,18704
2020-01-28,140.35,141.07,137.46,137.46,29650
2020-01-29,138.18,140.35,137.46,138.9,25062
2020-01-30,138.9,143.24,138.18,141.07,29778
2020-02-02,142.52,147.59,141.07,144.69,59216
2020-02-03,146.86,148.31,144.69,146.86,33047
2020-02-04,146.86,146.86,143.97,143.97,20044
2020-02-05,143.97,144.69,142.52,143.24,17835
2020-02-06,143.24,143.97,142.52,143.24,14612
2020-02-09,142.52,143.24,141.07,141.07,11077
2020-02-10,140.35,141.8,139.63,140.35,16190
2020-02-11,141.8,143.97,140.35,143.24,21786
2020-02-12,144.69,144.69,141.07,141.07,25704
2020-02-13,141.07,143.24,139.63,140.35,17855
2020-02-16,141.8,141.8,138.18,140.35,26503
2020-02-17,142.52,144.69,141.8,143.24,46332
2020-02-18,144.69,148.31,141.07,143.24,58010
2020-02-19,142.52,144.69,142.52,143.97,23910
2020-02-20,143.97,144.69,141.8,143.97,28890
2020-02-23,145.41,157.71,143.97,152.65,132558
2020-02-24,152.65,159.16,151.2,152.65,122290
2020-02-25,151.93,154.1,149.76,154.1,53606
2020-02-26,156.27,158.44,154.1,158.44,108347
2020-02-27,155.54,166.39,151.2,166.39,196970
2020-03-01,166.39,173.63,162.05,162.05,185284
2020-03-02,159.88,162.05,154.1,154.1,81135
2020-03-03,154.1,161.33,148.31,153.37,105104
2020-03-04,153.37,155.54,147.59,150.48,109394
2020-03-05,148.31,150.48,146.14,147.59,62896
2020-03-10,144.69,144.69,138.9,138.9,51278
2020-03-11,141.07,146.14,137.46,146.14,51654
2020-03-12,146.14,146.86,139.63,141.07,51492
2020-03-15,138.9,138.9,133.84,137.46,65859
2020-03-16,135.29,139.63,133.12,138.18,44594
2020-03-17,137.46,137.46,133.12,134.56,38982
2020-03-18,133.12,133.84,130.22,133.84,50199
2020-03-19,131.67,136.01,128.05,133.84,55519
2020-03-22,132.39,133.12,130.22,130.22,3796
2020-05-13,128.05,128.05,126.6,126.6,23
2020-06-29,124.43,124.43,118.65,125.16,12624
2020-06-30,123.71,130.22,122.99,130.22,2569
2020-07-01,131.67,143.24,131.67,143.24,4143
2020-07-02,145.41,145.41,132.39,133.84,7729
2020-07-05,131.67,134.56,127.33,133.12,21920
2020-07-06,133.12,138.9,132.39,135.29,24947
2020-07-07,133.12,140.35,133.12,138.18,22034
2020-07-08,138.18,138.9,133.84,134.56,25367
2020-07-09,133.84,136.01,132.39,133.84,31474
2020-07-12,133.84,138.18,132.39,134.56,18591
2020-07-13,136.73,136.73,132.39,133.84,18021
2020-07-14,133.12,134.56,132.39,134.56,21912
2020-07-15,134.56,136.01,133.84,136.01,28221
2020-07-16,137.46,141.8,137.46,140.35,27595
2020-07-19,142.52,147.59,142.52,147.59,30
2020-07-20,154.82,162.05,146.14,150.48,142944
2020-07-21,149.76,151.2,146.86,148.31,70175
2020-07-22,149.76,151.93,143.97,146.14,31673
2020-07-23,153.37,153.37,142.52,145.41,22688
2020-07-26,146.14,147.59,143.97,146.86,48485
2020-07-27,144.69,147.59,144.69,145.41,33724
2020-07-28,143.97,145.41,143.97,144.69,41744
2020-07-29,143.24,144.69,141.8,141.8,39571
2020-07-30,141.8,143.24,140.35,141.8,17313
2020-08-02,142.52,143.97,140.35,141.07,62141
2020-08-03,141.07,142.52,138.18,142.52,40578
2020-08-05,142.52,144.69,140.35,141.07,39412
2020-08-06,140.35,143.24,139.63,141.8,45975
2020-08-09,143.97,143.97,139.63,142.52,35451
2020-08-10,142.52,145.41,141.8,145.41,54068
2020-08-11,151.93,151.93,143.24,145.41,35252
2020-08-12,143.97,146.14,143.24,145.41,30709
2020-08-13,142.52,144.69,141.07,143.24,42795
2020-08-16,141.07,141.8,139.63,140.35,29924
2020-08-17,138.9,141.07,138.18,141.07,19727
2020-08-18,141.07,141.8,139.63,139.63,21697
2020-08-19,137.46,139.63,137.46,138.18,37133
2020-08-20,137.46,139.63,137.46,139.63,12716
2020-08-23,141.07,141.8,137.46,139.63,14989
2020-08-24,138.18,142.52,138.18,140.35,19219
2020-08-25,140.35,141.07,138.9,139.63,16641
2020-08-26,139.63,143.24,138.9,142.52,37107
2020-08-27,144.69,147.59,140.35,140.35,45878
2020-08-30,140.35,140.35,138.18,140.35,20730
2020-08-31,139.63,141.8,138.9,139.63,62981
2020-09-02,141.8,143.24,140.35,142.52,62447
2020-09-03,143.24,143.97,140.35,140.35,35840
2020-09-06,146.14,146.86,140.35,141.07,56911
2020-09-07,141.07,141.07,138.9,140.35,41749
2020-09-08,138.9,141.07,138.9,140.35,33357
2020-09-09,138.9,140.35,138.9,140.35,29906
2020-09-10,140.35,142.52,138.9,140.35,40875
2020-09-13,146.86,146.86,138.18,141.8,46209
2020-09-14,141.8,143.97,141.07,141.8,61095
2020-09-15,143.24,144.69,140.35,141.07,47575
2020-09-16,140.35,141.8,139.63,141.8,43447
2020-09-17,148.31,148.31,140.35,146.86,103836
2020-09-20,154.1,154.1,148.31,150.48,114980
2020-09-21,151.93,153.37,148.31,151.2,122040
2020-09-22,149.76,151.2,145.41,147.59,90800
2020-09-23,148.31,148.31,145.41,147.59,38028
2020-09-24,146.14,151.2,146.14,149.76,66787
2020-09-27,150.48,156.27,149.76,153.37,152800
2020-09-28,155.54,156.99,151.93,154.1,68104
2020-09-29,151.93,152.65,150.48,150.48,33830
2020-09-30,147.59,151.93,147.59,151.2,50056
2020-10-01,152.65,155.54,151.93,154.82,110411
2020-10-04,156.99,157.71,154.1,156.99,119678
2020-10-05,156.27,167.12,156.27,160.61,199758
2020-10-06,162.05,162.05,157.71,159.16,67620
2020-10-07,159.88,162.78,157.71,160.61,83043
2020-10-08,159.88,163.5,159.16,159.88,78663
2020-10-11,159.16,160.61,156.27,156.99,73674
2020-10-12,156.99,158.44,154.1,158.44,38207
2020-10-13,151.93,159.16,151.93,156.27,54842
2020-10-14,154.82,156.99,154.1,155.54,33569
2020-10-15,157.71,158.44,154.1,155.54,35095
2020-10-18,159.16,159.16,153.37,154.1,30984
2020-10-19,154.82,162.05,154.1,159.16,125528
2020-10-20,162.78,162.78,158.44,159.16,72684
2020-10-21,161.33,162.05,157.71,159.88,56875
2020-10-22,160.61,160.61,158.44,159.16,93641
2020-10-28,162.78,175.08,162.78,174.35,456474
2020-10-29,183.03,183.03,172.18,172.91,295967
2020-11-01,175.08,175.08,170.01,171.46,135786
2020-11-02,171.46,172.18,167.84,167.84,111441
2020-11-03,167.84,171.46,167.84,169.29,75511
2020-11-04,168.57,170.01,167.84,168.57,62713
2020-11-05,170.74,170.74,167.84,167.84,88066
2020-11-08,169.29,170.74,167.84,168.57,89526
2020-11-09,162.05,170.01,162.05,167.12,104025
2020-11-10,167.12,169.29,166.39,167.12,111310
2020-11-11,167.84,170.01,167.12,169.29,52445
2020-11-12,169.29,173.63,169.29,172.18,79887
2020-11-18,173.63,175.08,170.74,173.63,105328
2020-11-19,175.8,176.52,171.46,172.18,106527
2020-11-22,175.08,180.14,173.63,178.69,274698
2020-11-23,178.69,181.59,175.8,177.97,174376
2020-11-24,186.65,186.65,175.8,177.97,98778
2020-11-25,180.86,185.2,177.97,182.31,371053
2020-11-26,183.61,192.21,183.61,185.96,222820
2020-11-29,188.3,203.93,188.3,203.93,417143
2020-11-30,214.09,217.21,197.68,200.8,366008
2020-12-01,200.8,203.15,190.65,194.55,229726
2020-12-02,195.33,195.33,190.65,194.55,216282
2020-12-03,198.46,198.46,189.86,190.65,106052
2020-12-06,190.65,190.65,179.71,180.49,172682
2020-12-07,189.08,189.08,179.71,184.39,99683
2020-12-08,192.99,192.99,182.83,182.83,110680
2020-12-09,179.71,183.61,179.71,180.49,98750
2020-12-10,179.71,182.05,178.14,180.49,65952
2020-12-13,189.08,189.08,180.49,186.74,113267
2020-12-14,195.33,195.33,185.96,189.08,143577
2020-12-15,187.52,190.65,185.96,186.74,77897
2020-12-16,195.33,195.33,184.39,185.18,49123
2020-12-17,185.96,189.08,183.61,185.96,142385
2020-12-20,187.52,187.52,178.14,179.71,121309
2020-12-21,176.58,185.96,173.46,181.27,140047
2020-12-22,184.39,192.21,182.05,189.86,179196
2020-12-23,192.21,197.68,187.52,188.3,180520
2020-12-24,187.52,190.65,186.74,188.3,84007
2020-12-27,191.43,194.55,185.18,187.52,93729
2020-12-28,185.96,189.86,185.96,188.3,145259
2020-12-29,186.74,194.55,186.74,191.43,160376
2020-12-30,190.65,193.77,190.65,192.99,113122
2020-12-31,195.33,201.58,192.99,198.46,279572
2021-01-03,197.68,213.3,197.68,212.52,337138
2021-01-04,212.52,224.24,208.62,210.96,479816
2021-01-05,210.96,225.02,207.05,219.55,261794
2021-01-06,220.34,226.59,218.77,224.24,235280
2021-01-07,225.02,229.71,221.12,228.15,358693
2021-01-10,239.09,239.87,228.93,239.87,386128
2021-01-11,243.78,243.78,228.93,231.27,251101
2021-01-12,231.27,234.4,225.02,233.62,203343
2021-01-13,238.31,238.31,228.93,230.49,159760
2021-01-17,231.27,232.84,227.37,231.27,152985
2021-01-18,234.4,234.4,230.49,232.84,190433
2021-01-19,234.4,234.4,225.81,226.59,229137
2021-01-20,228.15,232.06,226.59,228.93,168765
2021-01-21,234.4,236.74,228.93,230.49,234859
2021-01-24,234.4,238.31,227.37,231.27,147747
2021-01-25,234.4,234.4,228.15,232.06,137988
2021-01-26,234.4,234.4,228.15,230.49,156193
2021-01-27,230.49,232.06,228.15,228.93,89889
2021-01-28,228.15,228.93,221.12,221.9,177644
2021-01-31,218.77,220.34,212.52,214.87,193411
2021-02-01,214.87,224.24,214.87,217.99,97860
2021-02-02,226.59,226.59,217.99,221.12,165001
2021-02-03,225.02,242.99,225.02,227.37,310145
2021-02-04,227.37,231.27,226.59,228.15,161961
2021-02-07,218.77,233.62,218.77,226.59,157792
2021-02-08,229.71,235.96,227.37,235.96,365984
2021-02-09,238.31,239.87,234.4,234.4,223275
2021-02-10,246.9,246.9,230.49,240.65,204499
2021-02-11,240.65,246.9,240.65,243.78,310032
2021-02-14,242.21,243.78,235.18,236.74,220258
2021-02-15,241.43,245.34,239.09,244.56,197185
2021-02-16,246.12,257.06,241.43,251.59,260331
2021-02-17,251.59,253.15,247.68,251.59,166826
2021-02-18,246.12,257.84,246.12,257.06,232299
2021-02-21,260.18,260.18,251.59,255.5,231683
2021-02-22,255.5,255.5,245.34,246.9,176273
2021-02-23,246.12,246.12,236.74,244.56,165395
2021-02-24,242.21,251.59,239.87,243.78,143562
2021-02-25,245.34,245.34,238.31,239.87,173192
2021-02-28,237.53,238.31,232.06,232.84,179297
2021-03-01,221.9,240.65,221.9,239.09,195425
2021-03-02,239.87,239.87,230.49,234.4,174396
2021-03-03,234.4,234.4,226.59,231.27,127323
2021-03-04,234.4,237.53,233.62,237.53,115818
2021-03-08,237.53,242.99,234.4,239.87,205559
2021-03-09,235.18,238.31,234.4,235.18,108232
2021-03-10,234.4,238.31,234.4,234.4,87499
2021-03-14,231.27,232.84,228.15,228.93,83747
2021-03-15,226.59,234.4,225.02,227.37,87434
2021-03-16,227.37,229.71,225.02,228.93,84099
2021-03-17,225.81,234.4,225.81,232.06,41488
2021-03-18,243.78,243.78,232.06,235.18,79501
2021-03-21,246.9,246.9,235.18,238.31,98660
2021-03-22,239.87,240.65,233.62,234.4,70102
2021-03-23,233.62,235.18,232.06,232.84,70391
2021-03-24,234.4,242.21,232.84,239.87,124622
2021-03-25,240.65,242.21,234.4,236.74,73876
2021-03-29,236.74,239.87,235.96,238.31,75906
2021-03-30,250.03,250.03,235.18,237.53,86172
2021-03-31,237.53,241.43,237.53,240.65,88243
2021-04-01,242.21,246.12,239.87,242.21,159849
2021-04-04,242.99,248.46,242.99,246.9,183850
2021-04-05,248.46,250.81,242.21,242.99,107979
2021-04-06,242.21,246.12,239.09,243.78,118446
2021-04-07,242.21,246.9,239.87,242.21,131475
2021-04-08,246.12,246.12,242.21,242.99,75713
2021-04-12,245.34,249.25,244.56,249.25,144639
2021-04-13,249.25,256.28,249.25,254.71,231878
2021-04-15,261.75,265.65,256.28,260.18,352743
2021-04-18,247.68,265.65,247.68,253.15,256605
2021-04-19,250.03,256.28,246.9,248.46,313952
2021-04-20,253.93,253.93,246.9,250.03,436084
2021-04-21,253.93,257.06,244.56,246.9,211775
2021-04-22,258.62,258.62,242.21,247.68,106569
2021-04-25,246.12,246.12,237.53,241.43,157125
2021-04-26,240.65,242.99,235.96,235.96,111891
2021-04-27,235.96,242.99,234.4,241.43,92328
2021-04-28,241.43,242.99,236.74,239.09,70856
2021-04-29,239.09,242.21,238.31,241.43,46051
2021-05-02,238.31,245.34,237.53,244.56,125022
2021-05-03,246.12,246.9,240.65,240.65,86085
2021-05-04,239.87,242.99,239.09,240.65,60231
2021-05-05,240.65,242.21,239.87,241.43,40681
2021-05-06,229.71,244.56,229.71,242.99,94579
2021-05-09,246.12,248.46,239.09,243.78,148286
2021-05-10,243.78,244.56,241.43,243.78,24399
2021-05-11,232.06,246.9,232.06,244.56,60738
2021-05-12,243.78,245.34,242.21,243.78,47960
2021-05-13,244.56,244.56,242.21,243.78,65574
2021-05-16,246.12,250.03,245.34,249.25,96853
2021-05-17,250.03,252.37,246.9,249.25,131073
2021-05-18,250.81,251.59,247.68,250.81,118792
2021-05-19,253.15,256.28,250.81,251.59,179071
2021-05-20,253.93,258.62,251.59,256.28,191786
2021-05-23,256.28,266.43,249.25,265.65,291651
2021-05-24,269.56,273.47,261.75,263.31,307661
2021-05-25,265.65,267.22,258.62,260.18,179616
2021-05-27,257.84,264.09,253.93,260.18,198039
2021-05-30,265.65,273.47,260.97,270.34,382736
2021-05-31,273.47,277.37,266.43,267.22,335168
2021-06-01,273.47,273.47,263.31,265.65,184840
2021-06-02,265.65,270.34,260.97,269.56,199892
2021-06-03,273.47,296.13,271.9,290.66,623647
2021-06-06,296.91,312.53,296.91,307.85,741066
2021-06-07,312.53,312.53,297.69,300.03,448769
2021-06-08,300.03,312.53,296.91,307.06,433277
2021-06-09,309.41,312.53,302.38,303.16,205706
2021-06-10,304.72,307.06,295.34,301.59,213236
2021-06-13,301.59,306.28,296.13,306.28,248175
2021-06-14,311.75,325.82,307.06,316.44,409054
2021-06-15,320.35,323.47,311.75,311.75,359953
2021-06-16,316.44,320.35,307.06,312.53,219079
2021-06-17,312.53,312.53,306.28,308.63,187322
2021-06-20,308.63,310.97,294.56,299.25,355191
2021-06-21,314.1,314.1,290.66,291.44,253927
2021-06-22,281.28,300.03,281.28,299.25,229883
2021-06-23,304.72,304.72,287.53,290.66,204253
2021-06-24,289.09,295.34,285.19,289.09,162716
2021-06-27,292.22,306.28,283.62,299.25,247017
2021-06-28,304.72,306.28,297.69,299.25,173361
2021-06-29,298.47,300.81,291.44,293.0,94313
2021-06-30,307.06,307.06,285.97,293.0,112099
2021-07-01,297.69,297.69,291.44,293.0,70222
2021-07-04,298.47,298.47,289.87,291.44,88948
2021-07-05,293.0,293.0,289.87,290.66,91999
2021-07-06,290.66,291.44,287.53,289.87,50909
2021-07-07,291.44,292.22,288.31,289.09,70635
2021-07-08,289.09,297.69,289.09,296.91,268355
2021-07-11,297.69,307.85,297.69,307.06,231301
2021-07-12,310.19,310.19,296.91,300.03,345617
2021-07-13,312.53,312.53,296.91,304.72,99223
2021-07-14,304.72,304.72,300.03,303.16,95063
2021-07-15,307.06,307.06,301.59,301.59,134590
2021-07-18,305.5,321.13,305.5,319.57,396445
2021-07-19,319.57,326.6,317.38,318.78,377425
2021-07-20,325.03,325.03,316.44,319.96,175285
2021-07-22,320.35,331.99,320.35,329.02,359456
2021-07-25,334.41,346.91,332.07,345.35,386623
2021-07-26,346.13,346.13,332.07,333.71,443437
2021-07-27,328.16,335.82,320.35,332.85,300118
2021-07-28,333.63,337.54,326.21,327.38,210129
2021-07-29,328.16,328.94,324.25,328.16,130681
2021-08-01,334.41,334.41,322.3,324.25,315540
2021-08-02,324.25,325.82,320.35,324.1,191478
2021-08-03,328.16,328.16,322.07,322.85,78711
2021-08-04,324.25,325.82,321.91,324.25,160549
2021-08-05,324.25,326.6,321.91,322.69,137215
2021-08-08,328.16,328.16,319.57,320.35,155499
2021-08-09,320.35,321.13,316.6,317.61,141113
2021-08-10,317.61,334.41,316.44,329.72,304420
2021-08-11,329.72,332.85,323.16,325.89,127367
2021-08-12,325.89,328.94,322.69,325.03,134961
2021-08-15,325.03,330.5,318.78,320.35,211278
2021-08-16,322.69,322.69,317.22,318.78,197134
2021-08-17,318.78,321.91,316.44,316.83,255692
2021-08-18,316.83,327.38,314.1,324.25,264985
2021-08-19,325.03,332.3,322.69,327.38,380886
2021-08-24,333.86,333.86,326.6,326.75,274705
2021-08-25,321.13,325.03,319.25,319.57,201222
2021-08-26,320.35,324.25,317.38,319.57,203462
2021-08-29,317.38,321.13,312.53,313.31,235824
2021-08-31,313.31,314.88,304.09,306.28,227667
2021-09-01,307.06,318.0,306.28,314.1,260289
2021-09-02,316.67,320.35,313.31,314.96,383535
2021-09-05,308.7,317.14,303.94,307.85,344974
2021-09-06,304.8,318.39,301.75,318.39,225226
2021-09-07,317.22,317.22,308.31,310.97,157169
2021-09-08,312.14,312.14,302.45,304.8,148906
2021-09-09,304.72,310.19,302.45,304.17,117952
2021-09-12,310.19,312.53,304.02,311.75,131251
2021-09-13,313.31,320.27,311.75,319.57,250406
2021-09-14,320.35,325.03,314.88,320.35,260962
2021-09-15,324.25,324.25,315.66,320.35,257029
2021-09-16,320.35,320.35,308.63,310.19,227891
2021-09-20,312.53,313.31,297.69,298.7,237831
2021-09-21,293.0,306.28,289.09,296.13,220489
2021-09-22,301.59,308.63,299.25,308.63,322422
2021-09-23,314.8,328.16,314.8,319.17,353656
2021-09-26,325.03,325.5,310.19,312.53,426933
2021-09-27,311.67,311.75,301.59,304.72,179215
2021-09-28,304.72,308.63,296.91,300.03,146962
2021-09-29,305.97,312.06,296.13,310.11,231042
2021-09-30,316.28,316.28,307.06,309.41,218640
2021-10-03,313.31,314.88,304.72,305.11,119466
2021-10-04,305.5,308.55,299.25,302.45,130142
2021-10-05,300.81,311.75,300.81,308.63,170416
2021-10-06,314.1,314.88,308.63,310.97,576421
2021-10-10,310.97,310.97,293.78,294.22,155014
2021-10-11,298.28,298.28,277.9,284.08,158663
2021-10-17,284.08,284.08,275.25,280.55,62211
2021-10-18,282.31,283.19,270.84,271.73,100504
2021-10-19,269.08,269.08,259.37,260.26,107813
2021-10-20,261.14,273.49,259.37,263.79,91193
2021-10-21,264.67,264.67,254.35,255.85,76382
2021-10-24,259.37,259.37,251.43,254.08,67927
2021-10-25,254.96,268.2,254.08,266.34,71311
2021-10-26,269.08,277.02,268.2,271.28,72306
2021-10-27,271.64,273.49,260.26,265.64,69422
2021-10-28,265.55,266.43,262.02,264.67,73426
2021-10-31,268.2,268.2,262.9,263.87,68081
2021-11-01,269.08,269.96,262.99,263.87,99298
2021-11-02,264.67,269.7,262.9,269.7,82575
2021-11-03,275.08,275.08,264.67,265.55,84965
2021-11-08,269.08,269.96,264.67,268.64,70098
2021-11-09,269.96,269.96,260.26,262.02,64444
2021-11-11,261.14,261.14,255.85,256.73,65927
2021-11-14,256.73,258.49,254.08,256.29,67234
2021-11-15,256.64,261.14,255.85,257.61,45621
2021-11-16,258.49,263.79,256.73,263.79,55536
2021-11-17,264.23,265.55,261.23,262.9,45290
2021-11-18,262.9,263.79,259.82,260.26,66139
2021-11-21,260.26,262.02,257.61,257.61,46614
2021-11-22,257.61,259.37,255.85,255.93,39057
2021-11-23,259.37,259.37,253.2,254.26,48777
2021-11-24,254.26,254.96,248.79,251.88,32371
2021-11-25,253.2,261.05,248.96,254.52,80074
2021-11-28,251.43,254.96,246.14,246.14,83213
2021-11-29,242.61,253.2,241.73,244.38,39598
2021-11-30,242.61,247.02,240.23,244.29,100867
2021-12-01,240.85,246.14,240.85,243.49,78618
2021-12-02,241.73,247.02,239.97,240.41,35259
2021-12-05,238.64,240.85,235.55,236.26,44317
2021-12-06,235.37,242.97,231.14,242.61,61945
2021-12-07,245.26,247.91,239.08,239.17,38307
2021-12-08,243.94,243.94,234.76,236.0,62677
2021-12-09,233.79,239.97,233.79,237.32,47539
2021-12-12,236.88,239.97,229.38,229.82,64740
2021-12-13,229.38,229.38,223.12,224.97,61621
2021-12-14,229.38,234.85,227.61,233.97,27582
2021-12-15,238.2,242.61,232.82,234.67,56025
2021-12-16,230.26,236.44,229.38,234.67,23603
2021-12-20,239.35,239.35,225.85,232.03,38255
2021-12-21,229.38,237.14,229.38,236.0,44841
2021-12-22,240.67,246.05,238.2,242.79,74702
2021-12-23,247.64,247.64,239.08,244.82,62037
2021-12-26,249.67,249.67,242.61,246.94,104929
2021-12-27,246.14,248.79,239.97,240.85,139381
2021-12-28,238.2,241.73,234.67,239.97,76636
2021-12-29,242.17,244.38,238.47,239.17,35926
2022-01-02,243.94,243.94,235.38,241.29,66900
2022-01-03,246.05,248.7,238.55,246.14,78601
2022-01-04,247.02,268.11,243.67,266.43,177847
2022-01-05,266.34,269.08,258.49,258.58,115846
2022-01-06,255.85,266.43,254.96,266.43,83901
2022-01-09,271.73,277.9,266.61,273.49,145308
2022-01-10,278.96,278.96,268.9,269.52,122812
2022-01-11,264.67,274.28,264.67,269.08,72783
2022-01-12,274.46,274.46,264.58,264.84,89506
2022-01-13,266.43,269.08,263.87,266.87,83258
2022-01-16,266.87,276.14,267.23,271.73,136545
2022-01-17,276.14,279.67,271.73,273.49,96469
2022-01-18,277.9,284.43,271.81,279.67,160750
2022-01-19,285.22,285.22,273.49,274.37,84891
2022-01-20,269.96,276.84,269.96,274.37,62177
2022-01-23,279.84,279.84,270.14,271.73,69624
2022-01-24,277.11,277.11,260.26,262.02,167990
2022-01-25,267.23,267.23,252.32,259.55,60973
2022-01-26,255.85,259.37,254.08,255.85,53807
2022-01-27,256.55,257.61,254.08,254.08,51813
2022-01-30,258.49,269.08,257.61,262.37,47952
2022-01-31,264.67,264.67,257.79,260.26,51049
2022-02-01,259.99,264.67,257.17,263.79,65227
2022-02-03,262.9,269.08,262.9,263.79,83422
2022-02-06,263.79,263.79,257.26,258.49,52818
2022-02-07,257.61,259.37,255.85,258.49,56532
2022-02-08,263.61,264.67,255.85,257.61,67467
2022-02-09,256.29,258.49,254.08,254.08,52541
2022-02-10,251.43,256.73,251.43,251.79,34925
2022-02-13,247.02,251.7,244.38,244.55,102103
2022-02-14,242.61,249.67,241.82,243.49,52721
2022-02-15,243.85,253.9,242.61,253.2,60010
2022-02-16,255.85,255.85,248.79,250.55,34924
2022-02-17,254.08,254.08,247.02,250.46,28581
2022-02-20,245.52,246.05,238.2,243.49,48330
2022-02-21,244.38,247.91,241.73,246.14,45058
2022-02-22,250.55,250.91,246.14,247.91,26651
2022-02-23,252.32,252.76,244.38,246.14,19117
2022-02-24,242.61,245.26,239.08,240.05,51622
2022-02-27,238.38,242.61,238.2,239.08,49476
2022-02-28,241.73,243.49,233.79,235.55,52955
2022-03-02,237.32,237.32,232.11,233.35,51986
2022-03-06,228.76,235.47,228.76,232.91,40619
2022-03-07,228.32,238.2,228.32,232.91,43843
2022-03-09,232.91,233.79,228.58,231.14,52715
2022-03-10,229.38,235.55,226.73,235.55,38364
2022-03-13,235.55,245.26,235.55,245.26,53275
2022-03-14,241.73,245.79,240.94,244.38,7990
2022-03-15,240.14,244.38,239.08,244.38,49252
2022-03-16,242.61,244.29,239.61,240.85,28297
2022-03-20,241.73,243.32,240.85,240.94,39300
2022-03-21,239.08,241.73,239.08,241.64,27354
2022-03-22,241.73,245.26,241.73,242.26,20686
2022-03-23,239.08,243.49,239.08,240.49,12929
2022-03-24,238.2,240.85,237.32,237.32,28722
2022-03-27,238.2,238.29,232.91,237.32,50005
2022-03-28,233.88,237.32,233.88,237.32,36866
2022-03-29,237.32,238.02,233.88,237.23,27506
2022-03-30,237.23,237.94,232.91,233.0,31295
2022-03-31,233.79,237.32,233.0,233.0,31949
2022-04-03,231.14,232.91,229.47,231.85,12671
2022-04-04,227.26,233.7,227.26,233.35,39208
2022-04-05,237.94,237.94,226.91,228.06,30700
2022-04-06,226.73,229.38,224.97,228.5,24893
2022-04-07,232.03,232.03,225.94,231.58,41647
2022-04-11,233.79,236.17,226.82,227.61,17472
2022-04-12,232.03,232.03,224.97,225.67,20362
2022-04-13,229.38,229.38,223.2,227.79,20038
2022-04-17,232.29,232.29,226.73,227.0,19884
2022-04-18,227.09,227.09,222.32,224.09,27210
2022-04-19,228.5,228.5,220.56,223.2,21524
2022-04-20,227.61,227.61,221.62,222.41,15678
2022-04-21,226.82,226.82,217.91,221.44,27257
2022-04-24,225.85,231.14,221.35,229.38,35274
2022-04-25,229.38,231.32,221.44,228.5,10559
2022-04-26,224.0,227.61,221.44,224.09,11949
2022-04-27,222.32,228.5,220.56,224.09,11974
2022-04-28,228.5,228.5,221.53,222.5,12082
2022-05-02,218.79,224.0,218.79,219.23,19742
2022-05-04,223.56,223.56,213.5,213.5,24961
2022-05-05,211.73,215.88,209.09,211.65,23752
2022-05-08,211.65,213.41,208.21,211.73,13050
2022-05-09,215.97,215.97,211.73,214.38,13934
2022-05-10,212.62,216.67,212.62,216.59,24043
2022-05-11,216.59,219.67,215.17,219.59,16101
2022-05-12,220.91,222.23,219.59,220.56,26823
2022-05-17,220.56,220.56,213.5,214.38,11151
2022-05-18,212.62,215.26,210.85,214.38,24854
2022-05-19,212.0,216.15,211.91,213.5,6764
2022-05-20,211.73,213.5,209.97,213.5,14046
2022-05-23,217.73,217.73,205.56,209.97,34502
2022-05-24,214.12,214.12,209.09,210.76,16993
2022-05-25,210.85,211.65,209.09,211.65,16145
2022-05-26,215.79,215.79,209.97,215.17,18058
2022-05-27,216.85,217.47,210.85,211.73,12251
2022-05-30,215.97,215.97,202.91,206.44,46876
2022-05-31,202.91,207.76,201.15,203.97,18638
2022-06-01,203.0,206.44,201.15,203.79,9470
2022-06-02,203.88,203.88,201.15,201.15,15294
2022-06-03,205.12,205.12,196.91,198.5,22738
2022-06-06,197.62,200.09,194.09,194.97,25049
2022-06-07,191.44,194.09,191.44,191.44,36354
2022-06-08,193.21,202.03,192.33,199.38,26120
2022-06-09,203.35,203.35,196.56,196.74,16505
2022-06-10,200.62,200.62,193.21,196.82,14903
2022-06-13,195.85,197.62,193.21,195.85,73734
2022-06-14,194.09,194.09,191.44,192.33,12249
2022-06-15,196.12,196.12,189.68,191.27,21534
2022-06-16,192.33,194.09,188.53,192.06,17539
2022-06-17,193.21,194.09,188.53,189.24,79643
2022-06-19,190.56,190.56,186.15,186.15,28025
2022-06-20,186.15,186.15,182.62,184.21,31666
2022-06-21,180.86,188.71,180.86,188.36,23644
2022-06-22,187.91,187.91,185.27,186.15,12381
2022-06-23,183.06,184.39,180.86,181.3,23458
2022-06-24,181.74,186.24,178.39,183.5,16014
2022-06-26,185.27,191.0,183.5,191.0,34944
2022-06-27,194.8,194.8,183.59,183.59,30383
2022-06-28,183.5,187.91,183.5,184.39,9288
2022-06-29,184.39,185.27,181.92,184.39,16768
2022-06-30,186.15,191.18,184.39,187.03,49590
2022-07-01,188.8,189.5,179.97,183.5,85633
2022-07-03,180.86,187.03,180.06,184.39,37667
2022-07-04,185.71,188.62,181.74,181.83,67348
2022-07-05,180.94,184.39,180.24,181.74,38261
2022-07-06,183.5,183.5,179.53,181.65,48895
2022-07-07,183.5,183.5,179.8,180.42,34952
2022-07-08,180.86,180.86,176.89,178.21,40923
2022-07-11,178.21,178.21,173.36,174.68,78240
2022-07-12,176.36,178.12,171.15,176.45,80121
2022-07-13,173.09,178.21,172.03,178.21,85765
2022-07-14,177.33,179.09,176.09,176.36,38117
2022-07-15,176.45,178.65,174.68,178.65,31021
2022-07-17,179.8,181.65,178.3,180.86,19661
2022-07-18,180.77,183.5,178.21,181.74,23912
2022-07-19,181.74,184.21,180.86,182.62,30922
2022-07-20,184.39,184.39,179.97,180.86,21981
2022-07-21,180.06,187.91,180.06,181.12,38693
2022-07-22,181.12,181.65,176.45,178.21,38166
2022-07-24,180.86,188.8,180.86,182.62,48513
2022-07-25,182.71,185.97,179.97,185.62,139787
2022-07-26,183.5,184.47,179.0,181.74,63938
2022-07-27,179.97,181.74,178.21,180.15,35374
2022-07-28,180.15,182.18,179.53,179.97,53253
2022-07-29,180.86,181.3,177.33,179.09,38929
2022-07-31,179.09,188.0,178.21,187.12,102088
2022-08-01,187.91,192.15,185.27,189.5,88889
2022-08-02,191.35,191.35,186.59,187.83,38687
2022-08-03,187.83,189.68,185.71,186.86,42484
2022-08-04,188.8,188.8,182.89,183.06,57404
2022-08-05,180.15,182.62,179.53,179.97,34768
2022-08-07,176.45,184.39,176.45,178.83,31014
2022-08-08,180.86,181.74,178.74,179.18,49080
2022-08-09,179.53,179.97,176.89,176.89,38609
2022-08-10,180.42,180.42,175.56,176.53,42974
2022-08-11,180.06,180.06,176.36,177.33,36396
2022-08-14,179.09,179.09,176.09,176.18,44581
2022-08-15,179.62,179.62,176.27,179.09,41953
2022-08-16,176.53,180.59,176.53,177.06,47996
2022-08-17,178.21,178.21,176.45,177.77,23912
2022-08-18,179.0,179.0,176.53,178.65,19008
2022-08-21,179.97,179.97,177.42,177.5,22968
2022-08-22,177.5,179.09,176.45,178.12,19446
2022-08-23,177.33,179.44,177.33,178.65,30334
2022-08-24,179.97,181.03,178.21,178.21,16458
2022-08-25,179.89,179.97,176.45,177.33,26542
2022-08-26,178.21,178.21,175.56,176.27,20675
2022-08-28,176.45,176.45,174.33,174.68,26871
2022-08-29,176.36,176.36,173.8,174.68,29409
2022-08-30,177.68,178.21,174.33,174.77,19300
2022-08-31,175.56,176.27,173.0,173.27,25607
2022-09-01,172.92,174.68,171.33,172.92,27151
2022-09-02,174.5,174.59,172.03,172.03,32212
2022-09-04,171.33,175.39,171.33,173.8,18626
2022-09-05,172.92,174.68,172.92,173.45,10680
2022-09-06,173.8,173.8,172.03,172.12,30319
2022-09-07,172.92,172.92,171.15,171.95,25476
2022-09-08,171.95,172.92,170.27,171.15,21602
2022-09-11,172.92,172.92,170.62,170.62,11299
2022-09-12,169.39,171.86,168.51,170.27,19242
2022-09-13,171.95,172.92,170.27,171.59,13739
2022-09-14,171.59,175.12,171.59,175.12,24364
2022-09-15,174.68,174.68,170.27,170.98,31701
2022-09-16,168.51,171.15,166.56,169.65,21984
2022-09-18,167.62,170.27,166.74,168.51,23706
2022-09-20,166.3,167.62,164.36,166.39,30901
2022-09-21,167.62,167.62,164.09,165.95,17182
2022-09-22,165.86,167.71,164.54,165.95,26651
2022-09-25,164.98,164.98,160.04,160.57,86595
2022-09-27,158.8,165.86,158.8,163.21,31869
2022-09-28,164.98,165.77,161.98,164.54,21898
2022-09-29,165.59,172.39,164.54,172.39,30469
2022-10-09,175.56,177.33,172.03,175.56,42410
2022-10-10,175.65,176.45,171.24,172.21,32696
2022-10-11,172.21,175.47,172.21,173.98,22333
2022-10-12,173.8,177.42,172.65,177.42,30677
2022-10-13,178.83,181.74,177.68,180.77,125954
2022-10-16,177.24,177.24,167.62,168.06,31686
2022-10-17,167.62,169.39,164.8,165.42,31568
2022-10-19,165.42,165.42,161.45,162.33,24590
2022-10-20,162.33,164.98,159.68,162.42,14443
2022-10-23,165.59,165.86,162.33,163.12,20378
2022-10-31,166.3,172.74,163.04,167.62,40901
2022-11-01,170.98,170.98,167.62,168.51,62301
2022-11-02,171.15,171.15,165.15,168.51,54942
2022-11-03,167.62,169.39,163.21,166.74,34464
2022-11-06,167.62,167.62,163.21,165.86,39125
2022-11-07,165.86,167.8,165.06,165.86,34139
2022-11-08,167.62,167.62,164.09,165.86,373395
2022-11-09,167.62,167.62,164.27,164.27,67215
2022-11-10,167.45,167.45,161.45,162.86,40508
2022-11-13,163.21,164.01,161.45,161.89,18425
2022-11-14,160.65,163.21,160.65,161.45,23040
2022-11-15,161.45,162.33,160.83,161.45,20368
2022-11-16,159.68,162.68,159.68,162.33,42295
2022-11-17,162.42,166.3,162.06,164.8,44241
2022-11-22,164.8,166.65,164.09,164.98,13462
2022-11-23,163.21,164.98,162.33,162.51,14958
2022-11-24,162.33,164.98,162.33,164.71,11093
2022-11-27,165.86,167.62,163.21,164.27,25997
2022-11-28,165.86,167.53,162.33,163.21,28475
2022-11-29,164.89,164.89,161.8,163.12,26592
2022-11-30,164.09,164.09,161.45,162.33,14340
2022-12-01,164.98,164.98,161.45,162.68,16339
2022-12-04,161.45,163.12,161.01,161.62,68156
2022-12-05,163.21,163.21,160.65,160.74,29551
2022-12-06,161.45,162.24,159.86,160.12,14558
2022-12-07,162.33,162.33,159.33,159.42,19377
2022-12-11,159.24,160.57,158.54,159.68,18089
2022-12-12,161.45,162.86,157.92,159.68,18001
2022-12-13,158.89,159.68,157.39,159.51,21918
2022-12-14,159.51,160.12,156.33,158.8,31822
2022-12-15,157.04,159.15,157.04,158.8,21500
2022-12-18,157.04,158.8,155.71,157.48,26901
2022-12-19,157.48,158.8,155.54,157.04,21583
2022-12-20,159.24,159.24,156.15,158.71,31584
2022-12-21,156.15,158.8,155.71,157.04,66136
2022-12-22,158.8,158.8,154.39,155.27,35292
2022-12-26,157.48,160.57,157.48,159.68,40917
2022-12-27,161.45,167.62,161.45,164.98,69135
2022-12-28,165.06,166.3,163.21,164.09,42044
2022-12-29,164.09,168.77,163.21,168.51,44676
2023-01-01,170.98,172.03,165.86,169.39,70226
2023-01-02,169.39,175.47,169.39,171.33,79667
2023-01-03,172.92,173.8,169.39,170.27,51132
2023-01-04,172.74,173.8,169.48,173.71,47054
2023-01-05,175.56,177.33,172.21,174.24,85486
2023-01-08,176.45,176.45,173.36,174.68,66868
2023-01-09,176.36,183.5,172.92,180.42,84790
2023-01-10,181.74,197.62,181.74,186.15,174920
2023-01-12,189.68,193.65,180.94,181.74,104354
2023-01-17,183.5,184.3,178.21,181.74,71903
2023-01-18,181.74,184.39,178.65,179.97,63465
2023-01-19,176.71,182.62,176.71,181.21,43986
2023-01-23,180.86,180.86,176.53,177.33,56437
2023-01-24,175.65,178.56,175.56,177.5,31987
2023-01-25,176.27,177.33,175.03,175.56,57993
2023-01-26,176.45,177.33,173.0,173.8,48834
2023-01-29,172.92,174.68,171.42,171.5,40999
2023-01-30,170.62,171.86,169.03,170.27,45137
2023-01-31,168.51,170.27,167.62,168.51,32376
2023-02-01,167.62,168.51,166.83,168.06,23972
2023-02-02,167.62,168.51,165.86,166.56,30338
2023-02-05,168.42,169.39,166.12,169.12,53777
2023-02-06,170.98,170.98,167.62,167.62,20880
2023-02-07,167.62,172.92,166.03,172.12,57561
2023-02-08,174.59,177.86,172.39,172.92,53591
2023-02-09,172.03,175.39,171.42,172.3,32409
2023-02-12,170.27,170.27,164.27,168.24,53958
2023-02-14,165.15,169.12,165.15,166.65,16310
2023-02-15,167.62,167.62,164.98,165.06,18832
2023-02-16,164.09,167.36,163.21,164.09,40614
2023-02-20,166.48,166.48,162.33,164.09,30035
2023-02-22,164.54,166.74,164.54,165.06,20470
2023-02-23,164.09,167.18,163.3,165.86,29005
2023-02-26,163.12,164.09,160.65,164.09,19434
2023-02-27,165.86,165.86,161.89,164.98,19292
2023-02-28,167.27,167.27,162.68,164.98,9800
2023-03-01,167.36,167.36,161.45,162.42,14515
2023-03-02,163.21,165.51,161.18,161.18,15120
2023-03-05,160.57,162.33,159.68,161.01,9640
2023-03-07,161.45,162.15,158.27,160.57,10503
2023-03-09,161.98,166.74,160.65,166.74,31175
2023-03-12,166.74,167.62,162.33,162.33,15390
2023-03-13,162.33,162.33,157.04,157.04,60396
2023-03-14,159.24,160.57,157.04,160.57,12516
2023-03-15,162.33,162.68,157.04,158.36,22921
2023-03-16,157.92,159.68,157.04,158.8,25393
2023-03-19,158.8,160.57,157.92,157.92,15499
2023-03-20,157.92,159.68,157.92,158.8,31291
2023-03-22,158.98,160.04,158.18,158.8,26482
2023-03-23,157.04,160.57,156.33,158.8,34455
2023-03-26,157.92,160.48,155.62,157.04,32590
2023-03-27,154.39,158.36,154.39,156.15,29191
2023-03-28,158.36,160.57,155.62,158.8,36245
2023-03-29,161.09,161.09,156.68,157.92,10298
2023-03-30,160.04,160.12,157.04,157.83,9924
2023-04-02,157.83,164.09,153.15,153.95,37800
2023-04-03,152.63,154.21,150.86,152.63,44415
2023-04-04,151.74,153.42,151.74,152.45,33035
2023-04-05,153.51,153.51,150.51,152.54,20023
2023-04-06,155.27,155.54,151.74,152.63,19601
2023-04-09,151.74,153.07,150.07,150.33,30458
2023-04-10,149.98,151.65,149.1,150.68,18249
2023-04-11,151.65,153.68,149.98,153.51,23860
2023-04-12,154.39,162.33,154.39,162.33,39492
2023-04-13,163.83,165.86,159.15,160.57,43201
2023-04-16,162.33,162.33,158.8,159.51,13340
2023-04-17,158.8,160.57,156.24,156.24,15955
2023-04-18,154.39,157.65,154.39,156.24,14491
2023-04-19,154.48,160.57,154.39,159.68,31788
2023-04-20,158.89,158.89,156.15,157.92,21022
2023-04-23,156.15,157.92,152.63,153.77,26440
2023-04-24,152.63,153.51,150.95,153.51,11909
2023-04-25,153.51,155.27,152.27,154.39,17785
2023-04-26,152.63,156.15,152.63,153.42,6452
2023-04-27,151.74,154.39,150.51,153.51,9712
2023-04-30,153.51,153.51,151.39,151.39,17848
2023-05-02,151.39,152.63,150.6,150.86,17427
2023-05-03,152.89,152.89,150.07,151.21,8156
2023-05-04,151.74,152.54,150.24,152.18,16855
2023-05-07,153.51,153.51,150.15,150.86,14402
2023-05-08,150.15,151.39,148.21,149.98,43099
2023-05-09,151.65,151.65,149.1,149.63,11798
2023-05-10,149.98,150.86,148.39,149.98,16000
2023-05-11,148.21,150.95,148.21,150.86,11915
2023-05-14,151.74,151.74,149.1,150.68,9777
2023-05-15,149.98,150.68,149.1,150.51,9905
2023-05-16,149.1,149.98,148.39,149.89,7913
2023-05-17,149.98,151.3,148.3,151.3,23913
2023-05-18,148.74,154.3,148.74,153.95,18208
2023-05-21,155.27,155.27,152.71,154.39,16063
2023-05-22,152.63,154.39,151.83,152.8,7537
2023-05-23,151.83,157.39,151.83,156.15,26041
2023-05-24,155.27,157.83,154.39,157.83,18647
2023-05-28,159.68,159.68,155.27,156.15,45132
2023-05-30,154.39,155.18,152.18,154.12,13159
2023-05-31,151.74,151.74,149.98,151.65,23506
2023-06-01,149.98,151.65,149.1,150.77,31688
2023-06-04,150.07,153.51,149.98,152.18,16927
2023-06-05,155.18,155.18,149.98,150.86,22945
2023-06-06,149.98,151.74,148.21,149.98,29190
2023-06-07,149.98,151.65,149.1,149.1,23686
2023-06-08,150.86,150.86,148.57,149.1,36548
2023-06-11,149.1,152.01,149.1,150.42,42716
2023-06-12,147.6,156.07,147.6,151.57,23547
2023-06-13,150.24,153.51,150.15,152.63,55381
2023-06-14,150.86,157.04,150.07,155.27,68437
2023-06-15,156.6,157.92,152.71,154.83,30073
2023-06-18,156.15,156.15,152.89,153.6,38326
2023-06-19,155.27,155.27,152.63,153.51,32389
2023-06-20,156.51,156.51,151.48,151.74,19128
2023-06-21,151.74,152.63,150.15,151.65,43951
2023-06-22,151.65,151.74,149.18,149.27,29113
2023-06-25,146.45,152.71,146.36,150.86,102089
2023-06-26,152.63,153.86,149.1,152.54,46861
2023-06-27,151.74,157.83,151.74,157.83,66226
2023-06-28,158.8,160.39,153.51,154.74,60547
2023-07-02,156.15,156.15,149.98,150.07,28128
2023-07-03,151.74,152.63,148.48,149.1,41381
2023-07-04,150.86,150.86,146.71,148.21,62783
2023-07-05,148.21,149.98,145.74,146.45,29904
2023-07-06,148.13,148.21,145.57,146.36,79497
2023-07-09,145.57,149.89,145.57,148.21,30576
2023-07-10,148.21,149.98,147.42,147.42,32842
2023-07-11,145.66,149.98,145.66,149.1,41297
2023-07-12,148.21,150.86,147.42,150.77,30224
2023-07-13,152.63,152.63,149.1,149.1,32498
2023-07-16,149.1,152.71,148.74,152.71,24950
2023-07-17,155.27,157.21,152.18,157.21,97645
2023-07-18,158.8,163.12,158.01,161.45,97214
2023-07-19,164.62,172.65,158.8,170.45,173044
2023-07-20,171.15,173.71,165.42,166.74,115934
2023-07-23,170.01,183.33,166.65,177.33,136256
2023-07-24,177.33,179.09,171.33,172.92,233515
2023-07-25,176.27,176.27,164.36,164.45,101426
2023-07-26,164.09,170.71,163.48,163.74,92386
2023-07-27,166.74,166.74,162.42,163.21,46296
2023-07-30,166.48,169.74,164.09,165.86,134181
2023-07-31,167.62,171.86,165.86,169.39,91996
2023-08-01,172.03,172.74,167.18,167.62,53139
2023-08-02,170.98,170.98,165.51,167.62,22444
2023-08-03,170.27,170.89,165.86,168.42,40420
2023-08-06,171.15,171.15,164.98,165.06,50223
2023-08-07,167.71,168.06,163.21,165.86,75582
2023-08-08,167.62,167.62,159.95,161.36,63609
2023-08-09,161.09,163.21,157.3,161.45,24626
2023-08-10,164.54,164.98,159.77,164.09,24037
2023-08-13,163.21,169.3,163.21,167.62,58357
2023-08-14,170.27,171.15,168.51,169.74,66895
2023-08-15,170.27,170.27,166.74,166.74,36306
2023-08-16,169.39,169.39,163.21,164.71,34387
2023-08-17,164.71,167.62,161.45,165.95,30631
2023-08-20,163.21,166.39,163.21,164.45,25296
2023-08-21,166.74,166.74,163.21,164.98,35244
2023-08-22,164.98,166.65,163.65,166.12,23219
2023-08-23,167.36,169.39,165.24,167.53,27209
2023-08-24,164.98,170.27,164.98,165.86,25049
2023-08-27,163.21,165.86,162.68,163.56,16904
2023-08-28,161.45,165.51,161.01,163.21,20853
2023-08-29,161.01,163.21,160.57,161.45,13291
2023-08-30,164.62,164.62,161.09,162.42,20233
2023-09-03,161.09,162.33,160.57,160.57,28240
2023-09-04,158.8,163.3,158.8,162.33,19081
2023-09-05,164.01,164.01,160.12,161.89,23001
2023-09-07,163.21,163.21,159.24,160.57,15934
2023-09-10,159.68,163.21,157.92,162.33,25700
2023-09-11,160.57,167.89,159.68,165.86,29359
2023-09-12,167.62,168.24,163.74,165.42,17612
2023-09-13,168.24,168.86,163.21,168.86,28478
2023-09-17,165.86,165.86,159.24,159.59,76383
2023-09-18,158.89,161.45,157.92,160.57,28390
2023-09-19,161.45,164.09,158.8,163.21,37375
2023-09-21,166.48,166.48,158.8,163.21,106516
2023-09-24,163.21,166.56,161.45,164.98,48541
2023-09-25,163.21,167.18,161.98,163.21,47387
2023-09-26,166.3,167.62,161.62,165.77,39790
2023-09-27,168.42,168.42,163.21,164.98,30458
2023-10-01,164.98,164.98,161.45,164.01,75030
2023-10-02,160.74,160.74,156.24,158.89,36898
2023-10-03,158.8,158.8,155.27,157.39,16109
2023-10-04,154.39,158.8,154.12,154.39,21397
2023-10-05,154.39,154.39,151.92,154.39,13817
2023-10-08,157.48,157.48,151.3,152.54,25091
2023-10-09,151.74,154.39,148.74,149.98,37988
2023-10-10,151.74,151.74,147.95,148.57,20379
2023-10-11,149.98,151.13,148.21,149.54,12057
2023-10-12,150.86,152.45,148.3,149.54,36764
2023-10-16,152.45,152.45,147.33,151.74,19602
2023-10-17,153.51,156.15,150.51,156.15,34012
2023-10-18,157.92,158.45,152.27,157.39,29453
2023-10-19,159.68,159.68,154.39,154.39,7596
2023-10-29,151.74,154.39,149.98,152.54,10613
2023-10-30,151.74,151.74,148.83,151.3,9435
2023-10-31,150.07,150.86,149.63,149.98,12822
2023-11-01,149.18,149.98,148.13,148.92,25711
2023-11-02,148.21,149.01,146.98,148.04,37237
2023-11-05,146.18,147.77,144.51,145.3,23468
2023-11-06,146.45,146.45,143.98,143.98,22140
2023-11-07,144.24,145.57,143.8,143.8,15533
2023-11-08,143.1,144.6,141.86,143.45,22450
2023-11-09,142.04,144.42,142.04,144.07,9131
2023-11-20,145.57,146.45,142.74,142.74,13507
2023-11-21,141.16,142.92,140.19,141.42,9889
2023-11-22,141.16,143.8,140.27,143.8,15127
2023-11-23,141.16,146.63,141.07,146.45,13620
2023-11-26,145.57,149.1,145.57,148.66,18108
2023-11-27,146.45,149.1,144.69,145.83,25115
2023-11-28,143.01,145.57,143.01,143.8,19685
2023-11-29,143.8,146.45,142.04,145.57,13975
2023-11-30,145.57,146.01,143.19,144.69,11913
2023-12-03,142.92,144.51,142.04,142.92,22075
2023-12-04,142.04,145.13,141.24,142.04,25071
2023-12-05,144.86,144.86,141.51,141.95,14697
2023-12-06,141.16,143.8,140.98,141.86,10679
2023-12-07,142.92,143.71,141.16,143.36,13744
2023-12-10,144.69,152.98,144.69,149.98,10931
2023-12-11,152.63,154.39,146.98,150.07,55479
2023-12-12,150.86,153.51,147.95,153.42,44222
2023-12-13,156.15,158.8,148.21,154.74,61773
2023-12-14,156.86,157.04,151.65,153.51,19323
2023-12-17,150.86,157.12,149.1,157.12,38363
2023-12-18,157.92,165.86,155.36,161.45,77106
2023-12-19,164.54,167.53,159.68,166.65,124833
2023-12-20,167.62,170.98,164.98,165.86,57740
2023-12-21,164.98,167.62,161.45,162.33,57341
2023-12-24,160.57,163.21,158.8,158.8,43773
2023-12-27,161.89,161.89,157.04,158.54,34913
2023-12-28,156.15,159.15,155.36,157.92,27299
2024-01-01,158.8,158.8,155.36,157.83,33113
2024-01-02,155.36,157.92,153.51,153.51,32128
2024-01-03,151.3,154.92,151.04,154.92,35917
2024-01-04,152.63,155.27,151.83,152.63,31415
2024-01-07,154.39,154.39,148.74,148.74,63539
2024-01-08,150.86,150.86,148.21,149.54,27578
2024-01-09,149.98,151.57,148.21,149.71,57823
2024-01-10,151.74,156.51,150.86,153.51,51454
2024-01-11,153.51,154.3,151.65,152.54,11917
2024-01-14,152.63,155.54,151.83,151.83,28580
2024-01-16,151.92,163.12,151.92,160.57,91321
2024-01-17,160.57,167.62,159.68,160.57,94183
2024-01-18,158.8,161.62,157.12,160.48,43654
2024-01-21,157.39,159.68,152.71,157.04,78905
2024-01-22,153.95,157.04,151.74,153.51,65206
2024-01-23,156.51,156.51,150.86,153.42,18197
2024-01-24,153.42,156.15,150.07,152.54,25510
2024-01-25,154.39,154.39,149.01,149.98,47418
2024-01-28,149.98,150.42,148.83,149.98,22281
2024-01-29,149.98,151.74,148.39,149.98,26724
2024-01-30,148.66,150.86,148.21,149.98,23535
2024-01-31,148.74,150.86,148.74,149.1,38397
2024-02-01,148.3,149.1,145.57,147.33,41598
2024-02-04,148.21,148.21,146.45,146.89,27512
2024-02-05,146.45,147.33,145.57,146.36,33269
2024-02-06,148.21,148.39,146.45,147.77,15395
2024-02-07,147.51,148.57,146.89,148.57,23291
2024-02-08,149.45,149.45,147.33,149.1,21369
2024-02-11,149.1,149.98,147.33,148.21,21357
2024-02-12,148.74,149.89,146.71,147.6,22671
2024-02-13,147.33,147.33,146.18,147.33,24154
2024-02-14,146.01,147.33,145.57,146.45,15570
2024-02-15,146.45,149.01,145.66,145.74,20998
2024-02-18,145.57,148.21,144.69,145.57,35463
2024-02-20,146.45,146.45,145.13,145.13,25649
2024-02-21,147.16,149.98,145.13,145.57,23727
2024-02-22,144.69,145.57,143.36,144.07,30325
2024-02-25,144.07,145.57,143.1,143.27,35856
2024-02-26,144.69,144.69,142.3,144.51,23340
2024-02-27,142.92,144.69,142.92,144.6,7576
2024-02-28,143.8,145.48,143.8,144.69,10568
2024-02-29,142.04,144.69,141.42,142.04,52860
2024-03-03,141.16,142.21,138.33,142.04,24100
2024-03-04,143.8,149.89,143.8,149.89,6900
2024-03-05,152.8,152.8,144.51,146.45,22234
2024-03-06,143.54,147.24,140.89,144.69,38364
2024-03-07,145.57,148.39,143.8,144.69,13372
2024-03-10,146.01,146.01,144.42,144.86,15397
2024-03-12,147.68,149.98,145.3,149.27,35471
2024-03-13,149.98,149.98,147.07,147.42,22660
2024-03-14,147.33,148.48,145.57,145.92,17970
2024-03-17,146.01,148.21,145.13,145.57,28156
2024-03-18,148.48,148.48,145.57,146.36,20148
2024-03-19,146.36,148.21,142.92,143.8,27323
2024-03-20,146.63,146.63,141.42,145.3,27103
2024-03-21,145.3,145.3,142.48,144.51,29612
2024-03-25,142.92,143.98,142.04,142.92,14428
2024-03-26,142.04,143.71,140.54,142.48,26273
2024-03-27,142.92,142.92,140.27,140.72,32371
2024-03-28,140.72,142.04,140.27,141.6,24043
2024-03-31,141.16,143.71,139.74,141.16,20245
2024-04-01,142.74,142.74,139.92,141.16,17691
2024-04-02,139.39,141.16,139.13,140.72,21550
2024-04-03,140.72,142.13,139.39,139.39,20083
2024-04-04,138.07,139.83,138.07,139.39,19623
2024-04-07,137.19,140.1,137.01,139.74,57773
2024-04-09,138.51,141.07,138.51,139.92,30242
2024-04-10,141.95,141.95,140.27,140.27,20584
2024-04-14,140.27,141.95,138.51,140.27,23495
2024-04-15,137.72,140.45,137.72,138.33,18651
2024-04-16,137.72,138.51,135.86,138.51,39765
2024-04-18,138.51,141.16,135.86,139.39,17057
2024-04-21,139.39,141.95,135.16,138.33,10721
2024-04-22,140.1,140.1,136.04,137.54,11252
2024-04-24,136.75,139.3,134.98,136.39,24936
2024-04-25,135.86,137.63,135.07,137.54,25156
2024-04-28,137.45,137.45,134.98,136.66,13163
2024-04-29,139.3,139.3,135.16,135.86,43305
2024-04-30,138.51,140.27,135.86,138.51,41072
2024-05-02,141.24,141.24,135.86,137.19,18455
2024-05-05,135.95,138.42,135.95,137.54,10250
2024-05-06,140.27,140.27,135.16,136.48,17389
2024-05-07,138.07,138.07,135.69,135.95,10687
2024-05-08,135.07,137.72,134.54,136.57,26871
2024-05-09,138.33,138.33,134.98,136.75,17067
2024-05-12,139.48,139.48,134.98,137.63,10444
2024-05-13,135.25,144.6,134.89,142.48,233850
2024-05-14,145.3,146.45,141.16,142.92,23049
2024-05-15,145.57,145.57,141.69,142.83,13653
2024-05-16,145.66,145.66,139.39,139.39,58847
2024-05-19,142.13,149.1,140.27,144.69,78344
2024-05-20,147.51,155.18,145.57,151.74,114601
2024-05-21,154.74,154.74,148.3,154.21,46406
2024-05-22,151.74,161.45,151.74,157.92,135262
2024-05-26,159.68,161.01,154.39,156.07,88756
2024-05-27,153.33,160.57,153.33,157.92,83463
2024-05-29,161.01,163.21,153.51,154.39,87229
2024-05-30,155.27,155.27,150.15,150.15,58003
2024-06-02,147.33,152.98,147.33,151.74,48239
2024-06-03,154.74,154.74,147.86,147.86,21442
2024-06-04,150.77,151.74,147.42,149.98,18033
2024-06-05,152.98,152.98,146.98,148.21,18217
2024-06-06,147.42,148.21,145.74,147.33,29887
2024-06-09,150.24,150.24,145.74,146.45,31297
2024-06-10,148.21,148.21,145.66,146.45,15052
2024-06-11,149.36,158.8,143.98,150.86,21764
2024-06-12,151.74,153.86,150.07,150.15,26007
2024-06-13,152.63,152.63,149.18,149.98,26268
2024-06-16,149.98,149.98,147.77,148.21,13061
2024-06-18,148.21,149.1,145.13,145.13,30182
2024-06-19,147.95,147.95,143.8,147.33,20484
2024-06-20,150.24,150.24,144.77,144.95,14035
2024-06-23,143.8,153.68,143.19,144.69,19283
2024-06-24,146.45,147.51,144.69,145.57,11401
2024-06-25,145.48,145.66,144.51,145.57,20176
2024-06-26,143.45,145.57,142.92,143.8,14860
2024-06-27,142.04,144.69,141.6,144.42,22265
2024-06-30,142.92,143.8,142.04,142.83,12224
2024-07-01,141.24,146.54,141.24,146.54,46504
2024-07-02,149.45,155.18,146.98,149.45,98869
2024-07-03,149.45,155.45,147.33,155.27,47964
2024-07-04,158.36,158.8,153.33,155.27,61875
2024-07-07,157.92,158.71,154.48,157.48,84618
2024-07-08,159.15,159.68,155.27,155.71,51190
2024-07-09,158.8,158.8,153.51,157.92,32935
2024-07-10,161.01,161.01,157.48,160.92,86190
2024-07-11,164.09,166.74,160.92,166.74,121582
2024-07-14,170.01,173.36,164.98,169.39,134302
2024-07-15,172.03,175.92,169.39,170.71,160402
2024-07-16,173.8,179.09,167.8,179.0,131514
2024-07-17,182.53,183.33,177.33,180.94,154028
2024-07-18,184.56,199.03,179.89,194.97,329458
2024-07-21,194.97,210.76,188.09,199.38,386658
2024-07-22,202.03,202.03,191.09,194.09,327052
2024-07-23,191.44,202.47,191.44,202.47,282980
2024-07-24,203.79,206.0,198.5,198.59,248975
2024-07-25,198.5,202.91,196.74,202.91,244402
2024-07-28,206.97,223.2,206.97,223.2,416739
2024-07-29,227.61,245.52,224.97,230.35,650276
2024-07-30,234.94,234.94,217.03,230.26,466263
2024-07-31,230.26,242.17,227.61,230.26,406856
2024-08-01,233.79,242.61,229.38,234.58,499587
2024-08-05,234.58,242.97,224.09,225.32,418260
2024-08-06,227.88,227.88,203.79,203.79,324070
2024-08-07,207.85,220.2,198.5,211.29,191655
2024-08-08,212.62,215.26,204.68,205.56,112719
2024-08-11,209.09,215.26,205.12,214.38,205390
2024-08-12,218.62,227.61,218.62,224.09,222500
2024-08-13,228.5,228.5,220.56,224.09,190334
2024-08-14,224.09,229.38,217.91,229.38,229739
2024-08-15,233.97,251.43,229.38,244.82,593976
2024-08-18,248.79,261.14,239.0,244.38,621936
2024-08-21,239.97,246.14,239.08,241.38,259925
2024-08-22,241.73,246.58,238.64,242.61,211193
2024-08-25,247.46,247.46,232.03,233.7,245086
2024-08-27,229.38,231.14,218.97,220.56,271894
2024-08-28,222.32,229.38,216.15,219.67,173783
2024-08-29,224.0,224.0,210.23,215.26,205160
2024-09-01,212.62,218.79,208.82,208.82,115864
2024-09-02,212.97,220.56,208.21,218.79,171822
2024-09-03,223.12,224.79,216.15,217.91,168645
2024-09-04,220.56,220.56,208.21,211.73,115823
2024-09-05,211.73,211.73,205.56,209.09,110599
2024-09-08,213.23,213.23,204.41,204.68,66941
2024-09-09,204.68,205.47,200.27,201.15,83267
2024-09-10,204.68,206.44,199.38,202.03,88784
2024-09-11,206.0,206.0,199.38,200.0,81599
2024-09-12,203.97,211.73,201.15,211.73,103188
2024-09-15,211.73,217.03,207.32,209.09,167317
2024-09-16,209.09,209.09,201.06,202.91,92210
2024-09-18,198.85,210.5,198.85,207.32,105221
2024-09-22,211.47,215.62,203.18,205.56,71565
2024-09-23,209.62,209.62,202.91,203.0,66508
2024-09-24,199.38,205.56,199.38,202.03,71637
2024-09-25,201.15,206.0,197.18,205.56,73791
2024-09-26,201.5,209.09,200.35,200.35,67511
2024-09-29,201.15,201.15,197.62,198.5,35373
2024-09-30,198.41,203.44,197.62,203.44,59901
2024-10-01,200.62,211.73,200.62,211.73,109888
2024-10-02,215.97,215.97,207.5,210.85,87781
2024-10-06,210.85,216.15,209.18,215.79,75930
2024-10-07,217.03,224.97,217.03,221.44,197448
2024-10-08,225.85,228.5,218.44,221.35,150079
2024-10-09,219.15,224.09,219.06,223.2,181786
2024-10-15,226.63,231.67,220.2,229.38,102352
2024-10-16,233.97,236.72,228.46,236.72,114316
2024-10-17,236.72,243.14,231.21,238.55,257050
2024-10-20,238.55,243.42,225.8,237.64,187574
2024-10-21,242.32,242.32,230.3,231.21,61560
2024-10-22,229.38,233.97,224.79,231.21,181956
2024-10-23,235.8,235.8,220.3,222.04,213877
2024-10-24,226.44,226.44,211.03,215.25,186463
2024-10-27,211.3,215.62,209.74,210.94,59266
2024-10-28,212.86,215.07,211.03,215.07,54313
2024-10-29,218.37,222.04,215.62,222.04,108903
2024-10-30,221.12,224.79,216.63,216.99,42459
2024-11-05,216.99,220.2,212.86,212.86,47954
2024-11-06,212.86,216.17,211.12,212.86,21411
2024-11-10,211.03,219.29,211.03,218.37,81659
2024-11-11,221.12,223.87,218.46,222.04,147272
2024-11-12,224.7,227.09,220.48,221.21,84517
2024-11-13,223.87,223.87,214.7,216.53,39001
2024-11-14,215.62,220.2,212.86,216.53,118157
2024-11-17,219.29,220.75,214.7,215.62,50377
2024-11-19,213.78,216.53,212.04,212.86,48879
2024-11-20,212.04,217.08,211.12,212.86,43686
2024-11-21,215.62,217.08,210.11,211.03,77466
2024-11-24,215.25,215.25,206.9,206.9,39832
2024-11-25,211.03,211.03,205.52,208.28,57241
2024-11-26,212.4,215.62,205.98,214.42,53496
2024-11-27,214.42,217.45,211.49,217.45,125609
2024-11-28,217.45,217.45,211.03,212.86,58571
2024-12-01,216.81,216.81,206.44,208.28,80817
2024-12-02,212.4,212.4,203.87,205.25,88736
2024-12-03,202.77,208.73,202.77,207.36,80923
2024-12-04,211.49,211.49,203.87,205.52,53528
2024-12-05,207.36,207.36,203.87,205.25,32968
2024-12-08,202.77,206.44,199.1,202.77,121332
2024-12-09,205.34,205.52,197.27,198.18,72509
2024-12-10,200.02,200.02,197.27,199.74,38918
2024-12-11,196.35,208.18,196.35,208.18,82719
2024-12-12,212.31,212.31,201.85,201.85,89740
2024-12-16,200.02,201.85,197.91,199.65,78992
2024-12-17,199.1,201.58,198.18,199.56,46502
2024-12-18,201.76,202.22,199.1,199.1,40085
2024-12-19,197.45,200.94,196.35,196.35,45081
2024-12-22,192.49,203.69,192.49,196.07,39326
2024-12-23,197.27,199.93,195.43,199.93,59326
2024-12-24,196.16,203.69,196.16,201.39,55258
2024-12-26,203.23,209.19,196.62,205.43,119205
2024-12-29,209.19,209.38,202.31,203.6,36183
2024-12-31,207.63,207.63,198.28,201.03,59349
2025-01-01,201.85,203.69,200.2,201.85,23283
2025-01-02,205.89,205.89,197.82,201.85,72493
2025-01-05,198.18,201.85,196.62,198.18,34921
2025-01-06,197.27,201.21,196.35,200.02,46428
2025-01-07,203.96,203.96,196.07,197.36,51666
2025-01-08,201.3,201.3,196.9,198.09,40933
2025-01-09,202.04,202.04,196.99,197.72,46564
2025-01-12,196.35,197.27,194.24,196.35,35766
2025-01-13,194.51,198.18,192.68,193.5,60531
2025-01-15,193.6,193.6,191.03,192.68,86472
2025-01-16,192.68,194.33,189.01,190.38,51699
2025-01-19,188.55,191.76,187.17,189.38,37433
2025-01-20,189.19,192.22,187.26,189.01,42126
2025-01-21,187.17,189.01,185.43,186.71,42342
2025-01-22,188.09,191.39,186.35,190.29,106280
2025-01-23,191.76,193.6,189.1,189.93,54440
2025-01-26,186.44,191.76,186.35,189.01,24768
2025-01-27,186.44,189.93,186.44,187.63,16243
2025-01-28,187.17,189.93,186.26,188.09,56340
2025-02-02,189.93,194.51,189.93,192.77,72270
2025-02-03,191.03,196.81,191.03,195.43,81900
2025-02-04,196.35,199.01,192.68,193.6,70627
2025-02-05,193.6,195.43,192.86,193.05,36402
2025-02-06,193.6,193.78,190.84,190.93,67511
2025-02-09,193.78,196.35,190.75,191.3,58670
2025-02-10,190.84,194.61,189.74,191.03,43613
2025-02-11,194.51,194.51,190.93,192.22,18427
2025-02-12,194.51,194.51,190.84,192.22,42880
2025-02-13,192.68,193.5,189.65,189.93,31659
2025-02-16,192.68,195.43,189.1,192.22,65441
2025-02-17,193.14,198.92,192.68,197.72,78977
2025-02-18,201.67,201.67,196.44,197.08,83544
2025-02-20,197.27,198.18,194.7,196.72,45678
2025-02-23,192.86,199.65,191.76,195.52,108017
2025-02-24,191.76,202.68,191.76,196.72,51310
2025-02-25,192.86,199.1,192.86,195.43,75696
2025-02-27,199.1,211.95,199.1,201.58,173732
2025-03-02,205.52,210.85,202.77,210.85,205915
2025-03-03,211.03,213.78,205.52,207.36,155235
2025-03-04,205.52,209.19,203.69,205.34,133812
2025-03-05,201.85,204.61,201.3,201.3,89599
2025-03-06,201.49,208.28,200.02,201.85,68257
2025-03-09,201.85,201.85,198.18,198.28,58917
2025-03-10,199.1,200.39,195.98,196.62,45612
2025-03-11,194.79,199.1,194.79,195.43,57433
2025-03-12,194.51,198.28,194.51,194.79,38803
2025-03-16,194.97,196.81,193.32,193.6,45356
2025-03-17,192.95,197.45,192.86,194.51,37372
2025-03-18,198.37,198.37,192.31,193.6,48853
2025-03-19,191.76,195.43,191.76,191.94,38940
2025-03-20,193.87,193.87,190.84,191.2,72895
2025-03-23,191.76,192.68,188.73,189.17,63001
2025-03-24,188.09,192.95,187.45,191.87,55223
2025-03-25,191.85,191.85,188.18,190.06,46475
2025-03-26,191.67,191.76,188.27,191.15,36434
2025-03-27,194.88,194.88,188.27,191.86,28380
2025-03-30,192.68,197.17,189.1,194.46,56444
2025-04-01,193.69,196.35,192.95,193.17,36647
2025-04-02,196.99,196.99,192.31,194.51,49543
2025-04-03,191.85,203.23,191.85,197.93,105438
2025-04-07,200.02,200.02,194.97,195.59,25417
2025-04-08,195.43,195.43,192.95,194.4,25344
2025-04-09,198.18,198.18,192.86,193.82,24581
2025-04-10,192.68,195.89,190.38,192.92,122344
2025-04-13,195.43,195.43,191.49,192.68,104780
2025-04-15,196.35,197.17,193.6,196.05,38094
2025-04-16,199.93,199.93,191.85,192.43,55760
2025-04-17,194.42,196.35,193.6,195.14,49347
2025-04-20,195.43,198.09,191.85,192.23,45422
2025-04-21,191.03,194.24,190.48,191.36,69076
2025-04-22,190.84,191.76,187.54,188.04,62070
2025-04-23,188.09,189.83,183.5,185.11,120865
2025-04-24,183.5,186.26,183.5,185.65,52729
2025-04-27,189.01,189.01,185.34,186.13,42212
2025-04-28,183.69,187.17,183.69,184.78,26664
2025-04-29,186.62,186.62,183.5,184.78,39013
2025-04-30,184.78,186.26,180.48,184.48,88988
2025-05-04,185.34,186.26,182.13,182.59,70254
2025-05-05,184.42,184.42,179.83,182.82,24086
2025-05-06,180.75,183.5,180.11,182.68,29832
2025-05-07,183.41,190.66,180.02,189.97,67502
2025-05-08,191.76,191.76,184.51,186.6,106474
2025-05-11,186.26,188.09,182.95,185.36,67818
2025-05-13,185.34,185.8,182.59,183.02,53398
2025-05-14,183.5,184.42,180.75,181.49,37049
2025-05-15,183.5,183.5,180.75,181.54,27432
2025-05-18,181.67,183.5,181.21,181.77,33878
2025-05-19,184.42,184.7,182.22,184.49,38811
2025-05-20,183.5,190.38,181.67,189.07,61067
2025-05-21,192.68,198.18,188.09,188.19,90155
2025-05-22,189.93,199.1,186.35,198.35,280569
2025-05-25,199.1,200.94,192.77,197.4,199041
2025-05-26,200.94,208.28,194.51,196.29,155639
2025-05-27,194.61,199.1,192.95,198.27,96882
2025-05-28,199.1,206.44,196.72,204.19,223482
2025-06-02,207.36,208.18,201.03,202.05,177315
2025-06-03,206.07,206.07,196.35,196.41,94770
2025-06-04,197.27,199.01,191.94,193.41,57465
2025-06-05,192.68,195.43,191.85,192.48,70653
2025-06-08,191.49,193.5,189.01,190.48,58500
2025-06-09,189.01,193.32,189.01,192.05,57035
2025-06-10,192.22,193.6,190.29,192.96,51482
2025-06-11,191.49,194.05,189.47,190.22,72766
2025-06-12,189.01,191.67,188.18,189.84,43992
2025-06-15,189.93,191.76,188.27,188.45,38688
2025-06-16,188.55,193.6,187.36,191.1,38151
2025-06-17,189.01,192.77,188.55,188.78,41905
2025-06-18,189.01,192.22,186.26,186.38,158226
2025-06-19,189.01,189.01,184.79,185.56,152571
2025-06-22,185.34,187.17,183.5,183.82,74762
2025-06-23,185.34,186.99,184.42,184.97,26050
2025-06-24,185.43,189.83,185.34,186.8,73958
2025-06-25,188.46,188.55,184.88,186.76,25872
2025-06-26,186.35,187.17,185.25,185.33,23650
2025-06-29,185.34,191.67,183.59,190.82,58635
2025-06-30,194.61,194.61,189.01,190.23,75030
2025-07-01,191.76,192.4,188.73,191.39,45238
2025-07-02,191.39,194.51,189.93,193.94,75338
2025-07-03,197.82,197.82,191.67,194.84,74509
2025-07-06,191.85,197.72,191.85,195.58,81753
2025-07-07,199.47,199.47,193.6,194.2,110009
2025-07-08,194.51,194.51,191.21,193.08,46665
2025-07-09,189.28,200.29,189.28,197.61,84753
2025-07-10,198.18,206.35,196.9,202.75,280238
2025-07-13,206.72,214.7,206.72,209.28,259040
2025-07-14,210.11,210.11,200.2,201.44,199307
2025-07-15,203.69,208.18,198.18,205.51,150677
2025-07-16,209.01,212.86,207.36,209.45,210447
2025-07-17,211.85,214.7,208.28,211.66,219237
2025-07-20,209.38,215.71,208.28,209.06,289841
2025-07-21,208.28,213.32,206.9,210.93,357351
2025-07-22,212.86,218.19,212.86,216.81,233864
2025-07-23,217.45,219.1,213.32,215.57,101518
2025-07-24,219.84,219.84,211.49,212.93,207622
2025-07-27,214.24,215.52,210.11,211.65,224525
2025-07-28,211.95,215.52,207.36,212.83,214508
2025-07-29,215.62,219.29,212.86,216.02,271421
2025-07-30,220.3,220.3,211.95,213.15,178390
2025-07-31,211.03,212.86,208.28,209.19,100942
2025-08-03,209.19,209.19,203.05,203.77,129394
2025-08-04,199.74,207.36,199.74,206.57,140034
2025-08-05,208.28,208.28,203.69,204.08,77798
2025-08-06,208.09,208.09,201.85,202.46,67819
2025-08-07,206.44,208.18,201.85,206.26,93128
2025-08-11,209.19,209.19,199.65,200.5,100856
2025-08-12,196.53,203.69,196.53,197.57,64587
2025-08-13,197.45,198.18,194.88,195.38,47911
2025-08-14,195.16,196.62,193.69,193.94,53482
2025-08-17,196.35,196.35,190.93,192.6,59848
2025-08-18,191.76,193.6,191.03,193.01,27058
2025-08-19,193.6,196.16,191.67,193.07,49607
2025-08-20,191.3,194.51,191.21,191.48,41326
2025-08-21,192.68,194.15,190.02,191.05,91865
2025-08-24,190.02,192.68,189.28,190.03,36167
2025-08-25,189.65,192.59,188.55,192.27,31247
2025-08-26,191.21,192.68,189.56,190.05,30372
2025-08-27,189.38,194.51,189.38,193.67,47700
2025-08-28,192.68,193.6,190.29,191.98,53507
2025-08-31,189.19,192.95,188.18,189.15,70488
2025-09-01,192.86,192.86,187.63,191.56,66482
2025-09-02,195.34,195.34,189.47,190.05,20699
2025-09-03,188.09,191.67,188.09,189.34,27528
2025-09-04,189.93,190.75,188.55,189.49,34937
2025-09-07,189.49,190.75,188.82,188.99,24335
2025-09-08,188.27,189.93,187.26,187.66,50300
2025-09-18,183.96,183.96,179.83,180.75,3576
2025-09-21,180.75,188.92,180.75,187.52,130062
2025-09-23,189.83,189.83,183.78,189.01,49608
2025-09-24,186.35,187.91,185.34,186.07,31793
2025-09-25,185.34,187.17,185.34,187.17,42794
2025-09-28,190.84,193.6,190.84,192.68,53482
2025-10-07,192.68,193.32,189.28,189.93,65982
2025-10-08,191.76,191.76,188.0,188.55,71981
2025-10-09,192.31,196.07,189.01,190.66,53891
2025-10-12,190.66,190.66,185.34,186.9,121914
2025-10-13,190.57,190.57,184.42,187.17,37819
2025-10-14,187.17,187.17,184.51,186.26,49541
2025-10-15,184.51,186.9,183.5,183.59,42452
2025-10-16,183.69,185.43,183.59,185.34,28700
2025-10-19,186.26,190.38,184.51,189.47,142518
2025-10-26,189.47,189.47,185.61,189.19,40852
2025-10-28,189.83,191.67,188.18,190.2,47287
2025-10-29,189.47,192.59,189.28,192.4,97689
2025-10-30,190.66,192.95,190.66,192.22,40383
2025-11-02,192.68,195.25,192.04,194.61,134705
2025-11-03,194.61,196.44,193.06,194.61,50517
2025-11-04,193.64,194.89,191.71,194.8,46494
2025-11-05,196.44,196.44,191.71,192.68,15890
2025-11-06,193.16,195.09,192.68,192.68,22521
2025-11-09,189.79,189.79,186.9,187.09,54757
2025-11-10,184.97,187.76,183.72,184.97,37700
2025-11-11,183.33,185.93,182.18,182.56,30528
2025-11-12,186.13,186.13,180.92,181.6,22238
2025-11-13,180.15,187.86,179.48,184.97,62716
2025-11-16,182.18,185.45,181.6,182.08,43799
2025-11-17,179.58,183.53,178.23,180.25,45428
2025-11-18,181.31,183.04,179.67,183.04,39601
2025-11-19,181.12,182.08,179.48,182.08,16324
2025-11-20,179.29,180.15,176.3,179.19,58849
2025-11-23,178.23,182.08,177.84,179.96,99232
2025-11-24,176.4,185.26,176.4,184.49,43742
2025-11-25,185.93,187.76,181.31,187.76,35242
2025-11-26,187.86,189.69,186.03,188.82,94842
2025-11-27,186.9,192.77,186.9,192.68,79270
2025-11-30,192.68,194.61,190.85,192.29,107194
2025-12-01,188.63,191.62,186.03,188.82,61257
2025-12-02,186.03,187.86,186.03,186.03,34331
2025-12-03,186.03,192.68,183.14,188.82,53400
2025-12-07,185.93,187.86,185.16,187.76,20974
2025-12-08,184.97,186.8,184.97,185.84,44029
2025-12-09,182.56,185.93,182.56,184.87,25138
2025-12-10,181.21,187.09,181.21,184.39,12454
2025-12-11,181.12,184.59,181.12,184.59,20610
2025-12-14,181.12,187.76,180.25,183.04,50358
2025-12-15,181.12,184.97,180.25,184.97,20149
2025-12-16,181.31,184.97,181.31,182.85,15274
2025-12-17,181.12,184.49,181.12,182.66,16766
2025-12-18,181.02,183.04,180.35,183.04,29171
2025-12-21,181.12,183.04,180.35,183.04,26374
2025-12-22,181.12,183.53,180.54,183.53,15876
2025-12-23,181.12,184.68,181.12,184.59,41106
2025-12-24,181.12,185.65,181.12,184.49,33922
2025-12-28,181.12,189.88,181.12,187.96,62608
2025-12-29,184.2,190.08,184.2,188.63,32473
2025-12-31,184.87,189.98,184.87,189.79,36910
2026-01-01,186.03,191.52,186.03,191.52,29036
2026-01-04,187.86,190.75,187.86,189.31,30307
2026-01-05,185.55,192.68,185.55,192.68,68934
2026-01-06,190.75,193.64,190.75,193.45,61630
2026-01-07,189.6,194.61,189.6,191.62,44995
2026-01-08,189.02,192.68,189.02,190.17,12427
2026-01-12,189.02,191.71,186.99,189.4,53277
2026-01-13,186.22,190.27,184.49,188.82,37144
2026-01-14,185.26,187.86,185.26,185.93,19709
2026-01-18,184.97,189.6,184.97,189.6,28565
2026-01-20,187.86,192.68,187.86,190.46,40692
2026-01-21,191.71,192.68,188.82,190.75,42383
2026-01-22,190.75,191.23,187.19,190.75,16514
2026-01-25,192.58,195.57,188.82,195.57,106781
2026-01-26,192.68,197.5,192.68,192.68,48878
2026-01-27,190.85,192.68,189.88,189.88,43882
2026-01-28,193.64,193.64,184.97,190.75,86255
2026-01-29,192.68,192.68,186.32,191.62,76507
2026-02-01,188.82,191.81,185.93,191.81,71436
2026-02-02,195.57,195.57,187.57,192.2,60420
2026-02-03,191.71,195.95,187.86,188.05,87511
2026-02-04,184.3,191.71,184.3,187.48,20614
2026-02-05,186.13,189.31,185.93,186.71,18735
2026-02-08,186.13,187.38,184.97,185.84,67463
2026-02-09,187.86,187.86,182.56,183.04,47780
2026-02-10,181.31,184.97,181.21,184.78,52298
2026-02-11,188.44,188.44,183.04,184.01,56844
2026-02-12,185.93,185.93,182.08,184.01,28582
2026-02-16,183.04,184.01,181.7,181.7,31457
2026-02-17,178.23,184.97,178.23,181.21,36738
2026-02-22,180.44,182.08,179.19,180.25,44768
2026-02-23,180.15,181.79,179.19,181.79,34823
2026-02-24,181.12,181.98,180.15,181.12,11318
2026-02-25,182.08,182.95,181.41,182.66,20314
2026-02-26,186.22,186.22,180.15,185.74,46147
2026-03-01,182.08,186.42,180.35,186.22,34012
2026-03-03,182.56,192.68,182.56,191.71,122507
2026-03-09,195.47,207.42,195.47,207.42,6371
2026-03-10,210.98,210.98,192.68,204.24,214007
2026-03-11,204.24,206.94,198.55,203.37,117836
2026-03-12,199.42,212.24,197.5,208.77,293827
2026-03-15,210.98,213.78,206.65,207.61,211717
2026-03-16,211.75,211.75,200.87,202.31,177258
2026-03-17,198.27,206.65,198.27,206.65,121742
2026-03-19,202.6,222.54,202.6,218.69,622383
2026-03-22,221.58,229.87,219.65,226.4,399699
2026-03-23,221.87,229.29,218.69,223.51,451007
2026-03-24,219.08,227.84,218.69,223.99,320130
2026-03-25,226.4,226.4,217.15,218.4,184044
2026-03-26,218.69,221.39,214.35,220.62,165271
2026-03-29,224.95,224.95,210.79,212.91,184043
2026-03-30,210.02,213.68,204.24,212.91,164835
2026-03-31,208.67,218.11,204.53,207.23,151899
2026-04-01,203.08,210.98,200.39,204.24,92903
2026-04-02,200.48,205.01,196.92,200.39,116287
2026-04-05,199.42,200.39,190.75,192.68,177037
2026-04-06,189.98,202.22,189.98,198.46,113461
2026-04-07,201.83,202.31,197.88,200.39,173134
2026-04-08,202.31,204.14,198.65,203.18,49628
2026-04-09,200.39,207.13,200.0,206.55,75128
2026-04-10,203.28,207.03,202.31,203.28,89925
2026-04-13,203.28,204.24,201.35,202.5,55757
2026-04-15,202.31,209.54,202.31,207.13,108348
2026-04-16,211.27,211.27,203.28,203.28,168081
2026-04-17,203.28,203.28,200.0,202.99,53243
2026-04-20,193.64,204.34,193.64,200.1,32853
2026-04-21,200.1,202.22,197.5,202.12,66975
2026-04-22,202.31,204.14,192.68,204.14,61566
2026-04-23,199.61,201.35,197.5,199.42,50740
2026-04-24,209.06,209.06,196.05,200.39,79575
2026-04-27,202.31,206.74,197.5,201.25,50472
2026-04-28,201.35,203.28,197.59,199.33,34486
2026-04-29,196.63,198.46,194.61,196.53,82139
2026-04-30,196.53,197.5,192.68,197.01,66969
2026-05-04,197.01,199.33,192.77,194.61,49497
2026-05-05,194.61,195.76,192.68,194.61,28050
2026-05-06,192.77,197.4,192.2,194.61,32176
2026-05-07,197.4,197.4,193.45,194.7,24706
2026-05-08,197.5,202.31,194.61,199.9,69121
2026-05-11,202.31,202.31,198.55,199.9,26829
2026-05-12,202.31,202.31,196.53,198.27,41913
2026-05-13,194.32,198.46,194.32,195.57,39026
2026-05-14,198.46,198.46,193.55,196.44,15777
2026-05-15,194.03,198.27,193.93,196.63,19633
2026-05-18,198.46,199.04,195.66,197.01,21744
2026-05-19,193.64,198.46,193.64,197.21,25908
2026-05-20,192.97,198.46,192.97,197.88,34175
2026-05-21,193.64,204.14,193.64,196.53,15250
2026-05-22,193.64,199.9,193.64,199.9,27734
2026-05-25,195.66,202.7,195.66,200.77,50741
2026-05-26,200.39,201.35,195.57,196.53,155590
2026-05-27,193.74,200.29,193.74,198.46,131100
2026-06-01,198.46,199.42,194.61,194.99,62548
2026-06-02,195.57,197.5,194.7,197.4,29660
2026-06-03,199.42,199.42,195.57,196.15,22917
2026-06-04,199.13,199.13,195.57,195.95,60548
2026-06-05,197.5,197.5,193.83,195.09,44123
2026-06-08,194.61,196.53,193.74,195.57,68799
2026-06-09,192.77,196.53,192.77,194.61,62748
2026-06-10,197.21,197.21,192.68,194.12,29054
2026-06-11,192.68,194.61,192.39,193.64,32138
2026-06-12,191.91,195.38,191.91,192.68,32483
2026-06-15,194.61,194.61,192.2,192.68,21011
2026-06-16,192.68,194.61,187.86,189.79,82925
2026-06-17,189.79,192.68,189.79,190.85,12269
2026-06-18,190.85,193.55,189.79,190.75,14433
2026-06-19,192.68,192.68,189.5,190.75,22883
2026-06-22,193.55,193.55,189.79,191.71,21511
2026-06-23,192.2,192.2,187.86,191.62,45064
2026-06-24,189.79,191.71,186.32,189.11,43194
2026-06-25,187.09,190.66,187.09,187.96,27156
2026-06-26,190.46,191.43,187.38,190.75,29095
2026-06-29,190.75,191.33,187.09,188.82,23539
2026-06-30,186.9,190.66,183.24,186.9,30137
2026-07-01,189.69,189.79,187.09,188.92,32911
2026-07-02,190.66,196.53,185.93,193.74,55214
2026-07-03,196.24,196.24,189.79,191.71,21922
2026-07-06,191.71,191.71,187.86,189.79,28624
2026-07-07,187.28,192.2,187.28,192.2,66542
2026-07-08,188.54,190.75,187.76,188.54,28568
2026-07-09,185.07,189.79,185.07,188.34,42909
2026-07-10,184.97,190.66,184.97,189.02,18811
2026-07-13,187.86,188.34,185.07,186.42,39954
2026-07-14,188.63,188.63,184.97,187.86,25872
2026-07-15,191.71,191.71,187.86,189.6,21740
2026-07-16,190.66,190.75,186.9,189.69,30884
2026-07-17,192.68,196.05,190.08,195.57,66602
2026-07-20,191.43,197.98,191.43,197.4,41197
2026-07-21,193.45,199.13,193.45,196.05,52657
2026-07-22,193.16,196.24,192.68,195.57,29829
2026-07-23,201.35,201.35,193.93,197.01,17761
2026-07-24,198.46,202.02,196.53,201.73,135021
2026-07-27,205.2,207.13,199.42,200.39,164940
2026-07-28,199.42,201.35,197.59,200.39,50968
2026-07-29,202.31,204.14,197.5,199.33,82254
2026-07-30,201.25,201.25,195.86,198.36,74445
2026-07-31,195.66,200.96,195.66,200.29,36995
2026-08-03,202.31,203.66,198.46,201.25,114286
2026-08-04,203.28,203.28,197.59,198.94,35974
2026-08-05,198.46,200.39,195.86,197.4,50097
2026-08-06,197.5,197.5,193.64,194.61,42559
2026-08-07,195.57,196.53,193.64,194.61,26917
2026-08-10,194.61,196.44,192.68,192.87,39327
2026-08-11,192.68,195.57,192.68,195.38,62919
2026-08-12,195.57,198.36,193.93,196.44,32544
2026-08-13,197.59,197.59,192.77,197.4,32743
2026-08-14,197.5,197.5,192.68,195.28,37173
2026-08-17,195.28,196.44,192.68,194.22,58967
2026-08-18,192.68,193.64,190.85,192.29,18849
2026-08-19,190.85,195.57,190.85,191.71,47556
2026-08-20,190.94,194.32,188.15,194.32,25254
2026-08-21,194.12,195.57,190.75,194.22,40338
2026-08-24,192.68,192.68,189.11,189.79,48924
2026-08-25,190.85,190.85,187.96,189.69,38774
2026-08-26,190.66,190.66,186.03,187.76,40896
2026-08-27,185.16,188.82,183.33,187.67,40593
2026-08-31,185.16,187.57,184.97,184.97,16973
2026-09-01,188.44,188.44,183.72,187.09,23265
2026-09-02,187.86,191.52,186.9,189.98,18119
2026-09-03,191.71,191.71,187.86,191.52,23707
2026-09-07,191.81,193.64,189.79,192.2,44539
2026-09-09,195.76,195.76,188.25,192.49,19083
2026-09-10,188.82,192.58,188.54,189.79,25004
2026-09-11,187.96,192.68,187.96,192.68,33713
2026-09-14,192.68,194.61,189.98,194.61,32466
2026-09-15,204.34,213.87,195.57,201.25,155343
2026-09-16,202.31,202.31,195.57,198.46,64343
2026-09-17,193.93,203.28,193.93,200.19,139787
2026-09-18,197.5,206.07,197.5,205.11,197396
2026-09-22,200.67,210.02,200.67,206.45,175463
2026-09-23,208.0,208.0,202.5,204.24,111232
2026-09-24,204.24,207.13,199.52,205.59,185660
2026-09-28,203.28,207.13,203.28,207.13,122637
2026-09-29,207.13,207.13,204.24,206.84,60021
2026-09-30,204.72,206.94,204.24,205.01,66284
2026-10-01,202.41,205.2,198.94,204.72,52268
2026-10-02,204.72,204.82,203.28,203.28,131073
2026-10-05,201.5,203.8,199.0,200.7,73157
2026-10-06,200.0,202.6,197.0,201.6,70193
2026-10-07,200.0,203.9,199.2,203.9,103751
