timestamp,open,high,low,close,volume
2012-01-01,26.45,26.55,26.4,26.55,230
2012-01-02,26.55,26.8,26.45,26.75,1060
2012-01-03,26.75,26.85,26.7,26.7,640
2012-01-04,26.7,26.75,26.5,26.7,1100
2012-01-05,26.7,26.8,26.65,26.75,510
2012-01-09,26.75,26.7,26.55,26.65,280
2012-01-10,26.65,26.65,26.65,26.65,120
2012-01-11,26.65,26.7,26.7,26.7,900
2012-01-12,26.7,26.6,26.4,26.4,280
2012-01-16,26.4,26.55,26.45,26.55,110
2012-01-17,26.55,26.75,26.45,26.75,1100
2012-01-18,26.9,26.94,26.85,26.9,420
2012-01-22,26.9,26.94,26.65,26.65,1550
2012-01-23,26.65,26.85,26.75,26.85,160
2012-01-25,26.85,27.04,26.94,26.94,150
2012-01-26,26.94,26.9,26.6,26.6,100
2012-01-29,26.6,26.6,26.6,26.6,80
2012-01-31,26.6,26.85,26.65,26.85,360
2012-02-01,26.85,26.94,26.8,26.8,620
2012-02-02,26.8,26.8,26.5,26.5,600
2012-02-05,26.5,26.7,26.6,26.7,620
2012-02-06,26.7,26.9,26.65,26.8,1230
2012-02-07,26.8,26.85,26.7,26.7,550
2012-02-08,26.7,26.8,26.7,26.7,1230
2012-02-09,26.7,26.7,26.6,26.6,380
2012-02-12,26.6,26.8,26.7,26.8,250
2012-02-13,26.8,26.7,26.5,26.65,730
2012-02-14,26.65,26.85,26.65,26.65,480
2012-02-15,26.65,26.65,26.65,26.65,60
2012-02-16,26.65,26.75,26.7,26.75,120
2012-02-21,26.75,26.85,26.8,26.85,970
2012-02-23,26.85,26.75,26.7,26.7,220
2012-02-26,26.7,26.8,26.65,26.75,530
2012-02-27,26.75,26.75,26.7,26.75,180
2012-02-28,26.75,26.85,26.65,26.75,900
2012-02-29,26.75,26.85,26.85,26.85,20
2012-03-01,26.85,26.85,26.65,26.75,490
2012-03-04,26.75,26.85,26.65,26.8,370
2012-03-05,26.8,26.8,26.7,26.7,360
2012-03-06,26.7,26.75,26.65,26.65,470
2012-03-11,26.65,26.65,26.6,26.65,1000
2012-03-12,26.65,26.75,26.65,26.65,180
2012-03-13,26.65,26.85,26.75,26.85,70
2012-03-14,26.85,26.94,26.75,26.75,970
2012-03-15,26.75,26.75,26.7,26.7,50
2012-03-18,26.7,26.65,26.65,26.65,620
2012-03-19,26.65,26.8,26.7,26.8,130
2012-03-20,26.8,26.75,26.6,26.75,400
2012-03-21,26.75,26.75,26.65,26.75,80
2012-03-25,26.75,26.85,26.6,26.7,700
2012-03-26,26.7,26.75,26.75,26.75,100
2012-03-27,26.75,26.8,26.7,26.75,2800
2012-03-28,26.75,26.8,26.75,26.75,2160
2012-03-29,26.75,26.85,26.6,26.75,620
2012-04-01,26.75,26.75,26.7,26.75,920
2012-04-02,26.75,26.65,26.55,26.55,40
2012-04-03,26.55,26.85,26.65,26.8,220
2012-04-04,26.8,26.94,26.8,26.94,700
2012-04-05,26.94,26.85,26.8,26.85,160
2012-04-08,26.85,26.85,26.85,26.85,150
2012-04-10,26.85,26.75,26.75,26.75,30
2012-04-12,26.75,27.24,26.85,27.24,1520
2012-04-15,27.24,27.44,27.34,27.44,230
2012-04-18,27.44,27.44,27.24,27.44,1930
2012-04-19,27.44,27.83,27.54,27.83,1150
2012-04-22,27.83,28.42,27.93,28.42,630
2012-04-24,28.42,28.87,28.57,28.87,80
2012-04-26,28.87,29.66,29.02,29.66,1270
2012-04-29,29.66,30.2,29.56,30.05,3570
2012-04-30,30.05,30.29,29.75,29.75,1340
2012-05-07,29.75,29.9,29.9,29.9,50
2012-05-08,29.9,29.75,29.46,29.46,320
2012-05-09,29.46,29.46,29.11,29.11,1120
2012-05-10,29.11,29.21,28.92,29.07,810
2012-05-13,29.07,28.82,28.28,28.28,3880
2012-05-14,28.28,28.18,27.93,27.93,290
2012-05-15,27.93,28.23,27.93,28.23,800
2012-05-17,28.23,28.92,28.33,28.72,740
2012-05-20,28.72,28.67,28.52,28.62,280
2012-05-21,28.62,28.97,28.77,28.97,440
2012-05-22,28.97,28.82,28.67,28.77,890
2012-05-24,28.77,28.92,28.92,28.92,70
2012-05-27,28.92,29.21,28.77,29.21,430
2012-06-03,29.21,29.07,28.77,28.77,160
2012-06-04,28.77,28.62,28.03,28.13,1700
2012-06-05,28.13,28.08,27.88,27.88,1110
2012-06-06,27.88,27.78,27.59,27.74,950
2012-06-07,27.74,27.93,27.83,27.83,550
2012-06-10,27.83,27.83,27.64,27.69,280
2012-06-11,27.69,27.98,27.64,27.98,290
2012-06-12,27.98,27.98,27.88,27.93,520
2012-06-13,27.93,28.13,27.93,27.93,770
2012-06-14,27.93,28.03,27.78,27.93,560
2012-06-17,27.93,27.98,27.93,27.98,210
2012-06-18,27.98,27.93,27.69,27.74,1230
2012-06-19,27.74,27.69,27.64,27.69,420
2012-06-20,27.69,27.83,27.74,27.74,780
2012-06-21,27.74,27.83,27.74,27.83,370
2012-06-25,27.83,27.98,27.74,27.98,1510
2012-06-26,27.98,27.93,27.83,27.83,290
2012-06-27,27.83,27.83,27.74,27.83,280
2012-06-28,27.83,28.03,27.83,27.93,400
2012-07-01,27.93,28.03,27.93,27.93,350
2012-07-02,27.93,27.93,27.83,27.83,670
2012-07-03,27.83,27.83,27.74,27.83,80
2012-07-04,27.83,27.74,27.64,27.69,150
2012-07-05,27.69,27.78,27.78,27.78,130
2012-07-08,27.78,27.69,27.64,27.64,70
2012-07-09,27.64,27.83,27.54,27.78,770
2012-07-10,27.78,27.88,27.69,27.74,710
2012-07-11,27.74,27.83,27.74,27.83,220
2012-07-12,27.83,27.83,27.74,27.74,210
2012-07-15,27.74,27.83,27.74,27.74,300
2012-07-16,27.74,27.83,27.83,27.83,230
2012-07-17,27.83,28.33,27.93,28.33,4320
2012-07-18,28.33,28.57,28.28,28.57,1420
2012-07-19,28.57,28.87,28.57,28.87,1490
2012-07-22,28.87,29.02,28.67,28.67,1120
2012-07-23,28.67,29.41,28.67,28.97,3100
2012-07-24,28.97,28.92,28.82,28.87,1000
2012-07-25,28.87,29.41,28.57,29.26,2630
2012-07-26,29.26,29.11,28.82,28.97,570
2012-07-29,28.97,29.21,28.92,28.92,840
2012-07-30,28.92,28.97,28.72,28.72,1430
2012-07-31,28.72,28.97,28.72,28.92,2020
2012-08-01,28.92,28.92,28.82,28.87,410
2012-08-05,28.87,28.97,28.87,28.87,630
2012-08-06,28.87,29.07,28.92,28.92,2620
2012-08-07,28.92,29.07,28.82,29.07,1450
2012-08-08,29.07,29.07,28.97,28.97,780
2012-08-12,28.97,28.82,28.82,28.82,1300
2012-08-13,28.82,28.82,28.67,28.67,480
2012-08-14,28.67,28.82,28.57,28.82,260
2012-08-15,28.82,28.77,28.42,28.57,360
2012-08-16,28.57,28.57,28.42,28.57,370
2012-08-19,28.57,28.62,28.42,28.52,1480
2012-08-21,28.52,29.11,28.67,29.11,3350
2012-08-22,29.11,29.56,29.02,29.56,6670
2012-08-23,29.56,29.95,29.36,29.51,7840
2012-08-26,29.51,29.75,29.46,29.46,5380
2012-08-27,29.46,29.46,29.26,29.46,640
2012-08-28,29.46,29.66,29.41,29.61,3020
2012-08-29,29.61,29.66,29.41,29.61,4000
2012-08-30,29.61,29.61,29.31,29.56,1090
2012-09-02,29.56,30.25,29.61,30.1,4160
2012-09-03,30.1,30.25,29.8,30.1,3940
2012-09-04,30.1,30.1,29.8,29.85,1920
2012-09-05,29.85,29.8,29.66,29.66,1300
2012-09-06,29.66,29.8,29.66,29.75,2070
2012-09-09,29.75,29.75,29.46,29.61,160
2012-09-10,29.61,29.75,29.36,29.7,4250
2012-09-11,29.7,29.8,29.56,29.56,520
2012-09-12,29.56,29.66,29.46,29.66,2280
2012-09-13,29.66,29.66,29.66,29.66,60
2012-09-16,29.66,29.7,29.7,29.7,100
2012-09-17,29.7,29.9,29.46,29.85,4070
2012-09-18,29.85,29.95,29.56,29.8,1840
2012-09-19,29.8,29.7,29.7,29.7,100
2012-09-20,29.7,30.0,29.7,29.85,1880
2012-09-23,29.85,29.7,29.7,29.7,150
2012-09-24,29.7,29.66,29.51,29.51,130
2012-09-25,29.51,29.61,29.51,29.61,1610
2012-09-26,29.61,29.75,29.56,29.61,1340
2012-09-27,29.61,29.75,29.61,29.61,1830
2012-09-30,29.61,30.0,29.75,29.8,12850
2012-10-01,29.8,30.0,29.9,30.0,4800
2012-10-02,30.0,30.29,29.95,30.15,10760
2012-10-03,30.15,30.0,29.85,30.0,3680
2012-10-04,30.0,30.15,29.85,30.1,9410
2012-10-07,31.01,31.01,30.75,30.75,170
2012-10-08,30.75,29.93,29.61,29.61,90
2012-10-09,29.61,29.44,28.85,28.85,310
2012-10-10,28.85,28.96,28.85,28.96,100
2012-10-11,28.96,28.85,28.74,28.74,120
2012-10-14,28.74,28.74,28.52,28.74,460
2012-10-15,28.74,28.85,28.85,28.85,30
2012-10-17,28.85,28.96,28.74,28.96,360
2012-10-18,28.96,29.23,29.07,29.23,190
2012-10-30,29.23,29.44,29.34,29.34,250
2012-11-01,29.34,29.66,29.5,29.66,3660
2012-11-04,29.66,29.99,29.82,29.99,430
2012-11-05,29.99,30.15,29.88,30.04,770
2012-11-06,30.04,30.15,30.09,30.15,180
2012-11-07,30.15,30.31,30.31,30.31,130
2012-11-08,30.31,31.01,30.47,30.69,1890
2012-11-18,30.69,31.18,30.85,31.18,60
2012-11-20,31.18,31.34,31.18,31.29,330
2012-11-25,31.29,31.29,31.29,31.29,420
2012-11-26,31.29,31.29,31.29,31.29,540
2012-11-27,31.29,31.29,31.13,31.29,3290
2012-11-28,31.29,31.13,30.96,30.96,60
2012-11-29,30.96,30.8,30.8,30.8,40
2012-12-03,30.8,30.64,30.64,30.64,300
2012-12-06,30.64,30.47,30.47,30.47,100
2012-12-09,30.47,30.31,29.99,29.99,430
2012-12-10,29.99,30.15,29.93,30.04,180
2012-12-11,30.04,29.88,29.88,29.88,70
2012-12-13,29.88,29.93,29.77,29.93,190
2012-12-16,29.93,29.77,29.77,29.77,100
2012-12-17,29.77,29.93,29.93,29.93,380
2012-12-18,29.93,30.15,29.82,30.15,180
2012-12-19,30.15,30.53,30.31,30.37,260
2012-12-20,30.37,30.85,30.53,30.85,60
2012-12-24,30.85,30.69,30.53,30.53,130
2012-12-26,30.53,30.85,30.64,30.8,972
2012-12-31,30.8,30.64,30.31,30.64,690
2013-01-01,30.64,30.69,30.58,30.69,220
2013-01-02,30.69,30.69,30.53,30.69,190
2013-01-03,30.69,30.58,30.53,30.53,610
2013-01-06,30.53,30.69,30.42,30.69,614
2013-01-07,30.69,30.53,30.31,30.47,630
2013-01-09,30.47,30.47,30.47,30.47,140
2013-01-10,30.47,30.47,30.31,30.31,450
2013-01-15,30.31,30.8,30.47,30.8,1116
2013-01-16,30.8,30.64,30.64,30.64,420
2013-01-17,30.64,30.75,30.58,30.75,970
2013-01-20,30.75,30.69,30.69,30.69,270
2013-01-21,30.69,30.64,30.64,30.64,520
2013-01-22,30.64,30.47,30.31,30.47,330
2013-01-23,30.47,30.64,30.53,30.64,250
2013-01-24,30.64,30.64,30.15,30.15,720
2013-01-27,30.15,30.09,30.04,30.04,430
2013-01-30,30.04,29.88,29.88,29.88,100
2013-01-31,29.88,29.71,29.39,29.71,480
2013-02-03,29.71,29.71,29.71,29.71,40
2013-02-04,29.71,30.31,29.71,30.31,700
2013-02-05,30.31,30.58,30.42,30.58,120
2013-02-12,30.58,30.58,30.42,30.58,230
2013-02-13,30.58,30.42,30.26,30.26,310
2013-02-14,30.26,30.42,30.42,30.42,160
2013-02-17,30.42,30.58,30.58,30.58,120
2013-02-19,30.58,31.07,30.75,30.85,2240
2013-02-20,30.85,30.69,30.42,30.42,340
2013-02-21,30.42,30.85,30.42,30.85,320
2013-02-25,30.85,30.85,30.69,30.69,250
2013-02-28,30.69,30.69,30.53,30.69,490
2013-03-03,30.69,30.53,30.42,30.42,900
2013-03-04,30.42,30.42,30.15,30.31,1460
2013-03-05,30.31,30.64,30.15,30.64,450
2013-03-06,30.64,31.01,30.37,31.01,720
2013-03-07,31.01,30.85,30.69,30.69,150
2013-03-11,30.69,30.64,30.53,30.64,1560
2013-03-13,30.64,30.69,30.53,30.69,640
2013-03-14,30.69,30.64,30.64,30.64,570
2013-03-17,30.64,30.47,30.15,30.2,540
2013-03-18,30.2,30.53,30.26,30.53,1489
2013-03-19,30.53,30.37,30.37,30.37,30
2013-03-20,30.37,30.85,30.37,30.85,4454
2013-03-21,30.85,30.75,30.31,30.31,2889
2013-03-24,30.31,30.47,30.15,30.15,2099
2013-03-25,30.15,30.91,30.31,30.58,429
2013-03-27,30.58,30.42,30.26,30.26,2044
2013-03-28,30.26,30.42,30.42,30.42,22
2013-03-31,30.42,30.26,30.04,30.15,346
2013-04-01,30.15,30.09,30.09,30.09,920
2013-04-02,30.09,30.15,30.15,30.15,10
2013-04-08,30.15,29.99,29.66,29.66,579
2013-04-09,29.66,29.82,29.34,29.82,343
2013-04-11,29.82,29.99,29.82,29.88,480
2013-04-15,29.88,29.88,29.71,29.71,440
2013-04-16,29.71,29.55,29.34,29.39,449
2013-04-17,29.39,29.39,29.34,29.34,282
2013-04-22,29.34,29.5,29.5,29.5,20
2013-04-23,29.5,29.34,29.23,29.23,88
2013-04-25,29.23,29.12,29.07,29.12,814
2013-04-28,29.12,29.12,29.12,29.12,737
2013-04-29,29.12,29.12,29.07,29.12,1376
2013-04-30,29.12,29.28,29.12,29.17,797
2013-05-05,29.17,29.01,28.79,28.9,188
2013-05-06,28.9,29.01,28.9,28.9,900
2013-05-07,28.9,29.01,28.58,28.58,410
2013-05-08,28.58,28.79,28.58,28.79,248
2013-05-09,28.79,28.9,28.69,28.9,212
2013-05-12,28.9,29.07,28.9,29.07,388
2013-05-13,29.07,29.07,28.96,28.96,549
2013-05-14,28.96,29.12,29.07,29.07,575
2013-05-15,29.07,29.23,29.07,29.23,110
2013-05-19,29.23,29.39,29.34,29.39,127
2013-05-20,29.39,29.71,29.55,29.71,198
2013-05-22,29.71,29.99,29.82,29.99,176
2013-05-23,29.99,29.99,29.88,29.88,844
2013-05-26,29.88,30.37,29.99,30.31,495
2013-05-27,30.31,30.15,29.99,29.99,253
2013-05-28,29.99,30.31,29.82,30.31,837
2013-05-30,30.31,30.42,30.26,30.42,2182
2013-06-02,30.42,30.26,29.99,29.99,307
2013-06-03,29.99,30.2,29.99,30.2,354
2013-06-04,30.2,30.09,30.04,30.04,172
2013-06-05,30.04,30.2,30.04,30.15,612
2013-06-06,30.15,30.26,30.15,30.26,1122
2013-06-09,30.26,30.31,30.09,30.31,572
2013-06-10,30.31,30.26,30.15,30.15,1142
2013-06-11,30.15,30.31,30.15,30.15,1451
2013-06-12,30.15,30.26,30.15,30.2,633
2013-06-13,30.2,30.26,30.2,30.2,594
2013-06-16,30.2,30.42,30.15,30.42,1970
2013-06-17,30.42,30.53,30.15,30.15,468
2013-06-18,30.15,30.47,30.26,30.26,1096
2013-06-19,30.26,30.42,30.26,30.26,1796
2013-06-20,30.26,30.37,30.15,30.15,2264
2013-06-23,30.15,30.15,30.15,30.15,40
2013-06-26,30.15,29.99,29.61,29.66,892
2013-06-27,29.66,29.71,29.61,29.66,1144
2013-06-30,29.66,29.66,29.34,29.39,2063
2013-07-01,29.39,29.39,29.34,29.34,319
2013-07-02,29.34,29.34,29.28,29.28,531
2013-07-03,29.28,29.34,29.28,29.28,88
2013-07-04,29.28,29.39,29.28,29.39,291
2013-07-07,29.39,29.23,29.23,29.23,440
2013-07-08,29.23,29.39,29.39,29.39,50
2013-07-09,29.39,29.34,29.28,29.34,187
2013-07-10,29.34,29.5,29.39,29.5,182
2013-07-11,29.5,29.39,29.39,29.39,132
2013-07-14,29.39,29.55,29.39,29.39,66
2013-07-15,29.39,29.44,29.34,29.34,36
2013-07-16,29.34,29.17,29.17,29.17,66
2013-07-17,29.17,29.07,29.07,29.07,30
2013-07-18,29.07,29.55,29.23,29.55,130
2013-07-21,29.55,29.88,29.71,29.88,194
2013-07-22,29.88,30.04,29.88,30.04,110
2013-07-23,30.04,30.2,30.04,30.04,647
2013-07-24,30.04,29.88,29.88,29.88,121
2013-07-25,29.88,29.71,29.71,29.71,94
2013-07-28,29.71,29.88,29.61,29.88,354
2013-07-29,29.88,29.93,29.61,29.82,495
2013-07-30,29.82,29.99,29.82,29.93,2306
2013-07-31,29.93,29.93,29.71,29.71,176
2013-08-01,29.71,29.77,29.61,29.61,583
2013-08-04,29.61,30.2,29.77,30.2,404
2013-08-05,30.2,30.09,30.04,30.04,132
2013-08-06,30.04,30.2,30.04,30.09,439
2013-08-07,30.09,29.93,29.82,29.88,143
2013-08-08,29.88,30.04,29.34,30.04,483
2013-08-11,30.04,29.88,29.71,29.71,173
2013-08-12,29.71,29.99,29.88,29.99,1514
2013-08-13,29.99,30.15,29.88,29.88,1218
2013-08-18,29.88,30.04,29.77,29.93,836
2013-08-19,29.93,30.8,29.77,30.8,2670
2013-08-20,30.8,31.77,30.69,31.77,3475
2013-08-25,31.77,32.21,31.72,32.05,3669
2013-08-26,32.05,32.05,31.72,31.77,3859
2013-08-27,31.77,32.05,31.83,31.83,2170
2013-08-29,31.83,32.05,31.61,31.99,5342
2013-09-01,31.99,32.1,31.77,31.83,1892
2013-09-03,31.83,31.77,31.51,31.77,914
2013-09-04,31.77,31.72,31.51,31.72,892
2013-09-05,31.72,31.61,31.56,31.56,788
2013-09-08,31.56,31.72,31.61,31.61,300
2013-09-09,31.61,31.94,31.56,31.72,1298
2013-09-10,31.72,32.75,31.89,32.48,4934
2013-09-11,32.48,32.59,32.43,32.59,2182
2013-09-12,32.59,33.02,32.64,33.02,2463
2013-09-15,33.02,33.29,32.75,33.13,5938
2013-09-16,33.13,33.24,32.97,33.19,2488
2013-09-17,33.19,33.19,32.81,32.97,3136
2013-09-22,31.54,31.54,31.54,31.54,209
2013-10-07,33.59,33.29,33.0,33.0,40
2013-10-08,33.0,32.81,32.61,32.61,897
2013-10-09,32.61,32.32,32.32,32.32,12
2013-10-10,32.32,32.32,32.32,32.32,77
2013-10-20,32.32,32.32,32.32,32.32,80
2013-10-21,32.32,32.32,32.32,32.32,55
2013-10-22,32.32,32.81,32.61,32.81,86
2013-10-23,32.81,33.1,32.81,32.9,407
2013-10-24,32.9,33.2,33.2,33.2,132
2013-10-27,33.2,32.9,32.9,32.9,66
2013-10-29,32.9,33.88,33.0,33.88,214
2013-10-30,33.88,35.05,34.17,35.05,172
2013-10-31,35.05,35.54,34.95,34.95,2136
2013-11-07,34.95,34.76,34.76,34.76,447
2013-11-12,34.76,35.64,35.05,35.64,1077
2013-11-13,35.64,36.51,35.93,36.51,348
2013-11-14,36.51,36.8,36.8,36.8,100
2013-11-24,36.8,37.78,37.1,37.1,612
2013-11-25,37.1,37.39,37.39,37.39,639
2013-11-26,37.39,37.19,37.19,37.19,537
2013-11-27,37.19,37.59,36.8,36.8,672
2013-11-28,36.8,37.19,36.61,37.19,749
2013-12-01,37.19,37.19,37.1,37.19,77
2013-12-02,37.19,37.49,37.49,37.49,66
2013-12-03,37.49,39.44,37.88,39.44,1179
2013-12-04,39.44,40.22,39.83,40.22,20
2013-12-05,40.22,42.47,40.61,42.47,1250
2013-12-08,42.47,43.54,42.47,43.54,4860
2013-12-09,43.54,44.61,43.05,44.52,545
2013-12-11,44.52,44.03,43.05,43.05,764
2013-12-12,43.05,43.54,43.05,43.05,508
2013-12-15,43.05,43.25,42.56,43.25,253
2013-12-16,43.25,43.73,43.64,43.73,722
2013-12-18,43.73,44.71,44.22,44.71,615
2013-12-19,44.71,44.22,43.73,44.03,88
2013-12-22,44.03,43.54,42.76,42.76,1487
2013-12-23,42.76,42.27,41.78,41.78,273
2013-12-24,41.78,42.17,41.59,42.17,576
2013-12-26,42.17,42.66,42.66,42.66,209
2013-12-29,42.66,42.47,41.59,42.08,329
2013-12-31,42.08,41.98,41.59,41.98,325
2014-01-01,41.98,41.59,41.2,41.29,277
2014-01-02,41.29,41.1,40.9,41.1,526
2014-01-05,41.1,40.71,39.93,39.93,720
2014-01-06,39.93,39.73,39.15,39.15,283
2014-01-07,39.15,41.29,39.54,41.29,879
2014-01-08,41.29,43.64,41.68,43.64,3899
2014-01-09,43.64,44.52,42.17,42.66,2861
2014-01-12,42.66,42.17,41.68,42.08,360
2014-01-13,42.08,44.52,42.56,44.42,6544
2014-01-14,44.42,46.47,44.91,45.98,4205
2014-01-16,45.98,48.22,46.47,46.76,4395
2014-01-19,46.76,47.05,45.98,47.05,562
2014-01-20,47.05,48.51,47.15,47.73,4813
2014-01-21,47.73,49.59,47.44,47.93,4087
2014-01-22,47.93,49.0,46.96,46.96,7110
2014-01-23,46.96,47.35,46.47,46.47,4123
2014-01-26,46.47,46.47,45.49,46.47,807
2014-01-27,46.47,46.76,46.27,46.27,760
2014-01-28,46.27,47.25,45.0,47.25,1288
2014-01-29,47.25,47.54,46.66,46.96,3473
2014-02-02,46.96,46.76,45.98,45.98,515
2014-02-03,45.98,46.96,45.88,45.88,491
2014-02-04,45.88,45.98,45.0,45.49,1288
2014-02-05,45.49,46.47,45.49,46.47,3474
2014-02-06,46.47,46.56,45.49,45.98,2102
2014-02-09,45.98,46.66,45.49,46.66,1198
2014-02-10,46.66,47.73,46.47,46.47,3955
2014-02-11,46.47,45.98,45.0,45.0,1674
2014-02-12,45.0,45.49,44.52,44.71,5811
2014-02-13,44.71,45.59,44.52,45.0,10950
2014-02-16,45.0,45.98,44.52,45.0,822
2014-02-17,45.0,45.0,44.52,45.0,480
2014-02-18,45.0,45.0,44.03,44.81,1072
2014-02-20,44.81,45.78,44.52,45.78,430
2014-02-23,45.78,45.98,44.52,44.52,1055
2014-02-24,44.52,45.49,44.52,45.49,1687
2014-02-25,45.49,45.39,43.83,45.3,2661
2014-02-26,45.3,45.98,45.0,45.49,6804
2014-03-03,45.49,45.49,45.0,45.2,1237
2014-03-04,45.2,44.71,43.25,43.73,10328
2014-03-05,43.73,46.27,43.93,45.49,5859
2014-03-06,45.49,45.49,45.0,45.0,1705
2014-03-09,45.0,44.52,43.05,43.15,537
2014-03-10,43.15,43.64,43.05,43.64,471
2014-03-11,43.64,45.0,44.03,44.03,10265
2014-03-12,44.03,43.64,42.27,43.05,27975
2014-03-13,43.05,44.52,43.05,44.03,3202
2014-03-17,44.03,43.54,42.56,42.56,1865
2014-03-18,42.56,42.56,41.59,42.56,7374
2014-03-19,42.56,43.05,42.08,42.56,3717
2014-03-20,42.56,43.54,41.78,42.76,5474
2014-03-23,42.76,43.54,42.27,43.34,22794
2014-03-24,43.34,43.44,42.56,43.05,8394
2014-03-25,43.05,43.34,42.66,42.66,4786
2014-03-26,42.66,42.86,42.27,42.76,650
2014-03-27,42.76,43.05,42.27,42.76,1358
2014-03-31,42.76,42.76,42.17,42.56,1690
2014-04-01,42.56,43.34,42.47,42.86,3612
2014-04-02,42.86,43.34,42.66,43.05,7350
2014-04-03,43.05,43.15,42.56,42.95,7076
2014-04-06,42.95,42.47,41.59,42.17,753
2014-04-07,42.17,42.56,41.78,42.08,3693
2014-04-09,42.08,42.76,41.98,42.76,8568
2014-04-10,42.76,44.03,42.56,43.83,8422
2014-04-13,43.83,43.83,43.25,43.25,1349
2014-04-15,43.25,43.54,41.88,42.27,1279
2014-04-16,42.27,42.76,42.56,42.76,1467
2014-04-17,42.76,43.05,42.37,42.76,3498
2014-04-20,42.76,43.54,42.76,42.76,6624
2014-04-21,42.76,43.25,42.56,42.66,3271
2014-04-22,42.66,44.03,42.47,43.54,7674
2014-04-23,43.54,43.73,43.05,43.34,4164
2014-04-27,43.34,43.54,42.56,42.56,1226
2014-04-28,42.56,44.03,42.66,44.03,8242
2014-04-29,44.03,44.03,43.05,43.05,2605
2014-04-30,43.05,44.52,43.15,44.03,5021
2014-05-04,44.03,44.03,42.66,43.54,5204
2014-05-05,43.54,45.0,43.73,44.22,6379
2014-05-06,44.22,46.66,44.52,46.27,20484
2014-05-07,46.27,47.93,45.59,46.07,22128
2014-05-08,46.07,46.27,45.0,45.0,7940
2014-05-11,45.0,45.49,44.52,45.2,1107
2014-05-12,45.2,46.47,44.52,46.07,7572
2014-05-13,46.07,46.07,45.1,45.1,414
2014-05-15,45.1,45.78,44.81,45.78,11814
2014-05-18,45.78,45.78,45.0,45.49,4359
2014-05-19,45.49,45.49,45.0,45.49,902
2014-05-20,45.49,45.98,45.49,45.88,961
2014-05-21,45.88,46.27,45.39,45.78,14051
2014-05-22,45.78,46.27,45.3,45.98,6931
2014-05-25,45.98,46.76,45.98,46.17,2559
2014-05-26,46.17,47.44,45.98,47.44,22048
2014-05-27,47.44,47.35,46.47,46.96,7147
2014-05-28,46.96,46.66,46.37,46.37,1111
2014-06-01,46.37,46.47,45.59,46.47,1648
2014-06-02,46.47,47.35,45.98,46.66,6101
2014-06-03,46.66,46.96,45.98,46.17,1087
2014-06-04,46.17,46.66,45.68,46.37,1297
2014-06-05,46.37,46.47,45.98,46.47,3478
2014-06-08,46.47,46.96,46.47,46.85,1813
2014-06-09,46.85,46.96,46.07,46.56,3681
2014-06-10,46.56,46.76,46.07,46.76,4384
2014-06-11,46.76,46.96,46.27,46.76,5842
2014-06-12,46.76,47.05,45.98,47.05,3942
2014-06-15,47.05,47.54,47.05,47.15,5132
2014-06-16,47.15,48.03,46.56,46.96,5479
2014-06-17,46.96,47.64,46.66,47.44,10256
2014-06-18,47.44,47.73,46.47,46.96,22154
2014-06-19,46.96,47.35,46.47,47.15,7265
2014-06-23,47.15,46.96,46.37,46.96,6983
2014-06-24,46.96,46.85,45.88,46.27,5170
2014-06-25,46.27,47.15,46.47,46.47,5128
2014-06-26,46.47,46.96,46.37,46.96,1802
2014-06-29,46.96,46.96,46.17,46.37,2990
2014-06-30,46.37,46.47,45.98,46.17,613
2014-07-01,46.17,46.96,46.37,46.96,3700
2014-07-02,46.96,46.96,46.47,46.47,5454
2014-07-03,46.47,48.12,46.47,47.15,9736
2014-07-06,47.15,48.81,46.07,48.81,16902
2014-07-07,48.81,49.69,48.42,49.49,8247
2014-07-08,49.49,52.32,49.4,52.22,11580
2014-07-09,52.22,52.91,51.83,52.52,6168
2014-07-10,52.52,52.32,51.54,51.83,1994
2014-07-13,51.83,52.52,50.08,50.08,3192
2014-07-14,50.08,51.25,50.17,50.86,5548
2014-07-15,50.86,50.95,48.9,50.08,1940
2014-07-16,50.08,51.64,49.88,51.34,6709
2014-07-17,51.34,51.54,50.56,51.54,16217
2014-07-20,51.54,54.86,51.83,54.86,18869
2014-07-21,54.86,58.56,55.54,58.18,11011
2014-07-22,58.18,58.66,55.93,57.49,10961
2014-07-23,57.49,58.27,55.83,57.69,8052
2014-07-24,57.69,58.18,57.2,57.69,6283
2014-07-27,57.69,58.47,57.1,57.88,5794
2014-07-28,57.88,58.47,57.49,58.27,1957
2014-07-30,58.27,60.61,57.49,58.66,9134
2014-07-31,58.66,59.64,58.66,59.44,4555
2014-08-03,59.44,59.15,57.88,58.18,4731
2014-08-04,58.18,57.69,56.71,56.71,5003
2014-08-05,56.71,59.05,57.3,57.3,9503
2014-08-06,57.3,58.08,57.01,57.01,1771
2014-08-07,57.01,56.71,55.64,56.61,4482
2014-08-12,56.61,55.93,55.25,55.34,1858
2014-08-13,55.34,56.42,54.08,56.42,4224
2014-08-14,56.42,56.51,54.37,55.83,1364
2014-08-18,55.83,56.32,55.74,55.74,1272
2014-08-19,55.74,56.61,55.25,55.44,4326
2014-08-20,55.44,57.88,56.13,56.91,8143
2014-08-21,56.91,59.15,55.93,59.15,6140
2014-08-24,59.15,58.47,55.74,56.42,6214
2014-08-25,56.42,57.1,53.88,54.76,10326
2014-08-26,54.76,56.42,54.57,55.25,4777
2014-08-27,55.25,58.08,55.74,55.74,3954
2014-08-28,55.74,56.91,55.93,56.13,3159
2014-08-31,56.13,56.71,53.98,53.98,8245
2014-09-01,53.98,53.78,52.81,53.39,2900
2014-09-03,53.39,55.44,53.78,53.78,3086
2014-09-04,53.78,53.78,52.81,53.2,673
2014-09-07,53.2,52.91,50.86,51.34,3242
2014-09-09,51.34,54.46,51.34,54.46,3423
2014-09-10,54.46,55.83,52.71,53.39,6169
2014-09-11,53.39,54.08,52.13,53.98,9396
2014-09-14,53.98,53.78,52.32,52.81,4645
2014-09-15,52.81,54.86,52.81,53.3,4709
2014-09-16,53.3,54.46,52.61,53.88,1158
2014-09-17,53.88,54.66,53.3,53.78,3292
2014-09-21,53.0,52.32,51.15,51.83,1677
2014-09-22,51.83,52.32,51.54,51.83,2261
2014-09-23,51.83,53.1,51.83,52.81,564
2014-09-24,52.81,53.3,52.32,52.32,779
2014-09-28,52.32,53.69,51.83,53.69,400
2014-09-29,53.69,54.37,53.59,54.37,274
2014-09-30,54.37,54.57,52.42,54.27,1570
2014-10-08,54.27,53.78,53.59,53.59,63
2014-10-09,53.59,53.78,52.52,53.3,842
2014-10-12,53.3,53.98,52.22,52.81,3072
2014-10-13,52.81,53.49,52.52,53.49,840
2014-10-14,53.49,52.91,52.91,52.91,134
2014-10-15,52.91,53.49,52.32,53.49,1091
2014-10-16,53.49,54.76,52.81,53.78,5796
2014-10-19,53.78,53.78,52.42,53.78,10262
2014-10-20,53.78,54.27,52.81,52.81,423
2014-10-21,52.81,54.08,52.32,53.39,3383
2014-10-22,53.39,54.17,53.39,54.17,1054
2014-10-26,54.17,54.76,53.39,53.39,527
2014-10-27,53.39,54.96,53.78,53.78,1941
2014-10-28,53.78,54.27,52.42,53.59,3157
2014-10-30,53.59,53.78,53.3,53.59,4664
2014-11-02,53.59,53.88,53.3,53.59,1479
2014-11-03,53.59,54.66,52.91,53.69,3696
2014-11-04,53.69,54.46,53.69,53.98,20515
2014-11-05,53.98,55.74,53.98,55.44,10289
2014-11-06,55.44,56.61,55.25,55.74,10652
2014-11-09,55.74,56.03,54.76,55.05,8591
2014-11-10,55.05,55.44,53.3,54.27,14151
2014-11-11,54.33,55.03,54.92,55.03,330
2014-11-18,55.03,54.33,53.63,54.33,132
2014-11-19,54.33,54.33,54.33,54.33,74
2014-11-20,54.33,53.98,52.69,52.69,296
2014-11-23,52.69,52.22,52.22,52.22,26
2014-11-24,52.22,52.22,51.64,51.64,1688
2014-11-25,51.64,51.64,51.64,51.64,911
2014-11-30,51.64,52.22,51.05,52.22,228
2014-12-01,52.22,52.1,51.52,51.64,579
2014-12-02,51.64,51.05,51.05,51.05,112
2014-12-03,51.05,52.22,51.05,51.64,982
2014-12-07,51.64,51.64,50.47,50.47,1203
2014-12-08,50.47,49.88,49.88,49.88,66
2014-12-09,49.88,49.88,49.29,49.41,852
2014-12-10,49.41,50.0,49.88,49.88,144
2014-12-11,49.88,49.88,49.29,49.29,598
2014-12-14,49.29,52.46,49.88,52.46,329
2014-12-15,52.46,54.45,53.04,54.21,726
2014-12-16,54.21,53.98,53.98,53.98,514
2014-12-17,53.98,53.39,52.81,52.81,170
2014-12-18,52.81,52.81,52.22,52.81,561
2014-12-21,52.81,52.57,52.57,52.57,70
2014-12-22,52.57,52.34,51.64,51.75,782
2014-12-23,51.75,51.99,51.99,51.99,39
2014-12-24,51.99,51.4,51.4,51.4,158
2014-12-28,51.4,52.22,51.64,52.22,120
2014-12-29,52.22,52.81,52.22,52.81,544
2014-12-31,52.81,53.39,52.22,53.39,1062
2015-01-01,53.39,53.74,53.16,53.74,116
2015-01-04,53.74,54.45,53.86,54.45,222
2015-01-05,54.45,55.85,55.15,55.85,1869
2015-01-06,55.85,55.85,54.92,55.85,639
2015-01-07,55.85,57.14,56.32,56.44,568
2015-01-08,56.44,57.73,55.97,55.97,1964
2015-01-11,55.97,56.32,55.74,55.74,5094
2015-01-12,55.74,55.74,54.1,55.15,786
2015-01-13,55.15,56.32,55.39,56.32,376
2015-01-14,56.32,57.14,56.32,56.55,4855
2015-01-18,56.55,57.61,56.91,57.49,2638
2015-01-19,57.49,60.89,58.19,60.77,777
2015-01-20,60.77,60.3,59.25,59.25,1384
2015-01-22,59.25,59.25,57.84,57.84,877
2015-01-25,57.84,58.55,57.14,57.49,6484
2015-01-26,57.49,59.83,58.19,59.02,1542
2015-01-27,59.02,58.66,58.19,58.19,836
2015-01-28,58.19,61.24,57.49,61.24,7348
2015-01-29,61.24,62.18,60.07,60.07,982
2015-02-01,60.07,63.0,60.53,63.0,2972
2015-02-02,63.0,64.98,63.35,63.93,3329
2015-02-03,63.93,64.4,63.7,64.16,3431
2015-02-04,64.16,64.87,63.35,64.28,3315
2015-02-05,64.28,66.98,64.4,64.63,8470
2015-02-08,64.63,66.27,65.1,65.22,5877
2015-02-09,65.22,65.92,65.22,65.57,4626
2015-02-10,65.57,65.57,63.58,64.75,8907
2015-02-11,64.75,64.87,64.28,64.52,6385
2015-02-12,64.52,67.3,65.4,66.27,1140
2015-02-15,66.27,68.18,67.01,68.18,1752
2015-02-16,68.18,68.91,67.45,67.59,3338
2015-02-19,67.45,67.59,66.71,66.86,1026
2015-02-22,66.86,65.98,63.49,63.49,718
2015-02-23,63.49,65.69,61.73,65.69,4191
2015-02-24,65.69,65.83,64.66,64.66,1740
2015-02-25,64.66,65.4,63.93,65.4,3558
2015-02-26,65.4,65.54,64.66,64.66,115
2015-03-01,65.1,65.25,64.81,65.25,2549
2015-03-02,65.25,65.69,65.25,65.69,588
2015-03-03,65.69,65.25,64.96,64.96,590
2015-03-04,64.96,64.96,63.2,64.96,610
2015-03-09,64.96,65.98,63.78,65.1,4944
2015-03-10,65.1,64.96,64.52,64.52,1822
2015-03-11,64.52,64.81,63.78,63.93,3472
2015-03-12,63.93,64.81,63.93,64.81,432
2015-03-15,64.81,64.81,63.49,63.49,3841
2015-03-16,63.49,63.05,62.76,62.76,3239
2015-03-17,62.76,63.78,61.88,63.35,4387
2015-03-18,63.35,63.35,62.91,63.05,1103
2015-03-19,63.05,63.35,62.47,62.47,4387
2015-03-22,62.47,63.35,62.03,62.32,961
2015-03-23,62.32,61.88,61.15,61.15,1500
2015-03-24,61.15,62.47,61.59,62.32,482
2015-03-25,62.32,61.88,61.0,61.59,1212
2015-03-26,61.59,60.71,60.71,60.71,74
2015-03-29,60.71,60.86,59.98,60.86,863
2015-03-30,60.86,60.42,59.4,59.4,1012
2015-03-31,59.4,61.88,60.13,61.88,646
2015-04-01,61.88,61.88,60.42,60.86,1382
2015-04-02,60.86,62.03,60.86,61.3,2283
2015-04-05,61.3,60.71,60.27,60.27,347
2015-04-06,60.27,60.86,60.27,60.86,347
2015-04-07,60.86,60.42,59.83,59.83,1876
2015-04-08,59.83,61.59,60.71,61.59,610
2015-04-09,61.59,63.2,62.32,62.32,757
2015-04-12,62.32,63.2,62.32,62.76,582
2015-04-13,62.76,63.2,62.32,62.47,554
2015-04-15,62.47,62.32,61.59,61.59,558
2015-04-16,61.59,61.59,61.3,61.3,900
2015-04-19,61.3,62.32,61.44,61.59,915
2015-04-20,61.59,62.18,61.59,61.59,935
2015-04-21,61.59,61.73,61.15,61.73,2430
2015-04-22,61.73,62.61,61.59,62.03,1491
2015-04-23,62.03,61.3,59.4,59.4,1785
2015-10-07,60.27,63.78,60.27,63.78,260
2015-10-08,64.66,68.61,64.66,68.61,19749
2015-10-11,69.64,70.66,68.91,68.91,7114
2015-10-14,69.49,69.2,67.74,68.03,2075
2015-10-15,68.32,68.32,66.27,66.27,6651
2015-10-18,65.98,66.27,64.52,65.25,10070
2015-10-19,65.25,66.42,65.25,66.42,908
2015-10-27,65.4,65.4,61.59,61.59,5937
2015-10-28,60.86,63.2,59.83,63.2,2757
2015-10-29,62.32,62.32,60.71,61.59,7330
2015-11-01,62.47,66.13,62.47,66.13,1033
2015-11-02,65.1,65.1,62.61,63.05,2120
2015-11-03,63.93,63.93,62.32,63.35,1840
2015-11-04,64.23,64.52,63.64,63.64,1949
2015-11-05,63.2,63.78,63.05,63.05,1785
2015-11-08,63.2,63.2,62.76,62.76,700
2015-11-09,63.64,64.23,63.49,64.23,3199
2015-11-10,63.93,64.37,63.93,64.37,144
2015-11-15,63.78,63.78,63.78,63.78,500
2015-11-16,64.52,64.52,64.52,64.52,28
2015-11-18,63.78,63.78,63.78,63.78,300
2015-11-19,62.91,63.05,62.18,63.05,1100
2015-11-22,62.32,62.32,61.59,61.88,1958
2015-11-23,60.71,61.15,60.71,61.15,655
2015-11-24,61.15,62.03,61.15,61.73,953
2015-11-25,61.15,62.18,60.71,61.0,21028
2015-11-26,60.13,60.86,59.25,60.86,1552
2015-11-29,60.86,60.86,59.98,59.98,600
2015-11-30,59.1,59.69,58.22,59.54,2147
2015-12-01,59.54,61.0,59.4,60.13,4598
2015-12-02,59.4,60.13,59.4,60.13,1745
2015-12-03,60.86,60.86,60.86,60.86,156
2015-12-04,61.59,62.76,61.59,62.61,3559
2015-12-07,63.49,64.37,62.03,62.03,1220
2015-12-08,62.61,62.61,62.61,62.61,305
2015-12-09,62.76,62.76,61.59,62.47,1600
2015-12-10,62.47,62.47,61.59,62.32,1131
2015-12-15,61.59,61.59,61.59,61.59,250
2015-12-16,62.47,63.49,62.03,63.35,4914
2015-12-17,62.76,63.64,61.88,63.05,2715
2015-12-20,63.05,66.56,63.93,65.25,11237
2015-12-21,65.25,67.15,65.98,66.27,7333
2015-12-22,67.3,67.3,65.25,65.69,3288
2015-12-23,65.69,65.98,64.81,64.81,2069
2015-12-24,65.69,65.98,64.81,65.25,5001
2015-12-25,64.81,67.01,64.81,65.54,11126
2015-12-28,65.54,67.01,65.54,67.01,18136
2015-12-29,67.09,67.97,66.04,66.74,2320
2015-12-31,66.92,67.8,66.74,67.62,4527
2016-01-03,68.68,68.5,67.45,67.62,2079
2016-01-04,67.62,67.27,66.74,67.27,404
2016-01-05,66.39,66.39,65.16,65.16,1433
2016-01-06,66.04,66.56,66.04,66.56,543
2016-01-07,66.56,69.9,66.56,68.32,4286
2016-01-10,68.32,68.85,68.15,68.68,7059
2016-01-11,68.32,69.55,67.27,69.55,5508
2016-01-12,70.61,70.61,68.68,68.68,2037
2016-01-13,68.68,70.96,67.97,67.97,3599
2016-01-14,69.03,71.13,69.03,70.08,2654
2016-01-17,71.13,71.13,69.03,70.26,6196
2016-01-18,70.96,70.96,69.38,70.78,2187
2016-01-19,69.73,70.78,68.85,70.43,3658
2016-01-20,70.08,70.61,69.2,70.61,3653
2016-01-21,70.61,71.84,69.55,70.96,24795
2016-01-24,70.96,72.01,70.96,70.96,1086
2016-01-25,71.48,71.84,70.26,71.31,4468
2016-01-26,71.31,72.01,71.31,71.31,3717
2016-01-27,71.31,71.66,70.26,71.48,3815
2016-01-28,71.13,71.66,71.13,71.66,582
2016-01-31,71.66,72.19,70.61,72.19,2780
2016-02-01,72.19,75.35,71.84,74.29,32154
2016-02-02,75.35,77.98,75.35,76.75,33865
2016-02-03,76.75,77.46,74.47,77.46,17506
2016-02-04,77.98,78.69,76.23,76.93,15319
2016-02-07,76.93,79.56,75.87,76.93,17678
2016-02-08,76.93,77.46,76.23,76.23,5733
2016-02-11,76.23,77.81,75.7,75.87,3705
2016-02-14,76.23,76.93,75.0,75.7,6114
2016-02-15,74.64,75.7,71.48,74.82,2104
2016-02-16,74.82,76.75,74.12,74.64,6192
2016-02-17,74.64,75.7,75.35,75.35,3417
2016-02-18,75.35,75.7,74.29,75.0,5084
2016-02-21,76.05,76.05,74.64,74.82,4228
2016-02-22,74.82,76.05,74.82,76.05,4568
2016-02-23,76.05,76.23,74.82,75.35,5085
2016-02-24,74.47,75.17,74.47,74.82,1649
2016-02-25,74.47,75.35,74.29,75.35,2308
2016-02-28,75.35,76.23,74.47,74.47,1620
2016-02-29,74.47,75.52,74.47,74.47,4325
2016-03-01,74.82,75.52,74.29,75.17,8344
2016-03-02,74.82,76.93,74.82,75.35,4546
2016-03-03,76.4,78.86,75.35,77.11,7687
2016-03-06,77.11,77.11,75.17,76.58,5402
2016-03-10,77.81,80.09,75.35,79.91,29899
2016-03-13,78.69,79.74,77.11,77.98,12527
2016-03-14,77.46,78.33,77.28,77.28,1846
2016-03-15,77.98,78.16,77.28,77.28,4328
2016-03-16,76.4,77.28,76.4,76.75,344
2016-03-17,76.58,78.16,76.58,78.16,2009
2016-03-20,77.98,78.51,77.28,77.98,4729
2016-03-21,76.93,79.39,76.93,79.39,10564
2016-03-23,78.33,79.74,78.16,79.74,2514
2016-03-24,79.74,79.04,77.98,78.69,6142
2016-03-27,78.69,78.86,76.58,78.86,6547
2016-03-28,78.86,78.33,77.81,78.16,6037
2016-03-29,77.98,78.16,77.28,77.63,2244
2016-03-30,77.81,77.98,76.75,77.11,2348
2016-03-31,77.11,77.11,76.4,76.93,4366
2016-04-03,76.93,77.46,75.0,77.46,6465
2016-04-04,77.46,76.93,75.52,76.23,5460
2016-04-05,76.23,77.11,76.23,76.58,3144
2016-04-06,76.58,77.46,76.23,77.46,2130
2016-04-10,77.46,76.93,76.58,76.75,5193
2016-04-11,76.75,76.05,74.29,75.0,9905
2016-04-12,75.0,75.87,73.42,75.87,11205
2016-04-14,75.87,75.87,74.82,75.87,2132
2016-04-17,75.52,77.46,75.52,76.23,4628
2016-04-18,76.23,80.44,76.23,77.81,15062
2016-04-19,77.81,79.04,77.28,77.46,6108
2016-04-20,77.46,77.98,76.4,77.28,3244
2016-11-14,78.51,83.43,78.51,83.43,50
2016-11-15,84.66,90.28,84.66,90.28,1507
2016-11-16,91.68,94.49,87.64,91.15,121689
2016-11-17,90.28,90.45,86.24,86.94,43391
2016-11-20,86.41,87.82,82.02,85.01,33859
2016-11-21,83.6,86.24,82.2,83.78,24093
2016-11-22,82.55,85.01,79.74,84.3,30268
2016-11-23,85.01,85.01,81.5,82.55,25427
2016-11-24,83.6,86.06,81.14,83.43,34636
2016-11-27,84.66,84.66,79.74,80.62,19097
2016-11-28,79.74,85.01,76.23,84.13,31738
2016-11-29,82.9,87.82,82.37,86.77,25041
2016-11-30,88.17,88.17,84.48,87.64,25928
2016-12-01,88.52,88.52,86.06,86.77,22983
2016-12-04,85.36,85.36,84.13,85.01,7279
2016-12-05,86.06,86.06,83.25,83.6,18056
2016-12-06,83.78,85.01,83.25,84.48,15826
2016-12-07,84.66,86.24,83.95,86.24,28413
2016-12-08,85.01,85.89,85.01,85.89,11368
2016-12-11,85.89,85.89,83.78,85.01,8829
2016-12-12,83.6,84.66,82.37,83.78,8318
2016-12-14,85.01,85.01,83.25,83.78,24798
2016-12-15,83.43,85.01,83.43,84.13,12559
2016-12-18,84.13,85.71,84.13,85.01,4719
2016-12-19,85.01,85.01,84.13,84.13,10325
2016-12-20,84.3,84.48,83.6,83.78,7291
2016-12-21,82.72,84.3,81.85,83.95,11690
2016-12-22,84.83,85.19,83.78,83.95,21804
2016-12-26,82.9,83.25,82.02,82.2,19790
2016-12-27,82.02,83.6,79.56,81.5,11015
2016-12-28,81.5,83.6,81.5,81.85,9360
2016-12-29,82.72,83.25,82.2,82.72,11522
2017-01-01,83.25,83.78,82.37,83.6,11519
2017-01-02,84.13,84.48,82.37,84.3,7376
2017-01-03,83.6,84.66,82.72,82.9,5815
2017-01-04,82.02,84.3,82.02,83.43,12841
2017-01-05,82.9,83.6,82.55,83.25,8201
2017-01-08,83.25,83.6,82.37,82.37,8814
2017-01-09,82.72,83.25,81.67,82.72,5463
2017-01-10,82.2,84.83,82.2,83.6,8492
2017-01-11,84.13,84.13,82.37,82.55,4324
2017-01-12,83.78,83.78,82.72,82.9,3480
2017-01-15,82.37,83.25,82.2,82.9,3131
2017-01-16,83.25,84.3,82.37,82.37,5972
2017-01-17,81.5,84.13,81.5,83.25,4620
2017-01-18,83.25,83.6,82.9,83.6,2803
2017-01-19,83.6,83.6,82.9,83.43,8269
2017-01-22,83.78,83.78,82.72,82.9,8252
2017-01-23,83.25,84.13,82.37,82.9,5633
2017-01-24,84.13,84.13,80.79,80.79,7666
2017-01-25,82.02,84.48,80.09,82.55,46888
2017-01-26,82.37,84.3,81.5,82.55,28148
2017-01-30,83.25,83.25,79.74,80.62,25174
2017-01-31,80.44,83.43,79.39,83.43,14373
2017-02-01,83.43,86.77,83.43,85.89,39018
2017-02-02,87.29,87.29,84.13,85.71,56737
2017-02-05,85.78,87.05,81.36,84.1,6519
2017-02-06,83.46,83.46,80.51,80.51,11141
2017-02-07,81.14,83.04,81.14,81.57,3335
2017-02-08,80.72,81.57,80.3,80.3,4967
2017-02-09,80.09,82.62,79.46,79.67,7995
2017-02-12,78.61,80.09,77.98,77.98,7369
2017-02-13,77.98,78.2,74.82,77.98,11939
2017-02-14,77.98,79.46,76.93,77.98,6761
2017-02-15,77.98,81.78,77.98,81.78,3129
2017-02-16,82.62,84.3,81.14,82.2,7433
2017-02-19,82.83,85.15,81.57,84.94,16574
2017-02-20,86.2,86.41,82.41,84.94,18019
2017-02-21,86.2,86.2,82.83,82.83,7648
2017-02-22,84.1,84.1,82.2,82.2,2320
2017-02-23,82.2,83.46,82.2,82.2,3694
2017-02-26,81.36,82.41,81.36,81.99,3092
2017-02-28,82.2,82.2,80.93,81.78,7134
2017-03-01,81.78,82.41,81.14,81.99,3452
2017-03-02,81.78,82.83,81.36,82.83,5749
2017-03-05,81.78,83.88,81.78,83.46,2839
2017-03-06,83.46,85.99,83.46,83.67,3131
2017-03-07,82.41,83.67,82.41,83.67,2327
2017-03-09,83.67,84.3,82.62,84.1,5258
2017-03-13,84.73,84.73,83.67,84.3,2050
2017-03-14,84.3,84.3,83.88,83.88,3896
2017-03-15,84.3,85.36,83.25,85.36,4849
2017-03-16,85.36,85.36,83.88,84.3,3913
2017-03-19,84.52,85.78,84.3,84.94,2543
2017-03-20,85.57,87.68,85.15,86.62,19920
2017-03-21,85.36,93.58,85.36,91.68,19283
2017-03-22,91.68,96.74,90.21,92.1,34811
2017-03-23,93.58,98.43,92.73,96.95,66925
2017-03-26,98.43,101.17,96.95,100.54,56890
2017-03-28,100.54,108.97,101.38,106.65,42880
2017-03-29,106.65,111.7,105.38,106.22,36677
2017-03-30,106.22,107.91,103.06,106.44,26372
2017-04-02,107.49,112.76,107.49,112.76,23222
2017-04-03,114.66,122.45,110.86,112.76,34416
2017-04-04,113.81,120.13,110.86,119.29,71451
2017-04-06,119.29,123.3,119.5,121.19,67430
2017-04-09,121.19,123.3,117.19,119.29,62172
2017-04-10,120.13,120.13,117.19,118.87,81317
2017-04-11,120.13,120.13,118.03,119.93,156747
2017-04-12,120.03,131.85,122.18,128.99,46378
2017-04-13,127.2,128.63,121.82,125.76,23438
2017-04-16,125.76,125.76,119.31,119.67,8430
2017-04-18,117.52,118.24,113.94,114.66,12949
2017-04-19,114.66,125.4,115.01,125.4,6106
2017-04-20,127.91,130.42,122.9,122.9,6479
2017-04-23,125.05,129.7,123.25,123.25,10247
2017-04-24,123.61,124.69,120.39,122.9,7552
2017-04-25,122.9,125.4,118.24,119.67,5687
2017-04-26,121.82,121.82,117.52,118.24,9301
2017-04-27,116.45,121.82,116.45,119.67,6305
2017-04-30,117.52,118.96,114.66,116.09,11014
2017-05-02,114.66,117.88,114.66,117.52,9104
2017-05-03,119.31,119.67,115.37,115.73,5763
2017-05-04,116.45,116.45,113.58,115.01,10385
2017-05-07,113.58,115.01,111.79,112.86,8880
2017-05-08,112.86,115.01,112.51,113.58,5754
2017-05-09,113.58,115.37,113.58,115.01,2729
2017-05-11,116.45,117.52,114.3,116.45,10562
2017-05-15,118.24,120.03,116.45,116.45,1739
2017-05-16,114.3,117.16,114.3,117.16,7436
2017-05-17,115.37,117.52,114.66,115.37,7511
2017-05-18,115.37,114.66,113.94,114.66,3995
2017-05-21,114.66,114.66,110.71,111.07,8677
2017-05-22,110.0,111.07,108.21,111.07,2380
2017-05-23,113.22,115.37,111.07,113.58,5090
2017-05-24,113.58,115.73,112.15,113.22,5038
2017-05-28,113.22,113.94,110.36,111.07,13221
2017-05-30,110.0,110.71,108.92,110.36,13224
2017-05-31,110.36,114.3,108.56,111.43,5380
2017-06-01,110.36,112.86,110.36,111.07,5902
2017-06-04,111.07,111.43,108.21,109.28,8625
2017-06-05,108.56,112.86,108.56,110.0,6092
2017-06-06,112.15,114.3,111.07,113.22,5417
2017-06-07,115.37,115.37,111.07,112.15,3937
2017-06-08,111.43,112.15,110.0,111.07,3964
2017-06-11,109.28,110.71,107.49,109.28,6845
2017-06-12,107.49,111.43,107.13,110.0,4186
2017-06-13,111.07,111.07,107.49,109.28,3285
2017-06-14,109.64,109.64,107.49,108.56,5579
2017-06-15,109.28,110.36,105.34,107.49,20043
2017-06-18,107.49,108.56,105.7,105.7,8388
2017-06-19,106.77,107.49,104.98,104.98,4397
2017-06-20,105.7,107.49,103.19,106.06,4232
2017-06-21,105.7,107.49,105.34,105.7,5144
2017-06-22,106.06,107.13,104.98,104.98,3451
2017-06-25,103.91,107.49,103.91,107.49,1941
2017-06-27,105.7,106.06,105.34,106.06,2972
2017-06-28,104.98,107.49,104.26,106.41,2047
2017-07-02,104.62,105.34,103.91,104.98,3004
2017-07-03,106.77,108.56,103.91,105.34,1665
2017-07-04,104.62,105.7,103.91,105.34,1617
2017-07-05,104.98,105.7,104.98,105.34,1609
2017-07-06,106.77,108.21,104.62,107.49,15477
2017-07-09,107.49,111.79,102.12,108.56,10152
2017-07-10,109.64,109.64,104.98,106.06,9426
2017-07-11,106.06,107.49,105.7,106.41,7843
2017-07-12,105.7,107.13,103.91,106.77,13166
2017-07-13,106.41,107.49,103.91,106.06,4742
2017-07-16,105.34,106.77,104.26,105.7,7320
2017-07-17,105.7,107.49,105.7,107.49,5536
2017-07-18,107.49,109.28,107.49,108.21,11992
2017-07-19,108.21,110.36,107.49,107.49,9773
2017-07-20,109.64,109.64,106.41,106.77,12570
2017-07-23,105.7,105.7,104.62,105.7,7284
2017-07-24,104.62,105.7,104.62,105.34,7877
2017-07-25,104.62,106.77,103.91,105.34,6266
2017-07-26,104.98,105.7,103.91,104.62,11769
2017-07-27,103.91,105.7,102.47,102.47,11030
2017-07-30,101.04,103.91,99.61,102.47,17371
2017-07-31,104.26,105.34,102.47,103.55,10901
2017-08-01,103.91,105.7,103.91,102.47,10097
2017-08-02,104.62,106.77,103.19,104.26,8418
2017-08-03,104.26,106.06,102.47,105.7,7492
2017-08-06,104.26,104.26,102.47,102.47,5979
2017-08-07,102.12,102.47,101.04,102.12,9362
2017-08-09,101.04,102.47,100.68,101.04,10262
2017-08-10,100.32,102.47,100.32,100.32,17296
2017-08-13,102.12,102.12,99.25,99.97,9987
2017-08-15,100.68,100.68,97.1,99.25,13138
2017-08-16,98.53,102.12,98.53,98.89,14544
2017-08-17,98.89,100.32,96.74,97.82,22063
2017-08-20,98.89,98.89,94.95,94.95,22873
2017-08-21,94.95,96.74,94.59,95.67,9215
2017-08-22,94.95,97.1,94.95,95.31,21218
2017-08-23,96.38,96.74,94.95,96.38,21280
2017-08-24,96.38,97.1,95.67,97.1,10557
2017-08-27,97.1,98.53,95.31,95.67,8736
2017-08-28,94.95,96.74,94.23,96.74,11937
2017-08-30,96.74,96.74,93.87,95.67,5047
2017-08-31,95.67,96.74,94.23,95.67,5180
2017-09-04,94.95,95.31,92.8,93.16,8890
2017-09-06,93.16,95.31,91.72,92.8,7335
2017-09-07,92.8,93.16,91.37,92.08,4625
2017-09-10,89.93,90.29,87.78,88.86,19400
2017-09-11,87.78,89.22,87.07,88.86,11765
2017-09-12,87.42,89.93,87.42,88.5,4805
2017-09-13,87.07,89.57,85.63,87.42,15889
2017-09-14,87.07,93.16,86.35,91.37,12277
2017-09-17,92.08,93.52,89.57,93.52,6309
2017-09-18,95.31,95.67,91.37,91.37,5110
2017-09-20,90.65,92.08,90.29,91.72,4427
2017-09-24,91.72,92.8,90.29,92.08,1462
2017-09-25,93.16,93.52,92.08,93.52,2660
2017-09-26,93.16,94.23,92.08,93.52,3137
2017-10-03,93.52,94.95,93.52,94.23,1609
2017-10-04,93.16,93.16,91.37,91.37,3011
2017-10-08,89.57,89.57,87.07,88.86,8321
2017-10-09,88.14,89.57,87.78,88.5,4080
2017-10-10,87.78,91.01,87.78,91.01,3829
2017-10-11,89.22,92.44,88.5,89.57,2442
2017-10-12,89.57,89.93,88.86,89.22,2871
2017-10-15,88.86,91.37,88.86,90.65,2539
2017-10-16,91.37,95.31,91.37,95.31,2916
2017-10-17,95.67,97.82,93.16,96.74,13708
2017-10-18,94.95,97.46,92.08,97.46,3223
2017-10-22,97.46,97.46,95.67,96.38,2068
2017-10-23,96.38,95.67,92.8,94.59,4986
2017-10-24,94.59,94.95,91.72,93.87,3868
2017-10-25,93.16,93.52,90.65,90.65,3925
2017-10-29,90.65,91.37,90.29,90.65,5430
2017-10-30,89.57,91.72,89.57,89.93,4762
2017-10-31,90.29,90.65,89.57,89.57,1950
2017-11-01,89.57,91.37,88.86,89.93,2602
2017-11-02,91.37,91.37,89.57,89.93,4659
2017-11-05,88.86,89.57,87.07,88.86,7367
2017-11-06,88.86,89.57,85.99,88.14,13815
2017-11-07,88.5,88.5,85.99,87.07,6734
2017-11-08,86.35,86.35,84.92,86.35,5055
2017-11-09,84.92,87.42,83.13,85.63,8560
2017-11-12,85.63,88.86,83.48,88.86,4323
2017-11-13,89.22,89.22,85.99,88.14,4718
2017-11-14,88.14,89.22,87.78,88.5,6493
2017-11-15,87.78,89.57,86.35,87.42,3842
2017-11-16,86.35,86.35,84.56,85.99,3838
2017-11-19,85.99,87.78,85.28,85.28,10953
2017-11-20,86.71,86.71,85.28,85.63,11374
2017-11-21,85.28,87.07,85.28,86.71,8746
2017-11-22,86.71,86.71,85.28,85.28,14429
2017-11-23,85.28,88.5,86.71,88.14,7961
2017-11-26,88.14,90.29,88.5,89.93,6526
2017-11-27,88.14,89.22,87.42,87.42,3193
2017-11-28,86.71,88.5,86.71,88.5,7199
2017-11-29,87.42,89.57,87.42,88.86,10196
2017-11-30,88.14,88.86,86.35,88.86,2940
2017-12-04,88.86,88.86,85.99,87.07,10803
2017-12-05,87.42,87.42,85.99,87.42,3068
2017-12-06,87.78,89.57,87.07,88.5,17285
2017-12-10,89.93,89.93,87.42,88.14,3567
2017-12-11,87.07,88.14,87.07,87.42,2970
2017-12-12,87.42,88.14,86.35,86.71,14406
2017-12-13,85.28,88.14,85.28,87.78,1570
2017-12-14,89.22,89.22,86.71,86.71,2232
2017-12-17,86.35,86.35,85.28,85.63,3310
2017-12-18,84.56,85.99,84.2,85.28,17013
2017-12-19,84.2,85.99,83.84,84.2,4180
2017-12-20,84.56,85.63,84.2,85.63,2204
2017-12-21,84.56,85.63,84.2,85.28,4922
2017-12-24,85.99,85.99,83.84,85.28,6749
2017-12-26,85.99,85.99,83.48,83.84,3886
2017-12-27,84.2,84.2,81.33,82.05,9924
2017-12-28,82.41,84.92,79.18,81.33,35518
2017-12-31,81.17,79.94,77.88,77.88,4058
2018-01-01,79.11,80.76,78.29,80.76,4801
2018-01-02,82.0,82.0,79.94,80.76,4806
2018-01-03,80.76,80.76,78.29,78.7,1606
2018-01-04,78.7,80.35,78.29,78.29,5972
2018-01-07,79.11,80.35,78.29,79.94,4130
2018-01-08,81.58,81.58,78.7,80.35,2866
2018-01-09,80.35,82.41,80.35,82.41,2656
2018-01-10,83.64,83.64,80.76,81.17,5860
2018-01-14,79.52,80.76,79.52,79.94,1500
2018-01-16,80.35,79.94,78.29,79.11,3076
2018-01-17,77.88,80.35,76.64,80.35,3073
2018-01-21,81.58,81.58,79.11,80.35,2515
2018-01-22,79.11,79.94,78.7,79.11,2728
2018-01-23,80.35,80.35,79.11,79.94,5845
2018-01-24,79.94,80.76,79.11,80.76,5216
2018-01-25,81.58,81.58,79.52,79.94,3892
2018-01-28,81.17,81.17,79.11,80.35,7986
2018-01-29,79.94,81.17,79.94,81.17,1245
2018-01-31,80.35,81.17,79.11,80.76,3692
2018-02-01,81.17,82.41,80.76,81.58,5328
2018-02-04,80.35,81.17,80.35,80.35,4953
2018-02-05,80.35,80.35,79.94,79.94,888
2018-02-06,80.35,80.35,79.11,79.52,3610
2018-02-07,78.7,80.76,78.29,79.52,6154
2018-02-08,79.11,80.35,79.11,80.35,3102
2018-02-11,80.35,80.35,77.05,77.05,4911
2018-02-12,78.29,80.35,78.29,80.35,1160
2018-02-14,79.52,80.35,79.11,79.52,6400
2018-02-15,80.76,82.82,78.7,82.41,7506
2018-02-18,82.41,85.71,81.58,83.23,17316
2018-02-20,82.82,82.82,81.17,81.58,8653
2018-02-21,81.17,81.17,80.35,80.35,2309
2018-02-22,80.76,81.17,79.94,80.35,9768
2018-02-25,80.76,82.0,78.7,78.7,2548
2018-02-26,80.35,80.35,78.7,80.35,5117
2018-02-27,81.58,81.17,79.11,79.94,5552
2018-02-28,78.7,79.52,77.46,77.88,8269
2018-03-04,76.64,76.64,73.34,73.76,14298
2018-03-06,76.23,77.05,74.17,76.23,5752
2018-03-07,76.23,79.11,76.23,79.11,17119
2018-03-11,79.11,79.11,76.23,76.23,9970
2018-03-12,76.23,78.7,74.99,77.88,636
2018-03-13,76.64,77.46,75.82,77.46,3903
2018-03-14,77.46,77.46,76.23,77.46,3639
2018-03-15,77.46,78.7,76.64,77.88,3635
2018-03-18,78.7,78.7,76.64,77.05,3314
2018-03-19,77.05,77.88,75.82,75.82,7218
2018-03-20,75.82,75.82,74.17,75.4,7451
2018-03-21,74.99,74.99,73.34,74.17,6258
2018-03-22,73.34,77.05,73.34,74.17,12597
2018-03-26,72.93,74.17,70.87,70.87,5701
2018-03-27,70.46,75.82,69.64,74.17,7039
2018-03-28,74.17,74.17,72.93,73.76,6223
2018-03-29,73.34,75.82,73.34,75.82,3185
2018-04-01,74.58,74.58,71.28,71.7,6820
2018-04-02,71.7,72.52,70.46,70.46,9949
2018-04-03,71.7,74.17,71.28,71.7,3205
2018-04-04,72.93,76.23,72.93,75.4,2297
2018-04-05,76.64,77.05,74.17,77.05,13460
2018-04-08,77.05,80.35,75.82,77.46,24529
2018-04-09,78.7,79.94,77.05,77.05,6635
2018-04-10,75.82,77.88,75.82,76.23,4019
2018-04-11,75.4,76.23,72.93,74.58,9816
2018-04-12,74.58,76.64,73.76,74.58,7553
2018-04-15,74.58,75.4,73.34,75.4,2983
2018-04-16,76.64,77.05,74.99,75.82,4732
2018-04-17,75.82,79.52,77.05,79.52,9957
2018-04-18,80.35,86.53,79.11,80.76,19449
2018-04-19,82.0,87.35,82.0,85.29,20313
2018-04-22,85.29,90.24,85.71,90.24,22144
2018-04-23,91.89,91.89,84.06,88.59,10549
2018-04-24,87.77,88.18,84.06,85.71,12314
2018-04-25,85.71,86.53,84.06,85.29,16029
2018-04-26,86.53,86.53,82.41,82.82,5833
2018-04-29,82.0,84.06,80.76,84.06,8439
2018-05-02,84.06,82.41,80.35,82.41,3654
2018-05-03,84.06,85.71,82.41,83.23,9911
2018-05-06,82.41,83.23,81.17,82.41,4536
2018-05-07,82.41,82.41,81.17,81.58,3869
2018-05-08,82.0,82.41,81.17,82.41,6738
2018-05-09,82.41,83.64,82.0,82.41,7158
2018-05-10,82.41,83.64,82.41,83.64,1393
2018-05-14,84.06,84.06,80.35,80.76,5481
2018-05-15,81.58,81.58,79.94,81.58,1073
2018-05-16,78.7,80.35,78.7,79.52,2696
2018-05-17,79.52,81.58,79.52,80.35,1443
2018-05-20,81.58,82.0,80.35,80.76,5122
2018-05-21,80.35,82.41,79.94,82.41,1751
2018-05-22,82.41,82.41,80.76,81.17,1149
2018-05-23,80.76,80.76,78.29,79.52,6899
2018-05-24,79.52,79.11,77.88,78.29,12231
2018-05-27,77.46,78.29,77.05,77.88,7939
2018-05-28,77.88,79.94,76.64,79.52,12556
2018-05-29,80.76,82.0,80.35,80.35,2527
2018-05-30,81.17,81.17,78.29,79.94,16793
2018-05-31,79.11,79.94,78.7,79.11,6008
2018-06-03,78.29,78.29,75.82,76.64,6285
2018-06-04,75.4,78.29,75.4,76.64,1918
2018-06-06,78.29,79.52,78.29,78.7,110
2018-06-07,78.29,78.29,74.58,74.99,8143
2018-06-10,74.17,75.4,72.52,73.34,5822
2018-06-11,73.34,75.82,72.52,74.17,7999
2018-06-12,74.17,74.58,71.28,72.93,2422
2018-06-13,72.11,73.76,72.11,73.34,3526
2018-06-14,73.34,76.23,73.34,74.17,3925
2018-06-17,74.58,75.4,74.17,74.17,3362
2018-06-18,73.76,76.64,73.76,76.64,1914
2018-06-19,75.4,75.4,72.93,74.17,2084
2018-06-20,74.58,74.58,72.93,73.34,2073
2018-06-21,73.34,75.4,72.52,75.4,594
2018-06-24,74.17,76.23,73.34,74.17,4286
2018-06-25,74.58,74.99,73.34,73.76,1288
2018-06-26,73.76,74.17,71.7,72.11,3905
2018-06-27,72.11,73.34,71.28,73.34,3238
2018-06-28,74.17,74.58,73.34,73.34,2712
2018-07-01,72.11,72.11,70.87,70.87,3345
2018-07-02,74.99,75.4,73.76,74.58,3586
2018-07-03,71.28,72.52,70.05,72.11,3096
2018-07-04,71.28,74.17,71.28,72.93,4410
2018-07-05,72.52,74.99,72.11,74.17,6418
2018-07-08,74.58,75.82,73.76,74.17,4822
2018-07-09,74.58,74.58,73.76,73.76,2285
2018-07-10,74.58,74.99,74.17,74.58,3650
2018-07-11,74.99,75.4,74.17,74.17,2223
2018-07-12,74.17,74.17,71.7,73.34,4454
2018-07-15,74.17,74.58,72.11,74.17,3104
2018-07-16,74.17,76.23,73.34,74.99,3864
2018-07-17,73.76,74.58,72.11,74.17,9189
2018-07-18,74.58,74.58,72.93,73.76,23834
2018-07-19,73.76,74.17,72.52,72.93,2876
2018-07-22,72.93,72.93,70.05,70.05,3623
2018-07-23,70.05,72.52,70.05,72.52,1208
2018-07-24,73.76,75.82,73.76,74.58,3225
2018-07-25,73.76,74.99,73.76,74.58,3054
2018-07-26,74.17,74.58,72.11,74.58,6302
2018-07-29,74.58,74.99,74.17,74.99,6144
2018-07-30,74.99,75.4,74.17,74.58,7342
2018-07-31,74.17,75.4,74.17,75.4,2415
2018-08-01,74.99,75.4,73.76,75.4,14863
2018-08-02,74.99,75.4,73.76,74.58,3586
2018-08-05,75.82,75.82,74.99,75.4,1141
2018-08-06,75.82,76.64,75.4,76.64,2828
2018-08-07,76.23,76.23,74.58,76.23,3620
2018-08-08,76.23,76.23,74.58,75.4,5417
2018-08-09,74.58,76.23,74.58,75.82,8547
2018-08-12,74.99,75.4,74.58,74.99,3790
2018-08-13,75.4,75.82,74.99,75.4,4543
2018-08-14,76.23,77.05,75.4,76.23,6924
2018-08-15,77.05,79.94,77.05,78.7,9376
2018-08-16,78.29,79.94,78.29,79.11,8382
2018-08-19,78.29,79.11,77.88,78.29,4989
2018-08-20,78.29,78.29,76.23,76.64,8358
2018-08-21,76.23,77.05,76.23,77.05,3545
2018-08-22,76.64,77.05,76.64,77.05,731
2018-08-23,76.64,77.46,75.82,76.64,3652
2018-08-26,77.46,77.88,76.23,76.23,948
2018-08-28,75.4,78.7,74.99,78.7,8199
2018-08-29,78.7,78.7,75.4,76.64,4824
2018-08-30,75.82,77.46,75.82,77.05,3059
2018-09-02,77.46,78.7,77.46,78.7,2870
2018-09-03,78.7,80.76,78.7,79.11,8865
2018-09-04,79.52,80.35,78.7,80.35,3456
2018-09-05,80.35,81.58,79.11,80.76,9971
2018-09-06,80.35,81.17,79.11,79.52,4466
2018-09-09,78.29,79.52,77.46,79.11,5625
2018-09-10,78.7,79.11,78.29,78.7,2078
2018-09-11,79.94,82.41,79.52,79.94,16489
2018-09-12,80.35,81.17,80.35,80.76,5717
2018-09-13,82.41,83.23,81.17,81.58,21068
2018-09-16,82.82,84.88,82.82,84.47,16029
2018-09-17,85.29,85.71,82.82,83.64,8350
2018-09-18,83.64,84.06,81.58,81.58,17368
2018-09-20,81.17,82.41,80.76,81.17,9940
2018-09-23,81.58,82.82,81.17,82.82,19801
2018-09-25,83.64,86.12,82.0,84.88,26628
2018-09-26,84.88,85.71,82.82,84.47,22211
2018-09-27,82.82,86.12,82.82,84.88,45667
2018-09-30,84.76,84.76,82.49,82.49,7921
2018-10-01,81.58,82.49,80.68,81.13,4862
2018-10-02,79.77,81.58,79.77,81.58,3744
2018-10-03,80.68,80.68,78.87,78.87,22081
2018-10-04,79.32,79.77,78.41,78.87,4158
2018-10-07,78.41,78.87,77.51,77.51,6374
2018-10-08,78.41,79.32,77.96,78.41,4501
2018-10-09,78.87,80.22,78.87,78.87,6799
2018-10-10,78.87,79.32,78.41,78.41,4679
2018-10-11,78.87,79.32,78.41,79.32,2111
2018-10-14,80.68,81.58,80.22,81.13,5512
2018-10-15,81.13,82.49,81.13,81.58,9378
2018-10-21,82.94,82.94,82.04,82.94,711
2018-10-22,83.85,83.85,81.13,82.94,6251
2018-10-23,82.94,82.94,81.58,82.04,9380
2018-10-24,82.94,83.4,82.49,83.4,3497
2018-10-25,82.04,82.94,81.58,82.94,6069
2018-10-28,81.58,82.94,81.58,82.49,5457
2018-10-29,82.04,82.04,81.13,81.58,4387
2018-10-30,81.58,82.04,80.68,82.04,15135
2018-10-31,82.04,82.04,81.58,81.58,6064
2018-11-01,82.04,82.49,81.58,82.04,2966
2018-11-04,81.58,83.4,81.58,82.94,1484
2018-11-05,82.94,82.94,82.04,82.49,1528
2018-11-14,82.49,82.94,81.58,82.94,3149
2018-11-15,82.94,82.94,81.58,81.58,2112
2018-11-18,81.58,82.94,80.68,81.58,7269
2018-11-19,81.58,82.94,81.13,82.04,6794
2018-11-20,82.04,82.04,80.68,81.58,2206
2018-11-21,81.13,81.58,79.77,81.58,2736
2018-11-22,81.58,82.49,81.58,82.49,3965
2018-11-25,82.49,82.94,81.58,81.58,330
2018-11-26,81.58,81.58,80.22,80.22,1889
2018-11-27,80.22,80.68,79.77,80.68,687
2018-11-28,80.68,81.13,80.68,81.13,760
2018-11-29,81.13,81.58,80.22,81.13,2621
2018-12-02,81.13,81.13,79.77,80.22,8534
2018-12-03,80.22,81.13,80.22,80.22,4997
2018-12-04,80.22,81.13,80.22,81.13,4154
2018-12-06,77.96,79.32,77.96,77.96,647
2018-12-09,77.96,79.32,77.96,79.32,761
2018-12-10,79.32,80.68,79.32,79.32,6067
2018-12-11,79.32,79.32,77.96,79.32,480
2018-12-12,79.32,79.32,78.41,78.87,4170
2018-12-13,78.87,79.32,77.96,79.32,2487
2018-12-16,79.32,82.49,79.32,80.22,4797
2018-12-17,80.22,80.22,78.87,79.32,8103
2018-12-18,79.32,80.22,78.87,79.77,5273
2018-12-19,79.77,84.76,79.32,84.76,26583
2018-12-20,84.76,87.93,84.76,86.12,23389
2018-12-23,86.12,94.73,86.12,92.01,108895
2018-12-24,92.01,92.92,84.3,86.12,53030
2018-12-25,86.12,87.02,83.4,85.21,13518
2018-12-26,85.21,89.74,84.3,87.48,7433
2018-12-27,87.48,88.84,86.12,86.12,15036
2018-12-30,86.12,88.84,86.12,87.93,11755
2018-12-31,87.93,87.93,85.66,85.66,18012
2019-01-01,85.66,87.02,84.76,86.57,10648
2019-01-02,86.57,86.57,85.21,85.21,8307
2019-01-03,85.21,87.48,85.21,87.02,23239
2019-01-06,87.02,87.02,85.66,86.12,7413
2019-01-07,86.12,86.57,85.66,86.12,9407
2019-01-08,86.12,86.12,85.21,85.21,5121
2019-01-09,85.21,86.57,85.21,85.21,5109
2019-01-10,85.21,86.12,85.21,85.21,5165
2019-01-13,85.21,85.21,83.85,85.21,5956
2019-01-14,85.21,86.57,82.49,83.85,7478
2019-01-15,83.85,86.12,83.85,86.12,3075
2019-01-16,86.12,86.12,83.85,84.76,4586
2019-01-17,84.76,86.57,84.76,85.66,4370
2019-01-20,85.66,85.66,84.3,84.3,264
2019-01-21,84.3,85.21,83.4,83.4,8240
2019-01-22,83.4,84.3,82.04,83.85,13496
2019-01-23,83.85,84.3,83.4,84.3,1909
2019-01-24,84.3,84.76,83.4,83.85,6418
2019-01-27,83.85,83.85,82.49,83.4,1503
2019-01-28,83.4,83.4,82.49,82.94,1324
2019-01-29,82.94,85.21,82.94,83.85,9703
2019-01-30,83.85,85.21,83.4,83.4,8725
2019-01-31,83.4,84.3,83.4,83.85,5089
2019-02-03,83.4,84.3,83.4,83.4,8116
2019-02-04,83.85,83.85,83.4,83.4,12601
2019-02-05,82.49,84.3,82.49,83.85,3486
2019-02-06,82.49,83.85,82.49,83.85,2957
2019-02-07,83.85,83.85,82.94,83.85,2126
2019-02-10,84.3,84.3,82.04,82.49,5375
2019-02-11,81.58,82.94,81.58,82.94,3309
2019-02-12,82.49,82.94,82.04,82.49,2066
2019-02-13,82.49,82.94,81.58,82.49,4662
2019-02-14,81.58,82.49,81.13,82.49,9578
2019-02-17,81.58,82.94,81.58,82.49,2669
2019-02-18,81.58,82.94,81.58,82.49,3899
2019-02-19,82.04,84.3,82.04,84.3,4562
2019-02-20,82.94,84.3,82.04,82.04,3710
2019-02-21,81.13,82.49,81.13,81.58,4292
2019-02-24,81.13,82.04,80.68,81.58,2953
2019-02-25,81.13,82.49,81.13,82.49,5107
2019-02-26,82.49,82.49,81.58,82.49,1978
2019-02-27,81.58,82.49,81.13,81.58,3529
2019-03-03,81.58,82.49,81.13,82.49,5201
2019-03-05,81.58,82.94,81.58,81.58,8674
2019-03-06,81.58,83.85,81.58,83.85,22930
2019-03-07,85.21,85.21,82.04,83.85,4233
2019-03-09,83.85,83.85,81.58,82.49,3936
2019-03-10,83.85,83.85,81.58,82.49,3936
2019-03-11,82.49,84.3,82.49,83.85,11488
2019-03-12,83.85,85.66,83.85,85.66,9367
2019-03-13,86.12,86.12,84.3,84.3,4846
2019-03-14,83.85,87.48,83.85,87.48,13022
2019-03-17,87.93,87.93,86.12,86.12,9252
2019-03-18,86.12,87.48,85.21,85.21,3974
2019-03-19,85.21,85.66,84.3,85.66,2794
2019-03-21,85.66,85.66,84.3,84.76,6486
2019-03-24,83.4,84.76,83.4,83.85,9260
2019-03-25,82.94,86.12,82.94,86.12,5219
2019-03-26,84.76,85.21,83.85,84.76,3824
2019-03-27,84.76,87.48,84.3,87.02,7892
2019-03-28,85.66,86.12,84.3,85.66,3237
2019-03-31,85.21,86.12,84.3,85.21,1692
2019-04-01,84.76,87.02,84.76,86.12,13278
2019-04-02,87.48,87.48,85.21,86.57,12807
2019-04-03,86.57,88.38,86.57,86.57,11506
2019-04-04,87.48,87.48,86.57,86.57,17801
2019-04-07,86.12,88.38,85.66,88.38,13845
2019-04-08,88.38,90.2,88.38,89.29,30223
2019-04-09,89.74,89.74,86.57,87.02,5261
2019-04-10,87.02,88.38,87.02,88.38,5484
2019-04-11,89.74,89.74,87.48,88.38,7911
2019-04-15,88.38,89.74,88.38,89.74,4964
2019-04-16,88.38,92.92,89.29,92.92,14170
2019-04-17,92.92,94.73,91.1,91.1,14866
2019-04-18,90.2,92.01,90.2,91.56,9454
2019-04-21,92.46,94.28,91.1,94.28,21027
2019-04-22,95.18,95.18,91.56,92.46,26607
2019-04-23,94.28,94.73,92.01,94.73,25316
2019-04-24,93.82,97.45,93.37,96.09,24388
2019-04-25,97.45,101.07,97.45,99.71,29902
2019-04-28,101.53,102.89,97.45,97.9,24336
2019-04-29,97.9,98.35,96.09,97.45,14681
2019-04-30,98.81,101.07,97.9,99.26,40334
2019-05-02,99.26,100.62,97.45,99.71,14816
2019-05-05,98.81,99.26,97.45,97.45,14394
2019-05-06,97.45,99.71,97.0,99.71,21615
2019-05-07,101.53,102.43,99.71,102.43,34350
2019-05-08,101.07,101.98,99.71,101.07,37941
2019-05-09,101.98,102.43,99.26,100.62,8334
2019-05-12,101.98,101.98,99.71,99.71,10985
2019-05-13,98.81,100.62,97.9,100.17,26257
2019-05-14,99.71,101.53,99.71,100.17,20638
2019-05-15,100.17,106.06,100.17,104.25,95864
2019-05-16,106.06,108.78,104.7,107.87,50379
2019-05-19,107.87,107.87,104.25,105.15,39163
2019-05-20,105.61,106.06,102.89,103.79,25735
2019-05-21,102.89,104.7,102.43,103.34,12303
2019-05-22,103.34,104.25,102.89,104.25,16310
2019-05-23,103.34,104.25,101.98,101.98,13692
2019-05-26,101.07,101.98,100.62,100.62,31217
2019-05-27,99.71,102.43,99.71,101.53,12328
2019-05-28,103.34,103.34,101.07,102.89,5675
2019-05-29,104.7,106.06,101.98,102.43,6149
2019-05-30,104.25,106.06,103.34,103.34,32328
2019-06-02,104.25,104.7,102.89,103.34,16766
2019-06-03,104.25,104.25,101.53,101.53,10676
2019-06-04,102.43,102.43,100.62,101.07,8547
2019-06-06,101.53,102.43,100.62,101.98,6329
2019-06-10,101.07,102.89,101.07,102.89,25223
2019-06-11,101.98,103.34,101.53,103.34,7326
2019-06-12,101.53,102.89,101.53,101.98,3401
2019-06-13,101.53,102.89,101.07,101.98,9997
2019-06-16,101.07,102.43,100.62,101.98,6105
2019-06-17,101.53,102.89,101.07,101.98,13083
2019-06-18,97.0,102.89,97.0,101.53,20113
2019-06-19,101.53,101.53,101.07,101.53,2757
2019-06-20,101.53,102.43,101.07,101.98,6545
2019-06-23,101.07,102.43,101.07,101.53,6938
2019-06-24,101.98,101.98,101.07,101.53,10402
2019-06-25,101.53,101.98,100.62,101.07,10952
2019-06-26,101.07,102.43,100.62,101.07,14979
2019-06-27,101.53,101.98,100.17,100.17,9486
2019-06-30,100.17,100.62,99.71,99.71,10070
2019-07-01,97.45,100.17,97.45,99.71,8293
2019-07-02,99.71,100.62,98.81,100.62,21784
2019-07-03,99.71,102.43,98.81,101.98,28450
2019-07-04,102.43,102.89,100.62,102.89,10877
2019-07-07,102.43,102.43,101.07,101.53,29177
2019-07-08,101.98,101.98,100.17,100.17,9441
2019-07-09,100.17,102.43,100.17,100.62,6944
2019-07-10,101.07,101.07,100.17,100.62,10461
2019-07-11,101.53,101.98,100.17,100.62,11094
2019-07-14,101.98,101.98,101.07,101.98,11135
2019-07-15,101.98,102.43,101.07,101.98,10441
2019-07-16,106.97,106.97,101.07,101.53,7885
2019-07-17,101.07,103.79,101.07,103.79,14202
2019-07-18,104.7,105.15,103.79,103.79,4266
2019-07-21,102.43,103.34,101.53,101.98,5345
2019-07-22,103.79,105.15,102.43,102.43,4758
2019-07-23,101.98,104.25,101.98,102.89,2942
2019-07-24,103.79,104.7,102.43,104.25,5778
2019-07-25,104.25,104.25,102.43,102.89,4032
2019-07-28,101.98,102.89,100.17,101.53,15554
2019-07-29,102.43,103.34,100.62,101.98,5301
2019-07-30,102.43,102.89,102.43,102.43,5823
2019-07-31,100.62,102.43,100.62,101.07,8483
2019-08-01,102.43,102.89,101.07,101.07,10308
2019-08-04,101.53,101.53,100.62,101.53,4845
2019-08-05,101.98,101.98,100.62,100.62,9558
2019-08-06,99.71,100.62,99.71,99.71,4545
2019-08-07,101.07,101.53,100.17,100.17,2531
2019-08-08,99.71,100.17,99.26,99.26,4337
2019-08-11,99.26,99.71,98.81,99.26,1608
2019-08-12,97.9,100.62,97.9,98.35,12078
2019-08-13,100.17,100.17,97.0,97.45,14399
2019-08-14,99.26,99.26,95.64,96.54,11294
2019-08-15,96.09,97.45,96.09,97.0,35008
2019-08-18,96.54,98.35,96.54,97.9,23021
2019-08-19,97.0,98.35,97.0,97.45,12631
2019-08-20,97.9,97.9,96.54,97.45,7443
2019-08-21,97.45,97.9,96.54,97.9,3069
2019-08-22,98.35,99.26,96.09,96.09,8169
2019-08-25,95.64,97.45,95.64,96.09,4050
2019-08-26,96.09,97.0,96.09,96.54,3310
2019-08-27,96.54,97.9,96.54,97.45,2870
2019-08-28,97.45,97.9,95.64,95.64,12292
2019-08-29,97.45,97.45,95.64,97.0,10121
2019-09-01,96.54,97.0,95.64,96.54,7417
2019-09-02,96.54,96.54,94.28,95.18,12794
2019-09-03,93.37,97.9,93.37,97.0,14446
2019-09-04,95.18,97.45,95.18,97.0,3607
2019-09-05,97.0,98.35,97.0,97.0,17636
2019-09-08,97.45,97.45,96.09,96.09,10772
2019-09-09,96.09,96.09,95.64,96.09,3470
2019-09-10,96.54,97.0,96.09,96.54,4224
2019-09-11,97.0,97.0,96.09,96.54,9755
2019-09-12,95.18,96.54,95.18,96.09,9049
2019-09-15,95.18,95.18,93.82,93.82,9538
2019-09-16,95.18,95.18,93.37,93.82,7813
2019-09-17,93.37,96.09,93.37,96.09,10982
2019-09-18,97.45,97.45,96.09,97.45,3772
2019-09-19,96.09,97.45,95.64,95.64,6381
2019-09-22,96.54,96.54,94.28,94.28,961
2019-09-23,95.18,95.18,93.82,94.28,5172
2019-09-24,94.28,94.28,93.82,94.28,6710
2019-09-26,93.82,94.73,93.82,94.28,2264
2019-09-29,93.82,95.64,93.82,94.73,2102
2019-09-30,94.73,95.18,94.73,95.18,5351
2019-10-01,93.37,97.0,95.18,96.09,1549
2019-10-02,96.09,96.54,95.18,95.18,3441
2019-10-03,95.18,96.09,95.18,96.09,3214
2019-10-10,96.09,96.09,96.09,96.09,750
2019-10-14,95.18,96.54,94.73,95.18,2461
2019-10-15,95.18,97.0,95.18,96.09,2515
2019-10-16,97.0,98.35,96.54,97.9,1275
2019-10-17,97.9,97.9,96.54,97.9,3088
2019-10-20,97.0,97.0,96.54,96.54,2205
2019-10-21,96.54,96.54,96.54,96.54,1955
2019-10-22,97.0,97.0,95.64,95.64,3527
2019-10-23,97.0,99.71,96.09,97.9,2481
2019-10-24,98.81,99.26,97.9,99.26,6962
2019-10-31,99.71,100.17,97.9,99.71,7046
2019-11-03,100.17,101.07,99.71,100.62,13093
2019-11-04,100.62,101.98,100.17,101.53,12324
2019-11-05,101.53,101.98,100.62,101.53,3218
2019-11-06,101.98,101.98,101.07,101.07,5034
2019-11-07,100.62,101.53,100.17,100.17,11331
2019-11-10,98.81,100.17,98.81,100.17,13917
2019-11-11,99.71,101.07,99.71,100.17,12800
2019-11-12,100.17,101.07,99.71,100.17,3858
2019-11-13,99.26,99.71,98.35,99.71,5290
2019-11-14,99.71,100.62,99.26,99.26,6335
2019-11-17,101.07,102.43,101.07,101.07,24291
2019-11-18,101.98,101.98,100.17,101.53,8818
2019-11-19,101.98,102.89,101.53,101.98,9662
2019-11-20,102.43,102.89,101.98,101.98,11148
2019-11-21,102.43,102.89,101.07,101.98,24673
2019-11-24,102.89,102.89,101.07,101.53,5112
2019-11-25,100.62,101.07,99.71,100.62,14910
2019-11-26,100.62,101.98,100.17,100.62,7411
2019-11-27,100.62,101.53,100.17,101.53,11314
2019-11-28,101.98,101.98,101.07,101.53,29115
2019-12-01,100.03,100.03,96.34,98.45,11440
2019-12-02,100.03,100.55,100.03,100.03,2375
2019-12-03,100.03,102.66,100.03,102.13,5363
2019-12-04,102.13,103.18,102.13,103.18,5668
2019-12-05,103.71,104.24,102.66,103.71,8693
2019-12-08,103.71,104.24,103.18,103.71,5591
2019-12-09,103.71,107.92,103.71,106.34,13118
2019-12-10,105.82,108.45,105.82,107.92,10085
2019-12-11,106.87,108.97,106.87,108.97,10953
2019-12-12,110.55,110.55,107.4,108.45,10847
2019-12-15,108.45,109.5,106.34,107.4,6644
2019-12-16,106.34,107.4,105.29,105.29,11308
2019-12-17,105.82,105.82,105.82,105.82,1399
2019-12-18,105.82,106.34,105.82,106.34,4982
2019-12-19,105.29,107.4,105.29,106.34,5495
2019-12-22,105.29,105.82,105.29,105.82,2770
2019-12-23,106.87,107.4,105.82,107.4,7712
2019-12-24,107.92,108.45,105.82,105.82,3766
2019-12-25,105.82,106.34,105.29,105.82,7126
2019-12-26,106.34,106.87,106.34,106.87,3276
2019-12-29,106.87,106.87,105.29,105.29,3603
2019-12-30,105.29,105.82,105.29,105.29,4524
2019-12-31,105.29,106.34,105.29,106.34,5919
2020-01-01,106.87,106.87,106.34,106.87,2650
2020-01-02,106.87,107.92,106.87,107.4,5444
2020-01-05,108.45,108.97,107.4,107.92,7332
2020-01-06,108.97,110.03,108.97,110.03,13075
2020-01-07,110.55,112.66,110.55,112.66,12200
2020-01-08,113.19,113.19,111.08,111.61,23747
2020-01-09,113.19,113.19,111.08,113.19,21408
2020-01-12,112.13,117.4,112.13,117.4,21285
2020-01-13,119.5,121.08,115.82,120.56,26492
2020-01-14,120.56,120.56,116.34,118.98,19863
2020-01-15,121.08,121.61,119.5,120.56,11716
2020-01-16,123.72,123.72,121.61,123.19,35754
2020-01-19,122.66,128.98,122.66,126.35,33702
2020-01-20,128.45,128.98,121.61,123.72,46038
2020-01-21,123.19,123.72,119.5,121.61,34334
2020-01-22,124.24,124.77,121.08,121.08,6888
2020-01-23,120.03,122.14,120.03,120.03,12553
2020-01-26,118.98,120.03,118.45,119.5,25317
2020-01-27,118.98,123.72,118.98,122.66,23417
2020-01-28,122.66,123.72,121.61,121.61,18289
2020-01-29,122.66,122.66,120.03,121.08,18701
2020-01-30,123.19,123.19,120.56,122.14,13726
2020-02-02,124.24,124.77,122.14,123.72,36125
2020-02-03,124.77,135.82,124.24,135.3,163618
2020-02-04,134.24,135.3,126.35,131.61,152614
2020-02-05,134.24,134.24,127.93,130.56,31764
2020-02-06,130.56,131.09,127.4,128.45,26882
2020-02-09,126.35,128.45,125.82,126.35,35545
2020-02-10,126.35,127.4,124.24,126.87,23584
2020-02-11,127.4,128.98,126.35,128.45,17802
2020-02-12,128.98,130.03,126.87,126.87,24741
2020-02-13,126.87,127.93,125.29,125.29,28570
2020-02-16,127.4,129.51,125.29,125.82,13637
2020-02-17,127.93,130.56,126.35,130.03,45387
2020-02-18,130.03,131.09,127.4,129.51,41031
2020-02-19,127.4,130.56,127.4,128.45,10632
2020-02-20,128.45,130.03,127.93,128.45,27710
2020-02-23,129.51,138.46,129.51,135.3,58214
2020-02-24,135.3,141.61,133.72,134.77,52940
2020-02-25,132.14,136.88,130.03,136.35,35925
2020-02-26,136.88,147.41,136.88,143.72,170441
2020-02-27,142.14,152.14,136.88,152.14,110293
2020-03-01,152.14,156.88,143.72,143.72,84685
2020-03-02,141.09,142.14,129.51,129.51,59894
2020-03-03,129.51,139.51,127.93,134.24,94386
2020-03-04,132.14,136.35,126.35,128.98,109142
2020-03-05,126.87,135.3,124.77,135.3,101032
2020-03-10,132.66,132.66,123.72,124.24,29893
2020-03-11,126.35,133.19,122.66,131.09,58610
2020-03-12,129.51,130.56,125.29,126.35,66146
2020-03-15,127.4,127.4,122.14,122.66,46997
2020-03-16,121.61,126.87,118.45,122.14,28947
2020-03-17,121.08,121.08,116.34,116.34,45479
2020-03-18,115.82,117.4,112.13,114.77,34495
2020-03-19,113.19,117.92,111.08,114.77,35147
2020-03-22,114.77,115.82,112.66,115.82,629
2020-05-12,113.71,113.71,112.66,112.66,20
2020-05-13,110.55,110.55,109.5,109.5,60
2020-06-29,107.4,107.4,98.97,103.18,19426
2020-06-30,104.76,111.61,104.76,110.55,3257
2020-07-01,112.66,116.87,112.66,115.82,2731
2020-07-02,117.92,117.92,107.4,110.55,6774
2020-07-05,110.55,111.61,106.34,108.97,19994
2020-07-06,108.97,115.29,107.4,112.13,11813
2020-07-07,112.13,117.92,111.08,114.77,27710
2020-07-08,116.34,118.45,112.66,115.29,24467
2020-07-09,114.77,116.87,114.77,115.82,11571
2020-07-12,117.4,117.92,115.29,115.82,15630
2020-07-13,115.82,116.34,114.77,115.82,7229
2020-07-14,115.29,117.4,115.29,116.34,10326
2020-07-15,117.92,118.45,115.82,117.4,24871
2020-07-16,119.5,127.93,117.4,123.72,42622
2020-07-19,125.82,127.93,125.82,127.93,70
2020-07-20,134.24,139.51,126.87,128.98,72138
2020-07-21,135.3,135.3,126.35,128.98,49254
2020-07-22,129.51,135.3,128.45,130.56,75387
2020-07-23,128.45,131.09,127.4,130.56,29211
2020-07-26,128.45,132.66,128.45,130.03,45402
2020-07-27,128.98,133.19,128.98,131.61,25041
2020-07-28,129.51,131.61,129.51,130.03,7147
2020-07-29,127.93,128.98,126.35,127.4,18685
2020-07-30,125.82,128.45,125.82,126.87,16865
2020-08-02,125.29,126.35,121.08,121.61,36294
2020-08-03,120.56,123.19,117.92,122.66,29290
2020-08-05,121.08,121.61,118.45,120.56,12177
2020-08-06,118.45,120.56,117.92,119.5,17765
2020-08-09,119.5,121.61,117.92,121.61,17874
2020-08-10,123.72,127.4,120.03,126.87,37675
2020-08-11,125.29,129.51,124.77,128.98,43357
2020-08-12,126.87,128.45,125.82,126.87,19981
2020-08-13,127.4,127.4,123.72,123.72,11862
2020-08-16,122.14,123.19,120.03,123.19,19124
2020-08-17,123.19,123.72,121.61,123.19,8844
2020-08-18,123.19,125.29,123.19,124.24,12167
2020-08-19,122.14,122.66,121.08,121.61,11337
2020-08-20,120.03,123.19,120.03,121.61,5597
2020-08-23,120.56,123.72,120.56,123.19,13913
2020-08-24,123.19,126.35,123.19,124.77,23320
2020-08-25,126.87,126.87,124.24,125.29,11601
2020-08-26,124.77,126.87,124.24,126.35,32721
2020-08-27,126.35,126.35,124.24,125.29,13320
2020-08-30,125.29,131.09,122.66,125.29,6806
2020-08-31,124.77,127.93,124.24,125.82,29663
2020-09-02,127.93,128.98,125.82,127.4,40963
2020-09-03,126.35,127.4,124.77,126.35,43243
2020-09-06,128.45,131.61,124.77,124.77,42933
2020-09-07,124.24,125.29,122.14,124.77,10350
2020-09-08,123.72,124.77,122.14,124.77,12843
2020-09-09,125.82,125.82,123.19,124.24,12006
2020-09-10,126.35,126.35,123.19,123.72,16370
2020-09-13,129.51,129.51,123.19,124.24,24378
2020-09-14,125.29,126.35,124.77,125.82,29725
2020-09-15,127.93,128.98,124.24,124.77,27276
2020-09-16,123.19,125.82,122.66,124.24,12877
2020-09-17,125.29,136.35,124.77,129.51,54511
2020-09-20,131.61,136.88,129.51,132.66,74612
2020-09-21,134.77,135.3,130.03,132.14,66722
2020-09-22,138.46,138.46,128.98,128.98,35551
2020-09-23,128.45,129.51,125.82,128.98,22618
2020-09-24,135.3,135.3,127.93,128.98,17609
2020-09-27,127.93,133.72,127.93,130.56,25054
2020-09-28,130.56,132.14,130.03,130.03,10360
2020-09-29,130.03,130.03,127.93,127.93,14205
2020-09-30,127.93,132.14,127.4,129.51,29643
2020-10-01,129.51,134.24,129.51,132.66,62932
2020-10-04,138.98,138.98,133.72,134.24,74692
2020-10-05,140.56,140.56,132.66,133.19,32293
2020-10-06,127.93,138.98,127.93,135.82,89903
2020-10-07,135.82,139.51,135.3,138.46,69683
2020-10-08,141.09,142.14,137.93,138.98,74899
2020-10-11,145.83,145.83,136.88,137.4,45923
2020-10-12,140.04,144.25,135.3,142.14,122848
2020-10-13,144.77,145.83,140.56,141.09,76020
2020-10-14,140.04,142.67,137.4,140.56,49893
2020-10-15,141.09,142.14,136.88,139.51,18646
2020-10-18,136.88,138.46,135.82,135.82,22308
2020-10-19,134.77,138.46,134.24,138.46,9612
2020-10-20,138.98,140.04,137.4,140.04,16526
2020-10-21,142.14,142.14,139.51,139.51,12965
2020-10-22,142.14,142.14,139.51,140.56,18583
2020-10-28,143.19,145.3,140.56,145.3,40724
2020-10-29,145.3,149.51,143.72,144.77,80567
2020-11-01,144.25,146.35,141.61,142.14,59134
2020-11-02,144.25,144.25,140.56,142.14,30421
2020-11-03,140.04,144.77,139.51,141.61,21379
2020-11-04,140.56,141.61,139.51,141.09,19272
2020-11-05,143.72,143.72,140.04,140.56,13174
2020-11-08,140.56,141.61,138.46,140.04,48183
2020-11-09,142.14,142.14,136.35,136.35,68986
2020-11-10,137.4,140.04,136.88,138.46,53641
2020-11-11,137.4,139.51,137.4,138.98,38811
2020-11-12,140.04,140.04,137.4,138.46,40005
2020-11-18,136.88,137.93,134.77,135.82,43311
2020-11-19,136.35,141.09,134.24,138.46,52015
2020-11-22,141.09,141.09,136.35,138.98,50496
2020-11-23,137.93,138.46,136.35,137.93,26418
2020-11-24,136.88,138.98,136.35,137.4,27750
2020-11-25,138.46,142.67,135.82,138.46,47582
2020-11-26,140.56,142.67,138.46,138.98,106749
2020-11-29,141.61,152.67,141.61,152.67,176364
2020-11-30,160.04,160.04,145.3,146.88,105510
2020-12-01,153.72,153.72,141.09,142.67,76655
2020-12-02,142.14,147.41,141.09,143.19,94754
2020-12-03,144.77,148.46,141.61,142.14,65235
2020-12-06,141.09,143.72,139.51,139.51,55739
2020-12-07,139.51,144.25,136.35,142.67,63908
2020-12-08,145.3,147.93,141.61,141.61,53093
2020-12-09,140.04,142.67,139.51,142.14,65661
2020-12-10,136.88,142.67,136.88,142.67,38726
2020-12-13,145.3,150.04,143.19,149.51,129591
2020-12-14,151.09,162.15,148.98,161.62,432279
2020-12-15,163.2,164.78,156.88,158.46,208289
2020-12-16,157.93,167.94,157.41,164.25,176369
2020-12-17,165.83,166.36,158.46,159.51,83955
2020-12-20,157.41,160.57,151.62,152.67,142545
2020-12-21,148.98,158.99,144.77,154.78,110809
2020-12-22,156.35,162.15,156.35,160.57,126048
2020-12-23,163.2,166.36,161.09,161.62,113852
2020-12-24,161.62,165.3,161.09,162.15,93727
2020-12-27,168.46,168.46,158.99,159.51,58919
2020-12-28,162.15,162.15,158.46,159.51,31341
2020-12-29,167.41,167.41,156.88,158.99,49631
2020-12-30,161.09,161.09,156.88,157.93,26381
2020-12-31,157.41,160.57,157.41,159.51,33903
2021-01-03,159.51,162.67,159.51,162.67,50860
2021-01-04,165.83,168.99,162.67,164.25,153958
2021-01-05,166.36,166.88,162.67,164.25,55429
2021-01-06,165.83,166.88,163.2,165.3,64517
2021-01-07,164.25,167.94,164.25,166.36,80250
2021-01-10,167.41,171.62,165.83,171.62,254630
2021-01-11,173.73,174.78,170.04,171.62,75272
2021-01-12,171.62,172.15,166.88,171.1,35166
2021-01-13,172.67,174.78,170.57,171.1,103321
2021-01-17,174.25,187.94,174.25,187.94,241317
2021-01-18,192.15,198.47,189.52,191.1,201996
2021-01-19,193.73,194.26,183.2,189.52,149953
2021-01-20,192.15,192.15,184.26,188.99,93833
2021-01-21,197.94,197.94,187.42,188.99,102596
2021-01-24,192.68,195.84,189.52,193.73,290197
2021-01-25,197.18,200.77,191.21,193.0,201148
2021-01-26,193.0,196.58,185.83,187.02,112579
2021-01-27,190.61,190.61,184.63,184.63,90353
2021-01-28,187.62,187.62,181.65,182.24,85971
2021-01-31,179.26,181.65,176.27,176.27,55291
2021-02-01,184.63,184.63,176.27,178.06,36954
2021-02-02,186.43,186.43,178.66,180.45,90713
2021-02-03,179.85,185.23,178.66,179.26,50000
2021-02-04,182.24,182.84,178.66,178.66,60405
2021-02-07,181.65,182.84,178.66,179.26,68962
2021-02-08,188.22,193.0,181.05,191.8,155093
2021-02-09,194.19,197.18,190.01,190.61,123066
2021-02-10,193.0,194.19,188.22,190.61,85538
2021-02-11,193.0,195.99,189.41,190.61,92274
2021-02-14,191.21,194.19,187.62,188.82,40194
2021-02-15,192.4,193.6,189.41,190.01,91531
2021-02-16,198.97,198.97,191.21,191.21,104488
2021-02-17,193.0,193.6,189.41,191.21,56050
2021-02-18,200.77,200.77,190.61,199.57,220421
2021-02-21,200.17,203.75,199.57,202.56,160695
2021-02-22,203.75,204.35,195.39,195.99,112822
2021-02-23,194.19,195.39,188.82,193.6,88369
2021-02-24,191.8,198.97,191.21,195.39,85671
2021-02-25,198.38,198.38,188.22,190.61,51433
2021-02-28,189.41,189.41,184.04,184.04,68810
2021-03-01,182.24,188.22,182.24,187.62,39101
2021-03-02,190.01,190.01,181.05,182.84,74017
2021-03-03,183.44,183.44,176.87,181.05,54880
2021-03-04,182.84,187.02,181.65,184.63,38100
2021-03-08,188.22,188.22,183.44,184.04,40693
2021-03-09,182.24,184.04,178.66,182.84,19888
2021-03-10,182.84,182.84,180.45,182.24,26256
2021-03-14,191.21,191.21,178.06,179.26,36593
2021-03-15,176.87,182.84,176.27,177.46,35673
2021-03-16,175.07,182.24,175.07,177.46,23080
2021-03-17,179.26,179.85,176.87,179.85,16582
2021-03-18,180.45,183.44,179.26,182.84,34847
2021-03-21,182.84,188.82,182.24,185.83,78109
2021-03-22,194.79,194.79,184.04,186.43,46259
2021-03-23,185.23,185.23,183.44,184.04,19836
2021-03-24,187.02,187.62,184.04,184.04,24415
2021-03-25,185.23,187.02,181.65,182.24,34652
2021-03-29,180.45,187.62,180.45,186.43,65397
2021-03-30,190.01,190.01,184.63,187.02,46804
2021-03-31,185.23,191.21,185.23,191.21,41584
2021-04-01,191.21,199.57,189.41,193.6,82310
2021-04-04,197.18,197.18,192.4,194.79,42853
2021-04-05,195.39,195.99,189.41,192.4,57914
2021-04-06,192.4,193.0,189.41,192.4,37003
2021-04-07,193.0,198.97,191.21,195.99,114702
2021-04-08,197.18,201.36,194.79,198.97,124522
2021-04-12,200.17,201.96,198.97,199.57,75394
2021-04-13,202.56,209.73,200.17,207.94,272172
2021-04-15,218.09,218.09,210.33,215.11,309955
2021-04-18,225.86,226.46,213.91,215.11,446272
2021-04-19,218.09,218.09,207.94,209.13,152684
2021-04-20,209.13,217.5,208.53,214.51,246853
2021-04-21,215.7,218.09,204.95,207.94,144778
2021-04-22,204.35,210.33,204.35,210.33,101714
2021-04-25,215.11,215.11,201.96,202.56,127500
2021-04-26,202.56,205.55,193.0,197.18,130868
2021-04-27,197.18,207.34,196.58,204.95,83171
2021-04-28,206.14,209.13,201.36,203.16,59945
2021-04-29,199.57,204.95,199.57,204.95,30898
2021-05-02,205.55,209.73,205.55,208.53,99250
2021-05-03,210.33,212.12,204.95,206.74,75178
2021-05-04,206.14,206.74,203.75,204.95,30714
2021-05-05,204.95,208.53,203.16,204.95,36022
2021-05-06,207.34,207.94,201.36,202.56,56820
2021-05-09,202.56,205.55,200.77,203.16,51099
2021-05-10,201.36,206.14,200.77,204.95,37796
2021-05-11,204.95,206.74,204.35,205.55,31718
2021-05-12,207.34,207.34,203.75,204.95,24627
2021-05-13,204.95,209.13,203.75,208.53,71332
2021-05-16,212.12,216.9,212.12,216.9,157646
2021-05-17,224.07,224.07,213.31,214.51,104123
2021-05-18,224.67,224.67,213.91,220.48,128084
2021-05-19,222.87,222.87,217.5,218.69,139365
2021-05-20,220.48,224.07,216.9,223.47,135597
2021-05-23,223.47,244.38,216.9,242.59,564540
2021-05-24,245.58,257.53,239.6,247.97,488677
2021-05-25,247.97,248.57,240.8,242.59,235112
2021-05-27,237.81,257.53,231.24,256.93,437540
2021-05-30,269.48,281.43,259.92,277.25,481084
2021-05-31,280.83,280.83,262.31,264.7,408059
2021-06-01,264.7,270.68,257.53,261.71,249386
2021-06-02,261.71,280.24,259.92,276.65,360618
2021-06-03,277.85,298.76,277.85,282.03,554711
2021-06-06,295.77,295.77,282.63,286.21,367269
2021-06-07,298.76,310.71,283.82,308.92,555908
2021-06-08,313.7,339.39,310.71,339.39,528979
2021-06-09,343.57,343.57,312.5,318.48,522977
2021-06-10,322.66,331.62,310.11,328.63,455625
2021-06-13,328.63,358.51,325.65,357.32,596053
2021-06-14,374.64,374.64,344.17,350.15,410667
2021-06-15,352.54,352.54,331.02,332.82,376059
2021-06-16,333.41,337.6,307.72,321.46,254774
2021-06-17,337.0,337.6,311.9,331.62,231937
2021-06-20,340.59,340.59,311.31,319.67,283884
2021-06-21,322.66,325.65,308.32,309.51,248772
2021-06-22,313.7,324.45,301.75,322.66,276613
2021-06-23,338.79,338.79,308.92,311.9,163168
2021-06-24,311.9,317.28,302.34,308.92,148067
2021-06-27,310.11,311.9,301.75,304.14,109383
2021-06-28,306.53,307.72,296.37,297.56,100699
2021-06-29,311.9,311.9,285.02,285.02,158330
2021-06-30,298.76,298.76,277.85,295.77,196146
2021-07-01,310.11,314.89,295.77,310.71,200982
2021-07-04,295.17,322.66,295.17,307.12,170949
2021-07-05,292.19,307.12,292.19,299.36,117094
2021-07-06,314.29,314.29,295.77,298.76,68454
2021-07-07,299.95,302.34,298.16,301.15,50629
2021-07-08,299.95,307.12,298.76,307.12,79340
2021-07-11,310.71,332.22,309.51,331.02,207653
2021-07-12,334.61,337.6,316.68,323.85,296801
2021-07-13,339.99,339.99,319.07,328.04,117156
2021-07-14,328.63,329.23,321.46,326.84,63300
2021-07-15,328.63,329.23,323.85,325.05,86028
2021-07-18,331.02,345.37,330.43,341.24,279481
2021-07-19,348.05,353.07,337.0,338.79,174799
2021-07-20,344.77,344.77,332.22,335.81,89822
2021-07-22,335.81,343.57,335.81,339.69,138905
2021-07-25,345.96,345.96,337.6,341.18,194685
2021-07-26,341.78,342.38,333.41,334.01,116674
2021-07-27,327.44,339.39,321.46,334.01,118649
2021-07-28,339.99,343.63,335.21,337.6,100000
2021-07-29,342.98,344.17,335.21,336.4,122527
2021-08-01,342.98,343.57,335.21,338.14,101793
2021-08-02,338.14,341.18,334.61,334.67,62700
2021-08-03,337.0,337.6,332.82,334.01,56293
2021-08-04,334.01,340.59,333.41,339.45,163679
2021-08-05,346.2,355.52,341.18,348.89,298585
2021-08-08,355.82,357.32,349.55,351.34,177102
2021-08-09,355.52,357.32,344.77,349.01,103518
2021-08-10,351.94,380.02,351.34,372.85,646848
2021-08-11,380.26,403.32,368.55,370.46,385887
2021-08-12,377.87,400.28,370.46,388.98,639323
2021-08-15,381.22,388.39,364.49,374.64,466007
2021-08-16,374.64,393.11,367.47,384.8,341084
2021-08-17,383.61,418.26,383.61,411.69,490187
2021-08-18,419.46,448.14,412.29,430.21,479706
2021-08-19,436.19,441.57,415.81,421.25,422109
2021-08-24,424.24,427.23,403.32,403.92,279440
2021-08-25,400.34,406.61,388.69,392.51,240449
2021-08-26,393.17,412.88,391.37,409.3,267263
2021-08-29,417.07,418.26,397.65,402.13,293041
2021-08-31,402.13,402.13,381.81,382.41,326024
2021-09-01,388.39,395.56,376.44,381.22,203727
2021-09-02,388.39,388.39,360.9,368.07,178309
2021-09-05,368.07,368.07,332.22,344.23,295062
2021-09-06,340.59,378.65,338.2,378.65,264599
2021-09-07,385.4,385.4,362.1,371.66,171746
2021-09-08,371.66,371.66,357.32,360.3,134106
2021-09-09,363.89,366.88,354.93,357.44,105795
2021-09-12,361.5,383.01,359.71,382.41,246324
2021-09-13,389.58,397.35,382.41,384.2,213006
2021-09-14,384.2,391.37,374.05,378.71,92823
2021-09-15,385.4,385.4,365.08,367.47,139598
2021-09-16,363.29,364.49,349.55,357.91,215692
2021-09-20,358.51,358.51,333.41,337.6,199248
2021-09-21,332.22,352.54,326.24,339.39,202636
2021-09-22,345.96,366.28,345.48,365.68,174378
2021-09-23,372.85,372.97,356.18,360.3,138144
2021-09-26,367.47,373.45,350.74,350.74,120560
2021-09-27,346.56,349.55,334.01,334.91,119885
2021-09-28,337.6,340.59,321.46,325.65,109680
2021-09-29,328.63,338.79,322.24,338.2,94499
2021-09-30,342.98,344.77,327.44,327.74,70713
2021-10-03,328.63,335.21,320.33,321.46,76588
2021-10-04,319.67,325.95,314.89,316.68,70856
2021-10-05,322.66,329.23,319.67,327.44,53056
2021-10-06,320.93,341.18,320.93,339.99,58855
2021-10-10,341.78,352.54,338.2,338.2,84159
2021-10-11,338.2,338.2,326.24,337.0,52688
2021-10-17,337.6,343.57,333.41,343.57,18201
2021-10-18,337.6,343.57,329.83,330.73,50548
2021-10-19,325.65,328.04,303.54,313.1,92826
2021-10-20,319.07,331.62,319.07,324.15,42004
2021-10-21,318.66,330.97,317.28,319.07,34539
2021-10-24,319.67,325.65,312.74,323.26,30737
2021-10-25,325.71,346.56,325.71,345.37,85957
2021-10-26,346.56,361.5,346.56,351.34,129158
2021-10-27,352.54,360.9,345.37,352.24,90634
2021-10-28,346.62,355.52,346.56,352.48,60381
2021-10-31,359.11,375.18,355.52,374.05,186624
2021-11-01,381.52,394.36,372.25,375.84,184609
2021-11-02,383.31,389.58,364.49,384.8,135278
2021-11-03,391.37,395.56,377.15,379.42,87548
2021-11-08,387.01,387.01,371.06,371.06,47827
2021-11-09,373.45,373.45,345.37,355.52,143590
2021-11-11,352.54,358.51,339.45,342.38,101907
2021-11-14,343.57,357.26,338.79,351.34,90279
2021-11-15,357.32,372.85,352.54,368.55,166691
2021-11-16,372.25,378.17,368.07,375.18,95313
2021-11-17,378.83,394.36,375.24,384.8,342355
2021-11-18,384.8,390.18,376.32,379.42,218938
2021-11-21,373.45,383.61,373.45,374.17,97168
2021-11-22,375.84,378.83,367.17,370.46,78118
2021-11-23,369.27,370.46,357.91,361.5,108963
2021-11-24,358.51,368.67,352.54,366.16,94282
2021-11-25,367.47,368.67,358.51,359.23,61346
2021-11-28,352.54,357.32,340.59,340.59,125954
2021-11-29,340.59,352.54,335.56,339.39,87802
2021-11-30,345.96,345.96,333.41,339.39,77926
2021-12-01,342.98,346.56,340.64,342.38,35279
2021-12-02,343.57,345.37,328.63,331.62,61397
2021-12-05,331.62,333.95,316.68,318.48,87607
2021-12-06,312.5,333.36,304.73,329.23,104856
2021-12-07,334.13,339.99,316.68,318.48,65782
2021-12-08,313.7,322.6,307.72,308.92,51503
2021-12-09,307.72,314.83,305.93,310.71,65594
2021-12-12,307.72,310.71,291.59,292.19,59206
2021-12-13,286.45,291.59,267.03,269.48,132019
2021-12-14,268.88,296.43,268.88,296.43,44964
2021-12-15,302.34,315.49,290.39,298.76,134065
2021-12-16,293.38,298.16,286.81,288.0,54988
2021-12-20,282.69,291.05,277.85,280.89,40141
2021-12-21,286.51,293.98,283.22,290.99,26880
2021-12-22,296.37,310.71,295.17,310.11,81664
2021-12-23,310.71,319.01,304.08,308.92,75119
2021-12-26,314.83,319.97,307.72,313.1,88807
2021-12-27,317.88,317.88,298.22,298.22,81679
2021-12-28,298.22,304.14,290.99,304.14,63674
2021-12-29,304.14,306.47,299.95,301.27,27919
2022-01-02,304.73,317.28,301.15,314.89,70720
2022-01-03,314.89,324.45,310.71,320.27,90732
2022-01-04,321.46,338.2,315.49,337.0,156014
2022-01-05,337.0,343.57,328.63,331.62,105292
2022-01-06,331.62,343.57,328.63,342.56,164876
2022-01-09,349.37,356.12,342.38,351.94,166135
2022-01-10,355.52,357.91,345.37,351.34,157155
2022-01-11,351.34,366.88,344.77,357.32,161685
2022-01-12,358.51,371.66,352.6,354.33,201207
2022-01-13,358.51,361.5,353.13,360.0,96695
2022-01-16,360.0,371.66,363.89,367.47,135129
2022-01-17,371.06,371.06,360.3,364.49,86149
2022-01-18,362.69,368.01,354.33,357.91,148072
2022-01-19,360.9,362.1,353.13,356.18,90788
2022-01-20,355.46,363.23,352.54,362.69,85431
2022-01-23,369.27,370.46,361.2,362.69,174186
2022-01-24,363.29,363.29,349.55,350.15,206947
2022-01-25,352.54,359.05,347.76,352.54,117708
2022-01-26,352.54,358.51,346.56,350.74,125208
2022-01-27,352.54,355.52,346.56,349.55,65674
2022-01-30,356.54,370.46,356.54,368.97,164707
2022-01-31,370.46,372.25,361.5,362.69,91072
2022-02-01,362.69,369.27,358.51,367.47,125542
2022-02-03,372.79,373.45,365.68,367.47,158501
2022-02-06,364.49,366.28,359.11,359.71,68105
2022-02-07,355.58,362.69,355.58,357.91,79536
2022-02-08,364.49,371.72,352.54,353.73,86615
2022-02-09,352.54,356.12,349.55,352.54,35419
2022-02-10,352.54,355.52,349.55,350.74,32490
2022-02-13,346.56,346.56,337.3,337.9,96492
2022-02-14,331.62,349.55,331.62,340.59,57561
2022-02-15,340.59,348.95,340.59,347.76,30327
2022-02-16,347.76,350.74,340.59,341.78,26554
2022-02-17,341.78,345.96,338.37,342.44,28529
2022-02-20,338.49,342.38,331.62,336.52,40969
2022-02-21,337.0,340.59,337.0,338.79,23688
2022-02-22,341.18,343.57,340.59,341.18,26293
2022-02-23,344.77,344.77,336.16,337.6,26533
2022-02-24,337.0,337.6,328.63,330.43,57470
2022-02-27,334.01,336.94,325.65,329.83,31836
2022-02-28,336.4,339.99,323.26,325.05,47070
2022-03-02,322.66,322.66,314.29,317.28,43262
2022-03-06,316.68,324.45,314.89,319.67,50973
2022-03-07,319.07,326.07,319.07,319.97,27411
2022-03-09,324.45,324.45,316.68,319.07,41257
2022-03-10,325.05,327.44,319.07,327.44,72567
2022-03-13,328.63,341.0,328.04,341.0,104808
2022-03-14,347.82,347.82,336.4,339.39,52987
2022-03-15,339.39,340.59,334.01,339.39,82954
2022-03-16,340.59,342.38,332.82,333.41,217430
2022-03-20,339.63,339.63,324.31,325.07,68117
2022-03-21,324.38,334.08,318.84,332.7,59887
2022-03-22,338.17,339.63,332.07,335.82,39646
2022-03-23,333.39,338.94,328.54,329.93,29411
2022-03-24,325.77,331.31,322.99,322.99,30497
2022-03-27,323.06,323.06,312.6,312.94,38568
2022-03-28,307.12,318.84,306.36,307.75,42657
2022-03-29,313.22,313.22,302.96,303.66,24090
2022-03-30,304.97,315.37,300.81,314.61,51230
2022-03-31,316.76,320.22,304.97,305.67,29416
2022-04-03,302.89,305.67,300.81,302.89,14041
2022-04-04,300.81,309.82,299.01,301.02,25818
2022-04-05,298.67,301.51,291.8,295.27,50367
2022-04-06,294.58,298.04,290.42,291.8,28783
2022-04-07,289.86,301.51,289.86,294.58,34185
2022-04-11,300.12,306.36,289.72,289.72,31026
2022-04-12,290.42,291.11,280.71,281.41,30442
2022-04-13,278.63,287.02,277.25,284.18,37209
2022-04-17,284.18,288.34,279.33,280.02,41121
2022-04-18,281.41,281.41,275.86,276.56,27837
2022-04-19,280.02,283.49,271.08,276.56,33052
2022-04-20,281.41,281.41,271.7,271.7,24457
2022-04-21,271.7,279.33,266.92,277.94,18826
2022-04-24,280.71,300.68,277.94,297.35,45242
2022-04-25,297.35,306.36,287.65,290.07,49091
2022-04-26,289.72,295.27,288.34,292.7,16770
2022-04-27,288.34,298.74,288.34,298.46,28067
2022-04-28,300.75,301.51,291.8,294.58,22946
2022-05-02,289.03,289.1,282.79,284.18,25704
2022-05-04,284.18,284.18,276.0,277.25,25614
2022-05-05,275.86,277.25,271.15,272.05,26208
2022-05-08,267.54,282.79,267.13,282.79,21048
2022-05-09,286.95,288.41,275.79,282.1,22433
2022-05-10,284.18,292.5,279.33,292.5,14215
2022-05-11,297.97,299.43,288.34,299.43,36318
2022-05-12,302.2,304.97,288.34,290.69,44008
2022-05-17,286.95,287.65,278.08,280.71,20299
2022-05-18,275.86,286.26,274.48,285.7,13978
2022-05-19,285.57,285.57,277.25,277.94,22532
2022-05-20,277.94,282.1,275.86,277.25,12211
2022-05-23,278.63,278.63,272.4,273.78,15560
2022-05-24,273.78,280.71,270.32,277.25,12641
2022-05-25,281.41,284.18,277.94,280.71,14578
2022-05-26,278.63,284.18,278.57,279.95,5736
2022-05-27,280.02,281.41,273.85,274.48,20001
2022-05-30,274.55,274.55,266.85,270.32,36921
2022-05-31,270.32,272.47,266.92,270.32,16592
2022-06-01,267.89,274.48,266.85,268.93,11949
2022-06-02,271.7,272.05,266.16,266.85,14458
2022-06-03,266.85,266.85,258.19,262.0,48088
2022-06-06,264.77,266.16,258.26,265.47,23437
2022-06-07,264.77,264.77,256.45,259.3,24162
2022-06-08,256.45,271.63,254.38,266.85,25362
2022-06-09,269.62,270.25,257.49,260.61,25107
2022-06-10,256.45,261.31,256.45,257.84,15634
2022-06-13,257.15,260.61,256.45,258.46,7576
2022-06-14,254.38,256.45,252.3,254.72,16631
2022-06-15,251.6,255.07,246.4,250.91,18895
2022-06-16,251.6,257.15,250.7,252.99,10975
2022-06-17,252.3,254.38,251.26,252.16,8072
2022-06-19,250.91,251.6,246.4,247.37,12379
2022-06-20,242.59,242.59,232.89,236.35,39946
2022-06-21,231.64,252.3,231.64,244.67,21256
2022-06-22,239.82,242.59,235.11,237.74,18423
2022-06-23,233.58,233.58,228.18,229.42,19448
2022-06-24,226.65,232.2,220.41,229.35,21514
2022-06-26,233.58,247.44,233.58,246.75,39064
2022-06-27,249.52,252.3,237.88,238.43,35223
2022-06-28,235.66,239.06,231.5,236.35,15952
2022-06-29,237.05,247.44,235.66,247.44,21279
2022-06-30,249.52,266.16,248.14,262.62,51068
2022-07-01,262.62,264.77,256.52,259.16,28042
2022-07-03,256.45,270.32,254.38,266.85,33838
2022-07-04,268.24,279.33,256.8,259.92,67026
2022-07-05,254.79,270.04,252.3,253.68,50746
2022-07-06,250.22,265.47,246.75,263.39,23465
2022-07-07,266.85,268.24,255.69,259.92,25430
2022-07-08,255.76,259.92,250.91,252.37,13719
2022-07-11,247.37,250.91,241.21,242.59,39970
2022-07-12,247.44,250.22,238.43,243.29,31079
2022-07-13,248.14,257.15,246.06,256.8,31631
2022-07-14,259.92,266.16,254.72,263.32,48534
2022-07-15,258.12,273.78,253.68,268.24,44115
2022-07-17,263.39,272.05,263.39,268.24,23192
2022-07-18,266.85,273.09,263.46,268.93,17745
2022-07-19,270.32,274.34,267.13,270.32,36088
2022-07-20,270.32,275.17,266.85,268.93,19126
2022-07-21,273.78,273.78,264.77,266.85,25336
2022-07-22,265.47,266.85,261.31,262.76,19536
2022-07-24,267.96,277.11,263.39,274.48,35975
2022-07-25,277.94,290.9,275.17,290.42,76063
2022-07-26,285.57,294.58,279.33,281.41,58924
2022-07-27,277.25,284.18,274.48,282.1,52565
2022-07-28,282.1,293.19,279.33,282.79,70073
2022-07-29,284.18,297.28,279.4,294.58,53254
2022-07-31,296.66,301.78,292.77,296.66,88544
2022-08-01,291.11,294.58,288.34,292.5,62585
2022-08-02,287.65,293.88,286.26,290.42,56218
2022-08-03,293.88,295.96,288.34,289.72,59416
2022-08-04,286.26,291.04,283.42,283.42,59138
2022-08-05,283.49,283.49,275.45,275.52,65562
2022-08-07,275.17,284.87,275.17,282.72,95162
2022-08-08,287.65,288.34,278.63,280.02,37374
2022-08-09,277.25,281.41,273.85,275.03,46338
2022-08-10,280.37,280.37,269.69,277.25,43963
2022-08-11,277.25,280.02,271.08,272.88,27359
2022-08-14,268.24,277.25,268.24,268.93,38069
2022-08-15,270.32,279.33,269.62,278.63,62737
2022-08-16,283.49,285.36,273.3,273.78,66414
2022-08-17,277.18,280.02,273.23,277.25,18340
2022-08-18,280.71,286.81,277.25,284.87,53823
2022-08-21,287.65,288.41,280.71,281.41,42152
2022-08-22,284.11,284.11,278.08,280.71,21186
2022-08-23,284.18,284.18,278.5,279.67,20478
2022-08-24,280.71,282.79,278.63,279.05,14798
2022-08-25,280.02,282.72,273.78,273.78,28495
2022-08-26,271.77,275.86,269.62,271.01,33861
2022-08-28,273.09,273.57,265.53,266.16,44335
2022-08-29,265.47,268.72,262.69,266.85,21637
2022-08-30,269.55,270.25,266.23,268.24,29014
2022-08-31,268.31,270.11,259.92,260.61,34953
2022-09-01,259.23,264.77,256.87,261.31,28711
2022-09-02,262.69,266.5,260.61,260.75,11094
2022-09-04,263.39,266.78,261.45,264.77,19621
2022-09-05,264.08,267.54,263.39,264.77,16055
2022-09-06,261.31,263.39,257.84,259.23,24253
2022-09-07,259.23,259.23,255.07,258.33,19058
2022-09-08,258.4,261.93,256.52,259.02,22538
2022-09-11,264.08,264.08,257.15,257.15,18172
2022-09-12,262.0,262.0,255.07,256.45,11076
2022-09-13,256.45,264.08,256.45,261.31,10466
2022-09-14,266.16,273.78,262.69,273.71,38425
2022-09-15,273.78,276.56,259.92,262.35,45893
2022-09-16,257.15,263.39,252.3,259.23,23566
2022-09-18,258.53,258.88,252.99,253.2,24320
2022-09-20,252.99,252.99,245.36,247.44,35961
2022-09-21,250.91,256.59,247.44,249.52,18725
2022-09-22,249.52,252.99,248.83,250.15,22064
2022-09-25,246.06,250.84,246.06,246.75,17492
2022-09-27,250.22,256.45,246.13,251.6,17537
2022-09-28,251.6,259.5,251.6,256.45,13772
2022-09-29,259.85,261.31,257.15,261.31,25323
2022-10-09,266.16,275.86,262.07,272.33,26583
2022-10-10,268.93,273.78,264.15,266.78,37178
2022-10-11,266.85,266.85,255.41,260.06,18862
2022-10-12,260.06,268.93,255.14,266.09,13875
2022-10-13,266.85,272.19,266.85,269.28,28852
2022-10-16,270.32,271.01,262.0,268.93,128513
2022-10-17,266.85,268.93,264.77,265.47,17757
2022-10-19,265.47,266.85,260.61,266.16,17186
2022-10-20,266.16,266.16,262.35,263.39,70115
2022-10-23,266.85,266.85,263.73,266.23,39495
2022-10-31,261.38,266.16,257.15,261.31,17043
2022-11-01,263.39,270.32,262.69,269.62,54454
2022-11-02,269.62,272.88,265.47,269.0,94157
2022-11-03,268.93,270.32,265.47,266.85,26750
2022-11-06,266.85,273.78,265.47,273.71,49520
2022-11-07,276.21,277.94,266.85,268.24,53684
2022-11-08,270.32,272.26,266.92,268.79,32669
2022-11-09,269.62,270.32,263.87,264.08,46292
2022-11-10,267.54,267.54,262.69,264.7,41940
2022-11-13,266.85,270.32,264.43,264.43,27118
2022-11-14,266.85,268.58,264.08,268.58,47872
2022-11-15,271.7,271.7,266.16,266.85,24499
2022-11-16,269.55,269.55,265.6,269.42,16171
2022-11-17,270.32,274.48,270.32,271.22,34618
2022-11-22,273.78,276.62,268.38,269.21,21723
2022-11-23,268.93,270.94,266.85,269.62,12104
2022-11-24,269.62,270.32,266.37,268.24,26718
2022-11-27,268.24,272.4,267.68,270.94,33381
2022-11-28,270.32,271.15,265.47,266.5,18689
2022-11-29,267.2,268.24,263.46,268.24,25051
2022-11-30,266.16,268.24,263.46,268.24,11774
2022-12-01,268.24,268.93,265.47,267.54,20087
2022-12-04,265.47,270.32,265.47,269.62,25006
2022-12-05,269.69,270.32,265.47,266.85,23611
2022-12-06,264.15,268.03,264.15,265.47,13023
2022-12-07,265.47,266.85,264.56,265.12,14682
2022-12-11,264.77,265.47,259.92,260.06,17022
2022-12-12,261.31,264.77,258.88,263.32,17368
2022-12-13,263.39,264.08,259.92,262.0,10271
2022-12-14,266.16,266.44,263.39,265.4,8197
2022-12-15,260.68,265.81,260.61,263.39,15621
2022-12-18,263.39,265.47,259.23,259.92,19665
2022-12-19,260.61,263.18,258.53,259.99,10687
2022-12-20,264.08,264.08,261.31,261.31,18935
2022-12-21,265.47,265.47,260.06,260.68,12165
2022-12-22,264.08,264.08,258.53,259.23,47797
2022-12-26,258.46,266.69,258.46,266.69,27421
2022-12-27,272.01,274.91,267.94,268.65,42353
2022-12-28,263.32,270.21,263.32,264.73,27249
2022-12-29,264.73,278.05,264.73,278.05,36039
2023-01-01,283.61,287.44,271.0,275.7,45037
2023-01-02,274.05,285.09,270.21,282.74,29372
2023-01-03,280.47,286.66,275.62,277.26,42901
2023-01-04,275.7,292.14,275.7,289.79,39269
2023-01-05,295.28,296.06,285.09,286.66,69767
2023-01-08,286.66,297.86,284.31,291.36,46820
2023-01-09,291.36,303.11,286.66,299.98,69855
2023-01-10,305.46,313.29,290.66,293.71,139124
2023-01-12,298.41,307.02,288.23,288.23,89875
2023-01-17,290.97,299.98,287.44,297.63,47590
2023-01-18,302.33,309.14,291.83,302.33,49457
2023-01-19,298.41,305.46,298.41,301.54,29500
2023-01-23,302.33,303.89,293.87,295.28,29987
2023-01-24,293.71,300.76,285.88,299.19,36771
2023-01-25,299.19,303.89,294.49,299.04,20709
2023-01-26,297.63,299.19,292.14,292.14,16564
2023-01-29,292.14,295.28,286.43,288.38,30204
2023-01-30,288.23,289.79,281.18,281.18,37975
2023-01-31,278.83,285.88,278.12,281.96,32609
2023-02-01,285.88,286.5,281.18,284.08,15991
2023-02-02,288.93,288.93,279.61,280.4,15050
2023-02-05,279.61,285.96,279.61,281.96,18883
2023-02-06,278.12,283.53,278.12,282.35,15000
2023-02-07,280.55,295.28,280.55,295.28,49053
2023-02-08,298.41,303.11,292.14,293.71,64664
2023-02-09,296.84,301.54,292.14,300.68,31448
2023-02-12,297.63,297.63,287.44,288.23,44249
2023-02-14,285.88,290.58,284.47,286.35,18929
2023-02-15,289.72,291.36,285.17,285.88,15420
2023-02-16,289.79,289.79,281.73,283.37,30644
2023-02-20,281.96,283.53,278.83,279.3,14695
2023-02-22,284.31,287.44,282.82,284.31,14738
2023-02-23,283.92,285.88,278.83,285.09,27727
2023-02-26,279.46,286.66,273.97,285.8,47117
2023-02-27,291.36,291.36,281.33,287.44,16484
2023-02-28,289.01,289.01,283.53,285.09,15933
2023-03-01,285.09,285.09,276.32,280.4,12805
2023-03-02,278.83,281.18,276.56,280.4,18980
2023-03-05,280.4,281.18,272.64,272.64,23632
2023-03-07,278.05,280.4,274.13,274.13,17182
2023-03-09,274.91,282.74,274.91,281.96,14069
2023-03-12,287.44,291.36,278.05,279.61,17417
2023-03-13,274.13,281.96,274.05,277.26,11965
2023-03-14,282.74,282.74,277.26,278.83,28018
2023-03-15,283.53,283.53,274.13,276.48,19875
2023-03-16,271.78,278.05,271.78,277.89,11745
2023-03-19,283.37,283.37,276.48,278.05,11901
2023-03-20,278.05,283.53,278.05,283.53,4998
2023-03-22,283.53,284.31,279.61,279.69,8413
2023-03-23,278.05,281.18,278.05,278.83,6922
2023-03-26,278.83,278.83,274.91,276.56,10537
2023-03-27,273.35,285.49,272.72,281.96,35577
2023-03-28,281.96,284.31,278.12,278.12,11069
2023-03-29,281.8,281.8,278.12,279.61,6252
2023-03-30,280.4,282.67,276.48,277.97,8821
2023-04-02,277.97,281.18,276.56,277.26,15007
2023-04-03,274.21,277.26,274.13,277.11,12567
2023-04-04,273.74,281.96,273.35,278.05,12434
2023-04-05,274.91,278.83,274.21,277.97,6582
2023-04-06,277.26,280.24,272.56,273.35,19052
2023-04-09,268.65,272.48,267.94,269.82,10277
2023-04-10,274.13,274.91,271.0,272.56,8110
2023-04-11,276.48,278.05,271.78,278.05,24937
2023-04-12,278.12,289.79,278.12,289.79,29967
2023-04-13,292.14,293.55,285.09,285.88,29837
2023-04-16,281.96,287.44,281.96,284.31,6279
2023-04-17,289.79,289.79,278.83,278.83,10323
2023-04-18,278.83,281.96,274.91,281.88,4842
2023-04-19,281.96,285.8,274.83,282.9,11674
2023-04-20,279.61,284.31,278.05,279.61,8899
2023-04-23,274.6,279.53,274.6,279.53,7557
2023-04-24,275.7,281.96,275.7,280.79,19841
2023-04-25,275.85,287.44,275.85,287.44,16826
2023-04-26,285.88,286.66,279.61,284.31,14513
2023-04-27,281.96,284.31,279.69,282.74,7424
2023-04-30,280.4,280.4,274.91,276.48,15180
2023-05-02,277.26,279.46,275.7,279.46,11436
2023-05-03,277.26,281.18,275.7,276.48,13369
2023-05-04,276.48,278.83,271.78,278.05,18730
2023-05-07,272.56,279.61,272.56,274.13,10493
2023-05-08,269.43,274.13,269.43,274.13,9986
2023-05-09,274.21,278.05,272.56,274.21,9314
2023-05-10,271.86,278.05,271.86,273.35,12960
2023-05-11,273.35,274.91,272.56,274.13,3821
2023-05-14,275.7,275.7,263.16,267.86,37567
2023-05-15,270.21,270.21,264.73,266.3,16897
2023-05-16,264.73,270.21,263.95,266.69,8100
2023-05-17,269.35,274.91,266.3,271.78,13005
2023-05-18,276.48,279.53,271.78,275.7,20853
2023-05-21,275.7,280.4,275.07,275.23,13648
2023-05-22,270.29,277.97,270.21,276.09,10116
2023-05-23,278.83,282.59,276.48,281.96,27038
2023-05-24,282.74,285.88,279.61,285.09,24581
2023-05-28,284.47,288.23,276.71,277.26,27672
2023-05-30,276.48,276.48,271.78,273.74,15665
2023-05-31,269.51,274.83,267.08,269.27,27115
2023-06-01,269.43,271.78,266.3,270.21,24619
2023-06-04,270.21,281.96,270.21,276.48,19752
2023-06-05,278.12,279.53,271.07,273.42,22085
2023-06-06,274.13,278.05,271.0,275.7,15036
2023-06-07,277.26,281.1,275.7,278.05,23814
2023-06-08,281.1,281.18,275.62,277.34,17547
2023-06-11,277.34,288.23,277.34,287.44,61374
2023-06-12,292.85,293.63,285.96,288.23,52061
2023-06-13,291.36,296.84,286.03,293.71,45941
2023-06-14,296.69,299.58,286.35,291.36,74084
2023-06-15,288.23,293.71,285.88,291.44,26583
2023-06-18,291.36,299.19,291.36,296.06,26078
2023-06-19,297.7,306.24,296.06,304.6,82865
2023-06-20,310.55,314.86,290.58,297.7,92215
2023-06-21,302.33,305.46,291.83,295.28,39317
2023-06-22,301.07,301.07,289.79,290.73,32856
2023-06-25,293.71,308.59,289.79,303.89,56040
2023-06-26,309.77,313.29,303.11,303.11,53966
2023-06-27,305.46,311.57,305.46,309.37,82758
2023-06-28,309.37,313.13,300.76,301.54,51951
2023-07-02,298.41,303.5,293.71,293.71,39347
2023-07-03,289.79,298.41,289.01,291.91,33798
2023-07-04,292.14,293.71,289.79,292.93,24161
2023-07-05,298.72,298.72,288.23,289.01,19654
2023-07-06,286.66,293.71,283.53,289.79,24157
2023-07-09,293.71,295.59,289.79,291.36,36267
2023-07-10,297.16,297.63,293.94,294.02,49823
2023-07-11,294.73,307.18,293.71,302.4,65612
2023-07-12,307.42,307.81,303.11,304.36,36658
2023-07-13,309.37,309.37,300.76,300.99,33617
2023-07-16,297.7,317.21,295.28,317.21,37087
2023-07-17,318.77,318.77,306.24,318.62,68270
2023-07-18,320.34,324.18,314.07,314.07,56335
2023-07-19,313.37,316.42,310.94,314.86,48244
2023-07-20,314.86,317.21,312.66,312.66,35294
2023-07-23,317.21,326.61,314.07,325.82,86764
2023-07-24,328.17,328.17,313.29,313.37,81214
2023-07-25,313.29,314.86,306.24,307.57,43713
2023-07-26,309.37,313.29,300.76,305.46,84977
2023-07-27,305.77,310.86,303.11,303.81,28431
2023-07-30,307.81,314.7,298.64,301.54,37949
2023-07-31,301.54,305.46,299.98,300.99,37175
2023-08-01,304.68,305.38,294.49,297.55,20825
2023-08-02,296.84,299.11,295.28,298.41,22704
2023-08-03,304.36,307.81,298.41,300.76,33142
2023-08-06,306.71,307.81,297.78,299.19,33225
2023-08-07,296.14,304.6,296.06,301.07,19715
2023-08-08,301.54,304.36,295.12,297.55,22404
2023-08-09,296.06,301.54,294.49,301.54,26863
2023-08-10,302.4,306.16,301.54,301.54,18364
2023-08-13,305.46,305.46,301.54,305.07,25373
2023-08-14,305.46,307.81,303.89,303.97,20156
2023-08-15,302.33,304.68,297.63,298.41,39218
2023-08-16,296.06,298.33,294.88,297.63,25356
2023-08-17,302.33,302.33,295.28,297.63,28736
2023-08-20,297.63,298.8,293.87,294.49,21026
2023-08-21,294.49,297.63,293.71,295.28,19330
2023-08-22,299.19,299.19,294.49,297.55,18505
2023-08-23,297.63,302.33,297.63,302.25,23622
2023-08-24,298.41,303.81,293.79,294.49,30950
2023-08-27,296.84,296.84,293.71,294.88,14863
2023-08-28,293.71,301.54,292.14,299.98,21682
2023-08-29,299.9,299.98,295.67,296.84,8594
2023-08-30,300.76,300.76,293.87,294.18,20127
2023-09-03,292.14,294.49,289.79,290.58,18626
2023-09-04,293.71,295.67,289.48,291.75,15269
2023-09-05,291.75,293.71,290.73,291.05,7640
2023-09-07,289.79,290.58,287.44,289.01,17344
2023-09-10,290.58,292.93,288.23,290.58,9522
2023-09-11,291.36,296.06,289.79,296.06,13127
2023-09-12,296.06,296.06,292.14,294.49,5603
2023-09-13,294.49,300.37,294.49,299.19,23788
2023-09-17,298.41,298.41,293.94,293.94,13542
2023-09-18,290.58,298.41,289.79,294.41,7894
2023-09-19,295.2,297.63,289.79,296.84,13539
2023-09-21,299.19,311.72,299.19,311.72,45567
2023-09-24,306.24,310.16,303.11,303.89,22584
2023-09-25,302.33,304.68,300.13,302.33,21354
2023-09-26,308.2,308.2,302.33,304.6,26696
2023-09-27,303.11,303.11,299.27,300.37,16253
2023-10-01,296.22,299.9,296.06,297.63,29986
2023-10-02,295.28,305.38,295.28,305.07,16781
2023-10-03,305.07,305.07,297.63,299.19,14880
2023-10-04,299.19,303.11,296.06,300.76,15547
2023-10-05,303.11,303.11,298.41,299.19,8227
2023-10-08,296.84,297.63,292.93,292.93,28709
2023-10-09,293.71,295.28,290.03,291.75,16048
2023-10-10,292.14,292.14,286.97,287.44,23160
2023-10-11,286.66,290.42,286.66,288.31,19996
2023-10-12,290.58,290.58,285.09,285.49,25317
2023-10-16,285.88,288.23,282.98,282.98,8583
2023-10-17,284.31,288.62,283.53,285.88,10352
2023-10-18,287.05,292.14,285.88,291.36,15413
2023-10-19,290.58,295.28,289.79,292.93,12484
2023-10-29,297.63,297.63,287.44,289.79,11682
2023-10-30,284.39,291.36,284.31,289.79,8922
2023-10-31,290.58,292.14,289.01,289.79,6404
2023-11-01,288.23,291.36,287.99,289.64,14392
2023-11-02,286.27,289.79,285.09,285.88,13477
2023-11-05,281.96,285.02,279.06,280.32,16615
2023-11-06,283.53,284.31,279.61,280.79,11162
2023-11-07,283.53,283.53,280.79,283.53,17441
2023-11-08,287.37,287.37,280.4,283.61,6094
2023-11-09,281.96,284.31,280.4,283.53,5597
2023-11-20,287.99,292.93,287.91,288.23,16356
2023-11-21,291.36,291.36,284.31,291.2,6713
2023-11-22,291.91,291.91,286.74,289.01,4210
2023-11-23,289.09,291.52,286.66,291.36,19142
2023-11-26,289.79,298.72,289.79,297.78,23150
2023-11-27,301.46,301.54,296.84,296.84,16163
2023-11-28,294.49,298.41,294.49,294.57,8756
2023-11-29,294.49,295.98,286.03,286.66,24048
2023-11-30,285.88,289.79,285.17,289.79,14068
2023-12-03,292.07,292.14,285.88,286.03,24136
2023-12-04,285.88,290.58,285.88,288.23,14046
2023-12-05,289.64,291.36,286.74,286.74,12451
2023-12-06,288.23,288.93,282.9,286.27,3090
2023-12-07,284.7,291.13,284.7,289.79,9559
2023-12-10,291.36,311.72,284.31,310.86,17584
2023-12-11,317.05,317.21,299.98,302.4,49030
2023-12-12,302.4,307.02,302.4,305.46,40654
2023-12-13,303.11,314.47,302.64,306.63,58459
2023-12-14,303.11,314.0,300.76,309.53,74599
2023-12-17,305.46,314.86,302.33,314.07,54037
2023-12-18,320.34,325.74,316.82,321.12,160566
2023-12-19,325.74,325.82,317.99,325.04,49841
2023-12-20,329.74,336.79,323.47,332.09,159784
2023-12-21,338.67,338.67,321.91,321.91,183208
2023-12-24,328.17,328.17,321.2,322.69,105789
2023-12-27,325.82,325.82,319.16,319.56,92062
2023-12-28,319.56,324.26,316.97,317.99,75798
2024-01-01,324.26,328.09,319.48,321.12,107340
2024-01-02,321.61,326.76,315.35,317.75,43429
2024-01-03,317.75,321.53,312.61,316.47,32621
2024-01-04,317.32,320.75,314.07,314.75,38745
2024-01-07,308.75,317.75,307.03,309.86,51380
2024-01-08,309.61,319.9,307.89,319.81,39757
2024-01-09,325.04,337.91,319.9,333.62,91840
2024-01-10,340.22,340.22,328.47,329.33,61475
2024-01-11,329.33,329.33,323.76,325.04,23799
2024-01-14,330.1,334.48,325.9,331.05,31497
2024-01-16,336.19,344.68,333.36,340.48,85435
2024-01-17,344.68,354.2,338.77,339.88,162068
2024-01-18,334.48,341.34,334.48,336.28,55179
2024-01-21,330.19,338.77,330.19,331.9,83246
2024-01-22,330.19,334.48,325.9,326.76,36034
2024-01-23,326.93,332.76,324.19,327.19,43070
2024-01-24,320.67,338.77,320.67,328.47,22914
2024-01-25,332.76,332.76,324.19,327.62,29734
2024-01-28,331.82,333.62,325.9,328.39,29257
2024-01-29,327.7,331.05,326.33,329.42,26429
2024-01-30,334.48,334.48,328.47,328.47,28943
2024-01-31,333.19,333.62,323.41,323.76,27958
2024-02-01,319.13,324.19,317.92,318.61,41836
2024-02-04,318.7,322.47,316.47,322.47,25691
2024-02-05,328.9,328.9,318.35,324.19,20218
2024-02-06,324.19,329.33,323.33,325.9,28856
2024-02-07,327.62,331.05,325.21,326.76,21654
2024-02-08,325.9,328.47,322.56,326.33,18261
2024-02-11,327.62,331.05,322.04,327.7,32566
2024-02-12,328.47,329.76,326.76,329.33,26048
2024-02-13,323.41,327.62,320.75,321.61,42722
2024-02-14,321.61,334.48,317.5,325.9,67933
2024-02-15,321.7,327.62,321.7,321.78,37652
2024-02-18,327.62,327.62,317.32,318.1,33535
2024-02-20,311.75,321.61,311.75,318.18,45921
2024-02-21,321.61,321.61,314.75,316.21,33717
2024-02-22,316.21,317.32,311.32,312.26,27787
2024-02-25,310.55,315.52,308.75,309.18,37023
2024-02-26,307.03,312.95,307.03,312.95,22991
2024-02-27,309.61,316.47,308.92,312.18,16049
2024-02-28,312.18,313.89,307.29,307.98,28094
2024-02-29,306.17,307.89,305.32,305.83,19334
2024-03-03,303.6,304.46,300.17,300.94,30009
2024-03-04,306.95,325.39,306.95,324.19,4134
2024-03-05,330.19,330.19,310.46,310.98,33550
2024-03-06,310.98,316.47,308.92,309.78,23145
2024-03-07,314.75,315.61,313.04,314.75,24712
2024-03-10,317.32,320.75,313.89,318.18,15908
2024-03-12,312.18,326.76,312.18,323.33,28918
2024-03-13,328.47,328.47,319.9,322.56,46857
2024-03-14,326.76,326.76,312.52,317.32,45078
2024-03-17,317.32,323.33,317.32,319.04,29607
2024-03-18,318.18,323.16,317.32,322.47,31188
2024-03-19,325.81,326.67,320.07,320.75,22692
2024-03-20,320.75,321.53,318.27,319.9,25090
2024-03-21,319.04,321.61,318.35,319.9,19006
2024-03-25,319.81,319.9,314.84,314.84,18304
2024-03-26,313.89,345.11,313.89,321.61,40837
2024-03-27,321.61,321.7,316.21,317.32,12677
2024-03-28,313.89,319.04,313.46,317.24,11179
2024-03-31,321.61,321.61,311.84,312.18,19692
2024-04-01,312.18,313.04,310.98,310.98,13534
2024-04-02,310.12,313.04,309.78,310.46,16140
2024-04-03,308.75,312.18,308.75,308.83,20066
2024-04-04,308.75,310.38,306.26,307.89,16950
2024-04-07,306.35,316.47,306.35,314.07,29651
2024-04-09,317.32,320.33,314.75,316.47,38818
2024-04-10,322.47,322.73,310.46,317.32,31657
2024-04-14,319.04,319.04,313.55,313.81,22549
2024-04-15,313.81,318.18,310.46,312.18,17659
2024-04-16,312.26,316.38,312.18,314.75,13601
2024-04-18,309.61,312.95,307.98,308.75,22064
2024-04-21,307.89,311.75,302.74,310.38,15664
2024-04-22,309.18,310.55,306.6,308.75,8257
2024-04-24,307.12,314.32,305.4,307.03,16373
2024-04-25,307.03,308.75,304.55,304.72,13012
2024-04-28,309.18,311.32,304.97,311.32,14089
2024-04-29,309.61,316.98,308.75,313.04,38918
2024-04-30,317.32,331.05,313.04,325.73,162238
2024-05-02,329.33,330.53,317.32,317.41,59231
2024-05-05,319.04,320.75,311.15,312.18,41770
2024-05-06,312.18,316.47,309.26,312.09,20725
2024-05-07,311.32,316.47,309.35,313.89,28901
2024-05-08,317.24,317.32,312.18,313.04,10403
2024-05-09,310.46,316.38,310.46,310.55,23257
2024-05-12,310.46,317.32,309.86,313.98,16116
2024-05-13,317.32,317.32,312.18,316.04,21160
2024-05-14,319.9,319.9,313.55,316.98,25974
2024-05-15,321.7,323.24,313.98,314.67,28285
2024-05-16,316.47,317.32,311.32,312.18,23046
2024-05-19,318.35,318.35,310.12,313.89,40681
2024-05-20,317.75,324.19,314.84,317.41,36591
2024-05-21,317.75,321.36,317.32,318.35,16715
2024-05-22,322.3,322.47,317.41,319.04,27333
2024-05-26,319.04,319.9,315.61,315.61,33825
2024-05-27,318.18,320.07,313.89,317.24,21590
2024-05-29,323.5,323.5,312.35,312.35,16295
2024-05-30,313.04,313.04,308.83,309.61,14199
2024-06-02,310.46,313.04,306.17,309.69,26766
2024-06-03,313.04,313.04,309.61,310.46,21553
2024-06-04,308.75,315.09,307.2,312.18,30886
2024-06-05,313.04,313.04,310.46,312.18,22068
2024-06-06,309.61,312.18,309.18,310.89,16208
2024-06-09,310.89,312.18,308.75,308.83,29379
2024-06-10,308.75,310.46,308.75,309.61,20619
2024-06-11,313.89,314.75,310.46,313.89,46012
2024-06-12,317.32,318.18,312.78,312.78,22150
2024-06-13,313.04,320.75,310.46,313.12,46373
2024-06-16,313.04,314.75,310.46,310.46,16892
2024-06-18,310.46,312.61,308.15,308.75,36364
2024-06-19,308.75,311.92,306.43,307.89,30630
2024-06-20,307.89,310.46,306.52,307.03,31323
2024-06-23,304.97,307.89,304.89,305.32,19352
2024-06-24,305.32,309.61,305.32,307.89,16771
2024-06-25,308.75,311.41,307.89,308.75,20092
2024-06-26,307.03,309.69,303.77,304.46,27500
2024-06-27,303.6,306.09,302.14,303.6,21096
2024-06-30,303.77,304.46,301.03,302.49,19604
2024-07-01,300.26,304.03,300.26,303.95,21307
2024-07-02,309.95,322.3,309.95,312.18,37886
2024-07-03,312.18,316.3,306.6,315.61,30179
2024-07-04,321.87,329.93,313.04,323.07,187625
2024-07-07,323.33,325.9,319.98,321.61,42819
2024-07-08,322.47,322.47,318.18,319.21,35125
2024-07-09,318.18,331.9,318.18,329.33,126338
2024-07-10,331.05,333.62,327.36,330.19,67621
2024-07-11,331.05,336.79,329.33,330.19,106272
2024-07-14,336.79,343.05,330.27,336.36,123635
2024-07-15,343.05,343.05,325.9,330.27,117774
2024-07-16,330.27,342.97,329.33,342.02,93031
2024-07-17,343.05,355.92,339.62,354.97,174506
2024-07-18,361.92,367.92,355.06,359.43,203716
2024-07-21,359.43,373.93,356.09,369.64,205395
2024-07-22,373.93,375.64,361.41,368.78,166252
2024-07-23,368.78,382.5,362.09,380.87,160437
2024-07-24,385.93,388.51,368.78,373.07,177987
2024-07-25,368.95,376.42,368.95,371.36,131969
2024-07-28,378.73,393.65,371.36,386.79,210178
2024-07-29,394.51,394.51,378.73,379.07,176493
2024-07-30,385.93,385.93,370.75,379.07,141259
2024-07-31,384.22,400.51,380.79,391.08,288720
2024-08-01,383.28,405.66,383.28,394.51,321574
2024-08-05,402.4,409.09,394.43,397.94,158542
2024-08-06,398.8,403.09,376.5,376.5,234477
2024-08-07,373.07,389.97,369.64,386.11,151484
2024-08-08,389.37,401.37,385.08,385.93,143095
2024-08-11,393.65,401.46,390.22,399.66,192836
2024-08-12,407.2,420.24,394.51,417.07,271837
2024-08-13,421.96,427.96,411.66,414.24,191232
2024-08-14,414.24,428.82,411.66,427.1,294882
2024-08-15,433.1,447.68,425.39,437.39,439853
2024-08-18,437.39,443.57,425.39,427.96,272463
2024-08-21,427.96,433.1,418.52,421.96,220721
2024-08-22,429.67,455.75,424.53,438.25,442632
2024-08-25,442.54,444.25,424.53,425.39,215726
2024-08-27,418.52,426.24,404.37,405.75,237705
2024-08-28,405.75,420.24,399.66,403.09,164178
2024-08-29,404.8,404.8,394.34,394.51,136833
2024-09-01,395.37,401.37,388.59,391.94,107468
2024-09-02,388.68,413.38,388.68,410.81,126717
2024-09-03,412.52,418.52,400.51,409.09,124692
2024-09-04,413.38,419.9,392.88,395.37,185858
2024-09-05,387.48,400.51,387.48,397.08,74723
2024-09-08,404.72,404.97,390.22,390.22,57628
2024-09-09,390.22,394.51,377.44,379.07,95853
2024-09-10,371.53,386.45,371.53,381.65,63432
2024-09-11,381.65,384.13,375.64,378.22,42791
2024-09-12,370.67,388.51,370.67,386.79,67545
2024-09-15,392.8,395.8,376.5,376.5,77503
2024-09-16,383.79,383.96,368.78,371.36,59732
2024-09-18,377.36,378.22,364.58,369.04,61907
2024-09-22,376.42,381.65,370.67,373.07,45710
2024-09-23,376.5,376.5,365.69,370.41,47509
2024-09-24,370.41,376.42,357.63,359.35,47763
2024-09-25,360.21,368.78,350.6,367.92,48565
2024-09-26,372.98,373.07,364.92,365.35,44269
2024-09-29,361.92,370.41,357.12,361.06,36522
2024-09-30,367.07,367.07,362.35,367.07,21107
2024-10-01,372.21,385.08,368.78,384.99,53250
2024-10-02,385.93,388.42,377.36,385.08,44107
2024-10-06,381.65,390.99,378.22,389.37,36335
2024-10-07,392.8,398.8,389.79,394.51,34466
2024-10-08,394.51,396.23,390.65,392.71,28044
2024-10-09,388.51,393.65,387.65,391.94,15269
2024-10-15,394.43,396.83,386.88,394.68,12798
2024-10-16,397.08,407.38,392.8,403.09,29086
2024-10-17,405.66,407.38,400.51,402.4,43290
2024-10-20,394.51,402.23,390.22,393.22,68715
2024-10-21,393.22,393.22,380.79,381.65,34740
2024-10-22,385.08,388.51,379.07,388.51,28321
2024-10-23,388.34,389.37,382.59,383.36,15925
2024-10-24,379.93,387.65,379.93,381.65,30247
2024-10-27,378.22,381.73,377.79,378.22,10320
2024-10-28,381.65,383.36,379.93,382.93,11309
2024-10-29,384.22,392.62,384.22,388.51,20234
2024-10-30,394.51,394.51,384.22,385.08,23773
2024-11-05,390.22,390.22,382.16,384.22,13682
2024-11-06,388.42,388.51,381.82,385.93,15659
2024-11-10,385.93,396.14,384.48,392.8,50232
2024-11-11,394.6,400.6,392.97,395.37,55126
2024-11-12,394.51,398.8,390.22,390.22,30314
2024-11-13,391.94,392.8,386.96,391.08,19556
2024-11-14,396.74,397.08,388.59,392.37,32896
2024-11-17,398.71,399.57,392.37,392.37,54168
2024-11-19,394.51,394.51,385.93,385.93,62943
2024-11-20,385.08,395.28,380.87,393.57,49149
2024-11-21,394.51,397.6,388.51,390.22,52610
2024-11-24,389.37,394.51,385.08,385.16,30123
2024-11-25,380.79,390.05,380.79,383.36,21246
2024-11-26,390.99,390.99,384.22,386.79,26030
2024-11-27,386.79,392.8,383.53,392.8,37087
2024-11-28,388.59,409.09,388.59,394.51,118450
2024-12-01,393.48,403.95,389.37,403.09,123002
2024-12-02,405.83,408.66,391.08,392.37,92486
2024-12-03,397.94,398.63,388.51,389.54,31965
2024-12-04,397.26,397.26,385.08,385.08,51042
2024-12-05,390.14,390.14,381.73,382.5,44952
2024-12-08,382.5,385.42,372.21,377.36,49899
2024-12-09,374.87,381.65,370.07,373.07,31667
2024-12-10,374.01,379.67,373.93,373.93,20832
2024-12-11,377.36,380.45,371.44,380.45,19369
2024-12-12,384.65,384.65,374.79,376.5,28737
2024-12-16,373.07,376.42,368.87,369.04,17314
2024-12-17,366.21,369.21,362.01,367.07,37364
2024-12-18,368.78,373.07,363.72,363.72,18583
2024-12-19,363.64,366.98,360.21,360.21,46687
2024-12-22,357.63,358.49,343.05,343.91,62577
2024-12-23,344.85,347.34,342.2,343.05,45923
2024-12-24,343.91,354.2,338.77,349.06,48790
2024-12-26,343.05,351.54,343.05,345.63,19360
2024-12-29,344.77,347.26,338.85,340.05,29431
2024-12-31,338.77,339.02,331.05,333.62,30523
2025-01-01,334.48,342.2,334.48,339.62,19586
2025-01-02,339.62,339.79,331.05,338.42,19208
2025-01-05,335.33,341.34,334.91,337.82,25082
2025-01-06,337.82,344.6,332.76,343.05,33220
2025-01-07,343.05,343.05,339.62,339.62,15967
2025-01-08,339.62,345.63,338.77,344.77,39187
2025-01-09,347.34,347.34,338.77,340.48,29802
2025-01-12,341.34,343.05,336.19,336.54,15214
2025-01-13,330.45,336.96,330.27,333.62,36240
2025-01-15,339.62,339.62,332.76,333.62,11894
2025-01-16,334.48,336.19,331.39,331.39,16867
2025-01-19,331.22,334.48,325.9,327.62,38449
2025-01-20,329.33,331.65,325.13,326.5,23879
2025-01-21,330.19,330.19,324.79,326.76,52154
2025-01-22,326.76,337.91,325.04,331.05,39833
2025-01-23,333.62,336.19,326.07,330.19,64904
2025-01-26,330.19,336.19,325.9,332.16,25137
2025-01-27,330.19,336.19,327.62,331.05,51025
2025-01-28,334.39,342.2,331.9,341.34,61585
2025-02-02,341.34,354.2,341.34,351.63,61113
2025-02-03,353.34,355.06,343.14,347.34,51488
2025-02-04,347.34,352.92,343.91,346.48,38939
2025-02-05,346.48,351.63,344.08,346.05,25552
2025-02-06,346.05,347.34,342.2,343.05,39555
2025-02-09,343.91,347.34,340.74,341.34,27567
2025-02-10,340.48,343.05,338.34,339.19,20998
2025-02-11,343.05,345.97,338.94,340.05,19709
2025-02-12,341.34,343.83,338.77,338.77,32251
2025-02-13,343.05,343.05,337.22,337.91,22862
2025-02-16,343.05,343.05,336.19,339.62,42798
2025-02-17,343.05,343.05,337.99,340.65,40882
2025-02-18,344.68,345.63,340.57,342.37,52192
2025-02-20,343.14,343.48,339.62,339.62,33691
2025-02-23,334.48,341.25,333.62,338.77,48262
2025-02-24,338.77,341.34,337.05,337.91,56100
2025-02-25,335.33,340.48,335.33,338.77,30334
2025-02-27,345.54,350.77,340.48,346.48,63828
2025-03-02,348.2,356.78,347.51,355.92,57843
2025-03-03,360.12,365.69,355.92,356.6,65900
2025-03-04,356.0,361.06,353.34,355.06,54502
2025-03-05,359.35,362.09,345.63,349.83,80552
2025-03-06,349.83,356.6,348.2,355.92,47028
2025-03-09,356.0,356.0,349.14,351.54,42870
2025-03-10,352.49,354.2,349.06,353.09,50413
2025-03-11,355.92,366.21,348.2,353.43,123977
2025-03-12,358.49,359.95,352.49,353.86,30675
2025-03-16,351.54,351.63,346.48,347.17,39168
2025-03-17,347.34,349.06,343.14,343.31,31400
2025-03-18,350.17,350.17,342.2,342.97,20918
2025-03-19,343.05,343.05,338.77,341.34,23415
2025-03-20,341.25,346.48,339.62,342.56,34567
2025-03-23,336.62,339.62,333.62,334.37,31588
2025-03-24,330.19,338.77,329.33,337.08,22901
2025-03-25,335.33,335.33,325.9,326.32,50912
2025-03-26,325.9,334.48,325.9,332.73,13546
2025-03-27,327.62,338.77,327.62,338.34,15262
2025-03-30,341.34,344.77,338.34,339.66,32934
2025-04-01,339.62,339.62,335.42,336.83,19846
2025-04-02,340.48,340.48,334.65,337.14,15716
2025-04-03,337.22,340.48,337.14,338.83,21225
2025-04-07,342.2,342.2,336.19,336.57,25129
2025-04-08,332.16,334.48,331.9,334.01,17778
2025-04-09,330.19,340.57,330.19,338.72,22031
2025-04-10,334.48,341.17,334.48,338.83,29815
2025-04-13,342.2,342.2,338.08,339.5,19897
2025-04-15,342.2,344.94,339.79,340.01,22522
2025-04-16,342.88,344.77,342.2,343.7,25830
2025-04-17,343.91,353.17,341.34,351.38,32046
2025-04-20,355.83,355.83,345.8,347.66,23349
2025-04-21,342.2,350.77,342.2,350.03,21482
2025-04-22,353.34,353.34,343.22,344.99,21418
2025-04-23,339.62,343.05,338.77,339.97,17499
2025-04-24,336.28,340.39,336.28,339.78,12677
2025-04-27,340.48,341.34,335.68,336.38,18806
2025-04-28,336.62,338.77,334.13,334.52,22461
2025-04-29,329.76,335.33,329.76,332.94,60722
2025-04-30,335.33,335.33,331.82,332.88,13062
2025-05-04,337.91,337.91,332.85,334.49,18484
2025-05-05,335.42,337.91,332.76,333.7,11131
2025-05-06,330.45,335.25,330.36,332.52,18112
2025-05-07,330.62,343.05,330.62,340.39,37593
2025-05-08,341.34,348.11,337.05,340.39,22075
2025-05-11,337.91,343.05,336.28,341.61,14880
2025-05-13,343.91,354.29,334.48,340.51,46616
2025-05-14,342.97,350.77,339.71,344.19,80992
2025-05-15,346.23,346.48,337.91,341.97,27398
2025-05-18,345.54,345.54,337.91,337.99,24273
2025-05-19,332.85,343.83,331.9,337.84,53024
2025-05-20,335.76,347.34,334.48,346.49,29668
2025-05-21,353.26,360.21,343.05,343.13,28657
2025-05-22,343.05,347.34,343.05,343.29,23301
2025-05-25,337.91,345.63,337.91,343.67,28126
2025-05-26,349.91,351.63,341.34,341.36,42316
2025-05-27,338.77,344.17,335.42,342.56,26265
2025-05-28,340.48,343.83,338.77,341.52,24848
2025-06-02,348.28,348.28,337.91,340.69,48094
2025-06-03,341.34,343.91,339.62,340.13,46905
2025-06-04,336.36,340.48,336.36,337.22,25263
2025-06-05,337.22,338.77,336.19,337.02,17348
2025-06-08,337.91,339.19,335.51,338.1,30383
2025-06-09,338.77,342.11,337.05,340.47,21018
2025-06-10,340.48,343.91,337.99,339.3,38575
2025-06-11,341.34,341.34,337.56,337.74,28008
2025-06-12,341.34,342.2,336.28,336.55,23133
2025-06-15,335.51,338.77,334.56,336.54,28551
2025-06-16,336.19,338.77,335.33,336.02,36291
2025-06-17,337.91,338.77,334.73,335.71,16151
2025-06-18,335.33,336.19,333.88,335.15,29511
2025-06-19,334.05,335.33,332.16,334.4,22042
2025-06-22,336.19,336.62,331.9,332.01,24162
2025-06-23,331.9,349.06,329.33,332.08,26038
2025-06-24,336.19,336.62,332.76,333.34,23615
2025-06-25,330.19,334.48,330.19,332.45,21692
2025-06-26,328.56,334.39,328.56,331.85,19636
2025-06-29,335.33,342.37,329.42,333.15,22977
2025-06-30,338.77,338.77,332.76,335.27,12603
2025-07-01,334.48,347.34,334.48,338.37,25925
2025-07-02,338.34,343.05,338.34,342.12,22818
2025-07-03,341.34,351.63,341.34,348.58,59688
2025-07-06,348.63,349.23,343.4,345.04,35030
2025-07-07,343.48,348.11,343.05,344.89,33411
2025-07-08,344.77,345.63,340.14,344.14,16441
2025-07-09,346.48,347.34,343.05,346.58,34635
2025-07-10,347.34,353.34,343.22,350.78,74759
2025-07-13,357.72,361.06,354.37,358.93,100814
2025-07-14,355.06,358.92,348.37,349.17,70302
2025-07-15,355.83,355.83,348.28,352.19,68642
2025-07-16,350.09,369.98,350.09,367.38,149827
2025-07-17,370.5,384.99,368.78,379.8,193290
2025-07-20,380.79,392.97,374.79,377.56,303310
2025-07-21,378.22,398.8,370.07,390.76,442561
2025-07-22,398.54,419.38,395.28,406.06,343485
2025-07-23,405.66,411.49,394.51,402.55,200287
2025-07-24,408.83,408.83,392.8,402.79,187965
2025-07-27,398.8,411.15,391.08,397.58,285267
2025-07-28,394.51,415.95,393.83,411.4,524022
2025-07-29,419.38,427.1,407.38,413.07,185353
2025-07-30,414.24,414.24,396.23,398.8,146932
2025-07-31,399.66,399.74,386.96,388.55,144382
2025-08-03,381.73,392.62,375.81,379.24,148079
2025-08-04,381.65,393.65,374.19,381.9,154058
2025-08-05,382.5,387.56,370.5,371.64,105654
2025-08-06,371.36,377.36,364.49,370.49,81114
2025-08-07,377.36,377.87,370.5,374.23,53650
2025-08-11,379.07,379.07,361.92,363.88,106897
2025-08-12,361.92,378.22,361.92,363.88,56103
2025-08-13,368.78,368.78,363.64,364.49,31968
2025-08-14,365.35,370.41,361.92,363.33,31920
2025-08-17,370.07,385.42,368.87,369.72,94627
2025-08-18,373.07,375.64,364.49,370.34,53867
2025-08-19,375.56,375.64,370.5,371.42,43166
2025-08-20,374.44,374.44,367.07,367.29,42534
2025-08-21,367.07,368.01,365.35,365.47,30225
2025-08-24,367.15,370.5,361.92,363.22,65623
2025-08-25,364.49,366.9,361.15,364.78,39674
2025-08-26,368.78,368.78,364.75,366.88,14268
2025-08-27,372.13,378.99,370.24,377.08,74294
2025-08-28,378.22,382.5,370.58,371.63,119069
2025-08-31,373.07,373.07,364.67,365.4,26896
2025-09-01,364.49,371.27,361.92,366.69,63901
2025-09-02,369.64,373.07,366.21,370.03,28738
2025-09-03,371.36,373.93,367.07,370.81,74056
2025-09-04,368.78,374.61,364.58,368.27,53248
2025-09-07,367.15,373.76,367.15,369.18,28322
2025-09-08,368.87,372.98,362.78,365.75,56215
2025-09-18,358.49,358.49,338.77,338.77,1898
2025-09-21,338.77,367.07,338.77,362.44,52934
2025-09-23,360.21,374.79,360.21,371.36,28135
2025-09-24,370.93,376.84,365.35,366.21,30583
2025-09-25,365.35,370.5,364.58,366.21,33594
2025-09-28,368.78,371.36,367.07,369.64,13886
2025-10-07,367.07,368.78,362.01,363.64,28695
2025-10-08,361.06,364.49,354.12,357.72,48034
2025-10-09,364.84,378.22,357.72,360.12,39313
2025-10-12,353.86,358.49,347.34,351.54,85262
2025-10-13,348.2,358.49,348.2,358.49,24213
2025-10-14,356.78,360.21,352.49,355.83,31779
2025-10-15,357.63,362.69,347.34,351.63,24986
2025-10-16,351.63,355.92,344.6,345.63,50045
2025-10-19,346.48,349.91,343.05,347.26,27160
2025-10-26,340.48,346.83,340.48,346.48,31682
2025-10-28,346.48,358.49,344.77,355.15,35629
2025-10-29,359.95,363.89,355.92,355.92,44443
2025-10-30,362.44,362.44,353.34,356.78,46354
2025-11-02,363.46,364.49,354.29,356.0,66309
2025-11-03,362.69,362.69,356.95,357.63,71195
2025-11-04,357.64,366.27,353.64,356.45,37516
2025-11-05,351.91,356.36,350.0,351.82,21710
2025-11-06,354.55,356.36,344.82,351.36,31796
2025-11-09,358.36,358.36,347.45,348.18,20641
2025-11-10,350.0,350.82,342.73,346.27,21783
2025-11-11,349.91,350.0,339.09,341.82,37017
2025-11-12,345.45,345.45,336.36,339.09,24064
2025-11-13,340.0,340.82,334.55,336.36,26601
2025-11-16,335.45,338.18,334.55,337.27,22495
2025-11-17,337.27,340.0,334.0,337.18,38796
2025-11-18,340.0,344.0,336.36,340.91,36662
2025-11-19,343.64,345.45,338.27,340.0,16556
2025-11-20,338.45,340.0,334.55,339.45,27745
2025-11-23,341.82,347.27,338.55,346.36,21928
2025-11-24,348.18,353.27,348.18,353.27,53478
2025-11-25,352.73,354.55,349.18,351.82,16887
2025-11-26,348.64,353.64,348.64,353.18,16980
2025-11-27,350.55,354.55,350.0,351.73,22844
2025-11-30,352.73,357.18,346.91,350.0,24845
2025-12-01,349.09,350.82,346.45,347.27,6602
2025-12-02,350.0,352.73,345.45,346.36,22429
2025-12-03,346.36,346.36,343.91,346.18,20031
2025-12-07,348.18,348.18,342.55,343.64,18193
2025-12-08,341.18,345.45,341.09,342.73,8266
2025-12-09,340.91,345.45,340.82,341.82,12512
2025-12-10,341.18,345.45,341.0,341.82,7565
2025-12-11,345.36,345.36,341.82,343.55,19407
2025-12-14,343.64,343.73,341.0,342.82,20993
2025-12-15,343.64,343.73,340.18,343.64,19032
2025-12-16,347.27,349.09,343.64,343.64,19875
2025-12-17,343.91,349.91,343.91,347.27,17084
2025-12-18,345.45,347.27,344.0,346.09,9660
2025-12-21,340.73,345.45,340.73,342.45,27149
2025-12-22,340.18,344.45,339.82,341.73,18216
2025-12-23,345.45,345.45,340.55,342.73,7746
2025-12-24,340.45,343.64,339.82,340.0,21696
2025-12-28,343.64,347.27,341.91,347.27,20222
2025-12-29,350.64,352.64,347.27,347.82,41809
2025-12-31,341.0,354.0,341.0,352.73,26147
2026-01-01,350.0,350.64,346.91,348.18,10599
2026-01-04,348.18,348.18,343.0,344.55,13923
2026-01-05,342.45,350.91,342.45,350.91,21370
2026-01-06,350.91,355.09,350.55,354.55,40520
2026-01-07,351.0,356.36,350.82,352.73,24063
2026-01-08,350.91,355.0,350.0,354.82,29761
2026-01-12,358.64,358.64,354.73,356.36,17327
2026-01-13,359.09,359.09,352.73,357.09,10794
2026-01-14,358.45,363.64,354.64,355.45,25721
2026-01-18,355.45,365.36,355.45,365.0,72221
2026-01-20,368.0,374.55,363.64,370.0,56392
2026-01-21,373.64,373.64,362.64,363.64,31303
2026-01-22,363.64,366.82,360.0,366.36,31996
2026-01-25,368.18,373.64,368.18,372.73,49856
2026-01-26,373.55,377.27,368.18,369.18,53787
2026-01-27,369.18,370.82,359.09,363.64,41979
2026-01-28,370.91,370.91,360.0,361.82,29026
2026-01-29,361.82,365.45,359.09,360.0,30564
2026-02-01,360.27,364.09,359.18,360.91,24432
2026-02-02,361.0,363.64,360.0,361.82,27260
2026-02-03,361.82,366.27,361.64,361.64,23161
2026-02-04,367.27,367.27,360.91,360.91,25585
2026-02-05,359.09,365.45,359.09,364.36,34261
2026-02-08,367.64,367.64,360.18,360.91,39941
2026-02-09,360.91,363.55,359.18,359.18,29379
2026-02-10,358.18,363.64,349.09,359.82,29129
2026-02-11,365.45,365.45,354.55,360.82,32349
2026-02-12,361.0,364.55,360.0,362.45,30100
2026-02-16,362.73,365.45,361.82,362.64,26588
2026-02-17,362.82,363.64,356.55,356.82,65026
2026-02-22,356.45,360.91,356.45,356.64,26917
2026-02-23,356.45,363.0,356.36,360.45,20362
2026-02-24,360.91,364.55,360.0,360.91,12274
2026-02-25,361.82,364.36,359.09,364.27,13803
2026-02-26,363.64,371.45,359.09,366.27,19375
2026-03-01,361.82,377.27,359.0,370.0,40113
2026-03-03,369.82,377.27,365.45,370.91,34297
2026-03-09,378.27,385.82,378.27,385.82,210
2026-03-10,393.45,401.82,381.82,386.36,85091
2026-03-11,389.09,392.73,381.82,381.82,42801
2026-03-12,375.64,385.45,375.64,382.27,28334
2026-03-15,387.27,387.27,381.82,384.55,44709
2026-03-16,384.55,390.91,378.27,381.82,42285
2026-03-17,378.18,383.64,378.18,381.82,15380
2026-03-19,381.82,397.27,381.82,394.55,114243
2026-03-22,399.0,404.55,393.73,400.0,138959
2026-03-23,402.73,403.64,390.0,396.36,95441
2026-03-24,395.45,399.64,390.91,395.36,104468
2026-03-25,394.55,395.55,389.09,389.09,52224
2026-03-26,387.27,390.0,381.82,389.09,67997
2026-03-29,388.18,388.18,374.73,374.73,88443
2026-03-30,372.73,379.09,370.09,377.18,73623
2026-03-31,372.73,384.64,372.73,381.82,41097
2026-04-01,379.09,381.82,368.18,368.18,58345
2026-04-02,363.73,376.36,362.73,373.64,34839
2026-04-05,374.55,374.55,361.82,363.64,71901
2026-04-06,363.64,374.55,359.18,370.0,64023
2026-04-07,370.0,377.27,367.27,372.64,31839
2026-04-08,372.73,377.27,372.0,376.82,16529
2026-04-09,380.91,380.91,371.82,377.36,74639
2026-04-10,379.09,379.09,373.73,374.55,33216
2026-04-13,372.73,379.91,372.73,375.36,19322
2026-04-15,376.36,380.82,373.64,375.45,30791
2026-04-16,375.45,375.45,371.91,373.64,25039
2026-04-17,371.0,375.45,370.09,370.91,23763
2026-04-20,380.91,380.91,370.09,374.55,12392
2026-04-21,370.0,374.55,369.27,371.91,7178
2026-04-22,368.36,374.55,367.27,374.09,19412
2026-04-23,366.09,374.55,366.09,373.64,21328
2026-04-24,373.64,372.55,365.73,370.0,17232
2026-04-27,376.36,376.36,369.09,369.09,15574
2026-04-28,374.55,374.55,370.64,370.64,17994
2026-04-29,371.82,376.27,371.82,372.73,31046
2026-04-30,367.27,377.27,367.27,376.36,27568
2026-05-04,381.73,381.73,372.91,375.45,18835
2026-05-05,374.55,377.27,372.73,376.36,25502
2026-05-06,377.27,379.09,374.55,376.36,15521
2026-05-07,376.36,376.36,372.82,376.36,21976
2026-05-08,376.36,379.09,375.36,378.27,19853
2026-05-11,378.64,381.82,378.27,381.82,22597
2026-05-12,382.73,382.73,378.18,380.0,16765
2026-05-13,379.55,380.09,376.55,377.73,11245
2026-05-14,374.55,381.64,372.73,377.27,7424
2026-05-15,377.27,380.91,375.45,377.27,18626
2026-05-18,374.55,379.09,373.0,377.27,25830
2026-05-19,377.27,379.09,374.73,377.36,14250
2026-05-20,378.18,383.64,377.73,383.64,28953
2026-05-21,383.64,386.27,380.45,380.91,12941
2026-05-22,387.27,399.91,380.0,382.73,43518
2026-05-25,382.73,386.36,381.82,382.73,36985
2026-05-26,379.18,383.64,379.18,380.91,18498
2026-05-27,381.82,385.36,380.91,382.73,28276
2026-06-01,393.64,405.36,378.45,380.91,27973
2026-06-02,381.82,381.82,378.18,380.09,28700
2026-06-03,380.55,383.64,377.27,380.18,37860
2026-06-04,379.18,381.82,377.27,379.91,15097
2026-06-05,377.45,379.91,377.27,378.18,19964
2026-06-08,378.18,379.82,375.55,378.09,24559
2026-06-09,375.45,378.18,372.91,375.45,23044
2026-06-10,375.45,379.09,374.09,374.82,35051
2026-06-11,374.91,376.0,372.27,373.55,48433
2026-06-12,372.73,372.82,370.91,371.64,30347
2026-06-15,373.64,373.64,370.0,370.27,40925
2026-06-16,372.73,372.73,369.27,370.0,47276
2026-06-17,371.82,372.73,370.0,372.73,24163
2026-06-18,377.18,378.18,370.18,372.73,9470
2026-06-19,374.55,374.55,370.45,370.91,10468
2026-06-22,370.91,372.73,368.64,368.64,21243
2026-06-23,368.64,370.91,368.64,369.0,22385
2026-06-24,368.64,372.64,364.55,369.09,55111
2026-06-25,366.45,370.82,366.0,368.09,13822
2026-06-26,368.18,375.45,368.18,368.91,18698
2026-06-29,368.18,368.18,363.64,365.45,25970
2026-06-30,365.45,366.36,362.73,362.73,16329
2026-07-01,363.64,369.09,363.64,368.09,13064
2026-07-02,365.55,368.18,363.64,368.18,8510
2026-07-03,372.27,372.27,367.27,367.36,24226
2026-07-06,367.36,371.73,365.45,367.27,14528
2026-07-07,364.55,370.0,364.55,368.18,49746
2026-07-08,372.64,372.64,365.0,368.18,17879
2026-07-09,364.64,366.36,361.82,362.27,27617
2026-07-10,365.45,365.45,361.36,361.82,29466
2026-07-13,361.18,363.55,360.09,360.09,30805
2026-07-14,359.36,365.45,359.36,360.0,20111
2026-07-15,365.45,367.18,361.55,363.64,37105
2026-07-16,366.36,368.18,361.82,367.09,19856
2026-07-17,369.09,373.64,363.64,373.64,21076
2026-07-20,374.55,387.27,371.0,382.73,59719
2026-07-21,382.73,387.73,381.0,385.36,78160
2026-07-22,381.82,386.36,379.36,383.18,32780
2026-07-23,381.82,382.73,377.27,381.82,26242
2026-07-24,378.73,387.27,378.73,387.27,64896
2026-07-27,389.09,391.82,379.18,380.91,68856
2026-07-28,374.82,384.09,374.82,380.0,19611
2026-07-29,378.18,384.45,378.18,383.64,54582
2026-07-30,381.82,386.36,379.64,380.91,11431
2026-07-31,375.0,382.55,375.0,381.82,13519
2026-08-03,382.73,382.73,378.27,380.91,15862
2026-08-04,377.64,379.91,377.36,379.55,32439
2026-08-05,375.09,379.91,375.09,377.27,52157
2026-08-06,380.27,386.36,379.45,382.73,85460
2026-08-07,381.0,383.64,380.0,380.91,23774
2026-08-10,380.0,382.73,380.0,380.55,21748
2026-08-11,382.64,383.18,380.18,380.91,21129
2026-08-12,381.82,382.73,380.91,381.36,24874
2026-08-13,376.36,387.27,376.36,385.73,18886
2026-08-14,385.55,388.18,382.82,385.18,42406
2026-08-17,385.27,386.36,381.0,384.55,95705
2026-08-18,386.18,386.27,381.91,385.91,46867
2026-08-19,381.82,387.0,381.82,384.55,27929
2026-08-20,382.27,385.36,382.27,385.0,43022
2026-08-21,384.55,385.0,382.55,383.45,33850
2026-08-24,381.82,383.64,381.82,381.91,31899
2026-08-25,382.73,385.45,381.82,383.64,28406
2026-08-26,383.36,383.64,381.09,382.45,13281
2026-08-27,380.0,383.64,372.73,383.64,24151
2026-08-31,383.64,386.36,381.27,381.91,13793
2026-09-01,380.45,384.18,380.45,382.73,34024
2026-09-02,381.82,387.36,381.82,387.27,63766
2026-09-03,390.91,396.64,386.55,396.64,199020
2026-09-07,407.82,408.18,402.09,406.36,401185
2026-09-09,406.36,408.82,403.64,403.64,191215
2026-09-10,403.73,404.36,400.0,400.55,182771
2026-09-11,400.0,404.36,399.09,402.73,111320
2026-09-14,402.73,407.27,402.73,405.45,195789
2026-09-15,416.36,418.18,408.18,413.64,298241
2026-09-16,415.45,415.45,409.27,412.09,165462
2026-09-17,415.45,415.45,411.27,411.82,145127
2026-09-18,413.55,414.55,411.27,413.64,109008
2026-09-22,415.0,418.09,415.0,415.73,124504
2026-09-23,418.18,418.18,409.36,410.0,162972
2026-09-24,411.82,414.55,408.18,412.73,146930
2026-09-28,413.64,417.18,413.64,415.45,118953
2026-09-29,417.27,417.27,412.45,414.55,329765
2026-09-30,415.0,415.0,405.0,406.6,121599
2026-10-01,409.0,409.0,400.8,402.6,73487
2026-10-02,403.0,403.0,398.8,400.0,79603
2026-10-05,400.0,400.8,398.0,399.0,67117
