timestamp,open,high,low,close,volume
2012-09-09,122.06,41.56,38.71,41.56,50
2012-09-10,41.56,45.59,42.27,45.59,254
2012-09-11,45.59,50.11,46.31,50.11,376
2012-09-12,50.11,55.09,51.06,55.09,1131
2012-09-13,55.09,60.55,56.04,60.55,27430
2012-09-16,60.55,61.74,57.71,61.74,9406
2012-09-17,61.74,64.12,60.08,64.12,6296
2012-09-18,64.12,65.78,61.74,65.3,8686
2012-09-19,65.3,64.35,61.98,64.12,4336
2012-09-20,64.12,63.4,61.74,61.74,11416
2012-09-23,61.74,60.55,58.18,58.65,5384
2012-09-24,58.65,59.37,58.18,58.89,9768
2012-09-25,58.89,59.13,57.94,58.89,4830
2012-09-26,58.89,59.13,57.94,58.65,7227
2012-09-27,58.65,59.13,56.99,58.18,4600
2012-09-30,58.18,58.65,56.52,57.94,7236
2012-10-01,57.94,58.18,56.99,57.71,5064
2012-10-02,57.71,58.89,57.47,58.89,2854
2012-10-03,58.89,59.6,57.94,58.89,3424
2012-10-04,58.89,59.37,57.94,59.37,3162
2012-10-07,59.37,60.55,58.89,59.84,6485
2012-10-08,59.84,60.08,58.18,59.84,7223
2012-10-09,59.84,60.79,59.37,60.79,3945
2012-10-10,60.79,60.79,59.6,60.08,1964
2012-10-11,60.08,59.84,59.37,59.6,3846
2012-10-14,59.6,60.32,59.6,60.32,1029
2012-10-15,60.32,60.32,59.13,59.84,1589
2012-10-17,59.84,61.74,58.65,61.74,2975
2012-10-18,61.74,63.17,61.74,63.17,3263
2012-10-30,63.17,65.3,62.45,64.12,2478
2012-10-31,64.12,67.68,65.3,66.02,4291
2012-11-01,66.02,68.15,63.88,68.15,2017
2012-11-04,68.15,71.48,65.3,70.29,16234
2012-11-05,70.29,72.9,67.2,70.53,12136
2012-11-06,70.53,72.19,68.39,72.19,4876
2012-11-07,72.19,73.62,71.24,73.62,8988
2012-11-08,73.62,78.36,72.67,73.14,9282
2012-11-11,73.14,76.94,68.63,69.58,9640
2012-11-12,69.58,74.8,69.58,74.33,3044
2012-11-18,74.33,77.41,73.62,75.52,2200
2012-11-20,75.52,79.55,75.04,79.08,7312
2012-11-21,79.08,81.69,76.23,81.45,10747
2012-11-22,81.45,81.69,78.36,81.21,9816
2012-11-25,81.21,87.86,81.45,83.59,13675
2012-11-26,83.59,85.25,79.31,85.25,130815
2012-11-27,85.25,87.63,81.93,86.91,15772
2012-11-28,86.91,91.43,87.39,90.24,17520
2012-11-29,90.24,93.8,88.58,90.24,12950
2012-12-02,90.24,90.24,86.91,87.86,9600
2012-12-03,87.86,87.86,84.3,86.44,5403
2012-12-04,86.44,90.71,87.39,90.24,11242
2012-12-05,90.24,94.99,90.0,94.99,14715
2012-12-06,94.99,95.94,91.43,95.94,29266
2012-12-09,95.94,94.51,90.95,91.9,12055
2012-12-10,91.9,93.33,91.19,92.38,9827
2012-12-11,92.38,93.09,92.14,92.61,12681
2012-12-13,92.61,94.28,93.33,93.8,8951
2012-12-16,93.8,102.11,94.04,101.87,27653
2012-12-17,101.87,106.15,102.11,104.01,36008
2012-12-18,104.01,103.54,98.55,103.54,13364
2012-12-19,103.54,104.49,102.35,104.01,6949
2012-12-20,104.01,104.01,100.92,100.92,8162
2012-12-23,100.92,102.82,99.74,100.69,13684
2012-12-24,100.69,105.2,100.69,104.25,15165
2012-12-26,104.25,106.86,99.74,106.62,55877
2012-12-27,106.62,105.67,102.11,102.82,38430
2012-12-31,105.91,104.2,100.53,104.2,5621
2013-01-01,104.2,102.24,100.28,100.53,1508
2013-01-02,100.53,102.24,96.86,100.53,6761
2013-01-03,100.53,102.73,100.77,101.51,8071
2013-01-06,101.51,101.26,99.06,100.28,6373
2013-01-07,100.28,99.55,98.33,98.82,4396
2013-01-08,98.82,99.55,97.1,98.33,2702
2013-01-09,98.33,98.08,97.1,97.59,2169
2013-01-10,97.59,100.28,96.61,100.28,5251
2013-01-13,100.28,98.82,96.37,97.84,7622
2013-01-15,97.84,104.44,97.1,104.2,7416
2013-01-16,104.2,103.95,100.28,101.02,3443
2013-01-17,101.02,102.48,97.84,99.3,6009
2013-01-20,99.3,97.84,93.43,96.86,8069
2013-01-21,96.86,100.53,95.88,98.33,6102
2013-01-22,98.33,101.26,98.08,99.55,17050
2013-01-23,99.55,101.02,97.84,99.3,19911
2013-01-24,99.3,99.06,97.84,97.84,8814
2013-01-27,97.84,102.73,98.82,99.79,15069
2013-01-28,99.79,100.28,98.33,100.28,8533
2013-01-30,100.28,99.55,97.84,99.06,10470
2013-01-31,99.06,99.06,97.84,99.06,4602
2013-02-03,99.06,102.24,99.79,101.26,7579
2013-02-04,101.26,103.71,100.04,103.71,6088
2013-02-05,103.71,102.97,101.02,101.75,2858
2013-02-06,101.75,102.0,100.28,102.0,2049
2013-02-07,102.0,101.75,100.28,101.75,5440
2013-02-10,101.75,101.51,100.04,101.51,8687
2013-02-12,101.51,107.13,101.51,107.13,19909
2013-02-13,107.13,107.13,102.24,107.13,9073
2013-02-14,107.13,109.58,105.18,107.87,18055
2013-02-17,107.87,118.63,109.82,118.38,1848
2013-02-19,118.38,130.12,114.71,114.96,28140
2013-02-20,114.96,114.47,108.6,113.74,18130
2013-02-21,113.74,118.63,110.07,114.47,13474
2013-02-24,114.47,114.23,111.78,112.51,12103
2013-02-25,112.51,118.63,113.98,118.38,21953
2013-02-26,118.38,120.58,117.4,118.87,16756
2013-02-27,118.87,119.85,116.18,118.38,27729
2013-02-28,118.38,119.85,117.16,119.36,22055
2013-03-03,119.36,122.3,119.36,122.05,16091
2013-03-04,122.05,122.54,117.89,117.89,27727
2013-03-05,117.89,122.3,119.85,120.1,12422
2013-03-06,120.1,122.54,118.38,122.05,12909
2013-03-07,122.05,122.3,116.18,121.07,7774
2013-03-11,121.07,124.25,121.32,122.3,8775
2013-03-13,122.3,126.45,123.03,126.45,11206
2013-03-14,126.45,136.24,125.97,129.63,19147
2013-03-17,129.63,131.1,125.23,128.17,16582
2013-03-18,128.17,130.61,124.99,128.66,16018
2013-03-19,128.66,130.37,124.99,127.43,13086
2013-03-20,127.43,128.66,124.74,125.72,16270
2013-03-21,125.72,125.72,122.3,123.76,13949
2013-03-24,123.76,123.52,121.56,122.3,8985
2013-03-25,122.3,124.25,120.34,123.28,10422
2013-03-27,123.28,122.54,121.56,122.05,5051
2013-03-28,122.05,122.3,120.1,121.81,6050
2013-03-31,121.81,120.34,117.4,117.89,12315
2013-04-01,117.89,122.79,115.69,122.79,16704
2013-04-02,122.79,124.74,119.85,124.01,8638
2013-04-03,124.01,123.76,121.56,122.3,5659
2013-04-04,122.3,122.54,118.14,121.56,4475
2013-04-07,121.56,122.54,120.58,122.05,4584
2013-04-08,122.05,123.03,121.32,122.79,9152
2013-04-09,122.79,126.21,121.07,126.21,9482
2013-04-11,126.21,128.41,124.74,125.48,10235
2013-04-15,125.48,128.66,125.97,125.97,10538
2013-04-16,125.97,127.19,124.01,127.19,4194
2013-04-17,127.19,126.94,124.74,126.45,9228
2013-04-18,126.45,125.48,123.76,124.25,8169
2013-04-21,124.25,126.7,119.85,121.07,15641
2013-04-22,121.07,120.58,116.18,120.58,10553
2013-04-23,120.58,123.52,120.58,121.32,9788
2013-04-25,121.32,123.28,118.87,119.36,2497
2013-04-28,119.36,120.58,117.16,117.4,9870
2013-04-29,117.4,119.85,117.16,118.87,5471
2013-04-30,118.87,118.14,117.16,117.65,6953
2013-05-02,117.65,119.61,114.23,118.63,3369
2013-05-05,118.63,116.92,106.64,113.74,5675
2013-05-06,113.74,111.53,102.48,106.4,9322
2013-05-07,106.4,113.0,105.42,111.29,17062
2013-05-08,111.29,113.49,108.35,108.6,4781
2013-05-09,108.6,110.56,107.62,109.09,2146
2013-05-12,109.09,109.58,106.4,109.58,1421
2013-05-13,109.58,109.33,103.95,109.33,9340
2013-05-14,109.33,108.11,104.2,105.66,36011
2013-08-05,105.66,116.18,107.62,116.18,288
2013-08-06,116.18,125.72,116.18,123.52,51758
2013-08-07,123.52,124.25,118.87,119.61,21531
2013-08-08,119.61,119.85,115.2,116.18,9980
2013-08-11,116.18,116.18,110.31,112.27,7270
2013-08-12,112.27,113.49,110.07,110.31,8484
2013-08-13,110.31,111.29,109.33,109.82,7911
2013-08-14,109.82,109.82,107.87,108.6,7899
2013-08-15,108.6,110.31,103.95,105.18,7007
2013-08-18,105.18,109.33,103.22,107.87,23584
2013-08-19,107.87,110.31,105.66,108.35,11651
2013-08-20,108.35,109.58,106.89,109.58,15091
2013-08-25,109.58,108.84,105.66,106.4,3871
2013-08-26,106.4,106.4,104.44,104.69,4468
2013-08-27,104.69,108.84,102.97,103.95,37090
2013-08-29,103.95,106.4,103.22,104.93,5418
2013-09-01,104.93,106.4,104.69,105.91,3549
2013-09-02,105.91,105.91,103.46,105.18,6230
2013-09-03,105.18,106.15,104.69,105.42,5877
2013-09-04,105.42,105.18,103.71,105.18,6439
2013-09-05,105.18,104.44,102.97,103.22,6760
2013-09-08,103.22,104.44,103.46,103.46,4047
2013-09-09,103.46,106.4,103.95,105.18,5365
2013-09-10,105.18,103.95,102.73,102.73,6261
2013-09-11,102.73,104.93,101.51,102.73,6957
2013-09-12,102.73,104.44,102.48,102.97,7907
2013-09-15,102.97,103.46,99.06,100.04,4223
2013-09-16,100.04,100.28,98.08,99.55,5013
2013-09-17,99.55,99.55,97.35,97.35,8215
2013-09-19,97.35,103.95,96.86,102.73,5539
2013-09-22,102.73,100.77,97.84,98.82,6710
2013-09-23,98.82,100.53,97.59,99.3,6332
2013-09-24,99.3,100.28,97.84,98.33,4881
2013-09-25,98.33,99.55,96.61,98.08,5858
2013-09-26,98.08,99.06,97.84,97.84,4898
2013-09-29,97.84,98.08,96.61,97.84,2314
2013-09-30,97.84,97.84,95.64,97.1,4273
2013-10-01,97.1,98.08,96.13,97.84,2062
2013-10-02,97.84,97.84,95.88,97.35,2553
2013-10-03,97.35,97.59,96.13,97.59,2521
2013-10-06,97.59,98.08,96.61,97.84,1414
2013-10-07,97.84,102.97,95.88,102.97,891
2013-10-08,102.97,104.93,101.02,101.51,1250
2013-10-09,101.51,104.44,100.53,104.44,1960
2013-10-10,104.44,106.4,102.0,104.69,8225
2013-10-17,104.69,107.38,103.46,105.42,8357
2013-10-20,105.42,109.82,107.13,109.09,9550
2013-10-21,109.09,112.02,108.11,111.29,13555
2013-10-22,111.29,112.51,110.56,112.51,20608
2013-10-23,112.51,113.25,110.07,112.76,9894
2013-10-24,112.76,111.53,108.84,110.07,50950
2013-10-27,110.07,112.02,109.09,110.07,5304
2013-10-28,110.07,110.31,107.87,109.33,11688
2013-10-29,109.33,110.31,109.09,109.58,3152
2013-10-30,109.58,112.51,107.87,110.31,11836
2013-10-31,110.31,115.69,110.07,111.78,28479
2013-11-06,111.78,111.29,107.62,107.62,6436
2013-11-07,107.62,111.53,106.4,108.6,39373
2013-11-10,108.6,110.31,104.2,105.18,40465
2014-04-30,120.95,132.77,123.2,132.77,60
2014-05-04,132.77,145.99,135.3,145.99,1764
2014-05-05,145.99,160.33,148.8,160.33,218
2014-05-06,160.33,176.36,163.43,176.36,50
2014-05-07,176.36,193.8,179.74,186.49,197509
2014-05-08,186.49,187.05,176.36,181.43,104940
2014-05-11,181.43,179.46,174.4,175.8,41683
2014-05-12,175.8,176.93,171.58,174.11,40640
2014-05-13,174.11,175.8,171.02,173.27,17262
2014-05-15,173.27,175.8,171.58,171.58,25482
2014-05-18,171.58,171.58,165.68,165.68,22032
2014-05-19,165.68,170.18,162.58,169.05,30995
2014-05-20,169.05,165.96,162.58,165.96,29084
2014-05-21,165.96,167.36,163.43,164.55,14410
2014-05-22,164.55,167.08,164.55,165.11,20332
2014-05-25,165.11,166.52,163.14,163.71,12745
2014-05-26,163.71,163.43,160.89,162.86,19047
2014-05-27,162.86,163.14,160.33,160.33,15008
2014-05-28,160.33,163.14,160.61,163.14,14169
2014-06-01,163.14,163.43,158.92,160.89,13389
2014-06-02,160.89,163.14,157.52,163.14,16791
2014-06-03,163.14,163.71,158.92,163.14,19076
2014-06-04,163.14,163.14,160.33,160.89,10534
2014-06-05,160.89,161.17,157.52,160.33,9662
2014-06-08,160.33,160.61,157.52,159.49,11598
2014-06-09,159.49,160.61,158.08,158.64,16273
2014-06-10,158.64,164.27,157.52,161.46,22977
2014-06-11,161.46,168.77,161.46,163.43,27734
2014-06-12,163.43,169.89,163.14,169.89,22052
2014-06-15,169.89,171.58,165.68,168.77,35809
2014-06-16,168.77,177.21,167.64,176.36,72512
2014-06-17,176.36,177.21,168.77,177.21,34640
2014-06-18,177.21,174.11,171.3,171.58,39012
2014-06-19,171.58,173.27,168.77,168.77,25323
2014-06-23,168.77,170.18,165.96,169.05,10971
2014-06-24,169.05,169.33,162.58,166.52,7077
2014-06-25,166.52,171.58,165.96,169.61,15869
2014-06-26,169.61,169.33,167.36,167.36,8354
2014-06-29,167.36,169.89,166.52,169.61,11877
2014-06-30,169.61,168.77,164.83,165.11,15675
2014-07-01,165.11,168.21,165.11,166.8,22138
2014-07-02,166.8,168.77,166.52,168.77,20996
2014-07-03,168.77,168.77,165.96,167.93,15916
2014-07-06,167.93,168.77,166.24,167.93,17273
2014-07-07,167.93,171.58,161.74,169.33,23521
2014-07-08,169.33,177.49,168.77,177.49,24142
2014-07-09,177.49,178.61,173.55,176.93,17086
2014-07-10,176.93,182.83,173.83,182.83,59074
2014-07-13,182.83,194.08,180.02,189.3,64168
2014-07-14,189.3,189.87,180.3,182.83,28981
2014-07-15,182.83,190.15,181.43,188.46,36777
2014-07-16,188.46,195.49,186.49,195.49,41977
2014-07-17,195.49,196.34,190.43,194.08,32711
2014-07-20,194.08,209.84,196.34,209.84,51458
2014-07-21,209.84,215.18,201.12,205.9,44917
2014-07-22,205.9,209.84,199.43,203.93,25032
2014-07-23,203.93,211.81,202.52,211.81,25718
2014-07-24,211.81,210.96,202.52,203.93,18391
2014-07-27,203.93,205.34,197.74,200.55,22868
2014-07-28,200.55,198.87,194.37,198.02,13243
2014-07-30,198.02,198.87,196.34,196.9,39473
2014-07-31,196.9,198.02,194.37,198.02,31721
2014-08-03,198.02,209.56,199.71,203.65,52192
2014-08-04,203.65,203.65,196.34,201.12,24276
2014-08-05,201.12,204.49,198.3,199.99,26129
2014-08-06,199.99,201.96,196.62,196.9,21742
2014-08-07,196.9,197.74,194.65,196.9,21252
2014-08-12,196.9,198.3,191.55,193.24,24040
2014-08-13,193.24,197.46,186.49,197.46,16606
2014-08-14,197.46,196.05,190.71,192.96,20149
2014-08-18,192.96,194.08,187.33,188.46,25605
2014-08-19,188.46,195.49,188.46,192.4,19496
2014-08-20,192.4,191.83,185.65,185.65,44578
2014-08-21,185.65,192.68,179.18,188.18,40323
2014-08-24,188.18,190.43,186.21,187.05,18183
2014-08-25,187.05,187.05,178.61,180.02,20014
2014-08-26,180.02,189.87,174.4,177.21,21490
2014-08-27,177.21,189.58,180.58,188.46,22249
2014-08-28,188.46,193.8,181.99,191.27,23970
2014-08-31,191.27,190.99,181.99,182.83,22921
2014-09-01,182.83,188.18,175.24,188.18,16832
2014-09-03,188.18,188.46,181.15,184.52,16033
2014-09-04,184.52,184.8,171.58,181.99,22469
2014-09-07,181.99,193.52,180.3,180.86,105674
2014-09-09,180.86,196.34,182.83,196.34,94226
2014-09-10,196.34,200.27,185.93,190.71,63006
2014-09-11,190.71,190.99,183.68,190.99,34004
2014-09-14,190.99,189.87,183.96,188.46,37024
2014-09-15,188.46,191.27,187.62,188.46,30300
2014-09-16,188.46,190.99,187.62,189.02,30056
2014-09-17,189.02,193.52,187.05,187.05,33367
2014-09-18,187.05,188.46,186.77,187.9,1446
2014-09-21,183.4,185.65,178.9,179.74,43603
2014-09-22,179.74,183.11,178.9,180.02,35309
2014-09-23,180.02,185.08,180.3,183.4,40712
2014-09-24,183.4,187.9,180.3,185.65,70467
2014-09-28,185.49,185.49,176.98,182.77,7706
2014-09-29,182.77,187.53,178.68,185.49,5979
2014-09-30,185.49,190.6,185.15,185.49,2783
2014-10-08,185.49,183.79,179.02,183.11,560
2014-10-09,183.11,183.79,181.75,181.75,1218
2014-10-12,181.75,188.9,181.07,188.9,3501
2014-10-13,188.9,188.9,182.77,188.9,6105
2014-10-14,188.9,187.19,183.79,184.47,3861
2014-10-15,184.47,191.28,181.41,185.49,8277
2014-10-16,185.49,188.9,182.09,182.09,7397
2014-10-19,182.09,182.77,178.68,179.71,3321
2014-10-20,179.71,185.49,179.71,182.43,2474
2014-10-21,182.43,184.47,179.02,182.77,7501
2014-10-22,182.77,183.79,181.75,181.75,1276
2014-10-26,181.75,183.79,178.34,179.02,3968
2014-10-27,179.02,182.09,179.71,181.41,6826
2014-10-28,181.41,180.39,179.37,179.37,1255
2014-10-30,179.37,182.09,176.98,176.98,8011
2014-11-02,176.98,178.68,172.22,174.6,12460
2014-11-03,174.6,173.92,168.47,170.18,13118
2014-11-04,170.18,171.54,165.07,171.54,14816
2014-11-05,171.54,173.58,168.81,173.58,5470
2014-11-06,173.58,176.98,170.86,174.94,6993
2014-11-09,174.94,173.24,167.11,171.88,6393
2014-11-10,171.88,178.0,164.39,178.0,2540
2014-11-11,178.0,184.81,181.41,184.81,20
2014-11-12,184.81,182.09,170.18,171.88,9585
2014-11-13,171.88,173.24,168.47,170.18,10138
2014-11-16,170.18,171.54,166.77,170.18,11463
2014-11-17,170.18,169.84,161.67,162.35,7705
2014-11-18,162.35,165.75,151.46,159.97,10648
2014-11-19,159.97,168.47,158.6,168.47,2778
2014-11-20,168.47,170.18,165.07,167.11,6181
2014-11-23,167.11,173.58,164.39,165.07,6266
2014-11-24,165.07,168.13,163.71,168.13,3005
2014-11-25,168.13,169.5,163.71,169.5,684
2014-11-30,169.5,167.45,165.07,167.45,1212
2014-12-01,167.45,170.18,163.37,163.37,4166
2014-12-02,163.37,163.03,155.88,159.97,9726
2014-12-03,159.97,168.81,159.97,168.81,4364
2014-12-04,168.81,170.18,163.37,165.41,7063
2014-12-07,165.41,165.75,161.67,164.73,11269
2014-12-08,164.73,165.75,164.05,164.05,1021
2014-12-09,164.05,166.43,164.05,164.73,1943
2014-12-10,164.73,169.15,163.37,165.41,5518
2014-12-11,165.41,169.84,164.39,166.77,7395
2014-12-14,166.77,178.68,169.84,177.66,5620
2014-12-15,177.66,180.39,170.86,175.28,16257
2014-12-16,175.28,178.0,170.52,175.62,10815
2014-12-17,175.62,174.94,171.54,174.94,5514
2014-12-18,174.94,174.94,166.77,170.86,6568
2014-12-21,170.86,169.15,163.37,166.09,8596
2014-12-22,166.09,170.18,165.75,166.77,4161
2014-12-23,166.77,167.79,165.07,167.11,1850
2014-12-24,167.11,168.47,164.73,166.77,8760
2014-12-28,166.77,171.54,168.47,170.18,11708
2014-12-29,170.18,173.58,165.41,168.81,3128
2014-12-31,168.81,169.5,167.11,168.47,10905
2015-01-01,168.47,171.54,168.47,169.15,7761
2015-01-04,169.15,172.9,169.15,170.86,7802
2015-01-05,170.86,174.6,166.77,170.86,5955
2015-01-06,170.86,171.88,165.75,171.2,7248
2015-01-07,171.2,171.88,168.47,170.52,20370
2015-01-08,170.52,173.58,170.18,171.2,16983
2015-01-11,171.2,171.88,168.81,171.54,4963
2015-01-12,171.54,172.9,168.47,170.18,21360
2015-01-13,170.18,171.88,168.47,170.86,15758
2015-01-14,170.86,170.86,169.5,170.18,5095
2015-01-18,170.18,173.58,169.15,170.18,9354
2015-01-19,170.18,182.09,170.18,173.24,30173
2015-01-20,173.24,174.94,166.77,170.18,13284
2015-01-22,170.18,170.18,166.77,167.79,7305
2015-01-25,167.79,170.52,167.11,169.5,13076
2015-01-26,169.5,171.2,168.47,170.18,35514
2015-01-27,170.18,170.86,167.79,168.81,13474
2015-01-28,168.81,171.88,169.15,171.2,18808
2015-01-29,171.2,172.56,166.77,170.18,17228
2015-02-01,170.18,170.52,168.47,169.5,23441
2015-02-02,169.5,170.18,166.77,168.47,25922
2015-02-03,168.47,168.13,163.37,165.07,13774
2015-02-04,165.07,168.13,164.39,168.13,15337
2015-02-05,168.13,170.18,163.37,170.18,20051
2015-02-08,170.18,168.47,163.71,164.73,20002
2015-02-09,164.73,167.11,161.67,167.11,28340
2015-02-10,167.11,165.07,162.01,165.07,5106
2015-02-11,165.07,165.07,160.65,164.05,8931
2015-02-12,164.05,166.09,160.99,165.41,8991
2015-02-15,165.41,165.41,161.67,161.67,5215
2015-02-16,161.67,163.03,159.28,159.97,12363
2015-02-19,159.97,163.03,159.97,160.99,7061
2015-02-22,160.99,159.97,156.9,158.6,10020
2015-02-23,158.6,158.26,154.18,157.92,8959
2015-02-24,157.92,158.26,154.86,156.56,14515
2015-02-25,156.56,157.24,153.16,155.88,10498
2015-02-26,155.88,157.58,154.86,156.56,849
2015-03-01,156.9,159.62,156.56,159.62,4817
2015-03-02,159.62,163.37,159.62,163.37,9692
2015-03-03,163.37,165.07,157.58,161.33,16423
2015-03-04,161.33,164.05,159.28,159.97,12949
2015-03-09,159.97,163.37,159.97,161.33,8266
2015-03-10,161.33,160.99,156.56,159.62,11029
2015-03-11,159.62,161.67,157.58,158.94,11719
2015-03-12,158.94,159.97,156.56,158.26,8955
2015-03-15,158.26,156.9,154.86,156.9,3973
2015-03-16,156.9,157.92,153.84,154.86,8293
2015-03-17,154.86,159.62,153.16,155.88,3455
2015-03-18,155.88,159.97,153.16,159.97,14711
2015-03-19,159.97,162.69,156.56,156.56,5779
2015-03-22,156.56,159.97,154.86,157.58,7310
2015-03-23,157.58,159.97,153.16,154.18,26291
2015-03-24,154.18,157.24,152.48,154.86,8192
2015-03-25,154.86,156.22,151.8,152.48,5948
2015-03-26,152.48,154.86,150.44,154.86,4949
2015-03-29,154.86,157.92,149.75,153.16,5476
2015-03-30,153.16,153.16,151.46,152.82,17961
2015-03-31,152.82,158.26,151.46,158.26,6396
2015-04-01,158.26,161.33,151.46,154.18,13786
2015-04-02,154.18,154.86,151.46,153.16,21985
2015-04-05,153.16,159.28,150.78,156.22,13064
2015-04-06,156.22,162.69,150.1,154.86,8379
2015-04-07,154.86,154.86,150.78,151.8,14355
2015-04-08,151.8,157.92,151.46,157.58,16072
2015-04-09,157.58,157.58,151.46,153.16,9758
2015-04-12,153.16,154.18,150.78,152.48,19555
2015-04-13,152.48,153.16,150.78,151.46,13516
2015-04-15,151.46,151.8,148.39,150.78,20277
2015-04-16,150.78,151.12,148.73,150.78,24294
2015-04-19,150.78,156.22,149.75,154.86,1152
2015-04-20,154.86,155.2,153.16,154.86,6277
2015-04-21,154.86,159.62,155.54,156.56,1757
2015-04-22,156.56,156.56,156.56,156.56,48
2015-04-23,157.92,156.56,156.56,156.56,166
2015-05-25,156.56,153.5,140.91,140.91,60
2015-05-26,140.91,138.18,131.04,132.74,3954
2015-05-27,132.74,134.78,130.35,132.74,3718
2015-05-28,132.74,137.5,135.12,136.82,2672
2015-05-31,136.82,146.01,139.54,145.67,5959
2015-06-01,145.67,152.48,146.69,149.07,7308
2015-06-02,149.07,150.44,146.35,150.44,2529
2015-06-03,150.44,156.9,151.46,153.16,6143
2015-06-04,153.16,156.56,150.44,150.44,5385
2015-06-07,150.44,153.5,150.44,153.16,2598
2015-06-08,153.16,156.22,153.16,155.2,4898
2015-06-09,155.2,170.52,158.26,164.73,24642
2015-06-10,164.73,166.77,163.37,164.73,5732
2015-06-11,164.73,162.01,158.94,158.94,3718
2015-06-15,158.94,161.33,157.92,158.94,2729
2015-06-16,159.28,163.03,154.86,154.86,5024
2015-06-17,154.86,157.58,154.52,156.56,13343
2015-06-18,156.56,159.28,153.84,158.94,1027
2015-06-21,158.94,158.26,151.8,151.8,8099
2015-06-22,151.8,156.56,151.8,153.16,2235
2015-06-23,152.48,159.28,152.14,159.28,1289
2015-06-24,156.22,156.22,147.37,151.46,76408
2015-06-25,153.16,154.18,150.78,150.78,4746
2015-06-28,151.12,151.46,149.75,150.1,8797
2015-06-29,152.82,154.86,149.75,152.48,10424
2015-06-30,150.78,155.2,147.03,155.2,16390
2015-07-01,152.48,155.2,149.07,149.75,19903
2015-07-02,149.41,150.1,148.39,148.39,6162
2015-07-05,148.05,148.73,147.71,148.39,8659
2015-07-06,146.69,148.73,146.69,148.73,11773
2015-07-07,147.03,149.75,147.03,149.07,9442
2015-07-08,151.46,151.46,148.39,149.75,9307
2015-07-09,151.46,151.46,149.07,149.75,5808
2015-07-12,149.75,149.75,148.05,148.05,8085
2015-07-13,150.78,150.78,146.69,149.75,13996
2015-07-14,148.39,151.46,148.39,149.07,3340
2015-07-15,149.75,150.44,148.05,149.75,24086
2015-07-16,149.75,163.03,148.05,163.03,12248
2015-07-22,159.97,159.97,152.82,153.16,27593
2015-07-23,153.16,161.33,152.48,161.33,15554
2015-07-26,161.33,177.32,164.39,173.92,84590
2015-07-27,173.92,187.53,166.77,169.15,115157
2015-07-28,169.15,170.18,161.67,163.37,20361
2015-07-29,163.37,163.37,160.65,162.69,15536
2015-07-30,162.69,169.84,161.67,163.71,7578
2015-08-02,163.71,165.75,165.07,165.07,2594
2015-08-03,165.07,166.77,162.35,162.35,17454
2015-08-04,162.35,163.37,162.35,162.35,7876
2015-08-05,162.35,165.07,161.67,164.73,10592
2015-08-06,164.73,170.18,163.37,168.13,40041
2015-08-09,168.13,173.58,166.09,170.18,25772
2015-08-10,170.18,173.58,168.47,170.18,50530
2015-08-11,170.18,170.52,167.79,169.5,13377
2015-08-12,168.47,170.18,166.77,167.79,7047
2015-08-13,168.47,173.24,168.47,170.18,23314
2015-08-16,173.58,187.19,171.88,187.19,76520
2015-08-17,190.94,205.91,186.85,195.7,121183
2015-08-18,195.7,197.06,185.49,190.6,56520
2015-08-19,194.34,196.72,190.6,195.02,80401
2015-08-20,195.7,206.59,195.36,196.72,51661
2015-08-23,194.0,195.7,185.83,192.3,43329
2015-08-24,190.94,194.0,189.24,189.58,30684
2015-08-25,187.19,189.24,180.39,188.55,26700
2015-08-26,188.9,189.58,186.85,187.87,24365
2015-08-27,187.87,190.6,186.17,186.17,24279
2015-08-31,187.19,188.9,183.79,185.83,34590
2015-09-01,185.83,186.17,182.09,183.11,17504
2015-09-02,182.09,183.79,179.71,180.39,31330
2015-09-03,182.09,182.09,178.68,180.39,15593
2015-09-06,178.68,182.09,175.96,178.0,24190
2015-09-07,178.68,180.39,176.98,180.39,15035
2015-09-08,183.79,186.85,178.0,180.39,14316
2015-09-09,180.39,182.09,178.68,180.05,21245
2015-09-10,178.68,181.41,178.34,178.34,22211
2015-09-13,180.39,183.79,178.68,183.45,32700
2015-09-14,186.85,190.26,182.09,184.47,21928
2015-09-15,187.19,187.19,183.79,186.17,18175
2015-09-16,187.19,187.87,183.45,183.45,33496
2015-09-17,185.49,186.17,182.09,183.11,15092
2015-09-22,186.51,186.51,175.28,176.3,27098
2015-09-23,179.71,184.13,178.68,180.39,11639
2015-09-24,180.39,180.39,177.66,178.68,11246
2015-09-28,175.28,179.02,171.88,177.32,25157
2015-09-29,177.32,182.09,177.32,180.73,55903
2015-09-30,184.13,194.0,184.13,184.47,92462
2015-10-01,184.13,185.49,182.77,184.81,20186
2015-10-04,186.17,186.51,182.43,183.45,15373
2015-10-05,183.11,183.11,177.66,180.39,17257
2015-10-06,183.79,183.79,177.66,178.68,15052
2015-10-07,176.98,178.68,175.62,176.98,11160
2015-10-08,176.3,179.71,173.58,178.68,28449
2015-10-11,176.98,176.98,175.28,175.62,11177
2015-10-14,176.98,176.98,174.26,174.94,12291
2015-10-15,174.94,176.98,173.24,176.98,4848
2015-10-18,174.6,176.3,174.26,175.62,6737
2015-10-19,176.64,176.98,174.26,175.96,10258
2015-10-25,175.28,176.98,172.9,173.58,5178
2015-10-27,171.88,173.92,169.15,169.84,18973
2015-10-28,168.47,174.6,166.77,170.52,37683
2015-10-29,170.38,173.73,167.87,170.8,4173
2015-11-01,167.87,167.87,166.62,167.45,5275
2015-11-02,167.45,170.38,165.36,167.87,5206
2015-11-03,168.71,168.71,163.69,163.69,11928
2015-11-04,163.69,167.87,161.17,167.45,5621
2015-11-05,167.87,167.87,164.94,166.2,4566
2015-11-08,165.78,166.62,165.36,165.78,6673
2015-11-09,168.71,172.06,168.71,170.38,4880
2015-11-10,171.64,171.64,169.13,170.8,6107
2015-11-15,169.55,170.38,168.29,169.13,6929
2015-11-16,167.87,172.48,167.45,167.45,7156
2015-11-18,168.71,170.38,167.87,168.29,7773
2015-11-19,167.45,167.87,163.69,163.69,11246
2015-11-22,165.36,165.36,158.24,161.17,13475
2015-11-23,159.5,162.01,154.89,161.17,4690
2015-11-24,159.08,161.59,158.24,160.34,8941
2015-11-25,159.08,159.5,157.41,157.41,12191
2015-11-26,156.99,159.92,156.57,156.99,11537
2015-11-29,159.08,159.08,153.22,156.99,11860
2015-11-30,159.92,163.69,156.99,158.24,17091
2015-12-01,158.24,166.62,160.34,163.69,11224
2015-12-02,165.36,165.36,157.82,163.27,12759
2015-12-03,160.75,167.45,160.75,163.27,7808
2015-12-04,166.2,170.38,164.1,167.45,77660
2015-12-07,170.8,170.8,167.03,167.87,28964
2015-12-08,169.13,169.13,165.36,168.71,10592
2015-12-09,170.8,170.8,167.45,169.13,7656
2015-12-10,168.29,168.71,165.78,167.45,9866
2015-12-13,169.55,169.55,163.69,166.62,10699
2015-12-14,165.36,167.03,164.1,166.2,4945
2015-12-15,166.2,167.03,164.1,165.36,6204
2015-12-16,167.03,167.03,164.94,164.94,4576
2015-12-17,163.27,166.2,163.27,165.36,18401
2015-12-20,165.36,165.78,163.27,164.94,3482
2015-12-21,164.94,166.2,163.27,165.36,11373
2015-12-22,165.78,167.87,165.78,167.45,25609
2015-12-23,167.45,166.2,164.52,165.78,6111
2015-12-24,165.78,166.2,163.69,164.94,11605
2015-12-25,166.2,167.45,164.52,167.45,24445
2015-12-28,167.45,166.62,164.52,165.36,6627
2015-12-29,165.36,167.03,163.27,164.1,9436
2015-12-31,165.36,167.45,165.36,165.36,6457
2016-01-03,166.62,167.45,165.36,165.36,7628
2016-01-04,165.36,165.78,164.1,164.94,12643
2016-01-05,164.1,165.36,163.27,164.94,9427
2016-01-06,165.36,166.2,163.27,166.2,16610
2016-01-07,166.62,167.87,164.94,167.87,76571
2016-01-10,167.87,169.55,167.45,167.45,17631
2016-01-11,167.45,168.71,164.94,168.29,19830
2016-01-12,167.45,168.71,166.62,168.71,13163
2016-01-13,168.71,169.55,167.03,167.45,9228
2016-01-14,167.45,174.57,167.45,172.06,18534
2016-01-17,175.41,180.43,174.99,180.43,24605
2016-01-18,184.2,188.38,182.52,188.38,112261
2016-01-19,190.48,198.43,185.04,195.08,95628
2016-01-20,194.66,198.85,192.57,196.76,44273
2016-01-21,196.76,197.18,194.66,194.66,48593
2016-01-24,194.66,194.66,192.99,193.83,15788
2016-01-25,196.34,198.85,193.83,198.85,45601
2016-01-26,198.85,200.11,195.92,195.92,24391
2016-01-27,195.92,198.43,196.76,198.43,32764
2016-01-28,200.94,202.62,192.99,193.41,62380
2016-01-31,193.41,193.41,189.22,190.48,25632
2016-02-01,190.48,198.85,190.48,198.85,63188
2016-02-02,197.59,200.94,196.76,198.01,52276
2016-02-03,198.01,198.43,195.08,198.01,31770
2016-02-04,198.43,200.94,196.76,199.27,39407
2016-02-07,199.27,209.32,198.43,199.69,18788
2016-02-08,199.69,200.52,196.76,196.76,10744
2016-02-11,196.76,196.76,192.99,192.99,9217
2016-02-14,192.57,193.41,191.32,192.99,8592
2016-02-15,192.57,192.57,188.38,190.48,7191
2016-02-16,190.48,192.15,188.38,192.15,41959
2016-02-17,192.15,195.92,188.8,195.08,5832
2016-02-18,195.08,198.01,194.66,196.76,25511
2016-02-21,199.27,202.62,196.76,198.01,20279
2016-02-22,197.18,200.94,197.18,198.85,33083
2016-02-23,198.85,199.27,194.66,195.5,28763
2016-02-24,194.66,194.66,189.64,193.41,3582
2016-02-25,192.99,195.92,191.32,195.08,11477
2016-02-28,195.08,196.76,191.73,192.57,15124
2016-02-29,192.57,192.57,190.48,192.57,9849
2016-03-01,188.8,192.57,188.8,191.73,10833
2016-03-02,192.57,193.41,191.73,192.57,18100
2016-03-03,191.73,192.57,190.48,192.57,19622
2016-03-06,192.15,194.66,191.73,194.66,19862
2016-03-10,193.41,196.34,191.73,192.99,50211
2016-03-13,192.57,193.41,190.9,192.57,40909
2016-03-14,192.57,195.92,192.57,195.08,29341
2016-03-15,193.83,197.59,193.41,196.34,26905
2016-03-16,194.66,198.85,194.66,198.01,35153
2016-03-17,196.76,200.11,196.76,197.18,41100
2016-03-20,196.76,198.85,195.92,196.76,79825
2016-03-21,195.92,200.52,195.92,198.43,36400
2016-03-23,198.43,200.11,196.76,200.11,26830
2016-03-24,200.11,203.46,200.11,203.04,79965
2016-03-27,203.04,209.32,201.78,209.32,63449
2016-03-28,209.32,209.73,204.29,207.22,39597
2016-03-29,210.99,210.99,199.27,203.04,14603
2016-03-30,203.04,203.04,200.94,201.78,21176
2016-03-31,201.78,201.78,199.27,200.52,14178
2016-04-03,200.52,202.62,197.59,200.11,22732
2016-04-04,200.11,204.29,198.01,203.87,34436
2016-04-05,202.2,208.48,202.2,207.22,59286
2016-04-06,207.22,209.32,200.52,200.52,30701
2016-04-10,200.52,200.11,195.08,198.85,77676
2016-04-11,198.85,201.36,198.01,199.69,32589
2016-04-12,199.69,200.94,196.76,200.94,29886
2016-04-14,200.94,203.04,197.59,200.94,17650
2016-04-17,203.04,205.13,199.27,201.36,34918
2016-04-18,201.36,205.13,200.94,204.29,25463
2016-04-19,204.29,208.48,202.62,205.97,43984
2016-04-20,205.97,207.22,202.2,206.39,48548
2016-04-21,206.39,206.8,205.13,206.39,55065
2016-04-24,206.39,207.22,203.46,207.22,36401
2016-04-25,207.22,222.71,205.97,222.71,116150
2016-04-26,222.71,226.9,212.67,214.76,103585
2016-04-27,214.76,215.6,211.41,213.08,32910
2016-04-28,213.08,213.08,209.32,210.57,45901
2016-05-02,210.57,210.15,207.64,207.64,40834
2016-05-03,207.64,210.15,205.13,207.22,49995
2016-05-04,207.22,207.64,204.71,206.39,29569
2016-05-05,206.39,207.22,203.87,207.22,23790
2016-05-08,207.22,207.22,205.13,206.8,56897
2016-05-09,206.39,210.99,205.13,210.99,88964
2016-05-10,209.32,210.15,207.64,208.48,25304
2016-05-11,207.64,210.15,207.22,210.15,32796
2016-05-12,210.15,210.99,208.48,208.9,13597
2016-05-15,207.64,209.73,207.64,209.32,18115
2016-05-16,209.32,208.9,206.39,207.22,23316
2016-05-17,207.22,207.64,205.55,207.64,16067
2016-05-18,207.64,209.32,205.55,206.8,62604
2016-05-19,206.8,210.57,207.64,208.48,40744
2016-05-22,208.48,212.25,209.32,210.99,56949
2016-05-23,210.99,217.69,209.32,217.69,75441
2016-05-24,217.69,226.06,215.6,218.53,65965
2016-05-25,218.53,220.2,210.15,219.36,77058
2016-05-26,219.36,219.78,210.99,214.76,65578
2016-05-29,214.76,216.85,209.32,211.83,21888
2016-05-30,211.83,215.18,205.13,213.5,23126
2016-05-31,213.5,215.18,211.41,213.5,34229
2016-06-01,213.5,213.92,209.32,211.41,28454
2016-06-02,211.41,211.41,208.9,209.32,26163
2016-06-05,209.32,208.9,203.87,204.71,29696
2016-06-06,204.71,208.48,205.13,207.22,16185
2016-06-07,210.57,213.5,208.48,209.32,27170
2016-06-08,209.32,213.08,205.97,211.83,35136
2016-06-09,213.5,213.5,207.22,209.32,72955
2016-06-12,209.32,214.76,208.9,213.5,39007
2016-06-13,213.5,218.53,211.83,213.08,50679
2016-06-14,213.92,214.34,211.41,212.25,28619
2016-06-15,208.06,212.25,208.06,209.73,40448
2016-06-16,209.73,213.92,209.32,209.32,38060
2016-06-19,209.32,210.57,206.39,207.22,39591
2016-06-20,207.22,209.32,206.39,207.22,19161
2016-06-21,207.22,209.73,206.8,207.64,13246
2016-06-22,209.32,219.78,207.22,209.73,72533
2016-06-23,209.73,211.41,207.22,208.9,42836
2016-06-26,208.9,213.5,208.48,209.73,32046
2016-06-27,209.73,218.11,210.15,217.69,58912
2016-06-28,217.69,226.9,213.5,223.97,144384
2016-06-29,223.97,228.15,220.62,221.04,48466
2016-06-30,221.04,220.62,216.85,218.53,44928
2016-07-03,218.53,218.53,213.08,213.5,77486
2016-07-04,213.5,215.6,212.67,213.5,32485
2016-07-05,213.5,217.69,213.5,214.76,25549
2016-07-06,215.6,219.78,214.76,218.53,83142
2016-07-10,218.53,221.88,217.69,219.78,42439
2016-07-11,219.78,223.97,217.27,218.11,36960
2016-07-12,218.11,221.04,209.32,215.18,39861
2016-07-13,215.18,217.27,212.67,214.34,22672
2016-07-14,213.5,219.36,213.5,216.01,35878
2016-07-17,215.6,224.81,215.6,223.13,59361
2016-07-18,223.13,230.25,221.88,228.57,90982
2016-07-19,232.76,236.53,228.57,234.43,104945
2016-07-20,236.11,243.23,232.34,232.76,92756
2016-07-21,232.76,237.78,230.25,234.43,41417
2016-07-25,234.43,240.71,234.43,239.46,72764
2016-07-26,239.46,251.18,240.71,251.18,108427
2016-07-27,251.18,260.81,246.99,251.18,92463
2016-07-28,251.18,257.46,243.23,246.99,96513
2016-07-31,246.99,248.25,239.04,241.55,41501
2016-08-01,241.55,242.81,235.69,239.46,37990
2016-08-02,239.46,239.04,232.76,234.02,39597
2016-08-03,234.02,239.04,226.9,234.43,47870
2016-08-04,234.43,236.53,227.32,230.25,50724
2016-08-07,230.25,234.02,227.32,228.57,51265
2016-08-08,228.57,230.25,215.6,216.01,55501
2016-08-09,220.2,236.53,220.2,226.9,15077
2016-08-10,231.09,236.95,221.88,226.9,75112
2016-08-11,227.32,229.83,221.88,223.55,35416
2016-08-14,223.97,223.97,215.18,217.69,61045
2016-08-15,217.69,219.78,212.25,214.34,37362
2016-08-16,212.25,218.94,212.25,218.53,31075
2016-08-17,219.78,221.04,217.69,220.2,41954
2016-08-21,221.88,221.88,215.6,217.69,12136
2016-08-22,218.53,218.53,213.5,215.18,21297
2016-08-23,213.92,218.11,213.5,215.18,14679
2016-08-24,217.69,219.36,213.92,217.69,33892
2016-08-28,219.78,223.97,218.94,221.88,34978
2016-08-29,221.88,229.41,221.04,227.32,31095
2016-08-30,230.25,235.27,229.41,232.34,61972
2016-08-31,233.18,234.43,226.9,228.57,9543
2016-09-01,228.57,230.25,226.06,229.41,24428
2016-09-04,230.25,233.18,228.99,231.09,46889
2016-09-05,233.6,238.62,230.25,235.27,89900
2016-09-06,236.53,237.36,228.99,232.34,99222
2016-09-07,232.34,232.34,227.74,230.25,53882
2016-09-08,230.67,231.09,226.06,230.25,41805
2016-09-11,230.25,230.25,223.97,226.06,24982
2016-09-12,226.06,228.57,225.22,225.64,12325
2016-09-14,226.06,228.99,219.78,219.78,61613
2016-09-18,219.78,219.78,212.25,214.76,40923
2016-09-20,215.18,216.43,211.83,213.08,30411
2016-09-21,212.25,215.6,209.32,213.92,20110
2016-09-22,215.6,215.6,211.83,213.08,31715
2016-09-25,215.6,215.6,211.83,213.08,31715
2016-09-26,207.64,213.08,207.64,212.25,35320
2016-09-27,213.92,214.76,209.73,211.83,22299
2016-09-28,214.76,214.76,210.15,211.83,11300
2016-09-29,212.25,218.11,211.83,213.5,14997
2016-10-02,211.41,212.25,207.64,209.32,19895
2016-10-03,209.73,210.99,209.32,210.99,9030
2016-10-04,210.99,213.5,209.32,210.57,14990
2016-10-05,211.83,212.67,210.15,210.57,14697
2016-10-06,211.83,212.67,210.57,211.41,19708
2016-10-16,207.64,214.76,207.64,214.76,5486
2016-10-17,210.99,215.6,210.99,214.34,27775
2016-10-18,212.67,215.6,210.99,215.6,24871
2016-10-19,215.6,215.6,212.67,214.34,15217
2016-10-20,213.5,214.76,212.67,213.5,11554
2016-10-23,213.5,213.5,209.73,213.08,18541
2016-10-24,213.08,213.08,209.73,211.41,19073
2016-10-25,211.41,211.41,207.64,209.32,13314
2016-10-26,210.15,210.15,205.13,206.8,9056
2016-10-27,209.32,209.73,205.13,207.64,15285
2016-11-03,210.15,210.15,205.97,207.22,2084
2016-11-07,208.9,208.9,205.13,207.22,20951
2016-11-08,207.22,207.64,203.87,204.71,33538
2016-11-09,205.13,205.13,196.76,200.52,11756
2016-11-10,199.27,203.87,199.27,199.27,15278
2016-11-13,198.85,203.04,197.18,200.52,19698
2016-11-14,198.01,205.55,198.01,203.87,7082
2016-11-15,203.87,204.29,202.2,203.04,11394
2016-11-16,205.13,205.13,198.85,199.69,11369
2016-11-17,198.85,198.85,193.41,194.66,13402
2016-11-20,190.9,196.76,186.29,192.57,24462
2016-11-21,192.57,193.83,184.62,190.9,19520
2016-11-22,188.38,190.06,182.11,186.29,16849
2016-11-23,187.13,187.55,181.27,183.78,32973
2016-11-24,187.13,192.15,181.69,184.2,31008
2016-11-27,186.29,187.13,175.83,178.34,21805
2016-11-28,175.83,187.13,170.8,186.29,33929
2016-11-29,186.29,188.38,175.83,188.38,37112
2016-11-30,185.45,192.99,184.62,192.57,27343
2016-12-01,192.57,194.66,182.94,188.38,25343
2016-12-04,189.22,189.22,182.94,182.94,14899
2016-12-05,184.2,185.04,180.85,184.2,10795
2016-12-06,187.13,190.48,181.69,185.45,9941
2016-12-07,186.29,188.38,184.2,187.55,4864
2016-12-08,188.38,188.38,179.59,182.52,9020
2016-12-11,182.11,183.78,180.43,183.78,5039
2016-12-12,180.85,182.94,177.08,180.43,10016
2016-12-14,180.85,184.2,179.17,184.2,11470
2016-12-15,184.2,185.45,181.69,184.62,9329
2016-12-18,184.2,186.29,181.27,186.29,9997
2016-12-19,183.36,184.2,180.43,183.36,11781
2016-12-20,182.52,184.2,180.85,184.2,9508
2016-12-21,182.11,182.94,180.01,181.69,10378
2016-12-22,180.85,182.52,179.59,182.11,10614
2016-12-26,180.43,180.85,177.08,177.08,9885
2016-12-27,173.73,176.66,171.64,174.57,16533
2016-12-28,177.92,177.92,172.06,175.41,11912
2016-12-29,178.34,181.27,174.15,176.66,16169
2017-01-01,176.66,182.11,175.83,175.83,15183
2017-01-02,179.17,182.11,176.66,180.01,14365
2017-01-03,182.11,182.11,174.57,177.92,4989
2017-01-04,177.92,180.01,175.83,180.01,2938
2017-01-05,177.92,180.01,176.24,176.24,10165
2017-01-08,173.31,177.92,173.31,175.41,12269
2017-01-09,176.24,178.76,175.41,176.24,9554
2017-01-10,176.24,178.34,174.99,178.34,3910
2017-01-11,180.43,180.43,177.08,179.17,6777
2017-01-12,177.92,178.34,177.08,177.08,3667
2017-01-15,175.83,177.92,175.83,175.83,4489
2017-01-16,175.83,179.17,174.57,175.83,7458
2017-01-17,175.83,176.66,174.15,176.24,20175
2017-01-18,175.83,177.5,174.99,174.99,5733
2017-01-19,175.41,176.24,174.99,175.41,10725
2017-01-22,176.66,176.66,174.15,175.41,7100
2017-01-23,175.41,175.83,174.57,174.99,5912
2017-01-24,175.83,175.83,171.22,171.64,7819
2017-01-25,168.71,169.55,165.78,167.45,15576
2017-01-26,166.2,166.62,162.01,164.94,20931
2017-01-30,163.69,163.69,157.41,159.08,28255
2017-01-31,162.01,166.2,156.99,163.69,15776
2017-02-01,166.62,171.64,162.01,169.55,12309
2017-02-02,172.9,176.24,166.2,169.13,12145
2017-02-05,169.13,170.8,165.78,167.45,18646
2017-02-06,167.45,167.45,164.94,167.03,10104
2017-02-07,167.03,167.03,163.27,165.36,19295
2017-02-08,165.78,165.78,162.85,163.27,8058
2017-02-09,162.01,163.27,159.5,159.5,11944
2017-02-12,159.92,159.92,151.96,155.31,14458
2017-02-13,154.89,162.85,152.8,161.17,20784
2017-02-14,163.69,163.69,156.15,158.24,32503
2017-02-15,155.73,164.94,155.73,161.59,12925
2017-02-16,164.52,164.52,160.34,163.27,20607
2017-02-19,163.69,167.03,160.75,166.2,12601
2017-02-20,166.2,170.38,165.36,166.2,19076
2017-02-21,168.29,171.64,160.75,164.1,9344
2017-02-22,163.27,163.27,159.08,162.01,4285
2017-02-23,162.01,162.01,156.99,161.17,18400
2017-02-26,159.92,161.17,159.08,160.34,2526
2017-02-28,157.41,161.17,157.41,161.17,6466
2017-03-01,161.59,163.27,161.17,162.43,2900
2017-03-02,163.27,164.94,161.17,163.69,11563
2017-03-05,165.36,167.45,163.27,167.03,214762
2017-03-06,167.87,173.31,167.87,171.22,229924
2017-03-07,171.22,171.22,167.45,168.29,12497
2017-03-09,170.38,173.31,169.13,173.31,223287
2017-03-13,173.73,174.57,172.06,173.31,179520
2017-03-14,174.15,174.57,169.55,169.55,13443
2017-03-15,170.38,173.73,168.71,173.73,10794
2017-03-16,173.73,174.15,171.64,172.48,11784
2017-03-19,172.48,175.83,170.8,174.15,46588
2017-03-20,174.34,181.62,172.39,180.16,17732
2017-03-21,180.65,186.96,178.71,186.96,11288
2017-03-22,190.36,193.27,184.53,184.53,23148
2017-03-23,185.99,189.39,182.59,186.96,13344
2017-03-26,190.36,193.27,187.45,191.82,23795
2017-03-28,191.82,199.1,189.39,197.64,78272
2017-03-29,197.64,205.41,194.25,199.1,39185
2017-03-30,199.1,196.19,191.82,193.76,19989
2017-04-02,197.16,206.39,195.7,206.39,23819
2017-04-03,210.27,223.87,198.13,201.53,41146
2017-04-04,201.53,204.93,198.13,203.47,26678
2017-04-06,203.47,203.96,197.16,199.1,14562
2017-04-09,195.7,199.1,195.7,195.7,20471
2017-04-10,199.1,199.1,193.76,198.13,14367
2017-04-11,200.07,207.84,197.64,206.87,79992
2017-04-12,206.39,218.53,206.39,211.24,100653
2017-04-13,207.36,210.76,203.96,207.84,22533
2017-04-16,203.96,204.93,199.1,199.59,17954
2017-04-18,196.67,199.1,191.82,196.67,72728
2017-04-19,196.67,203.47,194.25,203.47,39532
2017-04-20,207.36,211.24,197.64,199.1,29963
2017-04-23,202.99,216.1,201.53,202.99,37054
2017-04-24,202.99,204.44,200.07,201.04,92021
2017-04-25,200.56,201.04,197.16,199.1,25320
2017-04-26,202.99,204.44,199.59,204.44,80852
2017-04-27,206.39,206.39,201.53,203.96,25693
2017-04-30,204.44,204.44,199.1,201.04,17273
2017-05-02,197.16,202.5,196.19,200.07,20835
2017-05-03,196.67,201.04,196.67,199.1,25407
2017-05-04,197.64,199.1,195.22,198.13,44761
2017-05-07,198.13,198.13,194.25,195.7,15722
2017-05-08,194.25,197.16,194.25,194.73,10579
2017-05-09,194.73,198.13,194.73,196.67,11691
2017-05-11,198.13,201.04,196.19,197.64,11773
2017-05-15,199.1,201.53,199.1,200.56,15216
2017-05-16,199.59,201.53,197.16,198.62,10088
2017-05-17,199.1,199.1,195.7,197.16,7608
2017-05-18,196.19,198.13,193.76,196.19,40375
2017-05-21,196.67,199.1,193.76,194.25,7074
2017-05-22,196.19,196.19,189.39,194.25,14066
2017-05-23,195.22,196.67,189.39,196.19,47781
2017-05-24,196.19,199.1,191.82,191.82,11104
2017-05-28,194.25,194.25,188.9,188.9,13121
2017-05-30,189.39,192.79,184.53,188.9,54053
2017-05-31,188.9,191.82,183.56,188.42,24636
2017-06-01,190.36,193.27,185.02,186.96,63070
2017-06-04,189.39,189.87,183.56,185.5,14450
2017-06-05,185.02,191.82,185.02,188.42,14172
2017-06-06,191.82,196.67,188.42,192.79,27313
2017-06-07,197.16,199.59,188.42,190.85,18953
2017-06-08,189.39,190.85,186.96,190.85,7267
2017-06-11,189.39,189.39,183.56,186.48,15742
2017-06-12,184.53,187.93,184.53,185.99,5281
2017-06-13,186.96,187.45,184.05,184.05,16268
2017-06-14,184.53,185.5,182.11,184.53,13276
2017-06-15,185.5,186.96,183.56,186.48,16977
2017-06-18,186.48,187.45,185.5,186.48,1961
2017-06-19,183.08,185.5,182.11,184.53,2734
2017-06-20,182.11,185.02,181.62,184.53,5604
2017-06-21,182.11,186.96,182.11,184.53,11254
2017-06-22,183.08,186.96,182.11,182.59,42545
2017-06-25,185.5,185.5,182.59,185.02,8534
2017-06-27,184.53,185.5,183.08,183.56,14329
2017-06-28,182.11,186.96,180.16,185.02,7208
2017-07-02,183.08,185.99,181.13,181.13,15227
2017-07-03,182.11,184.53,181.13,183.56,17681
2017-07-04,185.02,185.02,181.13,182.11,10764
2017-07-05,181.13,185.5,181.13,185.5,11461
2017-07-06,186.96,189.39,186.96,187.93,10874
2017-07-09,188.42,194.25,184.53,186.48,34618
2017-07-10,186.96,188.42,184.05,187.45,5591
2017-07-11,186.96,188.9,185.5,186.96,7540
2017-07-12,184.53,190.36,184.53,189.39,9254
2017-07-13,189.39,190.36,185.99,188.42,7137
2017-07-16,191.33,191.33,185.99,183.56,11253
2017-07-17,188.42,193.27,188.42,191.82,41946
2017-07-18,195.22,196.67,193.27,196.19,29352
2017-07-19,196.19,198.13,194.25,196.19,24459
2017-07-20,194.73,196.67,194.25,196.19,17511
2017-07-23,194.73,196.19,193.76,194.25,12718
2017-07-24,194.25,194.25,189.87,189.87,17510
2017-07-25,190.36,195.22,187.45,189.39,46768
2017-07-26,190.85,198.13,190.85,193.27,23003
2017-07-27,193.76,196.19,192.3,194.25,14679
2017-07-30,194.25,197.64,193.76,195.22,22865
2017-07-31,194.25,199.1,194.25,199.1,28280
2017-08-01,195.22,199.1,195.22,197.64,16804
2017-08-02,196.67,198.62,194.25,196.19,46034
2017-08-03,196.19,197.16,195.22,195.22,4146
2017-08-06,196.19,196.67,192.3,194.25,14837
2017-08-07,198.13,198.13,192.79,193.27,13065
2017-08-09,194.25,195.7,192.79,193.76,18232
2017-08-10,193.76,194.73,190.85,193.27,21635
2017-08-13,194.25,194.25,189.39,190.85,29444
2017-08-15,189.87,189.87,186.96,187.93,55629
2017-08-16,186.96,189.39,186.96,188.42,29498
2017-08-17,187.45,188.9,187.45,187.93,23358
2017-08-20,189.39,189.87,186.48,186.96,22798
2017-08-21,186.96,186.96,185.02,185.99,8368
2017-08-22,185.5,188.42,185.5,186.96,12297
2017-08-23,185.99,188.42,185.99,187.45,10756
2017-08-24,187.45,188.9,186.96,187.93,14901
2017-08-27,187.93,188.42,186.48,186.96,13233
2017-08-28,189.39,189.39,185.99,186.48,11618
2017-08-30,186.96,188.42,184.53,184.53,17709
2017-08-31,184.53,184.53,182.11,183.56,18475
2017-09-04,183.56,185.5,179.68,181.13,18881
2017-09-06,180.16,185.5,180.16,182.59,11757
2017-09-07,183.56,184.05,179.68,181.62,19743
2017-09-10,182.11,182.11,179.68,180.16,14320
2017-09-11,180.16,181.13,178.71,180.65,21343
2017-09-12,180.65,180.65,177.25,179.19,29850
2017-09-13,177.73,179.68,174.82,175.79,35695
2017-09-14,173.85,183.08,173.85,182.11,22204
2017-09-17,186.48,188.42,180.16,187.93,26939
2017-09-18,187.93,188.9,183.56,185.99,11944
2017-09-20,189.39,189.39,182.11,185.99,11304
2017-09-24,185.99,185.99,182.59,183.08,11022
2017-09-25,182.59,185.02,182.59,184.05,4935
2017-09-26,186.48,188.9,184.05,185.02,8700
2017-10-03,185.5,185.5,182.11,182.59,1484
2017-10-04,182.59,184.53,181.13,181.13,10597
2017-10-08,179.68,182.11,177.73,182.11,11219
2017-10-09,184.53,186.96,179.68,182.11,7920
2017-10-10,181.62,184.05,180.16,182.11,8484
2017-10-11,182.11,183.56,181.62,182.11,14881
2017-10-12,182.11,185.02,181.13,182.11,6316
2017-10-15,178.71,184.53,178.71,184.05,15071
2017-10-16,184.53,191.82,184.53,191.82,24710
2017-10-17,191.82,191.82,185.99,187.45,13494
2017-10-18,187.45,189.39,185.02,187.93,8640
2017-10-22,187.93,193.76,187.93,190.36,13174
2017-10-23,190.36,190.36,188.42,189.87,11767
2017-10-24,189.87,191.33,187.93,188.9,67146
2017-10-25,189.1,186.43,181.62,184.29,23858
2017-10-29,184.82,184.82,180.55,181.62,8023
2017-10-30,184.29,184.29,179.48,179.48,7189
2017-10-31,180.55,180.55,176.28,176.28,18935
2017-11-01,177.88,177.88,174.68,176.28,11955
2017-11-02,175.74,177.35,174.68,176.28,12852
2017-11-05,173.61,175.21,172.54,173.61,11802
2017-11-06,173.61,175.21,172.0,173.07,6614
2017-11-07,176.28,176.28,170.94,171.47,25305
2017-11-08,170.4,170.94,167.73,168.8,6594
2017-11-09,168.27,168.8,165.59,167.73,16367
2017-11-12,167.73,170.94,167.2,169.33,11164
2017-11-13,172.54,173.61,167.73,170.4,10616
2017-11-14,170.94,175.74,170.94,174.14,16468
2017-11-15,175.21,175.21,171.47,172.0,8892
2017-11-16,170.94,173.61,167.73,170.94,10321
2017-11-19,170.94,173.07,167.73,168.27,11375
2017-11-20,165.06,170.94,165.06,168.8,3287
2017-11-21,168.8,170.4,168.8,169.87,3877
2017-11-22,167.73,170.94,167.73,170.4,6449
2017-11-23,170.4,173.61,170.94,170.94,3751
2017-11-26,170.94,174.68,167.73,174.68,26758
2017-11-27,174.14,176.28,172.0,173.61,10505
2017-11-28,173.61,174.68,172.0,174.68,7439
2017-11-29,174.14,176.81,174.14,175.21,14710
2017-11-30,172.0,173.61,170.4,173.07,8659
2017-12-04,175.74,176.81,174.14,175.21,21221
2017-12-05,175.21,178.41,174.14,176.81,5453
2017-12-06,176.81,178.41,176.28,177.88,10910
2017-12-10,175.21,180.55,175.21,176.81,19387
2017-12-11,176.28,177.88,175.21,177.88,11706
2017-12-12,175.21,177.88,174.68,177.35,181332
2017-12-13,177.35,178.41,173.61,178.41,163899
2017-12-14,178.41,178.41,175.21,175.74,101947
2017-12-17,175.21,176.28,173.61,170.94,123952
2017-12-18,174.68,176.28,173.61,174.68,9378
2017-12-19,176.28,177.35,172.0,174.14,9438
2017-12-20,171.47,174.68,170.94,172.0,8706
2017-12-21,172.0,172.54,169.33,171.47,35391
2017-12-24,170.94,172.54,170.94,171.47,10667
2017-12-26,172.0,172.0,168.27,168.8,9705
2017-12-27,169.33,169.33,165.59,169.33,15469
2017-12-28,167.73,170.94,165.59,170.94,11328
2017-12-31,168.8,170.94,166.13,167.2,16951
2018-01-01,168.27,171.47,166.66,171.47,10959
2018-01-02,170.94,172.54,168.8,168.8,10538
2018-01-03,168.8,170.94,166.66,167.2,7763
2018-01-04,167.2,169.33,166.66,168.8,6352
2018-01-07,169.33,169.87,168.27,169.33,11142
2018-01-08,169.87,169.87,167.2,168.8,16439
2018-01-09,168.8,170.94,168.27,170.4,8550
2018-01-10,173.07,173.07,168.8,168.8,4381
2018-01-14,169.33,169.33,167.73,168.27,15107
2018-01-16,168.8,168.8,166.13,167.73,5443
2018-01-17,167.73,167.73,166.13,166.66,9227
2018-01-21,167.73,168.27,165.59,166.66,8214
2018-01-22,166.13,167.2,164.53,167.2,8543
2018-01-23,167.2,170.4,166.13,167.2,5468
2018-01-24,167.73,169.33,165.59,169.33,7917
2018-01-25,169.33,169.33,166.66,167.73,3861
2018-01-28,170.94,174.14,169.87,170.94,14486
2018-01-29,170.94,170.94,169.33,169.87,9113
2018-01-31,169.87,172.0,169.87,169.87,16148
2018-02-01,170.94,172.0,169.87,171.47,14073
2018-02-04,170.94,175.21,170.94,173.61,13219
2018-02-05,174.14,175.21,171.47,171.47,7821
2018-02-06,172.0,173.07,170.94,171.47,6442
2018-02-07,171.47,171.47,169.87,170.94,4999
2018-02-08,173.61,173.61,171.47,173.07,7514
2018-02-11,173.07,173.61,170.94,172.0,4287
2018-02-12,172.0,172.54,170.94,172.0,14955
2018-02-14,171.47,173.07,170.94,172.54,12708
2018-02-15,174.14,178.95,172.54,176.81,16541
2018-02-18,176.81,180.02,174.14,176.81,41861
2018-02-20,176.81,177.88,173.07,174.14,35568
2018-02-21,170.94,173.07,170.94,172.54,22219
2018-02-22,169.33,173.07,168.8,171.47,21728
2018-02-25,170.94,172.54,170.4,170.4,17378
2018-02-26,171.47,171.47,169.33,170.94,19980
2018-02-27,170.4,173.61,169.87,172.0,50577
2018-02-28,170.94,171.47,169.33,170.4,32340
2018-03-04,167.2,169.87,163.46,166.13,42240
2018-03-06,165.59,167.2,162.92,166.66,15348
2018-03-07,166.66,169.33,166.13,168.27,15937
2018-03-11,168.27,166.66,162.92,162.92,17730
2018-03-12,162.92,168.8,162.39,165.59,16358
2018-03-13,165.59,167.2,165.59,166.66,3639
2018-03-14,167.2,167.2,165.06,166.66,9353
2018-03-15,165.59,168.27,165.59,168.27,9814
2018-03-18,169.87,169.87,166.66,167.2,11419
2018-03-19,168.27,168.27,166.13,166.66,12756
2018-03-20,167.2,167.2,165.06,166.13,18194
2018-03-21,164.53,165.59,161.32,162.39,23576
2018-03-22,160.79,163.99,160.25,162.92,39788
2018-03-26,160.25,162.39,156.51,157.05,26133
2018-03-27,157.05,162.92,152.24,161.86,17995
2018-03-28,163.46,166.66,157.58,160.25,18946
2018-03-29,160.25,162.92,160.25,162.39,24595
2018-04-01,161.86,161.86,156.51,159.72,17951
2018-04-02,157.58,160.25,157.58,160.25,6300
2018-04-03,159.72,160.79,157.58,160.25,22483
2018-04-04,160.25,163.46,160.25,163.46,32476
2018-04-05,166.66,166.66,161.32,164.53,43893
2018-04-08,167.2,172.54,164.53,168.8,57494
2018-04-09,170.94,170.94,166.13,166.13,27498
2018-04-10,167.2,168.27,163.99,165.59,10553
2018-04-11,165.59,166.13,163.99,165.59,15697
2018-04-12,166.13,168.27,165.06,166.13,11123
2018-04-15,166.13,169.33,163.46,165.06,8128
2018-04-16,167.73,167.73,165.06,165.06,10002
2018-04-17,165.06,168.8,165.06,167.73,28055
2018-04-18,169.33,176.28,167.73,170.4,67775
2018-04-19,168.8,175.74,168.8,175.21,69015
2018-04-22,175.21,181.62,175.21,180.55,60206
2018-04-23,178.95,183.76,173.61,174.14,53010
2018-04-24,174.14,176.28,171.47,173.61,20005
2018-04-25,171.47,173.07,170.4,171.47,66710
2018-04-26,173.61,174.68,169.87,170.4,28633
2018-04-29,168.27,170.94,168.27,169.33,14957
2018-05-02,169.33,170.94,168.27,170.94,8317
2018-05-03,169.33,171.47,169.33,170.94,31502
2018-05-06,169.33,170.4,167.73,168.27,11432
2018-05-07,167.73,168.8,166.66,167.73,12044
2018-05-08,167.73,169.87,167.2,169.33,11969
2018-05-09,169.33,171.47,166.66,169.33,4214
2018-05-10,169.33,171.47,167.73,168.27,19477
2018-05-14,165.59,168.8,165.59,168.27,8337
2018-05-15,170.94,170.94,165.59,167.2,6113
2018-05-16,166.66,167.2,165.59,166.66,25182
2018-05-17,166.66,167.73,166.13,166.13,23164
2018-05-20,168.27,169.33,165.59,166.13,7961
2018-05-21,165.59,166.66,165.06,165.06,9475
2018-05-22,165.59,166.66,165.59,165.59,6424
2018-05-23,163.99,165.59,163.46,164.53,6727
2018-05-24,164.53,165.06,161.86,161.86,25104
2018-05-27,161.86,162.92,160.25,161.32,153022
2018-05-28,161.32,166.13,160.25,166.13,48292
2018-05-29,165.59,165.59,162.92,163.46,19753
2018-05-30,163.46,167.73,163.46,164.53,6429
2018-05-31,165.59,165.59,161.86,161.86,12517
2018-06-03,162.39,164.53,159.18,160.25,26812
2018-06-04,160.79,162.39,160.25,160.25,10887
2018-06-06,163.46,163.99,160.25,160.25,3325
2018-06-07,159.72,162.39,158.12,160.25,19322
2018-06-10,160.25,160.25,155.98,156.51,18772
2018-06-11,155.98,160.25,154.91,158.65,20637
2018-06-12,161.32,161.32,156.51,160.25,26745
2018-06-13,159.18,159.18,157.05,157.58,3797
2018-06-14,157.05,160.25,157.05,158.65,8129
2018-06-17,159.18,159.18,157.05,157.05,6440
2018-06-18,157.05,158.12,154.91,158.12,7305
2018-06-19,159.18,159.18,152.77,154.91,12431
2018-06-20,155.44,156.51,154.38,155.44,1963
2018-06-21,155.98,157.05,153.84,154.91,4480
2018-06-24,156.51,157.05,153.84,154.38,5871
2018-06-25,154.91,154.91,153.31,154.91,4993
2018-06-26,153.84,154.91,152.24,152.77,14436
2018-06-27,151.17,153.84,150.64,153.84,7890
2018-06-28,152.77,154.38,152.24,154.38,7302
2018-07-01,154.91,154.91,152.77,152.77,2329
2018-07-02,153.31,157.05,153.31,156.51,37623
2018-07-03,150.1,153.84,149.57,150.64,2693
2018-07-04,151.17,152.24,149.57,151.71,9276
2018-07-05,151.71,154.91,149.57,154.91,12677
2018-07-08,154.38,157.05,154.38,154.38,15280
2018-07-09,154.91,154.91,152.24,152.24,4597
2018-07-10,153.84,159.72,153.84,157.58,16726
2018-07-11,157.58,158.12,153.84,153.84,13780
2018-07-12,152.77,154.38,150.1,151.71,24565
2018-07-15,152.24,154.91,151.17,154.38,3469
2018-07-16,152.77,156.51,152.77,154.91,30735
2018-07-17,154.91,156.51,154.38,155.44,10504
2018-07-18,154.38,155.98,154.38,154.91,5339
2018-07-19,154.91,156.51,153.31,154.91,5000
2018-07-22,155.44,155.44,152.24,152.24,4826
2018-07-23,152.24,153.31,151.71,153.31,19973
2018-07-24,155.98,155.98,153.31,153.31,8501
2018-07-25,154.38,154.91,152.24,152.77,2159
2018-07-26,154.91,154.91,151.71,153.31,11903
2018-07-29,153.31,153.84,151.71,153.84,5401
2018-07-30,152.24,154.91,151.71,152.77,5764
2018-07-31,154.91,157.58,151.71,152.24,13292
2018-08-01,154.91,154.91,152.77,152.77,2329
2018-08-02,153.31,157.05,153.31,156.51,37623
2018-08-05,156.51,158.12,155.98,157.58,8898
2018-08-06,159.72,159.72,156.51,157.58,9287
2018-08-07,160.25,160.25,157.05,157.05,12539
2018-08-08,157.05,157.58,156.51,157.58,9677
2018-08-09,158.12,159.72,154.91,154.91,15897
2018-08-12,154.91,156.51,152.77,152.77,18636
2018-08-13,155.44,157.05,153.84,155.44,9845
2018-08-14,158.12,158.12,153.84,157.58,14185
2018-08-15,160.25,161.86,155.98,160.25,41825
2018-08-16,161.86,161.86,157.58,160.25,19896
2018-08-19,162.39,162.39,157.58,157.58,27052
2018-08-20,157.58,160.25,155.44,160.25,22500
2018-08-21,158.12,159.72,154.91,157.05,39965
2018-08-22,154.91,157.05,154.91,157.05,16354
2018-08-23,154.91,157.58,154.91,157.05,18802
2018-08-26,154.91,159.72,154.91,157.05,11066
2018-08-28,157.05,159.72,155.98,157.58,6173
2018-08-29,154.91,158.65,155.98,156.51,11161
2018-08-30,155.98,159.72,155.44,158.12,3421
2018-09-02,160.25,161.86,158.12,160.25,18043
2018-09-03,160.79,163.99,160.79,162.92,27171
2018-09-04,165.06,165.06,160.25,162.92,21409
2018-09-05,165.59,170.94,162.92,165.06,44022
2018-09-06,168.27,170.94,164.53,165.06,40065
2018-09-09,163.99,165.59,163.46,163.46,39758
2018-09-10,166.66,166.66,160.79,162.92,68132
2018-09-11,166.13,166.13,161.32,164.53,15578
2018-09-12,166.13,168.8,163.99,168.8,118794
2018-09-13,170.94,171.47,169.33,169.87,56529
2018-09-16,173.07,176.81,170.94,173.61,66770
2018-09-17,176.28,176.28,169.33,171.47,26225
2018-09-18,172.0,172.0,169.33,169.33,18324
2018-09-20,172.54,172.54,168.27,168.8,14965
2018-09-23,168.8,173.61,167.73,172.0,201838
2018-09-25,173.07,177.35,172.54,174.14,54246
2018-09-26,175.21,175.74,172.0,173.07,36674
2018-09-27,170.94,173.61,170.94,172.0,18347
2018-09-30,171.47,172.0,169.87,170.94,202822
2018-10-01,170.94,170.94,168.27,168.8,14798
2018-10-02,169.33,170.94,168.27,168.8,115797
2018-10-03,168.8,170.4,166.66,167.73,36170
2018-10-04,170.4,170.4,166.66,167.73,23101
2018-10-07,166.66,167.2,165.59,165.59,29811
2018-10-08,166.13,168.27,165.59,168.27,16000
2018-10-09,167.2,169.87,167.2,168.8,21631
2018-10-10,166.66,167.73,166.13,166.66,11171
2018-10-11,165.59,168.8,165.59,168.8,8159
2018-10-14,168.8,170.4,168.8,169.87,2332
2018-10-15,169.87,170.4,168.27,169.87,14713
2018-10-21,169.33,170.4,169.33,169.87,4941
2018-10-22,169.33,169.87,168.8,169.87,1937
2018-10-23,169.87,169.87,167.73,169.33,6845
2018-10-24,169.33,170.94,168.27,170.94,13431
2018-10-25,169.33,170.94,168.8,170.4,9252
2018-10-28,170.94,170.94,165.59,167.73,75372
2018-10-29,166.13,166.66,165.06,166.13,8899
2018-10-30,165.59,167.2,165.59,166.66,18460
2018-10-31,165.59,167.2,165.59,166.66,6845
2018-11-01,168.27,168.27,165.59,166.66,29070
2018-11-04,168.27,168.27,165.59,166.13,6404
2018-11-05,164.53,171.47,164.53,169.87,16784
2018-11-14,168.27,169.87,167.73,169.33,4658
2018-11-15,169.33,169.87,167.73,167.73,13666
2018-11-18,167.73,169.33,167.2,168.27,10341
2018-11-19,168.27,168.8,166.13,168.8,8638
2018-11-20,168.8,168.8,167.2,167.2,5005
2018-11-21,167.2,167.2,165.06,167.2,56591
2018-11-22,167.2,168.27,166.13,166.13,5479
2018-11-25,166.13,166.66,165.59,165.59,3361
2018-11-26,165.59,167.73,164.53,167.73,45636
2018-11-27,167.63,168.27,165.59,166.13,7127
2018-11-28,166.13,166.66,163.46,164.53,25997
2018-11-29,164.53,165.06,163.99,163.99,9111
2018-12-02,163.99,163.99,160.25,161.32,63621
2018-12-03,161.32,165.06,161.32,163.99,19941
2018-12-04,163.99,170.94,162.39,168.8,108401
2018-12-06,166.66,168.8,164.53,167.73,57215
2018-12-09,167.73,169.87,167.73,169.33,16030
2018-12-10,169.33,170.4,168.27,169.33,119217
2018-12-11,169.33,169.87,168.27,168.27,17474
2018-12-12,168.27,169.33,167.73,169.33,3521
2018-12-13,169.33,170.4,168.8,169.87,18842
2018-12-16,169.87,172.0,169.33,170.94,22252
2018-12-17,170.94,172.54,169.33,169.87,29110
2018-12-18,170.94,174.14,168.8,168.8,58163
2018-12-19,168.8,170.4,167.2,168.8,21890
2018-12-20,168.8,171.47,168.8,169.87,46980
2018-12-23,169.87,176.28,169.87,172.54,58274
2018-12-24,172.54,173.61,170.4,170.94,63519
2018-12-25,170.94,172.54,170.94,171.47,29469
2018-12-26,171.47,176.81,170.94,175.21,70717
2018-12-27,175.21,179.48,173.07,173.07,161819
2018-12-30,173.07,175.98,172.88,174.12,45201
2018-12-31,174.12,177.22,170.4,170.4,27384
2019-01-01,170.4,172.26,168.54,168.54,6979
2019-01-02,168.54,169.16,167.3,167.3,14853
2019-01-03,167.3,170.4,166.06,166.06,7625
2019-01-06,166.06,167.3,164.83,166.68,6574
2019-01-07,166.68,167.3,166.06,166.68,3881
2019-01-08,166.68,172.88,166.68,166.68,9291
2019-01-09,166.68,167.92,166.68,166.68,9532
2019-01-10,166.68,168.54,166.68,166.68,8535
2019-01-13,166.68,169.16,166.06,167.3,8261
2019-01-14,167.3,167.92,166.68,167.3,4417
2019-01-15,167.3,168.54,166.68,166.68,6634
2019-01-16,166.68,167.3,163.59,165.44,7759
2019-01-17,165.44,166.68,164.83,166.06,4500
2019-01-20,166.06,166.06,163.59,164.83,1000
2019-01-21,164.83,165.44,160.49,161.73,17771
2019-01-22,161.73,164.83,160.49,162.97,6171
2019-01-23,162.97,164.21,162.97,164.21,3202
2019-01-24,164.21,164.83,161.73,162.97,13792
2019-01-27,162.97,162.97,161.11,161.73,15771
2019-01-28,161.73,163.59,161.11,162.35,8553
2019-01-29,162.35,162.97,161.11,162.35,8936
2019-01-30,162.35,166.06,161.11,166.06,13549
2019-01-31,166.06,169.78,166.06,167.3,14459
2019-02-03,164.83,172.26,164.21,164.21,21859
2019-02-04,166.06,166.06,162.97,163.59,6545
2019-02-05,163.59,167.3,162.35,164.83,9849
2019-02-06,162.97,164.83,162.97,164.21,9548
2019-02-07,166.06,167.3,162.35,163.59,4405
2019-02-10,166.06,166.06,161.73,162.35,10520
2019-02-11,161.11,164.21,161.11,161.73,5589
2019-02-12,164.21,164.21,161.73,162.97,5061
2019-02-13,164.83,164.83,161.11,162.35,4404
2019-02-14,164.21,164.21,159.87,160.49,8517
2019-02-17,161.11,161.73,160.49,161.73,2409
2019-02-18,160.49,161.73,158.63,161.11,6817
2019-02-19,159.87,162.35,159.25,162.35,7100
2019-02-20,161.11,163.59,160.49,160.49,6426
2019-02-21,162.35,162.35,158.63,161.11,3452
2019-02-24,164.21,164.21,159.25,159.25,7532
2019-02-25,159.25,161.11,158.01,161.11,6543
2019-02-26,162.97,162.97,159.25,159.25,5250
2019-02-27,159.25,161.73,159.25,161.11,9381
2019-03-03,162.35,162.35,159.25,159.87,9983
2019-03-05,158.63,161.73,158.63,161.11,8168
2019-03-06,160.49,161.73,160.49,161.73,7998
2019-03-07,161.73,164.21,161.11,163.59,6764
2019-03-09,163.59,163.59,161.73,163.59,2053
2019-03-10,163.59,163.59,161.73,163.59,2053
2019-03-11,163.59,164.21,161.11,164.21,8348
2019-03-12,165.44,167.92,163.59,167.3,40085
2019-03-13,169.78,169.78,165.44,165.44,31583
2019-03-14,164.83,167.3,164.83,165.44,6169
2019-03-17,167.3,167.3,165.44,167.3,9719
2019-03-18,167.3,167.3,165.44,166.06,6596
2019-03-19,164.83,164.83,162.97,163.59,4975
2019-03-21,162.35,162.97,161.11,162.35,6910
2019-03-24,162.97,162.97,160.49,161.11,22338
2019-03-25,161.11,162.35,160.49,162.35,10239
2019-03-26,162.35,163.59,161.11,161.73,8077
2019-03-27,161.73,162.97,161.11,162.35,4716
2019-03-28,160.49,162.35,160.49,161.73,22818
2019-03-31,161.73,162.97,161.11,161.73,6901
2019-04-01,161.73,166.68,161.73,163.59,8317
2019-04-02,164.83,166.68,163.59,166.06,12895
2019-04-03,165.44,167.92,163.59,165.44,21473
2019-04-04,164.21,169.78,164.21,168.54,36987
2019-04-07,170.4,172.88,164.83,172.26,26194
2019-04-08,172.26,175.98,170.4,171.02,54696
2019-04-09,172.26,172.26,167.92,167.92,39643
2019-04-10,169.16,171.02,167.92,168.54,24412
2019-04-11,168.54,169.16,167.92,167.92,20410
2019-04-15,168.54,169.16,167.92,167.92,5575
2019-04-16,168.54,174.74,168.54,174.74,33102
2019-04-17,174.74,179.7,173.5,177.22,60675
2019-04-18,180.32,185.89,177.84,182.18,72939
2019-04-21,182.79,187.13,180.32,187.13,52760
2019-04-22,190.23,190.85,180.94,184.03,79205
2019-04-23,184.03,187.13,182.79,187.13,53672
2019-04-24,184.03,200.76,184.03,198.29,227460
2019-04-25,198.91,203.86,197.67,199.53,90375
2019-04-28,202.62,202.62,193.95,195.19,66194
2019-04-29,195.19,197.67,192.09,193.95,37817
2019-04-30,195.19,198.91,192.71,193.95,49707
2019-05-02,193.95,195.81,190.85,193.95,24251
2019-05-05,192.09,195.19,192.09,192.09,43924
2019-05-06,192.09,194.57,190.85,193.95,30421
2019-05-07,193.95,196.43,193.33,193.33,20887
2019-05-08,193.33,195.19,193.33,194.57,15311
2019-05-09,194.57,194.57,191.47,192.09,33941
2019-05-12,192.09,193.33,190.23,193.33,69577
2019-05-13,192.09,194.57,192.09,192.09,21558
2019-05-14,192.09,194.57,191.47,193.33,17184
2019-05-15,193.33,197.05,193.33,194.57,43584
2019-05-16,196.43,197.67,192.09,192.71,30283
2019-05-19,192.09,193.33,191.47,192.09,24590
2019-05-20,195.19,195.19,191.47,192.09,12290
2019-05-21,190.85,192.71,190.85,191.47,22203
2019-05-22,190.85,192.09,190.85,192.09,20296
2019-05-23,192.71,192.71,188.37,188.37,38543
2019-05-26,192.09,192.09,188.99,188.99,32579
2019-05-27,188.99,190.85,187.75,190.23,19596
2019-05-28,187.75,192.09,188.99,189.61,12909
2019-05-29,192.09,192.09,189.61,189.61,12510
2019-05-30,192.09,198.29,191.47,191.47,79389
2019-06-02,192.09,192.71,188.99,190.23,12872
2019-06-03,190.23,191.47,187.75,187.75,18349
2019-06-04,187.75,190.85,187.75,188.37,32054
2019-06-06,187.75,188.37,186.51,187.13,20199
2019-06-10,187.75,188.37,185.27,186.51,50523
2019-06-11,189.61,189.61,184.65,184.65,27791
2019-06-12,185.89,186.51,184.03,185.89,14160
2019-06-13,184.65,185.89,184.03,184.65,11270
2019-06-16,184.03,185.89,182.79,183.41,23759
2019-06-17,185.89,185.89,182.18,183.41,19924
2019-06-18,184.65,185.89,183.41,184.03,6615
2019-06-19,184.03,184.03,182.79,184.03,16688
2019-06-20,184.65,188.99,183.41,185.89,28075
2019-06-23,185.89,186.51,184.65,185.89,42038
2019-06-24,184.65,189.61,184.65,189.61,42428
2019-06-25,190.85,190.85,188.37,189.61,24634
2019-06-26,188.99,188.99,186.51,187.13,11742
2019-06-27,187.75,189.61,187.13,188.37,23269
2019-06-30,186.51,187.75,185.27,185.27,28909
2019-07-01,184.65,185.27,183.41,184.03,27413
2019-07-02,182.79,183.41,180.94,182.18,37017
2019-07-03,184.65,184.65,180.94,184.03,50134
2019-07-04,188.99,188.99,181.56,182.79,32830
2020-01-20,171.17,193.53,171.17,193.53,929
2020-01-21,197.02,212.88,197.02,212.39,128791
2020-01-22,222.87,231.25,212.39,213.09,1977590
2020-01-23,216.58,216.58,205.4,206.8,522413
2020-01-26,204.7,206.1,201.91,201.91,201028
2020-01-27,201.91,207.5,201.21,206.1,180162
2020-01-28,209.59,209.59,201.91,202.61,341189
2020-01-29,203.31,204.01,199.81,201.21,118782
2020-01-30,202.61,202.61,199.81,201.91,156185
2020-02-02,202.61,206.1,201.91,202.61,167316
2020-02-03,206.1,206.1,201.21,201.91,173488
2020-02-04,211.69,211.69,199.11,200.51,130237
2020-02-05,201.21,201.91,199.11,199.81,75127
2020-02-06,199.81,200.51,197.02,197.72,86132
2020-02-09,198.42,199.81,195.62,197.02,125577
2020-02-10,197.72,198.42,195.62,196.32,69987
2020-02-11,195.62,198.42,195.62,196.32,98692
2020-02-12,199.81,199.81,194.92,194.92,101537
2020-02-13,196.32,197.02,192.83,192.83,83237
2020-02-16,192.83,195.62,192.13,194.22,61469
2020-02-17,194.92,203.31,194.22,199.81,127999
2020-02-18,202.61,203.31,198.42,199.81,110095
2020-02-19,201.91,201.91,197.72,198.42,94212
2020-02-20,198.42,199.81,196.32,197.72,146755
2020-02-23,196.32,209.59,196.32,207.5,254005
2020-02-24,207.5,210.99,202.61,204.01,306383
2020-02-25,213.79,213.79,201.21,204.01,126206
2020-02-26,202.61,208.9,202.61,206.8,262409
2020-02-27,206.1,215.88,204.01,213.79,385364
2020-03-01,213.79,227.06,214.48,217.98,821022
2020-03-02,214.48,218.68,206.8,209.59,247421
2020-03-03,209.59,214.48,202.61,209.59,321160
2020-03-04,209.59,213.09,199.11,201.21,258628
2020-03-05,202.61,202.61,199.11,199.81,208951
2020-03-10,199.81,199.81,188.63,188.63,167615
2020-03-11,192.13,199.11,187.24,195.62,191117
2020-03-12,196.32,196.32,190.73,191.43,163351
2020-03-15,192.13,192.13,185.84,185.84,166996
2020-03-16,189.33,189.33,181.65,185.14,131315
2020-03-17,184.44,185.84,180.25,180.95,133400
2020-03-18,180.95,180.95,173.96,177.46,161717
2020-03-19,173.96,180.25,164.88,178.16,152312
2020-03-22,180.25,181.65,173.26,173.26,20871
2020-05-12,170.47,170.47,168.37,168.37,871
2020-05-13,166.98,166.98,163.48,163.48,282
2020-06-29,160.69,160.69,147.41,159.29,66325
2020-06-30,156.5,170.47,154.4,170.47,22351
2020-07-01,173.96,185.14,173.96,183.74,24105
2020-07-02,187.24,187.24,165.58,166.28,54657
2020-07-05,166.28,169.07,157.89,163.48,95126
2020-07-06,165.58,169.07,164.18,168.37,49878
2020-07-07,168.37,174.66,168.37,171.17,68615
2020-07-08,173.26,175.36,168.37,169.77,44731
2020-07-09,169.77,171.87,167.68,169.77,43252
2020-07-12,172.57,172.57,164.88,166.98,185612
2020-07-13,167.68,171.17,165.58,168.37,57463
2020-07-14,171.17,171.17,166.28,168.37,76311
2020-07-15,168.37,170.47,166.98,166.98,70406
2020-07-16,169.77,178.16,169.77,176.76,100134
2020-07-19,180.25,183.74,180.25,183.74,130
2020-07-20,192.83,201.91,187.24,190.03,323732
2020-07-21,199.11,199.11,185.14,189.33,98529
2020-07-22,190.03,192.13,181.65,183.05,97385
2020-07-23,180.95,185.14,180.25,183.74,58403
2020-07-26,187.24,188.63,182.35,186.54,74489
2020-07-27,187.94,188.63,183.74,186.54,83902
2020-07-28,185.84,189.33,183.05,183.05,78945
2020-07-29,183.74,184.44,180.25,180.95,79091
2020-07-30,184.44,184.44,178.85,180.95,80628
2020-08-02,180.95,180.95,174.66,174.66,124306
2020-08-03,174.66,179.55,170.47,175.36,76236
2020-08-05,178.16,178.16,171.87,173.26,67749
2020-08-06,173.96,173.96,169.77,172.57,75238
2020-08-09,172.57,174.66,169.77,174.66,61119
2020-08-10,171.17,180.25,171.17,178.85,79380
2020-08-11,181.65,185.14,178.85,179.55,71461
2020-08-12,178.16,180.95,178.16,178.85,42504
2020-08-13,180.25,180.25,176.06,177.46,64084
2020-08-16,177.46,177.46,171.87,176.06,101086
2020-08-17,176.06,177.46,174.66,176.76,156576
2020-08-18,177.46,178.85,174.66,177.46,188369
2020-08-19,178.85,178.85,173.96,175.36,105861
2020-08-20,177.46,177.46,174.66,175.36,41101
2020-08-23,177.46,177.46,174.66,176.06,41731
2020-08-24,178.85,178.85,172.57,176.06,472810
2020-08-25,178.85,178.85,175.36,176.76,110349
2020-08-26,178.16,180.25,176.76,180.25,117579
2020-08-27,183.74,183.74,178.16,178.85,81338
2020-08-30,178.85,179.55,176.06,177.46,84053
2020-08-31,178.85,178.85,176.76,178.16,128239
2020-09-02,185.14,185.14,180.25,184.44,197596
2020-09-03,188.63,191.43,183.74,185.14,185244
2020-09-06,194.22,194.22,185.14,185.84,200434
2020-09-07,187.24,187.94,181.65,183.74,95833
2020-09-08,188.63,188.63,180.95,181.65,63629
2020-09-09,181.65,183.74,180.95,181.65,77492
2020-09-10,185.14,187.24,181.65,183.74,43558
2020-09-13,184.44,186.54,181.65,183.74,77174
2020-09-14,183.74,185.84,181.65,184.44,218057
2020-09-15,185.14,187.94,183.74,185.14,83711
2020-09-16,185.14,185.14,182.35,183.74,54621
2020-09-17,191.43,191.43,183.74,187.94,126666
2020-09-20,197.02,197.02,187.94,190.03,172128
2020-09-21,190.73,192.83,187.24,191.43,167601
2020-09-22,191.43,192.13,187.24,187.94,116532
2020-09-23,187.24,188.63,185.14,187.94,72433
2020-09-24,187.94,188.63,185.84,187.94,61519
2020-09-27,195.62,195.62,187.24,189.33,97643
2020-09-28,187.24,191.43,187.24,188.63,88230
2020-09-29,188.63,188.63,186.54,187.24,51044
2020-09-30,188.63,188.63,184.44,185.14,71296
2020-10-01,190.03,190.03,185.14,190.03,106995
2020-10-04,193.53,199.11,191.43,194.92,193130
2020-10-05,196.32,197.72,192.83,193.53,109828
2020-10-06,194.92,194.92,192.13,192.13,70165
2020-10-07,193.53,193.53,191.43,192.83,147512
2020-10-08,192.83,194.92,190.73,192.13,141927
2020-10-11,188.63,194.92,188.63,189.33,93944
2020-10-12,187.94,191.43,187.94,190.03,107604
2020-10-13,193.53,193.53,190.03,190.03,68373
2020-10-14,199.11,199.11,189.33,189.33,59518
2020-10-15,191.43,192.13,189.33,190.03,80395
2020-10-18,192.13,196.32,189.33,190.03,50963
2020-10-19,191.43,192.13,190.03,192.13,49944
2020-10-20,193.53,194.22,191.43,192.83,42566
2020-10-21,195.62,197.02,193.53,197.02,162105
2020-10-22,202.61,202.61,198.42,201.21,263183
2020-10-28,210.99,210.99,207.5,210.29,690710
2020-10-29,213.09,214.48,207.5,208.9,402254
2020-11-01,213.09,213.09,205.4,207.5,304607
2020-11-02,197.72,207.5,197.72,203.31,233052
2020-11-03,194.22,207.5,194.22,205.4,107926
2020-11-04,215.18,215.18,203.31,204.7,84418
2020-11-05,205.4,206.1,203.31,204.01,140170
2020-11-08,205.4,206.1,204.01,205.4,168722
2020-11-09,204.01,206.1,204.01,204.7,141559
2020-11-10,206.1,206.1,204.01,204.7,115373
2020-11-11,205.4,206.1,204.01,204.7,149499
2020-11-12,209.59,209.59,204.7,206.1,214419
2020-11-18,209.59,210.29,207.5,209.59,261887
2020-11-19,219.38,219.38,208.9,209.59,257825
2020-11-22,213.09,215.88,210.29,212.39,323417
2020-11-23,212.39,216.58,212.39,215.18,254274
2020-11-24,215.88,217.98,214.48,214.48,190821
2020-11-25,218.68,218.68,215.18,217.28,182242
2020-11-26,219.38,223.57,217.98,222.17,319855
2020-11-29,223.57,243.83,223.57,243.83,813142
2020-11-30,255.7,267.58,248.02,251.51,729305
2020-12-01,256.4,257.8,236.84,243.83,379380
2020-12-02,248.02,250.12,243.13,246.62,289141
2020-12-03,249.42,256.4,240.33,241.03,340902
2020-12-06,241.03,245.92,229.16,229.86,351637
2020-12-07,229.86,241.03,224.96,236.84,311868
2020-12-08,248.02,248.02,234.05,236.84,209162
2020-12-09,235.44,236.84,229.16,230.55,254829
2020-12-10,231.25,233.35,227.06,229.86,174717
2020-12-13,229.86,236.84,229.86,234.75,171383
2020-12-14,245.92,245.92,235.44,238.24,203129
2020-12-15,250.12,250.12,236.14,236.84,205468
2020-12-16,237.54,238.94,235.44,238.94,157586
2020-12-17,238.94,240.33,236.14,236.84,159315
2020-12-20,237.54,237.54,227.06,228.46,312013
2020-12-21,223.57,235.44,214.48,232.65,405009
2020-12-22,242.43,242.43,235.44,239.64,293192
2020-12-23,251.51,251.51,242.43,243.13,330689
2020-12-24,244.53,250.81,242.43,250.81,376008
2020-12-27,251.51,251.51,245.23,245.92,430457
2020-12-28,247.32,251.51,242.43,246.62,362278
2020-12-29,250.81,250.81,242.43,244.53,669605
2020-12-30,246.9,246.9,238.94,243.72,290146
2020-12-31,245.31,248.49,240.53,246.11,284887
2021-01-03,248.49,254.87,246.11,254.87,266110
2021-01-04,258.85,262.83,250.88,253.27,185178
2021-01-05,254.87,256.46,248.49,250.09,113673
2021-01-06,250.88,252.48,248.49,250.88,128949
2021-01-07,250.88,253.27,249.29,250.88,186361
2021-01-10,255.66,262.03,252.48,261.24,434030
2021-01-11,266.81,274.78,265.22,269.2,432542
2021-01-12,274.78,274.78,266.02,270.8,165810
2021-01-13,274.78,274.78,269.2,270.0,191805
2021-01-17,274.78,274.78,266.02,267.61,249522
2021-01-18,269.2,270.0,266.81,267.61,220997
2021-01-19,278.76,278.76,265.22,266.02,215792
2021-01-20,278.76,278.76,261.24,265.22,149578
2021-01-21,266.81,266.81,262.83,264.42,210724
2021-01-24,266.81,270.8,264.42,266.81,214742
2021-01-25,279.56,279.56,265.22,268.41,259608
2021-01-26,281.15,281.15,266.02,267.61,192160
2021-01-27,270.0,270.0,265.22,266.02,161821
2021-01-28,278.76,278.76,267.61,271.59,573234
2021-01-31,271.59,273.98,265.22,266.02,194084
2021-02-01,262.83,279.56,262.83,277.17,448830
2021-02-02,278.76,304.25,278.76,303.45,1453470
2021-02-03,311.42,331.33,309.82,318.58,1391600
2021-02-04,318.58,322.57,313.01,318.58,514761
2021-02-07,324.95,326.55,315.4,318.58,736035
2021-02-08,322.57,334.51,318.58,329.73,698258
2021-02-09,334.51,344.07,331.33,332.12,458621
2021-02-10,338.49,363.18,330.53,356.81,1171020
2021-02-11,362.39,369.56,357.61,360.0,610999
2021-02-14,362.39,366.37,345.66,351.24,436688
2021-02-15,356.81,379.91,356.81,379.11,1010700
2021-02-16,397.43,403.01,385.49,396.64,853669
2021-02-17,398.23,403.01,386.28,398.23,734565
2021-02-18,407.79,415.75,386.28,387.08,546302
2021-02-21,390.26,397.43,374.34,378.32,647439
2021-02-22,382.3,384.69,370.35,384.69,626623
2021-02-23,387.88,387.88,366.37,377.52,633534
2021-02-24,386.28,387.88,375.93,380.71,426557
2021-02-25,386.28,386.28,366.37,369.56,371637
2021-02-28,369.56,376.72,346.46,348.85,765812
2021-03-01,348.85,359.2,340.09,356.81,521116
2021-03-02,361.59,363.18,345.66,348.85,362094
2021-03-03,350.44,350.44,335.31,341.68,429910
2021-03-04,342.48,371.15,342.48,354.42,393831
2021-03-08,360.8,367.96,345.66,367.96,386533
2021-03-09,386.28,386.28,352.03,356.02,243133
2021-03-10,356.02,360.0,344.07,351.24,149324
2021-03-14,367.96,367.96,339.29,340.88,373544
2021-03-15,343.27,343.27,330.53,334.51,236501
2021-03-16,351.24,351.24,332.92,335.31,185465
2021-03-17,340.88,342.48,334.51,341.68,173780
2021-03-18,358.41,358.41,338.49,345.66,166100
2021-03-21,362.39,362.39,340.88,348.85,193175
2021-03-22,365.57,365.57,342.48,344.07,163519
2021-03-23,360.8,360.8,340.09,341.68,154692
2021-03-24,342.48,347.26,341.68,342.48,206453
2021-03-25,344.07,346.46,340.09,340.88,179692
2021-03-29,343.27,343.27,336.9,337.7,135978
2021-03-30,342.48,342.48,336.11,338.49,162645
2021-03-31,340.88,349.65,338.49,348.85,254465
2021-04-01,350.44,353.63,345.66,348.05,171798
2021-04-04,353.63,358.41,350.44,356.81,323071
2021-04-05,362.39,362.39,351.24,352.83,236415
2021-04-06,353.63,355.22,349.65,352.83,181930
2021-04-07,370.35,370.35,350.44,352.83,155887
2021-04-08,336.11,357.61,336.11,352.83,168674
2021-04-12,354.42,358.41,352.03,352.83,199233
2021-04-13,342.48,358.41,342.48,358.41,306161
2021-04-15,358.41,370.35,358.41,365.57,438732
2021-04-18,384.69,384.69,357.61,358.41,406321
2021-04-19,358.41,363.18,351.24,354.42,342531
2021-04-20,370.35,370.35,348.85,352.83,157937
2021-04-21,352.03,354.42,346.46,348.85,194399
2021-04-22,350.44,350.44,343.27,349.65,229924
2021-04-25,349.65,350.44,337.7,340.88,265083
2021-04-26,340.88,341.68,330.53,330.53,294548
2021-04-27,320.18,341.68,320.18,341.68,191176
2021-04-28,343.27,348.85,336.9,339.29,252825
2021-04-29,345.66,345.66,337.7,340.09,141913
2021-05-02,342.48,344.07,338.49,344.07,274897
2021-05-03,345.66,350.44,340.09,341.68,192066
2021-05-04,341.68,346.46,338.49,340.09,134177
2021-05-05,339.29,344.87,337.7,339.29,110023
2021-05-06,342.48,345.66,335.31,338.49,174044
2021-05-09,338.49,342.48,335.31,337.7,140603
2021-05-10,337.7,340.88,335.31,340.88,81948
2021-05-11,340.88,343.27,339.29,341.68,85214
2021-05-12,345.66,345.66,338.49,340.09,73277
2021-05-13,356.81,356.81,339.29,340.88,133521
2021-05-16,342.48,347.26,340.88,346.46,183194
2021-05-17,354.42,354.42,345.66,347.26,177433
2021-05-18,350.44,350.44,344.87,347.26,202555
2021-05-19,347.26,356.81,347.26,348.85,204916
2021-05-20,354.42,354.42,349.65,350.44,173200
2021-05-23,349.65,355.22,341.68,355.22,254827
2021-05-24,358.41,366.37,357.61,361.59,446696
2021-05-25,370.35,370.35,353.63,356.81,202744
2021-05-27,354.42,357.61,347.26,352.83,263669
2021-05-30,356.02,359.2,351.24,356.02,278405
2021-05-31,358.41,360.0,350.44,352.03,200539
2021-06-01,352.83,352.83,344.07,348.85,157634
2021-06-02,350.44,352.83,346.46,348.85,145074
2021-06-03,349.65,363.98,349.65,358.41,447801
2021-06-06,362.39,380.71,362.39,370.35,775363
2021-06-07,375.93,377.52,360.0,363.18,426535
2021-06-08,366.37,366.37,359.2,364.78,365267
2021-06-09,366.37,368.76,358.41,361.59,242778
2021-06-10,361.59,366.37,354.42,356.81,291373
2021-06-13,360.0,360.0,351.24,356.02,322265
2021-06-14,354.42,368.76,354.42,363.18,536563
2021-06-15,366.37,370.35,362.39,363.18,474077
2021-06-16,362.39,368.76,358.41,360.8,243809
2021-06-17,360.8,364.78,356.02,357.61,284677
2021-06-20,375.13,375.13,349.65,352.83,426346
2021-06-21,354.42,356.81,346.46,346.46,259109
2021-06-22,345.66,354.42,344.07,353.63,233469
2021-06-23,353.63,358.41,348.05,348.85,147691
2021-06-24,350.44,352.03,344.87,346.46,147509
2021-06-27,347.26,353.63,344.87,349.65,226747
2021-06-28,366.37,366.37,351.24,352.83,131115
2021-06-29,366.37,366.37,347.26,348.85,128533
2021-06-30,365.57,365.57,344.87,347.26,110066
2021-07-01,350.44,353.63,347.26,347.26,85041
2021-07-04,347.26,350.44,345.66,346.46,124184
2021-07-05,347.26,348.85,345.66,346.46,96710
2021-07-06,346.46,348.85,345.66,346.46,76600
2021-07-07,332.12,351.24,332.12,346.46,98945
2021-07-08,346.46,348.85,345.66,348.05,123669
2021-07-11,350.44,356.81,350.44,356.81,153926
2021-07-12,362.39,362.39,348.85,352.03,180547
2021-07-13,350.44,355.22,348.85,352.83,96251
2021-07-14,356.81,356.81,350.44,350.44,86671
2021-07-15,354.42,355.22,349.65,351.24,130473
2021-07-18,356.81,366.37,354.42,365.81,275134
2021-07-19,372.74,381.9,369.56,374.34,514974
2021-07-20,374.34,379.11,368.76,374.34,218572
2021-07-22,379.91,380.71,372.03,379.11,395044
2021-07-25,386.28,400.62,386.28,398.23,996032
2021-07-26,402.21,406.19,391.86,393.37,606992
2021-07-27,386.28,394.25,374.65,392.65,459493
2021-07-28,397.43,397.43,386.36,389.47,217816
2021-07-29,397.19,397.19,383.97,386.6,230224
2021-08-01,390.26,391.86,384.69,385.88,191345
2021-08-02,390.26,390.26,383.1,385.41,159839
2021-08-03,388.67,388.67,382.3,383.57,150950
2021-08-04,386.68,386.68,382.38,383.89,166445
2021-08-05,385.49,387.88,382.46,384.69,147479
2021-08-08,390.26,390.26,382.38,383.89,182326
2021-08-09,386.28,386.28,380.79,382.3,202869
2021-08-10,382.3,392.65,380.79,388.67,280112
2021-08-11,393.05,396.32,384.69,385.33,146882
2021-08-12,386.28,389.47,378.32,385.49,193675
2021-08-15,385.49,399.82,381.5,388.27,397940
2021-08-16,396.0,400.62,389.47,392.97,442292
2021-08-17,400.78,400.78,386.28,387.64,278898
2021-08-18,387.08,390.26,380.71,385.8,243716
2021-08-19,386.28,390.26,379.91,380.31,225740
2021-08-24,382.3,386.28,375.93,375.93,157506
2021-08-25,370.35,377.52,366.37,368.76,157376
2021-08-26,370.35,375.93,362.39,365.57,253991
2021-08-29,367.17,367.96,356.73,356.73,219374
2021-08-31,358.49,364.78,349.72,354.42,214326
2021-09-01,354.42,363.98,353.87,358.41,173017
2021-09-02,363.98,363.98,352.03,353.63,131824
2021-09-05,353.63,356.02,337.7,343.75,231166
2021-09-06,343.75,358.41,340.09,358.41,168371
2021-09-07,365.57,370.27,353.63,355.22,178853
2021-09-08,353.63,354.42,341.68,346.06,246710
2021-09-09,350.44,352.75,344.07,347.81,150336
2021-09-12,350.84,353.63,348.05,350.44,109006
2021-09-13,354.42,356.02,349.09,352.03,121092
2021-09-14,352.83,353.63,348.05,349.72,109950
2021-09-15,352.83,352.83,345.26,345.66,95221
2021-09-16,342.48,346.46,336.11,339.29,200460
2021-09-20,338.81,339.29,325.75,326.55,197206
2021-09-21,326.55,335.31,314.68,328.06,171775
2021-09-22,330.53,341.68,330.53,341.68,96634
2021-09-23,348.45,367.17,347.26,352.83,201067
2021-09-26,358.41,365.41,348.29,348.45,131200
2021-09-27,355.22,355.22,335.31,336.9,112692
2021-09-28,334.51,338.49,322.57,325.59,177197
2021-09-29,332.04,332.04,318.58,327.34,99368
2021-09-30,328.14,332.92,320.18,324.95,70553
2021-10-03,324.95,326.55,318.58,320.1,84589
2021-10-04,318.58,320.97,313.72,316.03,108780
2021-10-05,316.19,322.25,316.19,320.18,48186
2021-10-06,324.16,336.9,324.16,328.14,66148
2021-10-10,334.51,338.42,328.94,330.53,70759
2021-10-11,323.92,323.92,311.18,319.78,178797
2021-10-17,322.57,325.75,314.76,318.18,60212
2021-10-18,318.18,318.18,306.64,309.74,86933
2021-10-19,309.03,309.03,289.11,297.08,144512
2021-10-20,302.97,309.03,298.67,302.65,77505
2021-10-21,303.45,306.64,297.4,297.48,70120
2021-10-24,301.06,301.86,295.49,297.88,52510
2021-10-25,298.67,306.64,297.88,306.64,53313
2021-10-26,310.54,320.18,309.82,317.79,81262
2021-10-27,312.77,320.97,312.77,316.19,84449
2021-10-28,317.87,318.58,312.21,313.96,52170
2021-10-31,315.4,316.99,309.11,310.62,105469
2021-11-01,316.83,320.97,309.82,311.73,74217
2021-11-02,312.21,315.4,308.23,310.38,44210
2021-11-03,313.01,313.65,309.03,309.9,57598
2021-11-08,314.6,314.6,309.03,309.66,32764
2021-11-09,307.43,308.23,301.06,302.65,60254
2021-11-11,302.65,304.25,297.08,298.67,77293
2021-11-14,298.67,298.67,293.1,293.81,50305
2021-11-15,296.28,299.07,293.89,294.69,35401
2021-11-16,296.28,297.08,294.69,296.68,66706
2021-11-17,296.68,302.65,296.68,299.07,45205
2021-11-18,294.69,300.26,294.69,295.49,45387
2021-11-21,301.06,301.06,297.08,300.03,59246
2021-11-22,302.65,302.65,298.83,300.26,40354
2021-11-23,300.26,301.86,296.28,297.08,58119
2021-11-24,302.65,302.65,289.11,292.3,73232
2021-11-25,294.69,294.69,291.11,293.1,63100
2021-11-28,293.1,296.28,289.91,290.87,224928
2021-11-29,290.87,290.87,278.6,283.77,69047
2021-11-30,284.73,289.11,274.22,277.29,61405
2021-12-01,275.97,280.35,275.97,276.06,66799
2021-12-02,278.6,280.35,268.96,271.59,78872
2021-12-05,271.59,273.34,262.83,266.34,81412
2021-12-06,263.71,268.09,253.19,264.58,161939
2021-12-07,268.09,275.97,264.58,265.46,95092
2021-12-08,267.21,269.84,260.2,260.2,48654
2021-12-09,260.2,262.83,258.45,260.64,59027
2021-12-12,261.08,264.58,248.9,250.57,123530
2021-12-13,249.69,249.69,240.93,247.5,109906
2021-12-14,252.32,258.45,250.83,258.45,36286
2021-12-15,262.83,277.72,258.45,261.08,107988
2021-12-16,262.83,264.58,258.45,260.64,45859
2021-12-20,265.81,265.81,257.57,258.45,40837
2021-12-21,258.45,262.83,258.45,261.08,45100
2021-12-22,266.25,267.04,261.96,263.71,88589
2021-12-23,268.96,268.96,263.71,265.46,53063
2021-12-26,268.09,269.84,267.21,268.96,69000
2021-12-27,272.47,272.47,262.83,264.5,70874
2021-12-28,264.58,264.58,259.24,261.08,42744
2021-12-29,261.08,262.83,259.33,261.87,39784
2022-01-02,267.04,267.04,261.08,262.83,51165
2022-01-03,268.09,268.09,262.83,263.01,81164
2022-01-04,264.58,285.61,262.83,285.61,193324
2022-01-05,285.61,289.99,277.72,280.44,145665
2022-01-06,280.35,290.87,275.97,289.11,95091
2022-01-09,293.41,295.25,289.03,290.87,142518
2022-01-10,292.09,296.12,284.73,286.49,127855
2022-01-11,286.49,289.11,283.86,285.61,98026
2022-01-12,285.61,289.99,281.23,281.23,88713
2022-01-13,280.35,285.61,280.35,285.61,65532
2022-01-16,285.61,296.12,287.36,290.78,189009
2022-01-17,293.49,296.12,290.17,293.49,124003
2022-01-18,293.49,306.64,292.79,297.88,163491
2022-01-19,303.83,308.39,297.88,300.42,116982
2022-01-20,301.38,301.38,296.12,298.75,72596
2022-01-23,304.71,325.91,304.71,318.9,468687
2022-01-24,325.21,325.21,306.55,311.02,320833
2022-01-25,317.24,319.78,304.88,315.4,184172
2022-01-26,319.69,319.69,308.04,310.14,121297
2022-01-27,307.51,311.98,306.81,310.58,98860
2022-01-30,316.71,327.05,316.27,319.78,151363
2022-01-31,326.17,326.17,315.49,318.9,91300
2022-02-01,318.9,321.53,315.4,320.65,101715
2022-02-03,324.16,324.16,316.36,318.03,102527
2022-02-06,314.52,316.27,311.02,314.52,107445
2022-02-07,313.65,318.9,312.77,315.4,84287
2022-02-08,319.78,328.54,314.26,316.27,95513
2022-02-09,316.27,316.27,311.98,313.12,63925
2022-02-10,311.02,313.65,307.51,307.95,40366
2022-02-13,302.26,303.13,293.49,296.12,107422
2022-02-14,296.12,306.64,293.49,296.12,63977
2022-02-15,297.88,300.24,293.49,300.24,56237
2022-02-16,302.26,302.26,294.55,295.25,32736
2022-02-17,296.12,297.88,294.37,295.25,31479
2022-02-20,289.99,293.06,284.73,289.99,50996
2022-02-21,289.11,294.37,289.11,291.74,33171
2022-02-22,294.37,298.75,294.37,295.69,37572
2022-02-23,296.12,296.12,291.83,292.62,32583
2022-02-24,289.11,290.87,284.73,286.92,82995
2022-02-27,281.23,289.11,281.23,285.17,79757
2022-02-28,290.87,290.87,279.04,279.48,80315
2022-03-02,275.97,279.48,271.59,273.34,88088
2022-03-06,275.97,278.6,271.59,275.1,68311
2022-03-07,275.1,282.11,275.1,277.72,55835
2022-03-09,280.35,280.35,271.59,274.22,55375
2022-03-10,275.1,279.48,270.8,278.6,70598
2022-03-13,280.35,288.24,278.6,287.36,197486
2022-03-14,287.36,293.06,284.3,286.49,64442
2022-03-15,285.79,290.78,282.63,284.73,122178
2022-03-16,280.35,285.96,280.27,282.98,173201
2022-03-20,282.98,285.61,275.97,277.72,127227
2022-03-21,282.11,282.11,274.92,281.23,136093
2022-03-22,285.61,285.61,280.35,283.86,66868
2022-03-23,281.32,284.73,280.44,283.68,49200
2022-03-24,281.23,281.23,277.81,279.48,66199
2022-03-27,280.35,282.11,274.22,275.18,93646
2022-03-28,275.97,277.72,272.56,275.97,69034
2022-03-29,274.22,277.55,274.22,275.89,231439
2022-03-30,275.97,276.85,272.91,276.85,48857
2022-03-31,278.6,279.92,275.1,275.97,30992
2022-04-03,275.97,275.97,270.8,271.15,53555
2022-04-04,276.5,276.5,269.84,269.93,54524
2022-04-05,275.27,275.27,261.87,264.58,104083
2022-04-06,262.83,266.34,259.76,260.73,57277
2022-04-07,262.83,269.84,261.96,267.21,129878
2022-04-11,271.59,275.97,261.08,261.17,59353
2022-04-12,265.46,265.46,258.45,260.2,48490
2022-04-13,262.83,264.58,258.71,262.57,38449
2022-04-17,267.74,267.74,261.6,261.96,32489
2022-04-18,261.08,264.58,256.7,258.01,104591
2022-04-19,262.83,262.92,253.28,261.43,48144
2022-04-20,266.6,266.6,259.41,259.5,48109
2022-04-21,261.08,264.58,258.45,261.96,49014
2022-04-24,267.12,271.68,262.83,271.5,59408
2022-04-25,274.22,276.85,265.46,267.39,49502
2022-04-26,264.58,267.21,262.57,263.71,39807
2022-04-27,262.83,263.71,261.08,262.83,25579
2022-04-28,268.09,268.09,262.83,262.92,30035
2022-05-02,262.83,267.21,260.2,261.08,33869
2022-05-04,266.25,266.25,257.57,259.06,29714
2022-05-05,256.7,259.33,254.16,255.82,53888
2022-05-08,255.82,260.9,253.19,254.95,32298
2022-05-09,260.03,262.83,258.45,258.45,40987
2022-05-10,258.45,262.83,258.45,262.83,28122
2022-05-11,265.46,271.07,265.46,271.07,36557
2022-05-12,275.97,275.97,268.18,268.18,31763
2022-05-17,262.83,267.21,260.29,260.99,28933
2022-05-18,258.45,261.08,257.57,261.08,25793
2022-05-19,262.83,263.71,260.2,260.47,16983
2022-05-20,261.08,261.08,257.57,258.89,17663
2022-05-23,264.06,264.06,254.07,254.25,35619
2022-05-24,259.33,259.33,252.49,255.65,32119
2022-05-25,260.73,260.73,255.82,255.82,21657
2022-05-26,260.9,260.9,254.95,257.57,24167
2022-05-27,262.66,262.66,258.45,258.45,20133
2022-05-30,261.08,261.08,252.41,253.19,22857
2022-05-31,253.19,254.95,247.94,252.32,55529
2022-06-01,252.32,254.95,250.57,252.32,20698
2022-06-02,254.07,254.07,249.78,250.57,22711
2022-06-03,246.19,248.81,241.8,242.68,72933
2022-06-06,243.56,243.56,231.55,233.92,87401
2022-06-07,233.92,233.92,226.91,227.09,48288
2022-06-08,227.79,238.3,227.0,235.67,36354
2022-06-09,238.3,243.56,232.17,233.04,47917
2022-06-10,237.69,237.69,229.54,232.17,20911
2022-06-13,229.71,234.8,229.54,232.17,49030
2022-06-14,231.29,232.17,226.03,226.56,58879
2022-06-15,223.84,223.84,219.29,220.25,100402
2022-12-07,216.57,216.57,198.53,199.79,143676
2022-12-11,199.43,199.43,192.84,193.29,89079
2022-12-12,193.29,193.29,185.89,193.11,97560
2022-12-13,193.11,193.56,188.6,191.31,26556
2022-12-14,192.12,192.21,187.25,187.7,37002
2022-12-15,187.7,188.51,184.99,185.44,42309
2022-12-18,185.44,185.44,180.48,182.28,66218
2022-12-19,182.28,182.28,178.22,179.21,70195
2022-12-20,180.48,181.38,177.86,180.48,31289
2022-12-21,181.38,181.38,177.86,179.12,25652
2022-12-22,181.74,181.74,178.67,179.12,33057
2022-12-26,181.74,187.61,180.57,186.79,51530
2022-12-27,189.59,194.92,189.5,193.11,103327
2022-12-28,194.92,195.82,188.6,189.41,37458
2022-12-29,190.4,193.02,187.34,193.02,114945
2023-01-01,189.59,196.45,189.59,191.76,59062
2023-01-02,191.76,194.92,189.5,191.31,35977
2023-01-03,194.01,194.01,186.79,189.5,88647
2023-01-04,191.31,192.21,188.6,191.31,86600
2023-01-05,194.01,195.1,189.5,190.4,89850
2023-01-08,190.4,193.02,188.51,189.86,171512
2023-02-22,189.5,189.5,179.58,184.09,227497
2023-02-23,184.09,184.09,177.77,180.03,183925
2023-02-26,180.48,180.48,173.35,176.15,148048
2023-02-27,177.77,181.38,174.16,177.77,102829
2023-02-28,178.67,179.58,175.33,176.15,71406
2023-03-01,175.97,179.58,174.25,175.06,72908
2023-03-02,174.25,175.24,172.36,172.36,75249
2023-03-05,175.06,175.88,170.01,170.01,64855
2023-03-07,170.55,173.17,168.84,170.19,97487
2023-03-09,170.55,175.78,170.55,174.07,92131
2023-03-12,176.78,176.78,171.45,172.27,80911
2023-03-13,173.26,173.26,168.75,169.2,78219
2023-03-14,165.86,171.36,165.86,168.2,114448
2023-03-15,167.03,171.36,166.13,167.12,86059
2023-03-16,170.46,170.55,166.04,168.93,79373
2023-03-19,171.45,171.45,167.84,168.75,70476
2023-03-20,171.18,171.36,168.3,169.74,65565
2023-03-22,171.45,174.07,167.84,169.56,89332
2023-03-23,171.36,171.36,166.04,167.84,119328
2023-03-26,170.19,170.19,165.14,165.95,79302
2023-03-27,165.23,167.75,164.23,164.23,102412
2023-03-28,167.48,169.56,166.04,167.39,76039
2023-03-29,169.56,169.56,164.32,167.84,62357
2023-03-30,170.55,170.55,166.04,167.84,53351
2023-04-02,167.84,171.45,164.51,165.14,84655
2023-04-03,168.3,168.3,162.43,164.23,140647
2023-04-04,162.43,165.14,162.43,163.33,49722
2023-04-05,162.43,165.05,161.53,163.42,40483
2023-04-06,163.33,165.23,162.16,164.23,87941
2023-04-09,164.23,164.23,161.26,162.7,180985
2023-04-10,164.14,164.96,160.72,164.14,64332
2023-04-11,165.14,165.95,162.43,165.59,58757
2023-04-12,166.94,175.78,166.04,175.42,133689
2023-04-13,178.85,181.38,169.83,170.55,91015
2023-04-16,171.45,173.8,170.46,171.36,72933
2023-04-17,173.26,173.71,170.37,170.55,70513
2023-04-18,173.89,174.88,170.55,172.72,77049
2023-04-19,173.26,175.97,172.99,174.43,77133
2023-04-20,171.0,176.87,171.0,172.99,114419
2023-04-23,174.97,174.97,169.65,170.1,82697
2023-04-24,169.65,172.27,168.75,170.55,39998
2023-04-25,170.55,172.09,168.66,171.81,69205
2023-04-26,173.26,173.26,169.65,171.36,66958
2023-04-27,172.36,172.36,168.75,170.46,33192
2023-04-30,171.45,171.45,167.57,168.75,72250
2023-05-02,168.75,171.45,165.41,165.59,60158
2023-05-03,165.14,166.94,164.69,166.94,38440
2023-05-04,168.75,168.75,165.32,168.11,43945
2023-05-07,168.75,168.75,165.14,165.14,49157
2023-05-08,167.84,167.84,162.61,163.78,70629
2023-05-09,166.85,166.85,162.79,165.32,59202
2023-05-10,166.94,166.94,164.41,165.32,30993
2023-05-11,166.94,166.94,164.23,164.51,30993
2023-05-14,166.04,166.94,164.23,166.04,58668
2023-05-15,166.94,166.94,163.33,165.59,36265
2023-05-16,164.23,166.04,163.33,165.14,75096
2023-05-17,166.04,166.04,163.51,165.14,80320
2023-05-18,167.84,167.84,163.6,166.04,68916
2023-05-21,167.84,169.29,166.04,166.94,64088
2023-05-22,166.94,167.84,164.69,166.76,63675
2023-05-23,166.94,169.2,166.94,168.75,56540
2023-05-24,170.46,170.46,167.12,169.2,51793
2023-05-28,168.75,172.36,167.84,169.74,115547
2023-05-30,169.74,169.74,164.69,165.77,71912
2023-05-31,165.77,166.85,162.52,163.78,64494
2023-06-01,162.43,166.94,160.53,163.78,84886
2023-06-04,163.33,167.39,162.43,165.95,58480
2023-06-05,166.04,168.75,164.69,165.86,49214
2023-06-06,166.94,166.94,163.33,165.32,39603
2023-06-07,165.32,166.49,164.23,164.41,46902
2023-06-08,165.41,165.41,162.88,164.23,56520
2023-06-11,163.33,165.95,162.43,164.96,118134
2023-06-12,166.04,166.94,163.87,164.78,106025
2023-06-13,164.23,166.94,162.88,165.14,95079
2023-06-14,165.14,168.3,165.14,166.94,143558
2023-06-15,167.12,168.66,165.59,165.77,62147
2023-06-18,165.23,167.84,164.51,165.23,108598
2023-06-19,165.14,165.95,164.05,164.05,126493
2023-06-20,166.85,167.21,164.23,165.77,126178
2023-06-21,166.04,166.85,163.96,163.96,147522
2023-06-22,163.87,165.14,162.79,163.69,77006
2023-06-25,164.23,165.95,162.97,165.95,205653
2023-06-26,165.95,167.48,163.33,164.23,125881
2023-06-27,164.23,173.26,164.23,173.26,224422
2023-06-28,176.42,182.19,172.36,172.99,174585
2023-07-02,172.36,172.36,167.39,167.84,109668
2023-07-03,167.84,168.3,164.87,165.95,75021
2023-07-04,164.32,167.57,164.23,164.87,101611
2023-07-05,165.59,166.49,161.98,162.79,122147
2023-07-06,164.23,165.14,159.72,162.25,217863
2023-07-09,159.09,166.04,159.09,161.44,119176
2023-07-10,164.23,166.04,158.82,160.62,159686
2023-07-11,162.43,164.23,160.17,160.62,81788
2023-07-12,160.81,165.14,160.81,162.88,75411
2023-07-13,165.05,166.94,164.23,165.59,86772
2023-07-16,168.11,168.57,164.23,167.84,71941
2023-07-17,167.39,173.26,166.49,171.9,112081
2023-07-18,174.16,177.95,172.36,175.97,223434
2023-07-19,175.97,180.48,175.06,180.39,235210
2023-07-20,180.48,185.89,180.48,184.0,266291
2023-07-23,184.99,201.68,184.99,201.14,570751
2023-07-24,198.53,218.29,194.01,208.45,828678
2023-07-25,208.45,212.06,200.33,200.6,347942
2023-07-26,201.23,204.3,196.81,200.78,235135
2023-07-27,201.23,203.94,196.9,198.07,184952
2023-07-30,198.53,201.86,191.94,194.01,175072
2023-07-31,195.82,200.33,192.57,198.53,173295
2023-08-01,198.53,202.13,195.91,197.17,153770
2023-08-02,197.26,201.14,195.82,200.33,128173
2023-08-03,202.5,203.04,199.88,202.13,134917
2023-08-06,206.11,207.55,192.66,194.64,391161
2023-08-07,197.62,197.62,190.22,192.21,146484
2023-08-08,190.4,194.01,186.79,186.97,127065
2023-08-09,187.25,192.21,183.27,192.21,104293
2023-08-10,194.83,195.64,189.5,189.5,105657
2023-08-13,192.21,196.72,188.6,193.92,130578
2023-08-14,197.08,198.53,194.01,194.92,94254
2023-08-15,196.72,196.72,191.4,192.75,68773
2023-08-16,192.84,192.84,188.6,190.4,87457
2023-08-17,190.4,193.11,189.5,190.85,44801
2023-08-20,191.31,192.21,188.6,188.87,97665
2023-08-21,189.5,190.4,185.89,188.06,63144
2023-08-22,189.5,189.5,185.08,187.7,59357
2023-08-23,187.7,191.31,187.7,189.5,58048
2023-08-24,188.6,189.95,185.44,185.89,99709
2023-08-27,185.89,188.6,184.99,185.44,52800
2023-08-28,184.09,189.5,184.09,187.25,59110
2023-08-29,185.98,187.7,185.89,186.61,29955
2023-08-30,190.31,190.31,184.54,185.26,87846
2023-09-03,187.7,187.7,183.18,183.64,70376
2023-09-04,185.89,186.79,181.47,183.18,59675
2023-09-05,181.02,183.27,180.48,180.57,70064
2023-09-07,180.48,182.28,178.67,178.94,56488
2023-09-10,179.58,181.29,178.94,180.03,76639
2023-09-11,180.57,184.99,179.76,184.99,91554
2023-09-12,185.89,185.89,182.37,183.27,45075
2023-09-13,184.09,184.99,183.27,184.99,51737
2023-09-17,184.99,187.7,183.18,183.82,88264
2023-09-18,184.99,184.99,181.47,184.45,33036
2023-09-19,184.09,184.99,182.28,183.55,35987
2023-09-21,187.16,189.5,185.53,187.52,111506
2023-09-24,187.7,188.6,184.27,184.99,75290
2023-09-25,187.7,187.7,184.09,185.26,53006
2023-09-26,187.7,189.23,185.98,189.23,96915
2023-09-27,189.5,189.5,187.06,188.15,50400
2023-10-01,187.7,188.51,184.63,186.7,83973
2023-10-02,184.09,188.6,184.09,187.16,100887
2023-10-03,190.85,190.85,185.89,186.34,64254
2023-10-04,185.89,188.06,184.18,186.79,78383
2023-10-05,185.98,187.79,185.98,187.7,84871
2023-10-08,191.31,191.31,184.9,186.79,88765
2023-10-09,186.79,187.7,183.18,184.99,70335
2023-10-10,187.52,187.52,182.28,182.28,71975
2023-10-11,182.28,184.99,181.47,182.46,67161
2023-10-12,184.0,184.0,180.48,182.19,96885
2023-10-16,181.38,182.28,179.12,179.3,86878
2023-10-17,181.38,186.79,180.66,182.28,48295
2023-10-18,182.28,188.51,182.28,188.42,51411
2023-10-19,190.31,190.4,185.17,188.42,37778
2023-10-29,186.43,186.79,184.09,184.99,39634
2023-10-30,184.99,188.69,181.56,188.6,64960
2023-10-31,188.6,188.6,185.98,187.61,21139
2023-11-01,186.79,189.5,186.16,188.51,60135
2023-11-02,187.7,189.14,184.99,185.89,62403
2023-11-05,185.89,185.89,180.21,181.38,158070
2023-11-06,183.18,183.18,180.48,183.18,90878
2023-11-07,184.99,185.44,183.46,185.35,53294
2023-11-08,184.09,186.34,183.27,185.89,46836
2023-11-09,184.99,187.7,183.73,187.7,37441
2023-11-20,191.31,191.31,185.89,186.79,76289
2023-11-21,189.5,189.5,184.18,185.98,80348
2023-11-22,184.09,187.7,182.91,185.89,75220
2023-11-23,185.89,187.79,184.09,187.7,81017
2023-11-26,185.89,188.6,185.17,187.7,76292
2023-11-27,188.6,189.5,186.88,188.6,96183
2023-11-28,189.41,191.31,188.6,190.4,168778
2023-11-29,190.4,186.84,182.28,184.1,65866
2023-11-30,182.28,182.28,179.55,180.46,63984
2023-12-03,183.19,183.19,177.27,178.64,60450
2023-12-04,178.64,179.09,175.9,175.9,79593
2023-12-05,175.9,177.73,173.17,173.17,75574
2023-12-06,173.17,173.62,170.43,173.62,51139
2023-12-07,174.08,175.9,171.71,174.08,39359
2023-12-10,174.08,188.21,174.08,185.93,15408
2023-12-11,189.57,189.57,179.55,183.1,151441
2023-12-12,183.1,184.56,179.73,181.37,104498
2023-12-13,181.37,184.93,180.0,180.46,109189
2023-12-14,181.37,182.28,178.73,180.92,75241
2023-12-17,177.36,181.37,172.26,180.28,170156
2023-12-18,180.28,186.29,178.64,184.1,232491
2023-12-19,186.84,190.48,184.65,185.93,272573
2023-12-20,189.57,197.05,187.75,192.31,335098
2023-12-21,194.13,194.13,187.75,188.66,180068
2023-12-24,191.4,191.4,183.38,185.02,201452
2023-12-27,185.47,192.4,184.01,186.02,164605
2023-12-28,187.75,188.66,184.1,187.84,114690
2024-01-01,187.84,189.48,184.93,188.66,107722
2024-01-02,188.66,189.57,185.02,185.02,168606
2024-01-03,183.74,186.84,183.74,185.65,67600
2024-01-04,185.02,186.93,183.19,184.1,108703
2024-01-07,183.19,186.84,180.55,180.73,168782
2024-01-08,182.37,185.02,182.28,182.28,112750
2024-01-09,183.19,185.02,182.28,182.28,178234
2024-01-10,185.93,189.57,183.19,183.19,117923
2024-01-11,185.02,186.66,182.74,183.65,234224
2024-01-14,186.75,187.75,184.2,186.84,102556
2024-01-16,188.66,191.85,187.84,190.85,203296
2024-01-17,194.59,195.04,187.57,190.03,230444
2024-01-18,188.21,190.48,186.57,188.21,142185
2024-01-21,184.47,186.38,182.28,184.1,203178
2024-01-22,182.92,184.1,178.73,180.46,135115
2024-01-23,181.37,182.28,179.09,180.46,106230
2024-01-24,181.37,184.01,180.0,183.83,118722
2024-01-25,182.28,184.93,181.37,184.1,113193
2024-01-28,184.1,184.1,181.19,182.28,93866
2024-01-29,182.28,184.1,180.37,181.37,89681
2024-01-30,184.01,184.01,179.82,180.92,84689
2024-01-31,177.73,182.28,177.73,179.55,99882
2024-02-01,179.55,179.55,177.73,178.36,85445
2024-02-04,178.64,178.64,176.08,177.36,64158
2024-02-05,177.36,179.55,175.9,176.45,61796
2024-02-06,177.73,178.64,175.9,175.99,52648
2024-02-07,179.46,183.01,176.9,177.27,43724
2024-02-08,177.27,179.55,176.9,177.73,58006
2024-02-11,177.73,180.46,176.9,177.27,87462
2024-02-12,180.46,180.46,175.99,177.18,62447
2024-02-13,176.81,177.73,174.17,174.99,106389
2024-02-14,177.27,177.27,174.26,174.99,40692
2024-02-15,175.9,175.9,173.26,174.08,62801
2024-02-18,173.17,174.99,171.62,171.98,65815
2024-02-20,169.61,174.08,169.61,172.26,74857
2024-02-21,173.17,174.08,171.35,172.26,36476
2024-02-22,172.26,173.17,169.98,169.98,57767
2024-02-25,171.35,171.35,164.05,165.24,85059
2024-02-26,167.7,170.98,163.32,166.33,54577
2024-02-27,168.52,168.52,164.97,167.7,37472
2024-02-28,167.7,169.52,165.6,168.61,46680
2024-02-29,165.88,175.36,165.06,165.79,34595
2024-03-03,164.05,165.79,162.78,165.33,51440
2024-03-04,166.79,178.45,166.79,178.45,1780
2024-03-05,179.55,179.64,169.52,169.61,54708
2024-03-06,169.61,172.07,166.79,169.52,27772
2024-03-07,172.89,175.99,169.52,171.35,48510
2024-03-10,174.72,174.99,171.35,174.08,51463
2024-03-12,174.08,177.73,173.71,176.81,76306
2024-03-13,180.28,180.28,174.17,176.81,63204
2024-03-14,174.99,177.54,174.99,176.36,73019
2024-03-17,174.08,174.99,173.26,174.54,40619
2024-03-18,178.0,178.0,171.53,175.81,56093
2024-03-19,175.45,175.45,171.8,172.26,40516
2024-03-20,175.63,175.63,170.62,173.17,40408
2024-03-21,172.26,173.17,170.07,170.71,43742
2024-03-25,168.61,170.43,167.34,167.97,81711
2024-03-26,167.7,168.61,165.06,168.43,32463
2024-03-27,167.7,168.61,165.42,166.7,40354
2024-03-28,169.98,169.98,164.97,165.79,45881
2024-03-31,165.97,182.28,163.14,165.51,92143
2024-04-01,164.05,166.33,163.14,165.15,28648
2024-04-02,168.43,168.43,164.97,165.15,91209
2024-04-03,167.61,168.43,164.97,165.33,39590
2024-04-04,164.97,164.97,163.14,163.69,47587
2024-04-07,164.05,165.79,161.78,164.6,59561
2024-04-09,167.88,167.88,164.05,164.24,58231
2024-04-10,165.88,165.88,163.14,165.88,62691
2024-04-14,165.88,165.88,163.14,163.14,50721
2024-04-15,164.05,164.97,160.41,164.05,124478
2024-04-16,162.69,164.05,161.32,161.68,28551
2024-04-18,163.14,164.05,159.5,159.77,31384
2024-04-21,159.5,161.32,154.94,158.59,77654
2024-04-22,159.13,160.96,156.76,157.77,80886
2024-04-24,158.59,162.96,155.4,161.87,88218
2024-04-25,162.23,162.69,159.5,160.41,156967
2024-04-28,163.6,163.6,156.76,160.41,64657
2024-04-29,163.6,163.6,157.67,161.78,155320
2024-04-30,162.23,164.05,159.5,164.05,207105
2024-05-02,167.34,167.34,161.32,164.05,95841
2024-05-05,164.05,164.05,159.5,162.14,62269
2024-05-06,165.33,165.33,159.04,160.41,31949
2024-05-07,158.68,160.96,157.67,158.59,66370
2024-05-08,157.22,160.41,156.03,156.76,33006
2024-05-09,158.95,158.95,154.94,157.86,52164
2024-05-12,160.96,160.96,155.4,158.59,56128
2024-05-13,161.68,164.97,157.86,162.23,92897
2024-05-14,165.42,165.42,160.41,161.32,39770
2024-05-15,162.23,164.05,162.23,162.23,54933
2024-05-16,165.42,165.42,159.59,160.41,48622
2024-05-19,163.14,164.97,161.32,164.97,119962
2024-05-20,168.25,174.99,162.69,169.98,320341
2024-05-21,173.35,173.35,167.97,171.35,161501
2024-05-22,170.43,176.81,169.52,174.99,219662
2024-05-26,174.99,178.64,172.26,174.99,210409
2024-05-27,175.26,177.73,172.26,173.17,97055
2024-05-29,176.63,179.55,170.43,170.43,143195
2024-05-30,173.81,173.81,167.7,168.7,66020
2024-06-02,171.35,171.35,167.24,168.79,57918
2024-06-03,172.17,172.17,166.79,167.34,51212
2024-06-04,170.62,170.62,166.24,167.7,37118
2024-06-05,170.98,170.98,165.06,167.61,64984
2024-06-06,166.79,167.7,164.15,164.51,64245
2024-06-09,167.79,167.79,162.23,162.41,59566
2024-06-10,165.6,165.6,161.41,164.05,66964
2024-06-11,167.34,167.34,162.69,165.06,58416
2024-06-12,167.24,168.16,165.88,167.7,64847
2024-06-13,168.61,169.61,165.06,169.61,68068
2024-06-16,169.89,169.89,164.05,167.24,54289
2024-06-18,165.88,167.7,163.23,163.32,50561
2024-06-19,166.51,166.51,162.78,162.87,35384
2024-06-20,166.06,166.06,161.5,162.05,39187
2024-06-23,164.05,164.69,160.41,161.32,68819
2024-06-24,161.32,163.14,159.59,160.32,65835
2024-06-25,162.23,162.23,159.04,159.95,76268
2024-06-26,160.41,160.41,155.85,157.67,110410
2024-06-27,157.67,158.59,154.94,158.04,82663
2024-06-30,158.59,159.5,156.94,157.22,53993
2024-07-01,156.76,158.49,155.85,158.49,76610
2024-07-02,161.59,171.35,155.85,165.42,167185
2024-07-03,166.7,167.34,158.95,164.6,151772
2024-07-04,164.97,166.24,162.6,164.05,107015
2024-07-07,167.34,167.34,163.32,165.33,149397
2024-07-08,164.97,167.7,163.6,166.79,108356
2024-07-09,170.07,170.07,163.23,166.15,179442
2024-07-10,169.43,169.43,164.51,167.7,203192
2024-07-11,170.98,173.17,166.61,173.08,192251
2024-07-14,175.9,186.57,175.08,182.28,368225
2024-07-15,185.93,185.93,176.9,177.0,326661
2024-07-16,178.64,185.02,176.45,183.19,225370
2024-07-17,186.84,186.84,182.28,186.75,270536
2024-07-18,190.39,204.34,185.02,198.96,628039
2024-07-21,198.69,205.34,195.04,204.98,654503
2024-07-22,206.89,206.89,195.04,200.6,450025
2024-07-23,201.42,204.98,197.05,203.34,566972
2024-07-24,203.24,209.62,198.69,201.42,629002
2024-07-25,201.42,217.83,201.42,214.18,699280
2024-07-28,218.47,235.6,218.47,235.6,1002360
2024-07-29,240.25,259.11,230.59,230.59,1288357
2024-07-30,231.5,235.05,221.47,231.5,740562
2024-07-31,236.06,237.88,230.59,236.06,489245
2024-08-01,236.97,240.7,232.41,233.23,379256
2024-08-05,232.41,232.41,223.93,227.31,706240
2024-08-06,223.48,226.03,206.07,209.62,694815
2024-08-07,207.35,217.83,203.43,217.37,512810
2024-08-08,220.65,221.47,213.27,215.55,310600
2024-08-11,219.65,222.02,214.64,222.02,786878
2024-08-12,223.3,235.96,223.3,231.32,653658
2024-08-13,235.14,236.97,230.59,235.05,560415
2024-08-14,232.41,236.97,227.94,236.15,463875
2024-08-15,240.61,259.75,236.97,257.93,1270505
2024-08-18,262.49,275.25,258.38,261.57,1427895
2024-08-21,261.57,266.13,254.28,261.57,709266
2024-08-22,261.57,273.42,258.84,259.48,460097
2024-08-25,262.49,262.49,247.9,250.64,593298
2024-08-27,250.64,250.64,235.14,235.14,767736
2024-08-28,239.79,243.35,232.41,236.06,428646
2024-08-29,240.7,240.7,226.21,229.68,345964
2024-09-01,226.94,234.23,223.3,223.39,318196
2024-09-02,223.3,245.72,221.56,241.07,524530
2024-09-03,244.26,246.08,236.06,236.69,266600
2024-09-04,241.34,241.34,224.21,226.94,362314
2024-09-05,231.41,231.41,221.02,224.12,237948
2024-09-08,224.12,229.77,220.11,221.47,208968
2024-09-09,222.38,222.38,213.54,215.09,303514
2024-09-10,217.83,221.29,214.18,215.09,271798
2024-09-11,215.09,218.74,213.27,215.09,143345
2024-09-12,219.38,221.47,214.18,221.38,300713
2024-09-15,225.76,229.68,216.92,218.74,274734
2024-09-16,215.09,223.3,213.09,213.27,139654
2024-09-18,214.18,220.47,212.36,217.01,255350
2024-09-22,221.29,225.67,218.74,222.38,170258
2024-09-23,226.76,226.76,216.0,216.92,130133
2024-09-24,214.27,220.29,212.36,214.09,169830
2024-09-25,214.18,221.47,211.72,221.47,231718
2024-09-26,225.85,225.85,213.27,216.92,114688
2024-09-29,213.36,218.74,210.54,214.18,119056
2024-09-30,212.36,218.83,212.36,216.92,114806
2024-10-01,218.74,227.76,218.74,227.76,267153
2024-10-02,232.23,232.23,219.19,223.75,276956
2024-10-06,224.21,227.85,222.38,226.94,177497
2024-10-07,229.68,234.23,226.94,230.68,218332
2024-10-08,232.41,235.24,228.31,228.86,222852
2024-10-09,227.94,231.5,227.94,231.22,136698
2024-10-15,232.5,235.96,231.41,235.51,129559
2024-10-16,238.33,243.07,236.51,239.7,199994
2024-10-17,241.52,246.99,239.7,242.89,362357
2024-10-20,238.79,246.99,234.23,240.16,441438
2024-10-21,240.61,240.61,233.41,234.23,293514
2024-10-22,235.14,238.79,232.5,237.42,206907
2024-10-23,242.16,243.35,232.77,233.41,306366
2024-10-24,235.14,235.14,228.76,230.59,158059
2024-10-27,230.59,234.23,226.12,227.85,134338
2024-10-28,231.5,231.5,226.67,231.5,102439
2024-10-29,231.5,235.05,231.5,233.23,118277
2024-10-30,236.97,236.97,230.04,231.5,120003
2024-11-05,234.23,234.23,231.04,231.5,49920
2024-11-06,232.41,237.97,230.77,234.05,105915
2024-11-10,235.96,237.88,232.5,237.24,209467
2024-11-11,235.14,240.61,235.14,237.51,252111
2024-11-12,237.88,240.61,234.51,236.78,135585
2024-11-13,236.88,237.88,231.95,232.41,123507
2024-11-14,231.5,236.97,231.5,233.87,148677
2024-11-17,235.14,236.97,234.23,234.41,134999
2024-11-19,233.69,235.14,232.05,233.32,212652
2024-11-20,230.59,234.14,230.59,234.14,141408
2024-11-21,235.6,236.78,231.59,232.41,360990
2024-11-24,232.69,233.65,227.02,227.69,141904
2024-11-25,232.21,232.21,225.96,226.44,93907
2024-11-26,221.92,233.56,221.92,229.81,140447
2024-11-27,232.69,232.69,228.85,229.81,99121
2024-11-28,229.81,231.73,226.92,227.88,97490
2024-12-01,227.88,227.88,223.08,224.04,75953
2024-12-02,228.46,228.46,220.19,220.58,148285
2024-12-03,221.15,223.08,219.23,219.71,120563
2024-12-04,224.04,224.04,216.83,219.42,147819
2024-12-05,219.52,221.15,216.73,217.12,137659
2024-12-08,217.31,217.31,211.54,213.37,197930
2024-12-09,216.25,216.25,211.54,212.5,97044
2024-12-10,213.46,216.06,211.54,213.17,76310
2024-12-11,215.38,225.96,212.5,223.56,168543
2024-12-12,227.98,227.98,217.31,217.31,166841
2024-12-16,218.27,219.13,213.94,215.38,95717
2024-12-17,215.38,229.81,211.63,219.23,117092
2024-12-18,221.15,221.15,215.29,215.67,71990
2024-12-19,217.31,217.6,212.5,213.46,72133
2024-12-22,209.23,215.29,209.23,210.1,94349
2024-12-23,212.02,222.88,209.62,220.67,76892
2024-12-24,221.15,221.63,216.83,218.27,88682
2024-12-26,218.27,228.85,216.35,224.04,159743
2024-12-29,224.13,228.37,220.19,220.67,131859
2024-12-31,225.0,225.0,215.1,218.27,103637
2025-01-01,216.35,219.23,216.35,216.44,39532
2025-01-02,220.77,220.77,214.52,215.1,63412
2025-01-05,215.38,216.35,213.65,213.65,83950
2025-01-06,217.31,217.31,213.46,216.35,95564
2025-01-07,220.67,220.67,214.42,215.0,75783
2025-01-08,219.23,219.23,213.65,215.29,64344
2025-01-09,217.31,217.31,212.98,214.42,58693
2025-01-12,218.65,218.65,212.5,214.42,50922
2025-01-13,212.98,215.38,212.02,213.46,55050
2025-01-15,212.5,214.42,211.63,212.21,61369
2025-01-16,210.58,213.46,208.17,209.13,117005
2025-01-19,207.79,210.58,205.77,209.33,110151
2025-01-20,211.54,217.31,211.54,212.5,186777
2025-01-21,212.5,214.42,209.71,210.58,82396
2025-01-22,210.58,215.29,210.58,214.42,91812
2025-01-23,213.46,216.73,210.58,211.06,80906
2025-01-26,206.92,214.9,206.92,212.12,66588
2025-01-27,207.88,214.42,207.88,210.1,66281
2025-01-28,210.1,212.31,209.62,210.48,79802
2025-02-02,212.5,214.42,210.58,213.46,168526
2025-02-03,213.94,219.23,213.94,215.38,200495
2025-02-04,215.38,218.17,212.5,212.98,71936
2025-02-05,215.29,215.29,211.54,212.21,86860
2025-02-06,211.54,212.79,210.1,210.19,103061
2025-02-09,209.62,212.5,209.62,210.77,119895
2025-02-10,206.73,212.5,206.73,209.62,124839
2025-02-11,209.62,211.73,209.62,210.1,87702
2025-02-12,210.19,212.5,208.65,210.38,102640
2025-02-13,209.62,212.5,208.85,209.62,73686
2025-02-16,209.62,213.17,209.62,210.87,115184
2025-02-17,211.54,216.35,211.06,216.25,182178
2025-02-18,220.48,220.48,214.13,215.38,111661
2025-02-20,216.35,216.35,212.79,212.98,87411
2025-02-23,211.73,214.9,207.69,212.5,249928
2025-02-24,214.42,215.38,211.63,212.88,96661
2025-02-25,213.46,214.9,211.06,212.5,76800
2025-02-27,216.73,227.5,216.73,221.15,277981
2025-03-02,225.58,225.96,219.23,225.96,435379
2025-03-03,230.48,230.48,222.12,222.31,177164
2025-03-04,217.88,241.35,217.88,223.08,319940
2025-03-05,223.08,225.0,219.42,224.04,202781
2025-03-06,219.62,225.0,219.62,224.81,141645
2025-03-09,221.63,227.88,219.23,219.52,111190
2025-03-10,221.15,221.15,217.79,221.15,153284
2025-03-11,223.08,223.56,217.02,218.08,123486
2025-03-12,220.19,220.19,216.25,216.92,79644
2025-03-16,216.92,217.31,213.08,214.33,130034
2025-03-17,214.33,219.13,212.5,213.37,102032
2025-03-18,217.6,217.6,212.12,212.5,76153
2025-03-19,212.5,213.37,211.54,211.63,76823
2025-03-20,213.46,213.46,209.71,211.62,105949
2025-03-23,211.54,212.5,207.02,207.77,122155
2025-03-24,207.79,210.48,205.29,208.92,181137
2025-03-25,213.08,213.08,202.6,205.16,145639
2025-03-26,207.31,208.65,205.29,208.52,96828
2025-03-27,212.6,212.6,208.56,210.4,95912
2025-03-30,209.62,213.46,208.65,211.08,104417
2025-04-01,211.54,212.98,208.85,209.84,87783
2025-04-02,213.94,213.94,209.13,210.67,70475
2025-04-03,210.58,231.73,204.81,214.41,225909
2025-04-07,214.42,214.42,209.62,210.38,63445
2025-04-08,208.65,211.25,207.21,210.1,65496
2025-04-09,214.23,214.23,207.98,210.95,80106
2025-04-10,211.54,212.02,209.81,210.71,98152
2025-04-13,211.06,211.54,209.9,210.28,45875
2025-04-15,214.42,214.42,209.9,210.66,49829
2025-04-16,214.42,214.42,210.58,211.38,131743
2025-04-17,213.46,215.38,211.06,214.06,104669
2025-04-20,218.27,222.12,213.17,214.23,182192
2025-04-21,214.23,215.38,211.92,212.47,110813
2025-04-22,212.12,213.37,210.0,210.75,75158
2025-04-23,210.58,210.58,206.73,208.57,131955
2025-04-24,207.69,209.52,207.12,208.38,74907
2025-04-27,208.75,211.25,208.65,209.22,100069
2025-04-28,210.48,211.54,208.17,208.31,184178
2025-04-29,210.48,210.48,207.4,207.95,154209
2025-04-30,207.95,209.52,205.87,206.8,92787
2025-05-04,206.83,209.62,206.83,208.73,127236
2025-05-05,209.62,209.62,207.02,207.66,64191
2025-05-06,207.69,207.98,205.96,206.52,98848
2025-05-07,206.35,213.08,204.81,212.35,165846
2025-05-08,214.33,214.42,208.65,209.83,77455
2025-05-11,212.02,212.21,208.75,208.91,79372
2025-05-13,208.65,211.54,207.69,207.88,62913
2025-05-14,210.0,210.0,206.73,207.37,78676
2025-05-15,207.69,208.65,206.06,207.04,89466
2025-05-18,209.13,209.13,204.9,206.68,215104
2025-05-19,205.77,211.54,205.77,210.31,418392
2025-05-20,209.62,213.94,207.69,213.19,102268
2025-05-21,217.31,225.0,211.54,212.4,193013
2025-05-22,216.63,230.77,211.54,225.41,1009816
2025-05-25,225.96,238.27,218.08,227.53,455875
2025-05-26,232.02,236.54,221.15,226.03,290043
2025-05-27,228.85,243.65,220.48,232.14,601439
2025-05-28,230.77,240.38,229.23,239.68,735920
2025-06-02,240.38,247.12,233.65,237.21,513720
2025-06-03,234.62,236.44,228.37,229.58,345696
2025-06-04,231.73,238.46,225.19,229.5,170799
2025-06-05,227.98,231.63,227.02,227.51,161439
2025-06-08,226.54,239.42,222.21,222.65,160783
2025-06-09,222.6,226.92,222.6,225.15,100109
2025-06-10,220.67,237.98,220.67,232.12,342181
2025-06-11,230.77,236.54,228.37,234.69,412097
2025-06-12,234.62,234.69,227.88,229.77,138305
2025-06-15,230.77,230.77,225.1,226.43,138499
2025-06-16,226.92,230.96,224.52,228.29,443097
2025-06-17,230.77,230.77,224.04,224.23,132126
2025-06-18,224.04,226.92,221.63,222.69,124174
2025-06-19,221.25,224.81,221.15,221.29,148454
2025-06-22,222.12,223.08,218.75,219.52,110145
2025-06-23,223.85,223.85,219.13,219.41,80545
2025-06-24,221.15,224.9,220.77,221.45,121045
2025-06-25,222.98,224.04,220.19,221.24,49918
2025-06-26,219.33,222.12,219.33,220.26,88481
2025-06-29,220.48,231.73,218.75,228.24,318193
2025-06-30,228.24,233.37,226.15,231.41,255858
2025-07-01,235.96,235.96,228.08,233.73,228491
2025-07-02,238.37,238.37,229.81,234.21,192024
2025-07-03,238.85,238.85,228.17,231.38,214944
2025-07-06,235.96,236.92,228.85,233.41,337466
2025-07-07,233.41,234.62,227.6,229.21,273101
2025-07-08,229.81,231.73,227.21,228.63,95182
2025-07-09,227.02,235.1,227.02,233.78,249112
2025-07-10,235.58,242.79,231.06,241.97,770677
2025-07-13,246.73,255.77,245.1,249.22,860163
2025-07-14,250.0,250.0,242.4,243.13,594093
2025-07-15,240.38,249.04,240.38,247.3,471573
2025-07-16,251.92,257.21,247.5,249.59,771421
2025-07-17,251.92,268.17,250.0,254.38,556423
2025-07-20,253.85,259.62,246.15,247.98,767141
2025-07-21,248.08,252.88,245.48,249.94,290575
2025-07-22,250.0,254.81,249.04,254.13,624169
2025-07-23,254.81,255.77,250.1,252.0,332561
2025-07-24,252.88,253.85,249.04,251.38,231522
2025-07-27,250.0,257.4,250.0,253.02,871338
2025-07-28,253.02,258.85,248.17,258.08,670655
2025-07-29,259.62,262.31,256.73,260.44,784478
2025-07-30,265.38,265.38,255.77,256.61,549076
2025-07-31,259.62,259.62,250.1,251.55,366846
2025-08-03,249.04,250.96,243.27,244.68,366831
2025-08-04,244.23,250.0,243.27,249.39,349922
2025-08-05,247.4,251.92,245.19,245.62,349200
2025-08-06,250.48,250.48,242.31,244.48,209056
2025-08-07,243.27,247.88,243.27,245.6,182111
2025-08-11,240.77,250.96,240.77,245.85,260511
2025-08-12,250.67,250.67,242.31,244.5,155475
2025-08-13,248.17,249.04,241.35,241.86,536750
2025-08-14,242.31,243.27,239.81,241.3,256552
2025-08-17,246.06,246.06,239.62,239.82,154359
2025-08-18,239.42,242.12,238.46,241.02,159474
2025-08-19,241.44,243.17,239.42,242.35,110650
2025-08-20,240.96,243.46,240.38,241.02,97873
2025-08-21,242.31,243.27,238.46,242.32,135321
2025-08-24,242.31,242.31,239.9,240.58,105294
2025-08-25,243.27,243.27,238.56,241.85,112131
2025-08-26,241.35,243.27,239.42,241.0,96856
2025-08-27,245.77,246.15,240.38,245.47,281403
2025-08-28,243.27,244.71,240.58,241.94,147140
2025-08-31,240.38,244.13,238.65,239.48,126213
2025-09-01,244.23,244.23,238.46,241.68,181532
2025-09-02,246.44,246.44,240.38,241.49,100272
2025-09-03,243.27,243.27,239.42,240.28,82725
2025-09-04,241.63,241.63,236.83,240.11,127112
2025-09-07,242.31,242.31,237.6,238.04,66784
2025-09-08,240.38,240.38,233.65,235.56,130659
2025-09-18,230.87,230.87,214.42,220.19,27308
2025-09-21,216.35,235.58,216.35,233.97,233979
2025-09-23,238.56,239.13,233.65,238.37,100523
2025-09-24,238.46,240.1,235.58,237.5,75438
2025-09-25,235.58,239.52,233.65,237.5,52765
2025-09-28,240.67,242.31,237.5,239.42,93704
2025-10-07,237.79,238.27,230.77,235.48,105750
2025-10-08,240.1,240.1,228.46,231.73,119238
2025-10-09,235.77,240.48,231.44,233.56,98016
2025-10-12,229.81,230.77,225.0,229.71,239768
2025-10-13,229.23,230.77,224.13,230.67,161743
2025-10-14,232.6,232.6,225.0,225.0,236028
2025-10-15,225.96,228.56,221.44,225.0,268856
2025-10-16,226.92,228.37,223.56,226.92,212927
2025-10-19,226.92,235.0,222.5,230.77,285064
2025-10-26,234.42,234.42,226.92,230.19,142461
2025-10-28,234.23,236.06,230.77,234.42,112791
2025-10-29,235.48,237.5,232.79,236.06,200228
2025-10-30,236.54,238.08,233.94,237.4,294319
2025-11-02,232.69,233.65,225.0,228.85,236192
2025-11-03,226.92,228.75,224.13,224.42,106551
2025-11-04,223.08,225.96,221.15,221.35,108580
2025-11-05,220.48,239.42,217.31,225.96,383151
2025-11-06,223.08,225.96,221.15,221.15,77053
2025-11-09,222.6,224.04,219.62,220.19,194076
2025-11-10,220.19,223.08,217.4,218.17,102425
2025-11-11,220.19,222.98,217.88,218.27,164406
2025-11-12,218.27,220.1,214.9,216.83,136513
2025-11-13,217.31,219.52,216.44,217.4,88086
2025-11-16,218.27,219.62,215.38,217.31,102360
2025-11-17,216.44,218.94,215.77,215.87,92697
2025-11-18,215.48,218.27,215.48,215.87,52253
2025-11-19,218.17,218.17,214.42,215.29,56872
2025-11-20,215.29,216.15,210.48,213.37,277777
2025-11-23,213.46,215.38,212.5,214.9,105301
2025-11-24,215.38,219.23,215.38,219.13,102265
2025-11-25,218.37,220.19,216.35,220.0,101726
2025-11-26,219.23,222.88,217.98,220.87,79063
2025-11-27,222.02,223.08,219.23,221.83,91962
2025-11-30,221.15,225.77,221.06,221.15,97589
2025-12-01,221.15,221.15,218.17,218.27,52719
2025-12-02,218.27,220.19,217.5,218.75,60803
2025-12-03,219.71,219.71,215.48,216.35,91971
2025-12-07,212.5,217.31,212.5,217.31,89809
2025-12-08,220.96,220.96,214.52,215.87,49425
2025-12-09,218.27,218.27,214.42,215.29,64370
2025-12-10,214.52,216.35,214.52,215.0,63538
2025-12-11,217.31,217.31,214.04,214.9,66611
2025-12-14,214.9,216.35,214.04,215.38,73492
2025-12-15,214.42,218.17,214.33,217.98,89120
2025-12-16,218.27,219.13,215.87,217.5,64941
2025-12-17,220.1,220.1,217.02,218.27,72596
2025-12-18,217.02,218.85,217.02,217.31,63026
2025-12-21,217.31,219.23,216.35,217.21,65870
2025-12-22,216.35,217.79,215.48,215.87,52274
2025-12-23,215.87,217.31,214.42,215.38,68164
2025-12-24,215.38,219.23,214.13,219.23,89036
2025-12-28,220.19,221.15,215.87,220.96,171040
2025-12-29,224.23,224.23,218.75,221.06,100390
2025-12-31,221.15,223.08,219.23,219.23,67132
2026-01-01,222.12,222.12,218.08,218.27,40289
2026-01-04,221.06,221.06,217.4,217.4,53394
2026-01-05,217.4,221.15,216.25,221.15,141991
2026-01-06,221.15,222.12,219.23,219.71,55124
2026-01-07,221.15,221.15,217.88,219.23,55204
2026-01-08,217.6,221.15,216.83,219.23,60878
2026-01-12,223.56,223.56,216.35,219.23,125875
2026-01-13,216.63,220.96,216.63,218.17,52290
2026-01-14,217.4,219.23,216.35,217.31,81854
2026-01-18,216.35,219.71,216.35,219.42,111936
2026-01-20,223.75,225.1,219.23,221.15,389051
2026-01-21,219.23,225.87,218.27,220.1,207746
2026-01-22,219.71,220.87,218.37,219.23,69966
2026-01-25,220.19,224.52,220.19,224.04,245949
2026-01-26,224.04,228.85,222.4,223.94,192953
2026-01-27,225.87,225.87,220.77,220.77,130359
2026-01-28,220.19,220.96,216.35,219.71,156966
2026-01-29,221.06,222.12,217.12,217.88,151135
2026-02-01,220.1,220.1,217.4,219.13,111683
2026-02-02,214.81,220.19,214.81,219.04,53749
2026-02-03,217.4,219.23,215.38,217.4,59078
2026-02-04,213.08,220.1,213.08,217.12,109146
2026-02-05,218.75,218.75,216.35,216.73,99731
2026-02-08,217.4,219.33,216.73,217.02,92958
2026-02-09,218.27,218.27,215.19,215.96,92658
2026-02-10,215.19,216.35,214.62,215.87,78846
2026-02-11,220.1,220.58,215.48,217.31,95890
2026-02-12,217.31,217.5,215.87,216.25,92347
2026-02-16,220.19,220.19,215.38,215.58,42658
2026-02-17,215.38,216.35,214.52,214.62,71273
2026-02-22,214.62,216.35,212.12,212.79,132847
2026-02-23,215.38,215.38,212.02,212.6,115620
2026-02-24,216.35,216.35,212.6,215.38,67421
2026-02-25,215.38,216.35,213.46,216.25,44087
2026-02-26,220.48,220.48,216.35,217.98,75123
2026-03-01,222.31,222.31,215.87,219.23,115599
2026-03-03,223.56,223.56,212.98,222.12,118156
2026-03-09,226.54,240.38,226.54,240.38,2979
2026-03-10,244.23,245.19,230.87,236.15,461869
2026-03-11,240.38,240.38,230.29,230.48,125179
2026-03-12,235.0,238.46,226.92,234.9,274074
2026-03-15,235.58,239.42,234.23,234.9,220578
2026-03-16,234.9,234.9,229.23,229.81,107705
2026-03-17,229.9,231.73,228.56,231.73,100120
2026-03-19,227.88,241.35,227.88,239.42,413913
2026-03-22,244.13,248.27,240.38,247.02,790003
2026-03-23,247.98,248.94,241.35,245.87,343618
2026-03-24,250.77,250.77,242.31,250.0,288592
2026-03-25,250.0,250.0,242.31,242.88,343362
2026-03-26,238.08,246.15,238.08,245.0,490207
2026-03-29,244.23,244.23,236.63,236.63,285651
2026-03-30,235.58,240.38,231.15,231.73,310899
2026-03-31,231.73,237.31,230.77,234.62,210803
2026-04-01,234.62,236.06,227.12,229.81,388885
2026-04-02,232.69,232.69,225.96,227.21,167409
2026-04-05,225.96,225.96,218.94,220.48,308041
2026-04-06,219.23,228.94,217.4,228.65,160876
2026-04-07,231.15,231.25,224.52,225.96,124563
2026-04-08,230.48,230.48,221.63,229.33,130276
2026-04-09,230.77,232.5,226.92,230.77,127776
2026-04-10,230.77,233.65,225.0,228.75,195135
2026-04-13,228.75,230.77,227.88,228.85,50348
2026-04-15,231.25,233.37,226.92,230.77,129675
2026-04-16,230.77,230.77,228.17,228.85,78489
2026-04-17,230.77,232.69,225.48,227.88,82417
2026-04-20,230.77,230.77,225.19,227.88,78035
2026-04-21,227.88,230.67,225.48,225.96,95056
2026-04-22,225.96,227.79,223.27,225.1,88657
2026-04-23,226.92,226.92,222.21,224.04,48025
2026-04-24,223.08,226.92,221.15,223.56,74675
2026-04-27,223.56,225.96,223.08,225.96,74903
2026-04-28,227.88,227.88,219.23,223.08,214442
2026-04-29,221.15,224.81,219.62,221.15,85732
2026-04-30,222.12,223.27,218.27,222.12,77576
2026-05-04,218.27,223.85,218.27,220.19,85181
2026-05-05,221.15,222.88,219.23,221.15,63807
2026-05-06,224.04,224.04,220.19,222.12,85095
2026-05-07,222.12,223.56,219.81,222.12,62281
2026-05-08,221.15,225.0,221.15,225.0,59947
2026-05-11,225.0,228.75,225.0,228.75,85828
2026-05-12,231.73,231.73,221.92,224.04,134746
2026-05-13,224.04,225.77,222.21,225.48,36555
2026-05-14,225.77,225.96,222.5,225.96,52969
2026-05-15,225.96,227.88,222.69,225.19,32504
2026-05-18,225.19,227.88,223.37,227.88,70520
2026-05-19,227.79,228.17,225.0,227.79,54029
2026-05-20,225.1,228.56,225.1,228.17,71471
2026-05-21,230.77,231.54,225.96,226.15,51944
2026-05-22,228.37,228.46,225.29,227.69,36102
2026-05-25,226.92,229.81,226.15,228.75,70596
2026-05-26,228.85,230.77,227.12,229.81,70690
2026-05-27,229.81,231.73,228.85,231.15,79208
2026-06-01,232.69,232.69,228.85,231.35,100395
2026-06-02,231.73,231.73,228.85,231.15,66716
2026-06-03,231.15,231.25,227.88,230.77,132145
2026-06-04,230.77,232.4,229.13,229.52,30702
2026-06-05,229.81,230.29,227.98,228.94,89456
2026-06-08,230.29,230.77,228.27,228.85,83481
2026-06-09,228.85,230.38,227.79,229.81,206778
2026-06-10,227.88,230.96,227.88,230.58,138940
2026-06-11,231.73,231.73,229.04,230.77,94795
2026-06-12,230.77,232.21,228.85,230.77,91855
2026-06-15,230.77,230.77,228.85,230.77,125450
2026-06-16,230.77,230.77,229.52,230.77,103889
2026-06-17,232.21,232.21,229.62,230.38,49302
2026-06-18,228.85,231.73,227.88,231.25,92241
2026-06-19,230.77,230.87,229.81,230.77,60695
2026-06-22,226.44,231.54,226.44,229.81,110533
2026-06-23,229.33,230.77,227.88,229.81,218419
2026-06-24,229.81,231.73,228.17,230.77,139676
2026-06-25,227.79,231.15,227.79,230.77,150830
2026-06-26,227.88,231.15,226.92,227.6,44620
2026-06-29,227.88,230.1,227.88,230.1,371470
2026-06-30,230.77,231.63,228.85,228.85,117471
2026-07-01,228.85,243.27,228.85,232.69,335428
2026-07-02,235.58,240.38,224.04,239.42,364120
2026-07-03,235.58,238.37,230.58,233.65,324953
2026-07-06,233.65,236.54,229.23,231.73,75273
2026-07-07,230.77,241.25,230.77,238.94,689108
2026-07-08,239.42,239.42,232.69,234.62,90962
2026-07-09,234.13,235.58,231.73,232.69,132974
2026-07-10,232.69,234.9,228.85,230.29,206018
2026-07-13,230.1,230.77,228.08,228.37,137598
2026-07-14,228.85,231.73,225.96,228.08,201957
2026-07-15,230.77,231.63,228.85,230.48,64301
2026-07-16,232.69,233.46,229.33,230.77,55035
2026-07-17,233.46,238.37,231.73,236.54,98871
2026-07-20,235.58,237.88,234.13,235.58,82844
2026-07-21,238.94,238.94,233.94,237.4,119856
2026-07-22,235.58,252.88,232.88,237.69,136705
2026-07-23,243.27,243.27,233.94,239.42,105646
2026-07-24,238.37,241.15,236.54,239.9,177663
2026-07-27,245.19,257.5,238.08,245.19,1089231
2026-07-28,245.19,252.31,241.44,249.42,648297
2026-07-29,243.75,250.96,243.75,247.02,375124
2026-07-30,250.0,252.88,244.42,246.15,286885
2026-07-31,244.23,254.81,242.31,251.92,588735
2026-08-03,255.77,256.73,250.48,252.12,738612
2026-08-04,252.79,254.81,244.33,247.88,246287
2026-08-05,242.79,248.08,242.69,243.46,290873
2026-08-06,247.98,247.98,242.12,242.6,246981
2026-08-07,242.6,243.94,240.38,241.35,157185
2026-08-10,245.0,245.0,239.81,241.35,221487
2026-08-11,243.27,245.19,239.33,241.06,211271
2026-08-12,238.46,243.27,238.46,240.38,189235
2026-08-13,240.29,243.65,240.19,241.92,138101
2026-08-14,241.35,245.19,241.35,243.17,97314
2026-08-17,242.31,244.04,238.46,239.42,342941
2026-08-18,241.35,241.35,234.62,235.58,229247
2026-08-19,236.54,238.85,234.62,238.37,94358
2026-08-20,239.33,239.33,235.58,237.98,103072
2026-08-21,239.42,239.42,235.58,236.73,162508
2026-08-24,239.42,239.42,235.1,235.1,61628
2026-08-25,235.1,238.37,235.1,235.38,118818
2026-08-26,235.58,236.54,232.98,233.75,102470
2026-08-27,231.83,235.38,228.85,232.69,236991
2026-08-31,232.69,236.54,230.0,230.77,85641
2026-09-01,230.77,232.69,230.29,230.77,80037
2026-09-02,236.44,240.38,233.65,240.29,367046
2026-09-03,240.77,244.71,237.5,240.38,147780
2026-09-07,244.9,244.9,238.56,242.21,110870
2026-09-09,245.29,245.29,240.77,240.77,126513
2026-09-10,244.23,244.23,238.27,239.04,221176
2026-09-11,240.38,241.83,238.75,240.96,148823
2026-09-14,240.38,244.23,240.38,243.27,135724
2026-09-15,249.9,253.56,244.52,247.21,315862
2026-09-16,249.04,249.04,245.19,248.08,225137
2026-09-17,250.0,250.0,246.15,248.27,254365
2026-09-18,248.37,251.83,247.12,250.87,894556
2026-09-22,253.0,253.0,246.1,247.5,455178
2026-09-23,247.5,247.5,240.7,243.0,265723
