timestamp,open,high,low,close,volume
2016-07-12,172.97,185.21,172.97,185.21,29034
2016-07-13,185.21,199.03,187.98,199.03,36508
2016-07-14,195.09,214.44,195.09,214.44,383111
2016-07-17,214.44,231.42,210.88,231.42,279518
2016-07-18,231.42,241.29,217.6,223.12,165946
2016-07-19,226.68,226.68,209.7,212.07,139774
2016-07-20,214.04,214.04,201.4,201.4,107322
2016-07-21,201.4,213.25,202.19,205.35,49398
2016-07-25,205.35,214.04,203.38,213.25,45118
2016-07-26,213.25,220.75,210.09,213.25,53932
2016-07-27,213.25,215.23,208.51,211.28,42012
2016-07-28,211.28,211.28,207.33,207.72,20633
2016-07-31,207.72,209.3,205.35,206.14,30489
2016-08-01,206.14,208.12,204.17,204.56,38734
2016-08-02,204.56,207.72,201.4,203.38,42066
2016-08-03,203.38,205.35,201.4,202.59,40746
2016-08-04,202.59,208.12,197.06,197.85,51130
2016-08-07,197.85,205.35,197.46,197.46,45554
2016-08-08,197.46,196.27,189.16,189.16,29440
2016-08-09,191.93,200.22,191.93,199.43,16573
2016-08-10,201.4,202.19,195.48,196.67,44128
2016-08-11,197.46,198.24,194.69,197.46,34904
2016-08-14,195.48,197.46,184.82,186.4,49307
2016-08-15,187.98,187.98,176.92,179.29,36829
2016-08-16,176.92,183.63,176.13,181.66,36420
2016-08-17,181.66,184.42,179.68,183.63,33053
2016-08-21,183.63,184.03,179.29,180.08,14759
2016-08-22,177.71,178.1,172.18,173.37,30973
2016-08-23,171.79,173.76,169.42,171.79,29800
2016-08-24,171.79,177.31,171.79,175.73,20017
2016-08-28,176.13,180.08,173.76,174.16,16833
2016-08-29,174.95,175.34,170.21,172.18,25024
2016-08-30,172.18,176.92,172.18,174.16,28564
2016-08-31,174.55,174.95,169.81,171.79,18569
2016-09-01,172.97,172.97,169.81,171.79,19977
2016-09-04,171.79,171.79,168.63,169.81,18682
2016-09-05,169.81,171.39,166.65,171.39,20849
2016-09-06,169.02,172.18,168.23,169.81,23174
2016-09-07,167.44,171.79,167.44,170.21,13664
2016-09-08,169.81,173.37,168.63,171.39,22517
2016-09-11,169.42,173.76,167.84,168.23,28696
2016-09-12,167.84,169.42,166.26,167.05,31672
2016-09-14,166.65,167.44,163.1,163.89,33290
2016-09-18,165.86,167.84,163.1,163.89,28671
2016-09-20,165.07,164.28,161.12,161.52,22726
2016-09-21,162.7,163.1,159.94,162.31,29742
2016-09-22,162.7,164.68,160.33,161.91,22034
2016-09-25,162.7,164.68,160.33,161.91,22034
2016-09-26,161.52,161.91,159.94,161.12,20918
2016-09-27,161.12,163.1,159.94,161.91,45477
2016-09-28,159.94,162.31,159.94,162.31,19123
2016-09-29,162.31,162.7,160.73,160.73,24587
2016-10-02,161.91,165.86,159.94,165.07,10053
2016-10-03,163.1,166.26,162.31,163.89,7688
2016-10-04,164.28,165.47,160.73,161.91,12183
2016-10-05,161.91,163.49,161.52,161.91,11360
2016-10-06,163.49,163.89,161.12,161.91,16601
2016-10-16,160.33,163.1,159.94,161.52,16068
2016-10-17,161.12,161.91,158.75,161.52,8452
2016-10-18,161.52,161.91,158.36,161.91,12086
2016-10-19,162.7,163.1,159.54,160.73,20664
2016-10-20,161.91,161.52,160.33,161.12,16334
2016-10-23,161.91,161.91,159.54,161.91,17264
2016-10-24,159.94,161.52,159.15,160.33,6900
2016-10-25,161.52,161.52,155.59,159.15,10061
2016-10-26,157.96,158.36,154.41,155.2,14748
2016-10-27,155.2,156.78,154.01,156.38,13510
2016-11-03,155.99,156.38,154.01,155.59,3562
2016-11-07,155.99,155.99,153.23,154.01,9702
2016-11-08,154.01,155.99,153.23,155.59,15000
2016-11-09,155.59,157.57,150.46,152.04,22637
2016-11-10,152.04,158.75,152.04,154.8,24708
2016-11-13,154.01,154.41,150.07,152.83,23973
2016-11-14,152.44,155.59,149.28,153.62,21791
2016-11-15,153.23,154.41,150.86,154.41,43991
2016-11-16,154.8,157.96,152.83,155.2,20539
2016-11-17,153.23,154.01,151.25,153.23,18364
2016-11-20,152.83,154.8,148.09,150.86,24936
2016-11-21,152.83,152.83,146.12,151.65,13058
2016-11-22,150.46,153.62,149.67,152.04,27376
2016-11-23,152.04,153.23,150.07,150.86,10423
2016-11-24,151.25,152.04,146.12,149.67,13798
2016-11-27,147.7,147.7,141.38,144.93,13181
2016-11-28,144.93,144.93,136.64,144.93,13709
2016-11-29,146.91,148.09,142.17,146.12,13035
2016-11-30,148.09,150.07,146.12,148.09,13682
2016-12-01,150.07,151.25,144.14,148.88,28307
2016-12-04,148.88,149.28,144.54,146.51,23562
2016-12-05,146.51,147.7,142.56,145.33,7517
2016-12-06,145.33,146.12,142.17,145.72,7627
2016-12-07,145.72,147.7,144.14,146.12,7991
2016-12-08,144.14,144.93,141.77,142.56,6283
2016-12-11,142.56,142.96,141.38,142.56,15506
2016-12-12,142.56,142.96,139.8,142.17,8927
2016-12-14,142.17,143.35,140.19,142.17,5816
2016-12-15,142.17,144.14,140.19,143.35,8147
2016-12-18,142.17,142.96,140.98,141.77,5913
2016-12-19,142.56,143.35,140.19,140.19,14559
2016-12-20,140.59,140.59,137.03,139.01,5947
2016-12-21,138.61,138.61,135.85,137.43,14245
2016-12-22,135.85,138.61,135.85,137.43,15147
2016-12-26,137.43,137.43,132.29,132.29,8283
2016-12-27,133.87,133.87,129.93,131.11,14116
2016-12-28,131.9,133.08,128.74,131.51,20996
2016-12-29,131.51,133.08,131.11,132.69,19211
2017-01-01,133.48,135.06,131.9,133.08,25955
2017-01-02,134.66,136.24,131.9,133.87,13338
2017-01-03,134.27,135.06,131.9,133.48,10266
2017-01-04,133.48,135.06,131.11,132.69,4710
2017-01-05,133.08,133.48,131.11,131.51,9327
2017-01-08,131.9,131.9,129.93,130.32,17194
2017-01-09,131.51,131.9,130.32,131.11,8076
2017-01-10,131.11,132.69,130.72,131.9,10500
2017-01-11,131.9,133.87,130.72,133.48,8740
2017-01-12,131.9,133.48,131.51,131.9,8031
2017-01-15,131.9,132.69,131.51,132.29,13424
2017-01-16,131.9,132.69,130.32,131.11,6113
2017-01-17,130.32,134.27,129.93,131.11,9206
2017-01-18,130.72,132.29,130.32,130.72,13628
2017-01-19,132.29,132.29,130.32,130.32,8139
2017-01-22,130.32,132.29,130.32,130.32,14419
2017-01-23,130.32,131.11,129.53,129.93,13617
2017-01-24,129.14,130.32,128.35,129.53,10942
2017-01-25,129.93,129.93,126.37,126.77,5407
2017-01-26,126.37,126.77,122.42,122.82,10929
2017-01-30,124.4,125.98,120.45,120.84,4776
2017-01-31,120.45,124.0,119.26,122.42,10171
2017-02-01,122.42,127.95,118.47,127.95,193980
2017-02-02,129.53,131.11,122.42,122.82,37939
2017-02-05,124.4,125.58,120.45,121.63,44526
2017-02-06,122.82,122.82,120.05,120.45,35319
2017-02-07,121.63,122.03,118.87,119.66,45932
2017-02-08,120.05,123.61,117.68,119.26,27062
2017-02-09,119.26,120.45,116.89,116.89,41582
2017-02-12,117.29,118.47,115.31,115.71,24596
2017-02-13,114.52,117.68,114.13,117.29,11578
2017-02-14,118.08,118.47,115.71,118.47,12310
2017-02-15,118.47,120.45,116.89,119.26,14656
2017-02-16,118.08,120.84,117.29,120.05,22651
2017-02-19,120.45,120.84,118.08,119.66,22076
2017-02-20,120.84,122.42,118.08,119.66,23968
2017-02-21,120.84,120.84,119.26,120.05,14751
2017-02-22,121.24,122.42,117.68,118.87,8747
2017-02-23,118.47,119.66,116.89,119.66,15424
2017-02-26,118.47,119.66,116.5,117.68,12241
2017-02-28,116.5,118.87,116.1,117.68,9290
2017-03-01,116.5,119.26,116.5,118.47,9066
2017-03-02,117.68,118.47,116.89,118.47,10018
2017-03-05,117.29,120.45,116.89,120.05,12980
2017-03-06,118.87,122.03,118.87,120.45,14352
2017-03-07,120.05,120.45,118.47,119.66,5221
2017-03-09,119.26,120.45,117.68,118.87,8036
2017-03-13,117.68,119.66,117.68,119.26,3704
2017-03-14,118.08,119.66,117.68,118.08,8449
2017-03-15,117.68,120.45,116.5,119.26,8089
2017-03-16,119.26,120.45,119.26,120.05,4591
2017-03-19,120.05,120.45,119.26,120.45,5845
2017-03-20,120.45,123.21,120.45,122.03,80792
2017-03-21,121.63,124.4,121.63,124.4,18415
2017-03-22,124.4,129.93,123.61,126.37,29752
2017-03-23,126.37,127.16,123.21,125.58,11022
2017-03-26,125.58,130.32,125.58,128.35,19926
2017-03-28,128.35,136.24,128.35,134.66,33691
2017-03-29,134.66,139.4,132.29,133.08,43206
2017-03-30,133.08,134.27,129.93,131.51,29275
2017-04-02,132.29,136.24,131.51,135.85,2837
2017-04-03,137.82,144.54,133.08,133.08,33826
2017-04-04,131.51,134.66,129.53,131.9,26160
2017-04-06,131.9,132.29,129.14,129.53,13207
2017-04-09,131.11,132.29,128.35,131.11,13034
2017-04-10,131.11,132.29,129.53,131.9,8311
2017-04-11,132.29,132.29,129.93,131.9,13906
2017-04-12,130.32,134.27,129.93,130.32,22368
2017-04-13,128.35,131.51,127.16,129.53,11327
2017-04-16,127.95,130.72,127.95,129.14,9327
2017-04-18,129.14,129.14,125.58,125.98,10670
2017-04-19,125.58,129.53,125.58,127.16,10706
2017-04-20,127.16,129.53,126.37,127.16,10259
2017-04-23,128.74,133.48,128.74,129.14,19489
2017-04-24,128.35,130.32,127.56,128.35,7878
2017-04-25,128.35,128.35,126.37,126.37,6658
2017-04-26,126.37,127.95,126.37,126.77,11309
2017-04-27,126.37,127.56,126.37,126.37,8707
2017-04-30,125.98,128.74,125.98,128.35,9421
2017-05-02,126.77,127.56,126.37,126.77,5402
2017-05-03,126.37,128.74,126.37,127.16,7383
2017-05-04,126.37,128.35,125.98,126.37,8192
2017-05-07,127.16,127.95,125.98,125.98,9208
2017-05-08,125.58,126.37,125.58,125.98,4687
2017-05-09,125.98,127.56,124.79,126.37,13468
2017-05-11,126.77,129.53,126.37,128.35,17070
2017-05-15,128.35,130.32,125.98,126.77,10617
2017-05-16,125.58,126.37,125.58,125.98,13642
2017-05-17,126.77,128.74,125.98,128.74,24992
2017-05-18,128.74,128.35,126.37,127.56,8684
2017-05-21,126.37,127.56,125.19,126.37,15792
2017-05-22,125.98,127.16,125.19,126.37,9806
2017-05-23,125.58,127.56,125.19,125.58,10447
2017-05-24,125.58,126.77,125.19,126.77,11348
2017-05-28,125.19,126.37,125.19,125.98,11732
2017-05-30,125.19,125.98,124.4,124.79,11133
2017-05-31,124.79,126.37,124.0,125.19,10490
2017-06-01,125.58,125.98,124.4,124.4,6772
2017-06-04,124.0,125.19,122.42,124.4,8067
2017-06-05,124.4,129.14,122.82,125.19,10116
2017-06-06,125.98,127.95,125.19,126.37,9069
2017-06-07,126.37,126.77,125.19,125.58,8243
2017-06-08,124.0,125.58,123.21,124.0,12652
2017-06-11,125.58,125.58,120.84,122.82,15794
2017-06-12,121.24,124.4,120.84,122.82,13283
2017-06-13,122.42,123.21,120.84,122.42,8527
2017-06-14,122.42,124.4,121.63,122.03,9275
2017-06-15,123.21,123.21,121.24,122.42,13595
2017-06-18,122.42,122.42,120.05,121.24,8776
2017-06-19,121.24,121.63,119.66,119.66,11597
2017-06-20,118.47,120.84,118.08,119.66,9376
2017-06-21,118.47,122.42,118.47,120.84,10391
2017-06-22,120.45,122.03,120.45,120.45,4933
2017-06-25,119.26,122.03,119.26,121.63,4918
2017-06-27,122.03,122.03,120.45,121.24,7643
2017-06-28,120.05,121.63,119.66,120.45,3029
2017-07-02,120.84,121.63,118.47,120.45,13821
2017-07-03,120.05,121.63,119.26,119.66,6510
2017-07-04,119.66,119.66,118.47,119.66,5320
2017-07-05,119.66,120.84,118.87,119.66,6548
2017-07-06,119.66,122.03,118.47,122.03,24434
2017-07-09,122.03,123.21,119.26,121.24,23216
2017-07-10,120.45,120.84,119.26,120.84,15012
2017-07-11,120.05,121.24,120.05,121.24,3524
2017-07-12,120.45,120.45,118.87,119.66,8745
2017-07-13,118.47,121.24,118.47,121.24,131416
2017-07-16,120.84,120.84,119.66,120.45,5966
2017-07-17,120.45,121.63,120.45,121.24,10345
2017-07-18,122.42,124.0,120.45,122.82,133581
2017-07-19,121.63,124.0,121.63,122.42,17772
2017-07-20,121.24,122.82,120.05,121.63,11183
2017-07-23,120.45,120.84,119.66,120.45,15373
2017-07-24,119.66,120.84,119.66,120.05,17002
2017-07-25,119.26,120.45,119.26,119.66,4309
2017-07-26,119.26,120.05,119.26,119.66,11280
2017-07-27,119.66,120.45,118.87,120.05,6470
2017-07-30,120.45,120.45,118.87,119.26,6376
2017-07-31,118.08,120.84,118.08,120.45,25079
2017-08-01,120.45,121.63,119.26,120.45,14918
2017-08-02,120.45,120.45,119.26,120.05,3254
2017-08-03,120.05,120.84,119.26,119.26,11875
2017-08-06,119.26,120.05,118.08,119.66,15005
2017-08-07,118.47,119.66,118.47,118.47,7369
2017-08-09,118.47,119.26,117.68,118.08,10954
2017-08-10,116.89,119.26,116.89,118.47,54669
2017-08-13,119.66,119.66,117.29,119.66,13061
2017-08-15,119.66,119.66,117.68,118.08,14028
2017-08-16,118.47,118.87,114.52,117.68,12165
2017-08-17,117.68,118.47,115.71,116.5,20201
2017-08-20,116.5,118.87,115.31,115.71,8786
2017-08-21,116.5,117.29,115.31,116.1,6878
2017-08-22,114.92,118.47,114.92,116.5,13376
2017-08-23,115.71,116.5,115.31,115.71,11297
2017-08-24,115.71,117.68,115.71,117.68,21321
2017-08-27,117.68,116.89,114.52,115.71,11247
2017-08-28,115.71,117.68,114.52,116.1,13806
2017-08-30,114.92,116.89,113.73,115.71,9954
2017-08-31,115.71,116.1,114.52,114.52,14266
2017-09-04,114.92,115.71,113.73,114.13,8635
2017-09-06,114.13,116.1,112.94,115.71,11595
2017-09-07,114.52,115.71,113.73,114.13,14173
2017-09-10,114.13,114.52,112.15,114.52,9682
2017-09-11,113.73,114.52,111.76,112.55,15549
2017-09-12,111.76,112.55,110.97,111.36,11525
2017-09-13,110.97,112.55,109.39,111.36,8941
2017-09-14,110.97,113.34,110.97,112.55,5667
2017-09-17,113.73,115.71,111.36,114.52,12139
2017-09-18,115.71,115.71,113.34,114.52,6749
2017-09-20,115.31,116.5,112.55,116.5,10125
2017-09-24,115.31,116.1,114.92,115.31,5196
2017-09-25,116.5,116.5,114.52,114.52,8135
2017-09-26,113.34,115.71,113.34,114.52,4650
2017-10-03,114.92,114.92,113.73,113.73,587
2017-10-04,113.73,114.92,113.34,114.52,1758
2017-10-08,113.34,114.52,111.36,114.52,8290
2017-10-09,115.31,115.31,113.34,114.13,3985
2017-10-10,113.73,114.52,112.94,113.73,3665
2017-10-11,112.55,115.31,111.76,113.34,4787
2017-10-12,112.15,115.31,112.15,113.73,12975
2017-10-15,114.13,114.92,112.94,114.92,5282
2017-10-16,114.13,115.71,113.34,115.71,5572
2017-10-17,115.71,115.71,114.52,115.31,1373
2017-10-18,114.13,115.71,113.73,115.71,6680
2017-10-22,116.89,116.89,114.52,115.71,5530
2017-10-23,115.71,115.71,114.13,114.52,16993
2017-10-24,114.52,118.47,113.34,116.5,31003
2017-10-25,116.5,116.89,115.71,115.71,23915
2017-10-29,116.89,116.89,114.92,114.92,10439
2017-10-30,114.13,116.1,114.13,115.71,8833
2017-10-31,115.71,117.29,115.71,116.89,25164
2017-11-01,116.5,120.84,116.5,120.84,36856
2017-11-02,120.84,120.84,117.68,119.66,26318
2017-11-05,118.47,118.47,116.1,117.68,8057
2017-11-06,117.68,118.47,114.92,116.5,37966
2017-11-07,116.5,116.89,114.92,115.31,24092
2017-11-08,114.52,114.92,113.73,114.52,6888
2017-11-09,114.13,114.92,111.76,114.13,6429
2017-11-12,114.13,115.31,113.73,114.13,24126
2017-11-13,114.52,114.92,112.94,114.52,13124
2017-11-14,114.52,116.1,114.13,116.1,25690
2017-11-15,114.92,116.5,113.34,115.31,17272
2017-11-16,115.31,115.31,114.13,114.52,12197
2017-11-19,114.52,114.52,113.34,113.34,13884
2017-11-20,113.34,114.13,113.34,114.13,4741
2017-11-21,112.94,114.13,112.94,113.34,15132
2017-11-22,113.34,113.73,112.94,113.34,10675
2017-11-23,113.34,114.52,113.34,113.73,11463
2017-11-26,113.73,116.5,113.73,114.13,7347
2017-11-27,115.31,115.31,114.13,114.92,39992
2017-11-28,114.92,116.5,114.92,116.5,19330
2017-11-29,116.5,117.29,115.71,116.89,14021
2017-11-30,118.08,118.08,115.31,116.89,7991
2017-12-04,115.71,116.1,114.52,114.92,9488
2017-12-05,114.13,116.5,114.13,116.5,3315
2017-12-06,115.31,116.89,115.31,116.5,10272
2017-12-10,117.68,117.68,114.52,114.92,6844
2017-12-11,114.52,116.1,114.52,114.92,12289
2017-12-12,114.92,114.92,114.13,114.52,4110
2017-12-13,114.52,115.31,114.52,114.52,9538
2017-12-14,115.31,115.71,114.13,114.13,2007
2017-12-17,114.52,115.31,114.13,114.92,2870
2017-12-18,114.52,115.31,114.13,114.92,12023
2017-12-19,114.52,115.31,113.73,113.73,8838
2017-12-20,114.13,114.92,113.34,114.52,23674
2017-12-21,114.52,114.52,113.73,114.13,4424
2017-12-24,114.13,114.92,113.73,114.52,14550
2017-12-26,114.52,114.52,112.55,113.34,19399
2017-12-27,113.34,113.34,109.79,111.76,11549
2017-12-28,110.57,112.15,110.18,110.18,6145
2017-12-31,109.0,110.97,109.0,110.57,7498
2018-01-01,110.57,111.76,109.79,111.76,5846
2018-01-02,111.76,112.15,110.57,110.57,6256
2018-01-03,110.57,112.15,109.79,109.79,6303
2018-01-04,109.79,110.57,109.39,110.57,11902
2018-01-07,109.79,110.97,109.79,110.57,2909
2018-01-08,110.97,111.36,109.39,111.36,3712
2018-01-09,111.36,111.76,109.79,109.79,5071
2018-01-10,109.79,110.57,109.79,109.79,5085
2018-01-14,109.39,110.97,108.21,109.79,12212
2018-01-16,109.79,110.57,108.6,110.57,7234
2018-01-17,110.57,110.57,109.0,109.39,1431
2018-01-21,109.39,109.39,108.6,109.0,4425
2018-01-22,109.39,109.39,108.21,108.21,5789
2018-01-23,107.81,109.39,107.81,109.39,2845
2018-01-24,108.6,109.39,108.6,109.39,1199
2018-01-25,109.39,109.79,107.42,108.21,5003
2018-01-28,108.6,109.79,108.21,108.6,6493
2018-01-29,108.6,108.6,106.63,107.42,45030
2018-01-31,106.63,108.6,106.63,108.21,3363
2018-02-01,108.21,110.18,107.42,109.79,5978
2018-02-04,108.6,110.57,108.6,109.39,3216
2018-02-05,110.18,110.18,108.21,108.6,7220
2018-02-06,108.6,109.0,107.81,108.6,2579
2018-02-07,107.81,108.6,107.81,107.81,3546
2018-02-08,106.63,108.21,106.63,107.81,2522
2018-02-11,109.0,109.0,107.81,107.81,3282
2018-02-12,107.81,109.79,107.81,109.0,5376
2018-02-14,108.21,108.6,107.42,108.6,2459
2018-02-15,108.6,110.18,108.6,109.39,3154
2018-02-18,110.18,110.97,108.6,108.6,3381
2018-02-20,109.0,109.79,108.21,109.79,4060
2018-02-21,108.6,109.39,107.81,108.6,9371
2018-02-22,107.42,108.21,107.42,107.81,15214
2018-02-25,106.63,108.6,106.63,107.81,4447
2018-02-26,107.02,107.81,107.02,107.81,5759
2018-02-27,107.02,109.0,107.02,109.0,6332
2018-02-28,109.0,109.0,106.63,107.81,5026
2018-03-04,106.63,107.02,102.68,105.44,23142
2018-03-06,104.26,106.23,101.89,105.05,16763
2018-03-07,105.44,106.23,104.26,105.05,7300
2018-03-11,105.05,105.44,101.49,104.26,15664
2018-03-12,104.26,105.05,102.28,102.68,7732
2018-03-13,102.68,104.65,102.68,103.47,3889
2018-03-14,102.68,104.26,102.68,103.86,1891
2018-03-15,103.86,105.44,102.68,103.86,9713
2018-03-18,103.47,104.65,103.07,103.47,7326
2018-03-19,103.07,103.86,102.68,103.07,10949
2018-03-20,102.28,102.68,100.7,101.89,14484
2018-03-21,101.49,101.49,100.31,101.1,6365
2018-03-22,101.89,102.28,98.73,101.1,10432
2018-03-26,100.31,100.31,96.75,99.52,7292
2018-03-27,98.73,101.1,97.54,101.1,15621
2018-03-28,100.7,100.7,99.52,99.91,4322
2018-03-29,99.12,100.7,98.33,99.91,6407
2018-04-01,100.31,100.31,96.75,96.75,37639
2018-04-02,96.36,99.12,96.36,98.33,1785
2018-04-03,97.94,99.52,97.54,99.52,9529
2018-04-04,100.31,100.7,99.52,100.7,1976
2018-04-05,100.7,101.1,99.91,101.1,5613
2018-04-08,101.89,104.26,100.7,103.86,23754
2018-04-09,105.05,105.84,101.89,101.89,25028
2018-04-10,101.89,103.07,101.49,102.28,19414
2018-04-11,103.07,103.07,101.1,102.68,1992
2018-04-12,103.07,103.07,101.89,102.28,4993
2018-04-15,102.28,103.07,101.1,101.89,5620
2018-04-16,102.68,103.86,101.49,101.89,7468
2018-04-17,101.89,107.42,101.89,107.42,34216
2018-04-18,108.6,113.73,105.44,110.57,58604
2018-04-19,111.76,114.13,109.79,110.97,63451
2018-04-22,110.57,114.52,110.18,113.73,38482
2018-04-23,114.92,114.92,109.79,110.97,37464
2018-04-24,109.79,112.15,107.81,109.79,15495
2018-04-25,108.6,110.57,107.42,107.42,13284
2018-04-26,106.23,108.6,106.23,108.21,17201
2018-04-29,107.42,108.6,105.84,108.6,7292
2018-05-02,108.6,110.97,106.63,110.97,8923
2018-05-03,111.36,111.36,109.0,109.0,15297
2018-05-06,109.39,110.57,107.42,110.57,8955
2018-05-07,109.39,109.39,107.42,108.6,15006
2018-05-08,109.0,110.57,107.42,109.0,14020
2018-05-09,109.0,110.18,107.81,108.6,4798
2018-05-10,108.6,109.79,107.42,108.6,5212
2018-05-14,109.39,110.57,108.6,109.79,28108
2018-05-15,110.18,110.18,109.0,109.0,2835
2018-05-16,109.39,109.39,108.21,108.21,2567
2018-05-17,107.81,110.18,107.42,108.6,6471
2018-05-20,108.6,110.97,107.81,108.21,3423
2018-05-21,107.81,109.79,107.81,109.79,4935
2018-05-22,110.57,110.57,108.21,108.6,7817
2018-05-23,108.6,108.6,107.42,108.21,2150
2018-05-24,108.21,108.6,107.02,107.42,6203
2018-05-27,107.42,108.21,106.23,107.42,7787
2018-05-28,107.42,109.79,106.63,109.79,5783
2018-05-29,110.97,110.97,107.02,108.6,5689
2018-05-30,107.81,109.39,107.81,109.39,2459
2018-05-31,109.79,109.79,107.42,107.81,2671
2018-06-03,106.63,107.42,105.05,107.42,8276
2018-06-04,106.23,107.42,105.05,106.63,3979
2018-06-06,107.42,108.6,107.42,107.42,329
2018-06-07,107.81,107.81,105.44,105.84,7627
2018-06-10,107.42,107.42,105.05,105.44,4111
2018-06-11,105.84,107.02,104.65,104.65,6424
2018-06-12,104.65,107.02,104.26,107.02,9378
2018-06-13,105.84,106.63,104.26,106.63,7631
2018-06-14,105.84,107.42,105.84,106.63,11463
2018-06-17,106.23,106.63,105.05,105.44,3523
2018-06-18,105.44,105.84,104.65,105.84,3411
2018-06-19,105.84,105.84,104.26,105.44,5394
2018-06-20,105.05,106.63,105.05,105.05,5612
2018-06-21,105.05,106.23,104.65,105.84,7130
2018-06-24,104.65,106.23,104.65,106.23,5141
2018-06-25,106.23,106.63,104.26,104.26,4710
2018-06-26,103.47,105.05,103.47,103.47,10442
2018-06-27,103.47,105.84,103.07,105.05,4890
2018-06-28,105.05,105.05,103.86,103.86,1621
2018-07-01,109.79,109.79,107.42,109.39,9505
2018-07-02,102.68,103.47,100.7,102.28,21338
2018-07-03,101.89,104.65,101.89,103.86,7654
2018-07-04,103.86,103.86,102.68,103.47,10380
2018-07-05,103.86,105.84,103.07,105.84,6018
2018-07-08,105.84,106.63,103.47,104.65,7306
2018-07-09,105.05,105.05,102.68,103.47,10910
2018-07-10,104.26,104.26,102.68,102.68,14751
2018-07-11,102.68,105.05,102.68,103.86,2516
2018-07-12,102.68,103.86,102.28,103.86,4603
2018-07-15,103.86,105.44,102.68,105.44,11618
2018-07-16,104.26,105.44,102.68,104.65,22791
2018-07-17,104.65,105.44,103.47,104.26,17111
2018-07-18,104.26,105.44,103.47,105.44,11666
2018-07-19,104.26,105.84,103.47,104.65,5866
2018-07-22,104.26,105.84,103.86,105.84,14799
2018-07-23,104.65,110.57,104.65,110.57,34091
2018-07-24,109.39,111.76,108.21,110.18,30101
2018-07-25,110.97,112.15,108.6,109.0,7382
2018-07-26,109.0,110.57,107.02,109.79,28187
2018-07-29,110.18,114.13,110.18,113.34,72076
2018-07-30,114.13,114.92,110.57,111.36,85433
2018-07-31,110.57,110.97,109.0,109.39,24824
2018-08-01,109.79,109.79,107.42,109.39,9505
2018-08-02,108.21,108.6,107.81,107.81,15133
2018-08-05,107.81,108.21,106.63,107.42,10148
2018-08-06,108.21,108.6,106.63,107.42,7440
2018-08-07,106.63,108.6,106.63,107.81,5889
2018-08-08,106.63,109.0,106.63,107.42,6634
2018-08-09,107.81,108.21,106.63,108.21,11993
2018-08-12,109.39,109.39,107.02,108.21,7815
2018-08-13,107.81,108.21,106.63,108.21,3830
2018-08-14,109.39,109.39,107.02,107.81,5122
2018-08-15,107.02,110.18,107.02,110.18,9450
2018-08-16,110.57,110.97,107.81,109.39,19449
2018-08-19,108.21,109.0,106.63,106.63,16240
2018-08-20,107.81,107.81,106.63,107.02,6588
2018-08-21,106.63,107.42,106.63,106.63,4808
2018-08-22,106.63,107.42,106.63,107.02,1400
2018-08-23,107.81,107.81,106.63,106.63,2804
2018-08-26,106.63,107.02,106.23,106.63,2365
2018-08-28,106.63,107.42,105.44,107.42,4581
2018-08-29,106.23,106.63,105.44,106.23,5227
2018-08-30,107.02,107.02,105.84,107.02,1992
2018-09-02,108.21,108.21,105.84,107.02,5169
2018-09-03,107.02,108.21,105.84,107.42,11787
2018-09-04,107.42,108.21,106.63,107.02,7295
2018-09-05,107.81,108.6,106.63,107.81,12568
2018-09-06,107.02,108.21,107.02,107.02,8051
2018-09-09,107.02,107.02,105.84,106.23,5229
2018-09-10,105.84,106.23,105.05,105.05,7363
2018-09-11,104.65,106.23,104.65,105.44,4398
2018-09-12,105.44,107.02,105.05,106.63,7465
2018-09-13,105.44,107.81,105.44,107.81,31531
2018-09-16,109.0,109.0,106.63,107.42,20853
2018-09-17,107.81,108.21,107.02,107.42,12356
2018-09-18,106.63,109.0,106.63,108.21,22342
2018-09-20,107.02,108.21,107.02,107.42,6118
2018-09-23,106.23,108.6,106.23,106.63,4973
2018-09-25,107.81,109.0,105.44,106.63,42558
2018-09-26,106.63,108.21,106.63,107.02,21993
2018-09-27,105.84,108.6,105.84,108.6,22094
2018-09-30,107.42,108.6,106.63,107.02,22435
2018-10-01,106.63,108.21,106.63,107.02,13918
2018-10-02,106.23,107.42,105.84,106.63,5269
2018-10-03,106.23,107.02,106.23,106.63,6193
2018-10-04,106.63,106.63,105.84,106.23,7676
2018-10-07,105.44,105.84,105.05,105.44,4061
2018-10-08,104.65,106.63,104.65,105.84,6848
2018-10-09,105.44,107.02,105.44,105.84,4835
2018-10-10,105.44,107.42,105.05,105.84,3349
2018-10-11,105.44,106.23,105.44,105.44,5283
2018-10-14,106.23,107.42,105.84,105.84,2979
2018-10-15,105.44,106.23,105.44,105.84,2316
2018-10-21,105.84,106.23,105.84,105.84,1142
2018-10-22,105.84,107.02,105.84,107.02,2263
2018-10-23,107.81,107.81,105.84,106.23,831
2018-10-24,105.84,107.42,105.44,106.23,3857
2018-10-25,106.23,106.63,105.44,105.84,6827
2018-10-28,105.44,107.02,105.05,106.23,2305
2018-10-29,106.63,106.63,104.65,105.05,5547
2018-10-30,104.65,107.42,104.65,107.42,3656
2018-10-31,107.02,107.02,104.65,105.05,2259
2018-11-01,104.65,106.23,104.65,106.23,1680
2018-11-04,105.44,106.63,104.26,105.84,3774
2018-11-05,105.05,106.63,105.05,106.63,1213
2018-11-14,104.65,105.44,104.26,105.05,1208
2018-11-15,105.05,105.05,104.26,104.65,4376
2018-11-18,104.26,105.44,103.86,103.86,5863
2018-11-19,103.86,103.86,103.47,103.47,5642
2018-11-20,103.47,104.26,103.47,104.26,4428
2018-11-21,104.26,104.65,103.47,103.47,8396
2018-11-22,103.47,103.86,103.07,103.47,6414
2018-11-25,103.47,103.86,102.68,103.86,13501
2018-11-26,103.86,103.86,102.68,103.07,2896
2018-11-27,103.07,104.26,103.07,103.86,2952
2018-11-28,103.58,103.86,102.68,103.47,7494
2018-11-29,103.47,103.47,102.28,102.68,5040
2018-12-02,102.68,103.07,101.49,101.89,8491
2018-12-03,101.89,103.07,101.49,103.07,6074
2018-12-04,103.07,103.47,101.1,101.89,3712
2018-12-06,101.1,101.89,100.7,101.49,6395
2018-12-09,101.49,102.28,100.7,102.28,3775
2018-12-10,102.28,102.28,100.31,100.7,8896
2018-12-11,100.7,101.89,100.7,101.49,5855
2018-12-12,101.49,101.49,100.7,101.1,3478
2018-12-13,101.1,102.68,100.31,101.49,7879
2018-12-16,101.49,105.44,101.49,101.49,805
2018-12-17,101.49,102.28,100.7,101.89,3156
2018-12-18,101.89,101.89,101.1,101.89,12729
2018-12-19,101.89,101.89,100.31,101.1,1944
2018-12-20,101.1,101.49,101.1,101.1,2615
2018-12-23,101.1,104.26,101.1,103.47,13599
2018-12-24,103.47,109.39,103.47,109.39,58066
2018-12-25,109.39,112.94,109.39,110.18,94717
2018-12-26,110.18,112.15,110.18,111.36,45206
2018-12-27,111.36,113.73,109.79,110.18,46463
2018-12-30,110.18,110.97,109.79,110.57,23003
2018-12-31,110.57,111.76,109.79,110.57,45438
2019-01-01,110.58,112.94,109.03,109.47,6502
2019-01-02,109.47,109.47,108.6,109.03,6001
2019-01-03,109.03,110.34,108.6,109.03,1970
2019-01-06,109.03,109.9,108.6,108.6,2125
2019-01-07,108.6,109.9,108.6,108.6,1955
2019-01-08,108.6,109.9,108.6,109.47,1575
2019-01-09,109.47,110.34,109.03,109.9,44634
2019-01-10,109.9,110.34,108.17,109.47,14329
2019-01-13,109.47,109.47,108.17,108.6,1073
2019-01-14,108.6,109.9,107.3,108.6,9416
2019-01-15,108.6,109.47,108.17,109.03,27657
2019-01-16,109.03,109.9,108.17,108.6,11245
2019-01-17,108.6,109.47,108.17,108.17,6184
2019-01-20,108.17,109.03,107.3,107.73,2037
2019-01-21,107.73,108.6,106.86,107.3,2966
2019-01-22,107.3,107.3,106.43,106.43,17683
2019-01-23,106.43,107.73,105.56,106.43,6089
2019-01-24,106.43,107.73,104.26,106.86,78827
2019-01-27,106.86,107.73,104.26,105.99,17291
2019-01-28,105.99,106.86,105.13,105.13,2682
2019-01-29,105.13,106.86,104.69,105.56,7452
2019-01-30,105.56,105.99,104.69,105.56,5239
2019-01-31,105.56,105.56,104.26,105.13,10316
2019-02-03,104.26,105.13,103.82,104.69,11793
2019-02-04,104.26,104.69,103.39,103.39,14968
2019-02-05,102.95,105.13,102.95,103.82,10281
2019-02-06,102.95,104.26,102.95,102.95,8791
2019-02-07,102.95,104.26,102.52,103.39,3619
2019-02-10,102.52,103.39,101.65,102.08,8711
2019-02-11,101.65,103.39,101.65,103.39,4163
2019-02-12,102.52,103.39,101.65,101.65,7306
2019-02-13,101.65,102.52,101.65,102.52,2586
2019-02-14,102.52,102.52,100.78,100.78,17185
2019-02-17,101.65,102.52,100.78,101.22,5651
2019-02-18,101.22,101.22,99.91,100.35,8653
2019-02-19,100.78,101.65,99.48,101.65,4907
2019-02-20,101.65,102.52,100.35,101.22,22967
2019-02-21,101.22,101.22,99.91,101.22,1311
2019-02-24,100.35,101.22,99.91,99.91,5297
2019-02-25,99.48,101.22,99.48,100.35,5235
2019-02-26,99.48,101.65,99.48,100.35,5274
2019-02-27,101.22,101.22,99.91,101.22,6773
2019-03-03,101.22,101.22,99.48,99.91,5610
2019-03-05,99.91,100.78,99.48,99.91,9627
2019-03-06,99.48,100.35,99.04,99.91,3255
2019-03-07,99.91,101.22,99.04,101.22,8555
2019-03-09,100.35,101.22,99.91,100.78,666
2019-03-10,100.35,101.22,99.91,100.78,666
2019-03-11,100.35,101.22,99.48,100.35,11853
2019-03-12,100.35,103.82,99.91,102.08,14368
2019-03-13,102.08,102.52,101.65,102.08,3472
2019-03-14,101.22,103.39,99.91,101.65,4519
2019-03-17,101.65,103.39,101.65,101.65,3926
2019-03-18,101.65,102.08,101.22,101.22,5685
2019-03-19,100.78,101.65,100.35,101.22,5412
2019-03-21,101.22,101.22,99.91,100.78,7326
2019-03-24,100.35,100.78,99.91,100.78,2449
2019-03-25,99.91,100.78,99.48,100.35,14739
2019-03-26,100.35,100.78,99.91,100.35,3501
2019-03-27,100.35,101.22,100.35,100.35,2691
2019-03-28,99.91,100.78,99.91,100.35,7123
2019-03-31,100.78,102.08,100.35,101.65,8566
2019-04-01,100.78,102.08,100.78,101.65,4756
2019-04-02,100.78,104.26,100.78,102.52,15312
2019-04-03,102.08,105.13,102.08,103.82,25017
2019-04-04,103.39,104.26,103.39,103.39,4828
2019-04-07,103.39,104.26,101.65,103.39,2371
2019-04-08,103.39,104.26,103.39,103.39,14757
2019-04-09,103.82,103.82,102.08,102.52,7171
2019-04-10,101.65,104.26,101.65,103.82,7144
2019-04-11,103.82,103.82,102.08,103.82,4201
2019-04-15,102.95,103.39,102.08,103.39,1274
2019-04-16,104.26,104.26,102.52,103.39,3307
2019-04-17,103.39,105.13,102.95,104.26,6645
2019-04-18,103.39,105.13,102.95,102.95,7192
2019-04-21,102.95,105.13,102.52,103.39,16943
2019-04-22,104.26,104.69,103.39,103.82,25156
2019-04-23,103.39,103.39,102.52,102.52,5901
2019-04-24,102.08,104.69,102.08,103.39,9932
2019-04-25,102.52,103.82,102.52,103.82,21189
2019-04-28,103.82,107.73,103.82,106.86,43827
2019-04-29,106.43,107.3,104.26,105.99,23093
2019-04-30,105.99,109.03,104.26,106.43,24508
2019-05-02,105.56,107.3,104.69,105.13,9996
2019-05-05,104.69,105.13,104.26,104.26,7669
2019-05-06,104.26,105.13,103.82,104.69,4157
2019-05-07,104.26,105.99,104.26,105.13,6890
2019-05-08,104.69,105.56,104.69,104.69,4193
2019-05-09,104.69,106.43,104.69,105.56,6752
2019-05-12,105.13,106.86,103.82,106.86,11824
2019-05-13,106.86,112.94,106.43,112.94,160063
2019-05-14,114.25,118.16,109.47,110.77,101891
2019-05-15,109.47,117.29,109.47,114.25,81467
2019-05-16,115.12,115.99,113.38,113.38,36536
2019-05-19,112.08,113.38,109.9,112.51,30293
2019-05-20,112.94,113.81,111.64,112.08,27247
2019-05-21,111.21,116.42,111.21,115.55,74352
2019-05-22,116.42,122.5,115.12,121.2,213727
2019-05-23,121.63,121.63,115.12,115.99,109932
2019-05-26,117.29,118.59,114.68,115.55,58898
2019-05-27,112.08,116.85,112.08,115.99,20504
2019-05-28,114.68,116.85,114.68,114.68,17325
2019-05-29,115.99,117.72,114.25,116.85,30751
2019-05-30,118.16,119.46,115.12,116.42,60103
2019-06-02,116.85,117.29,114.68,115.99,21249
2019-06-03,115.55,115.55,112.94,114.25,23039
2019-06-04,115.12,115.12,113.38,113.81,14769
2019-06-06,112.94,115.12,112.94,113.38,15805
2019-06-10,109.9,115.12,109.9,113.38,31225
2019-06-11,113.81,115.12,113.38,113.38,10689
2019-06-12,113.38,114.68,112.94,113.81,26282
2019-06-13,113.81,114.68,113.38,114.25,17942
2019-06-16,114.25,114.25,112.51,112.94,9599
2019-06-17,112.08,114.25,112.08,113.38,18051
2019-06-18,112.08,113.81,112.51,112.51,8706
2019-06-19,112.51,113.81,112.51,112.51,3005
2019-06-20,112.51,114.25,112.51,113.38,10481
2019-06-23,112.94,113.38,112.08,112.08,8440
2019-06-24,112.08,113.81,111.64,113.81,11416
2019-06-25,112.94,113.38,112.51,112.51,13001
2019-06-26,112.08,114.25,112.08,112.94,60371
2019-06-27,114.25,115.12,113.38,113.38,58207
2019-06-30,112.51,113.81,112.08,112.08,9018
2019-07-01,112.94,112.94,111.21,111.64,8779
2019-07-02,110.77,112.51,110.77,112.51,6932
2019-07-03,112.51,114.25,112.08,114.25,10470
2019-07-04,114.25,114.25,112.08,113.38,12667
2019-07-07,112.94,113.81,112.94,113.81,12640
2019-07-08,114.25,114.25,113.38,113.38,7768
2019-07-09,113.38,118.16,113.38,113.81,20790
2019-07-10,112.94,113.38,112.51,112.51,16834
2019-07-11,112.51,113.38,112.51,112.51,13308
2019-07-14,112.08,114.25,112.08,113.38,6143
2019-07-15,113.38,113.81,112.94,113.38,14272
2019-07-16,114.68,114.68,112.94,113.38,9159
2019-07-17,112.51,114.68,112.51,113.81,7615
2019-07-18,113.81,115.12,113.38,113.81,9392
2019-07-21,113.81,113.81,112.51,113.38,9133
2019-07-22,112.94,114.25,112.51,113.81,12524
2019-07-23,114.25,114.68,112.94,113.38,38882
2019-07-24,113.38,114.68,112.51,114.68,12730
2019-07-25,114.68,114.68,112.51,112.94,7203
2019-07-28,113.81,114.68,110.77,111.64,21487
2019-07-29,112.08,114.25,111.21,111.21,8994
2019-07-30,110.77,112.08,110.77,112.08,8285
2019-07-31,110.77,112.51,110.77,112.08,6497
2019-08-01,112.51,112.51,111.21,112.08,12241
2019-08-04,110.77,112.94,110.34,110.77,6477
2019-08-05,110.34,112.51,109.9,111.21,5186
2019-08-06,110.77,111.64,109.9,109.9,5174
2019-08-07,108.6,112.51,108.6,111.21,9808
2019-08-08,112.51,113.81,109.9,110.34,2381
2019-08-11,111.64,112.51,109.47,110.77,15486
2019-08-12,110.77,111.64,109.9,111.21,3214
2019-08-13,111.21,112.51,108.6,109.47,21491
2019-08-14,109.47,110.34,108.6,109.47,16035
2019-08-15,108.6,109.9,107.73,108.17,7264
2019-08-18,107.73,109.9,107.3,107.3,4101
2019-08-19,106.86,110.34,106.86,108.6,7349
2019-08-20,107.3,108.6,107.3,108.17,4129
2019-08-21,107.3,108.17,107.3,107.73,15657
2019-08-22,106.86,107.73,106.86,107.3,4184
2019-08-25,106.86,108.6,105.99,107.3,21795
2019-08-26,106.43,107.3,105.56,107.3,1726
2019-08-27,107.3,108.17,105.99,107.73,4401
2019-08-28,106.86,106.86,105.56,106.43,3015
2019-08-29,106.86,107.3,105.13,105.56,7785
2019-09-01,105.13,105.99,103.39,105.13,15149
2019-09-02,105.99,106.86,103.39,104.26,3712
2019-09-03,105.13,106.86,102.52,106.86,9281
2019-09-04,106.86,106.86,104.69,104.69,5782
2019-09-05,105.13,105.56,103.39,103.82,7147
2019-09-08,103.82,103.82,102.95,103.82,5690
2019-09-09,104.26,104.26,102.52,102.95,3188
2019-09-10,102.95,103.82,102.08,102.95,4586
2019-09-11,102.95,103.39,102.08,103.39,5720
2019-09-12,104.26,104.26,101.22,101.65,7346
2019-09-15,101.65,102.08,100.35,100.35,4926
2019-09-16,99.91,101.22,99.91,99.91,5901
2019-09-17,100.78,103.39,99.91,102.52,6438
2019-09-18,103.39,103.82,101.22,103.82,10065
2019-09-19,102.95,103.82,101.65,102.08,2864
2019-09-22,101.65,102.08,100.35,100.35,4285
2019-09-23,100.35,101.65,100.35,100.78,3467
2019-09-24,100.78,101.22,99.91,99.91,5858
2019-09-26,99.91,102.08,99.91,99.91,6199
2019-09-29,99.48,101.22,99.48,100.35,3164
2019-09-30,100.35,100.78,99.91,99.91,2480
2019-10-01,100.35,102.08,100.35,101.65,3125
2019-10-02,102.52,102.52,101.22,102.08,6057
2019-10-03,101.65,101.65,101.22,101.65,181
2019-10-10,101.22,101.22,100.35,101.22,3107
2019-10-14,102.08,104.26,102.08,103.82,9003
2019-10-15,103.39,104.69,102.95,103.39,6305
2019-10-16,102.95,104.26,102.52,102.95,3300
2019-10-17,102.95,104.26,102.52,104.26,4198
2019-10-20,103.82,103.82,102.52,102.52,5804
2019-10-21,101.65,103.82,101.65,102.95,1561
2019-10-22,102.52,102.95,102.08,102.95,873
2019-10-23,102.08,103.39,101.22,103.39,4299
2019-10-24,102.52,103.39,102.52,102.95,4724
2019-10-31,102.95,102.95,101.65,102.08,5261
2019-11-03,101.22,102.52,100.78,100.78,7756
2019-11-04,100.35,103.82,99.91,103.39,12838
2019-11-05,102.52,104.26,101.65,102.52,3357
2019-11-06,102.08,102.95,101.65,101.65,2555
2019-11-07,102.08,102.08,100.35,100.35,10354
2019-11-10,100.35,101.65,100.35,100.35,16912
2019-11-11,100.35,102.08,100.35,101.65,3814
2019-11-12,100.78,102.08,100.35,101.22,5397
2019-11-13,101.22,101.22,99.91,100.35,16900
2019-11-14,100.35,101.65,99.91,100.35,5145
2019-11-17,100.35,100.78,99.91,100.35,5735
2019-11-18,99.91,100.35,99.91,99.91,9439
2019-11-19,99.91,100.78,99.91,100.35,3949
2019-11-20,100.78,102.08,99.91,99.91,6567
2019-11-21,100.35,100.35,99.91,100.35,8206
2019-11-24,99.48,99.91,99.48,99.91,7696
2019-11-25,100.78,100.78,99.48,100.35,13037
2019-11-26,99.91,101.65,99.91,101.22,17855
2019-11-27,102.08,102.08,100.35,101.22,9275
2019-11-28,100.78,101.22,100.35,101.22,4516
2019-12-01,101.22,101.22,100.35,100.78,3947
2019-12-02,100.35,101.22,99.48,99.48,10364
2019-12-03,99.04,101.65,99.04,101.65,8648
2019-12-04,100.78,102.08,100.35,102.08,7878
2019-12-05,102.52,102.52,100.78,101.65,2262
2019-12-08,102.08,102.08,99.91,101.22,2294
2019-12-09,100.35,102.95,100.35,102.08,7365
2019-12-10,101.22,102.08,99.91,101.22,6159
2019-12-11,101.22,102.95,100.78,101.65,5406
2019-12-12,100.78,104.26,100.35,103.82,16115
2019-12-15,103.82,103.82,101.22,102.08,2036
2019-12-16,102.08,102.08,100.35,101.22,4213
2019-12-17,100.78,101.65,100.78,100.78,5235
2019-12-18,100.35,101.65,100.35,101.65,2483
2019-12-19,102.08,102.08,100.78,101.65,6434
2019-12-22,101.22,101.22,100.35,100.35,3613
2019-12-23,101.22,105.99,101.22,105.99,23058
2019-12-24,109.03,112.08,105.56,105.56,119918
2019-12-25,105.56,108.17,105.56,106.86,28421
2019-12-26,106.86,107.73,106.43,107.3,21053
2019-12-29,106.86,106.86,105.99,106.43,10588
2019-12-30,106.86,106.86,105.56,105.99,8585
2019-12-31,105.99,106.43,105.56,105.99,11492
2020-01-01,105.56,108.17,105.13,106.43,63112
2020-01-02,105.56,105.56,100.78,101.65,12371
2020-01-05,100.78,102.52,100.78,102.08,10433
2020-01-06,102.08,103.82,101.65,102.52,10450
2020-01-07,101.65,102.95,101.65,102.08,9486
2020-01-08,102.08,102.08,100.78,101.65,10869
2020-01-09,101.22,102.52,100.78,102.08,4941
2020-01-12,101.22,104.26,101.22,104.26,24325
2020-01-13,104.26,107.3,103.39,104.26,40687
2020-01-14,105.13,105.56,103.82,104.26,17740
2020-01-15,104.26,107.73,103.82,104.69,21596
2020-01-16,105.56,106.43,104.69,106.43,19349
2020-01-19,105.99,107.3,105.99,106.86,33360
2020-01-20,107.73,108.6,103.82,104.69,51032
2020-01-21,105.56,105.56,104.26,105.13,21088
2020-01-22,104.26,104.26,102.95,104.26,15328
2020-01-23,104.26,105.13,102.95,102.95,9815
2020-01-26,105.56,105.56,101.65,102.08,23559
2020-01-27,101.65,103.82,101.65,102.52,14862
2020-01-28,103.39,103.82,102.08,102.95,8557
2020-01-29,102.95,102.95,101.65,101.65,11615
2020-01-30,102.52,104.26,102.52,102.95,30658
2020-02-02,102.95,104.26,102.52,103.39,19042
2020-02-03,103.39,105.99,102.52,105.13,17888
2020-02-04,104.69,105.13,103.39,103.82,21522
2020-02-05,104.69,105.13,102.95,102.95,29436
2020-02-06,102.95,104.69,102.95,102.95,10296
2020-02-09,102.52,105.13,102.52,103.82,13971
2020-02-10,104.26,104.26,103.39,104.26,4090
2020-02-11,103.39,105.13,103.39,104.69,14172
2020-02-12,103.82,104.69,102.95,103.82,14073
2020-02-13,104.69,104.69,102.52,103.82,19565
2020-02-16,102.95,103.82,102.52,102.52,12817
2020-02-17,102.52,105.56,102.52,104.26,40432
2020-02-18,103.82,104.69,102.95,103.82,21385
2020-02-19,102.95,105.13,102.08,103.82,6374
2020-02-23,104.69,109.47,103.82,106.86,95419
2020-02-24,106.86,108.6,105.13,105.13,23935
2020-02-25,108.17,111.21,104.69,110.77,146913
2020-02-26,112.08,115.12,108.6,111.64,84944
2020-02-27,111.64,112.94,108.6,108.6,60040
2020-03-01,108.6,110.34,107.3,107.73,74157
2020-03-02,106.86,109.03,104.26,105.13,17069
2020-03-03,105.13,106.86,102.52,105.56,25668
2020-03-04,104.69,105.56,102.95,103.39,28307
2020-03-05,102.95,104.69,102.52,103.39,31980
2020-03-10,102.52,102.52,101.22,101.22,7979
2020-03-11,102.08,104.69,101.22,104.26,18688
2020-03-12,103.39,105.13,102.08,102.08,17800
2020-03-15,101.22,102.95,99.91,100.78,34042
2020-03-16,100.78,102.08,100.35,101.65,10700
2020-03-17,101.65,101.65,99.91,100.35,21088
2020-03-18,99.48,100.35,98.61,99.91,23462
2020-03-19,99.04,100.78,98.17,99.91,19063
2020-03-22,99.04,99.91,98.17,99.48,1200
2020-05-12,98.61,98.61,98.17,98.17,1140
2020-05-13,97.31,97.31,97.31,97.31,20
2020-06-29,96.44,96.44,93.83,95.57,9570
2020-06-30,96.0,97.31,96.0,97.31,852
2020-07-01,98.17,100.78,98.17,99.91,2903
2020-07-02,100.78,101.65,94.7,94.7,2583
2020-07-05,95.57,97.74,94.7,96.87,7171
2020-07-06,96.87,99.91,96.87,99.04,6437
2020-07-07,98.17,102.08,98.17,102.08,13370
2020-07-08,101.22,101.22,98.61,99.04,11583
2020-07-09,98.17,100.78,98.17,98.61,5182
2020-07-12,98.17,101.65,98.17,101.65,5549
2020-07-13,100.78,100.78,99.04,100.35,9799
2020-07-14,99.91,100.35,98.61,100.35,6323
2020-07-15,99.48,101.22,99.48,101.22,9448
2020-07-16,100.35,102.08,100.35,101.22,8460
2020-07-19,102.08,102.08,102.08,102.08,60
2020-07-20,104.69,107.3,102.08,103.39,24982
2020-07-21,103.39,103.39,100.78,100.78,15838
2020-07-22,100.78,101.65,100.35,100.78,14894
2020-07-23,99.91,101.22,99.48,99.91,19312
2020-07-26,99.91,100.78,99.48,100.35,23023
2020-07-27,100.35,101.22,99.48,100.78,22496
2020-07-28,99.91,100.78,99.48,100.35,11175
2020-07-29,99.48,100.35,99.48,99.48,14209
2020-07-30,99.04,102.08,99.04,99.91,10681
2020-08-02,99.91,99.91,99.04,99.48,15767
2020-08-03,99.04,99.91,99.04,99.48,7388
2020-08-05,99.48,99.91,98.61,99.04,9200
2020-08-06,98.61,100.35,98.17,99.04,10598
2020-08-09,98.61,99.04,98.17,99.04,15625
2020-08-10,98.61,99.91,98.17,99.04,19848
2020-08-11,98.61,100.35,98.61,99.04,14327
2020-08-12,98.17,100.35,98.17,99.48,5646
2020-08-13,98.61,100.35,98.61,99.04,16980
2020-08-16,98.17,99.04,97.74,98.61,8589
2020-08-17,98.17,100.35,98.17,100.35,8551
2020-08-18,99.48,99.91,97.74,99.48,31517
2020-08-19,98.61,99.48,97.74,99.48,43739
2020-08-20,98.61,99.04,97.74,99.04,40100
2020-08-23,98.17,98.61,97.74,98.61,21040
2020-08-24,98.61,100.35,98.17,99.48,12057
2020-08-25,98.61,99.91,98.61,99.04,10837
2020-08-26,101.65,101.65,98.61,99.91,23680
2020-08-27,99.91,101.22,99.48,100.78,32492
2020-08-30,100.78,102.08,99.91,102.08,12682
2020-08-31,99.48,106.86,99.48,105.13,125488
2020-09-02,105.99,111.21,104.69,110.34,249064
2020-09-03,113.38,114.25,106.43,106.86,169967
2020-09-06,109.9,109.9,105.13,105.99,47111
2020-09-07,106.86,107.73,104.69,105.56,42601
2020-09-08,104.69,107.3,104.69,106.86,30435
2020-09-09,107.73,109.9,105.99,106.86,35979
2020-09-10,107.73,108.17,105.56,105.56,20251
2020-09-13,106.43,109.03,105.13,107.73,46974
2020-09-14,108.6,113.81,108.6,111.64,153481
2020-09-15,112.94,112.94,109.03,109.03,37360
2020-09-16,108.6,112.94,108.6,111.21,72814
2020-09-17,114.25,117.72,111.21,117.72,271380
2020-09-20,121.2,122.94,112.94,113.81,81377
2020-09-21,117.29,117.29,111.21,112.94,75515
2020-09-22,116.42,116.42,111.21,112.08,86759
2020-09-23,115.12,115.12,111.21,113.38,57795
2020-09-24,116.85,119.89,113.38,119.89,282507
2020-09-27,120.33,126.85,117.29,122.07,270660
2020-09-28,121.63,123.37,119.89,120.76,189724
2020-09-29,120.33,122.07,119.46,121.63,256468
2020-09-30,120.76,122.5,119.46,120.76,99446
2020-10-01,121.2,121.63,118.16,119.03,137147
2020-10-04,119.03,120.33,117.29,117.72,101653
2020-10-05,118.59,121.63,117.72,119.89,190846
2020-10-06,123.37,125.11,120.33,124.24,261285
2020-10-07,120.76,132.06,120.76,132.06,535400
2020-10-08,132.49,136.4,127.71,129.02,275958
2020-10-11,127.71,129.89,123.8,125.54,167644
2020-10-12,124.67,126.85,123.8,125.11,105875
2020-10-13,125.11,126.85,123.37,124.24,105510
2020-10-14,123.37,124.24,121.63,121.63,78306
2020-10-15,122.5,125.11,121.2,122.07,109387
2020-10-18,121.2,122.5,120.76,122.07,43854
2020-10-19,122.5,126.41,122.5,125.98,107609
2020-10-20,127.28,130.32,125.98,129.89,306510
2020-10-21,131.19,131.19,127.28,127.71,86447
2020-10-22,131.62,131.62,125.54,127.71,91790
2020-10-28,129.02,130.32,127.28,129.45,148213
2020-10-29,128.58,135.53,128.58,132.49,230651
2020-11-01,134.23,141.18,132.93,141.18,559361
2020-11-02,145.96,146.83,138.14,141.61,348039
2020-11-03,142.92,144.66,139.44,142.92,280004
2020-11-04,142.48,145.09,141.61,145.09,187796
2020-11-05,145.52,147.7,144.22,145.52,306889
2020-11-08,150.3,151.17,145.52,149.87,254552
2020-11-09,152.04,153.34,145.96,146.39,244020
2020-11-10,147.26,149.0,145.52,147.26,199944
2020-11-11,148.57,149.0,145.96,146.39,123645
2020-11-12,147.7,147.7,144.22,145.52,130138
2020-11-18,144.66,147.7,142.92,143.79,115394
2020-11-19,145.09,149.87,142.92,148.57,222214
2020-11-22,144.22,155.52,144.22,152.91,369722
2020-11-23,154.65,163.77,151.61,163.77,453337
2020-11-24,165.94,173.76,164.2,171.15,308358
2020-11-25,173.33,175.5,167.24,169.42,197346
2020-11-26,170.29,171.59,165.51,165.51,281370
2020-11-29,169.42,169.42,162.9,163.33,271798
2020-11-30,165.07,173.33,161.16,168.98,271568
2020-12-01,167.24,172.89,166.38,167.68,188311
2020-12-02,168.98,176.8,168.11,170.72,210869
2020-12-03,176.8,176.8,165.94,165.94,170107
2020-12-06,172.02,172.02,158.99,159.43,137857
2020-12-07,161.6,169.85,157.25,168.98,161554
2020-12-08,175.06,177.67,166.38,171.15,378971
2020-12-09,173.33,173.33,166.81,167.24,143155
2020-12-10,167.24,168.55,165.07,166.81,77211
2020-12-13,167.24,169.85,165.07,166.81,111216
2020-12-14,167.68,175.06,167.68,168.98,165837
2020-12-15,171.15,171.15,167.24,168.11,114674
2020-12-16,167.24,168.11,165.94,166.81,74756
2020-12-17,165.94,167.24,163.77,165.51,126368
2020-12-20,167.24,167.24,154.65,155.08,245072
2020-12-21,152.47,161.6,149.43,157.25,189395
2020-12-22,158.99,168.55,158.99,165.51,80813
2020-12-23,167.68,169.42,161.16,161.6,49037
2020-12-24,162.03,164.2,156.38,158.99,174205
2020-12-27,158.99,160.73,155.52,158.56,69555
2020-12-28,158.56,160.73,154.21,156.38,57638
2020-12-29,155.08,156.38,152.04,153.78,77168
2020-12-30,152.47,156.38,151.61,153.78,85978
2020-12-31,153.78,158.56,152.47,154.21,80776
2021-01-03,152.47,157.69,152.47,156.82,47854
2021-01-04,158.56,160.29,157.25,158.12,61954
2021-01-05,156.82,164.2,153.34,158.99,95256
2021-01-06,160.29,162.47,158.56,159.43,53446
2021-01-07,159.43,161.6,158.12,159.43,62562
2021-01-10,159.86,165.07,158.12,160.29,61723
2021-01-11,162.47,162.47,158.56,160.29,41977
2021-01-12,160.29,162.9,158.56,162.9,151940
2021-01-13,165.07,165.07,162.03,163.77,81788
2021-01-17,167.24,175.5,167.24,175.5,150570
2021-01-18,182.01,188.53,182.01,188.53,112843
2021-01-19,195.48,202.87,180.28,185.49,710266
2021-01-20,192.44,192.44,182.01,184.62,134530
2021-01-21,191.57,191.57,183.75,184.62,157738
2021-01-24,187.23,198.52,183.75,198.52,551286
2021-01-25,198.52,211.55,198.52,201.56,265518
2021-01-26,204.17,207.21,198.09,198.09,134657
2021-01-27,205.47,205.47,196.35,197.22,138446
2021-01-28,204.6,204.6,191.14,193.31,176384
2021-01-31,193.31,194.61,187.23,188.53,117496
2021-02-01,191.14,198.09,189.4,194.18,196330
2021-02-02,196.78,198.96,193.74,195.48,91936
2021-02-03,202.87,202.87,192.87,194.18,143108
2021-02-04,195.48,195.48,192.01,193.74,113692
2021-02-07,201.13,201.13,193.31,196.78,162260
2021-02-08,197.65,198.52,193.74,195.91,103177
2021-02-09,199.82,199.82,190.7,192.87,134020
2021-02-10,192.44,195.48,191.57,193.31,72185
2021-02-11,192.01,195.91,190.7,191.14,96142
2021-02-14,191.14,191.14,186.79,187.66,174247
2021-02-15,190.27,195.48,189.83,192.44,118086
2021-02-16,192.44,192.44,184.62,186.36,424112
2021-02-17,182.45,186.79,182.45,184.62,270761
2021-02-18,184.62,188.1,183.32,187.23,114631
2021-02-21,188.53,188.96,183.32,186.79,133824
2021-02-22,185.05,191.57,185.05,185.92,112031
2021-02-23,187.66,188.53,183.32,185.49,109012
2021-02-24,185.49,189.83,185.49,187.23,115103
2021-02-25,193.74,193.74,185.05,185.92,81175
2021-02-28,178.97,188.53,178.97,181.58,134571
2021-03-01,175.06,184.62,175.06,183.32,88292
2021-03-02,190.27,190.27,184.19,186.36,274979
2021-03-03,188.96,188.96,182.88,184.62,89315
2021-03-04,186.36,187.66,184.19,186.36,65016
2021-03-07,180.28,191.14,180.28,187.66,136384
2021-03-09,194.61,194.61,186.79,188.53,197945
2021-03-10,195.48,195.48,187.23,188.53,87543
2021-03-14,188.1,190.27,186.36,187.23,80594
2021-03-15,186.79,188.96,185.92,185.92,51194
2021-03-16,192.87,199.82,187.23,195.48,308438
2021-03-17,197.65,204.17,195.48,204.17,453907
2021-03-18,211.55,211.55,198.96,200.69,234881
2021-03-21,202.0,202.0,196.78,197.65,131831
2021-03-22,202.0,202.0,195.48,196.35,111852
2021-03-23,188.96,204.17,188.96,200.26,180992
2021-03-24,202.0,215.9,202.0,215.9,647762
2021-03-25,224.15,225.89,211.12,213.73,370975
2021-03-29,213.73,222.41,209.38,217.2,323037
2021-03-30,219.37,233.71,217.2,231.1,667128
2021-03-31,239.79,249.78,234.58,247.61,799253
2021-04-01,249.78,249.78,234.58,236.31,532114
2021-04-04,236.31,236.31,226.76,228.49,409587
2021-04-05,230.23,238.92,226.32,233.27,187868
2021-04-06,234.58,234.58,230.67,231.54,132280
2021-04-07,232.4,233.27,227.19,228.06,174057
2021-04-08,228.06,231.54,226.32,227.19,140256
2021-04-12,226.32,231.1,226.32,228.06,178466
2021-04-13,229.8,231.1,225.89,226.76,136255
2021-04-15,228.49,236.75,225.45,236.31,314322
2021-04-18,238.92,244.57,236.31,241.96,473531
2021-04-19,243.26,254.99,239.36,251.52,518809
2021-04-20,251.52,254.12,247.17,247.61,227487
2021-04-21,246.74,250.65,243.7,243.7,232028
2021-04-22,245.44,253.69,241.09,252.82,413156
2021-04-25,252.82,254.12,239.36,242.4,252554
2021-04-26,234.58,244.13,233.71,234.58,335457
2021-04-27,236.75,247.17,233.71,246.31,230968
2021-04-28,246.74,254.56,242.4,250.22,303531
2021-04-29,249.78,251.95,247.61,248.91,165628
2021-05-02,251.95,251.95,244.57,249.35,196277
2021-05-03,251.95,258.47,251.95,254.12,555755
2021-05-04,256.3,258.47,254.12,255.86,247295
2021-05-05,260.64,260.64,254.56,254.99,120971
2021-05-06,254.99,272.37,254.99,271.5,917265
2021-05-09,274.54,277.15,262.81,264.98,460356
2021-05-10,265.85,270.2,261.08,268.03,351692
2021-05-11,268.46,272.37,266.29,271.5,306829
2021-05-12,272.37,283.23,269.76,280.62,499655
2021-05-13,291.92,291.92,276.28,278.45,306784
2021-05-16,280.19,288.88,274.11,284.97,467423
2021-05-17,273.67,291.05,273.67,284.97,261338
2021-05-18,286.27,290.61,284.53,287.14,370996
2021-05-19,291.05,291.05,278.89,283.23,341168
2021-05-20,282.36,283.66,278.02,278.45,213018
2021-05-23,266.72,284.53,266.72,281.93,286684
2021-05-24,293.66,305.38,293.66,298.87,2109910
2021-05-25,303.65,303.65,291.92,292.79,522263
2021-05-27,284.53,304.52,284.53,294.09,350418
2021-05-30,306.69,306.69,289.31,290.61,324796
2021-05-31,299.74,299.74,288.88,289.75,572141
2021-06-01,295.39,295.39,291.05,285.84,269611
2021-06-02,286.7,295.39,284.53,287.14,269580
2021-06-03,291.05,291.05,283.23,283.66,335355
2021-06-06,284.53,288.44,275.84,278.89,327432
2021-06-07,267.59,286.27,267.59,283.23,264601
2021-06-08,294.09,294.09,281.49,281.93,274026
2021-06-09,284.53,284.53,278.89,279.75,315170
2021-06-10,282.36,284.53,280.62,297.56,1452530
2021-06-13,312.77,327.54,312.77,327.54,27779
2021-06-14,343.18,359.68,343.18,359.68,20527
2021-06-15,377.06,395.3,345.78,380.54,1192113
2021-06-16,362.29,381.4,347.52,357.95,482114
2021-06-17,373.58,373.58,348.39,357.95,218704
2021-06-20,357.95,363.16,334.49,341.44,248841
2021-06-21,342.31,365.77,319.72,356.21,780819
2021-06-22,356.21,391.83,356.21,391.83,733036
2021-06-23,410.94,429.19,394.44,403.99,638880
2021-06-24,408.34,412.68,396.17,398.78,426734
2021-06-27,403.99,422.24,390.96,410.07,550764
2021-06-28,425.71,441.35,395.3,441.35,555372
2021-06-29,441.35,441.35,397.91,405.73,632510
2021-06-30,425.71,425.71,380.54,388.35,208634
2021-07-01,407.47,407.47,387.49,397.91,155835
2021-07-04,408.34,408.34,384.88,393.57,253270
2021-07-05,386.62,409.21,378.8,408.34,240368
2021-07-06,410.07,410.07,383.14,385.75,228709
2021-07-07,390.09,390.09,373.58,382.27,158859
2021-07-08,375.32,399.65,371.85,387.49,205021
2021-07-11,390.96,398.78,383.14,395.3,262524
2021-07-12,395.3,399.65,378.8,378.8,198250
2021-07-13,378.8,387.49,378.8,384.88,146928
2021-07-14,382.27,397.91,379.67,390.96,208009
2021-07-15,390.96,396.17,382.27,390.09,173313
2021-07-18,392.7,403.21,383.14,403.12,414880
2021-07-19,410.94,410.94,390.44,395.3,269532
2021-07-20,403.21,403.21,372.28,384.01,241996
2021-07-22,384.44,388.96,377.93,380.62,177640
2021-07-25,378.8,384.88,372.72,378.02,264723
2021-07-26,377.93,383.14,376.19,378.1,122261
2021-07-27,378.8,407.47,377.93,390.96,351094
2021-07-28,390.96,413.55,383.14,407.47,348396
2021-07-29,407.47,407.47,391.83,394.44,226366
2021-08-01,386.62,403.99,386.62,399.56,377233
2021-08-02,407.47,407.47,392.7,397.91,186176
2021-08-03,395.3,403.99,394.61,403.04,328895
2021-08-04,410.94,410.94,394.44,401.82,551249
2021-08-05,408.34,416.33,394.44,395.3,565870
2021-08-08,399.65,402.69,390.96,395.3,361976
2021-08-09,395.3,398.78,386.62,398.78,391360
2021-08-10,399.65,437.88,385.75,423.11,420292
2021-08-11,414.85,416.5,398.52,408.77,808372
2021-08-12,408.77,441.35,408.34,433.45,896875
2021-08-15,433.45,467.85,400.52,459.77,505639
2021-08-16,450.65,495.22,433.53,495.22,1063540
2021-08-17,485.31,499.56,460.47,499.47,1101861
2021-08-18,489.57,499.56,464.81,498.69,597928
2021-08-19,495.22,495.22,448.82,449.17,917069
2021-08-24,440.48,440.48,404.25,404.25,530542
2021-08-25,397.04,420.93,374.45,390.96,339914
2021-08-26,395.3,417.2,384.88,390.96,416165
2021-08-29,390.96,406.69,380.62,384.88,228216
2021-08-31,384.88,391.83,372.8,373.58,204576
2021-09-01,373.58,387.49,366.11,368.55,184206
2021-09-02,361.42,382.27,350.13,351.0,224322
2021-09-05,351.86,351.86,315.9,321.46,308916
2021-09-06,321.46,353.6,320.59,353.6,293834
2021-09-07,360.64,381.32,352.73,371.85,244903
2021-09-08,379.23,379.23,357.08,360.55,129635
2021-09-09,360.55,373.58,356.21,362.29,81086
2021-09-12,369.5,382.27,364.9,379.58,151730
2021-09-13,387.14,402.69,370.98,375.32,197615
2021-09-14,377.06,381.4,366.98,370.98,70867
2021-09-15,377.93,377.93,357.95,358.82,85018
2021-09-16,358.82,358.82,344.91,347.52,196773
2021-09-20,340.57,353.43,322.33,323.19,168208
2021-09-21,321.46,348.39,298.0,323.19,164735
2021-09-22,329.62,349.26,325.8,344.05,107879
2021-09-23,350.13,357.08,332.06,332.32,88875
2021-09-26,336.23,337.1,316.24,316.24,96245
2021-09-27,322.5,328.32,302.34,304.95,99924
2021-09-28,304.95,311.03,280.62,284.1,121880
2021-09-29,284.1,298.87,275.41,291.83,90791
2021-09-30,291.92,306.69,288.01,288.44,74228
2021-10-03,288.44,289.31,265.85,266.72,97113
2021-10-04,264.98,278.89,256.3,264.12,74816
2021-10-05,269.33,274.54,256.3,266.72,52176
2021-10-06,269.33,277.15,269.33,271.94,72362
2021-10-10,270.2,283.23,262.38,266.72,73988
2021-10-11,271.94,271.94,259.77,264.12,79381
2021-10-17,269.33,274.72,261.51,265.85,27476
2021-10-18,265.85,267.59,259.34,260.64,36299
2021-10-19,260.64,260.64,247.61,253.69,57485
2021-10-20,258.73,268.46,256.3,257.17,51738
2021-10-21,258.9,264.98,255.43,260.64,79071
2021-10-24,261.51,264.98,256.3,263.25,53269
2021-10-25,264.98,281.49,264.12,279.75,86645
2021-10-26,284.97,307.73,284.97,306.69,117513
2021-10-27,312.77,324.32,303.13,305.73,162562
2021-10-28,306.69,321.63,297.13,315.38,103111
2021-10-31,315.38,340.57,312.77,339.7,128593
2021-11-01,345.78,358.82,338.83,349.26,205685
2021-11-02,356.21,356.21,341.0,347.52,106020
2021-11-03,354.47,357.95,340.57,342.31,82285
2021-11-08,349.08,352.56,330.14,334.4,65434
2021-11-09,330.14,336.23,313.81,314.51,106724
2021-11-11,320.76,321.46,301.47,304.08,82721
2021-11-14,298.0,298.0,273.67,273.67,343216
2021-11-15,268.2,292.7,252.82,286.27,898671
2021-11-16,286.7,293.66,280.62,290.79,459926
2021-11-17,294.52,296.44,285.84,286.18,311568
2021-11-18,286.18,286.7,275.41,277.15,297282
2021-11-21,278.02,282.36,272.46,273.67,367319
2021-11-22,277.15,281.49,272.8,273.67,231811
2021-11-23,273.67,277.15,267.59,270.2,214206
2021-11-24,270.2,280.01,263.25,273.67,216738
2021-11-25,278.02,278.89,269.33,269.76,163409
2021-11-28,264.98,271.85,258.9,260.64,415029
2021-11-29,264.12,269.33,257.17,259.77,273145
2021-11-30,263.25,263.25,253.69,258.82,200522
2021-12-01,259.77,263.25,256.3,257.17,212673
2021-12-02,257.25,261.42,249.95,250.22,229651
2021-12-05,251.95,251.95,239.27,241.09,266176
2021-12-06,240.66,255.17,226.76,248.48,340949
2021-12-07,251.08,260.64,247.61,250.13,322797
2021-12-08,251.95,253.69,236.31,243.26,161989
2021-12-09,245.0,245.0,235.45,242.4,152380
2021-12-12,242.4,243.26,228.41,231.1,209323
2021-12-13,228.49,235.36,214.59,216.33,297972
2021-12-14,219.81,237.96,219.81,237.96,171233
2021-12-15,242.4,261.42,232.84,240.75,372481
2021-12-16,240.66,243.26,231.97,233.01,174820
2021-12-20,237.49,240.21,229.04,234.58,216548
2021-12-21,236.45,243.02,234.11,240.21,212459
2021-12-22,240.21,255.22,240.21,254.28,338586
2021-12-23,258.03,258.03,248.65,252.31,200159
2021-12-26,257.1,257.28,249.59,250.81,130267
2021-12-27,255.78,255.78,239.27,239.27,250316
2021-12-28,239.27,242.08,231.01,239.27,129634
2021-12-29,240.21,242.83,235.51,239.27,79887
2022-01-02,239.27,243.49,236.45,240.11,103935
2022-01-03,243.87,245.84,240.21,240.21,97521
2022-01-04,244.9,248.65,237.3,247.71,143713
2022-01-05,252.59,261.79,248.65,251.65,390859
2022-01-06,251.65,258.97,249.59,257.1,217480
2022-01-09,257.1,281.02,257.1,280.93,543960
2022-01-10,286.18,298.38,282.43,294.53,677824
2022-01-11,300.26,300.26,287.12,295.1,341447
2022-01-12,295.1,319.02,289.94,304.01,844610
2022-01-13,309.64,318.56,301.2,316.77,660248
2022-01-16,323.06,333.1,318.09,322.78,668394
2022-01-17,322.78,327.47,314.43,319.49,458636
2022-01-18,319.49,323.72,300.35,309.64,464935
2022-01-19,312.46,312.46,298.38,301.67,473565
2022-01-20,306.83,316.02,296.79,315.74,397574
2022-01-23,319.02,321.37,305.79,307.76,374635
2022-01-24,305.89,307.76,292.75,297.44,589611
2022-01-25,303.35,304.01,291.81,295.19,363571
2022-01-26,300.26,300.26,287.22,289.0,317925
2022-01-27,290.87,294.63,289.94,290.87,271564
2022-01-30,296.69,313.39,296.69,311.99,703616
2022-01-31,318.18,342.48,314.33,334.98,1636783
2022-02-01,339.67,343.42,327.47,336.38,833880
2022-02-03,337.79,343.42,328.41,328.41,681834
2022-02-06,333.1,333.1,315.27,316.12,601352
2022-02-07,309.83,332.16,309.83,328.5,618812
2022-02-08,335.07,339.57,315.27,319.02,862340
2022-02-09,317.15,320.9,310.58,314.43,329960
2022-02-10,320.71,322.5,309.73,314.33,409300
2022-02-13,308.05,308.14,292.75,298.29,527946
2022-02-14,298.38,306.73,295.57,298.57,326690
2022-02-15,304.01,309.64,299.32,309.27,289771
2022-02-16,309.64,315.27,299.04,302.13,224170
2022-02-17,305.89,307.76,297.44,298.85,153727
2022-02-20,292.94,301.1,287.12,294.72,293998
2022-02-21,299.98,300.26,293.69,296.5,160337
2022-02-22,300.16,302.13,294.63,295.57,219278
2022-02-23,295.57,300.73,294.63,295.57,255502
2022-02-24,295.57,295.57,286.18,288.06,343057
2022-02-27,283.37,295.57,283.37,290.12,195628
2022-02-28,295.85,302.13,281.4,283.37,276018
2022-03-02,286.18,286.18,270.23,271.17,293199
2022-03-06,272.11,279.62,267.04,271.17,190840
2022-03-07,272.11,276.8,267.89,268.26,135130
2022-03-09,273.61,273.61,258.5,260.94,147490
2022-03-10,263.66,277.27,258.03,276.8,187987
2022-03-13,281.49,289.0,276.89,288.06,267687
2022-03-14,293.78,293.78,279.62,285.25,66296
2022-03-15,285.25,289.0,280.55,281.49,129717
2022-03-16,281.49,287.12,276.8,277.74,86403
2022-03-20,282.99,287.12,276.8,277.74,76270
2022-03-21,281.49,287.12,274.92,283.37,134483
2022-03-22,288.06,289.0,281.49,282.52,102825
2022-03-23,283.37,283.37,278.96,279.71,54842
2022-03-24,278.21,281.49,273.05,273.8,112781
2022-03-27,275.96,281.49,264.98,266.29,160678
2022-03-28,266.48,268.82,261.79,262.35,129474
2022-03-29,263.66,267.42,259.91,262.07,92772
2022-03-30,263.66,276.05,260.85,273.05,167666
2022-03-31,276.8,278.49,265.54,265.54,87544
2022-04-03,265.54,265.54,258.03,261.79,79627
2022-04-04,262.73,266.48,257.1,259.07,67259
2022-04-05,258.97,258.97,251.47,254.28,149681
2022-04-06,253.34,258.97,247.71,249.78,88976
2022-04-07,252.4,258.03,247.71,253.34,156189
2022-04-11,258.03,263.48,247.81,247.99,141827
2022-04-12,252.4,252.4,239.27,241.14,98943
2022-04-13,243.96,244.9,236.45,243.96,93614
2022-04-17,246.77,248.65,236.45,237.39,101241
2022-04-18,237.49,240.21,229.89,230.82,116538
2022-04-19,234.58,239.27,224.54,232.61,77125
2022-04-20,234.58,236.36,226.13,227.07,73988
2022-04-21,227.07,231.29,221.63,227.07,71656
2022-04-24,230.82,249.78,227.16,247.71,192612
2022-04-25,249.59,253.34,238.33,243.02,173353
2022-04-26,240.21,247.53,237.58,238.33,62261
2022-04-27,238.33,241.14,234.58,241.14,97593
2022-04-28,243.96,245.84,236.45,237.39,70526
2022-05-02,233.64,234.58,229.04,231.76,82139
2022-05-04,231.76,233.64,224.26,226.13,74916
2022-05-05,225.19,229.89,220.97,221.91,86208
2022-05-08,225.19,231.76,215.34,224.26,77882
2022-05-09,227.07,230.82,223.6,225.19,69848
2022-05-10,228.01,235.42,223.32,233.64,94304
2022-05-11,235.51,243.87,234.58,243.87,122944
2022-05-12,248.65,249.59,237.3,237.39,113243
2022-05-17,232.7,236.45,223.32,225.19,119012
2022-05-18,225.19,232.51,220.69,229.42,52973
2022-05-19,229.42,232.23,224.26,224.35,51206
2022-05-20,223.32,228.01,222.38,223.79,44255
2022-05-23,225.19,225.19,214.59,220.41,68273
2022-05-24,219.85,226.98,215.81,221.44,54485
2022-05-25,225.85,226.13,221.91,222.85,34804
2022-05-26,221.44,225.19,220.69,221.53,41079
2022-05-27,217.12,228.95,217.12,220.5,55146
2022-05-30,223.32,224.91,215.81,216.75,54334
2022-05-31,215.81,221.06,211.59,213.0,77877
2022-06-01,217.22,217.78,209.24,212.06,47196
2022-06-02,213.0,215.81,211.12,213.0,53609
2022-06-03,213.0,213.18,208.3,208.4,55559
2022-06-06,212.34,215.81,206.52,207.83,50403
2022-06-07,205.58,210.18,201.74,202.67,76840
2022-06-08,202.67,215.81,201.74,209.24,65921
2022-06-09,212.06,215.62,205.49,207.37,64569
2022-06-10,211.12,211.12,202.86,204.55,45356
2022-06-13,204.55,207.18,202.39,202.77,27696
2022-06-14,202.67,202.67,196.86,198.83,55652
2022-06-15,198.83,198.83,190.38,192.35,74253
2022-06-16,192.35,196.11,185.78,189.54,93122
2022-06-17,192.35,193.29,188.13,189.54,35993
2022-06-19,189.54,189.54,183.06,183.06,59564
2022-06-20,182.97,182.97,173.68,174.52,131527
2022-06-21,172.65,187.66,169.83,181.09,101311
2022-06-22,181.09,182.97,176.4,178.28,48776
2022-06-23,174.71,177.34,168.9,169.83,114989
2022-06-24,167.96,177.34,162.33,170.77,62827
2022-06-26,173.59,187.85,173.59,187.85,188008
2022-06-27,191.6,199.01,184.85,187.94,214337
2022-06-28,187.94,187.94,180.53,183.16,66602
2022-06-29,186.82,195.17,178.28,192.35,100964
2022-06-30,196.11,201.64,188.6,198.92,173254
2022-07-01,198.92,202.67,193.29,196.86,73187
2022-07-03,193.29,203.61,193.29,201.64,125158
2022-07-04,205.49,220.5,199.58,204.08,285855
2022-07-05,208.12,210.56,195.17,196.11,130522
2022-07-06,199.95,200.33,189.63,196.11,114594
2022-07-07,199.95,206.33,194.04,194.04,94290
2022-07-08,197.89,199.86,189.54,191.41,64813
2022-07-11,191.41,191.41,178.28,180.15,151090
2022-07-12,178.28,186.72,178.28,181.94,88495
2022-07-13,185.5,190.48,182.13,190.48,125437
2022-07-14,194.23,197.04,187.19,189.54,104381
2022-07-15,193.2,193.2,185.78,187.66,51048
2022-07-17,191.41,191.41,184.85,188.6,46819
2022-07-18,189.07,192.35,185.97,190.38,50434
2022-07-19,186.63,195.92,186.63,190.57,96075
2022-07-20,190.48,194.23,187.66,191.88,70942
2022-07-21,191.88,192.35,188.6,189.91,51236
2022-07-22,187.66,190.01,185.78,186.72,84964
2022-07-24,190.38,196.2,187.85,195.17,164387
2022-07-25,198.92,202.86,196.2,202.67,166133
2022-07-26,203.61,206.43,195.17,195.26,188378
2022-07-27,197.04,199.01,191.32,197.98,159697
2022-07-28,201.64,205.49,197.04,198.92,248450
2022-07-29,198.92,201.74,197.04,197.33,66384
2022-07-31,200.8,211.12,197.04,210.84,363358
2022-08-01,214.87,228.29,206.62,221.53,586248
2022-08-02,221.53,227.07,218.16,221.44,248278
2022-08-03,225.19,229.89,220.5,222.1,303899
2022-08-04,224.26,225.19,213.37,213.93,266957
2022-08-05,215.81,215.81,205.49,206.52,179298
2022-08-07,203.61,213.0,203.61,208.3,170693
2022-08-08,209.24,211.03,201.74,203.61,245436
2022-08-09,206.43,206.43,195.26,196.48,219380
2022-08-10,198.83,198.92,191.41,195.07,103559
2022-08-11,197.98,198.92,191.41,192.35,120233
2022-08-14,193.29,197.04,187.66,189.44,160174
2022-08-15,189.44,200.8,188.6,200.8,153670
2022-08-16,204.74,208.3,195.17,196.11,165060
2022-08-17,199.86,199.86,193.38,195.07,58107
2022-08-18,195.17,199.86,195.17,199.48,99406
2022-08-21,198.92,201.74,196.01,196.11,74996
2022-08-22,198.92,198.92,193.38,194.7,55244
2022-08-23,193.29,197.04,193.29,195.17,43207
2022-08-24,195.17,197.98,194.23,194.23,49715
2022-08-25,194.23,197.98,191.51,192.35,68338
2022-08-26,192.35,192.35,187.66,190.01,78494
2022-08-28,190.01,191.23,183.91,183.91,139016
2022-08-29,183.91,185.78,180.15,183.81,121607
2022-08-30,187.47,188.6,183.91,184.66,62915
2022-08-31,185.78,186.72,181.09,181.66,49682
2022-09-01,181.09,183.91,178.84,182.13,72459
2022-09-02,179.69,185.6,179.69,181.94,22787
2022-09-04,183.91,185.78,180.62,182.88,44319
2022-09-05,184.85,184.85,180.62,181.09,40174
2022-09-06,182.03,182.97,177.81,179.22,77559
2022-09-07,181.09,181.09,176.4,177.34,35974
2022-09-08,180.06,180.06,173.68,177.34,62587
2022-09-11,179.22,180.81,174.06,174.52,41781
2022-09-12,174.52,177.34,171.71,172.74,41751
2022-09-13,171.71,178.28,169.83,176.4,52919
2022-09-14,178.28,185.22,178.28,184.66,84374
2022-09-15,184.66,187.19,174.9,176.21,92120
2022-09-16,176.4,176.4,166.08,173.12,62380
2022-09-18,175.46,176.4,167.02,168.8,95219
2022-09-20,168.8,168.8,162.33,163.73,85875
2022-09-21,163.27,168.9,163.27,164.95,57815
2022-09-22,164.2,166.64,161.76,162.8,46079
2022-09-25,162.33,162.33,156.6,157.64,79516
2022-09-27,159.51,162.7,156.7,156.98,37389
2022-09-28,155.76,162.33,154.91,156.23,37012
2022-09-29,158.57,160.45,157.17,159.51,34696
2022-10-09,157.64,166.92,157.64,164.2,69205
2022-10-10,167.49,168.9,160.08,161.39,38002
2022-10-11,158.57,160.45,158.39,158.67,29151
2022-10-12,161.39,161.39,157.64,159.51,38888
2022-10-13,161.39,162.33,159.51,161.39,42807
2022-10-16,164.2,164.2,157.64,158.48,44649
2022-10-17,159.51,159.51,156.7,157.54,27392
2022-10-19,157.64,160.36,153.88,153.88,58408
2022-10-20,156.88,156.88,151.82,153.88,46511
2022-10-23,153.88,155.67,152.94,155.29,19794
2022-10-31,155.76,157.64,149.94,153.88,66214
2022-11-01,156.7,161.48,152.47,161.39,137208
2022-11-02,164.02,166.46,159.51,162.33,83174
2022-11-03,165.05,165.05,159.51,162.33,27549
2022-11-06,161.39,166.08,158.2,165.99,78892
2022-11-07,164.2,173.21,164.2,166.08,101984
2022-11-08,168.8,168.9,164.2,166.08,54593
2022-11-09,167.96,167.96,159.51,159.61,57750
2022-11-10,161.39,162.33,155.29,156.7,60158
2022-11-13,153.98,158.57,153.98,155.85,39588
2022-11-14,155.85,159.51,154.82,158.57,27196
2022-11-15,158.57,162.23,156.7,158.1,41220
2022-11-16,158.1,161.39,157.64,160.36,38237
2022-11-17,162.33,167.49,160.45,164.2,84346
2022-11-22,164.3,170.68,161.39,162.61,39559
2022-11-23,162.33,162.33,159.51,162.14,24409
2022-11-24,162.14,164.2,159.51,164.2,66493
2022-11-27,163.27,165.14,161.58,164.11,40751
2022-11-28,165.14,167.02,161.29,161.39,52479
2022-11-29,159.51,162.33,159.51,161.39,36455
2022-11-30,164.2,164.2,159.79,161.2,20463
2022-12-01,161.39,163.27,159.98,159.98,34471
2022-12-04,160.45,162.33,159.51,159.98,40562
2022-12-05,162.33,162.33,157.64,158.57,41412
2022-12-06,158.57,159.51,155.95,157.17,44694
2022-12-07,157.17,158.57,155.95,156.7,24352
2022-12-11,159.42,159.42,153.88,154.82,40509
2022-12-12,157.64,157.64,152.01,155.76,49906
2022-12-13,156.7,157.64,154.82,155.29,23059
2022-12-14,155.76,156.6,152.94,154.91,22831
2022-12-15,157.64,161.39,154.16,154.73,50857
2022-12-18,154.82,156.7,151.07,152.19,38811
2022-12-19,150.13,154.82,150.13,152.94,29109
2022-12-20,154.82,155.2,152.47,154.54,21607
2022-12-21,153.88,154.82,153.04,153.41,27880
2022-12-22,153.41,153.79,151.91,152.94,31662
2022-12-26,155.95,163.17,155.76,161.86,97343
2022-12-27,162.33,178.0,162.33,176.96,281854
2022-12-28,174.52,182.97,171.8,174.52,249723
2022-12-29,177.34,182.27,174.38,182.17,150670
2023-01-01,185.71,189.16,183.35,186.21,171337
2023-01-02,187.19,187.19,182.56,185.62,99582
2023-01-03,189.16,189.16,181.77,183.25,98804
2023-01-04,185.22,195.07,181.97,192.51,177605
2023-01-05,196.35,203.94,193.1,197.04,182922
2023-01-08,200.99,211.82,193.1,202.96,324727
2023-01-09,200.0,216.75,200.0,216.65,385318
2023-01-10,220.69,236.45,207.68,220.69,628555
2023-01-12,224.63,232.61,208.37,212.32,429072
2023-01-17,212.81,220.69,205.91,218.82,319642
2023-01-18,218.72,224.63,213.79,214.88,248127
2023-01-19,215.76,220.69,211.82,217.73,211450
2023-01-23,220.69,220.69,210.84,212.22,165290
2023-01-24,212.81,212.81,205.02,210.84,147360
2023-01-25,211.82,214.78,208.87,208.97,126659
2023-01-26,210.84,212.91,207.98,208.87,117657
2023-01-29,208.87,211.82,204.93,205.91,151096
2023-01-30,207.88,207.88,197.14,199.01,170459
2023-01-31,197.04,201.97,194.09,197.04,169986
2023-02-01,199.01,199.01,194.38,195.57,85114
2023-02-02,197.04,199.01,192.12,192.41,110421
2023-02-05,194.98,200.0,192.51,194.09,136600
2023-02-06,195.07,197.04,193.1,194.09,81439
2023-02-07,196.95,210.84,196.06,210.84,255789
2023-02-08,214.78,220.69,208.57,211.72,316114
2023-02-09,212.81,214.78,207.88,213.89,155488
2023-02-12,211.82,211.82,200.0,201.87,267723
2023-02-14,201.87,204.93,200.0,200.79,96273
2023-02-15,200.0,204.43,199.01,200.49,95852
2023-02-16,200.0,202.96,195.96,196.06,133965
2023-02-20,194.58,199.01,194.09,196.06,114440
2023-02-22,197.04,203.94,197.04,201.97,88963
2023-02-23,199.51,200.99,195.67,197.04,107177
2023-02-26,195.96,198.82,187.19,196.06,151085
2023-02-27,199.9,201.97,190.34,193.1,141095
2023-02-28,196.85,199.01,193.4,196.06,85293
2023-03-01,196.35,198.03,192.12,193.1,57755
2023-03-02,192.61,193.6,190.15,191.23,75535
2023-03-05,192.12,194.09,186.31,188.18,88721
2023-03-07,189.75,192.12,188.18,190.15,50558
2023-03-09,193.89,199.01,192.61,199.01,100659
2023-03-12,201.97,203.05,193.1,194.09,107184
2023-03-13,193.2,195.07,190.84,191.13,48468
2023-03-14,194.48,195.07,191.13,191.63,55336
2023-03-15,192.12,194.09,190.15,190.44,47993
2023-03-16,190.54,193.89,189.16,193.6,51327
2023-03-19,194.09,195.07,192.51,193.1,54230
2023-03-20,193.1,196.65,192.12,196.06,53938
2023-03-22,198.03,199.01,193.1,193.2,63760
2023-03-23,193.1,194.88,190.25,191.13,54671
2023-03-26,188.28,192.02,188.28,189.16,43630
2023-03-27,189.16,193.99,187.19,191.92,73914
2023-03-28,194.58,196.75,192.12,194.09,89408
2023-03-29,194.09,194.09,191.13,193.1,27643
2023-03-30,189.36,194.88,189.36,191.03,40214
2023-04-02,191.03,196.06,188.37,190.05,58378
2023-04-03,190.05,190.05,186.8,187.39,61676
2023-04-04,187.19,190.15,185.22,187.09,48313
2023-04-05,190.64,190.64,184.24,187.19,42309
2023-04-06,189.16,190.05,184.24,184.33,52021
2023-04-09,182.36,185.71,181.28,182.27,71080
2023-04-10,180.3,184.24,178.82,181.28,45696
2023-04-11,184.83,185.22,180.49,185.12,48895
2023-04-12,188.77,198.03,187.19,197.54,141930
2023-04-13,201.48,201.48,191.13,192.12,96331
2023-04-16,189.16,195.96,189.16,190.15,50821
2023-04-17,192.12,192.12,186.21,186.21,58534
2023-04-18,187.19,189.06,185.52,187.19,29567
2023-04-19,189.66,191.13,186.8,188.37,41986
2023-04-20,188.18,190.15,186.21,186.31,37539
2023-04-23,189.95,189.95,183.45,184.24,45675
2023-04-24,183.25,187.19,183.25,183.55,31120
2023-04-25,182.27,187.98,182.27,187.88,40056
2023-04-26,191.63,191.63,184.33,185.12,34664
2023-04-27,185.12,185.22,183.25,183.35,34873
2023-04-30,183.25,185.22,181.38,181.58,52998
2023-05-02,182.27,184.24,181.28,181.38,34361
2023-05-03,181.28,181.48,179.31,179.51,32787
2023-05-04,181.28,182.27,177.83,179.8,46675
2023-05-07,178.33,181.28,177.14,177.24,27927
2023-05-08,177.34,179.31,173.4,175.37,44879
2023-05-09,176.35,179.8,174.38,176.35,57494
2023-05-10,176.35,178.33,175.07,175.37,27599
2023-05-11,177.34,179.31,175.96,177.34,63390
2023-05-14,176.35,182.27,174.58,175.17,46515
2023-05-15,174.38,178.82,172.61,175.37,40510
2023-05-16,175.86,178.82,174.38,176.35,32604
2023-05-17,178.23,181.18,177.34,179.31,42787
2023-05-18,178.42,185.22,178.33,183.25,74077
2023-05-21,184.24,189.16,181.28,181.28,94728
2023-05-22,184.24,184.83,179.8,183.65,45132
2023-05-23,186.7,189.66,183.05,189.16,107626
2023-05-24,190.15,191.03,185.52,187.29,58968
2023-05-28,187.29,195.96,185.32,186.21,148678
2023-05-30,186.21,190.15,180.3,181.28,173178
2023-05-31,181.28,184.83,175.76,177.73,78797
2023-06-01,181.28,182.86,176.45,180.1,68826
2023-06-04,183.65,192.12,183.25,186.21,98595
2023-06-05,187.19,190.64,182.56,182.56,75638
2023-06-06,182.56,186.21,181.28,185.22,66274
2023-06-07,187.19,189.85,184.24,184.93,98147
2023-06-08,185.22,186.5,182.27,183.74,52792
2023-06-11,185.22,188.87,183.55,187.68,111872
2023-06-12,187.19,191.63,185.81,191.13,193168
2023-06-13,193.1,199.01,190.34,198.03,306016
2023-06-14,194.09,200.79,192.12,193.1,228210
2023-06-15,195.07,196.95,190.15,193.89,97600
2023-06-18,197.04,197.73,191.23,195.07,192538
2023-06-19,196.06,208.87,192.61,202.96,340614
2023-06-20,206.9,206.9,195.07,201.97,246773
2023-06-21,206.01,206.01,194.09,196.06,127403
2023-06-22,199.9,199.9,191.43,195.57,134627
2023-06-25,191.72,197.73,191.72,196.06,200673
2023-06-26,192.51,201.77,192.51,195.96,178294
2023-06-27,198.52,199.8,195.17,197.04,163843
2023-06-28,200.99,200.99,190.15,190.15,178353
2023-07-02,193.1,193.1,183.25,183.74,146223
2023-07-03,180.1,186.21,180.1,180.79,140903
2023-07-04,184.14,184.33,180.39,182.17,73138
2023-07-05,182.27,185.71,177.34,177.83,94863
2023-07-06,177.83,180.3,175.57,177.73,103755
2023-07-09,181.28,182.27,179.31,181.28,73062
2023-07-10,182.27,184.63,177.44,178.33,114817
2023-07-11,179.31,179.31,174.38,177.34,82598
2023-07-12,178.33,184.24,177.34,181.28,86099
2023-07-13,184.83,186.21,178.13,181.18,112548
2023-07-16,183.25,183.25,178.42,181.28,152816
2023-07-17,178.42,187.19,178.42,185.32,131978
2023-07-18,185.32,188.18,183.25,184.24,102160
2023-07-19,187.88,187.88,181.48,183.25,59909
2023-07-20,185.22,186.01,180.3,182.07,99199
2023-07-23,180.79,191.13,180.79,191.13,150869
2023-07-24,189.16,194.98,185.42,185.42,277079
2023-07-25,189.06,189.06,182.36,184.24,46739
2023-07-26,187.78,187.78,182.17,182.27,47571
2023-07-27,183.25,183.25,179.01,179.31,90043
2023-07-30,179.41,182.36,178.33,179.01,63039
2023-07-31,179.31,183.15,178.33,178.52,47875
2023-08-01,181.28,181.28,176.35,177.24,51147
2023-08-02,177.34,178.23,174.58,175.86,53444
2023-08-03,177.34,179.31,172.91,175.86,137298
2023-08-06,176.35,177.34,172.91,173.89,48359
2023-08-07,175.37,176.26,171.63,172.51,41383
2023-08-08,169.06,174.38,169.06,172.22,55493
2023-08-09,172.22,179.7,168.47,179.21,50556
2023-08-10,175.96,179.31,173.5,175.86,51146
2023-08-13,175.86,177.34,173.5,173.89,36704
2023-08-14,173.4,176.85,172.51,172.51,32195
2023-08-15,172.41,176.35,170.44,171.43,89884
2023-08-16,168.57,170.44,166.5,167.68,77185
2023-08-17,171.03,171.33,167.98,168.97,41053
2023-08-20,169.46,171.43,165.52,165.81,59629
2023-08-21,163.65,169.06,163.65,164.14,50802
2023-08-22,166.5,167.98,164.14,167.49,36565
2023-08-23,169.46,172.41,167.09,171.72,55437
2023-08-24,169.46,172.81,167.29,167.29,58029
2023-08-27,168.37,168.37,164.63,165.02,37613
2023-08-28,164.53,167.59,163.55,165.52,35009
2023-08-29,167.49,168.37,164.63,165.52,20319
2023-08-30,167.49,168.47,164.63,165.52,28282
2023-09-03,165.52,166.21,163.55,163.84,32688
2023-09-04,165.52,167.09,162.56,164.04,28695
2023-09-05,165.52,165.52,162.96,163.84,15976
2023-09-07,165.52,165.52,161.58,162.07,37836
2023-09-10,162.56,164.83,160.89,162.46,22707
2023-09-11,165.62,167.29,160.59,167.29,41592
2023-09-12,167.49,168.97,164.04,164.53,22918
2023-09-13,166.5,169.36,164.53,168.57,45686
2023-09-17,167.49,168.37,162.56,163.45,43738
2023-09-18,161.58,164.53,160.59,164.43,19120
2023-09-19,167.68,167.68,162.96,165.52,19087
2023-09-21,167.49,175.37,167.49,173.4,119813
2023-09-24,175.37,176.75,170.44,171.43,69007
2023-09-25,171.43,172.41,168.47,168.47,48172
2023-09-26,170.44,175.86,170.44,173.4,68784
2023-09-27,174.88,175.27,169.56,169.56,36090
2023-10-01,167.49,167.49,163.55,164.53,78001
2023-10-02,163.55,167.19,162.56,166.5,36006
2023-10-03,165.02,167.49,164.53,164.73,18854
2023-10-04,167.39,167.98,164.73,165.02,33181
2023-10-05,163.65,168.28,163.65,164.53,46779
2023-10-08,167.49,167.49,162.07,162.07,47196
2023-10-09,160.59,164.43,160.59,161.97,27392
2023-10-10,165.12,165.12,160.89,161.48,30840
2023-10-11,161.48,162.56,160.1,160.2,25332
2023-10-12,158.72,160.59,158.62,159.11,49137
2023-10-16,159.11,160.59,156.65,158.62,46776
2023-10-17,159.61,162.46,159.11,160.59,20439
2023-10-18,162.46,165.52,159.61,163.45,27652
2023-10-19,163.55,164.53,160.89,162.66,15663
2023-10-29,162.56,163.55,159.51,160.1,26666
2023-10-30,160.1,161.58,158.23,160.59,23163
2023-10-31,161.58,161.58,158.62,159.61,15541
2023-11-01,159.61,161.48,157.64,158.33,31883
2023-11-02,155.76,158.62,155.76,156.95,27586
2023-11-05,155.27,157.64,153.99,155.57,29051
2023-11-06,157.64,159.61,154.68,156.65,25331
2023-11-07,156.65,160.59,154.68,160.59,34837
2023-11-08,159.61,160.3,156.65,158.62,19947
2023-11-09,160.59,160.59,155.96,157.14,18711
2023-11-20,158.62,161.58,158.62,159.61,31064
2023-11-21,161.58,161.58,153.69,154.68,42644
2023-11-22,155.67,157.54,151.72,156.55,30739
2023-11-23,156.55,159.61,153.69,156.55,33224
2023-11-26,157.64,160.59,157.64,159.61,40159
2023-11-27,159.61,162.46,158.62,159.11,33115
2023-11-28,157.64,160.79,156.75,157.64,31963
2023-11-29,157.64,158.62,155.67,156.65,10954
2023-11-30,156.65,157.54,154.68,155.57,21348
2023-12-03,155.67,157.64,153.6,154.98,28109
2023-12-04,153.69,157.04,152.81,155.67,16478
2023-12-05,158.62,158.72,153.99,154.68,18237
2023-12-06,153.69,154.68,153.4,154.29,28652
2023-12-07,153.69,156.16,153.69,155.67,39187
2023-12-10,158.72,169.46,158.72,169.46,17114
2023-12-11,172.81,175.37,164.14,167.49,110581
2023-12-12,167.49,172.41,166.01,172.41,113111
2023-12-13,172.41,174.38,168.47,170.84,139704
2023-12-14,168.47,171.82,167.49,168.47,51601
2023-12-17,165.12,180.3,165.12,179.41,191892
2023-12-18,179.51,191.13,177.44,187.19,243899
2023-12-19,187.19,190.15,182.36,186.7,120754
2023-12-20,187.19,202.96,184.73,196.45,395506
2023-12-21,200.3,202.96,193.3,193.99,364808
2023-12-24,194.09,197.83,184.73,185.22,247365
2023-12-27,184.73,196.06,180.39,181.38,133856
2023-12-28,181.38,183.25,179.31,180.49,105151
2024-01-01,183.25,187.09,179.61,180.3,109322
2024-01-02,180.3,183.15,179.31,180.1,132299
2024-01-03,177.34,185.32,172.91,184.14,178448
2024-01-04,184.24,188.87,180.49,181.28,190270
2024-01-07,184.83,188.28,179.31,179.61,113064
2024-01-08,179.8,182.86,179.31,180.3,109271
2024-01-09,182.27,189.16,181.58,184.73,204272
2024-01-10,188.37,192.91,183.84,184.63,210857
2024-01-11,183.45,186.21,180.49,182.27,111011
2024-01-14,184.24,185.22,182.27,182.56,139619
2024-01-16,183.25,195.07,183.25,193.2,335687
2024-01-17,196.06,200.99,191.43,191.43,561788
2024-01-18,191.43,195.07,186.21,192.12,214459
2024-01-21,188.28,199.01,188.28,193.1,390359
2024-01-22,196.06,200.0,190.34,193.0,431216
2024-01-23,192.22,197.14,192.22,197.14,273487
2024-01-24,200.99,200.99,193.1,193.1,295762
2024-01-25,196.85,196.85,187.39,189.16,156809
2024-01-28,192.81,193.1,186.21,188.18,171456
2024-01-29,191.92,192.91,187.19,188.67,184326
2024-01-30,192.12,192.12,187.68,188.67,137324
2024-01-31,191.92,192.12,186.21,187.09,128184
2024-02-01,185.32,187.09,182.46,185.22,180650
2024-02-04,186.21,186.5,182.76,182.76,87347
2024-02-05,186.21,186.21,182.27,182.56,76322
2024-02-06,186.11,186.11,182.27,182.27,40882
2024-02-07,185.91,189.06,182.56,182.56,48837
2024-02-08,184.24,186.01,182.27,184.63,72682
2024-02-11,185.52,188.97,183.25,183.74,100636
2024-02-12,185.22,186.21,184.33,185.22,45967
2024-02-13,187.19,187.19,180.2,180.3,86253
2024-02-14,180.3,182.27,177.34,180.69,55055
2024-02-15,180.3,183.25,178.82,179.31,43903
2024-02-18,179.31,181.28,176.06,176.35,56426
2024-02-20,174.98,178.82,174.58,175.86,63678
2024-02-21,175.37,181.87,174.88,175.07,49539
2024-02-22,175.07,176.35,171.92,172.02,70913
2024-02-25,172.02,172.41,166.6,167.49,79976
2024-02-26,166.6,170.94,166.5,168.97,35757
2024-02-27,169.46,170.94,167.49,168.47,42072
2024-02-28,169.46,169.95,166.5,167.49,39073
2024-02-29,167.49,167.49,165.02,165.42,36612
2024-03-03,165.52,167.78,162.76,166.4,35112
2024-03-04,169.66,176.45,169.66,176.45,132
2024-03-05,179.9,182.27,171.43,171.92,112568
2024-03-06,172.41,175.27,168.47,171.43,73204
2024-03-07,171.43,177.34,171.43,171.63,46878
2024-03-10,174.98,177.34,172.71,174.38,46257
2024-03-12,177.34,181.18,175.37,179.8,85180
2024-03-13,180.3,182.66,177.34,179.41,58157
2024-03-14,178.92,180.79,176.35,176.35,73327
2024-03-17,175.96,179.31,173.99,177.34,41857
2024-03-18,175.86,177.34,174.38,174.38,34722
2024-03-19,174.38,177.83,174.38,174.68,27194
2024-03-20,174.58,176.35,172.81,173.3,32637
2024-03-21,172.41,175.37,170.44,170.54,43678
2024-03-25,170.54,171.43,167.19,168.47,47443
2024-03-26,168.47,169.46,167.09,167.78,41890
2024-03-27,164.63,168.47,164.63,166.9,30609
2024-03-28,167.49,167.49,166.21,166.4,33579
2024-03-31,168.47,169.46,164.53,165.52,60145
2024-04-01,164.04,167.0,162.76,165.02,66879
2024-04-02,165.52,165.52,164.53,164.53,33134
2024-04-03,167.39,167.39,162.86,164.53,26270
2024-04-04,163.05,166.01,163.05,164.14,32582
2024-04-07,167.39,167.39,163.55,165.02,47396
2024-04-09,166.5,167.49,164.73,166.01,56455
2024-04-10,167.49,167.49,164.73,164.93,27432
2024-04-14,164.63,166.5,163.55,163.55,32168
2024-04-15,163.55,164.53,162.56,162.66,35609
2024-04-16,159.41,163.55,159.41,161.48,25664
2024-04-18,160.79,160.79,159.11,159.61,28053
2024-04-21,159.61,162.46,157.64,160.69,48272
2024-04-22,161.58,162.46,159.61,160.59,19982
2024-04-24,159.7,162.07,159.61,160.59,14588
2024-04-25,160.1,161.77,159.61,160.1,22841
2024-04-28,163.25,163.25,159.41,160.59,28642
2024-04-29,163.74,163.74,159.11,159.61,63767
2024-04-30,156.45,164.53,156.45,163.94,50462
2024-05-02,167.19,169.46,162.56,163.05,44631
2024-05-05,159.9,162.56,156.75,160.1,70903
2024-05-06,162.27,162.27,157.64,158.62,44526
2024-05-07,159.7,160.59,157.64,157.64,37114
2024-05-08,160.59,161.58,156.65,157.14,60317
2024-05-09,160.1,160.1,157.64,158.62,39700
2024-05-12,158.62,160.1,157.14,158.23,29365
2024-05-13,157.64,162.56,157.64,161.58,47063
2024-05-14,159.61,164.04,159.61,163.55,41364
2024-05-15,166.01,167.49,161.58,162.96,44942
2024-05-16,160.1,163.55,160.1,160.69,26617
2024-05-19,163.84,165.52,160.59,164.33,53863
2024-05-20,167.39,170.94,163.55,166.9,146675
2024-05-21,164.53,169.46,164.53,168.28,69367
2024-05-22,165.62,168.18,165.52,167.49,43001
2024-05-26,169.46,169.46,164.53,164.83,61689
2024-05-27,165.52,168.08,162.96,167.0,63202
2024-05-29,168.97,175.67,164.33,164.53,56468
2024-05-30,162.56,165.52,161.58,162.56,32986
2024-06-02,160.59,164.53,160.59,161.77,42430
2024-06-03,161.58,162.56,160.0,160.2,58273
2024-06-04,162.07,163.55,159.8,162.56,48235
2024-06-05,161.58,163.55,160.2,161.48,30504
2024-06-06,163.55,164.63,159.41,162.07,38599
2024-06-09,165.22,165.22,160.59,161.08,48530
2024-06-10,164.24,164.24,158.92,160.59,40377
2024-06-11,163.74,163.74,159.8,162.56,65590
2024-06-12,163.74,165.42,161.97,162.56,37120
2024-06-13,162.56,163.45,161.08,161.58,54969
2024-06-16,160.2,164.53,159.8,162.56,58125
2024-06-18,164.43,164.43,159.9,160.69,43125
2024-06-19,160.69,162.56,159.61,159.61,35638
2024-06-20,162.76,162.76,157.64,158.52,65686
2024-06-23,158.52,159.11,156.65,156.65,85209
2024-06-24,156.75,157.64,155.76,156.16,48797
2024-06-25,156.65,171.72,156.16,160.59,81919
2024-06-26,160.1,162.56,156.95,158.23,102908
2024-06-27,156.65,160.59,156.35,160.49,57147
2024-06-30,158.82,161.08,157.73,157.93,84405
2024-07-01,157.93,160.3,157.64,160.3,37886
2024-07-02,163.45,174.38,160.59,161.97,94708
2024-07-03,160.89,162.56,159.21,160.49,54244
2024-07-04,160.59,162.46,159.8,161.28,54880
2024-07-07,162.56,170.44,160.79,165.32,184278
2024-07-08,167.49,171.72,166.5,167.49,145757
2024-07-09,167.49,169.46,166.11,167.09,62624
2024-07-10,170.34,170.34,165.52,167.49,71568
2024-07-11,170.84,170.84,167.49,169.46,96957
2024-07-14,172.81,179.7,169.46,174.38,220091
2024-07-15,177.83,180.99,172.12,176.35,211964
2024-07-16,177.34,193.1,177.34,188.77,347816
2024-07-17,192.51,196.06,185.42,189.26,281041
2024-07-18,190.05,194.09,185.52,190.15,354258
2024-07-21,193.89,196.85,187.29,195.07,336550
2024-07-22,197.04,198.03,190.15,193.2,228386
2024-07-23,197.04,205.22,191.23,204.83,459616
2024-07-24,208.87,212.81,200.0,202.36,394331
2024-07-25,201.97,204.93,197.04,200.49,248268
2024-07-28,204.43,216.75,200.0,213.79,599834
2024-07-29,216.75,221.67,207.88,208.08,484876
2024-07-30,206.9,213.79,202.96,211.33,370816
2024-07-31,211.82,232.41,211.82,230.54,1181663
2024-08-01,235.07,253.6,234.98,253.6,1382626
2024-08-05,258.62,266.11,246.31,260.2,1304724
2024-08-06,259.11,261.08,234.58,235.47,1183948
2024-08-07,231.53,255.17,231.53,251.23,662929
2024-08-08,254.19,275.86,246.31,267.09,1438661
2024-08-11,272.41,293.79,263.65,293.79,1285215
2024-08-12,298.52,311.33,291.63,292.61,1327783
2024-08-13,297.54,304.33,285.71,296.55,1006406
2024-08-14,296.55,326.21,291.63,326.21,1367804
2024-08-15,332.71,354.68,332.71,339.41,1158014
2024-08-18,340.89,340.89,313.1,319.21,1601120
2024-08-21,325.12,331.63,312.51,314.29,846160
2024-08-22,315.27,321.08,310.34,311.33,735848
2024-08-25,317.24,317.24,295.67,296.55,809587
2024-08-27,298.62,300.49,275.86,278.82,1124687
2024-08-28,278.82,303.25,278.82,294.58,1060284
2024-08-29,299.51,299.51,285.91,289.66,550107
2024-09-01,290.64,296.55,278.82,283.55,523515
2024-09-02,285.71,303.45,278.82,302.46,739621
2024-09-03,308.47,308.47,298.42,300.49,519581
2024-09-04,306.5,306.5,283.94,286.7,458558
2024-09-05,286.6,289.56,276.16,281.38,423428
2024-09-08,281.77,285.71,275.86,276.16,318337
2024-09-09,276.16,278.82,266.5,267.0,369988
2024-09-10,267.0,278.82,263.35,265.52,349678
2024-09-11,266.11,269.95,256.16,257.14,265361
2024-09-12,262.07,282.27,256.16,280.79,383488
2024-09-15,285.71,287.68,268.08,269.95,611503
2024-09-16,269.95,271.82,261.08,262.66,293602
2024-09-18,264.04,264.53,256.16,261.08,187764
2024-09-22,266.01,276.75,261.08,264.04,227976
2024-09-23,266.01,266.01,253.2,253.69,218571
2024-09-24,251.23,261.08,245.32,245.32,365175
2024-09-25,249.26,254.58,237.54,252.51,241348
2024-09-26,249.26,258.13,247.29,249.16,193007
2024-09-29,244.24,248.28,239.41,242.36,143572
2024-09-30,242.36,251.23,242.36,248.47,126740
2024-10-01,253.4,268.87,249.26,268.87,353269
2024-10-02,268.97,274.29,261.18,263.94,258425
2024-10-06,266.01,275.27,262.07,273.89,148964
2024-10-07,278.82,284.73,274.88,277.93,192663
2024-10-08,283.15,283.15,267.98,269.95,181550
2024-10-09,266.6,274.78,265.02,269.95,83357
2024-10-15,273.79,275.86,268.97,274.48,44386
2024-10-16,275.86,282.66,274.88,279.31,155697
2024-10-17,276.85,292.32,276.06,283.84,345740
2024-10-20,278.23,287.59,273.89,278.72,277743
2024-10-21,273.2,278.82,266.11,266.31,216873
2024-10-22,267.0,273.89,265.81,270.74,174707
2024-10-23,271.03,275.86,266.21,267.98,122361
2024-10-24,267.98,270.94,264.04,265.52,163770
2024-10-27,270.74,270.74,262.17,265.02,99887
2024-10-28,268.97,272.81,267.0,269.95,95243
2024-10-29,269.95,275.86,268.97,274.98,137397
2024-10-30,279.8,279.8,269.75,270.54,104149
2024-11-05,267.0,275.86,267.0,270.84,60229
2024-11-06,270.94,270.94,268.28,268.97,67161
2024-11-10,273.89,278.82,269.26,278.82,229963
2024-11-11,273.3,287.68,273.3,279.8,254169
2024-11-12,284.73,284.73,275.96,278.82,123454
2024-11-13,283.74,283.74,272.91,273.89,92524
2024-11-14,277.83,277.83,270.94,272.91,120893
2024-11-17,267.49,279.8,267.49,272.91,171677
2024-11-19,277.83,277.83,262.66,266.01,226502
2024-11-20,270.94,270.94,261.08,263.25,161816
2024-11-21,264.14,268.37,258.62,259.11,136605
2024-11-24,264.24,264.24,255.17,256.16,130444
2024-11-25,261.28,261.28,253.2,257.14,86962
2024-11-26,261.08,267.49,258.13,263.05,151628
2024-11-27,257.83,270.25,257.83,268.08,144323
2024-11-28,270.94,270.94,263.15,264.04,146197
2024-12-01,269.26,269.26,253.79,256.55,126602
2024-12-02,261.08,261.08,255.17,255.57,141548
2024-12-03,260.1,260.1,253.69,255.27,154867
2024-12-04,260.3,261.08,253.79,254.78,113115
2024-12-05,254.19,256.16,249.46,250.25,144582
2024-12-08,250.25,253.2,244.83,244.93,138694
2024-12-09,249.26,250.25,244.53,247.29,65432
2024-12-10,248.28,249.26,244.33,244.83,59090
2024-12-11,244.83,250.25,243.05,250.25,326528
2024-12-12,253.2,253.2,246.21,246.21,79664
2024-12-16,244.33,246.31,239.51,240.39,102083
2024-12-17,240.39,243.15,238.13,239.41,91884
2024-12-18,240.39,241.38,236.45,237.44,90082
2024-12-19,237.44,239.51,230.54,230.64,90144
2024-12-22,226.11,236.45,226.11,229.36,86622
2024-12-23,228.57,236.35,226.6,233.89,67190
2024-12-24,234.48,238.52,234.48,235.96,78642
2024-12-26,240.3,240.3,232.91,239.11,93504
2024-12-29,234.48,236.45,229.85,231.43,93411
2024-12-31,228.57,229.06,222.66,226.5,93920
2025-01-01,222.07,230.84,222.07,228.57,42754
2025-01-02,231.03,231.03,225.02,227.59,49251
2025-01-05,230.54,230.54,225.71,229.56,59306
2025-01-06,234.09,238.42,229.06,238.42,112178
2025-01-07,238.42,243.15,236.45,239.31,76468
2025-01-08,244.04,244.04,236.65,241.97,88707
2025-01-09,244.14,244.14,237.93,238.92,98600
2025-01-12,243.65,243.65,233.5,236.85,59964
2025-01-13,237.44,237.44,229.56,231.53,76132
2025-01-15,233.5,234.48,228.67,228.67,41208
2025-01-16,229.56,232.51,223.65,228.28,100292
2025-01-19,228.28,236.45,225.81,230.15,85116
2025-01-20,234.48,234.68,229.56,231.43,37747
2025-01-21,227.59,236.45,227.59,233.4,59830
2025-01-22,236.45,253.99,233.5,253.2,359894
2025-01-23,253.2,260.99,248.28,249.06,216378
2025-01-26,253.99,253.99,244.33,245.32,148144
2025-01-27,247.29,249.46,239.41,240.3,125084
2025-01-28,239.41,248.28,239.41,245.32,146352
2025-02-02,246.31,264.04,246.31,260.59,298050
2025-02-03,262.07,279.8,257.83,261.08,428830
2025-02-04,266.31,266.31,257.14,258.23,168102
2025-02-05,258.33,260.39,255.17,256.16,168019
2025-02-06,259.11,261.08,255.17,258.03,121772
2025-02-09,259.11,261.58,253.2,254.09,100044
2025-02-10,252.22,256.16,249.36,252.12,113917
2025-02-11,252.22,254.19,247.68,250.25,86887
2025-02-12,250.25,254.19,249.26,252.22,130832
2025-02-13,250.25,261.08,250.25,259.11,351110
2025-02-16,259.11,271.92,259.01,267.0,522847
2025-02-17,267.98,273.99,266.01,266.01,319163
2025-02-18,266.01,270.25,261.38,264.04,198103
2025-02-20,258.82,266.01,258.82,260.1,151316
2025-02-23,265.02,278.82,251.33,269.95,421597
2025-02-24,271.92,284.73,271.92,281.28,1087247
2025-02-25,281.77,297.54,281.77,293.6,1003779
2025-02-27,296.55,305.42,287.78,294.58,614915
2025-03-02,300.39,300.39,285.81,293.6,565551
2025-03-03,299.41,301.48,293.6,294.58,723046
2025-03-04,294.58,299.51,287.68,287.98,450812
2025-03-05,287.68,290.64,280.79,285.71,500149
2025-03-06,288.57,288.57,281.77,283.74,248935
2025-03-09,283.74,284.73,274.29,274.88,305110
2025-03-10,269.95,280.79,267.98,269.95,237950
2025-03-11,275.27,275.27,264.04,264.04,278347
2025-03-12,264.04,273.2,262.76,273.2,220117
2025-03-16,267.78,273.89,266.01,267.68,215254
2025-03-17,264.04,273.89,264.04,269.46,191405
2025-03-18,274.78,274.78,266.01,267.0,121492
2025-03-19,270.25,270.25,261.08,262.07,132074
2025-03-20,256.85,264.53,256.85,262.46,147825
2025-03-23,262.46,264.04,253.3,254.11,182324
2025-03-24,249.06,262.96,249.06,260.89,161450
2025-03-25,260.89,260.89,251.53,253.56,150982
2025-03-26,248.57,261.08,248.57,259.56,170794
2025-03-27,259.11,267.98,258.13,266.63,236780
2025-03-30,266.01,278.82,266.01,272.82,351548
2025-04-01,267.39,275.86,266.01,269.38,283267
2025-04-02,264.04,274.78,264.04,270.97,140359
2025-04-03,268.08,274.98,267.98,270.93,231903
2025-04-07,268.97,274.78,266.01,267.68,208865
2025-04-08,262.36,268.97,262.36,267.22,152730
2025-04-09,261.97,274.98,261.97,272.57,253367
2025-04-10,272.91,275.76,270.94,272.7,148266
2025-04-13,274.38,285.62,270.94,283.92,579092
2025-04-15,288.67,295.57,282.96,290.39,777416
2025-04-16,295.57,297.54,285.91,288.77,387969
2025-04-17,290.54,313.6,286.8,308.47,1608899
2025-04-20,314.58,321.18,309.36,312.6,1090237
2025-04-21,310.34,324.53,310.34,320.38,1341570
2025-04-22,320.2,323.15,306.4,308.25,831789
2025-04-23,307.39,308.28,295.57,299.39,1044422
2025-04-24,295.76,315.27,290.64,311.07,919186
2025-04-27,310.34,330.05,310.34,325.91,1604962
2025-04-28,325.91,334.98,313.3,314.34,907767
2025-04-29,320.59,323.15,310.44,313.08,743497
2025-04-30,315.27,321.08,309.46,314.77,761583
2025-05-04,318.72,320.2,301.48,303.04,746760
2025-05-05,300.49,305.42,296.55,299.88,624608
2025-05-06,293.89,306.4,293.89,299.46,551624
2025-05-07,299.46,306.4,294.68,301.09,693958
2025-05-08,300.49,314.19,299.61,306.83,970157
2025-05-11,312.91,312.91,291.63,294.63,813386
2025-05-13,288.77,299.01,287.68,288.18,569699
2025-05-14,282.46,292.12,280.59,281.61,359414
2025-05-15,283.74,286.7,280.79,284.52,311585
2025-05-18,284.73,289.66,283.05,284.0,229807
2025-05-19,278.33,291.13,278.33,287.71,232221
2025-05-20,281.97,305.42,281.97,298.33,322114
2025-05-21,304.24,314.29,295.57,296.58,526134
2025-05-22,290.74,303.45,290.74,295.67,307238
2025-05-25,289.85,299.41,289.66,291.01,244603
2025-05-26,296.75,302.46,288.97,290.83,393349
2025-05-27,292.61,295.57,287.68,291.59,229154
2025-05-28,293.6,297.44,289.75,292.07,354811
2025-06-02,297.83,311.33,295.86,309.97,1199802
2025-06-03,316.16,316.16,301.67,303.27,378399
2025-06-04,297.24,310.25,297.24,304.01,386005
2025-06-05,297.93,309.36,297.93,307.09,462000
2025-06-08,307.39,312.32,305.02,306.48,744969
2025-06-09,300.39,310.34,300.39,305.89,391739
2025-06-10,300.99,318.23,300.99,310.65,834832
2025-06-11,304.53,314.29,304.53,306.55,441373
2025-06-12,300.49,309.36,300.49,302.95,314896
2025-06-15,300.49,309.26,297.54,299.59,511875
2025-06-16,293.6,304.43,293.6,295.6,460874
2025-06-17,290.64,299.51,290.64,292.88,261826
2025-06-18,287.09,300.0,287.09,297.14,301193
2025-06-19,300.0,300.0,290.64,291.53,361070
2025-06-22,289.66,295.17,283.05,283.82,346558
2025-06-23,279.8,289.56,279.8,288.21,219563
2025-06-24,293.89,293.89,285.71,285.88,175791
2025-06-25,284.73,285.71,280.79,281.45,213052
2025-06-26,280.79,285.52,279.01,280.17,227498
2025-06-29,280.0,282.66,277.83,279.78,299476
2025-06-30,280.79,283.74,278.82,280.19,210365
2025-07-01,274.68,295.47,274.68,293.0,332209
2025-07-02,298.82,298.82,288.77,289.57,179721
2025-07-03,283.84,300.39,283.84,286.9,162900
2025-07-06,281.18,293.6,281.18,289.28,290983
2025-07-07,289.26,293.4,286.31,287.77,162411
2025-07-08,282.27,290.64,282.27,287.18,124860
2025-07-09,281.48,294.58,281.48,290.66,393796
2025-07-10,284.93,295.37,284.93,292.21,218803
2025-07-13,298.03,302.46,291.33,292.29,289421
2025-07-14,286.5,292.22,285.71,285.97,206794
2025-07-15,280.79,292.12,280.79,288.46,247287
2025-07-16,283.15,294.48,283.15,288.29,390367
2025-07-17,287.68,305.42,287.68,301.57,470440
2025-07-20,302.46,314.29,302.36,302.78,781600
2025-07-21,296.75,307.39,296.75,305.17,392558
2025-07-22,307.39,321.67,305.42,318.11,1150088
2025-07-23,320.2,324.53,312.51,319.1,846769
2025-07-24,325.42,325.42,313.6,316.1,500892
2025-07-27,317.24,320.2,303.45,305.6,695153
2025-07-28,299.51,310.05,299.51,309.03,459931
2025-07-29,304.43,320.0,304.43,307.57,499824
2025-07-30,307.39,311.33,301.48,302.21,332023
2025-07-31,296.26,305.22,294.58,296.26,488131
2025-08-03,290.34,300.49,290.34,291.11,313020
2025-08-04,285.32,296.26,285.32,291.26,290388
2025-08-05,290.64,293.6,284.73,285.41,298941
2025-08-06,279.7,289.16,279.7,286.2,163840
2025-08-07,285.71,290.64,284.73,289.84,164637
2025-08-11,294.48,294.48,283.74,284.3,290368
2025-08-12,278.62,287.68,278.62,283.78,164752
2025-08-13,278.13,287.68,278.13,284.07,137270
2025-08-14,285.71,287.49,280.79,285.01,193740
2025-08-17,283.74,287.09,279.8,281.05,181589
2025-08-18,285.71,285.71,277.93,282.25,169780
2025-08-19,276.65,287.68,276.65,283.92,177968
2025-08-20,278.33,285.71,278.33,282.14,273321
2025-08-21,280.79,284.33,280.0,281.74,218215
2025-08-24,276.16,284.73,276.16,279.92,100316
2025-08-25,275.86,282.66,275.86,281.84,78353
2025-08-26,278.33,283.74,278.33,280.93,137054
2025-08-27,275.67,291.63,275.67,290.06,184316
2025-08-28,286.7,291.63,282.76,283.31,151856
2025-08-31,280.89,284.53,278.13,278.96,170986
2025-09-01,273.4,282.76,273.4,279.1,83065
2025-09-02,278.82,280.69,276.06,277.5,144639
2025-09-03,282.76,282.76,275.16,276.08,128999
2025-09-04,275.17,278.82,271.63,273.95,134860
2025-09-07,268.47,278.33,268.47,272.09,94277
2025-09-08,266.7,277.34,265.02,266.27,127024
2025-09-18,261.08,261.08,241.38,246.6,22665
2025-09-21,241.67,271.23,241.67,269.86,268607
2025-09-23,275.17,280.79,269.95,276.85,189939
2025-09-24,276.85,276.85,266.01,269.95,167531
2025-09-25,271.53,275.27,264.83,268.97,108839
2025-09-28,269.95,271.92,266.01,270.34,76227
2025-10-07,266.01,268.97,259.11,262.56,148622
2025-10-08,262.56,263.05,254.19,260.79,145358
2025-10-09,265.91,278.82,261.18,261.18,219448
2025-10-12,259.11,261.08,252.91,254.19,149094
2025-10-13,259.11,261.08,250.44,261.08,188193
2025-10-14,257.54,265.02,253.3,254.19,70606
2025-10-15,256.16,259.11,251.63,251.63,60991
2025-10-16,255.17,255.17,246.8,247.78,126265
2025-10-19,250.25,253.0,245.32,250.44,65336
2025-10-26,250.44,252.22,246.31,252.22,59330
2025-10-28,254.88,265.81,254.19,263.55,156242
2025-10-29,267.98,272.91,258.42,266.01,199404
2025-10-30,269.95,271.92,261.08,270.94,178501
2025-11-02,276.35,276.35,268.97,273.6,155658
2025-11-03,275.76,277.73,268.28,269.75,127510
2025-11-04,267.68,270.94,263.05,264.04,112866
2025-11-05,263.05,266.5,259.7,265.02,124525
2025-11-06,270.25,270.25,262.36,267.0,175613
2025-11-09,267.0,269.85,260.1,260.99,83521
2025-11-10,256.16,271.43,256.16,261.08,62413
2025-11-11,256.16,262.07,256.16,260.1,60539
2025-11-12,261.08,261.08,257.34,257.34,96442
2025-11-13,252.32,273.0,252.32,257.14,96415
2025-11-16,256.16,260.0,255.07,256.55,85249
2025-11-17,256.16,260.0,254.19,259.9,65432
2025-11-18,265.02,268.77,256.35,263.74,158170
2025-11-19,265.02,267.98,258.92,263.05,70697
2025-11-20,257.83,265.02,257.83,259.01,54871
2025-11-23,264.14,267.39,262.07,267.39,160089
2025-11-24,263.05,275.67,263.05,273.89,183106
2025-11-25,274.88,279.01,272.41,277.83,324409
2025-11-26,280.79,280.79,274.88,275.86,140395
2025-11-27,273.3,277.64,272.91,273.89,234751
2025-11-30,273.89,277.73,268.97,269.85,195403
2025-12-01,272.32,272.32,267.49,268.97,162358
2025-12-02,266.01,269.85,266.01,268.97,71159
2025-12-03,268.47,270.44,264.83,265.02,86398
2025-12-07,266.01,266.01,261.87,262.76,84953
2025-12-08,263.05,266.01,261.08,262.56,61726
2025-12-09,258.13,266.01,258.13,264.04,53043
2025-12-10,259.11,265.91,259.11,262.96,57771
2025-12-11,259.11,264.24,259.11,263.84,88467
2025-12-14,264.04,264.04,258.13,260.89,108582
2025-12-15,258.62,260.1,256.26,259.01,76582
2025-12-16,259.11,262.56,259.11,262.36,126754
2025-12-17,262.36,264.63,261.28,262.07,63425
2025-12-18,262.07,263.05,258.33,260.79,83618
2025-12-21,258.13,261.58,257.24,259.11,137022
2025-12-22,264.24,264.24,254.19,255.17,111105
2025-12-23,250.1,258.9,250.1,255.1,78597
2025-12-24,258.0,258.0,253.4,254.5,46345
2025-12-28,257.0,262.0,255.9,261.7,130510
2025-12-29,266.9,266.9,258.0,260.0,96932
2025-12-31,260.0,262.9,258.1,261.9,83344
2026-01-01,259.0,262.2,256.0,258.9,114299
2026-01-04,259.0,260.0,255.3,255.4,34111
2026-01-05,255.1,258.9,255.1,258.0,73772
2026-01-06,260.6,263.5,259.0,263.0,119456
2026-01-07,260.5,262.0,257.0,258.0,84259
2026-01-08,256.1,258.0,256.0,257.9,76408
2026-01-12,256.2,259.9,255.6,255.9,87905
2026-01-13,257.0,257.9,254.8,256.7,90995
2026-01-14,252.0,258.0,252.0,255.2,83682
2026-01-18,258.0,263.0,258.0,259.2,92708
2026-01-20,264.3,268.2,262.0,266.7,237371
2026-01-21,266.0,270.0,263.2,264.1,187219
2026-01-22,262.0,266.0,262.0,265.3,110713
2026-01-25,265.0,275.3,265.0,275.0,264830
2026-01-26,275.0,279.0,266.0,270.0,291578
2026-01-27,270.0,273.9,262.7,263.0,165589
2026-01-28,263.0,267.5,258.1,260.5,233329
2026-01-29,263.0,275.0,261.5,266.6,311455
2026-02-01,269.0,270.9,263.2,265.0,171572
2026-02-02,265.0,268.0,262.1,262.9,73258
2026-02-03,263.1,266.3,260.2,261.9,139891
2026-02-04,260.0,264.9,257.5,260.0,107188
2026-02-05,262.8,266.0,258.2,263.7,121177
2026-02-08,263.1,268.5,260.0,260.2,179081
2026-02-09,261.5,265.0,259.0,262.0,136674
2026-02-10,263.0,267.0,260.0,263.0,134163
2026-02-11,265.0,266.3,262.5,264.0,157755
2026-02-12,267.0,269.7,264.0,266.5,218225
2026-02-16,269.0,269.8,264.0,265.0,60177
2026-02-17,263.1,264.0,259.7,259.9,129492
2026-02-22,260.0,260.0,254.6,255.0,133171
2026-02-23,255.0,260.0,255.0,256.9,72501
2026-02-24,258.0,260.0,256.5,259.9,94267
2026-02-25,262.9,263.0,258.0,259.2,58412
2026-02-26,264.3,264.3,259.2,261.2,80779
2026-03-01,266.4,266.4,255.0,261.9,93456
2026-03-03,267.1,267.1,260.5,266.4,88409
2026-03-09,271.7,292.0,271.7,292.0,2844
2026-03-10,295.0,296.0,278.0,291.0,717710
2026-03-11,293.0,297.5,287.0,288.1,634950
2026-03-12,289.0,303.0,288.0,298.5,651160
2026-03-15,300.0,304.4,293.0,294.9,425094
2026-03-16,300.0,300.0,284.7,287.3,419979
2026-03-17,287.0,292.7,282.0,292.5,297248
2026-03-19,292.5,300.0,292.5,299.0,677725
2026-03-22,301.0,304.5,296.1,298.9,583067
2026-03-23,300.0,301.2,293.1,296.6,284958
2026-03-24,297.0,300.0,292.6,295.1,325583
2026-03-25,298.0,307.0,296.0,301.0,1205668
2026-03-26,307.0,307.0,296.2,298.0,351659
2026-03-29,298.0,299.9,286.0,287.2,522390
2026-03-30,290.0,290.0,277.6,278.0,523775
2026-03-31,282.0,284.0,271.2,283.8,243430
2026-04-01,283.8,283.8,270.0,271.0,357309
2026-04-02,275.0,276.0,266.0,272.0,215576
2026-04-05,267.0,270.0,261.0,262.4,272116
2026-04-06,262.0,284.0,260.3,275.2,301255
2026-04-07,278.5,279.9,271.0,275.9,168351
2026-04-08,278.0,279.8,273.3,279.8,142941
2026-04-09,280.0,284.9,276.1,282.8,148662
2026-04-10,288.4,288.4,274.1,277.0,166218
2026-04-13,275.0,280.0,275.0,277.0,106753
2026-04-15,280.0,288.6,277.1,284.7,199644
2026-04-16,284.7,284.9,276.0,277.2,156344
2026-04-17,282.7,282.7,275.0,278.0,158094
2026-04-20,278.1,280.0,273.0,274.1,58134
2026-04-21,274.1,277.0,271.0,271.6,75315
2026-04-22,271.0,278.0,268.0,272.1,92938
2026-04-23,273.5,275.0,269.2,270.7,65713
2026-04-24,270.7,272.0,266.0,270.8,92605
2026-04-27,270.0,273.9,268.0,271.8,111885
2026-04-28,277.0,277.0,267.7,269.9,77336
2026-04-29,270.0,270.0,265.5,267.0,53958
2026-04-30,267.0,268.7,262.0,265.7,126205
2026-05-04,266.5,268.0,261.8,262.5,66976
2026-05-05,262.0,267.0,260.6,263.0,60873
2026-05-06,267.9,270.0,261.5,263.9,55036
2026-05-07,266.0,266.8,262.0,264.8,42077
2026-05-08,267.8,269.0,265.0,267.0,44067
2026-05-11,262.6,274.5,262.6,274.0,62384
2026-05-12,277.0,278.5,266.8,268.0,117629
2026-05-13,268.0,269.5,264.2,268.1,36062
2026-05-14,268.0,269.0,265.0,267.3,35732
2026-05-15,269.1,270.0,264.0,267.0,57522
2026-05-18,270.0,271.0,265.5,268.4,52363
2026-05-19,268.4,270.0,267.0,269.0,50762
2026-05-20,270.0,272.9,268.0,272.0,54971
2026-05-21,272.0,274.0,268.6,269.7,45794
2026-05-22,270.0,272.0,268.3,271.5,49025
2026-05-25,270.0,276.8,270.0,276.0,85842
2026-05-26,272.0,277.7,272.0,272.9,51063
2026-05-27,275.0,276.8,272.4,274.0,92338
2026-06-01,274.0,274.0,265.1,266.2,114009
2026-06-02,270.0,270.0,265.6,269.0,53695
2026-06-03,270.0,274.0,266.0,269.5,54895
2026-06-04,270.0,270.0,265.9,266.2,42315
2026-06-05,265.5,269.5,264.0,265.0,61544
2026-06-08,268.0,268.5,260.0,262.9,54591
2026-06-09,260.0,267.0,260.0,264.5,61597
2026-06-10,265.5,265.5,262.0,263.6,22769
2026-06-11,263.0,264.5,262.0,263.5,30657
2026-06-12,262.0,264.9,261.3,262.5,53874
2026-06-15,262.5,264.0,260.3,261.0,46623
2026-06-16,262.0,263.0,260.0,260.6,53425
2026-06-17,261.0,262.0,259.8,260.9,32297
2026-06-18,260.0,261.0,259.8,260.4,28866
2026-06-19,260.3,263.0,258.5,260.5,40945
2026-06-22,262.0,262.2,259.0,260.0,27460
2026-06-23,258.1,260.0,257.0,258.0,23664
2026-06-24,255.1,259.9,252.0,256.0,84472
2026-06-25,256.0,258.9,253.0,256.5,34489
2026-06-26,253.0,257.0,253.0,254.9,47991
2026-06-29,254.0,254.0,250.0,252.8,49719
2026-06-30,252.8,252.8,248.9,250.0,36176
2026-07-01,250.0,255.0,250.0,254.0,31442
2026-07-02,256.0,256.0,250.0,255.5,53596
2026-07-03,255.6,256.0,252.0,253.0,36904
2026-07-06,253.0,254.9,250.1,250.9,38105
2026-07-07,251.1,254.8,249.2,253.0,35413
2026-07-08,250.0,253.0,249.0,252.4,45619
2026-07-09,250.2,252.9,248.2,248.2,33072
2026-07-10,246.8,251.9,246.7,247.4,72974
2026-07-13,247.0,249.0,246.0,246.6,32749
2026-07-14,249.4,250.0,245.0,250.0,62329
2026-07-15,253.0,253.0,247.1,248.0,42075
2026-07-16,250.0,252.5,248.3,250.0,62953
2026-07-17,254.0,264.8,253.0,264.8,61980
2026-07-20,265.0,270.0,260.0,267.0,109486
2026-07-21,271.9,271.9,262.0,268.8,75633
2026-07-22,262.6,267.8,261.2,266.0,64784
2026-07-23,266.0,267.0,261.1,263.6,46621
2026-07-24,262.0,268.8,262.0,263.7,70195
2026-07-27,260.2,267.0,260.0,262.0,55059
2026-07-28,260.0,263.9,258.2,260.0,28585
2026-07-29,260.1,262.9,258.2,260.0,31911
2026-07-30,260.0,262.8,256.1,258.0,44775
2026-07-31,260.0,260.0,256.1,258.8,17829
2026-08-03,263.6,263.6,258.0,259.2,37351
2026-08-04,257.0,259.6,254.0,255.9,48490
2026-08-05,255.9,257.7,252.0,255.0,52595
2026-08-06,259.0,259.0,253.5,254.6,20967
2026-08-07,252.1,258.0,252.1,254.0,20564
2026-08-10,252.6,254.0,251.0,253.0,45099
2026-08-11,257.6,257.6,252.0,252.5,24870
2026-08-12,251.8,265.0,250.0,265.0,163995
2026-08-13,260.0,263.0,255.0,258.8,50911
2026-08-14,253.2,265.0,253.2,256.0,66258
2026-08-17,256.0,258.0,251.1,253.9,33360
2026-08-18,254.0,254.5,249.5,251.0,60397
2026-08-19,255.0,255.0,248.2,251.0,27953
2026-08-20,252.9,253.8,249.0,253.8,17179
2026-08-21,250.0,254.8,248.2,249.0,50980
2026-08-24,249.0,249.5,246.1,248.0,76586
2026-08-25,248.0,249.0,244.6,247.0,65423
2026-08-26,246.0,246.8,240.7,242.0,78589
2026-08-27,238.5,242.0,234.0,242.0,87588
2026-08-31,240.0,241.0,236.7,236.8,45104
