timestamp,open,high,low,close,volume
2012-01-01,62.69,63.34,63.34,63.34,99
2012-01-02,63.34,64.47,63.66,64.47,187
2012-01-03,64.47,65.92,63.18,63.82,1602
2012-01-04,63.82,64.15,63.5,64.15,100
2012-01-05,64.15,63.5,62.21,62.37,2247
2012-01-08,62.37,63.66,61.4,63.01,3488
2012-01-09,63.01,64.31,63.18,64.15,952
2012-01-10,64.15,64.63,62.53,62.69,871
2012-01-11,62.69,63.5,62.53,62.53,1832
2012-01-12,62.53,65.11,63.01,63.01,1043
2012-01-17,65.79,65.09,63.18,63.18,510
2012-01-18,63.18,63.87,62.83,63.87,400
2012-01-22,63.87,63.35,63.18,63.18,240
2012-01-23,63.18,63.0,62.3,63.0,610
2012-01-25,63.0,63.52,63.52,63.52,49
2012-01-26,63.52,63.52,62.3,62.48,466
2012-01-29,62.48,63.0,62.83,63.0,651
2012-01-31,63.0,63.18,62.3,62.3,228
2012-02-01,62.3,62.48,61.96,62.3,1409
2012-02-02,62.3,62.3,59.69,60.39,6590
2012-02-05,60.39,60.57,60.22,60.57,1647
2012-02-06,60.57,60.39,59.87,60.22,1995
2012-02-07,60.22,60.39,59.69,60.39,1172
2012-02-08,60.39,61.79,60.73,61.44,745
2012-02-09,61.44,62.48,61.96,62.3,944
2012-02-12,62.3,62.65,61.26,62.3,1961
2012-02-13,62.3,62.48,61.79,62.13,542
2012-02-14,62.13,62.3,61.96,62.3,627
2012-02-15,62.3,61.79,61.26,61.26,146
2012-02-16,61.26,60.91,60.57,60.73,366
2012-02-21,60.73,60.57,60.57,60.57,47
2012-02-23,60.57,61.08,60.57,60.57,287
2012-02-26,60.57,60.57,60.39,60.57,1046
2012-02-28,60.57,61.96,60.57,60.91,605
2012-02-29,60.91,61.08,60.57,60.73,1119
2012-03-01,60.73,61.08,60.73,60.73,1529
2012-03-04,60.73,60.91,60.73,60.91,939
2012-03-05,60.91,61.44,61.44,61.44,40
2012-03-06,61.44,60.91,60.57,60.57,360
2012-03-11,60.57,60.39,59.69,59.69,1405
2012-03-12,59.69,59.35,58.3,59.0,1729
2012-03-13,59.0,59.52,58.82,59.35,2482
2012-03-14,59.35,58.82,57.96,58.65,1340
2012-03-18,58.65,58.3,56.91,57.61,1289
2012-03-19,57.61,58.65,58.12,58.65,548
2012-03-20,58.65,58.12,57.96,57.96,630
2012-03-21,57.96,58.3,57.78,57.78,532
2012-03-25,57.78,57.61,56.74,57.08,2866
2012-03-26,57.08,57.08,56.56,57.08,748
2012-03-27,57.08,57.08,56.74,56.74,795
2012-03-29,56.74,57.26,57.26,57.26,73
2012-04-01,57.26,57.78,57.08,57.61,771
2012-04-02,57.61,58.12,57.78,58.12,678
2012-04-03,58.12,58.65,57.96,57.96,417
2012-04-04,57.96,58.3,57.78,58.3,209
2012-04-05,58.3,58.3,57.78,58.12,510
2012-04-09,58.12,58.65,58.3,58.3,924
2012-04-10,58.3,59.35,57.96,58.82,1004
2012-04-11,58.82,60.91,59.0,60.04,1156
2012-04-12,60.04,62.13,60.57,61.26,4530
2012-04-15,61.26,64.4,61.79,64.4,230
2012-04-16,64.4,67.88,65.09,67.88,3085
2012-04-17,67.88,70.66,66.13,66.13,5925
2012-04-18,66.13,69.44,64.05,67.36,3687
2012-04-19,67.36,69.44,65.79,68.22,3239
2012-04-22,68.22,72.05,68.05,72.05,9337
2012-04-24,72.05,72.92,72.92,72.92,174
2012-04-25,72.92,73.8,73.8,73.8,15
2012-04-26,73.8,78.32,71.88,78.32,25597
2012-04-29,78.32,80.58,73.97,77.97,14147
2012-04-30,77.97,77.28,75.54,75.71,4435
2012-05-02,75.71,74.84,73.1,73.1,147
2012-05-03,73.1,74.84,73.97,74.84,170
2012-05-07,74.84,77.45,75.71,77.45,6585
2012-05-08,77.45,82.33,78.32,82.33,16326
2012-05-09,82.33,82.33,76.93,79.19,12468
2012-05-10,79.19,78.32,74.84,77.28,4928
2012-05-13,77.28,76.41,72.4,72.58,3537
2012-05-14,72.58,71.71,68.22,68.92,3514
2012-05-15,68.92,71.01,69.62,71.01,558
2012-05-17,71.01,75.19,71.71,75.19,5270
2012-05-20,75.19,77.97,72.58,75.54,6991
2012-05-21,75.54,77.62,74.14,76.41,4919
2012-05-22,76.41,76.05,74.66,74.66,1603
2012-05-23,74.66,73.8,70.14,70.31,1896
2012-05-24,70.31,74.14,69.62,73.8,3712
2012-05-27,73.8,78.32,74.66,76.23,3385
2012-05-29,76.23,75.36,71.53,71.53,97
2012-05-30,71.53,70.83,67.36,67.36,184
2012-05-31,67.36,68.4,63.87,67.7,8028
2012-06-03,67.7,71.53,68.4,71.19,3352
2012-06-04,71.19,71.36,68.92,68.92,2013
2012-06-05,68.92,69.62,67.88,68.05,1202
2012-06-06,68.05,67.36,65.79,66.31,1476
2012-06-07,66.31,68.92,66.31,68.4,2250
2012-06-10,68.4,67.7,65.97,66.13,675
2012-06-11,66.13,67.53,66.48,66.66,1219
2012-06-12,66.66,67.36,65.97,67.36,520
2012-06-13,67.36,67.18,66.48,67.01,1541
2012-06-14,67.01,67.36,66.31,67.18,1135
2012-06-17,67.18,66.66,65.26,65.62,1803
2012-06-18,65.62,67.01,65.26,67.01,1005
2012-06-19,67.01,67.7,66.48,67.7,335
2012-06-20,67.7,69.09,67.01,67.36,802
2012-06-21,67.36,67.88,66.48,67.53,720
2012-06-25,67.53,69.62,67.01,69.62,3830
2012-06-26,69.62,68.92,68.92,68.92,11
2012-06-27,68.92,69.09,67.7,69.09,1237
2012-06-28,69.09,69.44,68.4,69.09,1171
2012-07-01,69.09,69.27,67.01,67.01,1382
2012-07-02,67.01,67.18,65.26,67.18,8469
2012-07-03,67.18,67.01,66.48,67.01,1273
2012-07-04,67.01,68.22,67.7,68.22,479
2012-07-05,68.22,68.74,66.83,66.83,4563
2012-07-08,66.83,68.92,67.53,67.53,1125
2012-07-09,67.53,67.88,66.83,66.83,1167
2012-07-10,66.83,68.4,67.53,68.05,2966
2012-07-11,68.05,68.05,67.36,67.36,1252
2012-07-12,67.36,68.05,67.36,67.36,575
2012-07-15,67.36,71.19,68.05,70.49,1889
2012-07-16,70.49,69.79,67.7,67.88,1070
2012-07-17,67.88,68.4,67.36,67.7,1761
2012-07-18,67.7,68.92,68.05,68.92,2928
2012-07-19,68.92,70.49,68.05,68.4,6757
2012-07-22,68.4,72.4,69.09,70.49,6412
2012-07-23,70.49,73.44,71.19,71.88,7189
2012-07-24,71.88,71.36,69.97,70.14,396
2012-07-25,70.14,71.19,70.31,70.31,6446
2012-07-26,70.31,70.14,69.62,70.14,1035
2012-07-29,70.14,69.79,69.09,69.09,225
2012-07-30,69.09,69.79,68.58,69.79,840
2012-07-31,69.79,70.66,70.14,70.31,1799
2012-08-01,70.31,71.36,70.14,71.01,3011
2012-08-05,71.01,71.19,71.19,71.19,100
2012-08-06,71.19,72.05,71.01,71.01,1260
2012-08-07,71.01,71.71,70.31,71.71,3322
2012-08-08,71.71,71.19,69.79,70.31,2344
2012-08-12,70.31,70.14,68.58,68.58,936
2012-08-13,68.58,70.66,69.09,70.14,5554
2012-08-14,70.14,69.44,67.88,68.4,1836
2012-08-15,68.4,68.4,67.01,68.4,1135
2012-08-16,68.4,69.62,68.58,69.62,1985
2012-08-19,69.62,69.09,68.74,68.74,400
2012-08-21,68.74,68.4,68.22,68.22,844
2012-08-22,68.22,68.74,67.53,68.4,2008
2012-08-23,68.4,68.4,67.88,67.88,1317
2012-08-26,67.88,68.4,67.18,67.7,1468
2012-08-27,67.7,70.49,67.88,69.79,5152
2012-08-28,69.79,69.79,69.09,69.79,4045
2012-08-29,69.79,70.49,69.79,70.14,1411
2012-08-30,70.14,70.14,69.44,69.97,1394
2012-09-02,69.97,71.53,69.97,70.83,2454
2012-09-03,70.83,71.88,70.83,71.36,2990
2012-09-04,71.36,71.01,70.14,70.83,1722
2012-09-05,70.83,70.14,70.14,70.14,224
2012-09-06,70.14,70.49,69.79,70.49,899
2012-09-09,70.49,70.49,69.79,69.97,548
2012-09-10,69.97,69.79,69.44,69.79,890
2012-09-11,69.79,70.31,69.79,69.79,411
2012-09-12,69.79,69.79,69.09,69.79,2213
2012-09-13,69.79,71.19,69.44,70.14,789
2012-09-16,70.14,70.66,69.97,70.66,2508
2012-09-17,70.66,71.19,70.66,70.83,1517
2012-09-18,70.83,72.05,70.83,70.83,3860
2012-09-19,70.83,70.66,70.14,70.66,798
2012-09-20,70.66,70.14,69.27,70.14,1810
2012-09-23,70.14,70.14,68.74,69.09,759
2012-09-24,69.09,68.58,68.4,68.4,645
2012-09-25,68.4,69.27,69.09,69.27,1757
2012-09-26,69.27,69.62,69.27,69.62,1937
2012-09-27,69.62,69.62,69.27,69.27,600
2012-09-30,69.27,69.27,68.58,69.09,995
2012-10-01,69.09,69.44,68.4,68.92,4663
2012-10-02,68.92,69.44,69.09,69.44,3342
2012-10-03,69.44,69.79,69.09,69.44,5770
2012-10-04,69.44,69.27,68.74,69.09,1394
2012-10-07,69.09,69.62,68.4,68.4,5071
2012-10-08,68.4,69.79,69.09,69.27,1184
2012-10-09,69.27,70.49,69.27,70.31,1488
2012-10-10,70.31,69.97,69.62,69.62,686
2012-10-11,69.62,69.27,69.09,69.27,885
2012-10-14,69.27,69.44,68.92,69.27,1783
2012-10-15,69.27,69.27,68.58,68.92,1604
2012-10-17,68.92,69.97,68.92,69.97,2220
2012-10-18,69.97,70.66,70.49,70.66,343
2012-10-30,70.66,72.4,71.19,72.23,2870
2012-10-31,72.23,73.97,71.71,71.88,2623
2012-11-01,71.88,72.23,71.88,71.88,1899
2012-11-04,71.88,72.75,71.88,72.58,2200
2012-11-05,72.58,74.14,72.75,73.44,6450
2012-11-06,73.44,74.49,72.75,74.49,4812
2012-11-07,74.49,77.45,74.84,75.88,5445
2012-11-08,75.88,77.62,75.01,76.23,6912
2012-11-11,76.23,76.23,73.62,73.62,4820
2012-11-12,73.62,75.71,72.4,75.19,6807
2012-11-18,75.19,79.72,75.36,77.62,6896
2012-11-20,77.62,79.72,77.45,78.84,8997
2012-11-21,78.84,78.15,76.41,77.8,11514
2012-11-22,77.8,77.45,75.71,77.1,3878
2012-11-25,77.1,77.97,75.88,76.23,6951
2012-11-26,76.23,76.23,74.49,75.88,26505
2012-11-27,75.88,76.23,75.01,76.23,3154
2012-11-28,76.23,75.71,74.84,75.36,1192
2012-11-29,75.36,74.84,74.66,74.66,151
2012-12-02,74.66,73.8,71.88,72.05,3820
2012-12-03,72.05,71.88,70.14,70.14,3129
2012-12-04,70.14,73.97,70.83,73.1,3130
2012-12-05,73.1,75.01,73.27,75.01,3014
2012-12-06,75.01,74.14,72.75,74.14,1999
2012-12-09,74.14,74.49,72.75,72.75,777
2012-12-10,72.75,72.75,71.01,72.58,1029
2012-12-11,72.58,74.32,72.23,72.23,868
2012-12-13,72.23,72.75,72.4,72.58,438
2012-12-16,72.58,75.36,73.44,75.36,3546
2012-12-17,75.36,77.1,74.32,74.32,8098
2012-12-18,74.32,75.19,73.1,74.49,3676
2012-12-19,74.49,76.23,73.62,74.66,4054
2012-12-20,74.66,76.93,74.66,76.41,12985
2012-12-23,76.41,77.1,76.23,76.23,2928
2012-12-24,76.23,77.97,77.1,77.1,4799
2012-12-26,77.1,79.72,77.8,78.84,11941
2012-12-27,78.84,80.76,79.72,80.58,6698
2012-12-31,80.58,79.54,76.58,77.28,1554
2013-01-01,77.28,77.97,77.1,77.45,2487
2013-01-02,77.45,77.28,75.88,77.28,1827
2013-01-03,77.28,77.97,77.1,77.62,1500
2013-01-06,77.62,77.45,76.41,77.45,1771
2013-01-07,77.45,77.1,75.36,75.54,3082
2013-01-08,75.54,75.36,74.84,74.84,159
2013-01-09,74.84,75.88,75.36,75.88,591
2013-01-10,75.88,75.88,75.36,75.88,416
2013-01-13,75.88,76.05,74.49,76.05,521
2013-01-15,76.05,75.88,74.84,75.88,2195
2013-01-16,75.88,75.88,74.84,75.88,2366
2013-01-17,75.88,77.1,74.49,74.49,1635
2013-01-20,74.49,73.62,72.05,72.4,917
2013-01-21,72.4,75.19,73.1,74.14,1632
2013-01-22,74.14,75.01,73.62,73.97,1823
2013-01-23,73.97,73.8,73.44,73.44,1637
2013-01-27,73.44,73.62,72.58,73.62,430
2013-01-28,73.62,72.75,71.88,71.88,378
2013-01-30,71.88,72.75,71.19,71.88,839
2013-01-31,71.88,72.4,71.53,72.05,2797
2013-02-03,72.05,73.62,71.88,73.62,392
2013-02-04,73.62,73.62,73.62,73.62,230
2013-02-05,73.62,73.62,73.62,73.62,200
2013-02-07,73.62,73.8,73.44,73.8,1096
2013-02-10,73.8,73.97,73.62,73.62,550
2013-02-12,73.62,77.62,74.49,77.1,1882
2013-02-13,77.1,76.58,76.23,76.58,444
2013-02-14,76.58,78.32,76.58,77.1,1895
2013-02-17,77.1,80.58,77.97,80.58,212
2013-02-19,80.58,82.67,78.84,79.02,2914
2013-02-20,79.02,78.32,77.62,78.32,1760
2013-02-21,78.32,78.66,77.97,77.97,31789
2013-02-24,77.97,77.28,77.1,77.28,226
2013-02-25,77.28,79.02,77.8,78.5,2263
2013-02-26,78.5,79.19,77.8,77.8,1159
2013-02-27,77.8,77.62,76.41,77.28,4762
2013-02-28,77.28,78.15,76.41,78.15,1002
2013-03-03,78.15,78.66,77.8,78.66,3514
2013-03-04,78.66,77.97,77.28,77.45,5880
2013-03-05,77.45,77.45,76.58,77.28,2844
2013-03-06,77.28,78.84,76.58,77.1,8236
2013-03-07,77.1,77.8,76.93,77.8,6013
2013-03-11,77.8,78.66,77.97,78.66,4630
2013-03-13,78.66,80.58,78.84,80.58,5468
2013-03-14,80.58,81.63,79.54,80.23,6189
2013-03-17,80.23,79.37,77.62,78.5,1907
2013-03-18,78.5,78.5,77.62,77.8,11038
2013-03-19,77.8,79.54,78.5,78.5,770
2013-03-20,78.5,78.84,77.8,77.8,2559
2013-03-21,77.8,77.8,76.93,77.28,2484
2013-03-24,77.28,76.75,75.88,75.88,411
2013-03-25,75.88,77.1,76.23,76.41,2209
2013-03-27,76.41,76.23,75.54,76.23,6549
2013-03-28,76.23,77.1,76.23,76.58,996
2013-03-31,76.58,75.71,75.01,75.36,2955
2013-04-01,75.36,76.23,74.49,76.23,1606
2013-04-02,76.23,77.62,76.23,77.62,1076
2013-04-03,77.62,76.93,76.23,76.23,1242
2013-04-04,76.23,76.23,75.88,75.88,4337
2013-04-07,75.88,76.93,75.88,76.93,1500
2013-04-08,76.93,76.75,76.23,76.75,2033
2013-04-09,76.75,78.5,76.23,78.5,4085
2013-04-11,78.5,78.66,77.1,77.1,1327
2013-04-15,77.1,77.1,77.1,77.1,1251
2013-04-16,77.1,76.75,75.88,76.23,3642
2013-04-17,76.23,76.05,75.36,75.88,1468
2013-04-18,75.88,76.41,75.36,76.41,2817
2013-04-21,76.41,75.54,74.66,75.19,1663
2013-04-22,75.19,74.32,73.44,73.97,775
2013-04-23,73.97,75.19,74.66,74.84,2628
2013-04-25,74.84,74.66,74.14,74.66,709
2013-04-28,74.66,75.54,73.62,73.62,1011
2013-04-29,73.62,74.32,72.75,73.44,4158
2013-04-30,73.44,73.97,73.1,73.62,1435
2013-05-02,73.62,74.14,72.23,72.58,1324
2013-05-05,72.58,72.05,71.88,71.88,950
2013-05-06,71.88,71.19,71.19,71.19,111
2013-05-07,71.19,72.75,71.19,72.75,369
2013-05-08,72.75,72.75,72.23,72.4,538
2013-05-09,72.4,72.58,72.58,72.58,1224
2013-05-12,72.58,72.75,71.71,72.75,1553
2013-05-13,72.75,74.49,73.27,74.32,1549
2013-05-14,74.32,75.71,75.01,75.71,899
2013-05-15,75.71,76.23,74.49,75.36,2836
2013-05-16,75.36,76.58,75.36,75.36,4958
2013-05-19,75.36,74.49,73.62,74.32,749
2013-05-20,74.32,74.49,74.32,74.49,575
2013-05-21,74.49,74.84,74.49,74.49,541
2013-05-22,74.49,73.62,72.75,73.62,2300
2013-05-23,73.62,73.62,73.1,73.1,238
2013-05-26,73.1,73.62,72.58,73.62,359
2013-05-27,73.62,73.97,73.27,73.8,1664
2013-05-28,73.8,73.8,73.62,73.62,869
2013-05-30,73.62,73.97,73.1,73.44,1023
2013-06-02,73.44,73.27,71.01,71.36,6921
2013-06-03,71.36,72.23,71.88,72.23,634
2013-06-04,72.23,72.58,71.71,71.88,7882
2013-06-05,71.88,72.58,71.88,71.88,2171
2013-06-06,71.88,71.88,71.88,71.88,1818
2013-06-09,71.88,72.58,71.88,72.05,1197
2013-06-10,72.05,71.88,71.01,71.88,3116
2013-06-12,71.88,72.4,71.53,71.53,3080
2013-06-13,71.53,71.88,71.36,71.53,2044
2013-06-16,71.53,72.23,72.23,72.23,187
2013-06-17,72.23,71.71,71.53,71.53,241
2013-06-18,71.53,71.71,70.66,71.19,1084
2013-06-20,71.19,71.36,71.01,71.01,1016
2013-06-23,71.01,71.19,70.31,71.19,296
2013-06-24,71.19,71.53,71.01,71.19,655
2013-06-25,71.19,72.75,71.88,72.23,2085
2013-06-26,72.23,73.27,72.23,72.75,3992
2013-06-27,72.75,73.27,71.88,73.27,2040
2013-06-30,73.27,72.4,72.4,72.4,100
2013-07-01,72.4,73.27,72.05,73.27,423
2013-07-02,73.27,72.58,71.36,71.36,1528
2013-07-03,71.36,72.05,71.71,71.71,560
2013-07-04,71.71,71.88,70.49,71.19,2027
2013-07-07,71.19,71.71,70.66,71.71,1147
2013-07-08,71.71,72.23,71.88,71.88,763
2013-07-09,71.88,72.58,71.71,71.71,1739
2013-07-10,71.71,72.75,71.88,72.4,3584
2013-07-11,72.4,71.88,71.88,71.88,1088
2013-07-14,71.88,73.62,72.75,72.75,1150
2013-07-15,72.75,73.62,73.62,73.62,100
2013-07-16,73.62,72.92,72.75,72.75,402
2013-07-17,72.75,72.75,72.4,72.75,416
2013-07-18,72.75,74.14,73.27,74.14,3319
2013-07-21,74.14,77.62,73.97,76.93,9287
2013-07-22,76.93,78.84,75.36,77.97,19448
2013-07-23,77.97,79.89,77.97,79.89,21924
2013-07-24,79.89,79.72,78.84,79.02,3225
2013-07-25,79.02,79.19,77.97,78.84,4578
2013-07-28,78.84,80.23,78.15,79.72,16862
2013-07-29,79.72,80.58,79.19,79.89,7384
2013-07-30,79.89,80.76,80.06,80.41,9875
2013-07-31,80.41,82.67,81.28,82.67,22715
2013-08-01,82.67,83.72,82.33,83.72,22327
2013-08-04,83.72,83.55,81.8,83.37,17385
2013-08-05,83.37,82.33,79.54,80.58,23968
2013-08-06,80.58,82.15,77.8,80.58,8186
2013-08-07,80.58,81.63,80.58,80.76,8502
2013-08-08,80.76,80.93,80.41,80.58,5980
2013-08-11,80.58,80.06,79.54,80.06,1865
2013-08-12,80.06,81.11,80.58,80.58,3703
2013-08-13,80.58,81.63,80.76,81.11,8006
2013-08-14,81.11,81.63,79.54,80.06,16848
2013-08-15,80.06,81.28,80.41,80.41,11894
2013-08-18,80.41,81.45,80.41,80.58,9147
2013-08-19,80.58,83.37,80.76,83.19,20268
2013-08-20,83.19,86.51,83.37,85.28,31326
2013-08-25,85.28,86.33,84.76,85.28,28628
2013-08-26,85.28,85.98,84.59,85.28,23999
2013-08-27,85.28,85.98,84.94,85.81,38953
2013-08-29,85.81,85.81,84.06,85.11,33042
2013-09-01,85.11,85.11,83.19,84.94,27718
2013-09-02,84.94,84.94,83.72,83.72,35721
2013-09-03,83.72,84.06,80.06,82.67,63945
2013-09-04,82.67,83.37,80.76,81.63,88878
2013-09-05,81.63,82.5,80.58,81.8,59861
2013-09-08,81.8,82.67,80.93,81.98,19410
2013-09-09,81.98,82.5,81.45,81.63,11523
2013-09-10,81.63,82.33,80.76,81.45,8046
2013-09-11,81.45,82.33,80.58,81.45,4395
2013-09-12,81.45,82.5,80.93,81.63,2762
2013-09-15,81.63,82.67,80.76,80.76,1124
2013-09-16,80.76,80.76,76.93,76.93,17522
2013-09-17,76.93,80.93,77.8,79.72,14692
2013-09-19,79.72,78.84,77.28,77.62,13543
2013-09-22,77.62,78.5,77.1,77.8,5892
2013-09-23,77.8,77.45,77.1,77.1,6875
2013-09-24,77.1,79.72,77.1,79.19,2195
2013-09-25,79.19,79.02,77.45,78.84,4039
2013-09-26,78.84,79.19,77.97,78.66,5185
2013-09-29,78.66,79.54,77.45,77.97,21236
2013-09-30,77.97,79.02,77.8,77.97,6253
2013-10-01,77.97,78.32,77.97,78.15,597
2013-10-02,78.15,78.15,77.62,77.97,481
2013-10-03,77.97,78.5,77.62,78.32,9644
2013-10-06,78.32,79.19,77.97,78.84,22434
2013-10-07,78.84,80.23,79.37,79.72,3543
2013-10-08,79.72,80.58,79.72,79.72,12915
2013-10-09,79.72,80.93,80.58,80.58,2604
2013-10-10,80.58,82.5,80.76,80.76,1018
2013-10-17,80.76,80.93,80.76,80.76,2500
2013-10-20,80.76,83.19,81.8,82.84,6151
2013-10-21,82.84,83.9,81.45,81.45,9152
2013-10-22,81.45,82.33,81.28,81.28,7988
2013-10-23,81.28,81.28,79.72,80.76,13790
2013-10-24,80.76,80.76,79.72,80.58,2683
2013-10-27,80.58,80.23,79.37,79.37,4310
2013-10-28,79.37,80.58,79.19,80.58,3145
2013-10-29,80.58,79.89,79.02,79.72,4210
2013-10-30,79.72,80.58,79.72,80.41,5608
2013-10-31,80.41,80.58,79.72,80.58,4365
2013-11-06,80.58,80.58,80.23,80.23,202
2013-11-07,80.23,80.58,79.72,79.72,4484
2013-11-10,79.72,80.58,79.37,79.37,4174
2013-11-11,79.37,80.93,79.72,80.93,18554
2013-11-12,80.93,82.67,79.89,81.98,11492
2013-11-13,81.98,83.02,79.89,83.02,22859
2013-11-14,83.02,82.33,81.28,82.15,25646
2013-11-21,82.15,86.33,83.19,86.33,1243
2013-11-24,86.33,92.07,85.81,88.24,33424
2013-11-25,88.24,89.29,84.94,85.28,14871
2013-11-26,85.28,87.37,84.94,84.94,15410
2013-11-27,84.94,86.67,85.11,85.81,20561
2013-11-28,85.81,86.51,84.94,85.63,13838
2013-12-01,85.63,86.85,85.46,85.63,20112
2013-12-02,85.63,89.46,86.51,89.29,59468
2013-12-03,89.29,92.25,88.94,91.55,53493
2013-12-04,91.55,97.82,92.77,97.82,31357
2013-12-05,97.82,102.87,95.9,97.82,36699
2013-12-08,97.82,100.26,97.3,98.69,31924
2013-12-09,98.69,99.73,97.82,99.73,29606
2013-12-10,99.73,102.34,98.86,101.99,56192
2013-12-11,101.99,108.44,103.39,106.7,42327
2013-12-12,106.7,111.05,105.82,110.18,42851
2013-12-15,110.18,115.58,110.0,114.52,43506
2013-12-16,114.52,123.06,116.09,122.88,20493
2013-12-18,122.88,126.54,123.23,124.45,23913
2013-12-19,124.45,125.84,114.88,121.49,48121
2013-12-22,121.49,123.06,114.52,118.88,39225
2013-12-23,118.88,118.36,112.79,112.79,33042
2013-12-24,112.79,120.1,108.96,117.14,26957
2013-12-26,117.14,126.02,118.01,122.19,34313
2013-12-29,122.19,121.67,118.01,120.62,30171
2013-12-31,120.62,121.49,117.14,117.14,17538
2014-01-01,117.14,116.09,112.09,114.18,21463
2014-01-02,114.18,120.62,111.57,119.75,48296
2014-01-05,119.75,122.19,117.14,118.19,32736
2014-01-06,118.19,118.7,115.23,115.4,38435
2014-01-07,115.4,119.06,117.14,119.06,35400
2014-01-08,119.06,120.97,117.14,118.7,88815
2014-01-09,118.7,120.1,117.14,119.06,47903
2014-01-12,119.06,122.37,117.14,122.37,80374
2014-01-13,122.37,124.63,122.02,123.93,45672
2014-01-14,123.93,131.59,124.45,129.15,66738
2014-01-16,129.15,132.11,127.41,129.67,95296
2014-01-19,129.67,132.81,129.33,131.59,51027
2014-01-20,131.59,132.81,127.59,128.45,34017
2014-01-21,128.45,129.67,127.59,127.59,16041
2014-01-22,127.59,128.11,125.5,128.11,27151
2014-01-23,128.11,128.11,125.5,125.67,16416
2014-01-26,125.67,128.45,125.5,126.02,17429
2014-01-27,126.02,127.41,124.1,124.1,9962
2014-01-28,124.1,126.71,123.23,124.98,21350
2014-01-29,124.98,127.06,124.63,126.54,21716
2014-02-02,126.54,126.89,124.63,125.5,7188
2014-02-03,125.5,125.15,122.37,122.71,9335
2014-02-04,122.71,126.2,123.23,123.93,13843
2014-02-05,123.93,125.15,123.93,124.1,12429
2014-02-06,124.1,125.5,122.53,124.28,8241
2014-02-09,124.28,124.1,122.19,122.53,9937
2014-02-10,122.53,131.94,124.1,124.8,23747
2014-02-11,124.8,124.63,123.23,123.59,8883
2014-02-12,123.59,124.45,118.7,122.02,8231
2014-02-13,122.02,122.37,119.06,120.62,10250
2014-02-16,120.62,120.62,116.27,116.27,9897
2014-02-17,116.27,120.45,116.27,119.58,28444
2014-02-18,119.58,121.49,119.75,120.62,10463
2014-02-20,120.62,125.67,120.8,123.59,13269
2014-02-23,123.59,124.98,122.02,122.37,9723
2014-02-24,122.37,126.71,120.62,122.02,11473
2014-02-25,122.02,122.71,118.88,121.49,15989
2014-02-26,121.49,123.23,118.88,120.27,18181
2014-03-03,120.27,120.27,116.44,117.14,10224
2014-03-04,117.14,117.31,115.4,117.14,25026
2014-03-05,117.14,119.41,115.92,118.53,11757
2014-03-06,118.53,124.98,117.14,117.14,44197
2014-03-09,117.14,120.62,116.79,116.79,25290
2014-03-10,116.79,118.01,116.27,117.14,19137
2014-03-11,117.14,116.79,115.4,115.74,15163
2014-03-12,115.74,115.92,113.66,113.66,9423
2014-03-13,113.66,115.92,112.09,112.09,12717
2014-03-17,112.09,113.13,109.48,112.27,9046
2014-03-18,112.27,112.61,109.13,111.22,9875
2014-03-19,111.22,116.79,110.52,113.66,10258
2014-03-20,113.66,116.09,113.48,116.09,9022
2014-03-23,116.09,114.52,113.31,113.83,3193
2014-03-24,113.83,115.05,113.66,114.88,14634
2014-03-25,114.88,115.4,113.31,113.48,5856
2014-03-26,113.48,114.88,111.92,114.52,12920
2014-03-27,114.52,114.18,112.61,113.13,9932
2014-03-31,113.13,113.83,112.79,113.48,6256
2014-04-01,113.48,115.58,113.66,115.23,12239
2014-04-02,115.23,115.4,112.79,113.66,34013
2014-04-03,113.66,115.4,113.31,113.83,44365
2014-04-06,113.83,115.23,110.7,111.22,34531
2014-04-07,111.22,113.31,111.05,111.57,33727
2014-04-09,123.22,116.27,112.71,114.29,2965
2014-04-10,114.29,112.71,112.71,112.71,286
2014-04-13,112.71,112.71,111.71,112.11,2412
2014-04-15,112.11,113.7,111.91,112.71,4375
2014-04-16,112.71,112.3,111.11,112.3,900
2014-04-17,112.3,113.1,110.12,110.32,979
2014-04-20,110.32,110.12,108.14,108.14,3029
2014-04-21,108.14,108.94,107.94,108.73,2913
2014-04-22,108.73,110.52,108.14,108.94,16713
2014-04-23,108.94,109.73,108.34,109.13,274
2014-04-27,109.13,108.14,107.74,108.14,568
2014-04-28,108.14,108.53,106.75,106.75,3740
2014-04-29,106.75,107.74,106.75,106.75,1203
2014-04-30,106.75,108.14,107.35,107.35,8067
2014-05-04,107.35,107.74,104.37,104.56,1678
2014-05-05,104.56,109.32,104.76,109.32,1742
2014-05-06,109.32,113.3,110.92,112.11,8553
2014-05-07,112.11,117.07,113.7,115.88,5323
2014-05-08,115.88,114.88,111.91,113.3,1800
2014-05-11,113.3,111.71,110.12,111.71,1669
2014-05-12,111.71,111.71,110.12,110.12,2167
2014-05-13,110.12,111.71,108.14,108.14,6113
2014-05-15,108.14,111.71,109.73,111.31,2604
2014-05-18,111.31,112.71,110.52,111.31,9727
2014-05-19,111.31,111.71,110.52,111.31,4699
2014-05-20,111.31,110.92,108.73,108.73,1190
2014-05-21,108.73,111.11,108.73,109.92,3038
2014-05-22,109.92,111.71,110.32,111.11,1395
2014-05-25,111.11,112.71,111.31,111.31,2500
2014-05-26,111.31,111.71,109.13,111.71,10854
2014-05-27,111.71,113.3,110.72,111.71,12703
2014-05-28,111.71,114.29,111.71,112.71,17303
2014-06-01,112.71,115.08,112.11,114.88,4512
2014-06-02,114.88,119.65,115.67,117.07,14930
2014-06-03,117.07,120.44,117.66,119.06,23479
2014-06-04,119.06,121.44,118.65,119.65,12571
2014-06-05,119.65,120.04,117.66,118.86,7199
2014-06-08,118.86,120.64,117.66,117.66,5122
2014-06-09,117.66,117.86,115.08,116.47,8004
2014-06-10,116.47,119.25,116.67,118.65,7106
2014-06-11,118.65,121.63,118.65,120.64,13581
2014-06-12,120.64,121.63,119.65,119.85,5713
2014-06-15,119.85,127.59,120.04,122.63,6590
2014-06-16,122.63,127.19,123.62,124.61,29535
2014-06-17,124.61,127.38,123.62,124.42,28694
2014-06-18,124.42,126.99,123.62,123.62,24740
2014-06-19,123.62,125.8,122.63,123.42,7583
2014-06-23,123.42,123.62,121.03,122.23,10400
2014-06-24,122.23,125.8,119.65,124.61,10404
2014-06-25,124.61,124.61,121.23,123.62,12764
2014-06-26,123.62,124.21,122.23,122.23,8350
2014-06-29,122.23,125.8,122.23,125.6,27625
2014-06-30,125.6,125.21,124.21,125.21,7167
2014-07-01,125.21,127.59,125.6,127.38,23101
2014-07-02,127.38,127.98,126.59,127.38,26661
2014-07-03,127.38,129.17,127.38,127.38,19475
2014-07-06,127.38,128.18,126.79,127.98,18457
2014-07-07,127.98,133.54,127.98,132.55,19939
2014-07-08,132.55,136.51,132.55,135.52,29064
2014-07-09,135.52,134.53,132.55,134.34,11044
2014-07-10,134.34,136.32,132.55,136.32,22315
2014-07-13,136.32,141.08,134.93,136.92,22890
2014-07-14,136.92,136.71,130.56,134.93,9917
2014-07-15,134.93,134.53,131.75,133.54,8022
2014-07-16,133.54,138.5,134.34,134.73,29586
2014-07-17,134.73,137.51,134.73,137.11,13147
2014-07-20,137.11,147.83,139.09,147.83,91212
2014-07-21,147.83,157.35,149.42,152.19,80308
2014-07-22,152.19,154.57,147.43,151.6,38232
2014-07-23,151.6,153.78,149.42,151.8,34936
2014-07-24,151.8,152.4,148.42,149.42,20745
2014-07-27,149.42,150.61,146.04,146.44,14829
2014-07-28,146.44,147.83,144.26,147.43,10877
2014-07-30,147.43,147.83,143.86,144.65,15912
2014-07-31,144.65,146.44,142.27,143.66,21873
2014-08-03,143.66,147.04,142.07,143.86,6450
2014-08-04,143.86,146.04,139.69,139.69,7688
2014-08-05,139.69,146.04,139.69,142.27,9506
2014-08-06,142.27,145.44,141.48,142.86,10254
2014-08-07,142.86,146.44,139.3,146.44,19523
2014-08-12,146.44,147.83,138.5,140.48,9520
2014-08-13,140.48,143.46,137.3,140.48,17034
2014-08-14,140.48,143.26,139.49,140.09,9076
2014-08-18,140.09,142.47,139.49,139.69,29016
2014-08-19,139.69,143.46,137.9,140.09,21930
2014-08-20,140.09,141.48,136.51,139.3,16435
2014-08-21,139.3,147.04,135.13,145.44,76420
2014-08-24,145.44,149.42,145.44,148.02,66708
2014-08-25,148.02,148.02,139.49,140.69,36071
2014-08-26,140.69,147.43,135.72,142.66,34437
2014-08-27,142.66,147.23,140.69,145.44,69080
2014-08-28,145.44,149.22,143.46,144.65,59409
2014-08-31,144.65,146.24,140.48,142.27,31211
2014-09-01,142.27,145.44,135.52,141.87,32368
2014-09-03,141.87,142.47,137.3,139.49,22405
2014-09-04,139.49,140.48,131.56,138.3,15122
2014-09-07,138.3,139.49,127.98,128.18,27727
2014-09-09,128.18,137.51,130.16,137.3,23710
2014-09-10,137.3,141.48,131.95,135.52,29595
2014-09-11,135.52,135.52,128.58,134.13,7893
2014-09-14,134.13,137.51,132.55,134.34,17931
2014-09-15,134.34,140.69,132.94,140.69,31839
2014-09-16,140.69,151.8,140.48,151.8,170810
2014-09-17,151.8,161.72,147.43,147.43,163286
2014-09-18,147.43,147.43,143.46,145.05,5753
2014-09-21,142.27,145.64,137.51,140.48,31276
2014-09-22,140.48,142.47,137.51,140.09,28370
2014-09-23,140.09,144.45,140.48,141.48,36225
2014-09-24,141.48,144.45,139.49,143.26,35087
2014-09-28,143.26,145.84,141.28,144.85,35210
2014-09-29,144.85,146.44,142.66,145.44,28733
2014-09-30,145.44,147.43,145.44,146.63,28352
2014-10-08,146.63,146.04,142.47,145.05,7916
2014-10-09,145.05,145.84,142.86,143.46,11879
2014-10-12,143.46,144.65,142.47,142.47,16079
2014-10-13,142.47,144.65,141.08,141.87,46766
2014-10-14,141.87,145.64,141.48,142.47,12082
2014-10-15,142.47,145.64,141.48,144.45,30265
2014-10-16,144.45,147.43,143.46,146.63,26893
2014-10-19,146.63,147.43,143.46,143.46,33907
2014-10-20,143.46,145.44,141.28,142.66,44783
2014-10-21,142.66,145.64,140.48,141.48,61238
2014-10-22,141.59,144.76,141.32,143.44,2587
2014-10-26,143.44,145.55,143.44,143.44,520
2014-10-27,143.44,142.12,139.47,140.53,1793
2014-10-28,140.53,138.68,137.89,138.68,2159
2014-10-30,138.68,137.89,136.57,137.89,6375
2014-11-02,137.89,135.78,133.94,133.94,5024
2014-11-03,133.94,133.94,131.82,133.94,1272
2014-11-04,133.94,135.26,129.71,135.26,3265
2014-11-05,135.26,136.84,132.88,135.26,9149
2014-11-06,135.26,133.14,132.61,132.61,2689
2014-11-09,132.61,131.56,129.45,131.3,2238
2014-11-10,131.3,129.45,127.61,127.61,1593
2014-11-11,127.61,134.2,129.18,132.35,1483
2014-11-12,132.35,133.14,130.51,131.3,3619
2014-11-13,131.3,133.14,131.3,131.3,795
2014-11-16,131.3,129.71,127.86,127.86,1592
2014-11-17,127.86,127.34,122.85,122.85,6119
2014-11-18,122.85,125.23,118.1,123.64,8335
2014-11-19,123.64,125.76,122.05,125.23,2415
2014-11-20,125.23,129.18,126.02,126.28,4002
2014-11-23,126.28,129.97,125.23,126.02,2251
2014-11-24,126.02,127.86,124.17,126.55,3501
2014-11-25,126.55,131.3,128.4,131.3,615
2014-11-30,131.3,129.45,126.55,126.55,564
2014-12-01,126.55,128.4,121.8,123.64,8606
2014-12-02,123.64,122.59,121.8,122.05,664
2014-12-03,122.05,124.96,122.32,123.64,4159
2014-12-04,123.64,125.49,122.32,124.43,5131
2014-12-07,124.43,123.38,119.69,123.38,18735
2014-12-08,123.38,124.7,120.74,123.38,2455
2014-12-09,123.38,123.11,121.0,121.8,2243
2014-12-10,121.8,125.49,121.0,123.38,3019
2014-12-11,123.38,129.18,123.64,129.18,1167
2014-12-14,129.18,132.88,128.66,132.61,10771
2014-12-15,132.61,134.47,130.76,134.47,4694
2014-12-16,134.47,134.2,132.35,132.35,5571
2014-12-17,132.35,133.41,131.3,131.3,1183
2014-12-18,131.3,132.35,127.61,131.82,2764
2014-12-21,131.82,132.61,129.97,129.97,1558
2014-12-22,129.97,128.13,126.02,126.02,2318
2014-12-23,126.02,124.17,124.17,124.17,200
2014-12-24,124.17,129.71,124.7,126.02,2494
2014-12-28,126.02,129.45,127.34,128.66,2754
2014-12-29,128.66,129.45,126.55,127.34,3832
2014-12-31,127.34,127.34,124.7,124.7,3010
2015-01-01,124.7,129.97,126.02,129.71,2293
2015-01-04,129.71,131.3,128.66,130.51,2132
2015-01-05,130.51,132.88,128.66,130.76,6772
2015-01-06,130.76,129.45,127.34,128.13,6412
2015-01-07,128.13,129.97,126.28,126.81,4210
2015-01-08,126.81,130.76,127.86,127.86,2267
2015-01-11,127.86,129.45,126.81,129.45,4349
2015-01-12,129.45,127.86,126.28,126.28,3172
2015-01-13,126.28,129.18,125.49,128.66,5069
2015-01-14,128.66,129.18,125.76,127.34,2965
2015-01-18,127.34,127.86,125.49,127.86,8341
2015-01-19,127.86,135.26,129.71,132.61,11395
2015-01-20,132.61,133.67,128.66,128.66,10438
2015-01-22,128.66,127.34,126.81,127.34,858
2015-01-25,127.34,132.61,126.28,127.34,14353
2015-01-26,127.34,134.2,129.18,133.14,26824
2015-01-27,133.14,136.05,133.94,135.52,14381
2015-01-28,135.52,139.47,136.05,138.42,4863
2015-01-29,138.42,143.7,137.89,139.22,16327
2015-02-01,139.22,141.59,139.22,139.74,9650
2015-02-02,139.74,139.47,137.89,138.42,4988
2015-02-03,138.42,139.22,136.57,136.57,10481
2015-02-04,136.57,138.68,135.52,135.52,7476
2015-02-05,135.52,134.73,133.67,134.2,13262
2015-02-08,134.2,137.89,133.67,135.26,7867
2015-02-09,135.26,136.05,134.99,134.99,6790
2015-02-10,134.99,134.99,133.94,134.47,5283
2015-02-11,134.47,136.05,133.94,134.73,9909
2015-02-12,134.73,136.57,131.82,134.73,7096
2015-02-15,134.73,136.05,135.26,135.26,6705
2015-02-16,135.26,135.26,133.14,133.41,7869
2015-02-19,133.41,134.2,133.14,133.14,6047
2015-02-22,133.14,133.14,130.76,132.35,8972
2015-02-23,132.35,132.61,130.51,132.09,10737
2015-02-24,132.09,132.09,129.97,131.82,4249
2015-02-25,131.82,133.67,131.03,131.3,1571
2015-03-01,131.56,131.82,129.71,131.82,7384
2015-03-02,131.82,135.26,131.56,134.2,5729
2015-03-03,134.2,132.61,131.3,131.3,1139
2015-03-04,131.3,133.67,130.76,132.61,9278
2015-03-09,132.61,135.26,133.41,133.94,8374
2015-03-10,133.94,134.47,131.3,131.56,5286
2015-03-11,131.56,131.56,129.97,130.76,10210
2015-03-12,130.76,132.61,128.92,131.3,7225
2015-03-15,131.3,131.3,128.92,129.97,6171
2015-03-16,129.97,130.76,128.13,128.13,12146
2015-03-17,128.13,129.97,126.02,128.92,6449
2015-03-18,128.92,130.76,127.07,128.92,4936
2015-03-19,128.92,131.03,128.4,131.03,10451
2015-03-22,131.03,132.35,129.97,130.51,15271
2015-03-23,130.51,129.45,127.34,127.86,10730
2015-03-24,127.86,129.71,127.86,128.66,13842
2015-03-25,128.66,128.13,127.34,127.61,4964
2015-03-26,127.61,127.86,126.02,127.86,8052
2015-03-29,127.86,129.97,127.34,129.97,7579
2015-03-30,129.97,129.97,125.49,127.34,8277
2015-03-31,127.34,131.82,127.34,129.97,9528
2015-04-01,129.97,129.45,128.4,128.4,601
2015-04-02,128.4,128.66,126.02,127.61,8713
2015-04-05,127.61,127.34,126.55,127.34,5081
2015-04-06,127.34,129.71,128.13,128.13,1814
2015-04-07,128.13,128.4,126.81,128.4,1214
2015-04-08,128.4,129.18,127.86,128.13,4568
2015-04-09,128.13,132.35,128.13,129.18,2467
2015-04-12,129.18,131.82,128.66,129.97,9353
2015-04-13,129.97,129.18,127.07,128.66,11327
2015-04-15,128.66,128.66,126.02,126.02,4384
2015-04-16,126.02,134.73,126.28,131.3,9678
2015-04-19,131.3,131.56,128.66,129.97,4154
2015-04-20,129.97,131.3,129.71,129.71,6440
2015-04-21,129.71,130.76,129.71,129.71,2437
2015-04-23,128.66,129.97,127.86,128.66,5164
2015-05-26,128.66,126.81,118.63,118.63,825
2015-05-27,118.63,117.05,109.65,109.65,8997
2015-05-28,109.65,114.4,106.22,113.88,22946
2015-05-31,113.88,119.69,113.88,119.69,20824
2015-06-01,119.69,123.38,117.31,121.26,18772
2015-06-02,121.26,121.53,115.72,120.47,7718
2015-06-03,120.47,126.02,120.21,125.49,11966
2015-06-04,125.49,128.92,123.64,125.23,12321
2015-06-07,125.23,129.71,124.43,128.4,8805
2015-06-08,128.4,131.82,128.13,129.71,13049
2015-06-09,129.71,139.22,131.03,133.67,23922
2015-06-10,133.67,132.61,127.86,130.76,7544
2015-06-11,130.76,129.45,127.86,127.86,6220
2015-06-14,127.86,127.86,126.02,126.55,7138
2015-06-15,126.55,129.97,126.81,127.34,4557
2015-06-16,127.34,128.66,125.23,126.02,8268
2015-06-17,126.02,126.28,125.23,126.28,2364
2015-06-18,126.28,126.55,125.49,125.49,11724
2015-06-21,125.49,127.86,123.9,126.81,10535
2015-06-22,127.34,128.66,124.7,124.7,3175
2015-06-23,124.7,127.07,124.43,126.81,9818
2015-06-24,124.96,126.81,124.96,126.55,4201
2015-06-25,126.55,128.66,126.02,126.81,11884
2015-06-28,126.81,128.66,126.02,126.28,4128
2015-06-29,126.81,131.3,126.81,129.45,11944
2015-06-30,131.3,131.3,128.66,129.18,2614
2015-07-01,129.45,129.97,126.81,128.66,4454
2015-07-02,127.07,127.34,126.02,126.02,2959
2015-07-05,125.76,129.71,125.76,126.28,6705
2015-07-06,127.07,127.07,124.96,127.07,4950
2015-07-07,127.07,129.97,126.02,129.18,5678
2015-07-08,128.66,131.03,126.02,126.02,21541
2015-07-09,124.7,128.66,124.7,128.4,58368
2015-07-12,128.4,128.66,126.55,126.55,2935
2015-07-13,128.4,129.45,127.34,127.34,2725
2015-07-14,127.34,128.13,126.81,127.34,980
2015-07-15,127.07,127.34,126.55,127.07,2274
2015-07-16,127.07,132.61,127.34,132.61,1895
2015-07-22,130.76,130.76,128.13,128.66,3744
2015-07-23,128.66,136.05,128.66,134.2,52091
2015-07-26,134.2,144.76,136.32,144.76,16386
2015-07-27,144.76,151.09,133.94,135.52,60986
2015-07-28,135.52,140.27,132.09,135.26,19991
2015-07-29,135.26,134.99,132.88,133.94,16539
2015-07-30,133.94,137.37,132.88,135.26,33900
2015-08-02,135.26,137.89,133.94,137.63,13898
2015-08-03,137.63,135.78,132.61,134.99,27936
2015-08-04,134.99,134.73,132.61,132.61,17452
2015-08-05,132.61,133.41,129.97,132.09,10984
2015-08-06,132.35,133.67,129.45,131.56,31878
2015-08-09,131.56,137.37,131.3,133.67,17975
2015-08-10,133.67,136.05,131.3,131.82,15615
2015-08-11,131.82,134.47,128.92,128.92,14678
2015-08-12,129.97,130.76,127.34,128.66,14045
2015-08-13,128.66,131.82,127.61,129.71,23479
2015-08-16,128.13,128.66,125.76,126.81,28053
2015-08-17,128.66,136.57,128.66,136.57,35187
2015-08-18,138.68,145.03,135.26,137.63,25726
2015-08-19,137.89,145.28,136.32,143.18,17652
2015-08-20,142.12,148.45,141.32,143.18,32230
2015-08-23,141.06,141.85,139.22,139.22,3903
2015-08-24,140.27,141.85,136.57,139.22,7084
2015-08-25,137.11,138.95,136.57,137.37,9375
2015-08-26,137.37,137.37,135.26,137.11,17895
2015-08-27,137.89,142.91,137.89,141.85,35640
2015-08-31,143.97,153.2,143.97,153.2,79525
2015-09-01,153.2,165.6,147.39,152.15,146204
2015-09-02,151.09,154.53,144.23,145.55,43089
2015-09-03,145.82,150.3,145.82,146.6,38043
2015-09-06,147.13,158.22,142.91,146.6,51829
2015-09-07,145.03,147.13,144.49,144.49,22847
2015-09-08,146.34,147.13,145.82,146.08,19358
2015-09-09,146.08,148.45,146.08,148.18,26453
2015-09-10,147.66,149.51,146.34,146.34,14424
2015-09-13,147.13,152.68,147.13,151.62,49857
2015-09-14,153.99,155.84,151.09,155.05,56252
2015-09-15,157.43,158.48,153.2,153.99,31367
2015-09-16,153.74,153.74,151.62,152.41,13591
2015-09-17,152.68,152.68,149.51,152.41,11184
2015-09-22,150.03,150.03,143.97,144.23,18149
2015-09-23,146.34,149.77,146.34,149.51,13343
2015-09-24,151.89,151.89,147.93,148.72,27227
2015-09-28,146.34,149.51,142.38,147.39,21972
2015-09-29,149.77,149.77,147.66,148.98,20642
2015-09-30,149.77,151.36,149.24,149.51,16601
2015-10-01,151.09,151.09,148.45,150.3,14299
2015-10-04,152.41,152.41,149.77,151.62,40354
2015-10-05,151.09,151.09,147.39,149.77,17838
2015-10-06,147.39,149.51,145.55,149.51,10516
2015-10-07,147.66,147.93,145.03,146.34,34130
2015-10-08,145.82,148.45,144.49,147.13,46412
2015-10-11,144.76,145.82,144.23,144.23,9991
2015-10-14,145.03,145.03,142.91,143.18,5045
2015-10-15,141.06,144.49,140.53,144.49,6620
2015-10-18,144.49,144.49,141.85,143.18,3572
2015-10-19,144.49,144.49,143.7,144.49,11229
2015-10-25,142.38,142.38,140.27,141.85,1903
2015-10-27,141.85,141.85,136.05,136.57,3702
2015-10-28,133.94,138.16,131.82,138.16,11069
2015-10-29,140.27,140.27,136.57,136.57,5788
2015-11-01,135.52,137.11,133.94,136.84,13695
2015-11-02,138.95,138.68,135.52,135.52,6069
2015-11-03,133.94,134.99,133.94,134.99,4624
2015-11-04,133.67,136.32,133.67,136.32,2556
2015-11-05,135.26,135.26,134.2,134.47,5000
2015-11-08,133.94,135.52,133.94,135.26,7255
2015-11-09,137.63,141.85,134.47,138.68,14665
2015-11-10,133.94,138.68,133.94,137.37,8399
2015-11-15,139.47,139.47,136.05,137.89,7733
2015-11-16,135.78,137.37,135.26,135.26,6807
2015-11-18,137.37,137.89,135.52,135.52,4512
2015-11-19,133.94,135.52,133.94,135.52,5707
2015-11-22,133.41,133.67,131.3,132.09,7194
2015-11-23,129.97,132.09,129.18,131.56,8125
2015-11-24,129.97,131.3,129.97,131.3,7099
2015-11-25,131.3,131.3,128.66,128.66,13232
2015-11-26,127.34,127.34,123.38,126.02,10200
2015-11-29,126.02,128.4,121.53,122.59,6359
2015-11-30,124.43,127.07,122.59,124.7,10426
2015-12-01,124.7,131.3,123.11,130.76,4791
2015-12-02,129.97,129.97,126.02,129.45,6541
2015-12-03,129.97,134.47,128.66,131.3,7796
2015-12-04,133.14,134.47,131.3,133.14,7480
2015-12-07,133.94,134.47,130.51,133.67,16761
2015-12-08,133.94,133.94,129.97,131.3,11245
2015-12-09,133.14,134.99,130.76,130.76,6629
2015-12-10,133.14,133.94,128.4,133.94,11198
2015-12-13,132.35,133.67,131.3,131.3,7411
2015-12-14,132.61,133.94,132.09,133.94,10893
2015-12-15,133.94,133.94,131.82,131.82,1564
2015-12-16,131.82,131.82,130.76,131.3,2495
2015-12-17,131.03,131.3,128.66,129.97,14776
2015-12-20,129.97,131.3,129.18,129.97,9215
2015-12-21,129.97,132.61,128.66,131.56,15523
2015-12-22,133.41,133.94,131.82,133.14,12835
2015-12-23,133.14,133.67,132.35,133.14,5415
2015-12-24,133.94,133.94,130.24,131.56,12525
2015-12-25,131.56,133.67,131.56,133.67,2925
2015-12-28,133.67,133.67,131.56,133.41,4288
2015-12-29,133.41,133.94,132.35,133.14,9764
2015-12-31,134.47,134.99,133.14,133.67,8121
2016-01-03,133.41,133.67,132.61,133.41,11854
2016-01-04,133.41,133.67,131.3,131.82,6652
2016-01-05,131.82,132.09,129.97,131.3,9339
2016-01-06,130.24,131.03,130.24,130.76,3245
2016-01-07,132.09,132.61,131.3,131.82,7332
2016-01-10,131.82,131.82,126.02,128.92,140742
2016-01-11,128.66,132.61,127.86,129.71,38102
2016-01-12,131.3,131.82,130.51,131.03,23779
2016-01-13,131.03,130.51,126.28,129.97,87473
2016-09-29,130.02,139.98,131.78,139.98,50
2016-10-02,142.03,150.83,142.03,150.83,20040
2016-10-03,153.16,162.83,153.16,162.83,50
2016-10-04,165.47,176.02,165.47,176.02,50
2016-10-05,178.95,190.67,178.95,190.67,108
2016-10-06,193.89,206.78,193.89,206.78,29523
2016-10-16,210.3,215.86,207.07,209.12,286231
2016-10-17,210.3,210.3,202.97,207.07,125038
2016-10-18,207.07,207.37,204.73,207.07,78851
2016-10-19,207.07,208.54,206.78,208.54,83373
2016-10-20,208.54,209.12,207.65,209.12,54954
2016-10-23,212.64,214.4,209.12,211.76,106622
2016-10-24,212.06,212.06,208.54,209.71,61539
2016-10-25,208.54,210.0,206.49,208.25,44196
2016-10-26,208.25,209.12,206.19,208.54,41861
2016-10-27,209.42,211.47,209.42,210.0,57461
2016-11-03,207.95,210.0,207.37,210.0,11079
2016-11-07,210.0,210.0,206.78,207.07,27324
2016-11-08,207.07,208.54,204.15,204.73,30051
2016-11-09,204.15,205.61,198.28,204.15,29668
2016-11-10,206.49,206.49,201.21,203.85,39276
2016-11-13,205.61,205.61,200.04,204.43,34319
2016-11-14,206.49,206.49,204.43,205.61,25551
2016-11-15,207.07,209.42,206.49,207.07,54607
2016-11-16,207.65,208.84,204.73,205.9,16542
2016-11-17,206.49,206.49,201.21,201.8,43819
2016-11-20,201.8,203.26,192.42,196.23,38196
2016-11-21,196.82,201.21,190.38,195.35,25996
2016-11-22,192.42,195.35,183.63,192.72,31279
2016-11-23,190.67,190.67,186.85,188.32,49117
2016-11-24,191.26,196.82,188.03,190.08,29098
2016-11-27,188.91,190.67,183.93,184.81,51386
2016-11-28,181.88,196.53,174.85,193.3,42202
2016-11-29,193.3,196.82,182.17,196.82,43033
2016-11-30,196.82,201.21,192.42,199.17,51779
2016-12-01,202.1,202.1,190.67,197.99,63835
2016-12-04,194.77,198.28,191.54,195.35,23542
2016-12-05,192.42,195.35,191.26,192.42,13590
2016-12-06,191.26,194.18,190.96,193.3,12450
2016-12-07,193.89,195.35,192.72,194.18,10025
2016-12-08,192.72,195.94,191.26,191.54,11342
2016-12-11,191.54,192.42,188.03,188.03,14116
2016-12-12,188.03,189.49,183.63,189.49,14037
2016-12-14,192.72,192.72,186.57,188.61,7758
2016-12-15,188.03,188.91,186.85,187.74,14215
2016-12-18,188.03,189.49,186.57,188.03,14778
2016-12-19,189.49,189.49,184.22,187.15,30345
2016-12-20,186.85,189.2,184.22,185.1,12737
2016-12-21,183.63,183.63,181.0,181.59,11913
2016-12-22,181.59,183.05,181.29,181.88,8329
2016-12-26,180.12,182.17,179.24,180.7,15851
2016-12-27,179.53,180.7,174.85,176.9,28122
2016-12-28,176.31,181.29,176.31,177.78,12648
2016-12-29,180.7,181.59,178.95,181.0,17618
2017-01-01,182.17,183.05,180.12,182.46,23672
2017-01-02,185.39,186.27,182.17,183.63,21122
2017-01-03,184.22,184.22,181.0,181.88,16115
2017-01-04,184.81,188.61,182.76,186.27,61519
2017-01-05,186.27,190.38,185.69,188.61,44748
2017-01-08,188.03,188.03,186.27,187.45,34039
2017-01-09,188.32,189.49,187.45,189.2,31046
2017-01-10,189.2,192.13,189.2,191.54,22120
2017-01-11,192.42,192.42,190.96,192.13,19633
2017-01-12,191.84,192.42,190.96,191.54,15058
2017-01-15,191.54,192.42,190.67,192.42,10596
2017-01-16,193.01,193.01,188.61,188.61,11250
2017-01-17,188.61,188.61,185.98,188.03,6446
2017-01-18,187.74,188.91,187.45,188.03,9096
2017-01-19,188.91,189.49,188.03,188.03,2556
2017-01-22,190.08,190.08,185.98,186.57,5419
2017-01-23,185.1,188.03,185.1,186.57,6026
2017-01-24,188.03,188.03,183.34,183.34,6827
2017-01-25,180.41,184.81,180.12,184.81,12038
2017-01-26,183.63,185.1,176.9,179.24,12612
2017-01-30,176.61,176.61,166.06,169.87,27966
2017-01-31,170.45,174.26,161.95,171.92,16650
2017-02-01,174.26,180.7,170.45,180.41,16658
2017-02-02,183.63,186.57,178.07,181.59,25118
2017-02-05,184.52,184.52,176.31,180.41,13078
2017-02-06,180.7,180.7,176.31,177.78,5977
2017-02-07,176.9,179.24,176.61,179.24,8313
2017-02-08,177.78,178.65,175.14,177.19,14937
2017-02-09,175.14,177.78,173.96,173.96,19600
2017-02-12,173.38,173.38,164.59,164.88,23576
2017-02-13,164.88,174.85,162.54,174.85,17480
2017-02-14,177.78,177.78,168.7,174.26,18474
2017-02-15,176.9,179.53,173.96,178.65,28218
2017-02-16,181.59,184.52,177.48,181.88,21371
2017-02-19,183.63,183.63,179.24,181.88,19671
2017-02-20,184.81,186.27,180.7,180.7,23135
2017-02-21,183.63,186.57,177.78,180.41,18377
2017-02-22,180.41,181.88,176.31,177.19,5062
2017-02-23,177.78,179.24,176.31,177.78,18919
2017-02-26,180.12,183.34,179.83,180.12,62139
2017-02-28,181.0,182.17,178.65,179.24,62424
2017-03-01,179.24,179.83,178.07,178.65,76778
2017-03-02,179.24,181.88,178.65,179.53,207349
2017-03-05,186.64,190.9,180.26,185.58,22551
2017-03-06,185.58,188.77,182.92,185.58,17493
2017-03-07,183.45,186.11,181.86,182.39,9356
2017-03-09,182.92,185.05,182.92,182.92,7870
2017-03-13,184.52,184.52,181.33,181.86,7519
2017-03-14,181.86,184.52,181.86,182.39,3658
2017-03-15,179.73,182.92,179.73,182.39,6087
2017-03-16,183.98,183.98,180.79,182.92,3833
2017-03-19,182.92,185.58,181.33,183.45,13104
2017-03-20,186.64,187.17,182.92,186.11,20132
2017-03-21,189.3,189.83,182.92,189.83,15773
2017-03-22,193.02,200.47,193.02,194.09,32531
2017-03-23,191.43,196.74,191.43,195.68,14818
2017-03-26,198.87,204.72,197.81,199.4,21833
2017-03-28,199.4,218.02,203.12,212.17,23609
2017-03-29,212.17,227.59,210.57,210.57,30280
2017-03-30,210.57,210.04,204.72,205.79,10821
2017-04-02,209.51,220.67,205.79,220.67,10766
2017-04-03,224.4,241.41,215.36,215.36,37560
2017-04-04,219.08,219.08,208.98,212.17,16011
2017-04-06,212.17,216.42,210.04,212.17,14013
2017-04-09,215.89,216.42,207.91,208.98,17298
2017-04-10,207.38,215.36,206.31,208.45,28563
2017-04-11,212.17,219.08,212.17,215.36,16281
2017-04-12,219.08,219.08,212.7,214.83,35784
2017-04-13,215.36,215.36,210.04,213.76,11295
2017-04-16,215.36,215.36,206.31,206.31,8120
2017-04-18,204.72,204.72,194.09,196.74,16777
2017-04-19,196.74,204.72,197.28,202.06,21358
2017-04-20,205.79,208.98,199.4,199.4,25673
2017-04-23,203.12,210.57,203.12,206.85,17459
2017-04-24,202.59,212.7,201.53,202.06,37958
2017-04-25,199.4,204.19,199.4,199.93,11796
2017-04-26,201.53,202.06,198.34,202.06,14162
2017-04-27,202.06,202.06,198.87,199.93,7491
2017-04-30,203.66,203.66,195.15,197.81,13090
2017-05-02,197.28,199.4,194.09,197.81,11673
2017-05-03,199.4,199.4,194.62,195.68,7119
2017-05-04,196.74,197.81,193.02,194.09,11166
2017-05-07,194.09,194.09,181.86,185.05,46168
2017-05-08,188.24,191.96,186.11,188.24,11436
2017-05-09,188.24,194.09,189.83,193.55,28901
2017-05-11,195.15,198.34,190.36,195.68,29282
2017-05-15,198.87,200.47,191.43,191.96,5510
2017-05-16,188.24,191.43,187.17,190.36,4610
2017-05-17,187.17,192.49,185.58,188.77,6184
2017-05-18,188.77,190.36,186.11,188.77,11474
2017-05-21,191.43,191.43,185.58,187.17,4827
2017-05-22,185.05,187.17,183.98,186.11,10834
2017-05-23,186.11,192.49,186.11,186.64,5162
2017-05-24,186.11,189.3,186.64,188.77,10968
2017-05-28,186.11,188.24,183.98,183.98,6890
2017-05-30,183.98,183.98,180.26,182.92,8698
2017-05-31,182.92,187.71,180.79,187.17,13121
2017-06-01,187.17,188.24,185.05,185.05,7855
2017-06-04,182.39,183.98,180.26,181.86,66446
2017-06-05,181.86,188.77,181.86,186.11,34687
2017-06-06,189.3,195.15,186.11,194.62,53746
2017-06-07,197.81,199.4,190.36,191.43,26612
2017-06-08,188.77,190.9,188.24,190.9,10649
2017-06-11,188.77,188.77,186.11,188.24,11100
2017-06-12,186.11,188.24,182.92,183.98,15640
2017-06-13,183.45,187.17,183.45,186.11,14488
2017-06-14,183.45,185.58,180.79,184.52,15813
2017-06-15,183.45,189.3,182.92,185.58,14943
2017-06-18,185.58,185.05,182.39,182.39,11540
2017-06-19,181.86,182.39,179.73,180.26,13517
2017-06-20,180.26,183.98,178.14,182.39,12333
2017-06-21,180.79,183.45,180.26,183.45,12581
2017-06-22,183.98,185.58,180.79,181.86,10696
2017-06-25,181.86,185.05,181.33,181.86,18712
2017-06-27,183.45,185.05,180.79,182.92,17754
2017-06-28,181.86,183.98,180.26,181.86,30580
2017-07-02,180.79,182.39,178.67,181.33,15041
2017-07-03,183.45,183.45,180.26,182.39,12361
2017-07-04,182.92,183.45,175.48,175.48,51959
2017-07-05,176.54,178.67,174.95,175.48,89499
2017-07-06,174.95,185.05,174.95,183.98,62381
2017-07-09,183.98,190.36,181.33,185.05,79287
2017-07-10,185.05,185.58,181.86,182.39,18289
2017-07-11,182.39,185.58,182.39,185.05,20561
2017-07-12,186.11,186.64,183.45,185.05,19565
2017-07-13,184.52,187.17,180.79,184.52,36271
2017-07-16,181.86,188.24,181.86,187.17,35141
2017-07-17,187.17,189.3,186.11,188.77,28283
2017-07-18,188.24,191.96,188.24,190.36,26398
2017-07-19,191.96,191.96,186.11,186.11,18660
2017-07-20,188.24,188.77,185.05,186.11,17206
2017-07-23,188.77,188.77,183.45,186.11,16559
2017-07-24,183.45,184.52,181.86,182.92,13863
2017-07-25,183.45,183.98,182.39,182.39,13221
2017-07-26,181.86,183.45,181.86,183.45,26753
2017-07-27,183.45,183.45,181.33,183.45,21574
2017-07-30,181.33,186.11,181.33,183.98,15900
2017-07-31,183.45,185.58,182.39,183.45,20850
2017-08-01,182.92,183.45,181.33,183.45,53727
2017-08-02,183.98,185.58,182.92,183.98,22165
2017-08-03,183.98,184.52,182.39,183.45,12405
2017-08-06,184.52,186.11,181.86,181.86,24359
2017-08-07,183.45,183.45,179.73,181.33,22688
2017-08-09,182.92,182.92,180.26,181.33,22312
2017-08-10,180.79,182.39,179.2,179.73,24375
2017-08-13,179.73,180.79,177.07,178.14,26505
2017-08-15,178.14,179.2,174.95,179.2,22657
2017-08-16,180.79,180.79,177.07,179.2,25981
2017-08-17,178.14,178.14,176.01,176.54,16743
2017-08-20,179.2,180.26,176.01,176.54,10860
2017-08-21,176.54,178.14,175.48,177.07,14138
2017-08-22,176.54,178.67,176.01,177.07,10290
2017-08-23,175.48,177.07,175.48,176.54,18064
2017-08-24,176.54,177.6,175.48,176.54,14889
2017-08-27,176.54,176.54,174.41,175.48,11765
2017-08-28,175.48,175.48,173.35,175.48,8414
2017-08-30,175.48,177.6,170.69,172.81,20962
2017-08-31,172.81,175.48,170.16,170.16,27593
2017-09-04,172.81,172.81,165.9,166.43,27914
2017-09-06,168.03,172.29,164.84,170.16,12022
2017-09-07,172.29,172.29,164.84,167.5,24863
2017-09-10,164.84,164.84,160.05,162.18,38137
2017-09-11,159.52,165.9,159.52,162.71,22495
2017-09-12,162.71,164.31,161.65,164.31,26797
2017-09-13,164.31,164.31,160.59,162.71,25694
2017-09-14,162.18,166.43,161.65,165.9,35873
2017-09-17,168.03,170.16,163.78,168.57,32237
2017-09-18,168.03,169.09,166.97,168.03,17257
2017-09-20,169.09,169.09,165.37,168.03,14207
2017-09-24,167.5,168.03,165.9,168.03,16590
2017-09-25,168.03,168.57,166.97,167.5,8688
2017-09-26,169.62,169.62,166.97,168.57,13289
2017-10-03,169.62,171.22,169.62,170.69,5860
2017-10-04,169.62,177.07,168.57,170.16,9603
2017-10-08,166.97,166.97,162.18,164.84,17911
2017-10-09,163.78,167.5,163.78,166.97,10381
2017-10-10,166.97,169.09,166.43,167.5,16284
2017-10-11,165.9,168.03,164.84,167.5,21811
2017-10-12,165.9,167.5,164.84,164.84,60302
2017-10-15,165.37,170.16,165.37,167.5,49483
2017-10-16,170.16,178.14,169.09,176.54,35376
2017-10-17,178.67,178.67,170.16,174.41,32144
2017-10-18,177.6,177.6,171.76,175.48,21189
2017-10-22,176.54,180.79,175.48,178.14,18570
2017-10-23,178.14,177.6,174.95,177.07,15896
2017-10-24,177.07,178.14,174.95,175.48,12661
2017-10-25,175.48,178.14,174.95,176.54,43801
2017-10-29,175.48,176.54,174.41,175.48,14297
2017-10-30,172.81,177.6,172.81,174.41,13844
2017-10-31,174.41,174.41,172.81,172.81,18128
2017-11-01,172.81,173.35,170.16,173.35,18787
2017-11-02,173.35,174.95,171.76,172.29,15322
2017-11-05,171.22,171.76,166.43,168.57,39398
2017-11-06,168.57,170.69,165.9,165.9,48547
2017-11-07,168.03,170.69,163.78,166.43,23733
2017-11-08,164.84,166.43,161.12,165.37,16815
2017-11-09,164.84,168.03,163.24,165.9,28577
2017-11-12,165.9,168.03,163.78,167.5,11206
2017-11-13,170.16,172.81,166.97,167.5,12631
2017-11-14,167.5,172.29,165.9,171.76,24854
2017-11-15,168.57,171.22,168.57,170.16,19768
2017-11-16,169.62,171.22,166.97,166.97,14772
2017-11-19,166.97,169.09,165.9,166.43,12232
2017-11-20,165.37,166.97,164.31,164.84,29733
2017-11-21,164.31,168.57,164.31,166.97,16066
2017-11-22,165.37,168.57,165.37,166.43,12603
2017-11-23,165.37,168.57,166.97,168.57,8720
2017-11-26,168.57,170.69,168.03,170.16,16167
2017-11-27,169.62,171.22,169.09,169.62,17085
2017-11-28,169.62,169.62,167.5,168.57,12803
2017-11-29,170.16,173.88,169.09,169.62,34621
2017-11-30,170.16,173.35,170.16,171.76,22335
2017-12-04,174.95,177.07,171.22,173.88,42630
2017-12-05,172.81,173.88,171.22,172.81,15284
2017-12-06,173.88,176.01,172.81,173.35,18748
2017-12-10,173.88,174.41,171.76,173.88,9300
2017-12-11,172.81,173.35,170.69,173.35,17037
2017-12-12,173.35,173.35,170.16,170.16,13270
2017-12-13,167.5,173.35,166.97,173.35,12677
2017-12-14,174.95,174.95,170.16,170.69,3313
2017-12-17,168.03,171.22,168.03,169.09,11018
2017-12-18,169.09,172.29,168.03,169.62,17504
2017-12-19,170.16,170.16,166.97,166.97,16527
2017-12-20,165.37,166.97,165.37,166.43,9338
2017-12-21,166.43,167.5,165.9,165.9,8196
2017-12-24,165.37,167.5,165.37,166.43,17224
2017-12-26,166.43,166.43,163.78,165.37,11357
2017-12-27,165.37,165.37,162.18,163.78,18894
2017-12-28,161.12,164.84,158.99,164.84,14904
2017-12-31,162.71,162.71,159.52,161.12,12211
2018-01-01,163.24,166.43,161.12,165.37,11457
2018-01-02,163.78,167.5,161.12,164.31,17781
2018-01-03,164.31,164.31,161.12,161.65,14237
2018-01-04,160.59,162.18,160.59,161.12,12369
2018-01-07,162.18,164.84,161.65,163.78,17206
2018-01-08,163.78,164.31,162.18,164.31,8451
2018-01-09,164.31,169.62,162.18,166.43,25124
2018-01-10,167.5,168.03,163.24,164.84,5444
2018-01-14,164.84,164.84,161.65,162.18,7206
2018-01-16,161.65,162.71,160.05,162.71,12159
2018-01-17,160.59,160.59,158.99,159.52,32396
2018-01-21,159.52,161.65,156.86,157.4,12024
2018-01-22,156.86,160.59,156.86,158.99,14403
2018-01-23,156.33,161.12,154.74,156.86,14727
2018-01-24,159.52,157.4,154.74,157.4,3242
2018-01-25,155.27,158.46,154.74,158.46,15202
2018-01-28,161.12,162.18,157.93,158.99,15563
2018-01-29,157.93,160.05,154.74,156.86,28018
2018-01-31,156.86,157.4,154.21,154.21,24560
2018-02-01,154.74,158.99,154.21,154.21,81980
2018-02-04,154.74,157.4,154.21,156.86,109160
2018-02-05,156.86,156.86,154.21,154.21,39245
2018-02-06,156.86,156.86,153.67,154.21,17403
2018-02-07,154.74,155.27,151.55,153.67,16441
2018-02-08,152.61,156.33,152.08,153.67,20405
2018-02-11,153.67,154.21,151.55,153.14,26242
2018-02-12,153.14,153.67,151.55,153.14,17934
2018-02-14,153.14,154.74,152.61,154.74,33759
2018-02-15,157.4,161.12,154.74,159.52,128814
2018-02-18,159.52,164.84,158.46,158.46,54832
2018-02-20,161.12,161.12,155.27,155.8,26929
2018-02-21,155.8,156.33,154.74,154.74,14717
2018-02-22,154.74,157.4,154.21,156.86,20447
2018-02-25,156.33,156.86,154.21,155.27,11552
2018-02-26,154.21,154.21,151.55,154.21,22989
2018-02-27,152.08,155.27,151.55,153.67,23952
2018-02-28,153.67,153.67,151.55,153.14,13165
2018-03-04,150.48,151.55,146.76,148.89,53580
2018-03-06,147.83,151.55,146.23,149.42,22585
2018-03-07,148.36,152.61,148.36,152.08,33327
2018-03-11,152.08,152.61,147.83,150.48,20965
2018-03-12,150.48,150.48,148.36,150.48,20974
2018-03-13,151.02,152.61,149.42,150.48,7228
2018-03-14,148.89,153.14,148.89,153.14,10460
2018-03-15,150.48,153.14,150.48,151.55,23349
2018-03-18,153.14,153.14,150.48,152.61,10392
2018-03-19,149.95,152.08,149.42,150.48,24645
2018-03-20,148.89,148.89,146.23,146.23,44571
2018-03-21,147.29,147.29,141.98,143.57,47641
2018-03-22,143.57,144.64,138.26,139.85,30433
2018-03-26,137.72,138.79,134.53,135.07,27892
2018-03-27,132.93,138.79,127.09,138.26,29736
2018-03-28,140.38,140.38,131.87,134.53,50717
2018-03-29,136.66,138.26,134.53,137.19,67919
2018-04-01,139.85,139.85,133.47,137.19,19169
2018-04-02,135.59,136.12,134.53,136.12,13127
2018-04-03,136.66,137.72,134.53,136.66,11011
2018-04-04,136.66,141.98,136.66,140.91,13773
2018-04-05,142.51,145.7,140.91,143.57,36931
2018-04-08,146.23,149.42,143.57,147.83,47190
2018-04-09,151.02,153.14,145.7,145.7,47468
2018-04-10,148.36,148.36,143.04,143.04,23785
2018-04-11,143.04,145.17,139.31,145.17,14263
2018-04-12,146.23,147.29,143.57,143.57,21877
2018-04-15,143.57,146.23,142.51,145.17,26943
2018-04-16,145.17,147.29,143.57,145.7,68638
2018-04-17,145.7,148.36,143.57,148.36,120353
2018-04-18,149.42,158.99,145.17,153.14,94258
2018-04-19,155.8,157.93,151.02,154.21,113469
2018-04-22,154.21,163.24,152.08,163.24,193870
2018-04-23,163.35,175.48,162.08,166.54,73206
2018-04-24,164.63,166.54,160.16,160.8,21367
2018-04-25,163.35,163.35,159.52,160.8,17192
2018-04-26,162.71,162.71,156.33,159.52,21782
2018-04-29,159.52,160.16,156.97,156.97,25922
2018-05-02,156.97,157.61,153.14,156.33,15724
2018-05-03,158.89,161.44,156.33,159.52,21529
2018-05-06,156.97,161.44,156.33,158.25,9741
2018-05-07,157.61,158.25,156.33,156.33,13686
2018-05-08,156.33,158.25,155.06,158.25,5915
2018-05-09,158.25,159.52,156.33,156.97,12280
2018-05-10,156.97,157.61,155.69,156.97,10037
2018-05-14,156.97,156.97,153.78,153.78,12771
2018-05-15,153.14,154.42,152.5,153.14,12259
2018-05-16,153.78,154.42,153.14,154.42,5567
2018-05-17,155.06,156.97,153.14,155.06,11209
2018-05-20,157.61,157.61,153.14,153.14,5526
2018-05-21,155.06,155.06,153.14,153.14,8947
2018-05-22,153.14,153.78,152.5,153.14,21001
2018-05-23,153.78,153.78,151.87,152.5,2636
2018-05-24,151.87,153.14,149.95,151.23,10444
2018-05-27,150.59,150.59,148.04,149.31,25809
2018-05-28,149.31,153.78,148.68,153.78,17685
2018-05-29,155.69,155.69,150.59,151.87,4617
2018-05-30,151.87,152.5,146.76,151.23,8725
2018-05-31,151.87,151.87,146.76,146.76,11241
2018-06-03,146.12,146.12,138.47,141.66,26822
2018-06-04,144.21,144.21,141.02,141.66,13966
2018-06-06,143.57,144.85,142.93,142.93,3146
2018-06-07,144.85,144.85,138.47,138.47,11895
2018-06-10,137.19,138.47,135.28,135.28,23428
2018-06-11,134.0,139.74,134.0,137.19,9196
2018-06-12,137.19,137.83,134.0,136.55,14273
2018-06-13,134.0,138.47,133.36,135.91,23706
2018-06-14,134.64,137.19,134.64,137.19,5978
2018-06-17,139.1,139.1,134.0,135.91,7045
2018-06-18,133.36,135.91,133.36,135.91,10032
2018-06-19,133.36,135.28,133.36,134.64,5485
2018-06-20,134.0,135.28,133.36,134.0,5483
2018-06-21,134.64,136.55,134.0,135.28,4195
2018-06-24,133.36,135.91,133.36,135.28,7234
2018-06-25,134.64,135.28,133.36,134.0,10097
2018-06-26,134.0,134.0,130.81,131.45,34587
2018-06-27,131.45,134.0,131.45,132.72,6785
2018-06-28,134.0,134.0,132.09,133.36,5921
2018-07-01,126.34,127.62,126.34,127.62,15494
2018-07-02,126.98,127.62,126.98,127.62,7845
2018-07-03,127.62,128.89,126.34,127.62,29660
2018-07-04,127.62,129.53,126.34,127.62,36991
2018-07-05,126.34,131.45,126.34,130.81,21510
2018-07-08,131.45,132.09,130.17,130.17,25664
2018-07-09,128.26,128.26,126.98,126.98,18403
2018-07-10,127.62,127.62,126.34,127.62,36247
2018-07-11,126.98,127.62,124.43,125.07,57832
2018-07-12,124.43,125.7,119.32,121.24,63908
2018-07-15,123.15,126.34,123.15,126.34,16184
2018-07-16,126.34,127.62,123.15,126.98,31419
2018-07-17,125.7,127.62,125.7,126.34,16737
2018-07-18,127.62,127.62,125.07,127.62,12511
2018-07-19,126.34,127.62,125.7,125.7,18589
2018-07-22,126.98,126.98,123.15,124.43,15669
2018-07-23,125.7,125.7,123.15,123.79,6133
2018-07-24,124.43,127.62,124.43,125.07,20089
2018-07-25,125.07,127.62,123.79,126.34,4644
2018-07-26,124.43,125.07,123.79,125.07,5669
2018-07-29,125.7,126.98,125.07,126.34,8942
2018-07-30,126.34,126.98,125.7,126.34,10333
2018-07-31,127.62,127.62,125.7,126.34,4997
2018-08-01,126.34,127.62,126.34,127.62,15494
2018-08-02,126.98,127.62,126.98,127.62,7845
2018-08-05,126.98,127.62,125.7,127.62,6464
2018-08-06,127.62,127.62,125.07,126.34,7464
2018-08-07,128.26,128.26,125.07,126.98,4058
2018-08-08,126.98,126.98,126.34,126.34,9271
2018-08-09,126.34,126.34,125.07,125.7,6266
2018-08-12,124.43,124.43,121.88,123.15,17835
2018-08-13,123.15,124.43,123.15,123.79,3800
2018-08-14,124.43,125.07,123.79,125.07,8357
2018-08-15,126.34,132.72,126.34,129.53,11522
2018-08-16,128.89,132.09,126.98,131.45,22443
2018-08-19,134.0,134.0,130.17,130.81,15625
2018-08-20,129.53,130.81,128.89,129.53,9197
2018-08-21,129.53,130.17,128.89,128.89,5803
2018-08-22,128.89,129.53,127.62,129.53,7301
2018-08-23,129.53,130.81,128.26,130.81,7410
2018-08-26,130.81,130.81,128.26,128.89,14167
2018-08-28,129.53,130.81,129.53,130.81,12743
2018-08-29,130.81,132.09,129.53,132.09,8945
2018-08-30,130.81,131.45,129.53,130.81,7538
2018-09-02,128.89,135.91,128.89,132.72,21240
2018-09-03,130.81,135.28,130.17,133.36,78538
2018-09-04,133.36,140.38,133.36,137.83,114406
2018-09-05,137.83,151.23,137.19,149.31,214730
2018-09-06,151.87,151.87,145.49,146.76,126358
2018-09-09,149.95,149.95,143.57,144.85,83394
2018-09-10,144.85,144.85,141.02,142.29,44879
2018-09-11,144.85,147.4,142.93,146.76,100635
2018-09-12,146.76,149.95,144.85,148.68,63490
2018-09-13,151.23,151.87,148.04,149.95,106434
2018-09-16,149.95,156.97,149.95,153.78,181606
2018-09-17,153.14,156.33,150.59,152.5,91806
2018-09-18,151.87,154.42,149.95,153.78,46312
2018-09-20,152.5,155.69,151.87,155.06,51388
2018-09-23,153.14,159.52,153.14,158.25,89693
2018-09-25,159.52,167.18,156.97,164.63,163823
2018-09-26,165.9,171.01,162.71,165.9,241488
2018-09-27,167.18,167.18,163.35,165.27,66468
2018-09-30,164.63,164.63,161.44,162.71,58064
2018-10-01,162.71,162.71,158.25,158.25,94789
2018-10-02,156.33,161.44,156.33,159.52,66358
2018-10-03,158.89,160.8,156.33,156.33,49885
2018-10-04,156.33,156.97,151.87,155.06,54809
2018-10-07,154.42,156.33,153.14,153.14,37099
2018-10-08,153.14,156.97,153.14,156.97,15757
2018-10-09,155.69,157.61,155.06,156.97,47309
2018-10-10,156.33,156.97,154.42,156.33,9592
2018-10-11,157.61,160.16,155.06,159.52,27290
2018-10-14,159.52,163.35,159.52,163.35,52356
2018-10-15,165.9,165.9,161.44,162.08,53411
2018-10-21,163.99,164.63,162.08,162.71,12599
2018-10-22,162.71,165.27,162.08,163.99,22329
2018-10-23,165.27,165.27,162.71,163.99,39495
2018-10-24,163.99,165.9,162.71,165.9,39690
2018-10-25,164.63,165.27,162.71,162.71,102418
2018-10-28,165.9,165.9,159.52,160.16,38439
2018-10-29,159.52,159.52,157.61,157.61,24273
2018-10-30,156.97,161.44,156.97,160.8,19591
2018-10-31,159.52,159.52,158.25,158.89,10033
2018-11-01,158.89,160.8,158.25,158.25,32614
2018-11-04,156.33,158.25,156.33,156.97,18893
2018-11-05,157.61,161.44,157.61,161.44,30993
2018-11-14,160.8,166.54,159.52,162.08,42137
2018-11-15,162.08,163.35,161.44,162.08,30299
2018-11-18,162.08,162.08,159.52,159.52,21835
2018-11-19,160.8,160.8,158.25,159.52,23917
2018-11-20,159.52,159.52,156.97,158.25,10821
2018-11-21,158.25,161.44,158.25,160.8,13975
2018-11-22,160.8,161.44,159.52,160.16,41861
2018-11-25,160.16,160.16,157.61,158.25,7982
2018-11-26,158.09,158.89,155.69,155.69,15677
2018-11-27,155.87,158.25,155.87,157.61,13282
2018-11-28,157.61,158.25,156.33,157.61,9089
2018-11-29,157.61,158.25,155.69,156.97,23209
2018-12-02,156.97,156.97,153.14,155.06,31827
2018-12-03,155.06,160.16,154.42,156.97,47852
2018-12-04,156.97,158.89,155.06,156.97,30539
2018-12-06,152.5,154.42,151.23,153.14,35416
2018-12-09,153.14,158.89,153.14,158.89,16601
2018-12-10,158.89,160.16,156.33,157.61,36792
2018-12-11,157.61,160.16,155.06,155.69,8911
2018-12-12,155.69,157.61,155.06,157.61,4328
2018-12-13,157.61,159.52,155.69,158.89,19467
2018-12-16,158.89,162.71,156.97,160.16,37691
2018-12-17,160.16,162.08,158.25,159.52,46926
2018-12-18,159.52,160.16,155.69,158.89,31210
2018-12-19,158.89,158.89,156.33,157.61,21870
2018-12-20,157.61,160.16,156.97,158.25,20550
2018-12-23,158.25,165.9,158.25,160.8,23235
2018-12-24,160.8,162.71,157.61,157.61,27975
2018-12-25,157.61,158.89,156.33,156.97,14323
2018-12-26,156.97,161.44,156.97,161.44,43448
2018-12-27,161.44,164.63,159.52,159.52,75896
2018-12-30,159.52,162.71,157.61,158.25,16952
2018-12-31,158.25,159.52,156.97,156.97,8547
2019-01-01,156.97,159.52,156.97,156.97,13222
2019-01-02,156.97,156.97,155.69,156.33,8803
2019-01-03,156.33,157.61,156.33,156.97,8358
2019-01-06,156.97,157.61,156.33,156.97,12980
2019-01-07,156.97,158.89,156.33,156.97,4706
2019-01-08,156.97,158.89,156.97,157.61,14460
2019-01-09,157.61,158.25,156.33,156.33,10117
2019-01-10,156.33,164.63,156.33,161.44,74479
2019-01-13,161.44,164.63,160.16,160.8,42732
2019-01-14,160.8,162.08,160.16,161.44,11301
2019-01-15,161.44,163.99,161.44,162.71,20065
2019-01-16,162.71,162.71,159.52,160.16,12967
2019-01-17,160.16,160.16,158.25,160.16,10863
2019-01-20,160.16,163.35,157.61,157.61,13168
2019-01-21,157.61,160.8,156.97,157.61,16015
2019-01-22,157.61,160.16,157.61,158.89,14738
2019-01-23,158.89,160.16,157.61,159.52,6674
2019-01-24,159.52,159.52,157.61,157.61,11419
2019-01-27,157.61,157.61,155.69,156.97,19934
2019-01-28,156.97,157.61,155.69,156.33,14391
2019-01-29,156.33,158.25,155.69,156.33,7275
2019-01-30,156.33,157.61,155.69,156.33,15260
2019-01-31,156.33,156.33,155.69,156.33,11869
2019-02-03,156.97,156.97,154.42,156.33,21641
2019-02-04,155.69,156.33,154.42,154.42,16294
2019-02-05,153.78,156.33,153.78,154.42,12122
2019-02-06,154.42,154.42,152.5,152.5,25022
2019-02-07,151.87,152.5,151.23,151.87,9317
2019-02-10,151.23,151.87,148.68,149.95,8400
2019-02-11,148.04,151.23,148.04,149.95,10199
2019-02-12,149.31,152.5,149.31,151.87,3312
2019-02-13,150.59,153.14,150.59,151.23,8560
2019-02-14,149.95,151.23,147.4,147.4,9020
2019-02-17,148.68,149.31,146.76,146.76,6078
2019-02-18,146.12,146.76,143.57,144.85,5103
2019-02-19,145.49,150.59,144.21,150.59,11821
2019-02-20,148.68,150.59,146.76,146.76,5444
2019-02-21,145.49,148.04,145.49,148.04,9786
2019-02-24,147.4,148.04,145.49,146.12,2218
2019-02-25,146.12,149.31,144.85,146.76,6191
2019-02-26,146.76,148.04,146.12,146.12,2110
2019-02-27,146.76,148.04,146.12,147.4,5523
2019-03-03,147.4,148.04,145.49,146.12,9533
2019-03-05,144.85,146.76,144.21,145.49,10904
2019-03-06,145.49,148.04,144.85,147.4,15777
2019-03-07,144.85,149.95,146.76,149.95,13185
2019-03-09,148.04,149.95,146.76,149.31,5199
2019-03-10,148.04,149.95,146.76,149.31,5199
2019-03-11,149.95,151.87,148.68,151.87,12821
2019-03-12,154.42,155.69,150.59,153.78,15840
2019-03-13,155.06,156.33,152.5,153.14,25630
2019-03-14,154.42,154.42,151.87,152.5,5233
2019-03-17,152.5,153.78,151.23,151.87,20224
2019-03-18,151.87,153.78,150.59,150.59,11957
2019-03-19,151.87,151.87,149.31,149.95,10206
2019-03-21,149.31,149.95,147.4,149.95,15221
2019-03-24,148.68,149.95,146.76,149.31,6049
2019-03-25,147.4,149.31,147.4,149.31,10839
2019-03-26,149.31,149.95,148.04,149.95,4479
2019-03-27,149.95,152.5,150.59,150.59,7376
2019-03-28,148.68,151.87,148.68,151.87,5043
2019-03-31,153.14,153.14,149.95,151.23,12560
2019-04-01,151.23,153.14,150.59,152.5,16762
2019-04-02,152.5,157.61,152.5,157.61,32889
2019-04-03,156.97,158.25,155.06,155.06,25012
2019-04-04,153.78,156.97,153.14,153.78,30676
2019-04-07,154.42,161.44,153.78,161.44,57138
2019-04-08,161.44,163.35,157.61,159.52,73576
2019-04-09,160.8,165.9,158.25,162.08,96968
2019-04-10,165.27,169.09,163.35,165.27,220874
2019-04-11,167.18,167.18,164.63,165.27,139668
2019-04-15,167.18,169.73,165.9,167.18,74857
2019-04-16,169.73,169.73,165.27,165.9,108970
2019-04-17,165.9,168.46,164.63,164.63,149003
2019-04-18,165.9,171.65,165.27,171.65,325975
2019-04-21,174.08,179.5,174.08,177.95,129211
2019-04-22,179.5,180.27,172.53,174.08,37684
2019-04-23,176.4,177.95,170.21,174.85,28415
2019-04-24,177.17,184.14,174.08,181.82,69877
2019-04-25,182.59,185.69,178.72,181.04,88185
2019-04-28,180.27,182.59,176.4,182.59,36443
2019-04-29,179.5,182.59,176.4,177.17,36311
2019-04-30,177.95,179.5,170.21,174.85,169434
2019-05-02,176.4,176.4,171.76,173.31,31294
2019-05-05,172.53,174.85,169.44,170.99,22173
2019-05-06,170.99,177.17,169.44,177.17,37254
2019-05-07,177.95,180.27,174.85,176.4,47575
2019-05-08,174.85,175.63,173.31,174.08,3453
2019-05-09,174.08,174.85,172.53,172.53,9546
2019-05-12,173.31,173.31,170.21,170.99,28828
2019-05-13,170.21,172.53,170.21,170.99,19156
2019-05-14,174.08,174.85,169.44,171.76,50393
2019-05-15,174.85,174.85,171.76,171.76,39068
2019-05-16,172.53,172.53,169.44,170.99,43564
2019-05-19,170.21,174.08,169.44,170.99,43335
2019-05-20,170.99,171.76,167.89,168.66,36182
2019-05-21,168.66,173.31,168.66,170.99,28505
2019-05-22,170.99,170.99,168.66,170.21,13784
2019-05-23,168.66,170.99,167.89,168.66,39582
2019-05-26,168.66,170.99,167.89,167.89,29769
2019-05-27,167.12,169.44,167.12,167.89,11361
2019-05-28,170.99,170.99,167.89,168.66,7306
2019-05-29,168.66,170.99,167.89,169.44,23164
2019-05-30,172.53,177.17,169.44,169.44,58107
2019-06-02,170.21,170.99,167.89,168.66,22171
2019-06-03,167.12,170.21,167.12,167.89,10648
2019-06-04,168.66,168.66,166.34,167.12,12058
2019-06-06,166.34,167.89,165.57,167.12,28791
2019-06-10,167.12,167.12,164.8,166.34,21622
2019-06-11,166.34,167.12,163.25,164.02,51449
2019-06-12,167.12,167.12,164.02,164.8,16979
2019-06-13,167.89,167.89,163.25,164.02,33521
2019-06-16,164.8,164.8,160.93,162.47,55060
2019-06-17,162.47,164.8,161.7,164.8,30058
2019-06-18,163.25,165.57,163.25,163.25,16887
2019-06-19,163.25,164.02,163.25,163.25,8889
2019-06-20,162.47,166.34,162.47,166.34,19838
2019-06-23,165.57,165.57,162.47,164.02,19053
2019-06-24,164.02,164.02,162.47,163.25,28016
2019-06-25,163.25,165.57,163.25,163.25,32353
2019-06-26,163.25,164.8,163.25,164.02,6987
2019-06-27,164.8,165.57,164.02,164.02,8205
2019-06-30,162.47,164.8,162.47,164.02,28209
2019-07-01,161.7,163.25,160.93,162.47,24984
2019-07-02,162.47,170.99,160.93,170.99,18749
2019-07-03,170.21,171.76,165.57,171.76,32719
2019-07-04,171.76,172.53,167.89,167.89,39257
2019-07-07,169.44,174.85,169.44,170.21,114295
2019-07-08,170.99,172.53,168.66,168.66,66793
2019-07-09,168.66,170.21,167.89,169.44,30914
2019-07-10,169.44,170.21,167.89,170.21,30952
2019-07-11,170.21,170.99,168.66,170.21,40333
2019-07-14,170.21,170.99,168.66,170.21,8994
2019-07-15,169.44,171.76,169.44,171.76,5177
2019-07-16,180.27,180.27,169.44,170.21,11649
2019-07-17,169.44,172.53,169.44,171.76,22470
2019-07-18,172.53,175.63,172.53,173.31,19110
2019-07-21,172.53,172.53,169.44,170.99,29072
2019-07-22,172.53,172.53,170.99,172.53,24172
2019-07-23,172.53,173.31,170.21,170.99,9809
2019-07-24,171.76,174.08,170.99,173.31,29735
2019-07-25,170.99,172.53,170.21,170.99,29360
2019-07-28,167.89,169.44,166.34,167.12,36855
2019-07-29,167.12,169.44,166.34,167.12,20982
2019-07-30,168.66,168.66,166.34,166.34,13910
2019-07-31,167.12,168.66,165.57,167.12,13205
2019-08-01,168.66,168.66,166.34,166.34,18658
2019-08-04,167.12,167.12,165.57,166.34,12606
2019-08-05,174.08,174.08,164.8,165.57,18997
2019-08-06,166.34,166.34,162.47,162.47,28743
2019-08-07,163.25,164.8,160.93,163.25,28647
2019-08-08,164.02,164.02,161.7,163.25,14443
2019-08-11,162.47,162.47,160.15,160.15,32958
2019-08-12,161.7,162.47,159.38,160.15,25266
2019-08-13,160.15,161.7,159.38,160.15,13683
2019-08-14,158.61,160.15,157.83,159.38,26134
2019-08-15,160.15,160.15,157.06,157.83,20667
2019-08-18,159.38,162.47,155.51,156.28,16714
2019-08-19,157.06,162.47,157.06,158.61,33235
2019-08-20,159.38,159.38,157.83,158.61,6274
2019-08-21,158.61,158.61,157.06,157.83,16764
2019-08-22,158.61,160.15,157.06,157.06,17662
2019-08-25,156.28,158.61,154.74,157.06,26983
2019-08-26,155.51,157.06,154.74,156.28,31534
2019-08-27,157.06,157.83,155.51,157.06,30937
2019-08-28,157.06,159.38,156.28,157.06,172453
2019-08-29,155.51,158.61,155.51,157.06,80214
2019-09-01,157.06,159.38,156.28,156.28,46032
2019-09-02,157.06,157.83,154.74,155.51,94195
2019-09-03,157.06,157.83,153.96,157.83,74299
2019-09-04,159.38,160.15,157.06,159.38,49704
2019-09-05,158.61,159.38,156.28,157.06,32551
2019-09-08,156.28,158.61,156.28,157.06,45770
2019-09-09,157.06,158.61,156.28,157.06,58920
2019-09-10,157.06,157.83,154.74,157.06,62522
2019-09-11,157.83,157.83,156.28,157.83,26475
2019-09-12,157.06,160.15,157.06,157.06,128013
2019-09-15,154.89,155.74,153.19,153.19,35906
2019-09-16,154.04,154.04,150.64,151.49,34022
2019-09-17,152.34,157.45,152.34,157.45,26263
2019-09-18,160.0,160.0,154.89,157.45,24288
2019-09-19,157.45,157.45,151.49,151.49,36278
2019-09-22,150.64,152.34,149.79,151.49,15629
2019-09-23,152.34,152.34,149.79,151.49,9475
2019-09-24,151.49,151.49,149.79,151.49,14341
2019-09-26,149.79,150.64,148.93,148.93,22371
2019-09-29,150.64,150.64,148.08,148.93,13929
2019-09-30,150.64,151.49,148.08,151.49,18312
2019-10-01,151.49,153.19,151.49,152.34,4502
2019-10-02,154.04,155.74,152.34,152.34,13743
2019-10-03,153.19,156.59,153.19,154.89,13802
2019-10-10,155.74,155.74,154.04,154.04,1043
2019-10-14,153.19,154.04,151.49,152.34,6658
2019-10-15,152.34,154.89,151.49,154.89,12951
2019-10-16,154.89,154.89,153.19,154.89,12313
2019-10-17,154.89,154.89,154.04,154.04,9001
2019-10-20,153.19,154.04,151.49,151.49,13076
2019-10-21,151.49,154.89,151.49,154.04,13163
2019-10-22,154.89,155.74,153.19,155.74,7833
2019-10-23,154.04,157.45,154.04,157.45,6205
2019-10-24,155.74,158.3,155.74,158.3,23280
2019-10-31,158.3,158.3,153.19,153.19,11670
2019-11-03,153.19,155.74,151.49,153.19,11770
2019-11-04,151.49,154.89,151.49,154.89,5650
2019-11-05,154.89,156.59,154.04,154.89,7416
2019-11-06,154.89,154.89,154.04,154.04,10457
2019-11-07,154.04,154.04,151.49,152.34,21540
2019-11-10,157.45,157.45,149.79,152.34,11990
2019-11-11,152.34,157.45,151.49,157.45,47655
2019-11-12,156.59,157.45,151.49,153.19,6783
2019-11-13,151.49,153.19,150.64,153.19,19355
2019-11-14,153.19,153.19,150.64,153.19,8145
2019-11-17,153.19,153.19,151.49,151.49,18677
2019-11-18,150.64,152.34,150.64,152.34,13993
2019-11-19,152.34,153.19,150.64,152.34,17232
2019-11-20,153.19,154.89,151.49,152.34,11214
2019-11-21,151.49,152.34,149.79,150.64,15749
2019-11-24,149.79,150.64,148.08,150.64,15046
2019-11-25,148.93,153.19,148.93,153.19,8432
2019-11-26,153.19,153.19,150.64,152.34,7958
2019-11-27,150.64,153.19,149.79,153.19,8671
2019-11-28,151.49,152.34,150.64,152.34,5912
2019-12-01,149.79,150.64,148.93,149.79,17169
2019-12-02,149.79,151.49,149.79,151.49,5652
2019-12-03,151.49,153.19,150.64,153.19,13610
2019-12-04,153.19,153.19,150.64,152.34,12868
2019-12-05,152.34,152.34,150.64,152.34,12129
2019-12-08,150.64,153.19,150.64,152.34,6702
2019-12-09,152.34,154.04,152.34,153.19,26059
2019-12-10,155.74,155.74,154.04,154.89,13700
2019-12-11,156.59,156.59,154.04,156.59,6123
2019-12-12,155.74,156.59,154.89,154.89,8107
2019-12-15,155.74,159.15,154.89,157.45,29320
2019-12-16,158.3,158.3,154.04,154.04,19515
2019-12-17,154.04,154.89,153.19,154.04,9702
2019-12-18,153.19,154.04,152.34,152.34,4382
2019-12-19,154.89,154.89,150.64,152.34,10649
2019-12-22,152.34,154.04,151.49,151.49,5710
2019-12-23,153.19,155.74,151.49,155.74,15903
2019-12-24,155.74,156.59,153.19,154.04,8167
2019-12-25,154.04,154.89,151.49,152.34,14375
2019-12-26,154.04,154.89,151.49,152.34,7241
2019-12-29,154.04,152.34,149.79,152.34,15662
2019-12-30,151.49,152.34,149.79,151.49,65326
2019-12-31,151.49,151.49,149.79,150.64,15870
2020-01-01,150.64,152.34,150.64,150.64,24061
2020-01-02,150.64,152.34,149.79,150.64,25982
2020-01-05,151.49,155.74,151.49,154.04,48210
2020-01-06,153.19,160.0,153.19,158.3,79056
2020-01-07,157.45,163.4,157.45,160.0,96470
2020-01-08,161.7,161.7,157.45,158.3,39138
2020-01-09,157.45,158.3,157.45,158.3,27408
2020-01-12,160.0,164.25,158.3,164.25,109650
2020-01-13,166.81,170.21,163.4,163.4,159169
2020-01-14,165.96,166.81,161.7,161.7,79747
2020-01-15,162.55,172.76,162.55,166.81,71946
2020-01-16,169.36,172.76,166.81,172.76,201707
2020-01-19,176.17,177.02,171.91,173.62,140222
2020-01-20,177.02,177.02,170.21,171.06,114230
2020-01-21,170.21,171.91,167.66,170.21,51959
2020-01-22,170.21,170.21,166.81,168.51,32223
2020-01-23,168.51,168.51,165.96,165.96,41682
2020-01-26,163.4,165.1,160.85,161.7,36053
2020-01-27,163.4,165.96,160.85,165.1,34708
2020-01-28,165.96,165.96,163.4,164.25,29700
2020-01-29,163.4,165.96,161.7,164.25,23057
2020-01-30,163.4,173.62,162.55,166.81,44068
2020-02-02,165.96,171.91,165.96,168.51,120275
2020-02-03,170.21,174.47,170.21,171.91,166282
2020-02-04,172.76,172.76,168.51,169.36,95987
2020-02-05,169.36,171.91,167.66,170.21,37266
2020-02-06,167.66,170.21,167.66,167.66,43764
2020-02-09,167.66,168.51,164.25,165.96,35905
2020-02-10,166.81,167.66,164.25,166.81,40579
2020-02-11,169.36,169.36,165.96,168.51,29137
2020-02-12,168.51,170.21,165.1,165.1,53554
2020-02-13,165.96,165.96,163.4,164.25,61169
2020-02-16,164.25,165.96,163.4,165.1,36607
2020-02-17,165.96,171.06,165.96,166.81,79048
2020-02-18,169.36,173.62,166.81,167.66,100782
2020-02-19,168.51,169.36,165.96,166.81,60879
2020-02-20,166.81,167.66,165.96,166.81,77919
2020-02-23,168.51,182.98,168.51,180.42,285679
2020-02-24,180.42,186.38,177.02,177.02,330551
2020-02-25,185.53,185.53,172.76,179.57,110559
2020-02-26,182.98,185.53,181.28,183.83,205774
2020-02-27,185.53,200.85,178.72,194.04,410685
2020-03-01,194.04,204.25,193.19,193.19,385322
2020-03-02,196.59,196.59,184.68,184.68,140502
2020-03-03,184.68,190.64,177.02,187.23,215512
2020-03-04,196.59,196.59,177.87,179.57,151592
2020-03-05,176.17,182.98,174.47,178.72,123635
2020-03-10,180.42,180.42,168.51,169.36,72337
2020-03-11,167.66,180.42,167.66,176.17,90918
2020-03-12,176.17,177.87,169.36,170.21,129172
2020-03-15,167.66,168.51,158.3,164.25,140154
2020-03-16,164.25,167.66,160.0,163.4,59460
2020-03-17,161.7,162.55,155.74,155.74,73862
2020-03-18,154.89,158.3,151.49,156.59,65534
2020-03-19,154.04,160.85,146.38,157.45,76824
2020-03-22,156.59,156.59,149.79,150.64,13858
2020-05-12,148.08,148.08,146.38,146.38,270
2020-05-13,143.83,143.83,142.13,142.13,520
2020-06-29,139.57,142.13,130.21,141.28,25228
2020-06-30,142.98,151.49,142.98,150.64,7320
2020-07-01,153.19,163.4,153.19,162.55,22400
2020-07-02,170.21,170.21,149.79,149.79,13334
2020-07-05,147.23,155.74,140.42,149.79,55434
2020-07-06,152.34,157.45,149.79,156.59,41914
2020-07-07,156.59,163.4,156.59,160.0,81152
2020-07-08,160.85,163.4,154.89,160.85,45047
2020-07-09,159.15,160.85,157.45,159.15,46362
2020-07-12,160.85,161.7,156.59,156.59,77001
2020-07-13,156.59,158.3,155.74,157.45,57193
2020-07-14,157.45,160.0,157.45,158.3,13199
2020-07-15,156.59,160.0,156.59,158.3,36728
2020-07-16,157.45,166.81,157.45,165.96,54294
2020-07-19,168.51,171.06,168.51,171.06,20
2020-07-20,179.57,188.08,169.36,173.62,195858
2020-07-21,173.62,176.17,168.51,174.47,118597
2020-07-22,174.47,175.32,169.36,169.36,58467
2020-07-23,177.02,177.02,168.51,170.21,36053
2020-07-26,171.91,172.76,169.36,172.76,52209
2020-07-27,172.76,173.62,169.36,171.06,59261
2020-07-28,168.51,171.91,167.66,171.06,55464
2020-07-29,170.21,171.06,168.51,168.51,88038
2020-07-30,168.51,169.36,165.96,169.36,32696
2020-08-02,169.36,169.36,161.7,162.55,90908
2020-08-03,161.7,167.66,161.7,164.25,34736
2020-08-05,164.25,164.25,159.15,161.7,51044
2020-08-06,160.85,163.4,158.3,163.4,38730
2020-08-09,160.85,163.4,158.3,162.55,34379
2020-08-10,165.1,165.96,160.85,164.25,43415
2020-08-11,166.81,167.66,163.4,164.25,32037
2020-08-12,162.55,164.25,161.7,164.25,58978
2020-08-13,162.55,165.1,162.55,163.4,30879
2020-08-16,161.7,161.7,153.19,156.59,268684
2020-08-17,156.59,160.0,154.04,158.3,195860
2020-08-18,158.3,159.15,155.74,158.3,102980
2020-08-19,156.59,157.45,154.04,154.89,46782
2020-08-20,155.74,157.45,154.89,156.59,21027
2020-08-23,158.3,158.3,154.89,156.59,28875
2020-08-24,158.3,160.85,156.59,160.85,123869
2020-08-25,160.85,162.55,157.45,159.15,74501
2020-08-26,160.85,162.55,158.3,160.85,169001
2020-08-27,163.4,165.96,160.85,163.4,194514
2020-08-30,163.4,165.96,160.0,162.55,48089
2020-08-31,162.55,164.25,160.0,162.55,169620
2020-09-02,161.7,165.1,161.7,164.25,161571
2020-09-03,165.96,166.81,161.7,163.4,97884
2020-09-06,171.06,171.06,159.15,161.7,121778
2020-09-07,160.85,163.4,158.3,160.0,56848
2020-09-08,160.85,160.85,158.3,160.0,59838
2020-09-09,162.55,162.55,157.45,158.3,58968
2020-09-10,160.0,161.7,157.45,159.15,32646
2020-09-13,160.0,161.7,156.59,159.15,147212
2020-09-14,160.0,162.55,159.15,160.85,164029
2020-09-15,161.7,168.51,161.7,165.96,334654
2020-09-16,166.81,166.81,163.4,165.1,110506
2020-09-17,166.81,174.47,164.25,172.76,327531
2020-09-20,181.28,181.28,173.62,178.72,294763
2020-09-21,187.23,187.23,174.47,177.02,180415
2020-09-22,170.21,177.02,170.21,172.76,220763
2020-09-23,164.25,176.17,164.25,174.47,199496
2020-09-24,174.47,177.02,173.62,175.32,176786
2020-09-27,177.02,185.53,175.32,182.98,615990
2020-09-28,182.98,188.08,181.28,182.13,223596
2020-09-29,184.68,184.68,178.72,180.42,159365
2020-09-30,182.98,182.98,177.02,180.42,96181
2020-10-01,171.91,187.23,171.91,184.68,312769
2020-10-04,187.23,188.08,184.68,184.68,446301
2020-10-05,186.38,190.64,186.38,188.93,445429
2020-10-06,191.49,193.19,189.79,192.34,259574
2020-10-07,201.7,201.7,191.49,194.04,245979
2020-10-08,203.4,203.4,190.64,195.74,372222
2020-10-11,197.45,198.3,193.19,194.04,246446
2020-10-12,194.89,194.89,188.93,194.89,191686
2020-10-13,204.25,204.25,189.79,189.79,80619
2020-10-14,187.23,191.49,187.23,188.08,100656
2020-10-15,191.49,191.49,187.23,189.79,135389
2020-10-18,187.23,191.49,187.23,188.93,106568
2020-10-19,188.08,191.49,188.08,191.49,68920
2020-10-20,189.79,194.89,189.79,193.19,117879
2020-10-21,195.74,200.85,194.04,200.85,360648
2020-10-22,208.51,208.51,200.0,201.7,595871
2020-10-28,204.25,209.36,200.0,209.36,382237
2020-10-29,212.76,212.76,202.55,203.4,339092
2020-11-01,212.76,212.76,200.85,203.4,259335
2020-11-02,201.7,203.4,200.0,200.85,144444
2020-11-03,198.3,202.55,198.3,200.85,77266
2020-11-04,200.85,201.7,199.15,200.0,92248
2020-11-05,201.7,202.55,198.3,199.15,115508
2020-11-08,204.25,205.96,199.15,202.55,244645
2020-11-09,205.1,205.1,200.85,202.55,263246
2020-11-10,208.51,208.51,200.0,201.7,243648
2020-11-11,203.4,205.1,200.85,204.25,234803
2020-11-12,205.96,206.81,203.4,204.25,191144
2020-11-18,204.25,208.51,202.55,202.55,250835
2020-11-19,205.96,205.96,200.85,203.4,276712
2020-11-22,206.81,211.91,205.96,208.51,519309
2020-11-23,211.06,215.32,209.36,211.91,347785
2020-11-24,222.13,222.13,212.76,213.62,207979
2020-11-25,215.32,219.57,213.62,219.57,234581
2020-11-26,219.57,235.74,219.57,234.89,650673
2020-11-29,238.3,257.87,235.74,257.87,1385740
2020-11-30,269.81,277.36,250.0,253.77,803626
2020-12-01,259.43,259.43,239.62,242.45,423840
2020-12-02,242.45,246.23,235.85,241.51,292720
2020-12-03,245.28,245.28,232.08,233.02,218004
2020-12-06,231.13,231.13,221.7,222.64,234676
2020-12-07,222.64,232.08,217.92,227.36,209663
2020-12-08,238.68,238.68,222.64,225.47,134141
2020-12-09,225.47,225.47,217.92,219.81,118251
2020-12-10,218.87,220.75,215.09,217.92,175082
2020-12-13,228.3,228.3,216.04,225.47,221280
2020-12-14,235.85,235.85,227.36,228.3,211953
2020-12-15,239.62,239.62,224.53,225.47,129053
2020-12-16,235.85,235.85,219.81,224.53,174014
2020-12-17,228.3,228.3,221.7,222.64,151499
2020-12-20,226.42,226.42,213.21,213.21,235650
2020-12-21,213.21,218.87,206.6,216.04,227510
2020-12-22,216.98,232.08,216.98,229.25,312715
2020-12-23,240.57,240.57,227.36,233.96,382728
2020-12-24,245.28,245.28,228.3,228.3,117133
2020-12-27,239.62,239.62,221.7,222.64,109930
2020-12-28,225.47,225.47,220.75,221.7,221495
2020-12-29,222.64,228.3,219.81,221.7,117865
2020-12-30,221.7,224.53,219.81,222.64,158629
2020-12-31,223.58,232.08,222.64,227.36,323149
2021-01-03,231.13,250.0,230.19,248.11,524574
2021-01-04,260.38,260.38,237.74,242.45,321350
2021-01-05,246.23,246.23,237.74,242.45,168987
2021-01-06,231.13,250.0,231.13,244.34,234784
2021-01-07,248.11,250.0,245.28,248.11,383394
2021-01-10,260.38,272.64,250.0,272.64,1070800
2021-01-11,283.02,283.02,265.09,270.75,567522
2021-01-12,273.58,273.58,264.15,269.81,225402
2021-01-13,269.81,273.58,266.98,267.92,215619
2021-01-17,267.92,272.64,262.26,267.92,302304
2021-01-18,281.13,281.13,266.04,270.75,296428
2021-01-19,283.02,283.02,266.04,267.92,318580
2021-01-20,277.36,277.36,263.21,266.98,379667
2021-01-21,276.42,276.42,264.15,266.98,333107
2021-01-24,269.81,284.91,269.81,280.19,532355
2021-01-25,287.74,292.45,279.25,281.13,745468
2021-01-26,283.02,284.91,276.42,277.36,356391
2021-01-27,278.3,280.19,272.64,274.53,196409
2021-01-28,274.53,278.3,263.21,265.09,304391
2021-01-31,268.87,268.87,258.49,262.26,357384
2021-02-01,264.15,267.92,261.32,264.15,259312
2021-02-02,266.98,270.75,261.32,270.75,287142
2021-02-03,273.58,284.91,268.87,269.81,244870
2021-02-04,269.81,271.7,265.09,268.87,195018
2021-02-07,273.58,273.58,266.04,268.87,241899
2021-02-08,270.75,283.96,266.98,281.13,552839
2021-02-09,268.87,292.45,268.87,277.36,361894
2021-02-10,278.3,298.11,272.64,295.28,1211680
2021-02-11,300.94,306.6,296.23,299.06,1008780
2021-02-14,306.6,306.6,290.57,295.28,369662
2021-02-15,300.94,306.6,296.23,297.17,458905
2021-02-16,301.89,307.55,295.28,298.11,634669
2021-02-17,300.0,301.89,295.28,301.89,647964
2021-02-18,307.55,309.43,301.89,305.66,570665
2021-02-21,311.32,311.32,300.0,303.77,410165
2021-02-22,306.6,306.6,292.45,294.34,508718
2021-02-23,296.23,296.23,283.02,293.4,386703
2021-02-24,292.45,302.83,292.45,294.34,309163
2021-02-25,296.23,297.17,287.74,289.62,304746
2021-02-28,289.62,289.62,280.19,281.13,424211
2021-03-01,282.08,295.28,279.25,289.62,352953
2021-03-02,290.57,291.51,281.13,282.08,681097
2021-03-03,277.36,284.91,277.36,282.08,280030
2021-03-04,283.96,291.51,283.02,290.57,283144
2021-03-08,297.17,297.17,287.74,288.68,155247
2021-03-09,284.91,289.62,283.02,285.85,129850
2021-03-10,285.85,286.79,281.13,283.96,120613
2021-03-14,282.08,283.02,277.36,279.25,174658
2021-03-15,283.02,283.02,273.58,275.47,119716
2021-03-16,274.53,279.25,273.58,276.42,101577
2021-03-17,274.53,280.19,274.53,279.25,72240
2021-03-18,266.04,287.74,266.04,285.85,175508
2021-03-21,292.45,292.45,284.91,288.68,113472
2021-03-22,290.57,292.45,283.96,283.96,157456
2021-03-23,282.08,284.91,281.13,283.02,81814
2021-03-24,283.96,287.74,283.02,286.79,239351
2021-03-25,292.45,292.45,282.08,283.02,143274
2021-03-29,292.45,292.45,281.13,282.08,110949
2021-03-30,283.02,287.74,280.19,287.74,152613
2021-03-31,287.74,292.45,286.79,291.51,171420
2021-04-01,292.45,301.89,288.68,296.23,422932
2021-04-04,313.21,313.21,294.34,296.23,271002
2021-04-05,310.38,310.38,294.34,296.23,170308
2021-04-06,296.23,298.11,292.45,296.23,183428
2021-04-07,310.38,310.38,295.28,297.17,217285
2021-04-08,299.06,300.0,297.17,298.11,241538
2021-04-12,300.0,303.77,299.06,301.89,287879
2021-04-13,306.6,310.38,302.83,309.43,449146
2021-04-15,316.04,325.47,312.26,319.81,585860
2021-04-18,320.75,324.53,312.26,314.15,430556
2021-04-19,311.32,315.09,302.83,305.66,502835
2021-04-20,311.32,311.32,299.06,305.66,253322
2021-04-21,306.6,306.6,296.23,298.11,256623
2021-04-22,294.34,304.72,294.34,300.94,209746
2021-04-25,306.6,311.32,297.17,300.94,599174
2021-04-26,300.0,302.83,291.51,294.34,290218
2021-04-27,292.45,301.89,292.45,300.94,163907
2021-04-28,302.83,304.72,296.23,296.23,102619
2021-04-29,299.06,300.94,296.23,296.23,86121
2021-05-02,293.4,300.0,293.4,297.17,164531
2021-05-03,311.32,311.32,294.34,296.23,121892
2021-05-04,301.89,301.89,293.4,294.34,95516
2021-05-05,294.34,296.23,292.45,294.34,125112
2021-05-06,294.34,298.11,291.51,295.28,157199
2021-05-09,295.28,313.21,293.4,301.89,872214
2021-05-10,286.79,306.6,286.79,300.0,131531
2021-05-11,314.15,314.15,299.06,299.06,104194
2021-05-12,313.21,313.21,297.17,298.11,133132
2021-05-13,298.11,300.94,297.17,300.94,129667
2021-05-16,301.89,306.6,300.94,306.6,221292
2021-05-17,309.43,309.43,303.77,307.55,238850
2021-05-18,311.32,311.32,304.72,308.49,242323
2021-05-19,311.32,315.09,306.6,309.43,373354
2021-05-20,311.32,316.98,311.32,315.09,336800
2021-05-23,315.09,321.7,303.77,321.7,373970
2021-05-24,322.64,333.96,320.75,324.53,633641
2021-05-25,325.47,328.3,316.04,317.92,279444
2021-05-27,317.92,323.58,306.6,317.92,260162
2021-05-30,320.75,330.19,314.15,323.58,364839
2021-05-31,323.58,330.19,320.75,320.75,363965
2021-06-01,320.75,322.64,313.21,318.87,175329
2021-06-02,333.96,333.96,312.26,319.81,149580
2021-06-03,321.7,338.68,320.75,332.08,813270
2021-06-06,339.62,362.26,339.62,353.77,1252480
2021-06-07,363.21,363.21,338.68,344.34,938914
2021-06-08,349.06,359.43,342.45,357.55,764581
2021-06-09,358.49,367.92,353.77,357.55,506932
2021-06-10,359.43,360.38,352.83,354.72,316560
2021-06-13,365.09,365.09,352.83,358.49,485796
2021-06-14,361.32,379.25,360.38,371.7,762378
2021-06-15,377.36,381.13,369.81,372.64,624053
2021-06-16,372.64,377.36,362.26,368.87,591856
2021-06-17,369.81,370.75,361.32,364.15,363911
2021-06-20,382.08,382.08,347.17,352.83,351888
2021-06-21,354.72,358.49,341.51,344.34,384907
2021-06-22,339.62,356.6,339.62,355.66,397505
2021-06-23,372.64,372.64,344.34,345.28,207020
2021-06-24,344.34,347.17,340.57,342.45,197918
2021-06-27,349.06,361.32,340.57,350.0,277049
2021-06-28,354.72,362.26,349.06,350.94,181568
2021-06-29,354.72,354.72,342.45,344.34,146089
2021-06-30,339.62,345.28,338.68,344.34,221360
2021-07-01,344.34,350.0,343.4,344.34,123394
2021-07-04,344.34,350.0,340.57,341.51,130197
2021-07-05,341.51,344.34,337.74,339.62,105515
2021-07-06,337.74,341.51,337.74,339.62,200575
2021-07-07,343.4,344.34,338.68,339.62,112366
2021-07-08,343.4,346.23,339.62,345.28,144647
2021-07-11,347.17,356.6,347.17,356.6,157037
2021-07-12,358.49,361.32,347.17,349.06,235085
2021-07-13,349.06,356.6,347.17,351.89,159274
2021-07-14,351.89,353.77,349.06,350.94,69138
2021-07-15,350.94,352.83,349.06,350.0,148230
2021-07-18,353.77,374.06,353.77,368.87,528469
2021-07-19,375.47,377.36,364.15,367.92,451064
2021-07-20,367.92,370.75,362.26,365.09,191999
2021-07-22,365.09,374.43,364.15,370.47,335516
2021-07-25,375.47,386.7,371.79,386.6,700510
2021-07-26,388.68,389.62,375.47,376.23,450987
2021-07-27,368.77,377.36,355.66,376.32,374418
2021-07-28,377.36,380.19,368.11,370.28,185501
2021-07-29,370.75,371.7,366.98,369.34,173746
2021-08-01,375.47,375.47,365.09,366.04,176366
2021-08-02,366.04,380.09,365.09,366.98,235381
2021-08-03,368.87,369.81,365.09,366.89,166370
2021-08-04,366.04,370.75,366.04,367.83,162290
2021-08-05,367.92,371.7,363.21,365.28,214371
2021-08-08,366.98,368.77,363.3,364.62,153077
2021-08-09,363.21,366.04,361.32,361.32,146709
2021-08-10,367.92,376.42,359.43,373.58,240713
2021-08-11,376.42,379.25,366.98,367.92,186242
2021-08-12,372.64,381.51,368.87,376.89,857151
2021-08-15,377.36,383.96,369.81,371.7,310890
2021-08-16,372.64,373.58,365.09,366.51,212058
2021-08-17,367.92,367.92,359.53,360.38,235101
2021-08-18,367.55,371.7,353.77,365.09,264714
2021-08-19,365.09,367.92,357.83,358.49,185044
2021-08-24,363.21,363.21,352.83,352.83,183405
2021-08-25,352.83,352.83,341.51,349.06,181717
2021-08-26,349.06,350.0,342.45,346.23,199401
2021-08-29,349.06,349.06,340.57,341.51,176112
2021-08-31,334.91,348.11,334.91,338.4,181200
2021-09-01,339.62,344.34,331.7,340.57,262420
2021-09-02,343.4,344.25,333.96,334.06,158911
2021-09-05,333.96,334.91,319.34,322.64,217258
2021-09-06,320.75,339.62,318.87,338.68,196451
2021-09-07,345.28,345.28,327.36,332.08,149247
2021-09-08,332.08,332.08,321.23,325.47,88640
2021-09-09,326.42,329.25,320.85,323.58,78144
2021-09-12,323.58,330.0,319.81,326.51,148229
2021-09-13,330.19,333.02,325.47,328.3,103226
2021-09-14,329.25,332.08,325.38,327.36,85881
2021-09-15,327.36,327.36,319.06,320.75,119690
2021-09-16,318.87,318.87,308.49,311.32,247321
2021-09-20,313.21,313.21,298.21,298.21,201987
2021-09-21,298.21,310.38,291.51,300.94,210262
2021-09-22,306.6,317.55,306.6,315.09,141329
2021-09-23,321.32,334.91,321.32,325.47,344594
2021-09-26,331.13,337.74,319.91,322.64,186881
2021-09-27,320.75,320.75,308.58,310.38,145335
2021-09-28,304.25,304.25,284.91,285.85,611484
2021-09-29,283.02,287.74,276.51,281.13,251273
2021-09-30,281.13,283.96,277.45,277.55,187447
2021-10-03,279.25,283.02,269.34,269.34,149749
2021-10-04,268.87,275.47,265.66,270.38,143736
2021-10-05,269.91,277.08,266.98,275.47,92280
2021-10-06,276.51,287.74,275.57,276.89,125352
2021-10-10,282.08,282.08,270.75,273.58,109755
2021-10-11,272.64,273.58,268.87,273.58,63453
2021-10-17,273.58,276.42,265.09,271.7,62243
2021-10-18,277.08,277.08,264.15,266.04,97721
2021-10-19,266.04,266.04,254.25,259.43,114269
2021-10-20,259.43,273.58,259.43,266.04,78390
2021-10-21,269.72,269.72,262.26,263.02,53516
2021-10-24,266.98,266.98,261.89,264.15,170982
2021-10-25,260.0,274.1,260.0,273.0,84865
2021-10-26,277.0,285.0,274.0,279.0,135988
2021-10-27,278.4,283.0,275.0,277.5,103636
2021-10-28,275.1,277.5,273.0,275.6,82753
2021-10-31,270.1,274.0,270.1,272.9,129426
2021-11-01,273.0,277.0,271.0,272.0,108460
2021-11-02,275.0,275.9,270.0,271.0,83584
2021-11-03,271.0,275.0,270.0,271.7,78960
2021-11-08,275.0,276.9,270.0,271.0,54546
2021-11-09,271.0,272.0,263.0,264.0,96969
2021-11-11,258.8,268.0,258.8,261.0,95732
2021-11-14,258.0,260.0,256.0,257.2,79560
2021-11-15,257.0,262.0,257.0,258.2,65081
2021-11-16,260.0,268.0,257.0,268.0,75502
2021-11-17,271.0,271.0,265.0,266.0,86920
2021-11-18,267.0,267.0,260.0,261.0,54164
2021-11-21,261.0,262.0,259.0,260.0,43026
2021-11-22,263.0,263.0,259.0,259.1,72836
2021-11-23,255.0,262.9,255.0,258.5,95171
2021-11-24,257.0,258.0,255.0,257.0,53093
2021-11-25,258.0,275.0,252.1,267.5,172122
2021-11-28,268.0,268.9,255.0,260.0,78512
2021-11-29,255.1,262.0,254.8,258.0,67463
2021-11-30,258.0,258.9,252.9,254.5,83196
2021-12-01,256.0,260.0,253.5,258.9,59617
2021-12-02,258.0,260.0,252.3,252.9,58307
2021-12-05,255.0,255.0,243.0,245.0,86229
2021-12-06,245.0,250.0,236.5,249.0,91442
2021-12-07,253.9,258.0,243.1,244.8,61387
2021-12-08,245.0,245.0,240.1,243.0,63315
2021-12-09,247.8,247.8,238.0,242.0,43712
2021-12-12,242.0,242.0,232.3,236.0,75856
2021-12-13,232.0,236.0,223.0,230.0,101494
2021-12-14,234.0,240.0,230.1,240.0,32913
2021-12-15,244.0,245.0,234.0,237.0,47348
2021-12-16,237.0,241.7,231.1,233.5,48307
2021-12-20,238.1,238.1,228.0,230.0,72660
2021-12-21,230.3,246.8,230.3,241.6,102311
2021-12-22,246.4,251.0,241.0,247.9,77292
2021-12-23,252.8,252.8,242.6,248.4,78964
2021-12-26,248.0,251.0,245.0,249.0,111358
2021-12-27,251.9,253.9,243.0,244.0,140132
2021-12-28,239.5,244.0,238.0,241.0,42094
2021-12-29,245.0,245.0,239.0,240.0,49102
2022-01-02,244.8,246.0,237.0,245.8,69361
2022-01-03,250.7,257.0,245.8,252.0,183414
2022-01-04,250.0,268.0,250.0,266.9,170015
2022-01-05,272.2,272.2,258.0,261.0,117357
2022-01-06,261.0,270.3,255.8,269.8,99590
2022-01-09,272.0,283.0,271.0,280.8,214888
2022-01-10,280.0,285.0,273.0,274.0,178332
2022-01-11,279.4,279.4,273.0,276.0,85509
2022-01-12,281.5,281.5,268.0,269.0,159987
2022-01-13,269.0,274.0,265.0,271.0,117582
2022-01-16,276.4,281.0,273.0,277.0,209490
2022-01-17,280.0,285.0,278.0,281.0,197433
2022-01-18,281.0,296.5,278.0,286.1,251918
2022-01-19,288.0,288.0,278.0,282.9,163731
2022-01-20,285.0,285.0,277.0,283.0,123592
2022-01-23,280.0,280.0,273.0,274.0,202751
2022-01-24,270.1,271.0,261.0,262.0,182182
2022-01-25,267.2,267.2,255.2,260.0,114343
2022-01-26,255.0,261.0,255.0,255.1,85992
2022-01-27,257.5,262.0,254.0,254.2,86704
2022-01-30,259.2,268.0,257.0,264.5,90954
2022-01-31,266.0,267.0,260.1,261.3,64204
2022-02-01,260.0,265.0,260.0,263.0,75631
2022-02-03,264.0,270.2,262.0,263.0,110414
2022-02-06,261.0,262.0,257.0,259.5,86540
2022-02-07,259.0,262.5,257.0,260.0,58355
2022-02-08,263.0,270.5,259.0,259.0,108484
2022-02-09,256.1,261.2,256.0,258.0,61987
2022-02-10,258.0,260.0,255.0,256.0,49380
2022-02-13,255.0,255.0,246.0,247.0,112468
2022-02-14,248.0,253.9,246.6,247.0,63132
2022-02-15,251.0,251.0,246.0,249.5,57782
2022-02-16,253.0,253.0,247.0,247.0,38435
2022-02-17,247.0,250.0,246.4,247.1,26043
2022-02-20,243.0,247.0,243.0,244.0,54083
2022-02-21,245.0,249.8,243.0,247.5,57180
2022-02-22,251.8,252.0,247.0,248.2,46657
2022-02-23,249.9,250.0,245.0,246.0,40939
2022-02-24,246.0,246.0,241.2,241.5,52186
2022-02-27,241.0,243.8,238.0,240.1,55903
2022-02-28,243.0,243.0,236.0,237.0,50134
2022-03-02,235.0,237.0,231.4,232.7,123592
2022-03-06,235.0,236.0,232.0,233.1,52949
2022-03-07,235.0,236.7,233.0,234.0,32030
2022-03-09,237.0,237.0,230.2,232.0,33303
2022-03-10,232.0,237.0,231.0,237.0,71390
2022-03-13,240.0,245.0,236.0,242.9,55587
2022-03-14,246.9,247.0,242.5,243.1,23173
2022-03-15,245.0,246.8,240.3,242.0,75934
2022-03-16,242.0,243.0,239.3,239.5,42539
2022-03-20,242.0,242.0,236.0,236.0,51831
2022-03-21,239.0,239.0,232.5,239.0,55129
2022-03-22,242.9,242.9,239.0,241.0,53253
2022-03-23,243.0,243.0,236.0,237.1,47872
2022-03-24,240.2,240.2,235.1,236.0,39334
2022-03-27,235.0,236.0,232.1,234.0,48909
2022-03-28,235.0,235.0,230.6,232.0,24518
2022-03-29,230.5,234.0,230.0,231.0,38358
2022-03-30,232.0,233.0,228.3,232.1,26162
2022-03-31,232.2,234.9,230.3,230.5,30960
2022-04-03,229.5,231.0,226.0,226.6,45764
2022-04-04,231.1,231.1,224.0,225.0,47494
2022-04-05,229.5,229.5,220.8,223.0,47837
2022-04-06,221.1,223.0,219.0,221.0,28368
2022-04-07,221.0,226.0,220.0,223.0,55347
2022-04-11,225.0,230.0,220.0,221.0,52979
2022-04-12,224.0,224.0,218.6,220.0,32132
2022-04-13,220.0,222.9,217.0,222.0,28780
2022-04-17,226.4,227.4,220.2,220.2,29934
2022-04-18,221.8,221.8,216.9,216.9,50823
2022-04-19,221.0,221.0,215.1,218.9,36347
2022-04-20,223.2,223.2,217.0,217.9,45045
2022-04-21,222.2,222.2,212.7,216.0,54576
2022-04-24,220.3,226.5,216.0,226.0,51798
2022-04-25,226.0,228.0,221.0,222.0,36797
2022-04-26,220.5,225.0,218.6,220.0,42969
2022-04-27,223.0,223.0,218.0,220.0,25609
2022-04-28,224.4,224.4,220.0,221.0,26664
2022-05-02,221.0,224.0,218.0,218.0,34161
2022-05-04,215.0,219.0,215.0,218.0,23947
2022-05-05,218.0,218.0,214.0,215.5,31549
2022-05-08,215.0,215.5,212.4,215.5,22409
2022-05-09,219.8,220.3,216.0,218.0,25155
2022-05-10,221.0,222.5,217.0,222.5,26281
2022-05-11,224.9,224.9,217.6,224.5,30872
2022-05-12,228.0,228.0,221.0,226.0,60253
2022-05-17,222.0,225.0,220.0,220.0,28640
2022-05-18,216.1,221.4,216.1,218.0,39254
2022-05-19,218.0,221.9,216.0,218.8,47890
2022-05-20,221.0,221.0,214.5,215.9,69407
2022-05-23,220.2,220.2,211.7,212.1,46744
2022-05-24,213.5,216.0,210.1,214.0,18069
2022-05-25,214.0,218.0,214.0,217.0,26130
2022-05-26,217.5,224.0,215.0,223.8,65823
2022-05-27,224.0,225.0,217.0,217.2,34178
2022-05-30,219.0,219.6,213.0,213.0,36235
2022-05-31,210.6,213.0,208.8,209.0,66232
2022-06-01,211.0,213.0,209.1,211.0,24671
2022-06-02,209.5,214.0,209.5,210.0,15702
2022-06-03,212.0,213.0,204.0,205.0,75334
2022-06-06,207.0,207.0,203.3,204.0,41710
2022-06-07,204.0,205.0,200.0,201.5,290713
2022-06-08,203.0,214.0,200.0,209.0,244408
2022-06-09,210.0,213.0,208.0,209.0,319938
2022-06-10,206.0,210.8,205.8,208.5,243523
2022-06-13,209.0,209.9,201.0,201.9,88463
2022-06-14,202.0,203.0,199.0,202.0,48900
2022-06-15,200.0,203.0,196.0,199.7,49128
2022-06-16,199.0,208.0,199.0,203.9,41107
2022-06-17,205.0,205.5,200.0,203.0,141027
2022-06-19,207.0,207.0,200.0,200.3,42579
2022-06-20,198.1,199.0,196.2,197.2,73270
2022-06-21,195.4,204.0,195.4,200.2,45365
2022-06-22,200.0,204.0,197.0,197.3,75562
2022-06-23,198.0,199.0,194.0,194.0,488195
2022-06-24,192.0,200.0,191.1,198.0,438851
2022-06-26,200.0,205.0,199.6,203.0,429501
2022-06-27,205.0,205.9,198.0,198.0,104797
2022-06-28,201.0,203.9,197.1,197.9,31787
2022-06-29,200.0,202.0,198.0,201.9,45997
2022-06-30,204.0,206.0,202.0,205.0,105373
2022-07-01,203.1,205.0,200.0,200.1,50345
2022-07-03,200.0,204.0,198.0,201.0,40828
2022-07-04,203.0,205.0,199.2,200.2,101052
2022-07-05,199.1,202.0,196.2,198.9,71851
2022-07-06,201.0,201.0,196.6,198.8,42878
2022-07-07,202.7,205.0,197.9,199.0,31644
2022-07-08,200.0,200.0,197.1,198.9,14625
2022-07-11,197.0,197.0,190.3,190.5,88744
2022-07-12,192.0,192.0,187.2,190.0,65285
2022-07-13,193.1,193.1,189.6,190.5,112829
2022-07-14,194.0,196.0,190.6,191.6,45423
2022-07-15,195.0,196.8,190.2,191.0,36825
2022-07-17,194.0,200.7,192.1,199.0,65052
2022-07-18,201.0,202.0,197.0,199.9,30039
2022-07-19,200.0,203.7,197.2,199.6,52961
2022-07-20,202.0,202.0,198.0,199.0,23330
2022-07-21,202.0,202.8,198.0,199.0,35180
2022-07-22,200.0,201.0,197.0,197.1,25416
2022-07-24,200.0,203.0,196.3,203.0,76568
2022-07-25,205.0,208.0,203.0,205.0,104197
2022-07-26,205.0,205.8,200.1,200.1,41568
2022-07-27,200.0,201.0,198.1,201.0,46021
2022-07-28,201.1,201.7,197.5,199.8,105319
2022-07-29,200.0,200.0,197.5,197.7,31809
2022-07-31,200.9,206.8,199.0,206.4,166214
2022-08-01,206.0,214.0,205.0,209.5,131373
2022-08-02,212.0,212.0,207.0,208.7,65829
2022-08-03,212.8,219.8,212.8,216.7,396918
2022-08-04,217.0,217.0,212.0,213.0,75857
2022-08-05,210.1,212.0,207.1,209.0,50168
2022-08-07,209.0,211.0,207.0,207.5,58759
2022-08-08,209.0,210.9,207.1,208.0,65301
2022-08-09,208.0,209.4,206.1,206.5,54761
2022-08-10,206.0,206.0,203.3,203.7,46351
2022-08-11,205.0,205.9,202.0,202.0,42620
2022-08-14,205.0,205.0,200.1,201.4,48388
2022-08-15,201.0,203.0,201.0,202.9,40193
2022-08-16,204.9,204.9,201.0,201.1,45808
2022-08-17,200.0,203.0,200.0,201.9,31962
2022-08-18,201.9,203.0,200.1,201.9,80356
2022-08-21,201.0,203.5,201.0,202.0,70532
2022-08-22,202.0,203.0,199.5,201.0,40883
2022-08-23,201.9,204.0,201.2,202.9,31300
2022-08-24,203.0,205.0,202.2,202.3,51003
2022-08-25,202.0,204.9,201.3,201.4,21633
2022-08-26,200.1,201.0,199.3,200.0,24794
2022-08-28,200.0,201.5,198.0,198.9,31292
2022-08-29,198.9,203.0,197.1,202.5,42065
2022-08-30,202.0,202.5,197.0,200.0,19155
2022-08-31,200.0,201.0,198.0,198.0,25492
2022-09-01,197.0,200.0,196.3,198.2,40468
2022-09-02,198.0,200.0,196.3,196.3,31744
2022-09-04,198.0,200.0,196.0,197.0,40476
2022-09-05,194.0,200.9,194.0,198.0,18926
2022-09-06,198.9,199.0,195.0,196.9,39717
2022-09-07,196.0,199.8,194.0,194.0,26649
2022-09-08,194.0,196.8,193.0,195.2,29534
2022-09-11,195.0,197.8,194.0,195.0,17937
2022-09-12,195.0,195.0,192.0,193.5,19073
2022-09-13,195.0,195.0,193.1,195.0,28256
2022-09-14,193.0,198.9,193.0,198.9,35688
2022-09-15,200.8,201.0,193.5,195.0,50526
2022-09-16,193.0,195.0,191.1,195.0,17623
2022-09-18,194.9,195.0,189.0,189.9,50578
2022-09-20,190.0,190.0,185.0,185.0,48698
2022-09-21,185.0,187.0,184.0,186.0,18788
2022-09-22,186.0,187.0,184.4,185.7,18919
2022-09-25,184.0,186.0,180.0,186.0,53575
2022-11-27,189.7,204.6,189.7,198.6,114442
2022-11-28,198.6,200.0,193.6,194.0,43012
2022-11-29,194.0,194.0,189.0,193.0,48977
2022-11-30,194.0,194.0,186.6,190.0,37479
2022-12-01,190.0,190.0,186.9,187.7,30001
2022-12-04,187.0,191.0,186.2,187.5,40718
2022-12-05,187.0,189.9,185.0,186.7,41576
2022-12-06,185.0,186.8,183.1,184.7,27995
2022-12-07,184.0,187.0,182.0,184.0,32594
2022-12-11,184.0,187.4,182.5,183.0,43691
2022-12-12,184.0,187.0,182.5,185.0,58040
2022-12-13,184.0,187.7,183.0,186.9,21351
2022-12-14,189.2,189.2,184.2,184.2,15989
2022-12-15,185.0,185.5,182.6,183.3,32506
2022-12-18,183.0,185.0,180.0,180.0,39318
2022-12-19,180.0,182.4,176.5,180.1,17681
2022-12-20,180.5,184.0,179.1,182.0,22106
2022-12-21,182.0,183.9,180.1,182.0,25744
2022-12-22,183.0,184.3,180.0,181.0,46868
2022-12-26,184.0,187.6,181.1,187.6,49925
2022-12-27,190.3,198.9,189.1,194.0,112675
2022-12-28,196.0,196.0,190.0,190.2,37200
2022-12-29,193.0,193.0,187.0,190.0,80472
2023-01-23,193.3,208.5,193.3,208.5,1325093
2023-01-24,208.0,211.6,201.0,203.9,245691
2023-01-25,207.9,207.9,199.4,200.5,247505
2023-01-26,201.0,201.0,197.0,197.1,291107
2023-01-29,197.0,199.0,194.0,195.0,172680
2023-01-30,191.5,197.8,191.5,193.0,167032
2023-01-31,193.0,193.5,190.0,190.0,135238
2023-02-01,190.0,192.0,189.0,190.0,106668
2023-02-02,190.0,192.0,189.0,189.7,121654
2023-02-05,193.4,196.5,190.0,191.0,148187
2023-02-06,191.0,192.0,188.9,190.1,92382
2023-02-07,190.1,195.0,190.0,195.0,148290
2023-02-08,195.6,198.9,193.0,194.0,137301
2023-02-09,193.0,196.0,191.0,195.0,77621
2023-02-12,192.0,193.5,188.2,189.9,162683
2023-02-14,190.0,190.0,187.0,189.0,122452
2023-02-15,187.0,192.0,186.3,186.8,76136
2023-02-16,189.4,189.4,184.0,185.3,117176
2023-02-20,187.9,187.9,182.3,183.5,91169
2023-02-22,186.0,187.0,183.0,185.0,127199
2023-02-23,185.0,185.0,181.0,181.2,143920
2023-02-26,182.0,182.0,178.0,181.0,108270
2023-02-27,183.0,183.6,179.0,180.4,83091
2023-02-28,180.0,183.0,179.6,180.6,42844
2023-03-01,183.2,183.2,179.0,180.0,54705
2023-03-02,178.4,180.8,178.0,179.0,41960
2023-03-05,179.0,180.0,176.4,177.9,61286
2023-03-07,177.0,180.1,177.0,179.0,51277
2023-03-09,180.0,182.5,178.1,181.0,97645
2023-03-12,181.0,183.5,177.5,178.9,67873
2023-03-13,178.0,180.9,176.0,177.3,53317
2023-03-14,179.8,180.0,176.0,178.0,53134
2023-03-15,178.0,179.0,175.0,178.0,92312
2023-03-16,175.0,179.0,175.0,178.5,49717
2023-03-19,179.5,179.5,175.9,178.0,62024
2023-03-20,179.0,179.0,175.7,178.9,65466
2023-03-22,177.0,178.9,175.2,177.3,45148
2023-03-23,175.2,180.8,173.5,177.0,78303
2023-03-26,179.0,179.0,173.0,174.8,58871
2023-03-27,175.0,175.9,172.0,174.6,58177
2023-03-28,176.0,176.0,173.0,174.9,65652
2023-03-29,178.3,178.3,171.5,173.5,59932
2023-03-30,176.0,176.0,172.0,173.9,25338
2023-04-02,173.9,176.3,170.0,171.0,88246
2023-04-03,171.0,171.0,168.2,168.9,65199
2023-04-04,171.2,171.2,166.1,167.0,101726
2023-04-05,168.0,171.0,167.0,171.0,88453
2023-04-06,174.4,174.4,168.5,169.1,65211
2023-04-09,169.1,170.0,166.0,168.0,54808
2023-04-10,167.0,170.3,166.0,168.0,63176
2023-04-11,169.9,172.0,167.7,171.0,97508
2023-04-12,167.6,181.1,167.6,181.0,145056
2023-04-13,181.0,183.0,175.0,176.0,78224
2023-04-16,176.0,176.9,172.0,173.9,58929
2023-04-17,174.8,174.9,169.0,170.0,115420
2023-04-18,171.0,172.0,169.3,170.0,54894
2023-04-19,170.0,172.9,169.5,170.6,47032
2023-04-20,169.8,170.5,168.0,169.4,94980
2023-04-23,170.8,170.8,166.0,169.6,80406
2023-04-24,167.0,170.0,165.2,169.0,51710
2023-04-25,170.0,170.9,168.1,170.0,71791
2023-04-26,170.0,170.9,168.0,169.0,52210
2023-04-27,167.0,169.7,166.9,169.7,47252
2023-04-30,169.0,169.0,166.5,167.5,62352
2023-05-02,168.0,168.5,164.3,167.0,66204
2023-05-03,166.0,167.9,165.0,166.5,99567
2023-05-04,168.0,168.0,164.7,166.0,71306
2023-05-07,166.0,167.0,164.5,166.4,47153
2023-05-08,166.4,166.4,164.0,165.9,47241
2023-05-09,166.0,168.0,164.0,166.0,65299
2023-05-10,166.0,166.0,164.0,164.8,38864
2023-05-11,164.0,166.8,163.7,164.8,41798
2023-05-14,167.0,167.0,162.7,163.6,74128
2023-05-15,163.1,164.0,162.1,164.0,55229
2023-05-16,162.2,164.8,162.2,163.5,44363
2023-05-17,164.0,164.5,162.0,163.4,65363
2023-05-18,166.6,168.0,163.1,166.7,123426
2023-05-21,166.7,168.0,164.2,165.5,106543
2023-05-22,164.0,167.0,163.2,165.8,87722
2023-05-23,166.0,169.3,166.0,169.2,126022
2023-05-24,172.5,172.5,167.1,169.2,93761
2023-05-28,172.5,172.5,166.2,168.0,122333
2023-05-30,166.0,167.7,163.8,164.8,94586
2023-05-31,163.0,165.2,160.0,163.0,155371
2023-06-01,163.0,164.0,159.8,162.0,74251
2023-06-04,160.0,167.5,160.0,163.5,50186
2023-06-05,164.0,165.0,160.7,161.9,50892
2023-06-06,164.0,164.0,159.2,161.7,215643
2023-06-07,161.1,164.0,160.5,161.8,197747
2023-06-08,164.5,164.5,161.0,162.1,115970
2023-06-11,165.0,165.2,161.0,165.1,162974
2023-06-12,165.0,167.0,163.5,164.0,120769
2023-06-13,163.9,165.7,162.0,164.8,154271
2023-06-14,164.8,170.2,162.1,167.0,261054
2023-06-15,165.0,168.0,165.0,166.7,113464
2023-06-18,166.0,167.0,164.9,165.9,158828
2023-06-19,167.9,167.9,163.0,163.8,100955
2023-06-20,163.6,167.0,163.0,163.9,130904
2023-06-21,165.0,165.9,161.2,162.4,122732
2023-06-22,163.0,163.0,160.0,161.0,95852
2023-06-25,163.0,163.0,160.0,162.0,256573
2023-06-26,163.0,168.5,162.0,163.9,137301
2023-06-27,163.9,171.9,163.2,170.8,259663
2023-06-28,172.3,173.0,164.1,165.9,178887
2023-07-02,167.0,167.0,161.1,161.5,156299
2023-07-03,161.6,162.0,158.9,159.0,224516
2023-07-04,159.0,161.9,157.9,158.1,183423
2023-07-05,155.0,163.0,155.0,157.5,160198
2023-07-06,157.6,159.0,156.1,158.0,132201
2023-07-09,159.9,160.0,156.0,157.8,187692
2023-07-10,158.0,160.0,157.0,158.8,125621
2023-07-11,160.0,160.7,156.0,160.2,128742
2023-07-12,160.3,162.8,158.4,162.7,87200
2023-07-13,163.0,164.2,159.8,160.0,115663
2023-07-16,161.0,166.1,160.0,165.0,178823
2023-07-17,165.0,173.0,164.0,170.7,221976
2023-07-18,171.0,174.0,170.0,171.8,208837
2023-07-19,172.0,181.0,169.0,179.8,453907
2023-07-20,181.0,182.0,176.0,178.9,330135
2023-07-23,181.0,195.8,178.6,189.9,442805
2023-07-24,190.0,193.0,180.0,185.0,698201
2023-07-25,185.0,186.0,176.5,176.9,418208
2023-07-26,179.0,180.2,175.5,177.0,153024
2023-07-27,177.0,180.0,174.5,175.0,215160
2023-07-30,176.0,176.0,171.6,172.5,118915
2023-07-31,170.7,175.6,170.0,172.0,188684
2023-08-01,174.0,174.9,168.6,169.8,177555
2023-08-02,171.0,172.5,167.8,171.0,141679
2023-08-03,170.0,174.4,170.0,173.2,119412
2023-08-06,173.0,173.0,163.0,164.7,449761
2023-08-07,165.0,165.0,160.2,163.0,248575
2023-08-08,163.0,165.0,161.0,162.5,113453
2023-08-09,160.0,165.0,159.3,165.0,171665
2023-08-10,164.0,164.0,161.4,161.5,100579
2023-08-13,161.5,164.8,161.5,162.5,160269
2023-08-14,163.5,165.0,161.5,162.9,84610
2023-08-15,163.9,163.9,160.1,161.0,66929
2023-08-16,162.8,164.0,159.9,160.4,156455
2023-08-17,161.0,162.5,159.3,162.0,86747
2023-08-20,162.5,162.5,160.2,161.3,88228
2023-08-21,160.0,161.9,159.2,159.6,97626
2023-08-22,162.0,162.0,159.0,160.9,74921
2023-08-23,164.1,164.1,160.0,161.0,85417
2023-08-24,164.2,164.2,159.0,159.8,87920
2023-08-27,160.0,160.0,157.0,157.0,65908
2023-08-28,158.0,159.7,156.1,158.3,50652
2023-08-29,159.0,160.0,157.0,157.4,42101
2023-08-30,160.0,160.0,156.2,157.0,67256
2023-09-03,157.9,157.9,155.1,156.0,71723
2023-09-04,157.9,159.9,155.5,157.9,56633
2023-09-05,161.0,161.0,155.1,155.6,52392
2023-09-07,156.6,157.0,154.0,155.0,89826
2023-09-10,158.0,158.0,155.0,156.5,73388
2023-09-11,157.0,159.5,156.0,159.0,52374
2023-09-12,162.0,162.0,158.0,158.1,51252
2023-09-13,158.1,159.8,156.1,159.4,54797
2023-09-17,159.4,159.8,156.5,156.9,51675
2023-09-18,157.0,158.5,155.2,156.8,24146
2023-09-19,159.0,159.0,156.0,157.8,33745
2023-09-21,158.0,165.2,157.0,161.6,139151
2023-09-24,160.3,162.0,158.0,159.8,96694
2023-09-25,162.5,162.5,158.0,159.0,42032
2023-09-26,159.0,165.0,159.0,161.0,89670
2023-09-27,164.0,164.0,157.8,160.0,122168
2023-10-01,160.0,160.0,157.3,159.0,55341
2023-10-02,158.0,160.0,156.1,158.8,76399
2023-10-03,160.0,160.0,157.1,159.0,76675
2023-10-04,158.1,161.5,158.1,161.0,69350
2023-10-05,161.0,161.0,158.0,159.4,86626
2023-10-08,160.0,160.0,157.1,157.8,41953
2023-10-09,158.0,160.0,156.7,159.0,46454
2023-10-10,160.0,160.0,156.4,157.0,36152
2023-10-11,157.0,158.2,156.2,158.0,47695
2023-10-12,158.0,160.0,155.1,156.9,125886
2023-10-16,156.9,156.9,153.4,154.0,66521
2023-10-17,156.0,158.0,153.0,155.7,60186
2023-10-18,157.0,158.9,155.0,158.0,49301
2023-10-19,157.0,159.2,154.9,157.8,28336
2023-10-29,155.5,157.0,155.0,156.7,41634
2023-10-30,154.1,157.0,154.0,156.0,44579
2023-10-31,155.0,156.8,154.0,155.5,74528
2023-11-01,154.1,157.0,154.0,155.5,34148
2023-11-02,154.1,155.9,154.0,155.0,25485
2023-11-05,153.7,154.9,151.7,151.7,78815
2023-11-06,151.7,153.7,151.0,151.9,59314
2023-11-07,152.9,153.8,150.2,151.0,60321
2023-11-08,150.0,152.7,150.0,151.0,34181
2023-11-09,151.0,152.0,150.0,151.7,37019
2023-11-20,153.0,154.6,151.0,152.4,29875
2023-11-21,151.5,151.5,150.0,150.9,35108
2023-11-22,150.0,152.8,150.0,151.5,29095
2023-11-23,151.0,153.9,150.2,153.9,44849
2023-11-26,151.0,156.6,151.0,156.6,68959
2023-11-27,156.0,157.0,152.0,154.0,84259
2023-11-28,153.0,154.0,151.0,152.0,37925
2023-11-29,152.0,155.0,150.1,152.0,29197
2023-11-30,149.0,153.5,149.0,150.9,71006
2023-12-03,151.9,151.9,149.0,150.1,44446
2023-12-04,150.0,151.5,149.0,150.4,43873
2023-12-05,151.0,152.0,149.0,150.8,57332
2023-12-06,149.0,151.0,149.0,149.6,33130
2023-12-07,149.0,151.7,148.2,151.0,64547
2023-12-10,153.0,161.0,153.0,161.0,26357
2023-12-11,164.2,164.2,156.0,160.0,184179
2023-12-12,160.0,161.0,156.1,158.0,124794
2023-12-13,160.0,161.0,156.2,157.5,78908
2023-12-14,156.0,158.1,155.0,156.5,52712
2023-12-17,153.6,156.9,150.6,156.0,142199
2023-12-18,154.0,163.9,154.0,162.9,316567
2023-12-19,163.0,169.0,161.0,168.0,216179
2023-12-20,168.0,170.1,167.0,169.0,237103
2023-12-21,171.0,171.0,163.4,164.1,243515
2023-12-24,164.1,167.0,161.5,162.0,170471
2023-12-27,160.2,164.0,158.0,160.9,234037
2023-12-28,158.0,161.9,158.0,160.0,125725
2024-01-01,158.1,160.8,158.1,160.0,149150
2024-01-02,160.0,160.0,156.0,157.0,102253
2024-01-03,156.0,158.0,155.2,157.4,64765
2024-01-04,157.1,158.9,155.2,157.9,110816
2024-01-07,160.0,160.0,154.1,155.0,145702
2024-01-08,155.0,158.0,154.0,157.0,134103
2024-01-09,154.3,162.0,154.3,157.1,114145
2024-01-10,158.9,161.8,157.1,159.4,160937
2024-01-11,159.5,159.9,157.0,159.0,54478
2024-01-14,157.5,160.6,157.0,159.4,100888
2024-01-16,158.0,164.0,158.0,163.0,185907
2024-01-17,163.0,167.0,161.0,163.0,435459
2024-01-18,164.9,164.9,160.1,162.9,123783
2024-01-21,163.0,163.0,156.0,156.7,229146
2024-01-22,156.7,157.0,153.6,155.5,270053
2024-01-23,157.0,157.0,154.0,156.0,206278
2024-01-24,153.0,157.0,152.9,153.3,120122
2024-01-25,154.9,156.0,151.9,154.3,210216
2024-01-28,154.9,155.0,152.0,153.0,107134
2024-01-29,156.0,156.0,151.5,152.3,148431
2024-01-30,149.3,153.0,149.3,152.9,195550
2024-01-31,153.8,153.8,150.0,151.8,270719
2024-02-01,153.1,153.1,148.7,149.0,178025
2024-02-04,151.9,151.9,148.0,149.0,140493
2024-02-05,151.8,151.8,148.0,149.0,133614
2024-02-06,151.8,151.8,148.2,150.4,171354
2024-02-07,152.2,152.2,149.0,149.8,272374
2024-02-08,152.7,152.7,148.0,149.0,196369
2024-02-11,151.9,151.9,148.2,148.2,106437
2024-02-12,151.1,151.1,148.0,149.0,97547
2024-02-13,146.5,149.9,146.5,147.9,99488
2024-02-14,150.8,150.8,147.0,147.9,107946
2024-02-15,150.8,150.8,146.0,147.8,100556
2024-02-18,146.0,148.0,145.0,145.9,140350
2024-02-20,148.8,148.8,144.9,145.0,122037
2024-02-21,147.9,147.9,145.0,146.0,85709
2024-02-22,145.0,147.0,143.0,145.0,185666
2024-02-25,147.9,147.9,142.5,142.8,89207
2024-02-26,145.6,145.6,140.2,143.0,146323
2024-02-27,145.8,145.8,140.2,143.0,83887
2024-02-28,145.8,145.8,140.2,142.0,96077
2024-02-29,144.8,144.8,140.0,140.6,83686
2024-03-03,143.4,143.4,138.3,140.0,61907
2024-03-04,142.8,150.8,142.8,150.0,15840
2024-03-05,150.0,150.9,141.2,142.8,108552
2024-03-06,145.6,145.6,141.0,144.0,93007
2024-03-07,146.8,146.8,142.0,144.0,50150
2024-03-10,146.8,146.8,142.0,145.0,70727
2024-03-12,147.9,147.9,143.2,147.0,139814
2024-03-13,149.9,149.9,144.5,147.9,72252
2024-03-14,150.8,150.8,145.0,145.4,74938
2024-03-17,148.3,148.3,142.6,143.5,108788
2024-03-18,141.9,144.8,141.9,143.0,221718
2024-03-19,145.8,145.8,141.1,142.3,108661
2024-03-20,145.1,145.1,141.2,141.8,72440
2024-03-21,144.6,144.6,140.0,140.6,60669
2024-03-25,143.4,143.4,138.8,139.9,85122
2024-03-26,142.6,142.6,138.8,140.3,158827
2024-03-27,143.1,143.1,138.8,139.1,94353
2024-03-28,141.8,141.8,138.0,138.9,138953
2024-03-31,141.6,141.6,137.5,138.0,60818
2024-04-01,140.7,140.7,137.0,138.0,72735
2024-04-02,135.3,139.7,135.3,136.5,55325
2024-04-03,139.2,139.2,135.1,136.8,75945
2024-04-04,139.5,139.5,135.2,136.0,69314
2024-04-07,138.7,138.7,133.1,137.0,123403
2024-04-09,139.7,139.7,136.2,137.7,79523
2024-04-10,140.4,140.4,135.0,137.7,72729
2024-04-14,140.4,140.4,135.5,136.9,59235
2024-04-15,139.6,139.6,135.0,135.1,73450
2024-04-16,137.8,137.8,133.8,134.8,102317
2024-04-18,135.0,135.0,132.8,135.0,85019
2024-04-21,136.8,136.8,132.0,133.5,165637
2024-04-22,136.1,136.1,132.0,132.8,83095
2024-04-24,135.4,135.4,131.0,132.9,94328
2024-04-25,135.5,135.5,132.0,134.0,102913
2024-04-28,136.6,136.6,131.5,135.0,117579
2024-04-29,137.0,137.0,131.5,133.3,66731
2024-04-30,135.8,135.8,132.0,134.5,97158
2024-05-02,137.1,137.1,131.5,133.0,121363
2024-05-05,135.5,135.5,131.0,132.0,86711
2024-05-06,134.6,134.6,130.5,132.3,117819
2024-05-07,134.9,134.9,130.3,131.5,74405
2024-05-08,134.1,134.1,129.6,130.4,76565
2024-05-09,133.0,133.0,129.6,132.0,63506
2024-05-12,134.6,134.6,130.1,132.2,114108
2024-05-13,134.8,141.5,130.5,140.4,476129
2024-05-14,137.6,142.3,136.9,140.0,110121
2024-05-15,142.0,142.0,137.2,139.0,142190
2024-05-16,141.7,141.7,135.3,137.0,124746
2024-05-19,139.7,141.0,136.5,138.8,106406
2024-05-20,141.5,148.5,136.5,144.3,443058
2024-05-21,144.3,148.0,143.6,146.0,185624
2024-05-22,144.0,157.0,144.0,154.0,447690
2024-05-26,155.0,155.0,149.0,150.2,269078
2024-05-27,150.5,152.1,148.0,150.5,174877
2024-05-29,153.5,154.0,145.0,146.0,163664
2024-05-30,148.9,148.9,142.0,143.0,121392
2024-06-02,145.8,145.8,141.0,142.9,89221
2024-06-03,145.7,145.7,141.5,142.2,54207
2024-06-04,145.0,145.0,141.0,142.8,32331
2024-06-05,145.6,145.6,139.8,141.0,52869
2024-06-06,143.8,143.8,138.3,140.0,59331
2024-06-09,142.8,142.8,137.0,138.0,86922
2024-06-10,140.7,140.7,135.5,138.9,66229
2024-06-11,141.6,141.6,135.1,141.0,104359
2024-06-12,142.0,143.9,140.8,142.0,87809
2024-06-13,144.8,144.8,139.0,142.0,70592
2024-06-16,139.2,141.4,139.0,140.0,67091
2024-06-18,140.0,140.0,137.5,138.9,73305
2024-06-19,141.6,141.6,137.1,138.0,37616
2024-06-20,140.7,140.7,136.9,137.8,162169
2024-06-23,140.5,140.5,136.5,137.0,48800
2024-06-24,137.0,138.0,135.9,136.5,56888
2024-06-25,139.2,139.2,134.5,136.5,76250
2024-06-26,136.5,138.0,134.1,134.3,79930
2024-06-27,136.9,136.9,134.5,136.0,46232
2024-06-30,138.7,138.7,134.2,135.0,83368
2024-07-01,137.6,138.0,133.2,138.0,105045
2024-07-02,140.7,150.0,140.0,141.5,165684
2024-07-03,141.0,143.0,137.7,142.0,81421
2024-07-04,143.0,143.5,140.1,142.0,174339
2024-07-07,144.8,144.8,141.0,142.8,115705
2024-07-08,140.0,145.0,140.0,143.0,71144
2024-07-09,145.8,145.8,140.0,143.5,130497
2024-07-10,140.7,147.0,140.7,147.0,212576
2024-07-11,147.0,150.2,145.2,147.0,372558
2024-07-14,149.9,158.1,149.9,156.2,379761
2024-07-15,159.3,162.0,153.0,153.7,375066
2024-07-16,150.7,159.5,150.7,159.4,291266
2024-07-17,160.0,164.7,158.0,162.6,402147
2024-07-18,165.0,178.8,162.0,178.1,1370389
2024-07-21,180.0,194.8,176.6,194.5,1490550
2024-07-22,196.0,197.8,186.3,190.9,1476657
2024-07-23,190.9,196.8,185.5,196.6,773314
2024-07-24,197.0,205.0,192.0,193.2,927814
2024-07-25,189.7,195.4,189.7,193.1,575420
2024-07-28,196.9,212.4,196.9,212.4,1706582
2024-07-29,216.6,233.5,216.6,222.0,2463069
2024-07-30,224.0,225.0,208.1,220.5,1169528
2024-07-31,222.0,227.3,216.0,222.0,1035434
2024-08-01,226.4,226.4,216.0,216.1,920507
2024-08-05,220.4,227.9,214.0,214.5,1262747
2024-08-06,218.7,218.7,202.0,203.5,1288798
2024-08-07,203.5,209.0,200.1,208.0,700896
2024-08-08,212.1,212.1,206.0,206.0,569352
2024-08-11,210.0,215.0,205.1,213.0,1037422
2024-08-12,217.2,225.0,217.0,222.0,1605274
2024-08-13,223.4,229.9,221.4,226.0,1192459
2024-08-14,227.0,237.0,222.0,235.0,1296305
2024-08-15,237.2,258.5,237.2,256.0,2443832
2024-08-18,261.1,272.9,253.0,259.0,2489844
2024-08-21,264.0,264.0,251.0,258.9,1294130
2024-08-22,258.9,264.0,256.0,256.9,749854
2024-08-25,256.9,257.0,244.0,245.0,1008179
2024-08-27,241.0,241.9,227.5,229.9,1069125
2024-08-28,230.0,242.0,226.2,231.5,737384
2024-08-29,235.0,235.0,225.4,228.0,575938
2024-09-01,229.0,231.8,218.5,219.9,499194
2024-09-02,220.0,235.0,215.8,235.0,887073
2024-09-03,239.0,241.0,232.7,233.0,585358
2024-09-04,237.6,237.6,223.5,224.5,422193
2024-09-05,225.0,226.0,218.0,222.9,501227
2024-09-08,225.2,227.2,218.0,218.0,360031
2024-09-09,221.0,221.0,211.4,212.0,401875
2024-09-10,216.2,219.0,210.3,214.0,361844
2024-09-11,218.2,218.2,209.4,211.4,340061
2024-09-12,215.6,219.5,210.0,219.0,390210
2024-09-15,223.3,225.1,215.0,216.0,467085
2024-09-16,220.0,220.0,208.0,209.4,394514
2024-09-18,212.0,218.0,208.1,216.0,507270
2024-09-22,220.3,224.0,213.8,216.0,304116
2024-09-23,220.3,220.3,211.6,212.0,258913
2024-09-24,212.0,216.0,205.0,205.9,242918
2024-09-25,210.0,213.4,205.1,213.0,275334
2024-09-26,213.0,214.7,207.8,210.0,212755
2024-09-29,210.0,211.0,205.0,206.5,217662
2024-09-30,210.6,211.0,206.0,208.6,224063
2024-10-01,210.0,220.2,210.0,219.0,542232
2024-10-02,219.0,222.9,214.7,217.0,357244
2024-10-06,217.0,224.0,213.8,223.0,475494
2024-10-07,224.0,232.0,224.0,228.0,565728
2024-10-08,231.0,232.5,225.8,226.1,266648
2024-10-09,226.1,227.0,223.0,226.0,326983
2024-10-15,229.0,231.8,224.8,231.5,185994
2024-10-16,233.1,239.5,230.1,237.0,424806
2024-10-17,237.2,251.9,236.2,243.0,1359024
2024-10-20,243.0,253.5,234.0,246.0,1536873
2024-10-21,246.0,247.0,240.1,240.1,731741
2024-10-22,240.1,245.0,238.6,240.9,572846
2024-10-23,245.7,245.7,231.7,234.0,1131167
2024-10-24,233.0,234.0,227.0,229.6,488269
2024-10-27,234.1,234.1,226.0,228.0,326710
2024-10-28,232.5,232.5,226.7,229.7,156973
2024-10-29,234.2,235.0,230.0,234.0,339249
2024-10-30,234.0,237.0,230.1,230.6,176375
2024-11-05,233.9,234.0,228.2,228.9,133493
2024-11-06,226.1,232.0,226.0,226.6,169602
2024-11-10,230.0,235.0,228.2,231.5,363924
2024-11-11,230.0,239.5,230.0,234.8,476687
2024-11-12,237.5,238.6,232.7,233.0,222417
2024-11-13,232.0,234.0,229.1,229.2,157307
2024-11-14,233.7,234.6,228.0,228.8,274053
2024-11-17,229.2,234.0,228.0,229.0,248566
2024-11-19,233.0,233.0,225.1,227.0,280015
2024-11-20,228.5,228.5,223.3,224.0,178974
2024-11-21,224.0,226.9,220.0,220.8,272994
2024-11-24,225.2,225.2,218.0,218.0,165546
2024-11-25,222.3,222.5,218.0,220.0,175979
2024-11-26,224.4,231.0,221.8,230.5,324080
2024-11-27,230.5,235.0,229.0,231.0,312401
2024-11-28,235.0,235.0,226.1,226.9,171958
2024-12-01,231.4,231.4,222.0,222.6,206417
2024-12-02,227.0,227.0,220.0,222.0,259133
2024-12-03,226.4,226.4,219.5,222.7,306992
2024-12-04,227.1,231.0,219.0,223.4,241490
2024-12-05,227.8,227.8,220.0,221.0,154089
2024-12-08,221.0,221.0,215.5,217.0,331112
2024-12-09,219.9,221.3,215.0,217.0,181436
2024-12-10,221.3,221.3,215.0,215.2,165563
2024-12-11,218.5,224.0,215.4,224.0,274900
2024-12-12,228.4,228.4,218.0,219.9,230808
2024-12-16,219.9,219.9,215.0,215.6,170151
2024-12-17,217.0,218.4,213.0,215.0,137237
2024-12-18,215.1,218.0,213.0,213.7,121161
2024-12-19,212.3,216.0,211.0,211.2,123891
2024-12-22,207.0,214.9,207.0,209.1,140012
2024-12-23,211.5,211.9,208.2,211.9,124211
2024-12-24,214.0,215.6,210.0,215.6,158037
2024-12-26,215.6,225.0,211.7,221.0,674638
2024-12-29,224.0,225.4,218.7,219.3,496350
2024-12-31,223.6,223.6,212.1,214.9,235656
2025-01-01,217.0,217.0,212.0,213.7,148827
2025-01-02,217.9,217.9,212.0,212.6,102194
2025-01-05,210.0,212.0,209.6,210.0,173460
2025-01-06,214.0,217.0,209.8,215.0,204318
2025-01-07,217.0,217.5,211.0,212.0,127488
2025-01-08,215.0,215.0,210.6,212.3,251308
2025-01-09,216.5,216.5,208.1,211.5,174940
2025-01-12,211.0,213.8,209.2,209.7,73162
2025-01-13,213.8,213.8,208.0,209.0,201041
2025-01-15,209.0,210.0,207.0,207.5,158741
2025-01-16,211.6,211.6,205.0,205.9,174065
2025-01-19,205.0,207.6,202.2,205.8,189118
2025-01-20,201.7,206.0,201.0,201.4,340854
2025-01-21,200.0,201.5,196.0,196.0,260501
2025-01-22,196.0,204.9,194.0,202.0,341439
2025-01-23,198.0,205.0,198.0,198.2,173949
2025-01-26,197.2,201.9,195.1,196.4,173539
2025-01-27,197.0,197.8,193.2,195.0,148995
2025-01-28,196.0,198.0,193.1,196.3,173515
2025-02-02,198.2,203.7,198.2,203.2,304002
2025-02-03,207.0,209.9,203.5,203.8,250866
2025-02-04,207.8,207.8,201.1,202.5,216456
2025-02-05,200.3,204.0,200.3,201.8,134441
2025-02-06,201.1,203.5,199.2,200.0,135811
2025-02-09,196.0,203.8,196.0,200.0,136675
2025-02-10,196.0,203.0,196.0,199.5,138234
2025-02-11,202.4,202.4,198.1,199.1,125142
2025-02-12,200.0,202.0,197.0,199.2,123869
2025-02-13,203.0,203.0,197.5,198.0,117662
2025-02-16,198.0,201.0,198.0,200.8,176013
2025-02-17,201.0,210.5,201.0,207.2,416349
2025-02-18,207.2,212.2,207.0,207.9,467431
2025-02-20,203.8,209.9,203.8,206.3,231140
2025-02-23,206.0,210.2,200.0,206.8,519845
2025-02-24,203.0,214.0,203.0,210.0,360413
2025-02-25,212.0,213.5,208.5,209.4,274303
2025-02-27,213.5,224.4,213.5,219.0,931755
2025-03-02,221.0,223.2,217.0,222.8,495246
2025-03-03,227.2,227.2,218.0,219.5,533229
2025-03-04,215.2,222.0,215.2,216.0,400938
2025-03-05,218.3,219.0,214.0,215.1,306634
2025-03-06,216.0,217.0,214.1,215.1,178603
2025-03-09,219.4,219.4,211.0,211.4,250604
2025-03-10,210.0,215.0,210.0,211.0,195478
2025-03-11,213.2,214.0,206.0,207.2,205460
2025-03-12,203.1,213.0,203.1,210.0,168522
2025-03-16,214.1,214.1,206.2,207.0,175967
2025-03-17,208.0,210.0,206.0,207.8,268263
2025-03-18,211.9,211.9,206.0,207.0,80775
2025-03-19,207.0,208.6,205.3,206.0,137595
2025-03-20,205.3,206.4,204.1,205.03,163630
2025-03-23,206.0,206.0,200.0,200.99,273583
2025-03-24,200.0,204.8,199.1,203.97,129357
2025-03-25,208.0,208.0,199.9,200.01,148905
2025-03-26,200.0,204.1,200.0,203.1,173395
2025-03-27,207.1,207.1,203.0,204.72,156686
2025-03-30,206.0,211.1,203.1,207.41,226978
2025-04-01,208.0,208.0,205.0,206.1,149603
2025-04-02,206.1,226.0,204.1,211.67,424024
2025-04-03,212.0,218.8,210.0,213.24,686230
2025-04-07,213.9,216.0,209.0,209.8,208847
2025-04-08,207.0,210.0,205.0,209.24,416723
2025-04-09,213.4,213.4,207.6,209.01,117504
2025-04-10,210.0,211.8,207.8,208.39,382250
2025-04-13,212.5,212.5,205.0,206.03,244161
2025-04-15,210.0,210.0,205.9,208.22,191495
2025-04-16,212.0,212.0,207.5,208.36,215275
2025-04-17,209.9,213.0,208.0,211.03,218232
2025-04-20,211.0,211.0,204.0,205.96,239347
2025-04-21,210.0,210.0,203.8,204.25,297115
2025-04-22,204.0,205.0,202.0,202.1,227022
2025-04-23,202.1,202.9,198.5,198.86,547995
2025-04-24,202.8,210.9,197.0,203.81,328146
2025-04-27,203.9,205.0,199.8,200.12,481197
2025-04-28,204.1,204.1,198.0,198.44,226346
2025-04-29,202.4,202.4,197.0,197.76,156396
2025-04-30,201.7,201.7,195.0,197.98,282874
2025-05-04,200.0,200.0,195.0,195.39,280301
2025-05-05,196.9,198.0,195.0,196.01,118646
2025-05-06,196.4,198.0,195.0,195.5,113982
2025-05-07,195.6,210.0,192.1,204.22,471302
2025-05-08,205.5,205.5,200.5,201.93,171681
2025-05-11,203.0,205.0,198.6,198.81,186134
2025-05-13,201.7,201.7,197.0,197.26,130955
2025-05-14,196.4,198.2,195.4,195.96,118123
2025-05-15,195.5,197.9,194.7,195.96,170436
2025-05-18,198.8,198.8,195.0,196.06,285532
2025-05-19,196.0,198.8,196.0,197.55,110963
2025-05-20,199.3,203.9,195.2,203.08,343769
2025-05-21,207.1,218.0,202.0,204.64,470621
2025-05-22,206.0,218.0,203.0,217.04,1996210
2025-05-25,221.3,221.3,212.7,216.86,828069
2025-05-26,221.0,225.0,213.4,216.21,1002514
2025-05-27,215.0,219.0,212.1,215.57,428901
2025-05-28,214.1,224.0,213.0,222.07,985045
2025-06-02,226.5,231.0,219.7,221.5,800057
2025-06-03,225.9,225.9,212.3,213.56,513600
2025-06-04,213.5,214.9,210.0,213.57,380707
2025-06-05,214.0,223.1,210.0,212.93,553708
2025-06-08,210.0,217.0,208.0,209.52,496424
2025-06-09,209.0,211.0,207.5,208.22,205988
2025-06-10,209.0,214.2,207.4,211.71,311581
2025-06-11,213.0,213.0,204.9,205.54,790228
2025-06-12,201.5,209.0,201.5,206.2,628944
2025-06-15,203.0,207.0,203.0,204.17,395249
2025-06-16,202.0,208.0,202.0,206.21,258987
2025-06-17,207.0,208.3,204.0,204.73,209207
2025-06-18,205.0,206.0,204.0,204.53,177913
2025-06-19,207.0,207.0,202.1,203.66,218001
2025-06-22,203.3,205.0,200.0,201.89,258603
2025-06-23,202.0,203.9,199.0,201.77,232134
2025-06-24,203.8,205.7,201.6,201.99,127679
2025-06-25,203.9,203.9,201.0,201.64,155468
2025-06-26,203.0,204.5,200.0,200.4,148171
2025-06-29,200.1,207.3,200.0,206.26,254031
2025-06-30,210.3,210.3,204.8,208.29,252146
2025-07-01,209.0,211.0,206.0,209.88,181826
2025-07-02,208.0,213.1,208.0,212.67,326145
2025-07-03,212.0,213.0,209.3,210.65,198287
2025-07-06,208.0,212.5,208.0,209.98,319123
2025-07-07,214.1,214.1,208.6,208.84,319414
2025-07-08,209.9,209.9,206.2,207.78,103472
2025-07-09,206.2,213.0,206.0,212.31,238016
2025-07-10,215.0,221.3,212.6,218.63,833972
2025-07-13,223.0,230.0,219.5,220.34,980734
2025-07-14,221.0,221.5,213.6,214.39,713970
2025-07-15,215.9,221.0,214.0,220.19,581356
2025-07-16,223.0,224.0,219.0,219.77,620350
2025-07-17,224.0,226.0,220.1,221.77,684458
2025-07-20,225.0,225.0,216.8,217.19,1127481
2025-07-21,218.0,221.0,215.2,219.33,530961
2025-07-22,223.7,230.5,218.0,226.75,1358885
2025-07-23,230.0,233.5,223.0,228.69,1025484
2025-07-24,230.0,231.0,224.0,226.01,542864
2025-07-27,227.0,230.0,221.5,222.25,697754
2025-07-28,226.0,226.0,219.0,223.42,687491
2025-07-29,227.8,232.5,223.4,226.87,1521165
2025-07-30,226.9,231.0,223.0,223.24,656795
2025-07-31,222.1,225.0,220.0,220.44,598713
2025-08-03,221.0,221.0,217.0,217.35,482644
2025-08-04,221.6,222.0,216.0,220.45,355001
2025-08-05,224.8,224.8,215.0,215.89,286139
2025-08-06,220.0,220.0,213.0,215.01,198297
2025-08-07,219.3,223.6,214.2,216.09,963631
2025-08-11,218.0,219.9,210.1,211.39,352633
2025-08-12,215.6,215.6,208.0,208.3,317703
2025-08-13,208.4,210.5,205.3,205.94,238996
2025-08-14,208.0,208.0,204.0,204.94,297938
2025-08-17,203.1,207.0,200.9,201.43,365423
2025-08-18,202.0,204.5,201.0,201.65,388329
2025-08-19,203.0,205.0,201.0,203.37,349147
2025-08-20,204.0,204.0,201.0,202.14,277004
2025-08-21,203.0,203.0,201.0,201.85,131855
2025-08-24,202.9,203.9,200.0,200.69,223664
2025-08-25,202.0,202.4,200.0,201.39,155440
2025-08-26,205.0,205.0,200.5,201.07,137337
2025-08-27,205.0,205.0,201.0,203.93,232096
2025-08-28,204.0,205.4,200.0,200.22,388024
2025-08-31,200.0,202.0,196.0,196.83,423341
2025-09-01,200.7,203.5,196.7,201.52,901547
2025-09-02,202.0,203.8,196.7,197.79,338195
2025-09-03,199.0,201.4,197.0,197.58,175097
2025-09-04,197.0,199.5,196.0,197.67,173662
2025-09-07,198.9,198.9,196.6,197.13,149669
2025-09-08,197.3,198.0,194.0,194.38,245866
2025-09-18,190.5,190.5,179.0,179.0,136694
2025-09-21,175.5,192.6,175.5,189.75,914036
2025-09-23,192.0,193.9,189.5,193.5,329851
2025-09-24,197.3,197.3,186.2,187.6,388127
2025-09-25,190.0,191.0,189.0,190.3,218413
2025-09-28,192.0,193.0,190.0,192.0,159082
2025-10-07,192.1,194.0,188.1,188.6,399041
2025-10-08,189.9,190.0,185.0,187.3,292841
2025-10-09,191.0,198.6,186.5,189.0,360402
2025-10-12,189.1,189.1,183.0,185.0,263293
2025-10-13,188.7,188.7,180.2,186.5,117641
2025-10-14,187.9,187.9,184.1,185.0,95242
2025-10-15,181.3,186.0,181.3,181.6,107631
2025-10-16,183.0,183.0,180.2,181.4,109025
2025-10-19,183.0,185.0,180.2,184.0,84453
2025-10-26,184.0,184.6,180.5,183.1,67859
2025-10-28,184.0,187.9,182.0,187.2,99115
2025-10-29,187.0,189.0,185.0,185.8,107229
2025-10-30,186.9,188.7,184.0,187.0,103557
2025-11-02,190.7,190.7,185.0,189.0,141890
2025-11-03,187.3,190.2,187.2,187.9,113644
2025-11-04,186.3,189.0,185.5,185.9,91705
2025-11-05,185.9,188.2,185.2,187.0,87323
2025-11-06,189.0,189.0,185.0,185.4,95855
2025-11-09,185.0,185.0,182.5,183.4,78332
2025-11-10,185.0,185.0,181.5,181.5,69802
2025-11-11,183.0,184.0,180.0,183.1,106031
2025-11-12,184.0,184.0,180.4,181.9,89467
2025-11-13,178.3,182.5,178.3,180.1,148888
2025-11-16,180.0,181.5,178.0,178.5,81940
2025-11-17,178.0,187.0,178.0,179.0,124259
2025-11-18,179.9,182.0,179.0,179.5,86784
2025-11-19,179.2,180.8,177.5,177.5,87117
2025-11-20,176.5,178.9,176.0,176.5,82544
2025-11-23,178.0,181.0,177.1,180.7,137485
2025-11-24,181.0,186.5,181.0,185.5,180214
2025-11-25,185.5,186.0,182.1,183.0,111113
2025-11-26,183.0,193.0,182.0,185.9,161850
2025-11-27,188.0,191.0,184.0,190.0,264626
2025-11-30,191.0,192.0,185.5,185.9,193793
2025-12-01,185.0,186.9,183.0,184.5,108321
2025-12-02,182.2,185.0,182.2,183.0,104348
2025-12-03,185.0,185.0,180.0,180.0,203507
2025-12-07,180.0,181.5,179.0,180.2,66743
2025-12-08,178.6,181.7,178.3,179.0,71849
2025-12-09,179.0,180.9,178.5,179.0,136155
2025-12-10,181.0,181.0,178.0,179.5,91697
2025-12-11,179.0,179.9,177.7,179.0,130691
2025-12-14,179.9,180.9,178.0,178.8,165162
2025-12-15,178.8,182.9,178.3,181.4,192234
2025-12-16,182.1,183.3,180.5,183.0,103122
2025-12-17,184.0,184.0,181.0,182.6,65880
2025-12-18,186.2,186.2,179.5,180.5,80055
2025-12-21,181.0,181.0,178.0,178.4,88069
2025-12-22,178.5,179.6,177.6,178.2,70572
2025-12-23,179.0,179.0,176.6,178.0,75900
2025-12-24,177.0,180.5,176.6,178.4,129376
2025-12-28,180.0,183.0,179.3,183.0,119485
2025-12-29,186.6,186.6,180.0,180.0,98969
2025-12-31,180.0,183.4,180.0,180.2,132673
2026-01-01,181.0,181.0,179.0,179.4,70313
2026-01-04,180.8,181.0,177.8,178.9,132583
2026-01-05,182.4,182.4,178.0,179.0,70693
2026-01-06,180.0,182.5,179.1,179.4,141904
2026-01-07,179.2,181.0,178.6,179.1,105328
2026-01-08,180.1,180.1,178.2,179.0,79005
2026-01-12,180.0,180.9,178.5,179.3,112093
2026-01-13,180.0,182.2,179.0,179.1,99770
2026-01-14,180.0,180.0,178.0,179.0,123698
2026-01-18,180.0,185.5,179.2,184.5,356981
2026-01-20,186.0,190.0,184.0,186.6,235250
2026-01-21,189.0,189.0,184.0,185.9,150261
2026-01-22,188.0,188.0,181.5,184.8,139385
2026-01-25,186.0,196.0,186.0,195.0,515634
2026-01-26,196.0,198.1,190.0,194.4,383435
2026-01-27,192.6,195.4,186.5,188.1,226088
2026-01-28,188.9,189.0,185.0,188.0,202968
2026-01-29,190.0,193.8,187.0,189.0,517347
2026-02-01,190.0,192.5,188.0,189.0,223981
2026-02-02,186.0,190.6,186.0,186.7,142438
2026-02-03,188.0,189.0,184.2,185.0,184817
2026-02-04,182.0,187.6,182.0,184.1,125642
2026-02-05,184.1,187.0,182.7,185.2,168355
2026-02-08,188.0,190.5,185.1,185.5,227052
2026-02-09,184.0,186.8,183.2,184.2,302783
2026-02-10,187.0,187.0,182.5,183.8,150129
2026-02-11,187.0,189.0,184.1,185.0,162046
2026-02-12,186.0,188.5,184.0,188.0,201565
2026-02-16,184.3,188.0,184.3,185.9,88926
2026-02-17,182.2,186.9,182.2,183.0,156416
2026-02-22,179.4,184.5,179.4,182.0,182914
2026-02-23,178.4,183.0,178.4,182.3,149398
2026-02-24,180.2,184.4,180.2,183.5,78453
2026-02-25,182.6,184.9,182.5,184.0,292282
2026-02-26,184.0,187.2,183.6,187.0,192053
2026-03-01,187.0,192.0,184.0,192.0,459668
2026-03-03,193.0,204.9,190.1,199.8,796857
2026-03-09,203.7,219.7,203.7,216.1,25478
2026-03-10,220.4,220.4,206.0,213.8,1974270
2026-03-11,216.0,218.0,207.3,211.0,1190389
2026-03-12,209.0,224.0,208.1,223.0,2044894
2026-03-15,227.4,231.0,220.5,222.9,1408284
2026-03-16,227.3,227.3,214.5,215.9,1038884
2026-03-17,216.2,221.9,213.1,220.9,1091641
2026-03-19,225.3,239.0,221.5,232.0,2381631
2026-03-22,236.6,245.8,235.0,243.2,3546853
2026-03-23,247.0,247.0,238.0,246.4,2768109
2026-03-24,246.4,256.0,241.5,246.7,1423916
2026-03-25,245.0,248.0,240.1,241.8,1676626
2026-03-26,242.0,244.0,238.0,240.0,1376978
2026-03-29,242.0,243.0,231.5,232.5,1478228
2026-03-30,232.6,238.0,228.5,228.7,1292810
2026-03-31,229.0,233.2,226.2,232.0,1560061
2026-04-01,232.0,232.8,220.1,221.0,1882209
2026-04-02,217.0,226.2,213.0,222.0,1079921
2026-04-05,220.0,220.0,207.9,209.1,1549535
2026-04-06,209.0,224.0,207.0,222.0,1096074
2026-04-07,225.0,227.0,219.0,222.0,662425
2026-04-08,226.4,228.0,220.5,226.0,708749
2026-04-09,226.8,234.5,224.0,233.0,1018644
2026-04-10,235.1,235.1,227.7,230.8,681252
2026-04-13,232.9,232.9,227.0,229.0,516887
2026-04-15,229.7,240.0,229.7,233.0,1164921
2026-04-16,236.0,236.0,228.5,230.9,592273
2026-04-17,229.0,231.0,224.5,228.9,436683
2026-04-20,218.0,233.0,218.0,224.1,280991
2026-04-21,230.0,230.0,220.0,221.5,269293
2026-04-22,221.5,227.9,215.1,224.0,671206
2026-04-23,224.0,227.0,218.0,222.2,386873
2026-04-24,222.0,225.0,216.0,223.0,261219
2026-04-27,225.1,225.1,219.0,224.0,249646
2026-04-28,228.0,229.8,217.3,221.0,998725
2026-04-29,223.0,223.0,215.0,217.9,478659
2026-04-30,218.0,219.8,213.0,217.3,368727
2026-05-04,215.0,219.9,212.5,214.0,443235
2026-05-05,216.9,216.9,211.0,216.0,209533
2026-05-06,216.0,219.0,215.0,216.5,160215
2026-05-07,216.0,217.7,215.0,217.0,131113
2026-05-08,217.0,221.3,215.2,221.0,201544
2026-05-11,222.0,225.0,220.0,222.4,211997
2026-05-12,225.0,225.0,217.0,218.0,267612
2026-05-13,218.0,219.5,214.5,219.5,126896
2026-05-14,217.2,219.9,217.0,218.0,118882
2026-05-15,216.9,221.0,216.1,218.0,186124
2026-05-18,220.0,220.0,215.8,217.0,161044
2026-05-19,217.0,218.0,216.0,216.9,107774
2026-05-20,218.6,219.9,215.5,219.6,245432
2026-05-21,220.0,220.7,214.9,216.7,516129
2026-05-22,218.0,219.0,215.5,218.7,119765
2026-05-25,220.0,224.0,219.0,222.0,292389
2026-05-26,223.0,223.9,219.1,220.4,151759
2026-05-27,223.0,229.0,219.0,221.3,261078
2026-06-01,222.0,222.0,215.0,218.0,298425
2026-06-02,219.3,219.3,215.4,217.1,152155
2026-06-03,217.2,219.0,216.0,216.5,147832
2026-06-04,218.7,218.7,215.7,216.9,147983
2026-06-05,217.5,217.5,214.0,215.4,215732
2026-06-08,215.0,215.9,212.1,213.4,255043
2026-06-09,213.0,215.0,210.1,213.5,253507
2026-06-10,213.6,214.2,211.5,213.1,143604
2026-06-11,214.0,214.1,211.6,212.5,99551
2026-06-12,215.3,215.3,210.6,212.2,86576
2026-06-15,212.2,215.9,212.0,213.0,128612
2026-06-16,213.0,214.0,212.0,212.0,100950
2026-06-17,211.4,214.0,209.7,209.8,341350
2026-06-18,210.2,212.0,209.0,210.4,117096
2026-06-19,210.4,213.0,210.0,212.0,115955
2026-06-22,212.0,212.9,210.0,211.3,92720
2026-06-23,212.0,212.0,209.2,209.2,189015
2026-06-24,209.0,212.0,205.0,211.0,222033
2026-06-25,214.9,214.9,207.8,208.0,212068
2026-06-26,210.5,210.9,207.1,208.0,67682
2026-06-29,210.0,210.0,205.0,207.0,173277
2026-06-30,208.0,208.0,204.0,204.2,161059
2026-07-01,205.9,213.0,205.0,210.1,140421
2026-07-02,212.0,215.5,207.0,215.3,220816
2026-07-03,217.3,218.0,211.0,214.9,193594
2026-07-06,213.0,218.0,209.0,209.1,110715
2026-07-07,213.8,215.0,208.5,214.8,154693
2026-07-08,215.0,215.0,210.3,211.8,85303
2026-07-09,212.0,213.0,207.9,209.0,107075
2026-07-10,210.0,212.0,209.2,210.4,81682
2026-07-13,211.3,212.0,207.0,208.0,138333
2026-07-14,209.8,210.2,205.0,208.7,151445
2026-07-15,209.7,213.0,209.7,212.0,121821
2026-07-16,212.0,213.6,208.0,210.0,128012
2026-07-17,210.0,220.5,210.0,220.0,368801
2026-07-20,215.2,224.0,215.2,220.0,273423
2026-07-21,223.9,224.0,216.5,220.9,294583
2026-07-22,218.5,221.6,216.6,219.0,208940
2026-07-23,218.3,223.9,216.5,223.0,368248
2026-07-24,224.0,231.7,223.7,228.2,1129916
2026-07-27,228.2,235.0,221.2,223.2,752797
2026-07-28,223.2,227.4,220.1,223.0,413903
2026-07-29,227.1,227.1,220.2,221.0,259969
2026-07-30,220.0,224.7,220.0,222.0,230853
2026-07-31,223.9,225.4,219.0,225.0,282557
2026-08-03,226.0,228.0,223.0,224.8,437791
2026-08-04,226.7,226.7,220.0,221.8,248870
2026-08-05,223.0,223.0,217.0,219.0,326366
2026-08-06,223.1,223.1,215.0,216.0,289577
2026-08-07,218.0,218.0,214.6,215.0,187087
2026-08-10,218.9,218.9,214.0,215.0,166580
2026-08-11,215.0,217.0,214.0,216.0,181279
2026-08-12,220.0,222.0,216.1,219.0,394307
2026-08-13,221.0,221.8,217.0,218.0,170849
2026-08-14,219.5,219.5,216.0,216.8,155077
2026-08-17,219.0,219.0,215.2,215.6,181521
2026-08-18,216.0,216.7,210.0,212.1,240507
2026-08-19,213.0,215.0,211.2,214.1,149187
2026-08-20,215.0,216.0,212.1,215.5,127383
2026-08-21,215.0,217.0,214.3,215.4,112416
2026-08-24,216.0,217.0,212.0,213.9,123980
2026-08-25,215.0,216.0,213.3,214.0,143906
2026-08-26,214.0,215.0,212.0,212.5,189203
2026-08-27,212.0,214.0,207.1,212.0,230009
2026-08-31,212.0,212.0,209.7,211.0,178540
2026-09-01,214.0,214.0,208.2,211.0,127006
2026-09-02,207.1,213.4,207.1,212.8,120607
2026-09-03,212.8,213.7,210.0,213.0,153621
2026-09-07,214.0,215.2,212.1,215.0,157430
2026-09-09,215.0,217.5,213.0,213.2,109831
2026-09-10,214.8,214.8,211.3,212.2,129317
2026-09-11,212.0,215.2,212.0,215.0,177697
2026-09-14,215.0,218.5,213.1,216.9,169944
2026-09-15,221.0,227.1,218.6,221.6,428456
2026-09-16,220.0,220.0,216.1,218.0,398524
2026-09-17,219.9,221.0,217.5,218.0,243348
2026-09-18,220.0,227.5,217.0,227.0,1426442
2026-09-22,227.9,231.5,227.0,228.0,797064
2026-09-23,228.0,230.4,224.0,225.0,547381
2026-09-24,225.0,227.0,222.2,226.0,369479
2026-09-28,228.0,228.0,222.0,224.9,327279
