timestamp,open,high,low,close,volume
2014-02-05,98.22,98.22,92.77,98.22,40
2014-02-06,98.22,103.68,100.04,103.68,30
2014-02-10,103.68,103.68,103.68,103.68,10
2014-02-11,103.68,107.58,105.5,107.58,43
2014-02-12,107.58,118.23,109.66,118.23,80
2014-02-13,118.23,122.91,120.57,122.91,43
2014-02-16,122.91,135.12,125.25,135.12,276
2014-02-17,135.12,148.64,137.72,148.64,70
2014-02-18,148.64,163.45,151.49,163.45,90
2014-02-20,163.45,179.56,171.5,179.56,65
2014-02-23,179.56,197.49,182.94,197.49,854
2014-02-24,197.49,217.24,201.39,217.24,2829
2014-02-25,217.24,238.81,200.09,238.55,10245
2014-02-26,238.55,239.07,222.17,222.43,3820
2014-03-03,222.43,218.28,202.69,211.26,3330
2014-03-04,211.26,207.88,202.69,207.1,5326
2014-03-05,207.1,209.44,203.99,206.58,1518
2014-03-06,206.58,207.88,201.39,201.39,616
2014-03-09,201.39,202.69,196.45,202.69,1834
2014-03-10,202.69,201.39,189.69,198.79,2660
2014-03-11,198.79,197.49,192.29,194.89,1294
2014-03-12,194.89,193.59,188.39,191.77,1136
2014-03-13,191.77,194.89,189.69,194.89,1177
2014-03-17,194.89,193.59,182.16,183.2,1250
2014-03-18,183.2,184.24,176.96,176.96,2024
2014-03-19,176.96,179.3,173.32,176.96,1156
2014-03-20,176.96,179.3,174.1,179.3,800
2014-03-23,179.3,180.6,171.5,176.7,896
2014-03-24,176.7,174.88,169.94,173.06,392
2014-03-25,173.06,178.26,171.5,175.4,1075
2014-03-26,175.4,179.04,168.9,176.44,1839
2014-03-27,176.44,180.08,174.62,180.08,2719
2014-03-31,180.08,184.5,178.26,184.5,857
2014-04-01,184.5,187.09,184.5,184.5,756
2014-04-02,184.5,187.09,181.9,182.16,230
2014-04-03,182.16,182.16,176.7,176.7,492
2014-04-06,176.7,178.0,176.7,176.96,249
2014-04-07,176.96,184.5,177.74,181.9,2708
2014-04-09,181.9,183.2,178.52,183.2,834
2014-04-10,183.2,185.8,179.3,182.94,478
2014-04-13,182.94,183.2,181.9,182.16,274
2014-04-15,182.16,188.65,181.9,185.02,1348
2014-04-16,185.02,187.87,184.5,185.8,240
2014-04-17,185.8,185.8,184.24,184.5,731
2014-04-20,184.5,184.5,183.98,184.5,263
2014-04-21,184.5,184.5,178.0,178.0,1684
2014-04-22,178.0,181.38,171.24,181.38,308
2014-04-23,181.38,181.9,174.88,175.4,2295
2014-04-27,175.4,178.78,175.4,176.96,422
2014-04-28,176.96,188.39,178.0,182.42,517
2014-04-29,182.42,181.64,178.78,181.64,30
2014-04-30,181.64,178.26,176.44,178.0,783
2014-05-04,178.0,192.29,176.7,190.47,4493
2014-05-05,190.47,208.92,190.21,197.49,2079
2014-05-06,197.49,197.49,189.95,191.25,640
2014-05-07,191.25,190.21,187.61,189.95,452
2014-05-08,189.95,189.69,182.16,182.16,2847
2014-05-11,182.16,184.5,181.12,181.64,130
2014-05-12,181.64,187.09,180.6,187.09,957
2014-05-13,187.09,200.09,184.5,200.09,2680
2014-05-15,200.09,202.69,200.09,200.09,670
2014-05-18,200.09,196.19,183.72,183.98,493
2014-05-19,183.98,187.61,183.72,185.02,1023
2014-05-20,185.02,187.61,181.9,184.76,1484
2014-05-21,184.76,185.8,181.9,184.76,3508
2014-05-22,184.76,187.09,184.5,184.76,1060
2014-05-25,184.76,187.09,183.2,186.57,550
2014-05-26,186.57,196.19,187.61,189.69,1458
2014-05-27,189.69,189.43,184.76,186.57,1292
2014-05-28,186.57,188.39,185.28,187.09,200
2014-06-01,187.09,187.09,184.5,187.09,577
2014-06-02,187.09,185.8,184.5,184.5,190
2014-06-03,184.5,189.69,178.0,189.69,1235
2014-06-04,189.69,186.06,178.26,180.6,1458
2014-06-05,180.6,180.6,174.1,178.26,459
2014-06-08,178.26,176.7,176.7,176.7,10
2014-06-09,176.7,180.6,174.36,180.6,835
2014-06-10,180.6,183.98,179.3,180.34,1272
2014-06-11,180.34,181.9,179.3,181.9,962
2014-06-12,181.9,182.16,178.52,179.56,620
2014-06-15,179.56,182.68,179.3,182.68,174
2014-06-16,182.68,184.5,180.86,180.86,101
2014-06-17,180.86,183.98,180.86,183.98,100
2014-06-18,183.98,180.6,176.96,176.96,83
2014-06-19,176.96,176.96,175.4,176.18,267
2014-06-23,176.18,174.1,174.1,174.1,164
2014-06-24,174.1,191.25,171.24,191.25,309
2014-06-30,191.25,187.61,176.7,181.9,1932
2014-07-01,181.9,193.07,181.9,187.35,2062
2014-07-02,187.35,192.29,189.69,189.69,1655
2014-07-03,189.69,193.33,187.09,189.69,967
2014-07-06,189.69,193.59,188.39,193.59,976
2014-07-07,193.59,193.59,187.35,188.39,509
2014-07-08,188.39,187.09,181.9,184.5,718
2014-07-09,184.5,184.5,180.6,180.6,148
2014-07-10,180.6,189.17,180.86,189.17,853
2014-07-13,189.17,196.45,189.17,193.33,603
2014-07-14,193.33,189.69,182.42,185.02,1010
2014-07-15,185.02,189.69,181.9,187.09,3585
2014-07-16,187.09,194.37,187.09,192.29,476
2014-07-17,192.29,193.59,192.03,193.59,1016
2014-07-20,193.59,212.82,194.89,212.82,8950
2014-07-21,212.82,233.87,216.98,233.87,7496
2014-07-22,233.87,252.84,226.33,233.87,5325
2014-07-23,233.87,233.87,225.55,226.07,735
2014-07-24,226.07,228.67,223.47,223.47,884
2014-07-27,223.47,219.58,218.28,219.58,172
2014-07-28,219.58,215.42,211.26,211.26,30
2014-07-30,211.26,207.88,205.28,205.8,2786
2014-07-31,205.8,207.88,205.28,207.88,1098
2014-08-03,207.88,205.28,201.39,202.69,300
2014-08-04,202.69,202.69,200.35,202.69,443
2014-08-05,202.69,207.88,200.09,200.09,317
2014-08-06,200.09,207.88,200.09,205.28,1406
2014-08-07,205.28,208.66,201.65,208.66,308
2014-08-12,208.66,204.5,204.5,204.5,60
2014-08-13,204.5,207.88,200.61,207.88,788
2014-08-14,207.88,206.58,201.39,201.39,352
2014-08-18,201.39,201.13,194.89,200.09,333
2014-08-19,200.09,197.49,195.15,195.15,815
2014-08-20,195.15,192.29,185.8,185.8,462
2014-08-21,185.8,187.09,181.9,183.72,981
2014-08-24,183.72,182.42,178.78,182.16,132
2014-08-25,182.16,181.9,171.76,171.76,120
2014-08-26,171.76,176.7,174.1,176.7,70
2014-08-27,176.7,182.42,179.3,179.3,923
2014-08-28,179.3,185.54,175.92,185.54,1571
2014-09-01,185.54,181.9,181.9,181.9,100
2014-09-03,181.9,181.9,179.3,179.3,594
2014-09-04,179.3,175.92,173.06,174.1,286
2014-09-07,174.1,170.72,164.23,164.23,284
2014-09-09,164.23,166.31,163.71,166.31,384
2014-09-10,166.31,177.48,168.13,177.48,579
2014-09-11,177.48,176.7,174.1,174.1,615
2014-09-14,174.1,170.72,170.72,170.72,50
2014-09-16,170.72,170.2,167.35,170.2,627
2014-09-17,170.2,172.28,168.9,172.28,985
2014-09-22,167.35,165.01,162.15,163.71,162
2014-09-23,163.71,166.83,162.41,163.71,318
2014-09-24,163.71,163.97,161.11,161.11,668
2014-09-28,161.11,161.63,161.11,161.63,30
2014-09-29,161.63,164.75,164.75,164.75,10
2014-09-30,164.75,166.57,166.31,166.31,126
2014-10-09,166.31,166.31,161.11,163.71,281
2014-10-12,163.71,161.11,161.11,161.11,30
2014-10-13,161.11,161.37,157.99,157.99,200
2014-10-14,157.99,166.83,157.99,166.83,293
2014-10-15,166.83,166.31,165.27,165.27,80
2014-10-16,165.27,171.24,165.01,171.24,180
2014-10-19,171.24,174.62,171.5,174.62,420
2014-10-20,174.62,176.7,174.36,176.7,610
2014-10-21,176.7,179.3,179.3,179.3,10
2014-10-22,179.3,176.96,174.1,174.1,523
2014-10-26,174.1,172.8,172.8,172.8,10
2014-10-27,172.8,177.48,172.28,176.18,315
2014-10-28,176.18,176.7,173.32,174.36,381
2014-10-30,174.36,175.4,174.1,175.4,50
2014-11-03,175.4,172.8,169.94,169.94,321
2014-11-04,169.94,168.9,168.65,168.65,110
2014-11-05,168.65,181.9,171.76,176.7,70
2014-11-06,176.7,173.32,169.94,169.94,20
2014-11-09,169.94,169.94,166.57,166.57,103
2014-11-10,166.57,169.68,162.41,162.41,287
2014-11-11,162.41,163.71,159.81,163.71,600
2014-11-12,163.71,161.11,157.47,161.11,490
2014-11-13,161.11,158.51,158.51,158.51,220
2014-11-16,158.51,161.63,158.51,161.11,260
2014-11-17,161.11,161.11,155.91,158.51,432
2014-11-18,158.51,155.91,150.72,151.49,283
2014-11-19,151.49,157.21,151.49,157.21,455
2014-11-20,157.21,157.21,154.09,154.09,50
2014-11-23,154.09,160.07,155.91,159.81,1014
2014-11-24,159.81,163.71,162.41,163.71,70
2014-11-25,163.71,162.41,159.29,162.41,382
2014-11-30,162.41,165.01,159.29,159.29,350
2014-12-01,159.29,156.43,153.57,155.39,221
2014-12-02,155.39,157.21,157.21,157.21,10
2014-12-03,157.21,157.21,155.91,155.91,165
2014-12-04,155.91,153.31,153.31,153.31,40
2014-12-07,153.31,154.61,151.75,154.61,370
2014-12-08,154.61,154.61,150.72,150.72,30
2014-12-09,150.72,150.72,148.38,149.16,306
2014-12-10,149.16,149.42,146.56,146.82,1086
2014-12-11,146.82,152.53,146.82,152.53,270
2014-12-14,152.53,158.51,152.01,158.51,202
2014-12-15,158.51,158.51,155.39,157.47,1751
2014-12-16,157.47,158.51,152.01,155.91,3423
2014-12-17,155.91,157.73,152.01,157.73,1329
2014-12-18,157.73,161.11,154.87,161.11,2267
2014-12-21,161.11,157.99,154.87,156.17,3012
2014-12-22,156.17,157.21,154.87,156.69,1850
2014-12-23,156.69,155.91,155.65,155.91,496
2014-12-24,155.91,157.21,155.91,155.91,230
2014-12-28,155.91,161.63,155.91,161.63,851
2014-12-29,161.63,168.65,162.41,166.31,1134
2014-12-31,166.31,182.94,159.81,182.94,6394
2015-01-01,182.94,201.13,184.5,201.13,8047
2015-01-04,201.13,215.16,192.29,215.16,8506
2015-01-05,215.16,233.09,213.86,231.27,11454
2015-01-06,231.27,242.96,229.45,242.7,7553
2015-01-07,242.7,242.44,228.93,239.07,4530
2015-01-08,239.07,246.08,234.91,241.66,5637
2015-01-11,241.66,246.34,227.89,237.77,1243
2015-01-12,237.77,237.77,230.23,235.69,2715
2015-01-13,235.69,234.13,228.15,233.87,2034
2015-01-14,233.87,238.03,224.77,233.87,4319
2015-01-18,233.87,236.73,233.87,236.47,1424
2015-01-19,236.47,236.47,234.39,236.47,1433
2015-01-20,236.47,240.36,223.47,237.77,1983
2015-01-22,237.77,236.99,232.57,233.87,1994
2015-01-25,233.87,236.47,231.27,236.47,1975
2015-01-26,236.47,237.77,233.87,234.39,1685
2015-01-27,234.39,236.47,234.13,235.43,1313
2015-01-28,235.43,240.36,235.17,240.36,1958
2015-01-29,240.36,241.66,237.77,241.66,1583
2015-02-01,241.66,246.34,240.36,240.36,586
2015-02-02,240.36,258.29,244.26,258.29,2832
2015-02-03,258.29,263.23,254.66,259.33,2356
2015-02-04,259.33,275.19,259.85,266.35,3642
2015-02-05,266.35,271.55,259.85,261.15,1436
2015-02-08,261.15,259.85,254.66,259.85,507
2015-02-09,259.85,261.15,256.22,261.15,2612
2015-02-10,261.15,261.15,257.26,257.77,2505
2015-02-11,257.77,263.75,254.66,261.67,2741
2015-02-12,261.67,261.93,259.85,259.85,2026
2015-02-15,259.85,270.25,261.41,270.25,1167
2015-02-16,270.25,278.56,273.89,274.41,3511
2015-02-19,274.41,279.34,262.45,262.45,3203
2015-02-22,262.45,280.64,266.35,276.74,3285
2015-02-23,276.74,272.85,266.61,271.55,5029
2015-02-24,271.55,270.25,267.65,269.73,2690
2015-02-25,270.25,278.3,271.55,274.15,586
2015-03-01,274.41,272.85,270.77,271.03,632
2015-03-02,271.03,290.26,271.03,290.26,1477
2015-03-03,290.26,285.84,268.43,282.2,1971
2015-03-04,282.2,303.25,276.74,298.57,4154
2015-03-09,298.57,316.24,304.29,307.93,2913
2015-03-10,307.93,306.63,298.05,300.91,2670
2015-03-11,300.91,299.09,294.93,295.19,2865
2015-03-12,295.19,298.83,292.34,292.86,1485
2015-03-15,292.86,292.34,287.4,288.44,145
2015-03-16,288.44,287.14,274.15,279.34,1763
2015-03-17,279.34,301.69,284.8,285.84,1451
2015-03-18,285.84,288.44,282.72,287.14,665
2015-03-19,287.14,291.56,285.84,287.4,710
2015-03-22,287.4,287.4,280.12,280.12,935
2015-03-23,280.12,274.67,274.67,274.67,495
2015-03-24,274.67,280.9,273.11,280.9,404
2015-03-25,280.9,279.34,275.44,278.04,1995
2015-03-26,278.04,283.24,280.64,283.24,170
2015-03-29,283.24,278.04,272.59,278.04,544
2015-03-30,278.04,283.5,272.59,274.15,1149
2015-04-01,274.15,274.15,274.15,274.15,10
2015-04-05,274.15,272.85,269.21,269.21,88
2015-04-06,269.21,274.15,264.01,274.15,450
2015-04-07,274.15,271.55,267.65,269.21,1858
2015-04-08,269.21,271.55,268.95,271.55,1445
2015-04-09,271.55,278.04,271.55,275.44,628
2015-04-12,275.44,278.04,273.89,274.15,715
2015-04-13,274.15,271.55,268.95,271.55,1374
2015-04-15,271.55,266.35,266.35,266.35,543
2015-04-16,266.35,271.55,266.35,266.35,150
2015-04-19,266.35,270.25,267.65,267.65,220
2015-04-20,267.65,268.95,263.75,268.95,170
2015-04-21,268.95,272.85,268.95,271.55,302
2015-04-23,271.55,267.65,264.01,265.57,616
2015-05-24,265.57,265.57,265.57,265.57,10
2015-06-01,265.57,260.37,255.18,257.26,509
2015-06-02,257.26,252.32,238.03,246.86,471
2015-06-03,246.86,258.55,249.46,255.96,566
2015-06-04,255.96,267.65,255.44,258.81,1447
2015-06-07,258.81,267.65,259.85,263.75,1032
2015-06-08,265.05,275.44,266.35,273.37,1336
2015-06-09,273.37,279.6,274.15,276.74,1325
2015-06-10,276.74,271.55,271.29,271.29,650
2015-06-11,271.29,275.19,271.29,275.19,777
2015-06-14,275.19,272.85,265.05,267.65,257
2015-06-15,267.65,270.25,267.65,267.65,481
2015-06-16,267.65,267.65,259.85,262.71,112
2015-06-17,262.71,259.85,257.52,257.52,310
2015-06-18,257.52,257.26,255.96,255.96,250
2015-06-21,255.96,259.85,254.66,259.85,192
2015-06-22,259.85,259.85,257.77,257.77,132
2015-06-23,259.59,262.45,257.77,258.55,267
2015-06-24,259.85,263.49,258.55,259.85,425
2015-06-25,258.55,262.45,258.55,262.45,1331
2015-06-28,263.75,264.01,262.45,262.71,830
2015-06-29,259.85,267.65,259.85,267.65,434
2015-06-30,272.85,278.04,268.95,269.73,1099
2015-07-01,274.93,274.93,271.55,271.55,182
2015-07-02,267.65,270.25,262.97,270.25,364
2015-07-05,267.65,268.17,267.65,268.17,73
2015-07-06,273.37,278.82,269.99,269.99,957
2015-07-07,266.35,274.15,266.35,272.85,312
2015-07-08,278.04,278.04,270.51,272.85,494
2015-07-09,272.85,285.84,272.85,283.24,2272
2015-07-12,291.56,305.33,291.56,300.13,4497
2015-07-13,301.43,307.41,301.43,301.43,1788
2015-07-14,298.83,301.69,296.23,301.69,1166
2015-07-15,306.89,306.89,298.83,306.89,3193
2015-07-16,306.89,311.82,303.77,311.3,3193
2015-07-22,314.42,337.81,314.42,337.81,12598
2015-07-23,337.81,345.35,320.92,322.22,1219
2015-07-26,322.22,348.2,328.46,348.2,851
2015-07-27,348.2,341.45,334.69,334.69,182
2015-07-29,334.69,328.2,309.23,311.56,744
2015-07-30,311.82,320.92,312.34,317.02,3556
2015-08-02,317.02,317.02,315.72,315.72,2191
2015-08-03,315.72,314.42,303.51,309.75,2729
2015-08-04,309.75,310.53,304.03,310.53,807
2015-08-05,310.53,315.72,306.63,311.82,1382
2015-08-06,311.82,325.86,309.23,325.86,4194
2015-08-20,332.35,358.34,332.35,358.34,50
2015-08-23,378.35,393.94,363.8,389.78,1670
2015-08-24,397.58,428.76,397.58,423.56,210
2015-08-26,415.77,415.77,415.77,415.77,20
2015-08-27,407.45,407.45,399.4,399.4,20
2015-09-01,399.4,394.98,392.38,394.98,400
2015-09-02,387.18,387.18,387.18,387.18,100
2015-09-03,379.65,379.65,358.6,358.6,310
2015-09-06,352.1,352.1,351.58,351.58,138
2015-09-07,345.61,351.58,338.07,351.58,390
2015-09-08,358.6,365.61,358.6,363.54,522
2015-09-09,370.55,385.88,370.55,383.28,1162
2015-09-10,389.78,402.77,389.78,390.3,1307
2015-09-14,383.28,383.28,375.75,376.79,250
2015-09-15,384.32,390.04,384.32,390.04,193
2015-09-16,394.98,397.58,392.38,397.58,300
2015-09-23,389.78,389.78,377.05,378.09,732
2015-09-24,378.09,384.58,377.05,384.58,462
2015-09-29,389.78,389.78,389.78,389.78,100
2015-09-30,381.98,381.98,381.98,381.98,100
2015-10-04,387.18,387.18,387.18,387.18,100
2015-10-06,387.18,389.78,383.28,383.28,300
2015-10-07,375.75,375.75,368.47,368.47,124
2015-10-08,361.2,390.82,361.2,390.82,687
2015-10-14,398.36,398.36,390.56,390.56,20
2015-10-28,382.76,382.76,382.76,382.76,10
2015-10-29,375.23,375.23,354.18,361.2,150
2015-11-01,357.3,357.3,350.8,350.8,60
2015-11-02,344.31,344.31,344.31,344.31,50
2015-11-03,338.07,338.07,324.82,326.38,692
2015-11-04,318.32,333.91,315.72,332.61,1252
2015-11-05,327.42,331.83,318.58,331.83,731
2015-11-08,332.61,333.91,332.61,333.91,183
2015-11-09,340.41,352.1,340.41,352.1,3190
2015-11-10,346.9,359.12,343.01,357.3,4601
2015-11-15,350.28,350.28,335.21,343.27,911
2015-11-16,336.51,343.01,336.51,343.01,200
2015-11-18,337.81,344.31,337.81,343.01,842
2015-11-19,336.25,345.61,336.25,345.61,586
2015-11-22,338.85,338.85,332.09,333.91,570
2015-11-23,331.31,331.31,324.82,331.05,499
2015-11-24,328.71,332.61,328.71,332.61,300
2015-11-25,332.61,332.61,331.31,332.61,120
2015-11-26,325.08,325.08,324.82,324.82,80
2015-11-29,318.32,318.32,306.63,311.56,1105
2015-11-30,317.54,317.54,311.3,311.82,1480
2015-12-01,311.82,329.23,317.02,329.23,202
2015-12-02,322.74,327.42,320.92,322.22,610
2015-12-03,327.16,339.63,327.16,336.51,459
2015-12-04,343.01,363.8,343.01,363.8,1284
2015-12-07,364.31,364.31,348.2,348.46,3235
2015-12-08,346.9,374.97,346.9,374.71,1627
2015-12-09,382.24,411.35,376.79,402.77,6119
2015-12-10,410.83,413.43,377.31,389.78,4192
2015-12-13,381.98,402.51,381.98,392.64,3381
2015-12-14,389.78,389.78,379.39,379.39,3321
2015-12-15,375.49,375.49,345.61,353.4,8192
2015-12-16,346.39,376.79,318.58,356.0,9304
2015-12-17,357.3,371.07,354.7,363.8,4756
2015-12-20,363.8,363.8,356.0,358.6,2210
2015-12-21,358.6,363.8,356.0,359.9,2031
2015-12-22,356.0,371.07,351.06,371.07,3450
2015-12-23,371.07,368.73,364.06,364.06,1608
2015-12-24,364.06,379.39,363.8,379.39,4657
2015-12-25,386.92,397.58,386.92,389.78,2931
2015-12-28,389.78,393.68,387.44,393.68,6748
2015-12-29,393.68,402.77,392.38,397.58,5778
2015-12-31,398.88,413.17,398.88,406.67,4025
2016-01-03,412.91,419.4,410.83,419.4,6080
2016-01-04,419.4,427.46,411.09,415.77,2594
2016-01-05,413.95,419.66,410.83,410.83,1815
2016-01-06,405.37,405.37,402.77,402.77,118
2016-01-07,407.97,409.27,394.98,394.98,1232
2016-01-10,394.98,387.18,378.09,379.65,1645
2016-01-11,372.11,389.78,372.11,387.18,631
2016-01-12,387.18,394.98,387.18,391.08,1436
2016-01-13,391.08,398.62,394.98,394.98,703
2016-01-17,394.98,402.77,389.78,402.77,503
2016-01-18,402.77,405.37,394.98,405.37,112
2016-01-20,401.47,401.47,401.47,401.47,105
2016-01-21,401.47,397.84,394.98,395.24,812
2016-01-24,395.24,428.76,402.77,426.16,2729
2016-01-28,422.26,422.26,403.29,420.96,9302
2016-01-31,429.28,429.28,423.56,428.76,3607
2016-02-01,428.76,450.85,433.96,435.25,2188
2016-02-02,436.55,452.67,433.96,433.96,834
2016-02-03,433.96,456.04,433.96,449.55,2538
2016-02-04,452.15,452.15,427.46,428.76,2790
2016-02-07,428.76,437.33,428.76,428.76,487
2016-02-08,428.76,420.18,412.13,412.13,60
2016-02-11,412.13,415.51,399.91,415.51,678
2016-02-14,407.97,423.3,407.45,418.36,2615
2016-02-15,415.77,418.1,407.97,417.07,1800
2016-02-16,418.1,417.84,415.77,417.84,796
2016-02-17,417.84,417.58,409.53,415.77,650
2016-02-18,415.77,407.97,392.12,397.58,3207
2016-02-21,392.38,405.37,392.38,401.47,1523
2016-02-22,397.84,409.27,397.84,405.37,1003
2016-02-24,412.65,412.65,401.47,401.47,131
2016-02-25,398.1,419.66,398.1,411.87,1447
2016-02-28,411.87,410.57,402.77,402.77,190
2016-02-29,402.77,427.98,410.57,412.91,1608
2016-03-01,406.67,418.62,406.67,418.36,1410
2016-03-02,418.36,422.26,413.17,422.26,942
2016-03-03,426.16,441.75,420.18,436.55,2704
2016-03-06,445.65,456.82,444.35,454.74,9207
2016-03-10,463.84,476.83,458.64,476.83,5506
2016-03-13,467.48,467.48,458.38,466.44,662
2016-03-14,457.34,457.34,441.75,441.75,1606
2016-03-15,436.55,446.95,436.55,446.95,1700
2016-03-16,438.11,441.75,438.11,441.75,92
2016-03-17,441.75,458.64,441.75,457.34,642
2016-03-20,467.74,467.74,454.74,454.74,360
2016-03-21,458.64,463.84,454.74,457.34,2023
2016-03-23,457.34,459.16,452.15,458.64,2280
2016-03-24,458.64,458.64,457.34,457.34,264
2016-03-27,457.34,449.55,448.25,449.55,229
2016-03-28,449.55,458.64,449.55,458.64,1460
2016-03-29,449.55,457.34,443.05,455.78,2663
2016-03-30,457.34,454.74,450.07,450.07,350
2016-03-31,450.07,454.48,441.75,445.65,770
2016-04-03,445.65,444.35,439.15,439.15,110
2016-04-04,439.15,450.59,438.89,444.35,84
2016-04-05,448.25,448.25,439.41,439.41,210
2016-04-06,439.41,430.84,430.84,430.84,40
2016-04-10,430.84,422.26,422.26,422.26,10
2016-04-11,422.26,428.76,420.96,423.56,142
2016-04-12,423.56,435.0,423.56,435.0,510
2016-04-14,435.0,439.15,436.55,439.15,232
2016-04-18,439.15,444.61,439.15,439.15,1363
2016-04-21,439.15,430.58,422.52,423.04,102
2016-04-24,423.04,431.36,423.04,431.36,198
2016-04-25,431.36,462.02,426.16,462.02,471
2016-04-26,462.02,476.83,459.94,459.94,2273
2016-04-27,459.94,483.33,467.74,467.74,1442
2016-04-28,467.74,495.02,477.09,490.86,1215
2016-05-02,490.86,501.52,491.12,491.12,514
2016-05-03,491.12,491.12,483.33,483.33,135
2016-05-04,483.33,482.81,465.14,477.09,1751
2016-05-05,477.09,467.74,467.74,467.74,190
2016-05-08,467.74,467.74,459.94,459.94,462
2016-05-09,461.24,477.09,461.24,466.44,3333
2016-05-10,475.53,483.07,467.74,467.74,1070
2016-05-11,467.74,475.53,467.74,467.74,400
2016-05-12,472.93,478.13,472.93,478.13,202
2016-05-15,480.73,480.73,471.11,471.11,275
2016-05-16,471.11,477.09,467.74,476.57,620
2016-05-17,480.73,493.72,480.73,488.27,5644
2016-05-18,488.53,485.93,480.73,480.73,800
2016-05-19,480.73,493.72,478.13,478.13,190
2016-05-22,478.13,487.49,480.73,483.33,2045
2016-05-23,483.33,491.12,479.69,480.73,2509
2016-05-24,480.73,512.69,490.08,512.69,3007
2016-05-25,512.69,511.39,493.46,510.09,2156
2016-05-26,510.09,509.31,490.6,497.62,1163
2016-05-29,497.62,496.32,485.93,496.32,780
2016-05-30,496.32,496.32,489.04,489.04,373
2016-05-31,489.04,494.24,484.63,494.24,40
2016-06-01,494.24,509.31,494.24,494.24,880
2016-06-02,494.24,506.2,488.53,506.2,1683
2016-06-05,506.2,496.32,496.32,496.32,20
2016-06-06,496.32,516.07,489.04,516.07,1645
2016-06-07,519.71,526.2,498.92,499.18,2075
2016-06-08,499.18,504.12,491.38,491.38,3590
2016-06-09,493.72,512.69,493.72,509.31,4662
2016-06-12,509.31,517.11,497.1,506.71,1420
2016-06-13,506.71,543.35,506.71,543.35,4126
2016-06-14,554.01,564.92,532.7,541.8,6051
2016-06-15,540.5,540.5,519.71,534.0,680
2016-06-16,534.0,532.7,519.71,519.71,2930
2016-06-19,519.71,527.5,519.71,519.71,967
2016-06-20,519.71,527.5,517.11,526.2,644
2016-06-21,526.2,532.96,527.5,532.96,2282
2016-06-22,530.1,539.2,522.31,534.78,1367
2016-06-23,534.78,556.09,535.82,552.19,1040
2016-06-26,552.19,594.55,563.1,594.55,1062
2016-06-27,594.55,653.79,606.24,623.65,3810
2016-06-28,623.65,624.95,571.94,583.37,1009
2016-06-29,583.37,618.19,585.71,597.66,708
2016-06-30,597.66,649.37,597.66,649.37,4206
2016-07-03,649.37,690.43,649.11,665.23,3534
2016-07-04,665.23,688.61,644.44,644.44,2347
2016-07-05,637.94,637.94,600.26,600.26,900
2016-07-06,588.31,621.05,584.67,601.56,1619
2016-07-10,601.56,610.66,597.66,597.66,1757
2016-07-11,597.66,597.4,585.71,597.4,354
2016-07-12,597.4,585.97,571.68,571.68,950
2016-07-13,571.68,560.24,549.07,559.98,205
2016-07-14,569.08,584.67,561.28,584.67,5554
2016-07-19,576.88,576.88,576.88,576.88,40
2016-07-21,576.88,565.44,519.19,519.19,740
2016-07-25,519.19,509.05,491.12,497.62,2080
2016-07-26,497.62,547.25,501.52,547.25,1490
2016-07-27,547.25,552.19,545.69,552.19,238
2016-07-28,552.19,562.58,558.69,558.69,354
2016-08-01,558.69,547.51,536.6,536.6,75
2016-08-02,536.6,535.3,511.91,519.71,1015
2016-08-03,519.71,519.71,519.71,519.71,40
2016-08-04,519.71,530.1,509.31,509.83,665
2016-08-07,509.83,528.8,519.97,528.8,150
2016-08-09,539.2,539.2,539.2,539.2,100
2016-08-10,539.46,539.46,539.46,539.46,100
2016-08-21,528.8,528.8,528.8,528.8,100
2016-08-22,518.41,518.41,518.41,518.41,10
2016-08-23,508.27,508.27,466.7,467.74,790
2016-08-24,458.64,467.74,445.65,467.74,816
2016-08-28,472.93,472.93,458.38,458.38,730
2016-08-29,462.54,474.23,462.28,474.23,160
2016-08-30,483.59,490.34,474.23,490.34,220
2016-08-31,480.73,480.73,474.23,474.23,160
2016-09-01,483.59,493.72,483.59,493.72,633
2016-09-04,488.53,488.53,479.43,479.43,100
2016-09-05,470.34,480.73,467.74,468.52,2190
2016-09-06,477.87,496.84,477.87,480.73,672
2016-09-07,490.34,490.34,488.53,488.53,37
2016-09-08,482.03,493.72,478.91,484.63,1679
2016-09-11,494.24,513.99,494.24,504.12,330
2016-09-12,496.32,515.81,496.32,512.43,2150
2016-09-14,502.82,504.12,493.72,503.6,330
2016-09-18,494.24,494.24,484.37,484.89,110
2016-09-20,480.73,504.38,480.73,494.5,861
2016-09-21,493.72,504.38,493.72,504.12,700
2016-09-22,504.12,514.51,504.12,514.51,199
2016-09-25,504.12,514.51,504.12,514.51,199
2016-09-26,504.38,504.38,504.38,504.38,10
2016-09-27,504.38,504.38,504.12,504.12,20
2016-09-28,494.24,496.32,480.73,480.73,90
2016-09-29,471.63,480.73,471.63,472.93,310
2016-10-02,462.28,462.54,453.18,453.44,420
2016-10-03,445.65,445.65,443.05,443.05,591
2016-10-04,444.35,444.35,444.35,444.35,20
2016-10-05,453.18,488.78,453.18,488.78,340
2016-10-06,498.4,514.51,498.4,514.51,1114
2016-10-16,506.71,506.71,506.71,506.71,28
2016-10-20,496.58,496.58,479.43,484.63,357
2016-10-24,484.63,484.63,484.63,484.63,10
2016-10-25,475.01,475.01,475.01,475.01,100
2016-10-26,475.01,477.09,465.66,467.74,521
2016-10-27,475.53,477.09,467.74,467.74,284
2016-11-03,470.34,470.34,465.14,465.14,40
2016-11-07,474.23,500.22,474.23,491.64,492
2016-11-08,501.26,501.26,472.93,474.23,2610
2016-11-10,465.14,484.89,457.34,484.89,1372
2016-11-13,484.89,494.5,484.63,484.63,70
2016-11-14,480.73,480.73,480.73,480.73,30
2016-11-15,490.34,490.34,472.93,472.93,250
2016-11-16,467.74,467.74,467.74,467.74,70
2016-11-22,463.84,463.84,463.84,463.84,74
2016-11-23,454.74,454.74,454.74,454.74,10
2016-11-24,445.65,445.65,411.61,411.61,196
2016-11-28,403.55,403.55,387.7,387.7,63
2016-11-29,380.17,394.72,363.54,394.72,1441
2016-11-30,402.51,402.51,379.65,379.65,220
2016-12-01,379.91,402.51,364.06,402.51,2118
2016-12-04,394.72,394.72,371.85,371.85,1410
2016-12-05,376.79,384.32,372.11,372.11,1439
2016-12-06,379.39,379.39,366.39,373.67,1180
2016-12-07,380.95,380.95,370.29,377.57,1824
2016-12-08,371.59,371.59,371.59,371.59,93
2016-12-11,378.87,378.87,367.69,368.99,632
2016-12-12,363.8,373.93,356.52,366.39,3364
2016-12-14,370.29,370.29,356.26,363.8,1163
2016-12-15,371.07,371.07,371.07,371.07,20
2016-12-18,371.59,386.4,371.59,380.69,490
2016-12-19,379.39,389.78,379.39,384.58,1050
2016-12-20,377.05,389.78,377.05,388.74,243
2016-12-21,381.98,389.52,374.71,374.71,674
2016-12-22,381.98,388.48,374.71,388.48,450
2016-12-26,396.02,396.28,376.53,376.53,515
2016-12-27,369.25,383.8,365.09,383.8,224
2016-12-28,383.8,383.8,383.8,383.8,100
2016-12-29,383.8,383.8,375.75,383.02,597
2017-01-02,389.26,396.8,387.18,391.08,170
2017-01-03,389.78,389.78,374.45,374.45,370
2017-01-04,375.49,375.49,375.49,375.49,51
2017-01-05,368.21,368.99,368.21,368.99,145
2017-01-08,376.27,383.54,376.27,383.54,20
2017-01-09,381.98,381.98,376.79,376.79,97
2017-01-10,376.79,376.79,376.79,376.79,20
2017-01-11,371.85,371.85,371.59,371.85,300
2017-01-12,364.31,371.59,363.8,368.99,1116
2017-01-15,376.27,376.27,376.27,376.27,10
2017-01-16,368.99,376.27,368.99,376.27,116
2017-01-17,381.98,413.69,381.21,413.69,1103
2017-01-18,421.74,454.22,421.74,437.85,3208
2017-01-19,432.66,451.89,432.66,443.05,1035
2017-01-22,436.55,436.55,430.06,430.06,406
2017-01-23,421.48,424.08,415.77,423.56,333
2017-01-24,423.56,424.86,408.23,415.77,690
2017-01-25,420.96,420.96,389.78,389.78,850
2017-01-26,382.24,397.58,372.11,374.71,1154
2017-01-30,368.21,368.21,339.11,339.11,4787
2017-01-31,345.87,372.89,345.87,367.69,1973
2017-02-01,374.97,404.33,374.71,397.58,860
2017-02-02,405.37,415.77,397.58,415.77,1676
2017-02-05,408.23,408.23,387.18,387.44,882
2017-02-07,384.58,384.58,363.8,375.23,812
2017-02-08,382.5,382.5,376.79,380.69,1120
2017-02-09,373.15,373.15,358.6,358.6,1121
2017-02-12,356.0,374.45,352.88,357.3,1741
2017-02-13,349.5,370.03,342.75,363.8,1126
2017-02-14,356.78,400.17,356.52,400.17,2303
2017-02-15,405.37,405.37,394.98,402.77,490
2017-02-16,397.06,418.36,397.06,417.58,1295
2017-02-19,412.65,463.06,404.07,463.06,3910
2017-02-20,467.74,496.06,463.84,472.93,11881
2017-02-21,482.29,491.9,445.65,465.4,5924
2017-02-22,459.94,467.48,442.27,442.27,1503
2017-02-23,434.22,442.53,433.96,441.75,649
2017-02-26,432.92,441.49,426.16,433.96,539
2017-02-28,441.49,441.49,424.34,428.76,1100
2017-03-01,428.76,437.33,428.76,437.33,756
2017-03-02,445.91,445.91,437.33,443.05,550
2017-03-05,451.89,460.72,441.75,441.75,270
2017-03-06,441.75,445.13,436.55,445.13,180
2017-03-07,443.05,443.05,437.85,437.85,190
2017-03-09,437.85,446.43,437.85,446.43,135
2017-03-13,439.15,446.43,437.85,439.15,653
2017-03-14,439.15,439.15,439.15,439.15,100
2017-03-15,441.75,446.95,439.15,445.65,560
2017-03-16,454.74,455.78,445.65,445.65,610
2017-03-19,445.65,472.41,454.48,472.41,662
2017-03-20,481.77,490.86,463.06,465.4,1899
2017-03-21,465.4,511.91,457.6,511.91,1536
2017-03-22,511.91,519.71,485.93,485.93,3260
2017-03-23,495.54,495.54,480.73,483.33,673
2017-03-26,488.53,522.57,488.53,493.72,4704
2017-03-28,493.72,543.09,503.6,543.09,2576
2017-03-29,543.09,553.75,519.71,519.71,3083
2017-03-30,519.71,545.95,504.38,545.43,2734
2017-04-02,556.09,599.74,556.09,598.7,2757
2017-04-03,610.66,610.66,571.68,571.68,1376
2017-04-04,560.24,591.17,549.07,584.67,2534
2017-04-06,584.67,582.07,547.51,547.51,4502
2017-04-09,558.43,602.08,558.43,584.67,11141
2017-04-10,588.57,643.14,588.57,643.14,8388
2017-04-11,655.87,701.61,646.0,701.61,6994
2017-04-12,714.6,730.19,675.62,675.62,3331
2017-04-13,675.62,701.61,666.52,685.49,3856
2017-04-16,686.01,696.41,662.37,675.36,15342
2017-04-18,675.29,728.89,649.57,685.59,2632
2017-04-19,685.59,750.76,686.01,750.76,3315
2017-04-20,765.76,781.2,746.04,746.04,3698
2017-04-23,760.62,776.05,750.33,761.05,1465
2017-04-24,750.33,767.48,750.33,750.33,1076
2017-04-25,765.33,767.48,738.32,738.32,1047
2017-04-26,752.9,778.2,750.33,772.19,2891
2017-04-27,756.76,771.34,746.47,757.19,1990
2017-04-30,750.33,750.33,741.75,742.18,700
2017-05-02,750.33,771.77,741.75,771.77,2265
2017-05-03,787.2,787.2,758.9,767.48,2442
2017-05-04,782.48,782.48,757.19,757.19,550
2017-05-07,742.18,742.18,716.03,728.89,330
2017-05-08,728.89,743.47,716.46,716.46,1298
2017-05-09,716.46,752.47,728.89,746.04,1972
2017-05-11,760.62,767.48,760.19,767.48,332
2017-05-15,771.77,771.77,767.48,771.77,585
2017-05-16,756.76,756.76,756.33,756.33,100
2017-05-17,763.19,763.19,754.62,754.62,350
2017-05-18,754.62,758.9,748.18,758.9,295
2017-05-22,758.9,758.9,746.04,750.76,200
2017-05-23,750.33,750.33,747.33,747.33,280
2017-05-24,747.33,750.33,741.75,750.33,486
2017-05-28,746.04,747.33,746.04,747.33,100
2017-05-30,741.75,741.75,728.89,728.89,120
2017-05-31,728.89,738.75,724.6,738.75,160
2017-06-01,729.32,739.61,728.89,739.61,527
2017-06-04,728.89,728.89,728.89,728.89,170
2017-06-05,733.18,733.18,728.89,728.89,500
2017-06-06,728.89,768.76,728.89,765.33,1585
2017-06-07,750.33,763.19,750.33,750.33,725
2017-06-08,761.05,761.05,741.75,741.75,450
2017-06-11,728.89,728.89,714.74,720.31,151
2017-06-12,700.59,716.03,700.59,716.03,285
2017-06-13,722.46,743.9,722.46,733.18,210
2017-06-14,741.75,741.75,729.32,729.32,140
2017-06-15,743.9,746.04,729.75,733.18,1235
2017-06-18,731.46,735.32,728.89,733.18,900
2017-06-19,728.89,728.89,728.89,728.89,40
2017-06-20,728.89,728.89,716.46,716.46,570
2017-06-21,707.45,724.6,707.45,724.6,1110
2017-06-22,711.74,725.89,711.74,720.31,610
2017-06-25,728.89,731.46,722.89,728.89,1635
2017-06-27,728.89,728.89,728.89,728.89,360
2017-06-28,722.46,728.89,722.46,728.89,187
2017-07-02,724.6,738.75,724.6,737.46,200
2017-07-03,728.89,739.18,725.03,725.03,350
2017-07-04,728.89,731.03,718.17,731.03,690
2017-07-05,731.03,739.61,731.03,739.61,736
2017-07-06,733.18,743.9,733.18,743.9,1119
2017-07-09,743.9,746.04,728.89,737.46,650
2017-07-10,733.61,733.61,719.03,719.03,110
2017-07-11,722.46,735.32,722.46,735.32,200
2017-07-12,741.75,746.04,741.75,746.04,400
2017-07-13,731.89,746.47,731.89,746.04,238
2017-07-16,743.9,745.61,741.75,745.61,180
2017-07-17,758.9,771.77,748.18,748.18,616
2017-07-18,754.62,773.91,748.18,765.33,2262
2017-07-19,767.48,773.48,761.48,773.48,747
2017-07-20,779.91,782.48,776.05,782.48,290
2017-07-23,786.77,806.07,780.34,806.07,1585
2017-07-24,814.64,814.64,794.06,805.64,1470
2017-07-25,808.21,816.79,806.07,814.64,3623
2017-07-26,814.64,827.93,814.64,826.65,594
2017-07-27,833.94,910.68,833.94,910.68,8427
2017-07-30,893.96,929.12,875.53,929.12,3613
2017-07-31,947.56,981.86,943.27,977.57,3914
2017-08-01,986.14,1039.74,984.0,1033.31,5857
2017-08-02,1041.88,1080.04,1011.87,1016.16,2692
2017-08-03,1016.16,1033.31,978.0,987.43,4537
2017-08-06,973.28,985.72,956.13,984.0,1722
2017-08-07,1003.3,1003.3,984.0,998.15,180
2017-08-09,986.14,986.57,967.28,981.86,1250
2017-08-10,986.14,988.29,977.57,977.57,1264
2017-08-13,958.28,960.42,953.99,960.42,662
2017-08-15,943.27,943.27,924.83,924.83,2530
2017-08-16,942.84,979.28,917.54,972.42,3701
2017-08-17,975.43,985.72,960.42,985.72,2481
2017-08-20,986.14,990.43,978.0,978.43,1437
2017-08-21,963.42,964.71,963.42,964.71,430
2017-08-22,975.43,996.86,975.43,975.43,535
2017-08-23,956.13,956.13,907.68,912.83,6236
2017-08-24,912.83,935.12,894.82,935.12,1283
2017-08-27,935.12,956.13,936.84,951.84,1502
2017-08-28,970.71,970.71,943.27,947.56,2488
2017-08-30,938.98,947.56,934.69,947.56,645
2017-08-31,947.56,930.41,913.26,926.12,365
2017-09-04,907.68,921.83,875.1,900.82,2283
2017-09-06,918.4,936.41,909.4,928.26,3848
2017-09-07,922.26,922.26,902.54,903.39,370
2017-09-10,908.97,908.97,842.94,874.67,2844
2017-09-11,857.52,874.67,857.52,868.24,390
2017-09-12,851.09,851.09,832.22,832.22,680
2017-09-13,816.79,833.08,816.79,818.93,894
2017-09-14,825.36,889.67,825.36,878.96,1677
2017-09-17,896.11,896.11,847.23,849.37,2638
2017-09-18,848.94,848.94,834.36,842.51,760
2017-09-20,857.09,857.09,832.22,840.37,917
2017-09-24,840.8,840.8,838.22,840.37,797
2017-09-25,840.37,850.66,833.51,843.8,600
2017-09-26,850.66,857.52,845.08,855.37,949
2017-10-03,858.37,858.8,858.37,858.8,150
2017-10-04,859.66,859.66,844.65,859.23,165
2017-10-08,846.8,846.8,846.8,846.8,10
2017-10-09,830.08,833.08,816.79,831.79,547
2017-10-10,816.79,818.93,812.5,812.5,1445
2017-10-11,812.5,812.5,801.78,805.64,431
2017-10-12,800.06,800.49,800.06,800.49,342
2017-10-15,812.5,816.36,801.78,814.64,560
2017-10-16,810.35,848.94,810.35,848.94,270
2017-10-17,851.09,861.8,844.65,860.52,410
2017-10-18,844.65,869.52,844.65,865.66,644
2017-10-22,878.96,878.96,859.66,859.66,153
2017-10-23,859.66,847.23,842.94,842.94,871
2017-10-24,842.94,826.65,825.36,825.36,127
2017-10-25,825.36,825.36,812.5,816.79,1378
2017-10-29,810.35,814.64,803.06,803.49,183
2017-10-30,806.07,818.93,806.07,810.35,939
2017-10-31,810.35,817.64,801.78,806.5,413
2017-11-01,814.64,814.64,800.06,801.35,370
2017-11-02,802.21,802.21,797.49,797.49,65
2017-11-05,801.78,801.78,733.18,762.33,3820
2017-11-06,762.33,758.9,737.46,754.62,1641
2017-11-07,750.33,765.33,714.31,714.74,1038
2017-11-08,714.31,714.31,686.01,703.16,1316
2017-11-09,687.3,713.88,671.01,713.88,4302
2017-11-12,713.88,699.73,665.43,686.01,2394
2017-11-13,686.01,686.44,673.15,674.87,1431
2017-11-14,687.73,710.88,677.44,690.3,2432
2017-11-15,696.73,696.73,673.58,686.01,1644
2017-11-16,673.15,673.15,660.29,668.86,1401
2017-11-19,668.86,677.44,677.44,677.44,40
2017-11-20,664.15,664.15,643.57,656.43,531
2017-11-21,653.86,660.29,653.86,660.29,236
2017-11-22,664.58,664.58,664.58,664.58,19
2017-11-23,664.58,686.44,664.58,686.44,501
2017-11-26,686.44,704.02,677.44,694.59,3239
2017-11-27,707.88,758.05,707.45,758.05,3744
2017-11-28,773.05,830.93,773.05,793.2,3971
2017-11-29,797.49,801.78,767.48,767.48,1740
2017-11-30,776.05,787.2,746.04,787.2,4541
2017-12-04,771.77,773.91,771.77,771.77,399
2017-12-05,758.05,787.2,758.05,786.77,1214
2017-12-06,802.64,802.64,778.2,784.63,2368
2017-12-10,776.05,784.63,776.05,776.48,792
2017-12-11,765.33,767.48,765.33,766.62,626
2017-12-12,761.48,761.48,756.76,759.76,1441
2017-12-13,750.33,763.19,750.33,763.19,975
2017-12-14,771.77,818.5,763.19,818.07,4371
2017-12-17,848.51,856.23,759.76,763.62,6182
2017-12-18,778.2,778.2,750.33,750.33,2550
2017-12-19,746.9,746.9,746.47,746.47,32
2017-12-20,746.04,774.77,746.04,771.77,2294
2017-12-21,758.9,771.77,756.76,758.9,2112
2017-12-24,772.19,776.05,750.33,759.33,3605
2017-12-26,738.32,752.47,738.32,740.47,1913
2017-12-27,725.89,745.61,712.17,719.46,2000
2017-12-28,704.45,713.88,686.44,713.88,326
2017-12-31,699.73,699.73,699.73,699.73,10
2018-01-01,713.45,750.33,713.45,750.33,675
2018-01-02,735.32,780.34,735.32,754.62,4703
2018-01-03,761.05,782.48,746.47,779.91,11302
2018-01-04,772.19,810.35,767.91,795.35,4623
2018-01-07,795.35,797.92,768.76,768.76,3322
2018-01-08,771.77,771.77,758.9,761.48,1214
2018-01-09,761.48,775.62,761.05,761.05,477
2018-01-10,756.76,761.05,749.04,750.33,1485
2018-01-14,749.9,750.33,738.32,739.18,2294
2018-01-16,724.6,738.75,724.6,738.75,84
2018-01-17,724.6,737.46,724.6,725.46,680
2018-01-21,719.46,722.46,719.46,722.46,103
2018-01-22,728.46,728.89,723.74,724.6,5751
2018-01-23,710.88,711.74,673.58,685.59,2190
2018-01-24,673.15,673.15,663.29,671.01,940
2018-01-25,671.01,690.3,671.01,690.3,291
2018-01-28,677.01,677.87,677.01,677.44,98
2018-01-29,668.86,675.29,668.86,675.29,291
2018-01-31,679.58,679.58,668.86,673.15,470
2018-02-01,685.59,686.44,680.44,685.59,2541
2018-02-04,686.44,698.88,685.59,688.16,147
2018-02-05,686.01,686.01,681.73,685.59,393
2018-02-06,673.15,673.15,664.58,666.72,205
2018-02-07,671.01,671.01,638.85,643.14,820
2018-02-08,626.85,666.72,619.56,666.72,4470
2018-02-11,680.01,713.03,666.29,713.03,8182
2018-02-12,726.75,726.75,680.44,681.3,857
2018-02-14,680.44,693.73,680.44,693.3,1736
2018-02-15,707.02,707.45,686.01,703.16,4459
2018-02-18,703.15,727.58,691.2,691.2,3289
2018-02-20,704.71,704.71,676.13,676.13,1004
2018-02-21,680.8,690.16,680.8,680.8,637
2018-02-22,694.32,694.32,680.8,680.8,60
2018-02-25,690.68,693.8,686.0,693.8,178
2018-02-26,667.81,667.81,654.82,654.82,440
2018-02-27,667.81,694.32,667.81,680.8,257
2018-02-28,667.29,667.29,641.31,644.43,2002
2018-03-04,656.9,656.9,619.48,619.48,170
2018-03-06,590.9,615.32,579.46,615.32,1096
2018-03-07,627.28,652.22,614.8,626.76,643
2018-03-11,626.76,618.44,597.65,597.65,715
2018-03-12,597.65,621.56,609.61,621.56,526
2018-03-13,622.6,622.6,622.6,622.6,180
2018-03-15,622.6,622.6,599.21,617.4,793
2018-03-18,605.97,605.97,584.66,587.26,1020
2018-03-19,580.5,580.5,568.55,568.55,550
2018-03-20,559.2,572.19,543.08,572.19,905
2018-03-21,560.75,560.75,549.84,549.84,55
2018-03-22,545.68,545.68,519.7,543.08,1340
2018-03-26,534.77,534.77,491.11,493.71,889
2018-03-27,483.84,523.86,445.9,523.86,1510
2018-03-28,513.46,523.34,504.11,504.11,825
2018-03-29,513.98,537.89,513.98,537.89,266
2018-04-01,527.49,527.49,507.23,507.23,541
2018-04-02,517.1,517.1,507.23,507.23,61
2018-04-03,497.35,514.5,497.35,510.34,1849
2018-04-04,524.38,565.95,524.38,563.87,761
2018-04-05,574.27,600.25,554.52,599.21,2995
2018-04-08,602.85,660.02,602.85,652.22,3566
2018-04-09,665.21,665.21,616.88,618.44,3467
2018-04-10,605.45,626.76,595.05,622.6,1329
2018-04-11,626.24,634.03,613.24,623.64,682
2018-04-12,636.11,639.23,614.28,626.24,804
2018-04-15,626.24,634.55,601.81,634.55,1375
2018-04-16,647.02,673.01,641.83,673.01,1101
2018-04-17,673.01,711.99,660.02,704.19,3405
2018-04-18,718.22,742.13,701.59,713.03,2307
2018-04-19,698.99,749.92,698.47,698.47,4756
2018-04-22,698.47,768.11,711.99,762.92,3769
2018-04-23,763.96,769.15,717.7,733.81,1988
2018-04-24,725.5,740.57,711.47,735.37,2465
2018-04-25,724.98,739.01,722.38,736.93,855
2018-04-26,742.13,743.17,714.07,727.58,1261
2018-04-29,741.61,742.13,724.46,737.45,5142
2018-05-02,737.45,747.33,717.18,747.33,830
2018-05-03,747.33,763.96,732.77,760.32,6328
2018-05-06,775.39,775.39,732.77,734.33,2021
2018-05-07,719.26,735.37,718.22,722.9,2331
2018-05-08,722.38,746.81,722.38,732.77,1380
2018-05-09,732.25,744.73,729.14,744.73,1875
2018-05-10,744.73,753.56,733.81,753.56,3599
2018-05-14,738.49,747.33,734.33,735.89,1587
2018-05-16,737.97,743.17,737.97,743.17,1895
2018-05-17,744.73,750.96,743.17,743.17,629
2018-05-20,757.72,760.32,745.77,750.44,3403
2018-05-21,753.56,779.03,750.44,779.03,789
2018-05-22,794.1,818.52,758.76,805.53,3479
2018-05-23,789.42,834.12,774.87,834.12,12145
2018-05-24,834.12,831.52,793.06,810.73,14966
2018-05-27,818.01,818.01,771.75,771.75,3796
2018-05-28,771.75,805.53,778.51,800.34,2452
2018-05-29,815.93,818.52,782.15,801.37,2866
2018-05-30,786.3,808.13,779.55,790.98,2810
2018-05-31,795.14,795.14,767.59,781.11,536
2018-06-03,765.52,766.04,738.49,738.49,4860
2018-06-04,748.37,753.04,710.95,736.93,2609
2018-06-06,751.48,789.42,713.03,713.03,1055
2018-06-07,727.06,755.12,717.18,717.18,4064
2018-06-10,704.19,711.99,691.2,701.07,3082
2018-06-11,714.59,722.38,687.04,704.19,3705
2018-06-12,701.59,718.22,690.16,715.62,1686
2018-06-13,731.22,731.22,702.63,709.39,256
2018-06-14,720.3,720.3,706.79,717.18,330
2018-06-17,704.19,704.19,692.24,694.84,915
2018-06-18,679.25,707.31,678.73,707.31,993
2018-06-20,696.4,696.4,682.88,693.28,147
2018-06-21,670.93,683.4,670.93,683.4,484
2018-06-24,693.8,693.8,681.32,681.32,448
2018-06-26,667.81,667.81,660.02,660.54,366
2018-06-27,673.01,686.0,670.41,686.0,280
2018-06-28,680.8,680.8,665.21,665.21,162
2018-07-01,654.82,654.82,641.83,649.62,140
2018-07-02,676.13,676.13,676.13,676.13,33
2018-07-03,657.42,660.02,655.34,660.02,416
2018-07-04,654.82,667.81,643.39,662.62,559
2018-07-05,674.57,715.62,665.21,707.31,1908
2018-07-08,729.66,744.21,717.18,735.37,8822
2018-07-09,720.82,727.58,711.99,722.38,342
2018-07-10,735.37,735.37,696.92,696.92,2700
2018-07-11,710.43,740.57,710.43,713.55,2943
2018-07-12,727.58,734.33,675.61,701.59,2829
2018-07-15,687.56,701.07,687.04,688.08,1190
2018-07-16,698.99,703.67,686.0,703.67,1623
2018-07-17,689.64,711.47,689.64,691.2,600
2018-07-18,691.2,691.2,691.2,691.2,76
2018-07-19,704.71,717.18,703.15,703.15,130
2018-07-22,706.79,706.79,686.0,693.28,251
2018-07-23,705.75,705.75,681.84,701.59,416
2018-07-24,687.56,711.99,687.56,690.16,2895
2018-07-25,701.07,701.07,701.07,701.07,16
2018-07-30,688.6,689.12,688.6,689.12,109
2018-08-01,680.8,681.32,680.8,681.32,190
2018-08-02,676.13,676.13,676.13,676.13,33
2018-08-05,675.61,675.61,663.14,663.14,35
2018-08-06,653.26,653.26,653.26,653.26,11
2018-08-07,657.42,667.29,654.3,654.3,411
2018-08-08,649.62,649.62,649.62,649.62,66
2018-08-09,652.22,652.22,640.27,640.27,442
2018-08-12,627.8,627.8,615.84,619.48,511
2018-08-13,628.84,628.84,628.84,628.84,100
2018-08-14,628.84,649.62,628.84,649.62,770
2018-08-15,639.23,678.21,639.23,678.21,1535
2018-08-16,686.0,686.0,686.0,686.0,20
2018-08-19,672.49,672.49,659.5,670.41,40
2018-08-20,675.61,675.61,647.02,647.02,290
2018-08-21,636.63,636.63,636.63,636.63,160
2018-08-22,636.63,647.02,636.63,647.02,94
2018-08-23,639.23,644.43,634.55,644.43,610
2018-08-29,632.99,634.03,611.17,620.52,656
2018-08-30,623.12,644.43,623.12,631.43,497
2018-09-02,636.63,636.63,611.17,618.44,1143
2018-09-03,630.39,649.1,618.44,618.44,850
2018-09-04,630.39,639.23,624.16,636.63,460
2018-09-05,648.58,686.0,648.58,682.88,827
2018-09-06,695.88,695.88,668.33,679.77,277
2018-09-09,679.77,679.77,641.83,647.02,840
2018-09-10,639.23,654.3,639.23,654.3,360
2018-09-11,657.42,669.89,652.22,656.38,1362
2018-09-12,665.21,691.72,664.69,675.09,605
2018-09-13,675.61,696.4,675.61,684.44,3566
2018-09-16,697.95,697.95,691.2,697.44,160
2018-09-18,710.95,710.95,710.95,710.95,10
2018-09-20,720.3,720.3,720.3,720.3,10
2018-09-23,706.27,706.27,666.77,666.77,156
2018-09-25,679.77,680.8,654.82,654.82,2380
2018-09-26,662.62,662.62,649.62,652.74,561
2018-09-27,662.62,662.62,642.87,647.02,255
2018-09-30,639.23,639.23,639.23,639.23,75
2018-10-01,634.03,644.43,621.56,626.24,1640
2018-10-02,623.64,637.15,611.17,621.04,2873
2018-10-03,628.32,628.32,598.69,623.64,788
2018-10-04,611.17,613.24,600.25,612.72,1793
2018-10-07,610.13,610.13,584.66,591.94,3900
2018-10-08,592.46,592.46,583.1,589.86,426
2018-10-09,597.65,597.65,579.46,579.46,436
2018-10-10,574.27,574.27,561.27,561.79,2158
2018-10-11,571.67,583.1,571.67,574.27,636
2018-10-14,583.1,597.13,583.1,597.13,308
2018-10-15,587.26,590.9,585.7,585.7,555
2018-10-22,574.27,597.13,571.67,597.13,180
2018-10-23,585.7,585.7,574.27,575.31,390
2018-10-24,576.87,576.87,576.87,576.87,41
2018-10-25,566.99,585.7,565.43,585.7,580
2018-10-28,585.7,587.26,585.7,586.74,386
2018-10-29,577.38,577.38,555.04,565.95,3512
2018-10-30,576.87,576.87,558.68,569.07,401
2018-10-31,558.68,558.68,550.88,558.16,114
2018-11-01,540.49,550.88,540.49,545.68,220
2018-11-04,540.49,540.49,539.97,539.97,100
2018-11-05,532.69,541.01,530.61,541.01,334
2018-11-15,541.01,541.01,533.21,540.49,204
2018-11-19,539.45,539.45,530.09,530.09,130
2018-11-20,530.09,530.09,519.7,519.7,42
2018-11-21,519.7,519.7,509.3,510.34,50
2018-11-25,510.34,510.34,483.32,483.32,553
2018-11-26,483.32,483.32,478.64,478.64,1175
2018-11-27,478.64,506.19,478.64,506.19,146
2018-11-28,506.19,506.19,504.11,504.11,10
2018-11-29,504.11,504.11,489.04,489.04,116
2018-12-02,489.04,489.04,479.68,479.68,30
2018-12-03,479.68,480.72,465.13,467.73,1603
2018-12-04,467.73,477.08,452.14,452.14,375
2018-12-06,426.67,426.67,394.97,394.97,235
2018-12-09,394.97,394.97,386.66,386.66,1896
2018-12-10,386.66,417.32,386.66,405.36,161
2018-12-11,405.36,405.36,389.77,392.37,276
2018-12-12,392.37,392.37,383.02,384.58,413
2018-12-13,384.58,391.85,384.58,391.85,10
2018-12-16,391.85,430.83,391.85,430.83,811
2018-12-17,430.83,473.45,430.83,473.45,420
2018-12-18,473.45,483.32,436.55,449.02,3315
2018-12-19,449.02,452.14,440.18,452.14,550
2018-12-20,452.14,460.97,443.3,452.14,944
2018-12-23,452.14,497.35,452.14,497.35,2704
2018-12-24,497.35,503.59,470.85,481.76,2236
2018-12-25,481.76,481.76,463.05,478.12,397
2018-12-26,478.12,509.3,478.12,509.3,1820
2018-12-27,509.3,530.09,493.71,503.59,2875
2018-12-30,503.59,509.3,484.88,484.88,330
2018-12-31,484.88,488.52,467.73,477.08,1056
2019-01-01,477.08,524.38,471.37,524.38,3762
2019-01-02,524.38,574.27,524.38,573.75,7962
2019-01-03,573.75,584.66,524.9,533.73,3764
2019-01-08,533.73,542.57,504.11,504.11,1109
2019-01-09,504.11,519.18,501.51,516.58,588
2019-01-10,516.58,519.18,501.51,511.9,1979
2019-01-13,511.9,511.9,501.78,501.78,100
2019-01-14,501.78,511.32,501.78,511.32,92
2019-01-15,511.32,529.28,511.32,528.72,660
2019-01-16,528.72,529.28,509.08,529.28,685
2019-01-17,529.28,529.28,509.08,516.37,106
2019-01-21,516.37,516.37,486.62,505.15,240
2019-01-22,505.15,505.15,501.78,505.15,324
2019-01-23,505.15,505.15,495.04,498.41,150
2019-01-27,498.97,498.97,489.43,498.41,82
2019-01-28,498.41,505.15,481.01,481.01,610
2019-01-29,481.01,490.55,477.08,486.62,1065
2019-01-30,486.62,486.62,480.45,485.5,439
2019-01-31,485.5,488.31,483.26,483.26,282
2019-02-03,483.26,492.8,483.26,492.8,60
2019-02-04,483.26,492.8,474.28,474.28,120
2019-02-05,477.08,482.7,474.28,482.7,376
2019-02-06,482.7,482.7,474.28,474.28,273
2019-02-07,466.42,474.28,465.3,465.3,418
2019-02-10,463.05,471.47,456.32,471.47,475
2019-02-11,465.86,471.47,462.49,462.49,50
2019-02-12,459.68,463.05,458.0,458.0,143
2019-02-13,460.24,460.24,458.0,460.24,50
2019-02-14,451.26,460.24,449.58,457.44,392
2019-02-17,454.63,457.44,449.02,449.02,405
2019-02-18,440.6,449.02,434.43,434.43,388
2019-02-19,442.85,476.52,434.43,476.52,582
2019-02-20,467.54,476.52,463.05,474.28,108
2019-02-21,465.3,474.28,456.32,471.47,231
2019-02-24,470.91,471.47,462.49,462.49,753
2019-02-25,455.75,470.35,455.75,470.35,173
2019-02-26,465.86,470.35,465.86,465.86,72
2019-02-27,474.84,474.84,465.86,471.47,489
2019-03-03,463.05,471.47,463.05,463.05,160
2019-03-05,454.07,468.66,454.07,468.66,120
2019-03-06,460.24,468.66,460.24,460.24,197
2019-03-07,459.12,478.21,455.19,478.21,1128
2019-03-11,485.5,487.75,478.21,487.75,182
2019-03-12,478.77,488.31,478.77,486.62,1055
2019-03-13,486.06,486.06,467.54,476.52,179
2019-03-14,479.89,479.89,474.28,474.28,120
2019-03-17,477.08,477.08,459.12,473.72,110
2019-03-18,468.1,468.1,457.44,457.44,724
2019-03-19,458.0,465.86,453.51,453.51,1020
2019-03-21,451.83,460.24,451.83,460.24,107
2019-03-25,449.02,449.02,443.97,443.97,218
2019-03-26,443.41,451.26,443.41,451.26,64
2019-03-28,451.26,451.26,443.41,443.41,740
2019-03-31,451.83,451.83,438.36,438.92,568
2019-04-01,440.04,446.21,438.92,446.21,116
2019-04-02,449.02,453.51,444.53,451.83,936
2019-04-04,443.41,443.41,434.99,434.99,250
2019-04-07,434.99,434.99,429.37,429.37,299
2019-04-09,437.79,448.46,437.79,448.46,660
2019-04-11,454.07,458.0,449.02,457.44,278
2019-04-15,449.02,465.3,449.02,461.37,1035
2019-04-16,465.86,473.72,462.49,468.66,1125
2019-04-18,462.49,462.49,445.65,445.65,460
2019-04-21,454.07,462.49,437.79,451.83,1154
2019-04-22,443.41,443.41,427.13,436.11,2410
2019-04-23,431.06,431.06,422.64,422.64,1450
2019-04-24,415.34,426.57,409.73,409.73,3639
2019-04-25,415.34,415.34,404.68,412.54,1140
2019-04-28,420.39,449.02,420.39,432.74,1574
2019-04-29,433.86,440.04,424.88,424.88,310
2019-04-30,427.69,427.69,416.47,416.47,104
2019-05-02,408.61,408.61,404.12,404.12,460
2019-05-05,404.12,411.98,404.12,409.73,132
2019-05-06,404.12,411.98,404.12,411.98,63
2019-05-07,415.34,415.34,399.63,399.63,1548
2019-05-08,399.63,409.73,399.63,409.73,120
2019-05-09,409.73,409.73,401.31,401.31,1564
2019-05-12,399.07,408.61,398.5,398.5,461
2019-05-13,401.31,427.69,401.31,427.69,200
2019-05-14,432.74,432.74,406.36,414.22,944
2019-05-15,422.08,428.81,396.82,401.31,1369
2019-05-16,409.17,409.17,395.14,398.5,1773
2019-05-19,393.45,394.58,386.16,392.33,987
2020-02-18,411.41,431.06,411.41,431.06,1090
2020-02-19,452.39,473.72,452.39,473.72,150
2020-02-23,546.68,572.5,546.68,572.5,2295
2020-02-25,642.1,666.79,600.56,628.07,26220
2020-02-26,620.21,632.56,608.98,615.16,15353
2020-02-27,603.37,626.38,592.71,615.72,9499
2020-03-02,565.76,588.22,544.44,552.86,3243
2020-03-04,530.4,530.4,484.94,484.94,8200
2020-03-05,493.92,526.48,470.91,507.95,8504
2020-03-10,498.41,498.41,469.79,469.79,3365
2020-03-11,471.47,512.44,454.63,502.34,6841
2020-03-12,505.15,511.88,476.52,493.36,5502
2020-03-15,483.82,483.82,444.53,459.68,9756
2020-03-16,437.23,465.3,437.23,446.77,3907
2020-03-17,454.63,455.19,409.73,409.73,3485
2020-03-18,412.54,450.7,387.28,415.34,3941
2020-03-19,393.45,434.99,387.28,421.52,3818
2020-03-22,421.52,426.57,414.22,414.22,348
2020-05-12,406.36,406.36,401.87,401.87,20
2020-06-29,401.87,401.87,401.87,387.28,1400
2020-06-30,379.98,407.49,379.98,407.49,801
2020-07-01,407.49,423.2,407.49,415.9,451
2020-07-02,408.05,408.05,400.19,400.19,280
2020-07-05,400.19,411.98,373.81,410.85,3290
2020-07-06,410.85,426.57,387.84,426.57,2965
2020-07-07,429.37,463.61,426.57,454.63,6175
2020-07-08,459.12,459.12,433.86,449.02,2576
2020-07-09,450.14,450.14,429.37,437.79,1970
2020-07-12,429.37,454.63,420.96,449.02,6059
2020-07-13,443.97,458.0,437.23,448.46,5509
2020-07-14,451.83,463.05,446.77,459.12,5026
2020-07-15,451.26,463.05,446.21,463.05,4227
2020-07-16,469.23,472.03,449.58,462.49,3358
2020-07-19,471.47,471.47,471.47,471.47,20
2020-07-20,495.04,495.04,451.26,451.83,4242
2020-07-21,460.81,463.61,443.41,446.77,5064
2020-07-22,451.83,451.83,438.92,442.85,5784
2020-07-23,437.79,486.62,436.11,486.62,13534
2020-07-26,510.76,510.76,475.4,496.17,9750
2020-07-27,488.31,492.8,474.28,485.5,5282
2020-07-28,477.08,491.11,460.24,476.52,7372
2020-07-29,477.08,477.08,445.65,451.26,10660
2020-07-30,442.28,464.74,442.28,458.56,2931
2020-08-02,449.58,449.58,432.18,434.99,4785
2020-08-03,432.18,443.41,423.76,437.79,2510
2020-08-05,429.37,433.3,420.96,426.57,1975
2020-08-06,428.25,434.43,419.83,431.06,2027
2020-08-09,423.76,438.92,415.34,438.92,2381
2020-08-10,430.5,454.63,430.5,452.39,4382
2020-08-11,443.41,443.41,419.27,427.69,9464
2020-08-12,420.96,429.37,420.39,426.57,7743
2020-08-13,419.27,427.13,418.15,420.96,3451
2020-08-16,418.15,420.39,407.49,409.17,3750
2020-08-17,409.73,414.78,406.92,414.22,3545
2020-08-18,420.96,429.37,409.73,410.85,4184
2020-08-19,431.06,431.06,404.12,409.17,2985
2020-08-20,402.43,410.85,402.43,409.73,982
2020-08-23,409.73,412.54,405.24,407.49,2235
2020-08-24,409.73,431.06,409.73,424.88,5106
2020-08-25,423.76,432.18,422.08,431.06,2961
2020-08-26,423.76,438.92,423.76,437.79,4543
2020-08-27,437.79,445.09,427.13,432.18,4220
2020-08-31,455.75,455.75,429.94,436.11,6239
2020-09-02,457.44,457.44,427.13,427.69,4646
2020-09-03,427.69,429.37,422.08,429.37,8768
2020-09-06,437.79,437.79,421.52,423.2,2895
2020-09-07,418.15,428.81,414.78,428.25,5643
2020-09-08,420.39,440.6,419.27,436.67,5767
2020-09-09,437.79,450.14,434.99,443.41,12102
2020-09-10,443.41,451.83,433.3,442.28,9575
2020-09-13,433.86,437.79,431.62,436.67,10799
2020-09-14,458.0,458.0,424.88,430.5,7482
2020-09-15,430.5,430.5,421.52,422.08,4849
2020-09-16,418.15,428.25,418.15,428.25,3473
2020-09-17,426.01,432.18,426.01,431.62,7954
2020-09-20,432.18,439.48,422.08,434.99,2948
2020-09-21,426.57,432.18,420.96,424.88,4352
2020-09-22,420.96,426.57,420.96,420.96,2036
2020-09-23,419.83,429.37,415.34,425.45,8348
2020-09-24,417.03,425.45,415.34,417.03,5268
2020-09-27,424.88,432.18,412.54,417.59,5411
2020-09-28,413.66,415.34,412.54,413.1,3311
2020-09-29,420.96,420.96,408.61,409.73,4699
2020-09-30,404.12,414.78,404.12,411.98,1465
2020-10-01,410.29,419.83,410.29,412.54,3839
2020-10-04,420.39,425.45,410.85,419.27,2773
2020-10-05,422.08,429.94,410.85,417.59,4100
2020-10-06,418.15,418.15,406.92,407.49,9972
2020-10-07,407.49,407.49,401.31,404.12,8154
2020-10-08,404.12,412.54,401.87,412.54,5056
2020-10-11,405.24,412.54,404.12,404.68,3482
2020-10-12,398.5,410.29,398.5,406.92,1340
2020-10-13,403.56,420.96,403.56,406.92,4021
2020-10-14,402.99,410.85,402.99,409.17,539
2020-10-15,409.17,417.03,402.99,402.99,2849
2020-10-18,398.5,406.92,398.5,406.92,1873
2020-10-19,403.56,414.78,403.56,414.78,1021
2020-10-20,418.15,418.15,404.68,413.66,890
2020-10-21,406.92,415.34,406.92,414.22,1363
2020-10-22,420.96,420.96,406.36,407.49,1120
2020-10-28,407.49,415.34,401.31,409.17,1134
2020-10-29,401.31,415.9,401.31,415.34,1241
2020-11-01,436.11,436.11,406.92,432.18,10987
2020-11-02,410.85,434.99,410.85,431.06,6788
2020-11-03,437.79,438.36,429.94,437.23,11169
2020-11-04,437.23,445.65,432.74,442.28,8177
2020-11-05,434.99,440.6,429.37,440.6,4156
2020-11-08,437.79,442.85,434.99,442.85,3898
2020-11-09,434.99,441.72,434.99,441.72,2577
2020-11-10,433.3,441.72,432.18,437.79,1820
2020-11-11,429.37,435.55,429.37,429.37,3843
2020-11-12,434.99,434.99,423.2,426.01,2140
2020-11-18,432.18,433.86,417.03,418.15,2625
2020-11-19,419.27,433.3,419.27,424.88,4307
2020-11-22,445.65,445.65,420.96,432.74,7559
2020-11-23,432.18,432.18,424.32,428.81,6241
2020-11-24,423.76,431.06,422.08,431.06,5739
2020-11-25,423.76,445.09,423.76,437.79,7408
2020-11-26,462.49,462.49,429.37,437.79,7900
2020-11-29,432.18,432.18,423.76,431.06,6005
2020-11-30,426.57,433.3,426.57,431.06,4023
2020-12-01,429.37,432.18,423.76,431.62,5197
2020-12-02,432.18,469.79,431.06,456.88,25830
2020-12-03,457.44,471.47,449.02,463.05,23641
2020-12-06,454.07,454.07,429.37,434.99,8541
2020-12-07,440.6,449.02,426.57,443.41,6169
2020-12-08,451.83,458.56,437.79,440.04,7360
2020-12-09,431.62,448.46,428.81,441.16,7709
2020-12-10,449.02,449.02,423.76,440.6,2613
2020-12-13,444.53,451.83,438.36,446.77,8531
2020-12-14,449.02,468.1,449.02,466.42,24645
2020-12-15,468.66,484.38,466.42,474.28,12553
2020-12-16,471.47,521.42,471.47,506.27,29346
2020-12-17,515.81,533.21,486.62,507.95,18668
2020-12-20,497.85,506.83,465.86,473.15,12411
2020-12-21,449.02,487.75,440.04,469.79,10278
2020-12-22,477.08,505.15,477.08,504.59,10656
2020-12-23,495.04,505.15,483.82,492.8,3970
2020-12-24,499.53,499.53,477.64,479.89,2497
2020-12-27,479.89,479.89,468.66,475.4,4961
2020-12-28,466.42,478.21,466.42,478.21,2175
2020-12-29,469.79,482.13,469.79,482.13,3677
2020-12-30,473.15,496.73,473.15,496.73,4715
2020-12-31,488.31,492.24,479.89,482.13,4781
2021-01-03,477.08,493.92,477.08,488.31,6728
2021-01-04,493.92,497.85,485.5,495.61,5409
2021-01-05,487.19,496.73,486.62,493.92,4504
2021-01-06,484.38,543.31,484.38,543.31,34123
2021-01-07,570.25,581.48,551.17,555.1,18578
2021-01-10,565.76,565.76,536.02,557.35,7696
2021-01-11,547.24,550.05,537.7,544.44,8707
2021-01-12,554.54,554.54,533.77,542.75,7370
2021-01-13,547.24,592.14,538.82,561.27,18909
2021-01-17,571.94,614.6,564.08,614.6,27124
2021-01-18,623.58,667.92,617.4,665.67,26651
2021-01-19,673.53,679.14,637.05,654.45,27443
2021-01-20,646.03,715.62,645.47,700.47,16965
2021-01-21,688.12,729.66,688.12,726.85,17889
2021-01-24,726.85,749.86,714.5,726.85,22406
2021-01-25,729.66,735.27,701.59,702.15,20605
2021-01-26,693.17,713.38,693.17,700.47,13780
2021-01-27,684.75,712.26,672.97,704.4,8046
2021-01-28,717.87,734.71,701.59,712.26,25526
2021-01-31,707.21,744.25,679.7,744.25,16273
2021-02-01,744.25,744.25,682.51,690.37,30724
2021-02-02,703.84,717.87,690.37,707.21,14219
2021-02-03,744.81,774.0,701.03,732.46,41459
2021-02-04,732.46,749.3,724.04,740.32,17663
2021-02-07,740.32,799.82,740.32,780.17,29072
2021-02-08,785.78,807.11,748.18,753.79,30537
2021-02-15,753.79,807.11,739.76,798.13,39075
2021-02-16,837.98,837.98,768.95,768.95,17541
2021-02-17,784.1,784.1,752.11,752.11,9081
2021-02-18,738.64,752.11,732.46,746.49,7430
2021-02-21,761.09,761.09,731.9,735.27,4565
2021-02-22,735.27,760.53,720.11,724.04,8592
2021-02-23,712.82,712.82,668.48,707.21,14404
2021-02-24,742.57,742.57,709.45,717.87,3450
2021-02-25,703.84,731.34,700.47,704.96,3200
2021-02-28,694.86,694.86,665.11,665.11,9501
2021-03-01,652.76,687.0,652.2,674.65,4561
2021-03-02,673.53,675.21,646.03,662.3,6002
2021-03-03,670.72,670.72,630.87,661.74,6290
2021-03-04,651.08,693.17,651.08,693.17,7892
2021-03-07,727.41,741.44,698.79,702.15,15814
2021-03-09,736.95,736.95,679.14,687.56,2157
2021-03-10,676.9,701.03,674.09,679.14,1510
2021-03-14,674.09,676.34,653.32,656.13,9673
2021-03-15,645.47,681.95,643.78,665.67,3810
2021-03-16,653.88,685.32,653.88,667.92,3831
2021-03-17,655.01,677.46,655.01,674.09,4683
2021-03-18,681.95,687.56,674.09,684.75,7061
2021-03-21,698.23,740.88,698.23,740.32,18529
2021-03-22,740.88,744.25,712.82,712.82,7969
2021-03-23,701.59,740.88,698.79,736.39,10111
2021-03-24,740.88,763.89,732.46,757.72,20870
2021-03-25,795.33,795.33,762.21,768.95,26501
2021-03-29,784.1,784.1,747.62,768.95,12161
2021-03-30,778.49,789.71,768.95,788.59,18711
2021-03-31,790.84,798.13,780.17,780.17,15076
2021-04-01,741.44,832.37,741.44,797.01,47498
2021-04-04,802.62,842.14,796.45,798.3,9425
2021-04-05,813.74,813.74,784.1,795.21,4619
2021-04-06,802.62,814.35,781.63,798.92,11102
2021-04-07,798.92,830.41,798.92,821.14,21896
2021-04-08,836.58,850.16,815.59,842.14,17959
2021-04-12,842.14,879.18,839.67,858.19,16414
2021-04-13,858.19,870.54,852.63,852.63,23997
2021-04-15,835.96,855.1,835.96,840.28,10166
2021-04-18,839.67,852.01,823.61,829.79,7219
2021-04-19,888.44,912.52,852.01,855.1,37369
2021-04-20,897.7,897.7,845.22,854.48,23746
2021-04-21,864.36,867.45,834.73,834.73,4901
2021-04-22,818.67,852.01,818.67,845.84,6773
2021-04-25,829.79,834.11,811.88,820.53,5778
2021-04-26,820.53,820.53,784.1,784.1,11348
2021-04-27,799.54,821.14,787.19,815.59,6661
2021-04-28,811.88,818.06,790.27,803.86,5695
2021-04-29,818.67,819.29,802.62,814.97,3087
2021-05-02,802.62,864.36,802.62,855.72,16056
2021-05-03,864.36,882.88,851.4,860.66,10306
2021-05-04,871.77,877.33,843.99,875.48,27355
2021-05-05,895.23,895.23,859.42,861.28,8509
2021-05-06,850.16,858.19,842.75,843.99,6601
2021-05-09,843.99,843.99,824.23,840.9,5900
2021-05-10,840.9,855.1,830.41,851.4,3181
2021-05-11,852.01,858.19,842.75,856.34,4303
2021-05-12,869.92,890.29,842.75,858.19,5748
2021-05-13,856.34,889.06,856.34,879.18,34536
2021-05-16,896.47,927.95,890.91,919.93,30081
2021-05-17,926.1,929.19,898.32,906.96,25082
2021-05-18,919.93,977.35,896.47,965.62,51249
2021-05-19,984.76,987.84,935.36,967.47,36865
2021-05-20,955.12,973.64,941.54,973.64,14712
2021-05-23,954.5,975.49,945.24,957.59,12616
2021-05-24,961.91,961.91,932.28,932.28,20366
2021-05-25,932.28,939.69,926.1,926.72,8858
2021-05-27,882.88,898.32,863.13,890.29,21093
2021-05-30,890.29,890.29,875.48,879.8,13276
2021-05-31,893.38,893.38,870.54,880.41,10732
2021-06-01,864.36,885.97,864.36,871.77,6455
2021-06-02,871.77,882.88,865.6,871.77,7312
2021-06-03,885.97,901.41,873.62,889.68,6220
2021-06-06,889.68,901.41,877.95,884.12,3520
2021-06-07,876.09,885.97,874.86,875.48,4754
2021-06-08,865.6,881.65,865.6,866.83,4678
2021-06-09,866.83,900.79,866.21,868.07,5929
2021-06-10,868.68,870.54,855.1,860.04,6273
2021-06-13,861.28,861.28,843.37,848.93,9441
2021-06-14,858.19,861.28,839.67,845.84,6339
2021-06-15,851.4,852.01,840.9,841.52,5436
2021-06-16,842.14,908.2,841.52,884.12,19809
2021-06-17,885.97,885.97,864.36,873.62,4116
2021-06-20,864.98,868.07,830.41,840.28,14245
2021-06-21,824.85,839.67,817.44,819.91,6498
2021-06-22,821.14,838.43,821.14,829.79,3349
2021-06-23,824.23,827.32,802.62,804.47,4293
2021-06-24,804.47,818.06,787.19,799.54,5511
2021-06-27,784.1,808.18,784.1,799.54,2496
2021-06-28,800.15,858.19,799.54,826.7,11322
2021-06-29,842.75,871.77,831.02,839.67,10823
2021-06-30,833.49,833.49,817.44,826.7,3177
2021-07-01,826.08,835.96,815.59,827.94,4133
2021-07-04,836.58,839.67,821.14,823.61,1911
2021-07-05,809.41,821.14,802.62,815.59,4162
2021-07-06,807.56,823.61,807.56,819.91,1552
2021-07-07,821.14,840.9,821.14,839.05,5807
2021-07-08,833.49,848.93,825.47,842.75,4624
2021-07-11,855.1,870.54,845.84,865.6,6818
2021-07-12,866.83,876.71,853.25,864.36,9645
2021-07-13,881.65,881.65,860.66,881.03,6135
2021-07-14,876.71,881.65,858.19,881.65,4906
2021-07-15,864.36,889.06,864.36,883.5,7546
2021-07-18,898.32,916.22,895.23,909.43,9493
2021-07-19,906.35,923.02,895.23,900.79,8690
2021-07-20,895.23,904.49,892.15,892.15,3693
2021-07-22,878.56,890.91,875.48,879.8,7075
2021-07-25,895.23,898.32,878.93,897.7,4507
2021-07-26,915.61,929.19,899.12,913.14,13576
2021-07-27,895.23,895.23,865.6,883.5,8934
2021-07-28,879.8,938.45,879.8,938.45,15494
2021-07-29,950.8,974.26,926.1,942.15,20740
2021-08-01,942.15,979.82,939.07,953.89,17468
2021-08-02,966.23,990.93,955.74,987.84,20578
2021-08-03,1003.28,1042.17,1000.19,1040.32,36133
2021-08-04,1049.58,1058.84,997.1,1017.48,31270
2021-08-05,998.34,1006.36,975.49,987.23,8837
2021-08-08,987.84,987.84,938.45,956.97,8944
2021-08-09,960.06,960.06,929.19,942.15,14224
2021-08-10,923.63,947.71,907.58,934.75,28086
2021-08-11,934.75,937.83,906.96,906.96,13744
2021-08-12,906.96,944.62,892.15,943.39,15872
2021-08-15,945.24,953.89,914.99,931.04,9344
2021-08-16,926.1,935.36,913.75,925.49,4536
2021-08-17,943.39,943.39,889.06,908.82,12957
2021-08-18,891.59,908.82,890.29,890.29,8127
2021-08-19,907.58,907.58,892.27,893.38,3948
2021-08-24,885.97,892.15,876.09,876.71,5938
2021-08-25,864.42,877.33,846.46,846.46,11019
2021-08-26,843.62,879.8,843.62,873.62,6752
2021-08-29,882.82,882.82,836.58,852.01,7464
2021-08-31,835.34,843.37,808.18,826.08,18136
2021-09-01,839.67,845.84,811.88,815.28,11287
2021-09-02,808.86,847.69,805.71,836.58,5411
2021-09-05,845.22,845.22,785.33,797.68,4957
2021-09-06,813.12,824.85,787.19,823.0,6374
2021-09-07,827.32,830.41,802.68,808.8,1032
2021-09-08,808.8,839.67,802.62,832.2,11874
2021-09-09,839.05,839.67,808.8,823.61,5148
2021-09-12,839.05,839.05,807.01,813.8,8827
2021-09-13,817.44,829.17,802.62,802.62,2984
2021-09-14,814.97,830.41,799.6,830.41,6082
2021-09-15,814.97,814.97,802.0,811.88,1881
2021-09-16,795.65,802.62,771.75,775.52,6388
2021-09-20,760.64,762.49,740.94,742.73,7440
2021-09-21,727.92,765.58,710.01,749.53,5149
2021-09-22,764.34,784.1,740.88,784.1,15374
2021-09-23,799.54,799.54,752.67,759.4,2946
2021-09-26,746.44,746.44,727.3,727.3,5040
2021-09-27,741.81,741.81,694.58,714.33,1482
2021-09-28,716.12,728.53,679.82,682.23,2194
2021-09-29,691.49,745.08,673.09,745.08,3146
2021-09-30,759.96,759.96,696.43,759.4,5425
2021-10-03,744.22,744.59,709.39,709.39,1820
2021-10-04,703.22,739.65,698.28,706.92,1698
2021-10-05,720.51,749.53,706.92,745.82,2162
2021-10-06,760.64,796.45,759.4,787.19,6110
2021-10-10,802.93,803.24,756.93,783.48,4765
2021-10-11,799.1,799.1,749.53,777.86,440
2021-10-17,777.86,771.13,732.86,747.49,1169
2021-10-18,762.43,762.43,716.19,739.65,2495
2021-10-19,752.61,752.61,679.14,752.61,4605
2021-10-20,767.62,767.62,728.53,761.26,3078
2021-10-21,776.44,776.44,726.68,734.71,2770
2021-10-24,749.22,764.16,722.36,759.4,1413
2021-10-25,774.22,774.22,743.66,760.02,3015
2021-10-26,763.73,771.13,753.23,753.23,4033
2021-10-27,747.55,774.78,747.55,763.11,8333
2021-10-28,752.0,793.36,752.0,789.66,3405
2021-10-31,796.45,836.58,780.52,818.12,11523
2021-11-01,821.14,847.08,788.42,840.9,14867
2021-11-02,857.57,877.27,840.9,876.71,15356
2021-11-03,894.24,948.33,889.68,890.91,20802
2021-11-08,908.69,908.69,852.01,860.66,7385
2021-11-09,877.82,877.82,818.06,858.19,15759
2021-11-11,841.02,842.75,808.8,811.88,4611
2021-11-14,810.65,824.23,793.98,824.23,5226
2021-11-15,814.97,837.2,814.97,824.23,2256
2021-11-16,824.23,848.93,811.88,848.93,2626
2021-11-17,858.13,858.13,831.95,845.78,2554
2021-11-18,829.05,845.84,824.23,845.84,4615
2021-11-21,828.92,833.49,817.44,830.41,1890
2021-11-22,838.43,838.43,802.62,824.23,6917
2021-11-23,807.75,823.0,800.77,814.97,1396
2021-11-24,799.54,826.7,788.42,826.7,2994
2021-11-25,810.22,810.22,793.98,802.0,5921
2021-11-28,786.01,786.01,762.49,779.16,2837
2021-11-29,774.84,792.74,755.08,792.74,4186
2021-11-30,777.31,789.04,761.87,789.04,865
2021-12-01,773.6,790.27,765.58,787.19,955
2021-12-02,771.75,796.45,753.23,782.25,2599
2021-12-05,766.81,766.81,737.18,752.0,4822
2021-12-06,737.18,793.36,710.69,793.36,3061
2021-12-07,787.19,787.19,739.65,739.65,5201
2021-12-08,728.53,739.96,691.49,724.83,2649
2021-12-09,710.63,713.1,696.43,713.1,2110
2021-12-12,698.84,698.84,671.73,685.32,2662
2021-12-13,672.35,672.35,626.66,648.27,3398
2021-12-14,661.24,713.1,648.33,713.1,1738
2021-12-15,713.1,739.03,674.2,709.39,4142
2021-12-16,695.81,695.81,667.97,682.23,2416
2021-12-20,695.81,695.81,660.0,679.14,2419
2021-12-21,692.72,692.72,654.45,685.32,1461
2021-12-22,698.9,706.92,683.65,706.92,2730
2021-12-23,720.51,720.51,690.87,716.19,3469
2021-12-26,730.39,785.27,716.19,785.27,5614
2021-12-27,769.59,769.59,720.82,745.2,9265
2021-12-28,745.2,773.54,719.27,758.79,4887
2021-12-29,765.58,765.58,729.77,751.19,4439
2022-01-02,737.79,762.18,737.79,762.06,6016
2022-01-03,765.58,787.19,764.96,769.9,6754
2022-01-04,771.75,815.59,771.75,811.88,33773
2022-01-05,828.06,844.17,812.78,822.55,6695
2022-01-06,806.5,834.41,805.8,834.41,2468
2022-01-09,818.85,851.15,818.85,833.71,5835
2022-01-10,837.2,854.57,827.43,842.78,5987
2022-01-11,841.38,925.1,840.68,906.96,7232
2022-01-12,899.29,909.75,872.08,884.64,9746
2022-01-13,893.01,917.43,872.08,916.03,14178
2022-01-16,916.03,971.85,934.17,955.8,8619
2022-01-17,955.8,962.71,936.96,959.29,4918
2022-01-18,969.12,969.75,929.99,955.1,10162
2022-01-19,941.85,945.33,914.71,914.71,7781
2022-01-20,913.94,931.38,913.94,925.8,11231
2022-01-23,927.89,927.89,903.47,903.47,6329
2022-01-24,896.5,896.71,872.08,879.06,9265
2022-01-25,866.5,925.1,866.5,918.82,30451
2022-01-26,937.17,948.82,918.82,936.96,18697
2022-01-27,927.96,946.03,924.4,936.96,6776
2022-01-30,955.66,971.85,939.06,941.15,26153
2022-01-31,941.85,945.33,925.8,930.68,6230
2022-02-01,920.92,952.31,920.92,952.31,9897
2022-02-03,955.8,958.59,928.59,930.68,10385
2022-02-06,930.68,934.17,913.24,920.29,2693
2022-02-07,920.22,920.22,904.94,911.92,2149
2022-02-08,929.99,939.06,903.47,903.47,5245
2022-02-09,903.47,913.94,886.03,901.38,3711
2022-02-10,895.1,903.4,879.06,879.06,10256
2022-02-13,861.61,871.31,854.71,862.31,18528
2022-02-14,856.1,889.52,856.03,884.64,3727
2022-02-15,874.17,928.59,868.59,928.59,4254
2022-02-16,910.03,931.38,899.99,931.38,7124
2022-02-17,914.5,939.06,913.24,939.06,2525
2022-02-20,920.29,938.36,896.5,938.36,6948
2022-02-21,920.22,936.96,914.64,920.92,3066
2022-02-22,918.13,920.22,899.99,912.47,6210
2022-02-23,899.99,913.94,886.03,899.99,5892
2022-02-24,886.03,893.01,865.1,879.06,8875
2022-02-27,872.08,872.08,858.13,861.61,2501
2022-02-28,861.61,867.2,848.36,848.36,2033
2022-03-02,834.41,849.75,830.92,845.57,2703
2022-03-06,837.89,858.13,837.89,842.78,2184
2022-03-07,842.78,858.75,838.66,849.06,1127
2022-03-09,858.13,858.13,837.2,837.2,2524
2022-03-10,833.71,913.24,826.03,891.61,3328
2022-03-13,886.73,903.34,886.03,902.71,5469
2022-03-14,886.73,904.17,872.08,901.38,634
2022-03-15,886.1,893.01,877.03,888.13,2193
2022-03-16,904.87,904.87,873.54,873.54,1497
2022-03-20,872.08,878.36,859.59,878.36,930
2022-03-21,878.36,890.92,872.08,890.92,3126
2022-03-22,890.92,906.27,879.75,903.47,4467
2022-03-23,886.73,933.61,886.73,909.75,17216
2022-03-24,903.47,948.13,903.47,927.89,11411
2022-03-27,927.89,939.06,903.47,906.96,4843
2022-03-28,893.78,906.96,893.78,894.41,4233
2022-03-29,906.27,906.96,889.52,893.01,1999
2022-03-30,883.24,910.45,883.24,896.5,2372
2022-03-31,883.94,903.47,883.94,899.99,880
2022-04-03,893.01,899.99,883.38,899.29,713
2022-04-04,883.94,902.78,883.94,901.38,2782
2022-04-05,885.34,886.03,872.08,872.85,3717
2022-04-06,872.08,906.82,860.29,874.17,3293
2022-04-07,872.08,906.27,872.08,889.52,3855
2022-04-11,879.2,889.52,875.57,875.57,920
2022-04-12,870.68,870.68,859.66,861.82,1584
2022-04-13,854.64,920.08,851.15,913.94,5933
2022-04-17,895.8,906.96,871.38,906.96,6594
2022-04-18,893.01,919.52,867.96,919.52,3480
2022-04-19,901.17,901.17,872.08,886.03,3520
2022-04-20,882.54,882.54,854.78,854.92,2737
2022-04-21,854.64,871.38,838.59,864.41,2085
2022-04-24,879.06,906.96,872.15,906.06,4615
2022-04-25,887.99,896.43,872.08,872.08,2392
2022-04-26,879.06,886.03,861.61,868.59,1413
2022-04-27,868.59,882.48,865.1,882.48,2729
2022-04-28,882.48,889.52,868.59,868.59,1085
2022-05-02,879.06,879.06,846.27,850.38,1917
2022-05-04,833.71,850.45,833.43,834.48,1416
2022-05-05,818.36,830.22,810.69,825.96,3377
2022-05-08,809.99,834.75,805.8,834.75,1119
2022-05-09,818.36,849.06,818.36,849.06,3343
2022-05-10,849.06,859.52,834.41,859.52,439
2022-05-11,859.52,875.57,847.66,875.5,1725
2022-05-12,875.5,875.5,854.64,854.64,1618
2022-05-17,871.73,871.73,828.89,828.89,796
2022-05-18,833.71,837.2,812.78,837.2,902
2022-05-19,830.22,853.94,821.15,835.73,772
2022-05-20,830.22,830.22,821.15,829.52,959
2022-05-23,812.99,839.64,789.76,819.76,998
2022-05-24,804.41,836.43,804.41,816.27,1788
2022-05-25,812.78,832.31,812.78,830.22,780
2022-05-26,817.66,837.13,816.27,820.45,858
2022-05-27,820.45,836.15,807.2,836.15,504
2022-05-30,847.31,852.82,803.71,806.5,1596
2022-05-31,816.27,816.27,795.34,800.22,1379
2022-06-01,788.5,814.87,781.38,814.87,1066
2022-06-02,799.59,812.08,781.38,795.96,1324
2022-06-03,781.45,781.45,749.99,770.92,2196
2022-06-06,770.92,770.92,741.62,770.92,927
2022-06-07,756.97,756.97,728.36,736.04,780
2022-06-08,745.8,809.64,745.8,809.29,3626
2022-06-09,795.34,798.83,768.13,782.78,2633
2022-06-10,767.43,777.9,756.27,756.27,330
2022-06-13,767.43,767.43,742.31,763.87,308
2022-06-14,748.66,748.66,732.55,736.73,884
2022-06-15,722.78,729.06,701.15,717.83,1109
2022-06-16,703.94,773.01,703.94,773.01,2939
2022-06-17,757.66,781.38,730.52,781.38,522
2022-06-19,766.03,766.03,724.18,743.01,2369
2022-06-20,728.15,742.66,714.41,714.41,568
2022-06-21,728.36,749.99,713.92,749.99,1961
2022-06-22,749.99,749.99,720.69,720.76,1015
2022-06-23,706.87,706.87,684.41,685.11,1890
2022-06-24,671.57,710.85,662.78,710.85,592
2022-06-26,724.87,757.87,718.59,739.52,1802
2022-06-27,725.57,749.22,715.8,725.57,1948
2022-06-28,718.59,721.38,704.64,715.11,700
2022-06-29,722.08,743.57,722.08,733.31,1990
2022-06-30,722.08,777.9,722.08,770.92,4911
2022-07-01,767.43,795.34,739.52,779.29,5985
2022-07-03,775.8,782.78,760.45,774.41,4437
2022-07-04,788.36,805.66,754.17,780.69,7162
2022-07-05,765.34,767.43,744.48,749.99,1781
2022-07-06,749.99,753.48,725.57,753.48,1398
2022-07-07,763.94,768.13,719.29,756.27,3040
2022-07-08,756.27,756.27,728.36,739.52,371
2022-07-11,739.52,739.52,697.66,697.66,1913
2022-07-12,710.92,722.08,698.36,716.5,2488
2022-07-13,703.25,758.36,703.25,758.36,2395
2022-07-14,753.48,788.43,732.55,788.43,3160
2022-07-15,772.73,836.15,742.31,836.15,5812
2022-07-17,837.2,837.2,786.96,802.31,3192
2022-07-18,802.31,802.31,782.08,786.27,337
2022-07-19,786.27,817.94,786.27,793.94,2837
2022-07-20,791.85,802.31,785.57,788.36,323
2022-07-21,794.64,812.78,783.2,783.2,2156
2022-07-22,798.83,798.83,774.41,774.41,2711
2022-07-24,789.76,798.83,788.36,795.34,4377
2022-07-25,798.83,819.76,798.83,818.99,5382
2022-07-26,809.29,809.29,782.85,790.45,2967
2022-07-27,784.87,801.62,759.62,801.62,4533
2022-07-28,812.78,830.22,791.85,811.38,3670
2022-07-29,811.38,819.76,787.66,803.01,1120
2022-07-31,803.01,812.78,788.36,788.36,3530
2022-08-01,803.71,819.76,782.08,802.31,6593
2022-08-02,791.85,803.71,786.27,795.34,1931
2022-08-03,810.62,818.36,795.34,812.01,8608
2022-08-04,809.29,844.17,783.48,784.17,13751
2022-08-05,798.83,814.17,779.29,808.52,5357
2022-08-07,792.55,795.34,784.87,793.24,2923
2022-08-08,784.87,793.24,774.41,774.41,7462
2022-08-09,770.92,782.08,753.48,760.45,2500
2022-08-10,750.06,775.1,749.99,760.45,1116
2022-08-11,767.43,767.43,746.5,760.1,2963
2022-08-14,760.45,766.03,736.8,746.5,1553
2022-08-15,759.06,776.5,739.52,770.92,1889
2022-08-16,767.43,774.41,745.52,760.45,1954
2022-08-17,745.87,760.45,745.87,758.36,915
2022-08-18,745.11,770.92,745.11,766.73,1297
2022-08-21,753.48,766.66,752.15,765.9,2417
2022-08-22,750.69,756.9,736.73,756.9,993
2022-08-23,756.97,758.92,746.85,747.2,799
2022-08-24,756.97,756.97,746.5,749.92,1242
2022-08-25,749.92,753.48,743.01,743.78,541
2022-08-26,734.64,734.64,732.55,732.55,611
2022-08-28,732.55,732.55,718.59,718.59,1012
2022-08-29,718.59,724.87,713.01,716.5,551
2022-08-30,729.76,730.45,708.13,720.69,702
2022-08-31,722.08,722.08,699.76,714.34,1150
2022-09-01,708.13,711.62,700.18,700.18,823
2022-09-02,704.64,710.85,696.97,710.85,764
2022-09-04,710.22,714.06,708.48,708.83,592
2022-09-05,711.62,722.78,708.97,721.38,418
2022-09-06,708.27,711.62,707.43,707.43,497
2022-09-07,697.66,707.36,693.55,704.64,386
2022-09-08,704.64,704.64,690.83,698.78,299
2022-09-11,691.38,697.66,690.69,694.18,1440
2022-09-12,694.18,694.18,680.92,681.62,1385
2022-09-13,676.73,708.76,676.73,708.76,897
2022-09-14,717.9,717.9,708.83,716.5,1025
2022-09-15,702.2,702.2,688.59,688.59,670
2022-09-16,694.18,699.76,684.41,696.27,285
2022-09-18,683.71,687.2,670.04,679.52,1378
2022-09-20,666.27,666.27,645.41,655.8,3027
2022-09-21,662.78,666.27,655.8,663.48,393
2022-09-22,653.01,669.76,640.53,669.76,273
2022-09-25,656.36,656.36,641.85,644.85,850
2022-09-27,645.34,655.8,645.34,648.83,701
2022-09-28,648.83,654.41,645.34,653.71,53
2022-09-29,666.76,669.76,655.87,666.34,384
2022-10-09,679.66,693.13,666.97,684.41,775
2022-10-10,673.25,673.25,657.62,669.55,772
2022-10-11,656.5,676.73,656.5,676.73,61
2022-10-12,676.73,686.5,659.99,659.99,921
2022-10-13,662.85,664.18,651.69,657.97,1025
2022-10-16,649.53,660.69,647.92,659.99,239
2022-10-17,647.43,655.8,647.43,655.8,635
2022-10-19,643.32,643.94,636.27,636.27,1095
2022-10-20,636.27,636.9,623.71,629.29,1047
2022-10-23,627.9,639.69,627.9,631.39,130
2022-10-31,622.32,633.48,621.13,625.8,212
2022-11-01,631.39,644.01,631.39,635.57,675
2022-11-02,633.55,662.08,633.55,662.08,693
2022-11-03,662.08,662.08,636.27,655.8,460
2022-11-06,668.36,689.92,662.78,689.92,1761
2022-11-07,676.73,701.15,676.04,683.01,1928
2022-11-08,669.41,669.76,643.59,643.59,2426
2022-11-09,633.06,638.36,620.22,620.22,2679
2022-11-10,620.22,632.08,603.48,615.55,1850
2022-11-13,615.55,615.55,603.48,613.94,741
2022-11-14,602.57,614.57,602.57,614.57,434
2022-11-15,620.92,620.92,607.04,607.04,356
2022-11-16,610.46,610.46,594.97,608.43,1325
2022-11-17,620.57,632.08,604.18,632.08,1650
2022-11-22,619.46,644.64,606.97,618.83,712
2022-11-23,606.48,613.94,599.99,613.94,1120
2022-11-24,613.94,625.11,610.53,619.53,499
2022-11-27,607.18,680.92,607.18,650.22,873
2022-11-28,663.2,665.36,629.99,630.41,525
2022-11-29,621.62,633.34,618.83,625.8,528
2022-11-30,624.48,624.48,617.43,617.43,264
2022-12-01,629.29,629.78,618.13,627.9,865
2022-12-04,634.87,645.34,620.92,626.5,373
2022-12-05,616.73,620.92,616.73,618.13,379
2022-12-06,607.25,630.48,607.25,623.71,5541
2022-12-07,614.01,620.22,606.97,610.53,909
2022-12-11,600.69,607.67,600.69,603.48,847
2022-12-12,615.34,615.34,598.25,613.94,735
2022-12-13,613.94,644.64,604.87,625.11,283
2022-12-14,614.64,635.57,614.64,619.53,164
2022-12-15,607.18,618.13,606.27,606.97,547
2022-12-18,600.69,606.97,600.06,606.97,370
2022-12-19,606.97,606.97,601.46,603.48,48
2022-12-20,615.55,617.43,610.46,617.43,893
2022-12-21,617.43,617.43,608.36,616.73,327
2022-12-22,606.97,613.94,606.97,611.85,305
2022-12-26,612.55,635.57,612.55,635.57,1453
2022-12-27,647.43,648.83,631.46,631.46,1650
2022-12-28,631.39,634.11,621.62,625.8,1611
2022-12-29,620.92,639.76,618.2,639.76,1762
2023-01-01,638.36,662.78,634.87,641.85,1818
2023-01-02,639.76,651.62,639.76,648.13,464
2023-01-03,648.76,669.9,646.73,665.57,2311
2023-01-04,672.55,732.13,666.27,732.13,6802
2023-01-05,739.52,743.01,697.66,724.87,6260
2023-01-08,725.57,783.48,718.59,752.78,8360
2023-01-09,758.36,786.27,752.08,767.43,7964
2023-01-10,767.43,781.38,729.76,740.22,7263
2023-01-12,755.01,770.08,733.94,743.01,7031
2023-01-17,756.27,756.27,729.9,743.01,1543
2023-01-18,729.83,739.52,717.34,729.69,2153
2023-01-19,719.29,729.06,704.99,711.62,1136
2023-01-23,725.85,740.22,718.59,719.99,2970
2023-01-24,713.01,722.78,711.62,722.78,1445
2023-01-25,732.55,737.22,718.59,736.04,2645
2023-01-26,722.78,735.69,722.78,735.34,891
2023-01-29,732.55,732.55,708.13,711.62,1489
2023-01-30,700.11,700.11,685.11,685.8,1402
2023-01-31,677.43,680.22,669.76,669.76,1425
2023-02-01,666.27,669.76,657.2,665.64,632
2023-02-02,662.78,673.25,648.83,648.9,3198
2023-02-05,650.22,662.78,650.22,655.8,785
2023-02-06,648.83,669.76,646.94,669.76,858
2023-02-07,669.76,696.97,669.76,694.11,1124
2023-02-08,694.18,707.43,683.71,685.11,873
2023-02-09,687.2,687.9,676.73,683.71,724
2023-02-12,683.71,683.71,657.2,672.55,912
2023-02-14,659.99,672.55,659.29,662.64,1787
2023-02-15,669.76,669.76,646.04,658.94,1439
2023-02-16,658.94,659.29,647.43,650.92,518
2023-02-20,650.92,650.92,627.9,634.87,1670
2023-02-22,634.87,636.97,627.9,636.97,1343
2023-02-23,624.27,624.27,573.27,573.27,6294
2023-02-26,561.83,599.29,540.69,576.97,1897
2023-02-27,576.97,623.71,565.81,590.22,2507
2023-02-28,583.25,595.11,579.06,591.62,788
2023-03-01,593.01,593.71,573.48,586.74,495
2023-03-02,579.06,579.06,554.64,565.11,313
2023-03-05,554.64,554.64,544.18,544.18,730
2023-03-07,555.06,556.74,545.64,556.04,378
2023-03-09,567.13,567.13,555.34,565.11,758
2023-03-12,565.11,568.6,558.13,559.53,573
2023-03-13,553.95,554.29,542.92,551.15,2274
2023-03-14,546.27,546.27,539.36,543.48,173
2023-03-15,544.18,565.11,533.71,553.81,376
2023-03-16,544.18,551.15,530.92,550.39,560
2023-03-19,542.78,546.97,540.69,546.97,294
2023-03-20,547.67,564.41,537.2,551.85,4782
2023-03-22,560.22,561.55,551.85,551.85,458
2023-03-23,540.83,555.34,540.83,544.18,1509
2023-03-26,555.06,555.06,526.74,526.74,2259
2023-03-27,516.97,533.71,512.78,533.71,936
2023-03-28,530.92,544.32,530.22,544.18,1615
2023-03-29,540.76,554.29,540.69,547.67,6077
2023-03-30,547.95,550.44,539.64,542.96,1216
2023-04-02,542.96,535.49,502.28,502.28,2566
2023-04-03,499.79,499.79,493.32,493.98,1812
2023-04-04,485.76,502.28,485.76,498.13,245
2023-04-05,498.13,498.13,489.83,489.83,801
2023-04-06,489.83,501.45,489.83,500.62,1170
2023-04-09,500.62,500.62,481.61,481.61,494
2023-04-10,473.23,482.36,473.23,473.23,971
2023-04-11,473.23,479.87,473.23,479.87,944
2023-04-12,488.92,518.97,484.85,518.97,3426
2023-04-13,508.59,522.21,506.43,512.99,1659
2023-04-16,510.59,510.59,496.31,506.43,362
2023-04-17,496.47,496.47,485.68,485.68,849
2023-04-18,485.68,489.41,479.87,480.7,458
2023-04-19,490.24,520.13,480.03,489.83,359
2023-04-20,481.53,498.8,481.53,495.64,1002
2023-04-23,495.64,502.28,483.19,485.68,989
2023-04-24,485.68,492.32,475.72,492.32,407
2023-04-25,492.32,492.32,481.53,490.66,1173
2023-04-26,490.66,497.3,479.87,483.19,880
2023-04-27,474.89,478.21,473.23,477.38,132
2023-04-30,473.31,482.36,473.31,475.8,152
2023-05-02,469.07,481.53,469.07,469.9,853
2023-05-03,469.07,469.07,465.84,465.84,39
2023-05-04,474.06,474.06,460.86,473.23,321
2023-05-07,481.53,481.53,465.01,470.73,350
2023-05-08,464.92,470.98,457.45,470.98,533
2023-05-09,470.98,478.21,470.98,478.21,173
2023-05-10,478.21,481.53,473.23,481.53,61
2023-05-11,472.4,472.4,468.24,468.24,52
2023-05-14,458.95,469.9,458.95,469.07,72
2023-05-15,461.6,477.38,461.6,477.38,91
2023-05-16,467.83,485.51,458.53,476.55,122
2023-05-17,467.41,480.7,458.28,480.28,518
2023-05-18,489.83,508.76,469.49,493.98,760
2023-05-21,503.11,508.09,493.98,508.09,998
2023-05-22,518.22,528.52,506.43,506.43,140
2023-05-23,509.34,557.08,506.52,557.08,3258
2023-05-24,564.55,575.84,538.73,547.11,2251
2023-05-28,539.64,579.49,539.64,539.64,1848
2023-05-30,530.1,530.1,513.08,513.08,590
2023-05-31,502.86,513.08,502.86,510.59,2147
2023-06-01,502.28,516.4,502.28,516.4,978
2023-06-04,526.69,560.4,526.69,537.15,411
2023-06-05,539.64,547.11,512.25,514.74,1150
2023-06-06,504.77,531.34,504.77,527.19,553
2023-06-07,527.19,537.65,521.46,531.34,982
2023-06-08,539.64,541.3,520.71,539.64,1534
2023-06-11,528.85,572.02,518.89,564.55,2488
2023-06-12,564.55,567.79,564.55,564.55,468
2023-06-13,553.76,598.59,553.76,588.63,1733
2023-06-14,588.21,621.83,574.43,574.43,3093
2023-06-15,585.89,621.0,556.25,620.76,6110
2023-06-18,633.13,639.27,605.23,626.48,3998
2023-06-19,615.19,626.82,602.99,622.42,1740
2023-06-20,614.36,622.67,582.81,593.61,1952
2023-06-21,605.23,605.23,581.74,588.63,771
2023-06-22,581.15,587.8,576.17,585.31,959
2023-06-25,573.68,597.01,573.68,581.15,1784
2023-06-26,592.69,614.36,585.31,608.39,2816
2023-06-27,620.17,665.84,608.22,651.72,11406
2023-06-28,664.18,664.18,618.35,630.14,3831
2023-07-02,617.68,617.68,597.76,597.76,1006
2023-07-03,586.14,607.72,577.83,587.8,2830
2023-07-04,599.42,599.42,574.6,582.81,1329
2023-07-05,592.78,592.78,564.55,571.19,1316
2023-07-06,581.15,581.15,566.21,572.85,377
2023-07-09,583.64,584.39,572.85,572.85,2835
2023-07-10,584.31,597.76,574.51,581.15,2618
2023-07-11,573.68,589.46,573.68,588.63,2219
2023-07-12,581.15,601.25,581.15,597.76,1647
2023-07-13,609.38,625.99,586.14,625.99,6509
2023-07-16,625.99,625.99,602.08,611.04,1238
2023-07-17,611.04,616.77,602.74,607.8,1247
2023-07-18,610.21,655.87,610.21,630.14,2651
2023-07-19,630.97,636.78,617.68,622.67,964
2023-07-20,614.36,621.0,599.42,610.21,1876
2023-07-23,614.36,622.67,606.89,622.67,2579
2023-07-24,634.95,634.95,610.29,612.79,2659
2023-07-25,601.08,612.7,601.08,604.4,1126
2023-07-26,604.4,604.4,593.61,597.76,962
2023-07-27,589.71,597.76,586.38,586.38,2157
2023-07-30,585.31,585.31,577.09,577.67,1737
2023-07-31,567.12,589.46,567.12,580.32,1369
2023-08-01,580.32,582.81,570.36,570.36,815
2023-08-02,565.38,572.85,560.4,572.77,788
2023-08-03,581.98,581.98,561.48,561.56,779
2023-08-06,557.08,557.08,547.95,556.25,1369
2023-08-07,545.12,566.21,545.12,556.41,887
2023-08-08,545.7,548.86,544.62,544.62,1183
2023-08-09,547.11,554.59,536.32,550.44,738
2023-08-10,539.64,557.08,528.85,539.64,1425
2023-08-13,533.91,546.04,533.91,536.49,895
2023-08-14,531.34,538.81,528.85,532.17,703
2023-08-15,541.97,542.13,527.19,536.32,2183
2023-08-16,531.34,538.81,528.85,531.34,1131
2023-08-17,539.64,548.78,529.02,547.95,1984
2023-08-20,537.98,547.95,510.59,536.32,2032
2023-08-21,525.61,535.49,517.23,517.23,627
2023-08-22,509.76,526.69,499.63,513.91,2244
2023-08-23,510.59,527.19,508.92,523.04,574
2023-08-24,523.87,525.03,513.91,520.55,414
2023-08-27,515.65,516.4,511.42,511.42,997
2023-08-28,510.59,511.42,506.52,509.17,238
2023-08-29,506.43,523.87,506.43,514.74,677
2023-08-30,514.74,514.74,507.68,510.59,263
2023-09-03,506.43,509.76,501.45,501.45,152
2023-09-04,498.13,502.28,493.98,495.72,686
2023-09-05,505.6,505.6,491.49,498.13,633
2023-09-07,488.25,500.62,488.17,489.83,451
2023-09-10,482.36,499.54,482.36,497.3,188
2023-09-11,506.43,522.21,498.22,518.89,939
2023-09-12,529.18,529.18,498.13,498.13,241
2023-09-13,508.09,518.06,506.43,515.57,1008
2023-09-17,505.6,522.21,505.6,506.43,1250
2023-09-18,516.4,516.4,506.1,514.74,93
2023-09-19,504.61,524.7,504.61,521.38,253
2023-09-21,531.34,539.64,513.91,538.56,424
2023-09-24,549.27,549.27,523.04,527.19,1755
2023-09-25,537.73,547.95,520.71,520.71,1164
2023-09-26,528.85,547.95,528.85,545.45,1371
2023-09-27,535.49,540.47,534.58,539.64,1361
2023-10-01,529.27,538.73,508.92,508.92,1035
2023-10-02,510.59,529.1,510.59,523.04,1018
2023-10-03,513.91,531.34,504.86,504.86,1043
2023-10-04,498.96,531.34,498.96,527.19,699
2023-10-05,518.89,533.0,518.06,523.04,786
2023-10-08,514.74,525.53,508.92,525.53,1022
2023-10-09,516.4,526.36,514.74,517.31,1697
2023-10-10,508.92,516.4,508.18,508.92,759
2023-10-11,514.74,524.62,508.92,524.62,312
2023-10-12,514.74,518.89,504.44,518.8,125
2023-10-16,508.92,508.92,480.7,500.29,1683
2023-10-17,502.28,512.16,493.98,512.16,717
2023-10-18,518.89,518.89,501.95,514.74,668
2023-10-19,504.77,521.38,504.77,520.55,870
2023-10-29,528.85,528.85,510.59,520.8,171
2023-10-30,523.04,523.04,512.74,512.74,74
2023-10-31,522.96,522.96,473.64,514.74,2552
2023-11-01,504.77,504.77,494.4,498.96,391
2023-11-02,508.92,508.92,488.17,488.17,260
2023-11-05,479.04,481.53,463.26,464.92,2584
2023-11-06,464.92,477.38,457.45,473.23,842
2023-11-07,479.04,480.7,464.92,464.92,1218
2023-11-08,458.36,470.73,458.36,461.1,2019
2023-11-09,454.96,468.16,452.47,453.3,3415
2023-11-20,445.0,462.93,445.0,460.77,1183
2023-11-21,469.07,469.07,440.1,448.32,480
2023-11-22,456.54,474.06,456.45,464.92,376
2023-11-23,456.79,467.41,447.49,467.41,434
2023-11-26,471.56,471.56,459.11,460.77,732
2023-11-27,452.47,468.24,452.05,463.18,604
2023-11-28,466.58,468.99,448.32,468.16,742
2023-11-29,459.11,468.24,453.05,464.92,244
2023-11-30,455.79,465.75,446.74,465.75,1529
2023-12-03,467.41,467.41,456.62,464.92,128
2023-12-04,469.66,469.66,455.79,467.33,164
2023-12-05,460.77,464.43,436.7,456.62,915
2023-12-06,448.32,465.17,448.32,465.17,1084
2023-12-07,455.87,481.53,455.87,481.53,1589
2023-12-10,471.9,481.28,471.9,481.28,33
2023-12-11,490.83,528.85,490.83,514.74,4451
2023-12-12,525.03,564.55,494.4,555.42,3086
2023-12-13,547.95,557.08,508.09,548.78,2621
2023-12-14,543.79,554.59,493.98,539.64,1328
2023-12-17,535.49,539.39,508.92,518.89,4057
2023-12-18,527.19,547.03,518.89,546.28,4142
2023-12-19,546.28,556.16,535.49,543.79,1644
2023-12-20,554.67,576.17,541.72,552.1,3669
2023-12-21,545.21,561.98,531.42,551.27,3600
2023-12-24,551.27,564.96,541.47,552.93,1952
2023-12-27,541.88,552.68,538.65,539.64,1329
2023-12-28,531.51,547.86,519.72,519.72,6280
2024-01-01,518.89,540.64,518.89,527.19,1410
2024-01-02,517.31,526.36,506.43,513.91,1667
2024-01-03,504.77,514.74,504.36,507.68,969
2024-01-04,517.23,539.64,507.85,513.91,2876
2024-01-07,518.89,522.21,508.51,522.21,3020
2024-01-08,515.57,531.34,507.26,519.72,1744
2024-01-09,529.6,571.69,519.14,571.69,2776
2024-01-10,571.69,571.69,538.23,547.95,3034
2024-01-11,538.07,550.44,536.32,546.95,1289
2024-01-14,540.47,568.95,531.42,556.25,7396
2024-01-16,545.7,593.61,545.45,591.95,12893
2024-01-17,602.74,602.74,575.34,586.14,3974
2024-01-18,581.15,581.15,563.3,577.83,1800
2024-01-21,578.66,578.66,545.12,562.89,4166
2024-01-22,562.89,571.86,530.51,534.66,2216
2024-01-23,524.03,545.12,524.03,538.81,887
2024-01-24,532.25,570.69,532.25,552.1,3137
2024-01-25,557.08,557.08,532.92,535.49,1151
2024-01-28,525.61,554.5,523.04,537.15,1898
2024-01-29,547.86,553.76,533.08,547.95,3341
2024-01-30,558.74,558.74,536.41,539.64,4688
2024-01-31,550.44,550.44,527.19,534.66,929
2024-02-01,539.64,545.29,516.4,529.51,2019
2024-02-04,518.97,529.35,516.65,522.96,1375
2024-02-05,514.74,539.64,514.74,539.64,4998
2024-02-06,543.79,543.79,523.04,543.71,2622
2024-02-07,547.95,553.76,539.64,552.1,1459
2024-02-08,541.47,552.18,541.47,552.1,1766
2024-02-11,562.89,562.89,539.64,546.28,2663
2024-02-12,535.49,562.89,531.42,546.12,1208
2024-02-13,552.93,552.93,532.17,532.17,2828
2024-02-14,526.36,537.98,525.94,533.08,401
2024-02-15,543.71,543.71,531.34,540.47,2444
2024-02-18,531.34,540.47,531.34,539.64,2031
2024-02-20,530.51,535.49,527.19,531.26,3502
2024-02-21,527.19,539.56,527.19,533.08,4144
2024-02-22,543.71,543.71,529.76,535.49,4846
2024-02-25,543.79,543.79,525.53,528.02,1200
2024-02-26,528.02,528.02,524.7,524.7,690
2024-02-27,535.16,535.16,524.7,526.44,389
2024-02-28,536.32,536.32,518.89,528.85,928
2024-02-29,528.85,528.85,521.38,528.02,1402
2024-03-03,535.49,535.49,516.89,533.0,2958
2024-03-04,538.47,543.63,538.47,543.63,439
2024-03-05,554.42,554.42,521.38,547.53,2339
2024-03-06,536.65,556.25,536.32,549.61,2662
2024-03-07,552.1,558.82,533.0,558.74,13785
2024-03-10,558.74,592.78,553.76,583.98,12482
2024-03-12,595.27,642.34,589.46,624.33,17350
2024-03-13,636.78,650.06,600.5,630.55,15290
2024-03-14,626.82,650.31,621.0,621.0,9237
2024-03-17,621.0,659.94,621.0,649.15,10000
2024-03-18,656.7,656.7,640.1,654.96,5031
2024-03-19,647.65,687.42,647.65,684.93,21356
2024-03-20,697.3,709.84,673.31,682.44,26639
2024-03-21,687.42,695.72,674.14,674.14,7647
2024-03-25,664.18,665.84,653.38,655.87,12833
2024-03-26,668.91,668.99,630.97,663.26,2819
2024-03-27,674.14,674.97,610.21,625.74,8338
2024-03-28,614.36,638.19,604.4,622.67,9118
2024-03-31,610.21,620.59,608.55,608.55,1507
2024-04-01,608.55,614.36,597.84,613.95,12205
2024-04-02,601.74,646.74,601.74,625.99,7519
2024-04-03,638.44,662.52,638.44,647.57,7021
2024-04-04,655.87,683.27,655.87,669.24,12033
2024-04-07,680.78,682.61,640.1,640.1,7080
2024-04-09,652.89,664.26,639.27,651.72,9090
2024-04-10,660.02,663.26,632.63,632.63,2938
2024-04-14,632.63,689.91,622.75,684.02,15508
2024-04-15,670.4,680.78,660.02,669.99,7630
2024-04-16,660.02,667.25,648.57,650.89,1607
2024-04-18,648.4,649.23,627.65,632.63,3292
2024-04-21,623.5,652.05,623.5,639.27,2591
2024-04-22,628.89,641.76,628.89,628.89,1310
2024-04-24,619.68,643.42,608.14,626.9,1127
2024-04-25,622.83,635.12,622.83,635.12,1138
2024-04-28,628.64,663.84,628.56,644.25,1658
2024-04-29,645.91,655.87,643.01,643.01,1061
2024-04-30,642.59,668.33,636.86,659.19,2493
2024-05-02,650.06,709.84,650.06,680.78,19550
2024-05-05,680.78,734.74,680.78,703.53,29408
2024-05-06,716.48,716.48,695.72,710.59,19940
2024-05-07,713.99,750.52,713.99,748.78,21721
2024-05-08,747.2,784.56,747.2,784.56,25117
2024-05-09,772.93,783.73,747.28,764.63,22630
2024-05-12,779.49,779.49,740.56,751.35,5120
2024-05-13,755.5,787.05,747.86,787.05,11554
2024-05-14,773.77,805.31,772.1,797.01,8746
2024-05-15,797.01,805.23,761.31,776.26,11312
2024-05-16,760.73,812.79,760.73,797.01,16504
2024-05-19,805.31,812.95,781.07,787.46,19741
2024-05-20,798.67,814.45,772.1,774.6,12736
2024-05-21,759.15,827.73,759.15,827.73,17872
2024-05-22,811.21,878.37,797.01,871.73,23184
2024-05-26,854.3,922.37,837.28,922.37,28722
2024-05-27,940.81,940.81,850.98,896.64,24482
2024-05-29,878.7,948.11,859.28,870.9,16564
2024-05-30,853.55,904.11,820.26,820.26,26192
2024-06-02,805.31,869.24,789.21,866.75,7593
2024-06-03,883.35,883.35,821.75,870.07,22304
2024-06-04,852.72,917.39,852.72,904.94,36879
2024-06-05,886.84,939.81,875.05,903.2,21301
2024-06-06,885.18,942.13,885.18,919.05,43376
2024-06-09,900.71,936.49,888.34,909.09,56508
2024-06-10,890.91,963.06,890.91,911.58,24728
2024-06-11,893.4,946.45,893.4,933.08,17919
2024-06-12,917.39,934.83,901.62,918.22,23538
2024-06-13,900.79,936.57,892.49,904.11,22032
2024-06-16,903.28,932.34,880.95,909.09,30007
2024-06-18,892.49,958.9,860.19,909.09,34990
2024-06-19,892.49,909.84,873.47,894.15,9064
2024-06-20,876.3,963.06,871.81,963.06,20133
2024-06-23,943.79,943.79,866.75,913.16,24587
2024-06-24,894.98,948.11,878.37,906.43,16022
2024-06-25,888.34,921.54,872.56,900.54,13877
2024-06-26,882.61,899.13,880.03,892.49,10670
2024-06-27,875.88,904.11,875.88,892.49,14809
2024-06-30,875.88,896.64,875.88,892.49,15113
2024-07-01,880.03,896.64,862.68,896.64,17377
2024-07-02,914.07,950.6,877.21,900.79,13759
2024-07-03,884.18,913.16,859.44,888.34,24629
2024-07-04,870.57,913.24,870.57,909.92,12697
2024-07-07,891.74,934.0,888.42,921.63,25237
2024-07-08,903.2,973.85,903.2,955.58,49720
2024-07-09,936.49,989.62,936.49,980.57,31576
2024-07-10,960.98,1038.61,941.8,1000.42,35531
2024-07-11,980.41,1056.04,940.31,1012.87,39289
2024-07-14,1033.13,1050.23,958.07,1028.23,19524
2024-07-15,1007.72,1066.83,977.17,996.18,22730
2024-07-16,976.34,1028.89,963.06,1022.08,18881
2024-07-17,1001.66,1062.68,979.66,1019.43,23967
2024-07-18,1004.48,1050.23,981.32,1000.42,26251
2024-07-21,1004.57,1008.72,971.36,979.66,23537
2024-07-22,997.92,1038.61,961.39,974.76,19404
2024-07-23,956.5,1032.79,956.5,977.92,32090
2024-07-24,977.25,994.52,943.79,950.19,22346
2024-07-25,969.12,998.75,958.9,987.13,23713
2024-07-28,987.13,1012.87,929.93,965.55,13442
2024-07-29,965.55,966.21,931.51,931.84,22987
2024-07-30,929.85,947.28,921.54,944.71,8510
2024-07-31,958.9,997.59,941.47,950.6,11873
2024-08-01,934.0,963.06,904.94,913.24,20165
2024-08-05,894.98,969.03,894.98,934.16,11317
2024-08-06,949.19,965.79,896.72,896.72,14203
2024-08-07,904.94,940.64,896.64,933.17,14088
2024-08-08,945.62,945.62,894.98,900.79,9961
2024-08-11,918.8,954.67,918.8,943.96,20271
2024-08-12,962.22,962.22,904.94,934.0,17486
2024-08-13,938.15,949.77,915.32,923.12,10986
2024-08-14,923.12,923.12,904.77,912.41,6435
2024-08-15,898.38,922.37,898.3,908.26,11386
2024-08-18,900.79,999.09,896.72,909.92,12907
2024-08-21,896.64,963.89,896.64,919.05,5719
2024-08-22,921.46,942.3,905.85,913.24,10770
2024-08-25,900.79,984.81,900.79,946.53,24479
2024-08-27,927.6,1008.55,925.7,931.51,27105
2024-08-28,949.69,949.77,921.54,921.54,10632
2024-08-29,939.98,939.98,891.66,891.66,8583
2024-09-01,880.03,909.42,851.14,858.45,13608
2024-09-02,858.45,895.81,858.45,879.2,4000
2024-09-03,861.69,919.88,861.69,899.96,7042
2024-09-04,882.03,954.75,854.3,901.29,5989
2024-09-05,883.27,931.51,865.75,914.16,8072
2024-09-08,896.64,950.35,896.64,910.83,14968
2024-09-09,905.77,947.53,871.73,871.73,11685
2024-09-10,859.44,948.11,859.44,871.73,4945
2024-09-11,888.34,942.3,863.43,929.76,8195
2024-09-12,911.58,928.19,880.03,917.48,6788
2024-09-15,899.13,953.51,884.18,892.49,4454
2024-09-16,875.05,904.19,863.43,863.43,6030
2024-09-18,859.28,933.83,859.28,933.17,8171
2024-09-22,914.57,914.57,871.73,881.69,6976
2024-09-23,871.73,895.81,850.98,860.94,7260
2024-09-24,871.73,871.73,830.22,838.44,3271
2024-09-25,842.59,872.23,805.48,872.23,12616
2024-09-26,855.54,868.41,816.11,838.61,7105
2024-09-29,821.92,829.39,807.8,813.62,4561
2024-09-30,797.34,842.67,797.34,838.44,1929
2024-10-01,831.88,866.75,831.88,866.75,7355
2024-10-02,850.98,867.16,826.65,831.88,3548
2024-10-06,831.88,848.48,816.94,833.54,4109
2024-10-07,834.37,888.34,817.77,863.43,4018
2024-10-08,850.98,850.98,834.37,838.52,973
2024-10-09,821.92,889.17,806.14,848.48,1225
2024-10-15,833.71,882.69,833.62,849.4,729
2024-10-16,865.92,865.92,842.67,855.13,1735
2024-10-17,859.28,871.65,853.47,859.19,3276
2024-10-20,870.9,893.81,842.67,857.62,3348
2024-10-21,841.01,904.94,830.22,904.94,4712
2024-10-22,886.84,886.84,835.37,862.52,2692
2024-10-23,846.82,863.68,836.86,853.3,1176
2024-10-24,852.64,863.43,836.94,837.03,1610
2024-10-27,821.92,870.9,821.92,845.16,1230
2024-10-28,829.56,854.3,829.56,853.47,1238
2024-10-29,836.45,870.15,836.45,869.16,5042
2024-10-30,851.81,910.34,843.59,904.94,6326
2024-11-05,886.84,886.84,851.81,880.03,2191
2024-11-06,880.03,897.47,845.33,867.5,3880
2024-11-10,855.13,876.45,850.31,871.81,3011
2024-11-11,855.29,919.05,838.52,915.73,12974
2024-11-12,897.47,954.75,880.12,917.39,23420
2024-11-13,899.05,946.45,899.05,920.55,6997
2024-11-14,902.2,971.36,902.2,938.15,19170
2024-11-17,919.39,981.32,919.39,970.44,23908
2024-11-19,987.13,996.26,940.39,946.37,18331
2024-11-20,934.0,963.89,921.63,941.47,6657
2024-11-21,946.45,963.06,922.71,923.29,11830
2024-11-24,905.77,940.64,905.77,929.85,4429
2024-11-25,913.24,946.45,913.24,938.15,5190
2024-11-26,938.15,938.98,920.8,935.66,4018
2024-11-27,935.66,947.28,929.85,944.79,5458
2024-11-28,947.28,963.06,926.53,926.53,6816
2024-12-01,909.09,938.15,908.26,925.61,4027
2024-12-02,925.61,940.64,924.03,934.0,5357
2024-12-03,946.37,950.6,916.56,919.39,5706
2024-12-04,915.48,945.45,915.48,921.54,10421
2024-12-05,939.81,939.81,921.54,929.02,6728
2024-12-08,929.02,934.91,914.9,924.78,6326
2024-12-09,943.13,943.13,906.6,921.46,4124
2024-12-10,939.81,939.81,913.24,928.1,1852
2024-12-11,946.45,946.45,917.39,934.0,4515
2024-12-12,919.05,950.6,904.94,933.83,4637
2024-12-16,943.96,943.96,906.68,906.68,2059
2024-12-17,924.03,924.03,904.94,918.14,4078
2024-12-18,936.49,936.49,909.09,920.63,3533
2024-12-19,924.28,924.28,902.45,910.83,4318
2024-12-22,894.15,919.72,893.4,910.75,2408
2024-12-23,896.72,909.67,892.57,905.02,2175
2024-12-24,891.66,922.37,891.66,916.15,2904
2024-12-26,919.88,921.88,898.3,914.82,2703
2024-12-29,896.8,938.15,896.8,919.05,5984
2024-12-31,933.91,937.32,897.47,908.18,8574
2025-01-01,896.64,944.79,896.64,913.24,2770
2025-01-02,928.19,931.51,904.94,913.24,3791
2025-01-05,931.45,931.45,881.91,913.64,958
2025-01-06,909.09,927.27,895.45,919.09,1402
2025-01-07,934.45,934.45,906.36,916.36,990
2025-01-08,934.55,970.91,916.36,936.36,2794
2025-01-09,918.18,954.45,918.18,942.73,2004
2025-01-12,954.55,954.55,924.55,945.45,2903
2025-01-13,926.55,944.55,910.09,928.18,4969
2025-01-15,913.64,940.82,913.64,928.18,2787
2025-01-16,935.45,935.45,917.27,929.0,2194
2025-01-19,918.18,952.73,913.64,952.73,8723
2025-01-20,963.64,981.82,952.73,972.73,15429
2025-01-21,954.55,986.36,954.55,972.73,2220
2025-01-22,986.36,986.36,934.27,963.64,7651
2025-01-23,959.09,981.82,941.18,962.64,2236
2025-01-26,946.36,1009.09,946.36,998.18,15053
2025-01-27,978.27,1022.73,978.27,1004.55,19814
2025-01-28,1004.55,1017.27,999.09,1013.64,5588
2025-02-02,1020.91,1100.0,1014.55,1090.91,43272
2025-02-03,1108.18,1112.73,1051.82,1053.64,16178
2025-02-04,1074.55,1095.45,1054.55,1063.64,22665
2025-02-05,1055.45,1095.45,1055.45,1065.45,19149
2025-02-06,1045.45,1080.91,1045.45,1075.55,19578
2025-02-09,1063.64,1080.91,1054.55,1065.36,6422
2025-02-10,1052.73,1084.91,1045.45,1054.64,6178
2025-02-11,1065.45,1074.55,1027.27,1040.91,8093
2025-02-12,1028.18,1082.91,1028.18,1060.73,9075
2025-02-13,1045.45,1080.0,1041.0,1071.82,16405
2025-02-16,1060.0,1100.0,1060.0,1091.09,28877
2025-02-17,1112.91,1154.55,1093.64,1139.09,29442
2025-02-18,1140.91,1153.64,1104.55,1112.73,29343
2025-02-20,1109.09,1131.82,1096.36,1111.82,6394
2025-02-23,1093.64,1118.18,1090.0,1104.64,15981
2025-02-24,1091.91,1122.73,1081.82,1094.55,15927
2025-02-25,1114.91,1116.27,1081.82,1090.91,7751
2025-02-27,1112.73,1134.91,1077.27,1089.09,16008
2025-03-02,1068.45,1118.18,1068.45,1090.91,8230
2025-03-03,1072.73,1090.82,1059.09,1059.09,5511
2025-03-04,1059.09,1095.45,1028.18,1040.0,11516
2025-03-05,1034.55,1102.73,1031.82,1048.18,7742
2025-03-06,1028.18,1064.91,1021.0,1050.91,8506
2025-03-09,1031.82,1050.0,1012.73,1032.73,5587
2025-03-10,1018.18,1045.27,995.45,1000.0,4930
2025-03-11,1018.18,1018.18,978.18,978.18,4902
2025-03-12,977.27,1017.27,966.36,998.09,3013
2025-03-16,1000.0,1000.0,961.36,969.36,3089
2025-03-17,955.91,1031.82,955.91,963.64,4914
2025-03-18,982.91,1000.0,954.64,959.09,4467
2025-03-19,959.09,997.73,946.64,973.64,8288
2025-03-20,990.91,990.91,953.27,968.18,3439
2025-03-23,951.91,968.0,934.18,934.97,3190
2025-03-24,931.82,963.64,927.27,956.48,1422
2025-03-25,937.45,954.55,922.73,924.62,3677
2025-03-26,939.91,977.82,925.45,952.95,2447
2025-03-27,960.0,980.91,944.64,969.34,3703
2025-03-30,950.91,990.0,950.91,976.82,3161
2025-04-01,988.18,990.91,958.18,972.73,2209
2025-04-02,990.73,1008.82,955.55,992.75,4942
2025-04-03,1008.18,1008.18,972.73,987.27,1198
2025-04-07,988.18,988.18,949.09,963.78,1635
2025-04-08,945.55,977.18,945.55,969.85,1866
2025-04-09,968.18,1020.0,950.55,956.38,3440
2025-04-10,974.55,975.45,954.55,960.88,2041
2025-04-13,950.0,972.73,945.45,947.15,2663
2025-04-15,929.09,985.36,929.09,944.73,2122
2025-04-16,944.73,1000.0,942.73,953.73,2862
2025-04-17,963.64,981.73,939.09,972.59,5026
2025-04-20,953.18,971.82,949.09,959.93,1219
2025-04-21,970.91,970.91,936.36,945.85,4821
2025-04-22,928.18,963.64,928.18,936.75,5146
2025-04-23,927.27,993.64,927.27,934.93,1007
2025-04-24,934.55,952.64,921.91,930.41,3049
2025-04-27,918.18,948.91,911.82,917.19,5242
2025-04-28,913.64,954.09,900.09,901.83,6376
2025-04-29,895.45,945.45,890.91,901.75,3598
2025-04-30,898.18,936.36,890.91,902.85,3883
2025-05-04,918.18,918.18,890.91,905.17,5417
2025-05-05,894.18,912.0,881.91,888.25,2043
2025-05-06,906.0,940.91,891.0,897.24,1171
2025-05-07,890.91,914.55,864.18,904.19,9111
2025-05-08,886.45,970.91,886.45,904.33,3606
2025-05-11,922.36,959.45,900.0,910.79,4449
2025-05-13,928.18,945.36,900.91,913.64,3793
2025-05-14,900.91,936.36,900.91,918.42,5015
2025-05-15,935.45,935.45,899.82,914.77,3001
2025-05-18,931.82,932.73,901.82,916.34,3890
2025-05-19,909.09,934.45,909.09,913.11,6638
2025-05-20,929.55,936.36,911.82,928.97,2845
2025-05-21,947.55,948.18,913.64,929.18,1719
2025-05-22,947.73,972.64,914.18,961.13,13577
2025-05-25,979.09,999.0,954.55,989.95,11907
2025-05-26,1009.09,1029.09,966.36,974.56,5003
2025-05-27,963.73,983.55,945.45,957.57,2877
2025-05-28,959.09,963.64,927.27,950.85,5641
2025-06-02,969.09,999.09,928.45,933.65,3914
2025-06-03,931.82,950.91,909.73,916.91,5078
2025-06-04,913.64,917.55,901.82,904.45,6251
2025-06-05,904.73,922.64,904.55,905.11,3250
2025-06-08,900.0,918.0,900.0,913.05,1382
2025-06-09,914.55,938.0,904.64,928.87,4261
2025-06-10,910.91,947.18,910.91,913.75,4364
2025-06-11,931.82,931.82,906.45,908.62,3586
2025-06-12,926.36,944.82,904.55,916.65,3299
2025-06-15,904.55,931.82,904.55,910.73,3462
2025-06-16,910.73,922.64,909.09,913.85,1979
2025-06-17,909.09,940.73,909.09,931.32,4344
2025-06-18,943.64,943.64,910.27,922.12,3091
2025-06-19,910.64,939.09,910.09,921.05,3109
2025-06-22,909.09,917.27,904.55,906.8,3034
2025-06-23,909.09,917.27,895.55,898.88,1461
2025-06-24,912.73,912.73,892.82,895.35,2417
2025-06-25,900.0,909.09,882.09,897.49,1563
2025-06-26,884.55,907.27,884.55,887.91,3864
2025-06-29,905.45,923.64,903.36,912.75,2948
2025-06-30,904.55,926.36,904.55,919.17,1792
2025-07-01,903.91,972.18,903.91,956.65,12990
2025-07-02,974.55,994.55,943.55,958.43,5718
2025-07-03,971.82,971.82,934.55,941.45,4861
2025-07-06,953.64,963.64,930.91,941.58,3465
2025-07-07,956.36,956.36,923.0,927.0,5254
2025-07-08,924.55,944.55,922.82,931.85,1107
2025-07-09,928.18,949.64,926.45,946.84,3749
2025-07-10,941.91,961.82,934.09,945.75,12531
2025-07-13,964.64,1000.0,954.55,968.55,11223
2025-07-14,959.09,976.27,941.09,946.33,6005
2025-07-15,931.0,963.64,931.0,951.15,7216
2025-07-16,937.27,977.27,936.36,963.18,9482
2025-07-17,954.55,998.18,954.55,988.54,8034
2025-07-20,968.82,1062.73,968.82,984.84,7470
2025-07-21,968.18,1017.27,953.64,1004.55,10776
2025-07-22,984.55,1063.64,984.55,1025.64,16198
2025-07-23,1036.36,1045.45,999.09,1022.53,10983
2025-07-24,1040.91,1040.91,1009.09,1010.85,6536
2025-07-27,1030.91,1111.82,1002.0,1025.89,15414
2025-07-28,1018.18,1036.27,1006.55,1031.6,10516
2025-07-29,1050.0,1080.0,1043.64,1057.52,18499
2025-07-30,1077.73,1090.91,1009.09,1016.9,16848
2025-07-31,1036.36,1072.73,987.27,994.34,11161
2025-08-03,1000.0,1006.36,954.64,960.27,8073
2025-08-04,941.09,990.45,941.09,968.13,7880
2025-08-05,950.91,1047.27,950.91,982.47,11400
2025-08-06,962.91,1021.82,950.0,981.78,7857
2025-08-07,990.91,1019.09,988.18,1004.54,11062
2025-08-11,984.45,1024.09,984.45,1006.45,12647
2025-08-12,992.0,1035.45,987.27,1028.34,14898
2025-08-13,1007.82,1034.55,1007.82,1026.53,19378
2025-08-14,1015.45,1063.64,1015.45,1038.75,10870
2025-08-17,1018.0,1044.55,1000.0,1004.77,7119
2025-08-18,1000.0,1023.64,975.45,980.94,7961
2025-08-19,965.45,1016.36,965.45,999.62,8616
2025-08-20,980.0,1007.27,978.18,981.07,5312
2025-08-21,968.18,993.64,968.18,979.41,5984
2025-08-24,960.91,990.91,960.91,965.75,3343
2025-08-25,980.0,993.64,974.55,981.17,3267
2025-08-26,981.17,1005.91,978.27,988.57,3238
2025-08-27,989.09,1004.55,982.73,998.11,5542
2025-08-28,987.55,998.18,963.64,970.69,8838
2025-08-31,964.55,990.0,953.64,968.16,2777
2025-09-01,953.64,982.64,953.64,978.91,1011
2025-09-02,978.91,998.0,968.18,971.09,4193
2025-09-03,951.73,985.45,951.73,971.6,6824
2025-09-04,968.18,975.45,959.09,963.0,2388
2025-09-07,946.36,981.82,946.36,963.27,3329
2025-09-08,945.45,962.73,941.09,946.8,3037
2025-09-18,927.91,927.91,904.36,904.36,110
2025-09-21,891.82,978.18,891.82,941.29,4335
2025-09-23,954.55,954.55,927.45,936.09,3615
2025-09-24,936.36,940.91,921.82,934.55,3226
2025-09-25,945.45,945.45,931.82,936.36,1183
2025-09-28,949.09,1018.18,932.73,960.91,3515
2025-10-07,960.91,960.91,923.64,941.82,3606
2025-10-08,940.91,940.91,905.45,917.27,4014
2025-10-09,935.45,1009.0,918.18,918.18,2228
2025-10-12,900.0,916.36,868.73,868.73,4526
2025-10-13,856.36,912.73,856.36,886.36,2604
2025-10-14,877.27,910.82,877.27,882.55,1716
2025-10-15,869.09,912.73,869.09,873.09,3866
2025-10-16,856.36,922.73,856.36,922.73,4287
2025-10-19,922.73,922.73,886.36,886.36,312
2025-10-26,868.64,900.0,851.45,890.91,1854
2025-10-28,874.09,980.0,874.09,915.45,6284
2025-10-29,900.91,929.0,900.0,911.73,1668
2025-10-30,911.82,922.73,895.45,918.18,3559
2025-11-02,918.18,948.18,899.91,941.27,5590
2025-11-03,922.73,958.18,904.64,927.0,3258
2025-11-04,909.09,945.36,904.55,904.55,1238
2025-11-05,897.36,917.18,895.45,915.45,4326
2025-11-06,915.45,933.73,904.55,929.09,2897
2025-11-09,911.0,916.36,896.36,904.55,2886
2025-11-10,904.55,916.36,900.91,910.91,2927
2025-11-11,892.73,972.73,892.73,915.55,2551
2025-11-12,903.18,920.91,903.18,906.36,1397
2025-11-13,890.91,913.64,890.91,913.64,2290
2025-11-16,897.0,921.82,896.45,897.64,366
2025-11-17,891.82,909.0,891.82,906.36,641
2025-11-18,892.73,918.18,892.73,912.64,1142
2025-11-19,921.82,921.82,900.0,901.82,904
2025-11-20,897.36,912.64,896.36,907.18,1377
2025-11-23,890.91,931.82,890.91,922.73,3147
2025-11-24,904.27,964.73,904.27,953.64,6452
2025-11-25,934.64,959.09,931.91,940.0,3720
2025-11-26,921.27,939.09,921.27,938.18,1816
2025-11-27,919.45,941.82,919.45,941.82,1851
2025-11-30,923.0,1000.0,923.0,952.73,10530
2025-12-01,934.55,1025.45,934.55,981.82,15371
2025-12-02,962.18,1031.82,962.18,1000.0,19761
2025-12-03,980.0,1020.0,980.0,1009.09,18238
2025-12-07,1009.09,1064.27,1009.09,1030.91,52118
2025-12-08,1030.91,1035.45,1009.09,1034.45,24385
2025-12-09,1013.82,1014.64,995.64,1000.09,11028
2025-12-10,982.73,1081.18,972.73,990.91,20664
2025-12-11,1000.0,1009.09,950.0,975.45,5241
2025-12-14,972.73,991.73,941.82,946.82,30362
2025-12-15,927.91,1003.64,927.91,954.64,5160
2025-12-16,935.55,1009.09,935.55,1009.09,5504
2025-12-17,988.91,1000.0,950.0,1000.0,11218
2025-12-18,980.0,998.18,948.18,981.82,13785
2025-12-21,962.18,972.73,923.64,940.82,18200
2025-12-22,922.09,977.82,909.73,944.55,9776
2025-12-23,962.73,962.73,920.0,922.73,2903
2025-12-24,909.09,973.64,909.09,942.64,4804
2025-12-28,942.64,959.09,936.45,951.82,6011
2025-12-29,932.82,1028.18,932.82,960.91,4184
2025-12-31,941.73,1017.27,941.73,988.18,16189
2026-01-01,968.45,1036.36,947.27,1017.27,20959
2026-01-04,997.0,1036.36,950.0,982.73,25895
2026-01-05,963.1,1015.0,963.1,1000.0,11222
2026-01-06,980.0,1080.0,980.0,1000.0,6392
2026-01-07,980.0,995.0,969.0,993.0,7662
2026-01-08,973.2,992.0,970.0,988.0,4657
2026-01-12,969.0,988.0,950.0,950.0,15901
2026-01-13,964.0,964.0,921.3,945.0,10428
2026-01-14,955.0,955.0,924.0,953.0,5995
2026-01-18,955.0,984.8,937.1,965.0,5219
2026-01-20,979.9,979.9,951.6,954.0,5114
2026-01-21,968.0,968.0,952.0,952.0,6382
2026-01-22,964.0,964.0,933.1,960.2,9323
2026-01-25,960.2,970.0,950.0,960.1,7785
2026-01-26,960.2,971.9,948.0,960.0,8047
2026-01-27,970.0,970.0,942.0,943.0,5391
2026-01-28,943.0,961.8,935.0,961.8,11456
2026-01-29,960.0,961.8,943.4,951.0,6144
2026-02-01,947.0,963.9,947.0,953.1,3035
2026-02-02,955.0,955.0,940.2,941.0,2557
2026-02-03,953.7,953.9,925.0,945.0,4150
2026-02-04,956.0,957.0,926.2,926.2,3460
2026-02-05,922.3,957.0,922.3,935.0,3091
2026-02-08,922.3,953.0,922.3,931.0,3138
2026-02-09,925.0,941.0,923.0,925.0,3104
2026-02-10,921.8,930.0,915.0,923.0,1842
2026-02-11,936.0,938.0,920.0,924.8,2545
2026-02-12,935.0,935.0,915.0,917.0,6085
2026-02-16,928.0,928.0,898.0,910.0,8550
2026-02-17,897.3,987.2,897.3,911.0,3660
2026-02-22,911.0,958.1,893.0,958.1,4633
2026-02-23,939.0,939.0,915.2,920.0,3386
2026-02-24,933.0,933.0,909.0,929.9,1408
2026-02-25,915.1,925.0,910.0,925.0,3536
2026-02-26,930.0,930.0,911.5,917.0,565
2026-03-01,900.0,924.0,899.1,917.0,1776
2026-03-03,917.0,930.9,907.0,924.5,2558
2026-03-09,942.9,942.9,942.9,942.9,310
2026-03-10,961.7,998.5,945.1,977.0,12942
2026-03-11,958.0,980.0,947.8,950.2,5399
2026-03-12,938.0,969.0,938.0,958.5,1914
2026-03-15,960.0,970.0,938.0,950.0,6359
2026-03-16,940.0,950.0,934.0,949.7,1970
2026-03-17,955.0,955.0,935.9,946.0,2273
2026-03-19,936.1,970.0,936.1,965.0,8053
2026-03-22,975.0,1012.0,965.1,1001.9,21930
2026-03-23,1021.9,1021.9,990.0,993.0,7148
2026-03-24,974.0,1014.0,974.0,995.0,10241
2026-03-25,977.1,996.0,970.0,976.0,9397
2026-03-26,976.0,985.0,965.0,985.0,3333
2026-03-29,968.5,968.5,950.1,953.0,8570
2026-03-30,951.0,963.5,911.4,939.0,13207
2026-03-31,926.0,951.0,920.0,942.1,6585
2026-04-01,931.0,942.0,920.0,920.0,3454
2026-04-02,907.2,928.0,895.0,901.5,8464
2026-04-05,919.5,919.5,861.0,875.0,10769
2026-04-06,892.5,901.0,874.7,900.0,7988
2026-04-07,913.0,918.0,893.1,904.0,4434
2026-04-08,890.0,937.5,890.0,937.5,6303
2026-04-09,931.0,958.0,926.2,950.0,5553
2026-04-10,950.0,963.0,926.2,928.0,9136
2026-04-13,929.0,930.0,911.0,915.0,6480
2026-04-15,915.0,933.0,902.0,921.0,8168
2026-04-16,936.5,957.0,900.5,925.0,6534
2026-04-17,937.0,937.0,900.0,910.0,5226
2026-04-20,890.0,926.4,890.0,915.0,4281
2026-04-21,905.1,918.0,905.0,908.0,13365
2026-04-22,890.1,917.0,885.0,895.0,13300
2026-04-23,890.1,910.0,890.0,893.1,3520
2026-04-24,893.1,1004.2,873.1,915.0,3907
2026-04-27,901.0,910.0,890.0,899.5,7092
2026-04-28,900.0,900.0,885.1,885.1,2442
2026-04-29,875.1,894.9,865.1,869.0,2857
2026-04-30,889.9,889.9,865.0,879.0,3124
2026-05-04,865.3,880.0,865.3,870.0,2918
2026-05-05,870.0,896.0,860.0,888.0,2611
2026-05-06,888.0,888.0,865.6,870.0,470
2026-05-07,882.0,882.0,870.1,877.7,492
2026-05-08,886.0,886.0,872.0,885.8,2072
2026-05-11,885.8,889.0,875.0,879.0,5168
2026-05-12,894.4,895.0,870.0,889.7,3586
2026-05-13,875.5,885.0,875.5,884.8,283
2026-05-14,861.5,886.0,861.2,866.0,1276
2026-05-15,870.0,872.7,863.1,872.0,927
2026-05-18,857.0,870.0,857.0,864.0,2194
2026-05-19,845.5,867.0,845.5,865.0,1066
2026-05-20,867.0,867.0,860.1,860.2,3970
2026-05-21,869.5,869.5,855.5,866.0,879
2026-05-22,841.1,860.0,840.5,860.0,4603
2026-05-25,860.0,875.0,855.0,875.0,2633
2026-05-26,884.0,884.0,862.2,872.0,2007
2026-05-27,875.5,928.5,861.0,874.9,316
2026-06-01,861.5,868.0,860.0,863.9,775
2026-06-02,859.0,873.7,859.0,860.0,538
2026-06-03,867.0,879.0,861.1,863.0,1642
2026-06-04,865.0,875.0,865.0,872.0,1223
2026-06-05,872.0,872.0,861.0,871.0,496
2026-06-08,865.0,865.0,852.0,859.0,1833
2026-06-09,854.0,868.0,850.4,850.4,2596
2026-06-10,850.2,860.0,850.2,856.1,303
2026-06-11,843.0,856.0,843.0,847.1,1117
2026-06-12,845.0,854.0,842.0,854.0,426
2026-06-15,854.5,854.5,840.1,847.9,3946
2026-06-16,848.2,852.0,840.0,849.0,3271
2026-06-17,860.0,860.9,845.0,846.0,746
2026-06-18,835.0,849.9,830.0,837.0,1620
2026-06-19,831.0,843.0,826.3,830.0,1507
2026-06-22,812.9,854.0,812.9,844.9,2288
2026-06-23,825.0,849.0,825.0,830.3,2018
2026-06-24,815.1,828.0,815.0,815.3,1040
2026-06-25,827.0,930.0,803.2,920.0,5195
2026-06-26,892.4,892.4,820.6,821.0,2723
2026-06-29,797.2,845.6,791.0,823.0,2052
2026-06-30,801.5,819.7,777.7,816.9,6047
2026-07-01,823.5,824.0,800.1,810.0,1970
2026-07-02,832.9,832.9,795.1,815.5,2168
2026-07-03,816.6,819.0,800.0,815.0,1864
2026-07-06,797.0,809.9,790.0,809.0,1915
2026-07-07,809.0,825.3,800.6,818.0,413
2026-07-08,794.0,808.9,777.7,794.9,1303
2026-07-09,779.0,790.0,770.0,790.0,1876
2026-07-10,813.6,837.9,780.0,800.0,1186
2026-07-13,808.0,809.0,760.0,766.0,7732
2026-07-14,787.5,787.5,735.0,760.0,4432
2026-07-15,739.2,782.5,739.2,760.0,1322
2026-07-16,761.0,780.0,750.0,772.6,857
2026-07-17,782.0,799.9,770.0,797.9,2603
2026-07-20,809.0,810.0,785.0,802.0,1073
2026-07-21,802.0,823.0,802.0,815.0,609
2026-07-22,792.0,815.0,791.0,803.0,3285
2026-07-23,808.0,808.0,779.5,806.9,1276
2026-07-24,800.0,806.0,791.6,806.0,1517
2026-07-27,800.0,800.0,777.0,780.0,3094
2026-07-28,761.0,788.0,756.6,787.0,2495
2026-07-29,787.0,789.0,763.8,784.0,4774
2026-07-30,784.0,784.0,761.3,779.5,2158
2026-07-31,779.0,787.0,760.3,766.4,2071
2026-08-03,750.1,789.7,750.0,777.9,1097
2026-08-04,774.0,774.0,759.0,770.0,1947
2026-08-05,770.0,775.0,770.0,770.0,338
2026-08-06,757.6,765.0,757.6,760.2,1750
2026-08-07,771.8,780.0,760.0,777.0,5331
2026-08-10,760.3,815.0,760.3,807.9,10382
2026-08-11,807.9,815.0,798.0,800.0,2606
2026-08-12,800.0,808.0,750.0,796.3,6542
2026-08-13,795.0,796.0,772.0,780.0,4044
2026-08-14,800.0,800.0,775.0,785.0,1672
2026-08-17,793.0,793.0,770.0,770.0,310
2026-08-18,761.0,783.0,761.0,783.0,1323
2026-08-19,788.7,788.9,765.0,785.0,2713
2026-08-20,790.0,797.7,774.0,780.0,321
2026-08-21,766.1,784.0,766.1,774.0,2114
2026-08-24,783.3,783.3,766.6,770.0,1976
2026-08-25,761.5,783.0,761.5,783.0,1999
2026-08-26,780.0,780.0,762.0,778.0,2228
2026-08-27,763.0,775.0,763.0,774.6,382
2026-08-31,762.0,768.0,745.5,767.0,2055
2026-09-01,782.0,782.0,762.0,762.1,895
