timestamp,open,high,low,close,volume
2012-09-20,45.29,47.16,45.66,47.16,50
2012-09-23,47.16,49.22,47.54,49.22,424
2012-09-24,49.22,51.48,49.6,51.48,680
2012-09-25,51.48,54.1,50.91,51.67,23525
2012-09-26,51.67,51.67,50.17,50.54,7492
2012-09-27,50.54,51.1,50.35,51.1,4606
2012-09-30,51.1,51.1,50.35,51.1,6767
2012-10-01,51.1,51.48,50.91,51.48,6043
2012-10-02,51.48,51.48,51.1,51.48,2251
2012-10-03,51.48,52.23,51.29,52.04,8229
2012-10-04,52.04,52.23,51.67,52.23,6753
2012-10-07,52.23,53.35,52.04,52.61,7385
2012-10-08,52.61,55.05,52.42,54.48,16611
2012-10-09,54.48,54.29,53.92,54.1,3600
2012-10-10,54.1,54.48,53.17,53.35,9473
2012-10-11,53.35,54.29,53.35,54.1,13811
2012-10-14,54.1,56.36,53.54,56.36,11944
2012-10-15,56.36,57.11,55.42,56.73,10712
2012-10-17,56.73,59.55,56.36,59.36,9818
2012-10-18,59.36,61.24,59.36,61.24,13045
2012-10-30,61.24,63.49,60.12,62.93,9489
2012-10-31,62.93,64.25,61.8,63.11,8134
2012-11-01,63.11,63.11,61.43,61.8,6371
2012-11-04,61.8,62.18,60.86,61.8,12667
2012-11-05,61.8,64.06,61.24,61.8,9272
2012-11-06,61.8,61.8,61.05,61.24,1627
2012-11-07,61.24,62.18,60.86,61.43,10139
2012-11-08,61.43,63.68,60.49,61.99,16030
2012-11-11,61.99,62.37,60.12,60.67,6706
2012-11-12,60.67,62.56,59.93,62.56,14935
2012-11-18,62.56,63.11,60.86,61.8,15326
2012-11-20,61.8,63.68,61.43,61.8,14402
2012-11-21,61.8,62.93,60.86,61.62,10222
2012-11-22,61.62,61.62,60.86,61.43,3370
2012-11-25,61.43,63.11,61.05,62.18,12425
2012-11-26,62.18,62.56,60.12,61.8,59238
2012-11-27,61.8,62.18,60.86,61.8,6415
2012-11-28,61.8,62.18,60.86,61.62,7881
2012-11-29,61.62,62.18,60.12,60.86,4349
2012-12-02,60.86,61.43,60.49,60.86,2423
2012-12-03,60.86,61.99,60.49,60.49,521
2012-12-04,60.49,61.62,60.12,61.05,14709
2012-12-05,61.05,62.75,61.05,62.56,16471
2012-12-06,62.56,62.18,60.86,61.24,12374
2012-12-09,61.24,61.24,60.67,60.86,4503
2012-12-10,60.86,61.43,59.93,61.24,2402
2012-12-11,61.24,61.43,60.86,61.05,2159
2012-12-13,61.05,62.18,61.62,61.62,3927
2012-12-16,61.62,63.3,61.62,62.56,7142
2012-12-17,62.56,63.87,62.18,62.93,44520
2012-12-18,62.93,62.37,61.43,62.37,5219
2012-12-19,62.37,62.75,61.99,62.75,14291
2012-12-20,62.75,66.5,61.99,66.5,74290
2012-12-23,66.5,70.63,67.25,70.63,38587
2012-12-24,70.63,74.76,71.37,72.87,51895
2012-12-26,72.87,74.0,69.5,71.37,28397
2012-12-27,71.37,71.37,70.06,70.25,18373
2012-12-31,70.25,70.06,67.25,68.94,16759
2013-01-01,68.94,69.31,67.44,68.37,12473
2013-01-02,68.37,69.12,66.5,68.0,11972
2013-01-03,68.0,69.5,68.37,68.56,7399
2013-01-06,68.56,70.06,67.25,70.06,20490
2013-01-07,70.06,69.31,66.87,67.62,11976
2013-01-08,67.62,67.44,66.5,66.5,10191
2013-01-09,66.5,68.0,66.5,67.25,12510
2013-01-10,67.25,67.06,66.31,66.31,8641
2013-01-13,66.31,68.75,66.12,67.81,6180
2013-01-15,67.81,70.81,68.56,69.87,26316
2013-01-16,69.87,70.44,69.31,70.06,11977
2013-01-17,70.06,69.5,68.75,68.75,8790
2013-01-20,68.75,68.0,66.31,67.06,8339
2013-01-21,67.06,69.31,67.81,68.75,7955
2013-01-22,68.75,68.56,67.81,68.18,6577
2013-01-23,68.18,69.12,67.44,68.0,9579
2013-01-24,68.0,68.0,67.25,67.44,4052
2013-01-27,67.44,67.62,66.68,66.87,4591
2013-01-28,66.87,67.62,66.87,67.62,2460
2013-01-30,67.62,67.62,67.06,67.62,17956
2013-01-31,67.62,67.62,66.87,67.25,5570
2013-02-03,67.25,68.94,67.62,68.56,9347
2013-02-04,68.56,68.56,67.62,68.0,8707
2013-02-05,68.0,68.56,68.0,68.37,7847
2013-02-06,68.37,68.0,66.12,67.25,13550
2013-02-07,67.25,67.44,66.68,67.06,2513
2013-02-10,67.06,67.62,66.5,67.44,6429
2013-02-12,67.44,69.87,68.0,69.87,10762
2013-02-13,69.87,69.12,68.18,68.56,9787
2013-02-14,68.56,69.31,68.75,68.75,1525
2013-02-17,68.75,73.06,69.5,73.06,7190
2013-02-19,73.06,75.88,70.81,71.56,22307
2013-02-20,71.56,70.81,68.56,69.31,12320
2013-02-21,69.31,71.56,70.06,70.81,7282
2013-02-24,70.81,70.44,69.12,70.44,6022
2013-02-25,70.44,71.94,70.06,71.0,11959
2013-02-26,71.0,71.56,70.25,70.63,6306
2013-02-27,70.63,70.25,69.12,69.31,2924
2013-02-28,69.31,69.69,68.56,69.31,9052
2013-03-03,69.31,70.06,69.12,69.69,5161
2013-03-04,69.69,69.87,68.75,68.75,7602
2013-03-05,68.75,68.94,68.18,68.75,8582
2013-03-06,68.75,70.06,68.94,70.06,4772
2013-03-07,70.06,70.44,69.69,69.69,4002
2013-03-11,69.69,69.87,68.94,69.5,7647
2013-03-13,69.5,71.19,69.87,70.44,16668
2013-03-14,70.44,71.94,69.87,70.44,10226
2013-03-17,70.44,70.44,68.37,69.31,5725
2013-03-18,69.31,69.31,68.37,68.37,2407
2013-03-19,68.37,69.31,68.56,69.12,3683
2013-03-20,69.12,68.37,68.0,68.0,6872
2013-03-21,68.0,67.62,67.62,67.62,200
2013-03-24,67.62,67.25,66.5,66.5,6079
2013-03-25,66.5,67.81,66.68,67.25,5578
2013-03-27,67.25,67.62,66.87,67.06,4938
2013-03-28,67.06,67.62,67.06,67.44,2557
2013-03-31,67.44,67.44,66.5,66.5,7932
2013-04-01,66.5,67.44,65.74,67.44,6795
2013-04-02,67.44,68.94,67.44,68.94,2291
2013-04-04,68.94,68.18,66.87,66.87,785
2013-04-07,66.87,67.25,66.5,67.25,5193
2013-04-08,67.25,67.44,66.87,67.06,2397
2013-04-09,67.06,68.56,66.68,68.56,1108
2013-04-11,68.56,68.75,67.81,68.0,3947
2013-04-15,68.0,69.12,67.25,67.44,5846
2013-04-16,67.44,67.81,67.06,67.62,1451
2013-04-17,67.62,67.62,67.44,67.44,3272
2013-04-18,67.44,67.06,66.12,66.68,2013
2013-04-21,66.68,66.68,65.93,66.31,2136
2013-04-22,66.31,65.74,64.06,64.62,9014
2013-04-23,64.62,66.5,65.37,65.37,3583
2013-04-25,65.37,65.56,64.81,64.81,2537
2013-04-28,64.81,64.99,64.25,64.43,2009
2013-04-29,64.43,65.37,64.43,64.43,2806
2013-04-30,64.43,64.43,64.06,64.43,482
2013-05-02,64.43,63.68,61.43,61.8,5240
2013-05-05,61.8,62.37,61.43,61.8,3246
2013-05-06,61.8,61.43,61.05,61.43,1583
2013-05-07,61.43,64.81,61.8,64.25,3139
2013-05-08,64.25,63.49,62.75,63.49,1192
2013-05-09,63.49,63.49,62.37,62.93,1957
2013-05-12,62.93,63.49,61.43,61.43,1905
2013-05-13,61.43,62.75,61.24,61.99,3339
2013-05-14,61.99,63.49,62.37,62.75,4876
2013-05-15,62.75,64.99,63.49,63.87,3305
2013-05-16,63.87,64.81,63.87,64.62,4283
2013-05-19,64.62,64.81,64.81,64.81,154
2013-05-20,64.81,64.25,62.75,63.3,245
2013-05-21,63.3,63.11,62.37,63.11,4017
2013-05-22,63.11,64.43,63.68,63.68,803
2013-05-23,63.68,62.93,61.99,62.37,8136
2013-05-26,62.37,62.93,61.99,62.37,7066
2013-05-27,62.37,63.49,62.18,63.49,5353
2013-05-28,63.49,64.06,62.93,64.06,2735
2013-05-30,64.06,64.06,64.06,64.06,990
2013-06-02,64.06,63.3,62.37,62.37,1050
2013-06-03,62.37,62.75,62.18,62.75,816
2013-06-04,62.75,62.56,62.56,62.56,1257
2013-06-05,62.56,62.93,61.24,62.75,7951
2013-06-06,62.75,62.75,62.37,62.56,957
2013-06-09,62.56,62.56,61.99,62.18,5065
2013-06-10,62.18,61.99,61.24,61.8,4421
2013-06-11,61.8,61.8,61.43,61.8,1706
2013-06-12,61.8,61.8,61.62,61.8,1843
2013-06-13,61.8,62.18,61.8,61.99,4205
2013-06-16,61.99,62.56,61.99,61.99,2456
2013-06-17,61.99,61.8,61.05,61.43,3362
2013-06-18,61.43,61.43,60.86,60.86,10449
2013-06-19,60.86,61.43,60.3,61.43,167
2013-06-20,61.43,61.24,60.67,61.24,5899
2013-06-23,61.24,60.86,60.86,60.86,628
2013-06-24,60.86,61.43,60.49,61.24,3801
2013-06-25,61.24,62.75,61.43,62.37,10161
2013-06-26,62.37,64.06,62.56,62.93,9777
2013-06-27,62.93,62.75,61.99,61.99,3767
2013-06-30,61.99,61.99,60.86,61.05,8222
2013-07-01,61.05,61.62,60.67,61.24,5954
2013-07-02,61.24,60.86,60.86,60.86,3590
2013-07-03,60.86,61.43,60.86,61.43,4196
2013-07-04,61.43,61.24,60.86,61.05,4970
2013-07-07,61.05,61.24,61.05,61.05,3491
2013-07-08,61.05,62.18,61.05,61.43,6206
2013-07-09,61.43,63.49,61.24,63.49,8924
2013-07-10,63.49,64.99,63.49,63.68,5834
2013-07-11,63.68,63.68,62.93,63.3,7740
2013-07-14,63.3,64.81,63.11,63.11,4450
2013-07-15,63.11,63.68,63.3,63.3,2612
2013-07-16,63.3,63.3,62.56,63.3,1562
2013-07-17,63.3,63.3,61.99,61.99,3110
2013-07-18,61.99,64.62,62.56,63.87,6945
2013-07-21,63.87,67.25,64.62,65.74,2654
2013-07-22,65.74,66.5,64.25,64.99,7442
2013-07-23,64.99,64.62,63.68,64.06,2431
2013-07-24,64.06,63.68,62.37,63.68,5944
2013-07-25,63.68,63.68,62.93,63.3,3543
2013-07-28,63.3,63.87,62.75,63.87,7311
2013-07-29,63.87,65.74,63.11,65.74,18679
2013-07-30,65.74,66.5,64.25,65.56,10099
2013-07-31,65.56,66.5,65.18,65.18,6766
2013-08-01,65.18,67.25,65.18,66.5,18108
2013-08-04,66.5,66.68,65.56,66.12,6200
2013-08-05,66.12,66.12,64.06,64.06,2099
2013-08-06,64.06,65.93,63.11,65.18,3580
2013-08-07,65.18,65.18,64.43,64.81,6571
2013-08-08,64.81,65.37,64.62,64.99,5258
2013-08-11,64.99,64.62,64.25,64.62,3299
2013-08-12,64.62,64.62,63.68,63.87,2341
2013-08-13,63.87,63.3,62.93,63.3,10001
2013-08-14,63.3,63.68,62.93,63.3,1266
2013-08-15,63.3,63.68,62.75,63.68,6747
2013-08-18,63.68,64.06,63.49,63.87,611
2013-08-19,63.87,63.87,63.11,63.87,5439
2013-08-20,63.87,64.62,63.49,63.49,4416
2013-08-25,63.49,63.87,63.49,63.87,3103
2013-08-26,63.87,64.62,62.93,64.62,7864
2013-08-27,64.62,66.31,64.99,65.56,17827
2013-08-29,65.56,65.93,64.62,65.93,9375
2013-09-01,65.93,66.12,64.62,65.18,4975
2013-09-02,65.18,64.62,63.87,63.87,5416
2013-09-03,63.87,64.99,63.87,64.62,4561
2013-09-04,64.62,65.37,63.68,65.37,5012
2013-09-05,65.37,65.37,63.87,64.62,9523
2013-09-08,64.62,65.37,64.99,65.18,8169
2013-09-09,65.18,66.5,64.81,65.93,40222
2013-09-10,65.93,67.62,65.56,67.06,26117
2013-09-11,67.06,67.44,65.93,66.31,9706
2013-09-12,66.31,67.44,66.5,67.25,14478
2013-09-15,67.25,68.18,67.25,68.18,20843
2013-09-16,68.18,69.5,67.62,68.94,11913
2013-09-17,68.94,70.44,68.94,69.87,20968
2013-09-19,69.87,70.63,68.37,70.25,11208
2013-09-22,70.25,69.5,67.44,68.0,5866
2013-09-23,68.0,67.62,66.87,67.44,12712
2013-09-24,67.44,69.12,67.62,68.37,8776
2013-09-25,68.37,69.12,67.62,68.37,6783
2013-09-26,68.37,68.56,67.62,68.0,3574
2013-09-29,68.0,68.18,67.81,68.0,6829
2013-09-30,68.0,67.81,67.62,67.81,2131
2013-10-01,67.81,68.56,67.62,68.37,18192
2013-10-02,68.37,68.94,67.44,68.75,16402
2013-10-03,68.75,68.75,67.81,68.37,9646
2013-10-06,68.37,70.25,68.37,69.5,8433
2013-10-07,69.5,70.06,68.75,70.06,7854
2013-10-08,70.06,70.81,69.31,70.44,11043
2013-10-09,70.44,70.44,70.06,70.44,5522
2013-10-10,70.44,71.37,69.87,70.25,6031
2013-10-17,70.25,71.56,70.81,71.0,2847
2013-10-20,71.0,72.13,71.19,71.94,16701
2013-10-21,71.94,73.25,71.19,71.19,8638
2013-10-22,71.19,71.19,70.25,70.63,8377
2013-10-23,70.63,70.81,69.87,70.25,6344
2013-10-24,70.25,70.25,69.69,69.69,3855
2013-10-27,69.69,69.31,68.75,68.75,3502
2013-10-28,68.75,69.12,68.75,68.75,2323
2013-10-29,68.75,69.31,68.56,69.12,2922
2013-10-30,69.12,70.06,69.31,69.5,5169
2013-10-31,69.5,69.87,68.37,68.56,3745
2013-11-06,68.56,68.75,68.0,68.75,3639
2013-11-07,68.75,70.06,69.5,69.87,525
2013-11-10,69.87,70.25,69.31,69.5,4209
2013-11-11,69.5,71.75,70.25,71.75,16789
2013-11-12,71.75,75.32,71.75,72.69,29295
2013-11-13,72.69,74.0,71.75,72.13,25654
2013-11-14,72.13,74.0,71.37,72.87,87079
2013-11-21,72.87,76.63,73.82,76.63,396
2013-11-24,76.63,81.7,77.75,81.33,73160
2013-11-25,81.33,81.51,76.82,79.26,37307
2013-11-26,79.26,81.51,77.94,79.45,17143
2013-11-27,79.45,80.57,78.13,79.64,10402
2013-11-28,79.64,80.2,77.75,78.7,23242
2013-12-01,78.7,80.57,78.88,79.64,26430
2013-12-02,79.64,82.45,79.64,82.08,24501
2013-12-03,82.08,84.14,81.51,83.77,32961
2013-12-04,83.77,89.59,84.33,88.27,34530
2013-12-05,88.27,94.47,87.9,89.77,62094
2013-12-08,89.77,92.21,88.64,92.03,44293
2013-12-09,92.03,92.59,90.52,90.9,18392
2013-12-10,90.9,92.03,89.59,90.9,22560
2013-12-11,90.9,94.66,91.46,91.84,29492
2013-12-12,91.84,94.47,91.84,93.15,22929
2013-12-15,93.15,99.72,92.77,99.35,38587
2013-12-16,99.35,106.67,100.66,106.67,17200
2013-12-18,106.67,111.36,107.98,110.61,17620
2013-12-19,110.61,112.29,103.85,108.92,34317
2013-12-22,108.92,108.73,102.72,105.92,43276
2013-12-23,105.92,105.92,99.91,101.41,25386
2013-12-24,101.41,105.92,94.28,102.35,29310
2013-12-26,102.35,107.98,101.22,103.29,47038
2013-12-29,103.29,104.6,102.17,103.85,26913
2013-12-31,103.85,105.16,102.35,102.54,18121
2014-01-01,102.54,102.17,100.28,101.41,24558
2014-01-02,101.41,104.79,95.78,101.22,26826
2014-01-05,101.22,104.98,100.28,102.91,25051
2014-01-06,102.91,104.23,103.1,103.29,17268
2014-01-07,103.29,104.6,102.91,103.1,26455
2014-01-08,103.1,107.42,104.04,105.35,13362
2014-01-09,105.35,106.1,104.04,105.92,23787
2014-01-12,105.92,111.17,106.29,110.23,38822
2014-01-13,110.23,112.11,110.05,110.23,27441
2014-01-14,110.23,116.05,111.55,115.3,56741
2014-01-16,115.3,120.56,116.24,118.68,50095
2014-01-19,118.68,119.99,114.55,117.36,15355
2014-01-20,117.36,116.62,114.37,116.43,16606
2014-01-21,116.43,116.43,113.42,115.3,8954
2014-01-22,115.3,115.11,111.55,112.48,12703
2014-01-23,112.48,116.05,111.74,112.29,18916
2014-01-26,112.29,113.8,111.55,111.74,17133
2014-01-27,111.74,112.48,109.11,110.05,6354
2014-01-28,110.05,113.42,109.67,110.42,6626
2014-01-29,110.42,111.55,108.73,110.61,10578
2014-02-02,110.61,109.67,108.35,108.35,7884
2014-02-03,108.35,109.85,107.42,108.17,8660
2014-02-04,108.17,111.92,106.67,110.23,18501
2014-02-05,110.23,113.99,111.55,112.86,34218
2014-02-06,112.86,114.74,112.29,114.74,26494
2014-02-09,114.74,114.74,112.86,113.8,5243
2014-02-10,113.8,119.99,115.3,117.18,37660
2014-02-11,117.18,115.68,113.42,114.55,23099
2014-02-12,114.55,114.37,112.48,113.61,14099
2014-02-13,113.61,114.55,113.05,113.42,20423
2014-02-16,113.42,114.55,111.92,111.92,6127
2014-02-17,111.92,113.8,111.55,113.8,4091
2014-02-18,113.8,115.3,113.05,113.05,10484
2014-02-20,113.05,116.99,111.92,115.3,14937
2014-02-23,115.3,118.87,115.3,115.3,19782
2014-02-24,115.3,118.87,114.37,115.11,14089
2014-02-25,115.11,116.81,112.86,115.11,14578
2014-02-26,115.11,117.18,111.74,113.24,4916
2014-03-03,113.24,113.42,110.05,110.05,10085
2014-03-04,110.05,110.61,107.6,109.67,23998
2014-03-05,109.67,112.29,109.67,112.11,10861
2014-03-06,112.11,112.11,108.92,109.67,7197
2014-03-09,109.67,109.67,107.79,107.79,5467
2014-03-10,107.79,109.85,106.29,109.85,20879
2014-03-11,109.85,108.35,105.92,107.42,8999
2014-03-12,107.42,107.79,105.92,105.92,16902
2014-03-13,105.92,109.29,106.48,108.17,18320
2014-03-17,108.17,107.42,104.79,105.35,6892
2014-03-18,105.35,106.29,102.17,102.91,25603
2014-03-19,102.91,107.42,103.29,106.29,16567
2014-03-20,106.29,107.79,104.79,107.79,12045
2014-03-23,107.79,107.79,106.29,106.48,5587
2014-03-24,106.48,108.17,105.16,107.79,10609
2014-03-25,107.79,108.17,107.6,107.98,4104
2014-03-26,107.98,108.73,107.42,107.6,4562
2014-03-27,107.6,108.54,106.48,107.79,10609
2014-03-31,107.79,109.48,106.29,109.48,11927
2014-04-01,109.48,113.61,109.29,112.48,25581
2014-04-02,112.48,114.18,112.48,114.18,40024
2014-04-03,114.18,115.49,111.74,113.05,27057
2014-04-06,113.05,115.49,111.55,113.8,24057
2014-04-07,113.8,113.61,112.48,112.48,16472
2014-04-09,112.48,114.55,111.74,111.74,14139
2014-04-10,111.74,115.3,112.67,114.74,20289
2014-04-13,114.74,116.24,113.8,114.37,12273
2014-04-15,114.37,116.24,113.42,113.8,5686
2014-04-16,113.8,114.18,111.55,112.11,11122
2014-04-17,112.11,114.37,111.55,112.48,7606
2014-04-20,112.48,112.86,111.55,111.55,16788
2014-04-21,111.55,114.18,110.05,112.11,8671
2014-04-22,112.11,111.92,110.61,111.92,4474
2014-04-23,111.92,112.48,109.85,112.48,5435
2014-04-27,112.48,113.42,112.11,113.05,16364
2014-04-28,113.05,112.29,109.67,110.61,15115
2014-04-29,110.61,115.49,109.85,115.49,9421
2014-04-30,115.49,113.8,110.61,110.61,7251
2014-05-04,110.61,113.42,110.98,112.11,4899
2014-05-05,112.11,117.36,110.61,116.24,13464
2014-05-06,116.24,119.99,115.86,119.06,37157
2014-05-07,119.06,121.69,116.05,116.81,41883
2014-05-08,116.81,117.36,114.55,114.55,11764
2014-05-11,114.55,117.18,113.42,115.68,31869
2014-05-12,115.68,116.99,115.3,116.99,6179
2014-05-13,116.99,117.36,114.74,114.74,6999
2014-05-15,114.74,115.86,113.8,115.3,9194
2014-05-18,115.3,115.11,114.18,114.37,19756
2014-05-19,114.37,114.37,111.92,112.67,4450
2014-05-20,112.67,113.42,113.05,113.05,2810
2014-05-21,113.05,113.8,111.55,113.42,9383
2014-05-22,113.42,114.18,111.74,114.18,7454
2014-05-25,114.18,115.49,112.48,114.37,29175
2014-05-26,114.37,114.18,112.11,112.86,11171
2014-05-27,112.86,113.42,112.11,113.42,8278
2014-05-28,113.42,114.37,112.48,114.37,14094
2014-06-01,114.37,115.3,113.42,114.55,8276
2014-06-02,114.55,117.18,113.24,114.55,14295
2014-06-03,114.55,119.06,115.49,116.43,34726
2014-06-04,116.43,118.12,116.24,116.81,16625
2014-06-05,116.81,117.18,116.24,117.18,15681
2014-06-08,117.18,119.06,114.37,117.18,21832
2014-06-09,117.18,119.62,117.36,118.49,28233
2014-06-10,118.49,122.25,115.49,121.69,59934
2014-06-11,121.69,125.81,121.69,123.56,21817
2014-06-12,123.56,125.62,123.0,123.75,30617
2014-06-15,123.75,127.5,124.69,127.12,22183
2014-06-16,127.12,129.38,126.56,128.06,20131
2014-06-17,128.06,128.44,120.93,127.12,29779
2014-06-18,127.12,128.44,126.56,126.56,17052
2014-06-19,126.56,128.44,123.75,128.44,20331
2014-06-23,128.44,126.38,122.81,124.5,16153
2014-06-24,124.5,126.56,122.62,126.56,22382
2014-06-25,126.56,127.88,125.62,126.56,19631
2014-06-26,126.56,127.31,125.62,126.56,8628
2014-06-29,126.56,127.88,125.62,126.56,15454
2014-06-30,126.56,127.88,126.56,127.88,16409
2014-07-01,127.88,128.63,126.56,126.94,13619
2014-07-02,126.94,129.94,127.12,127.69,13027
2014-07-03,127.69,128.44,126.56,127.5,18426
2014-07-06,127.5,128.25,125.62,127.5,9561
2014-07-07,127.5,129.01,126.56,127.31,23429
2014-07-08,127.31,132.57,128.44,132.19,20736
2014-07-09,132.19,134.26,129.38,134.26,12992
2014-07-10,134.26,136.14,131.26,134.08,13620
2014-07-13,134.08,142.71,134.44,135.01,19021
2014-07-14,135.01,135.2,131.26,133.89,5162
2014-07-15,133.89,134.26,131.82,133.32,8971
2014-07-16,133.32,136.89,132.38,133.51,7543
2014-07-17,133.51,136.52,132.57,133.32,13836
2014-07-20,133.32,139.33,133.32,135.95,16003
2014-07-21,135.95,138.02,134.26,136.33,15821
2014-07-22,136.33,136.33,131.26,135.01,11964
2014-07-23,135.01,135.2,131.82,132.76,18203
2014-07-24,132.76,134.08,132.19,133.7,16753
2014-07-27,133.7,134.63,130.5,132.19,14392
2014-07-28,132.19,133.13,131.26,132.0,6117
2014-07-30,132.0,132.38,129.38,130.32,14433
2014-07-31,130.32,131.26,129.19,130.32,35890
2014-08-03,130.32,129.38,127.5,128.44,8963
2014-08-04,128.44,129.38,127.31,127.5,6714
2014-08-05,127.5,131.26,128.44,130.88,6369
2014-08-06,130.88,129.94,125.62,126.56,13406
2014-08-07,126.56,131.26,123.94,131.26,7852
2014-08-12,131.26,129.19,125.62,125.81,1016
2014-08-13,125.81,127.69,123.75,125.62,13014
2014-08-14,125.62,127.88,125.25,125.62,7165
2014-08-18,125.62,126.56,121.87,123.37,11004
2014-08-19,123.37,126.0,123.75,124.5,12341
2014-08-20,124.5,123.75,121.87,121.87,10705
2014-08-21,121.87,125.62,119.24,124.87,15701
2014-08-24,124.87,125.62,121.87,121.87,3709
2014-08-25,121.87,120.56,115.49,118.87,7746
2014-08-26,118.87,123.75,115.49,119.99,19102
2014-08-27,119.99,125.06,120.56,121.87,31238
2014-08-28,121.87,126.56,119.06,122.06,14089
2014-08-31,122.06,121.12,117.18,118.31,6426
2014-09-01,118.31,119.06,113.61,119.06,4310
2014-09-03,119.06,121.31,117.18,117.36,3732
2014-09-04,117.36,117.36,115.49,117.36,9008
2014-09-07,117.36,117.18,109.29,110.61,9798
2014-09-09,110.61,119.06,111.36,119.06,13703
2014-09-10,119.06,122.81,112.11,112.67,19341
2014-09-11,112.67,115.3,111.17,115.3,6051
2014-09-14,115.3,115.3,112.86,113.8,4901
2014-09-15,113.8,114.37,113.05,113.61,4252
2014-09-16,113.61,116.81,112.11,116.81,13107
2014-09-17,116.81,118.12,114.74,114.74,8065
2014-09-18,114.74,115.11,113.42,115.11,125
2014-09-21,111.92,111.17,109.48,110.05,4583
2014-09-22,110.05,112.29,108.35,110.61,3644
2014-09-23,110.61,113.42,111.74,111.74,3206
2014-09-24,111.74,115.3,110.61,112.67,5447
2014-09-28,112.67,114.37,112.48,112.48,4492
2014-09-29,112.48,115.11,113.42,113.99,6392
2014-09-30,113.99,119.62,114.37,119.62,8867
2014-10-08,119.62,118.87,113.24,114.37,5254
2014-10-09,114.37,115.3,112.29,114.18,5407
2014-10-12,114.18,113.42,112.48,113.05,4946
2014-10-13,113.05,115.86,111.55,112.86,11494
2014-10-14,112.86,116.24,112.67,116.24,6140
2014-10-15,116.24,117.93,115.3,116.81,4728
2014-10-16,116.81,118.12,116.05,116.24,10478
2014-10-19,116.24,117.74,115.3,117.18,4574
2014-10-20,117.18,118.12,115.49,116.99,3065
2014-10-21,116.99,117.74,116.24,117.18,9956
2014-10-22,117.18,122.06,117.18,120.37,33119
2014-10-26,120.37,122.81,119.99,121.31,13113
2014-10-27,121.31,122.81,121.12,122.81,15646
2014-10-28,122.81,123.37,121.87,122.43,18884
2014-10-30,122.43,123.19,121.31,123.19,9802
2014-11-02,123.19,122.43,119.43,120.75,13735
2014-11-03,120.75,120.18,118.31,119.24,4789
2014-11-04,119.24,119.06,115.3,119.06,13870
2014-11-05,119.06,120.75,118.87,119.99,7653
2014-11-06,119.99,121.12,119.06,121.12,15975
2014-11-09,121.12,123.75,119.99,119.99,49227
2014-11-10,119.99,119.99,117.18,118.12,23371
2014-11-11,118.12,122.25,117.36,120.93,24369
2014-11-12,120.93,124.69,120.93,122.25,38349
2014-11-13,122.25,122.62,120.37,121.5,22970
2014-11-16,121.5,123.37,119.43,119.99,42717
2014-11-17,119.99,119.99,116.24,118.31,39192
2014-11-18,118.31,119.43,112.11,117.18,44503
2014-11-19,117.28,121.28,115.6,121.28,2902
2014-11-20,121.28,126.32,123.17,126.32,1189
2014-11-23,126.32,127.79,125.27,126.11,4338
2014-11-24,126.11,128.64,124.22,128.64,7085
2014-11-25,128.64,128.01,126.74,128.01,439
2014-11-30,128.01,128.01,127.17,127.17,475
2014-12-01,127.17,126.95,124.43,125.06,1956
2014-12-02,125.06,123.38,120.44,122.12,2782
2014-12-03,122.12,125.06,122.96,124.86,2577
2014-12-04,124.86,128.22,126.53,126.53,2826
2014-12-07,126.53,124.64,124.64,124.64,60
2014-12-08,124.64,128.64,124.64,127.37,4266
2014-12-09,127.37,128.42,126.11,128.42,678
2014-12-10,128.42,132.0,128.22,128.22,2204
2014-12-11,128.22,132.0,129.9,131.79,8264
2014-12-14,131.79,139.36,133.89,138.52,9065
2014-12-15,138.52,141.88,136.21,140.83,9090
2014-12-16,140.83,140.41,136.62,139.15,11819
2014-12-17,139.15,137.68,134.94,135.79,5443
2014-12-18,135.79,137.68,134.73,137.68,6770
2014-12-21,137.68,136.62,134.73,135.57,2977
2014-12-22,135.57,135.36,134.31,134.94,5370
2014-12-23,134.94,133.05,132.0,132.84,3471
2014-12-24,132.84,136.21,134.31,135.57,3602
2014-12-28,135.57,138.72,137.68,138.52,7802
2014-12-29,138.52,140.62,135.15,140.62,23069
2014-12-31,140.62,138.94,136.62,138.72,12336
2015-01-01,138.72,140.83,138.94,140.83,18274
2015-01-04,140.83,144.41,141.25,143.56,16446
2015-01-05,143.56,145.24,141.25,142.93,19931
2015-01-06,142.93,142.09,140.41,140.83,5892
2015-01-07,140.83,142.51,138.72,141.67,12093
2015-01-08,141.67,142.3,137.68,139.99,15036
2015-01-11,139.99,141.04,139.78,140.83,12280
2015-01-12,140.83,140.83,136.21,139.78,12500
2015-01-13,139.78,141.88,135.57,141.88,13610
2015-01-14,141.88,142.72,138.52,142.72,7645
2015-01-18,142.72,145.03,140.83,140.83,7168
2015-01-19,140.83,151.34,140.83,146.51,37643
2015-01-20,146.51,148.19,140.83,144.82,8767
2015-01-22,144.82,144.61,140.83,143.35,9920
2015-01-25,143.35,145.03,142.3,144.19,10551
2015-01-26,144.19,148.61,145.03,148.61,9160
2015-01-27,148.61,146.71,145.46,146.09,5752
2015-01-28,146.09,147.56,146.51,147.56,7458
2015-01-29,147.56,149.45,146.3,148.19,6342
2015-02-01,148.19,149.24,146.51,148.19,9696
2015-02-02,148.19,150.5,146.93,147.56,17893
2015-02-03,147.56,147.97,146.09,146.09,16042
2015-02-04,146.09,145.66,142.93,145.03,11969
2015-02-05,145.03,146.09,144.82,146.09,6368
2015-02-08,146.09,146.3,144.19,145.24,11225
2015-02-09,145.24,146.71,144.41,145.46,2954
2015-02-10,145.46,144.82,143.56,143.98,7856
2015-02-11,143.98,145.03,143.78,144.41,2850
2015-02-12,144.41,145.46,140.83,145.03,8434
2015-02-15,145.03,147.35,144.41,144.82,5549
2015-02-16,144.82,144.41,140.41,143.78,10028
2015-02-19,143.78,145.24,142.93,143.98,6600
2015-02-22,143.98,145.03,140.83,141.46,11048
2015-02-23,141.46,142.93,139.36,141.88,14389
2015-02-24,141.88,144.19,140.83,144.19,4300
2015-02-25,144.19,142.93,141.88,142.3,7081
2015-03-01,143.14,145.24,143.14,145.03,13199
2015-03-02,145.03,147.35,145.03,147.35,27804
2015-03-03,147.35,146.3,145.03,145.66,5669
2015-03-04,145.66,147.14,145.46,146.71,10226
2015-03-09,146.71,149.03,146.71,147.56,7136
2015-03-10,147.56,148.19,144.61,146.09,9327
2015-03-11,146.09,147.14,145.24,146.09,11324
2015-03-12,146.09,147.56,146.09,146.3,7211
2015-03-15,146.3,146.09,143.98,145.88,2215
2015-03-16,145.88,146.51,142.09,142.09,8025
2015-03-17,142.09,144.61,140.83,144.61,4960
2015-03-18,144.61,144.82,143.35,144.82,3998
2015-03-19,144.82,145.46,143.98,145.24,9148
2015-03-22,145.24,145.66,142.93,142.93,6746
2015-03-23,142.93,143.14,140.62,140.62,15949
2015-03-24,140.62,142.09,140.83,141.46,4364
2015-03-25,141.46,142.72,139.78,140.83,11909
2015-03-26,140.83,141.88,139.36,140.2,8247
2015-03-29,140.2,141.04,140.2,140.83,2580
2015-03-30,140.83,142.3,139.99,140.83,4397
2015-03-31,140.83,142.51,141.04,142.09,4357
2015-04-01,142.09,143.35,140.41,141.04,5431
2015-04-02,141.04,142.93,139.78,142.09,10882
2015-04-05,142.09,141.88,140.41,141.67,5789
2015-04-06,141.67,142.51,141.25,142.3,5212
2015-04-07,142.3,142.09,140.83,141.25,1518
2015-04-08,141.25,144.19,140.83,143.98,9215
2015-04-09,143.98,145.24,142.93,142.93,6932
2015-04-12,142.93,145.03,143.56,145.03,7090
2015-04-13,145.03,144.41,142.93,144.41,4193
2015-04-15,144.41,143.98,143.14,143.78,294
2015-04-16,143.78,143.98,141.88,142.93,6562
2015-04-19,142.93,143.14,141.25,143.14,8010
2015-04-20,143.14,145.03,142.09,142.51,4577
2015-04-21,142.51,145.03,142.51,145.03,3479
2015-04-22,145.03,143.56,141.88,141.88,1391
2015-04-23,143.14,143.78,142.93,143.35,2905
2015-05-26,143.35,141.04,131.58,131.58,95
2015-05-27,131.58,129.47,121.07,121.07,19632
2015-05-28,121.07,124.64,119.17,124.22,14009
2015-05-31,124.22,131.58,124.01,131.58,9640
2015-06-01,131.58,137.04,133.05,135.79,12002
2015-06-02,135.79,137.88,131.37,137.68,4945
2015-06-03,137.68,142.93,137.68,141.25,12678
2015-06-04,141.25,143.35,138.94,140.83,5832
2015-06-07,140.83,142.3,140.83,142.09,12990
2015-06-08,142.09,146.51,142.93,145.88,16945
2015-06-09,145.88,150.5,147.14,147.56,23508
2015-06-10,147.56,147.97,142.93,146.71,16498
2015-06-11,146.71,145.03,141.67,142.09,7293
2015-06-14,142.09,141.88,140.62,141.67,14671
2015-06-15,141.67,145.03,140.83,142.93,2364
2015-06-16,142.93,142.3,141.46,141.67,3125
2015-06-17,141.67,142.93,141.25,142.09,5709
2015-06-18,142.09,142.09,141.25,141.25,3353
2015-06-21,141.25,141.88,139.78,140.83,4731
2015-06-22,139.78,142.72,139.78,142.3,3792
2015-06-23,140.2,142.51,140.2,141.67,11618
2015-06-24,139.36,143.98,139.36,143.98,10111
2015-06-25,142.93,143.56,140.83,142.93,11548
2015-06-28,141.46,143.35,141.46,142.93,10566
2015-06-29,145.03,147.14,143.35,144.19,8927
2015-06-30,143.78,143.98,143.14,143.78,3824
2015-07-01,141.88,144.19,141.88,143.14,13270
2015-07-02,143.35,143.35,140.83,142.3,24158
2015-07-05,142.93,143.35,141.67,142.09,5948
2015-07-06,142.51,142.51,141.04,142.09,12586
2015-07-07,142.09,143.35,140.83,142.93,12122
2015-07-08,145.03,145.03,143.35,143.98,8299
2015-07-09,144.19,144.82,141.46,143.35,49705
2015-07-12,142.3,144.61,142.3,143.56,13643
2015-07-13,144.61,144.61,141.88,142.93,10879
2015-07-14,143.98,143.98,142.93,143.14,1921
2015-07-15,141.04,143.78,141.04,143.35,12656
2015-07-16,143.78,143.78,143.14,143.78,3211
2015-07-22,145.03,145.03,143.56,144.41,12096
2015-07-23,144.41,151.55,143.56,149.03,24906
2015-07-26,149.03,161.22,151.34,161.22,10259
2015-07-27,161.22,169.0,152.39,153.65,44453
2015-07-28,153.65,155.33,146.93,150.29,24650
2015-07-29,150.29,150.29,147.97,149.45,13362
2015-07-30,149.24,152.39,148.19,149.45,19539
2015-08-02,149.45,151.55,148.19,151.55,8778
2015-08-03,151.55,151.76,150.29,151.34,25093
2015-08-04,151.34,151.76,148.82,151.76,25123
2015-08-05,151.76,151.76,149.24,151.34,12124
2015-08-06,151.34,153.45,148.61,151.34,17150
2015-08-09,151.34,157.65,150.5,152.39,35374
2015-08-10,152.39,156.6,153.45,156.18,62008
2015-08-11,156.18,157.44,154.71,155.13,23673
2015-08-12,155.13,155.76,153.65,154.71,43228
2015-08-13,155.54,157.65,155.33,155.76,49632
2015-08-16,155.96,161.85,155.54,159.75,187647
2015-08-17,159.75,173.63,162.53,173.63,26359
2015-08-18,176.65,181.2,172.37,177.16,21959
2015-08-19,176.65,178.17,174.89,177.91,16664
2015-08-20,180.94,193.31,179.93,181.2,28990
2015-08-23,178.17,182.96,175.4,177.91,9652
2015-08-24,177.91,178.67,175.4,176.15,8685
2015-08-25,175.9,176.15,174.89,174.89,5149
2015-08-26,176.15,176.15,172.87,174.64,7430
2015-08-27,174.89,175.14,173.38,173.63,4645
2015-08-31,171.1,174.89,171.1,172.11,8939
2015-09-01,172.11,172.11,170.09,170.09,2208
2015-09-02,170.34,170.34,165.55,166.06,7479
2015-09-03,166.56,167.07,163.54,165.05,7290
2015-09-06,165.3,167.32,163.54,164.8,15374
2015-09-07,166.06,168.83,164.8,166.06,3380
2015-09-08,167.32,172.62,162.27,164.29,28970
2015-09-09,164.29,164.54,162.27,162.27,8332
2015-09-10,161.27,165.05,159.75,161.01,12034
2015-09-13,163.28,164.8,163.28,163.54,6812
2015-09-14,166.31,169.08,163.54,165.3,9774
2015-09-15,168.08,168.58,164.8,166.06,5190
2015-09-16,166.56,166.56,163.28,163.79,20244
2015-09-17,166.56,166.06,161.52,162.27,14319
2015-09-22,161.01,161.77,156.72,157.23,20413
2016-04-14,157.23,20.99,20.99,20.99,15219
2016-07-11,157.37,170.84,160.0,170.84,80
2016-07-12,170.84,185.76,173.76,185.76,4499
2016-07-13,185.76,202.15,188.98,202.15,51110
2016-07-14,205.65,220.0,205.65,220.0,310
2016-07-17,220.0,239.9,223.8,239.9,35481
2016-07-18,239.9,261.55,243.99,261.55,66772
2016-07-19,266.23,284.38,266.23,282.04,347038
2016-07-20,282.92,282.92,272.67,273.84,109866
2016-07-21,273.84,278.53,268.29,275.6,80867
2016-07-25,275.6,279.99,272.67,279.7,71715
2016-07-26,279.7,289.94,280.58,285.55,72453
2016-07-27,285.55,294.62,284.38,285.84,61186
2016-07-28,285.84,288.48,279.99,284.38,53687
2016-07-31,284.38,284.38,278.53,278.82,29647
2016-08-01,278.82,279.99,271.21,278.53,48708
2016-08-02,278.53,279.99,269.45,277.07,28796
2016-08-03,277.07,278.23,271.21,275.6,27865
2016-08-04,275.6,275.6,268.29,271.21,37760
2016-08-07,271.21,275.89,268.29,268.29,44573
2016-08-08,268.29,269.17,255.11,255.11,22293
2016-08-09,259.8,273.84,259.8,270.33,6626
2016-08-10,276.19,282.92,260.97,270.33,55973
2016-08-11,271.8,276.77,267.99,267.99,32593
2016-08-14,268.87,269.17,262.43,264.19,31007
2016-08-15,263.89,265.36,253.65,259.51,37786
2016-08-16,255.11,265.06,249.85,259.8,43142
2016-08-17,261.55,262.43,260.39,260.97,27941
2016-08-21,259.51,260.97,255.11,258.04,24266
2016-08-22,255.11,255.11,250.14,250.73,34965
2016-08-23,246.34,256.58,246.34,252.19,19632
2016-08-24,254.53,257.75,251.9,256.58,16110
2016-08-28,255.11,263.6,255.11,258.04,21713
2016-08-29,258.63,265.36,258.63,263.89,36539
2016-08-30,268.58,273.26,267.41,268.87,55644
2016-08-31,269.45,279.99,268.29,274.43,56390
2016-09-01,279.41,282.92,277.07,281.16,74396
2016-09-04,282.04,291.7,278.82,291.11,91658
2016-09-05,296.38,296.38,287.31,288.48,60563
2016-09-06,293.16,293.16,279.99,284.38,53762
2016-09-07,284.38,285.84,277.07,280.87,38244
2016-09-08,280.87,282.62,276.19,279.99,30785
2016-09-11,284.38,284.38,275.6,276.48,21731
2016-09-12,278.53,279.99,276.48,279.11,19434
2016-09-14,279.99,279.99,275.6,276.48,23943
2016-09-18,281.46,282.92,274.14,275.31,28009
2016-09-20,275.6,275.6,269.75,271.8,20077
2016-09-21,269.75,269.75,265.94,266.82,24130
2016-09-22,269.75,271.21,265.36,266.53,20827
2016-09-25,269.75,271.21,265.36,266.53,20827
2016-09-26,261.26,268.29,260.97,265.36,20530
2016-09-27,277.35,277.35,262.72,263.31,13071
2016-09-28,265.06,265.06,259.8,260.97,16922
2016-09-29,260.97,262.43,258.92,259.21,29265
2016-10-02,255.4,263.89,255.4,263.02,7505
2016-10-03,266.82,267.7,262.43,263.89,20524
2016-10-04,265.65,266.82,262.43,262.72,10930
2016-10-05,263.89,265.06,261.26,263.6,10008
2016-10-06,266.82,266.82,262.43,263.89,21595
2016-10-16,266.82,271.51,259.21,263.89,11320
2016-10-17,263.89,265.36,259.21,263.89,10607
2016-10-18,262.43,266.82,260.09,266.82,19200
2016-10-19,262.14,266.82,262.14,266.23,29671
2016-10-20,263.89,266.82,263.02,263.02,20503
2016-10-23,267.7,269.75,260.97,262.14,52697
2016-10-24,262.43,262.43,255.11,258.04,48072
2016-10-25,259.21,259.51,252.19,254.53,50855
2016-10-26,255.11,256.58,249.26,252.19,81115
2016-10-27,256.28,258.63,252.48,254.82,128831
2016-11-03,254.82,252.19,246.04,247.36,15632
2016-11-07,251.75,256.58,247.8,249.12,34371
2016-11-08,246.92,247.8,243.41,247.8,19961
2016-11-09,244.29,249.56,242.53,245.6,13160
2016-11-10,247.8,250.0,242.97,244.72,25213
2016-11-13,244.72,250.0,241.66,246.92,15679
2016-11-14,251.31,251.31,245.16,246.92,14785
2016-11-15,242.53,250.0,235.07,246.04,21495
2016-11-16,250.0,250.0,241.66,244.29,17673
2016-11-17,241.22,241.22,236.82,237.7,10460
2016-11-20,233.31,241.22,222.78,228.04,33645
2016-11-21,231.12,231.12,219.27,226.29,20633
2016-11-22,221.9,225.85,217.07,219.71,35581
2016-11-23,221.46,221.46,215.31,217.07,23482
2016-11-24,217.07,228.92,214.87,220.14,29938
2016-11-27,219.27,223.22,210.49,212.68,29150
2016-11-28,209.17,221.46,204.78,220.58,33175
2016-11-29,221.02,232.44,210.49,230.24,41593
2016-11-30,229.36,242.53,225.85,242.53,53534
2016-12-01,243.41,244.72,234.19,237.26,33555
2016-12-04,235.5,241.22,229.36,231.12,19276
2016-12-05,228.04,228.04,224.09,225.85,21107
2016-12-06,225.85,228.92,223.22,225.85,21818
2016-12-07,225.85,228.04,225.85,226.73,4905
2016-12-08,225.85,226.73,223.65,223.65,7693
2016-12-11,225.85,232.0,225.85,228.48,19974
2016-12-12,232.87,232.87,224.09,226.73,25189
2016-12-14,228.48,230.24,225.41,229.36,26042
2016-12-15,229.36,234.19,229.36,232.0,44117
2016-12-18,245.95,241.18,229.52,238.53,20467
2016-12-19,242.77,242.77,226.87,226.87,15803
2016-12-20,222.63,224.75,218.92,221.04,14583
2016-12-21,221.04,221.04,214.68,217.85,19490
2016-12-22,216.27,219.45,215.74,218.39,13786
2016-12-26,218.92,218.92,210.43,210.43,8898
2016-12-27,208.85,215.74,207.79,215.74,13665
2016-12-28,218.39,220.51,213.62,213.62,11582
2016-12-29,214.14,222.63,214.14,218.92,13802
2017-01-01,223.16,228.99,222.63,223.69,12664
2017-01-02,227.93,228.99,225.81,227.93,10265
2017-01-03,227.93,227.93,221.57,221.57,9471
2017-01-04,218.39,222.63,217.85,219.45,7641
2017-01-05,218.39,223.69,218.39,219.45,9924
2017-01-08,222.1,222.1,218.39,219.45,9602
2017-01-09,218.92,225.28,218.39,222.1,2165
2017-01-10,222.63,223.16,221.04,221.57,9314
2017-01-11,223.69,223.69,215.74,218.39,5411
2017-01-12,222.63,222.63,218.39,219.45,4595
2017-01-15,219.98,219.98,215.74,215.74,7791
2017-01-16,214.68,217.33,214.68,216.27,5336
2017-01-17,215.74,216.27,213.62,215.21,7307
2017-01-18,215.21,215.74,213.09,214.14,3654
2017-01-19,213.62,215.74,213.09,214.14,6596
2017-01-22,214.14,217.85,213.09,215.21,1988
2017-01-23,213.09,214.14,210.97,210.97,6015
2017-01-24,210.43,210.43,207.79,207.79,18071
2017-01-25,210.97,210.97,197.18,198.77,12660
2017-01-26,195.06,203.55,191.35,197.72,18656
2017-01-30,201.43,201.43,186.59,190.82,13494
2017-01-31,190.82,198.25,186.59,191.88,10242
2017-02-01,195.59,205.14,191.88,205.14,15833
2017-02-02,207.79,215.74,205.14,206.72,16919
2017-02-05,206.72,206.72,199.3,203.55,4814
2017-02-06,204.6,204.6,192.42,197.18,13517
2017-02-07,199.3,201.43,195.59,199.3,11881
2017-02-08,197.72,198.77,195.59,198.77,11066
2017-02-09,198.77,199.84,190.82,191.88,16308
2017-02-12,191.88,191.88,181.81,181.81,14895
2017-02-13,181.28,189.23,176.51,186.59,14763
2017-02-14,186.59,192.42,183.93,190.82,12961
2017-02-15,191.88,200.37,190.3,198.77,15329
2017-02-16,202.48,206.19,197.18,202.48,36685
2017-02-19,201.43,213.62,197.18,208.31,14160
2017-02-20,212.02,218.39,207.79,208.31,19084
2017-02-21,210.97,213.09,201.43,203.55,15240
2017-02-22,203.55,207.79,199.84,205.14,6115
2017-02-23,201.43,203.01,199.3,200.89,8960
2017-02-26,198.77,204.08,197.18,197.18,3669
2017-02-28,194.54,197.18,190.82,193.47,17243
2017-03-01,194.54,198.77,194.54,198.25,7057
2017-03-02,201.96,203.01,196.65,196.65,8050
2017-03-05,200.37,201.96,199.3,201.43,8157
2017-03-06,204.6,205.67,200.37,200.89,11235
2017-03-07,197.18,199.84,194.54,197.18,10310
2017-03-09,200.89,200.89,198.25,198.77,5128
2017-03-13,199.84,199.84,194.54,196.65,8380
2017-03-14,195.59,195.59,191.88,191.88,18557
2017-03-15,190.3,195.59,190.3,191.88,14003
2017-03-16,195.59,197.18,192.42,194.54,8029
2017-03-19,194.54,197.18,194.54,196.13,8966
2017-03-20,199.3,205.14,195.59,200.37,18154
2017-03-21,204.08,213.62,199.84,213.62,22174
2017-03-22,217.33,223.69,210.43,214.14,23485
2017-03-23,215.74,222.63,210.97,217.33,10229
2017-03-26,218.92,229.52,218.92,224.75,24065
2017-03-28,224.75,235.88,223.69,235.88,29259
2017-03-29,235.88,244.36,224.75,232.17,23556
2017-03-30,232.17,236.41,224.22,230.58,10683
2017-04-02,234.82,250.19,234.29,250.19,10415
2017-04-03,254.43,268.74,241.18,244.89,41754
2017-04-04,242.24,246.48,236.41,240.12,12127
2017-04-06,240.12,244.89,229.52,234.29,42372
2017-04-09,238.53,242.77,227.4,228.99,54086
2017-04-10,228.99,234.82,225.81,231.64,64725
2017-04-11,234.82,247.01,234.82,246.48,59590
2017-04-12,247.54,255.49,238.53,244.89,67295
2017-04-13,244.36,244.89,236.41,243.3,44646
2017-04-16,243.83,243.83,231.64,231.64,31511
2017-04-18,227.4,231.64,223.16,224.75,44607
2017-04-19,224.75,235.35,224.75,233.76,20984
2017-04-20,238.0,244.89,229.52,230.05,35342
2017-04-23,234.29,247.01,234.29,238.53,48950
2017-04-24,237.47,239.06,233.23,233.76,29001
2017-04-25,233.23,236.41,230.05,232.17,12685
2017-04-26,234.29,235.35,231.64,234.29,21396
2017-04-27,231.64,234.29,228.99,232.7,12390
2017-04-30,227.93,233.23,226.34,228.99,18965
2017-05-02,233.23,238.53,225.81,229.52,16663
2017-05-03,233.76,240.12,230.05,231.11,28244
2017-05-04,233.23,233.23,228.46,231.11,21261
2017-05-07,227.93,231.64,226.34,227.93,19947
2017-05-08,226.34,231.11,224.22,229.52,10036
2017-05-09,229.52,231.64,226.34,228.99,21396
2017-05-11,233.23,233.23,226.34,230.58,25753
2017-05-15,231.64,232.7,227.4,228.99,14620
2017-05-16,225.28,228.99,225.28,227.93,20773
2017-05-17,227.4,227.93,224.75,224.75,17013
2017-05-18,224.75,226.87,224.22,226.34,16396
2017-05-21,226.87,226.87,222.1,222.63,11049
2017-05-22,224.75,225.28,221.04,223.69,12532
2017-05-23,227.93,231.64,225.81,227.93,21886
2017-05-24,227.93,231.11,226.34,226.87,41106
2017-05-28,226.34,228.46,224.22,225.81,44755
2017-05-30,225.6,225.6,219.07,220.85,13064
2017-05-31,220.85,227.97,215.5,223.22,9214
2017-06-01,227.38,230.94,224.41,225.0,11191
2017-06-04,225.0,225.6,219.66,219.66,19927
2017-06-05,221.44,225.6,219.66,220.25,9733
2017-06-06,224.41,232.72,224.41,229.75,13284
2017-06-07,232.72,232.72,225.6,225.6,18768
2017-06-08,227.38,227.38,219.66,220.25,21494
2017-06-11,218.47,221.44,213.72,214.91,16115
2017-06-12,211.94,220.85,209.57,216.1,16591
2017-06-13,213.72,219.66,213.72,215.5,10022
2017-06-14,213.72,216.69,213.72,213.72,10451
2017-06-15,213.72,225.6,213.72,218.47,41489
2017-06-18,218.47,219.66,212.54,213.72,11133
2017-06-19,210.75,212.54,209.57,209.57,5577
2017-06-20,206.01,215.5,206.01,210.16,8534
2017-06-21,211.35,213.72,210.75,211.35,14442
2017-06-22,215.5,219.66,211.35,212.54,36857
2017-06-25,216.1,216.69,213.13,214.91,22918
2017-06-27,214.91,214.91,209.57,210.75,33478
2017-06-28,212.54,216.1,208.97,211.94,13875
2017-07-02,216.1,216.1,204.22,204.82,18875
2017-07-03,207.79,210.75,203.63,207.79,11793
2017-07-04,207.19,208.97,201.85,202.44,14580
2017-07-05,206.01,206.01,200.07,205.41,18443
2017-07-06,208.97,212.54,206.6,210.75,11915
2017-07-09,210.75,218.47,204.82,214.91,32345
2017-07-10,213.72,216.1,213.72,213.72,16821
2017-07-11,213.72,214.91,210.16,213.72,9088
2017-07-12,213.72,216.69,209.57,213.13,10644
2017-07-13,216.69,216.69,211.94,213.72,16636
2017-07-16,210.75,216.1,210.75,211.94,7638
2017-07-17,213.72,215.5,213.72,215.5,8296
2017-07-18,217.28,220.25,217.28,218.47,14552
2017-07-19,219.66,226.19,216.69,220.85,18849
2017-07-20,219.66,219.66,216.1,216.69,15323
2017-07-23,217.28,217.28,211.94,213.72,14177
2017-07-24,211.35,211.94,207.79,209.57,17780
2017-07-25,210.75,214.91,208.38,208.97,11503
2017-07-26,209.57,210.75,203.04,208.97,10003
2017-07-27,208.97,210.75,206.6,208.97,6759
2017-07-30,207.79,209.57,207.79,208.97,14244
2017-07-31,210.75,210.75,207.79,208.97,13567
2017-08-01,210.75,211.35,206.6,206.6,14165
2017-08-02,207.79,210.75,205.41,207.79,21536
2017-08-03,208.38,209.57,206.6,206.6,9491
2017-08-06,207.79,214.32,207.79,211.94,50521
2017-08-07,212.54,212.54,207.79,208.97,19611
2017-08-09,210.16,210.16,204.82,204.82,14242
2017-08-10,205.41,208.38,203.63,205.41,12860
2017-08-13,206.01,207.79,201.26,203.04,19708
2017-08-15,203.04,203.04,200.66,201.26,11741
2017-08-16,201.26,207.79,198.88,203.63,16982
2017-08-17,203.04,203.04,198.88,201.85,17382
2017-08-20,198.88,204.82,198.88,200.07,11779
2017-08-21,198.88,201.26,198.88,199.47,6566
2017-08-22,199.47,203.04,198.88,200.66,8786
2017-08-23,203.04,203.04,200.07,201.26,6859
2017-08-24,200.66,203.04,198.88,200.66,12519
2017-08-27,200.66,204.82,200.66,201.85,14234
2017-08-28,198.88,201.85,197.69,198.29,17013
2017-08-30,198.29,198.29,192.94,193.54,18922
2017-08-31,193.54,195.91,192.35,192.94,24493
2017-09-04,192.94,194.13,189.38,191.76,29345
2017-09-06,191.76,195.32,189.98,194.13,11205
2017-09-07,195.91,195.91,189.98,192.35,13708
2017-09-10,195.91,195.91,183.45,188.19,15526
2017-09-11,187.01,188.19,184.63,187.6,11770
2017-09-12,185.82,188.19,184.63,185.23,10526
2017-09-13,186.41,187.01,184.04,185.82,7918
2017-09-14,182.85,193.54,182.26,190.57,6965
2017-09-17,194.13,197.69,189.38,194.13,9859
2017-09-18,194.73,195.91,194.73,194.73,8421
2017-09-20,191.76,195.32,189.98,193.54,4894
2017-09-24,193.54,193.54,188.19,188.19,11595
2017-09-25,191.76,193.54,190.57,192.35,9254
2017-09-26,195.91,195.91,191.16,192.35,4908
2017-10-03,190.57,192.94,190.57,192.94,1368
2017-10-04,192.35,195.91,189.98,192.94,5432
2017-10-08,189.98,192.35,184.04,191.76,12263
2017-10-09,192.35,192.35,185.82,188.79,4265
2017-10-10,188.79,191.16,185.23,187.01,7077
2017-10-11,184.63,188.19,181.66,186.41,15348
2017-10-12,187.01,187.6,185.82,187.01,9574
2017-10-15,188.19,188.19,184.04,186.41,13352
2017-10-16,188.19,192.35,188.19,192.35,8850
2017-10-17,195.91,198.88,192.35,195.32,17296
2017-10-18,192.94,195.32,190.57,191.76,13851
2017-10-22,195.32,198.88,190.57,191.76,14917
2017-10-23,192.35,195.91,191.16,193.54,4796
2017-10-24,193.54,193.54,191.76,192.35,8684
2017-10-25,192.94,193.54,189.38,189.38,11312
2017-10-29,185.82,189.98,185.82,188.19,8058
2017-10-30,187.01,191.16,186.41,187.6,10886
2017-10-31,189.98,189.98,184.04,188.19,5598
2017-11-01,187.01,188.19,185.82,188.19,11799
2017-11-02,188.79,188.79,185.82,187.01,15583
2017-11-05,187.01,187.01,181.07,181.66,33414
2017-11-06,181.66,183.45,177.51,181.66,15374
2017-11-07,185.23,187.01,182.85,182.85,13650
2017-11-08,182.85,182.85,179.88,181.07,17831
2017-11-09,179.88,184.63,179.29,182.26,19632
2017-11-12,182.26,185.82,182.26,185.23,15156
2017-11-13,185.82,188.79,184.04,188.79,22211
2017-11-14,189.98,192.35,187.6,191.16,29557
2017-11-15,189.98,192.94,187.01,188.19,17038
2017-11-16,189.98,189.98,185.82,186.41,30719
2017-11-19,186.37,186.37,179.25,179.9,22401
2017-11-20,181.19,182.48,179.9,181.19,19561
2017-11-21,181.84,183.13,177.95,180.54,15411
2017-11-22,180.54,185.07,180.54,182.48,5823
2017-11-23,182.48,188.31,183.78,184.42,12483
2017-11-26,184.42,191.54,181.19,187.66,14449
2017-11-27,190.25,190.25,185.07,186.37,10367
2017-11-28,187.66,188.95,184.42,188.31,10187
2017-11-29,189.6,192.84,188.95,190.25,12219
2017-11-30,190.9,191.54,188.31,190.25,10246
2017-12-04,193.48,193.48,185.72,187.66,8115
2017-12-05,185.72,187.66,184.42,186.37,16904
2017-12-06,185.72,189.6,185.72,187.66,15108
2017-12-10,190.9,193.48,185.07,186.37,19989
2017-12-11,186.37,188.95,184.42,187.01,11041
2017-12-12,187.66,188.31,183.13,183.13,9253
2017-12-13,181.19,187.66,181.19,186.37,14012
2017-12-14,188.31,188.31,185.07,185.72,3223
2017-12-17,183.13,185.07,181.84,185.07,4574
2017-12-18,183.13,184.42,181.19,181.84,15633
2017-12-19,181.84,181.84,180.54,181.84,12298
2017-12-20,181.19,181.84,179.9,180.54,7939
2017-12-21,181.19,181.19,179.25,179.9,13096
2017-12-24,179.9,181.84,179.25,181.19,5441
2017-12-26,181.19,181.19,176.01,177.31,9117
2017-12-27,176.66,179.9,174.72,176.01,6947
2017-12-28,175.37,177.95,172.78,174.72,22944
2017-12-31,171.48,174.72,171.48,174.07,19200
2018-01-01,176.66,180.54,171.48,180.54,17985
2018-01-02,177.95,181.84,176.66,178.6,50583
2018-01-03,176.66,177.95,172.78,176.66,9557
2018-01-04,179.9,179.9,174.72,177.31,22799
2018-01-07,178.6,178.6,176.01,176.66,8811
2018-01-08,177.95,177.95,176.01,176.66,9635
2018-01-09,176.66,178.6,176.01,176.66,15153
2018-01-10,177.95,177.95,174.72,175.37,11326
2018-01-14,175.37,176.66,173.42,176.66,16165
2018-01-16,177.95,177.95,174.72,175.37,10068
2018-01-17,175.37,176.01,173.42,174.72,3345
2018-01-21,174.72,175.37,171.48,172.13,4185
2018-01-22,173.42,175.37,170.84,174.07,7012
2018-01-23,174.72,174.72,170.84,171.48,5300
2018-01-24,171.48,173.42,171.48,173.42,5009
2018-01-25,173.42,176.66,170.19,176.66,9876
2018-01-28,176.66,176.66,173.42,174.72,13487
2018-01-29,176.01,176.01,170.84,171.48,8730
2018-01-31,172.13,174.07,169.54,170.84,7637
2018-02-01,168.25,174.07,168.25,172.13,17426
2018-02-04,174.07,174.72,172.13,172.13,7320
2018-02-05,173.42,174.72,168.89,174.72,8192
2018-02-06,177.95,177.95,174.72,174.72,5574
2018-02-07,171.48,171.48,168.89,168.89,12237
2018-02-08,165.66,170.19,165.66,170.19,2893
2018-02-11,168.25,172.13,165.01,168.25,8002
2018-02-12,168.25,168.25,164.36,167.6,4626
2018-02-14,170.84,170.84,165.01,168.25,8449
2018-02-15,171.48,174.72,169.54,174.07,27444
2018-02-18,174.07,177.31,170.19,170.19,15923
2018-02-20,168.89,168.89,164.36,166.95,8578
2018-02-21,168.25,168.25,164.36,164.36,3306
2018-02-22,165.01,168.25,163.72,164.36,6818
2018-02-25,163.07,163.72,161.78,162.42,15312
2018-02-26,161.78,162.42,160.48,161.13,8199
2018-02-27,159.83,164.36,159.83,161.78,9362
2018-02-28,162.42,162.42,157.89,159.19,17588
2018-03-04,156.6,156.6,148.83,152.72,10281
2018-03-06,149.48,154.66,147.54,152.07,16150
2018-03-07,154.01,154.66,148.83,154.01,23596
2018-03-11,154.01,152.07,148.83,149.48,16757
2018-03-12,149.48,151.42,148.83,150.13,16333
2018-03-13,150.13,150.13,146.89,148.19,18891
2018-03-14,149.48,150.13,148.19,148.83,6493
2018-03-15,150.13,151.42,148.83,150.13,5096
2018-03-18,149.48,149.48,145.6,146.25,21890
2018-03-19,148.83,148.83,143.01,143.66,22370
2018-03-20,142.36,143.66,141.72,143.66,11792
2018-03-21,141.72,143.66,138.48,143.66,19564
2018-03-22,141.72,146.25,137.83,141.07,20150
2018-03-26,138.48,139.77,132.66,137.19,15006
2018-03-27,134.6,144.3,130.07,140.42,18030
2018-03-28,139.13,141.72,135.24,139.77,24277
2018-03-29,138.48,145.6,138.48,143.66,24840
2018-04-01,141.07,142.36,136.54,142.36,23400
2018-04-02,142.36,142.36,140.42,140.42,4715
2018-04-03,140.42,144.3,139.77,141.72,16882
2018-04-04,144.3,146.25,143.01,146.25,11886
2018-04-05,145.6,150.13,144.3,149.48,18804
2018-04-08,150.78,157.89,149.48,153.36,43467
2018-04-09,155.31,158.54,151.42,152.07,34006
2018-04-10,150.13,152.07,147.54,148.19,11392
2018-04-11,146.25,151.42,146.25,148.83,2434
2018-04-12,149.48,151.42,145.6,146.89,16550
2018-04-15,146.25,148.83,144.95,146.89,9775
2018-04-16,146.89,151.42,146.89,149.48,15271
2018-04-17,148.83,157.25,149.48,153.36,16494
2018-04-18,155.95,168.25,153.36,165.01,29415
2018-04-19,161.78,167.6,158.54,166.31,56786
2018-04-22,165.01,174.07,166.95,170.84,37425
2018-04-23,174.07,175.37,165.66,166.95,57511
2018-04-24,164.36,168.25,161.78,164.36,21346
2018-04-25,165.01,165.01,161.13,161.78,20749
2018-04-26,158.54,161.78,158.54,159.19,15973
2018-04-29,156.6,156.6,153.36,154.66,14851
2018-05-02,154.66,154.01,148.19,150.13,13045
2018-05-03,150.78,154.66,150.78,152.72,13077
2018-05-06,152.72,152.72,150.13,150.13,7105
2018-05-07,148.19,151.42,148.19,150.78,11536
2018-05-08,153.36,153.36,151.42,152.72,10332
2018-05-09,152.72,155.95,151.42,152.72,7161
2018-05-10,152.72,154.01,150.78,152.07,7327
2018-05-14,152.07,152.07,148.83,148.83,6454
2018-05-15,149.48,149.48,148.19,148.19,11202
2018-05-16,147.54,151.42,147.54,151.42,4974
2018-05-17,150.13,151.42,148.83,148.83,10624
2018-05-20,151.42,154.01,148.19,148.83,6828
2018-05-21,148.83,150.13,148.83,149.48,7499
2018-05-22,148.83,150.13,148.83,149.48,2400
2018-05-23,148.83,149.48,147.54,148.19,11002
2018-05-24,148.19,148.19,145.6,145.6,10458
2018-05-27,145.6,145.6,142.36,145.6,19082
2018-05-28,145.6,152.72,143.66,151.42,11142
2018-05-29,154.01,154.01,147.54,150.78,7697
2018-05-30,150.78,154.66,149.48,149.48,4600
2018-05-31,148.19,148.19,146.25,148.19,2330
2018-06-03,146.25,148.19,140.42,142.36,18854
2018-06-04,141.07,144.95,139.77,144.95,15649
2018-06-06,145.6,146.89,142.36,144.95,3292
2018-06-07,143.66,144.3,141.07,142.36,19590
2018-06-10,139.77,141.07,137.19,139.13,9688
2018-06-11,141.07,141.72,137.83,139.77,5931
2018-06-12,139.13,139.77,136.54,139.13,7535
2018-06-13,139.13,141.72,136.54,139.77,12999
2018-06-14,139.77,140.42,137.83,140.42,8742
2018-06-17,138.48,140.42,137.19,137.19,4882
2018-06-18,135.89,137.83,135.89,137.19,2595
2018-06-19,135.89,139.13,135.89,137.83,7667
2018-06-20,137.19,137.83,135.24,135.24,20392
2018-06-21,135.89,138.48,135.24,135.89,11490
2018-06-24,137.19,137.83,134.6,134.6,11258
2018-06-25,136.54,137.19,135.24,135.89,835
2018-06-26,135.24,135.24,133.95,134.6,4426
2018-06-27,135.24,135.89,133.95,134.6,6020
2018-06-28,134.6,137.83,134.6,135.89,3374
2018-07-01,132.66,134.6,132.01,133.3,2471
2018-07-02,132.01,133.95,132.01,133.95,3031
2018-07-03,132.01,137.19,132.01,134.6,4896
2018-07-04,134.6,135.89,132.66,135.89,1278
2018-07-05,134.6,139.77,134.6,139.77,19381
2018-07-08,137.83,140.42,135.89,139.13,28727
2018-07-09,137.19,137.19,135.24,135.89,4944
2018-07-10,137.19,138.48,133.95,135.24,13571
2018-07-11,137.19,137.19,134.6,135.24,14171
2018-07-12,134.6,134.6,132.01,133.3,30458
2018-07-15,134.6,137.19,132.66,135.24,1523
2018-07-16,135.89,137.83,132.66,135.24,12587
2018-07-17,135.24,136.54,133.3,134.6,7222
2018-07-18,132.66,133.95,132.01,132.66,8328
2018-07-19,132.01,134.6,132.01,133.95,6910
2018-07-22,132.66,133.95,132.01,132.66,1907
2018-07-23,133.3,134.6,133.3,133.95,2015
2018-07-24,133.95,136.54,133.95,135.89,6292
2018-07-25,133.3,135.24,133.3,133.95,6835
2018-07-26,132.01,134.6,132.01,133.3,5228
2018-07-29,135.24,135.24,130.72,133.3,8118
2018-07-30,135.24,135.24,132.66,132.66,309564
2018-07-31,133.95,133.95,132.01,132.66,11936
2018-08-01,132.66,134.6,132.01,133.3,2471
2018-08-02,132.01,133.95,132.01,133.95,3031
2018-08-05,132.66,135.24,132.66,133.95,12315
2018-08-06,133.95,135.24,133.3,133.95,6895
2018-08-07,132.66,134.6,132.66,134.6,4990
2018-08-08,135.89,135.89,133.3,133.95,5387
2018-08-09,132.66,133.3,132.66,132.66,8054
2018-08-12,132.01,132.66,130.72,130.72,8614
2018-08-13,130.07,133.3,129.42,133.3,12823
2018-08-14,133.3,133.3,132.01,133.3,4314
2018-08-15,132.01,136.54,130.07,136.54,12916
2018-08-16,135.89,135.89,132.01,133.3,17587
2018-08-19,131.36,133.95,131.36,132.66,20809
2018-08-20,130.72,133.3,130.72,133.3,4889
2018-08-21,132.01,132.66,131.36,132.66,3677
2018-08-22,131.36,132.66,130.07,131.36,2383
2018-08-23,131.36,131.36,130.07,130.72,10840
2018-08-26,130.07,131.36,130.07,130.07,5662
2018-08-28,130.72,131.36,130.07,130.72,3365
2018-08-29,130.72,131.36,130.07,130.72,8050
2018-08-30,131.36,132.01,130.07,132.01,9857
2018-09-02,130.07,135.24,130.07,133.95,11526
2018-09-03,135.89,137.19,132.01,135.24,11414
2018-09-04,134.6,138.48,134.6,138.48,32276
2018-09-05,137.83,146.25,136.54,141.07,62981
2018-09-06,143.01,145.6,140.42,141.07,42843
2018-09-09,140.42,140.42,138.48,139.13,9360
2018-09-10,136.54,137.83,135.24,137.19,11671
2018-09-11,135.89,139.77,135.89,137.83,9262
2018-09-12,137.19,142.36,137.19,141.72,26017
2018-09-13,144.3,150.13,143.66,148.19,106043
2018-09-16,150.78,153.36,146.89,148.83,54895
2018-09-17,146.89,148.83,146.25,146.89,24733
2018-09-18,149.48,149.48,145.6,145.6,6804
2018-09-20,144.95,147.54,143.66,145.6,24684
2018-09-23,145.6,150.78,145.6,150.13,14825
2018-09-25,151.42,158.54,148.83,155.95,47864
2018-09-26,154.66,158.54,149.48,154.66,58018
2018-09-27,154.66,154.66,148.83,150.78,24368
2018-09-30,148.83,149.48,145.6,149.48,86961
2018-10-01,150.78,150.78,144.95,145.6,42185
2018-10-02,144.95,148.83,142.36,146.89,94444
2018-10-03,146.89,148.19,143.66,145.6,81956
2018-10-04,144.3,146.25,142.36,143.66,103542
2018-10-07,146.25,147.54,139.77,139.77,47721
2018-10-08,142.36,142.36,135.89,140.42,456502
2018-10-09,142.36,143.01,139.77,140.42,63927
2018-10-10,139.77,141.07,137.83,139.77,74557
2018-10-11,140.42,142.36,139.77,141.07,32811
2018-10-14,143.66,144.95,143.01,144.95,36442
2018-10-15,146.89,146.89,142.36,143.01,64958
2018-10-21,142.36,144.95,142.36,144.95,23269
2018-10-22,144.95,145.6,143.66,144.3,12362
2018-10-23,143.01,144.3,143.01,144.3,8711
2018-10-24,142.36,144.3,142.36,143.66,29618
2018-10-25,143.66,145.6,141.72,143.01,43588
2018-10-28,141.72,142.36,140.42,141.07,26532
2018-10-29,139.77,142.36,139.77,141.72,13458
2018-10-30,142.36,143.01,140.42,142.36,18314
2018-10-31,142.36,142.36,141.07,141.72,7290
2018-11-01,142.36,144.3,141.72,142.36,46899
2018-11-04,139.77,142.36,139.77,141.07,5181
2018-11-05,141.07,143.01,141.07,143.01,12342
2018-11-14,142.36,143.66,141.72,143.01,7461
2018-11-15,143.01,144.3,142.36,142.36,30699
2018-11-18,142.36,144.3,141.72,143.01,13474
2018-11-19,143.01,143.01,140.42,142.36,9226
2018-11-20,142.36,142.36,140.42,140.42,3562
2018-11-21,140.42,141.07,139.13,141.07,4769
2018-11-22,141.07,142.36,139.13,139.13,8331
2018-11-25,139.13,139.13,133.95,135.89,33865
2018-11-26,135.89,136.54,133.95,133.95,19196
2018-11-27,133.96,135.89,133.95,135.24,10621
2018-11-28,135.24,135.89,132.66,135.24,14571
2018-11-29,135.24,135.89,133.3,133.3,28444
2018-12-02,133.3,133.95,132.01,133.3,23701
2018-12-03,133.3,135.89,130.72,133.3,28033
2018-12-04,133.3,135.24,132.66,134.6,11868
2018-12-06,133.3,135.89,132.01,132.01,32079
2018-12-09,132.01,135.89,132.01,135.89,12484
2018-12-10,135.89,137.83,135.24,136.54,14827
2018-12-11,136.54,137.83,134.6,134.6,9989
2018-12-12,134.6,135.89,134.6,135.89,12604
2018-12-13,135.89,138.48,135.89,137.83,11435
2018-12-16,137.83,140.42,137.83,139.77,19736
2018-12-17,139.77,142.36,139.13,141.07,32553
2018-12-18,141.07,141.72,137.83,138.48,21827
2018-12-19,138.48,139.13,137.19,137.19,10556
2018-12-20,137.19,142.36,137.19,139.77,34955
2018-12-23,139.77,142.36,137.19,138.48,36211
2018-12-24,138.48,139.13,136.54,136.54,14519
2018-12-25,136.54,136.54,135.24,135.89,12556
2018-12-26,135.89,139.77,135.89,139.13,23251
2018-12-27,139.13,140.42,136.54,137.19,15876
2018-12-30,137.19,137.83,135.24,135.24,13758
2018-12-31,135.24,135.24,133.3,133.3,15957
2019-01-01,133.3,134.6,132.66,133.95,5849
2019-01-02,133.95,134.6,132.66,133.3,14330
2019-01-03,133.3,134.6,132.01,133.95,4575
2019-01-06,133.95,133.95,131.36,133.3,11362
2019-01-07,133.3,135.89,133.3,135.89,16253
2019-01-08,135.89,135.89,133.95,134.6,6910
2019-01-09,134.6,135.89,133.3,133.95,27606
2019-01-10,133.95,135.89,133.95,134.6,8116
2019-01-13,134.6,135.89,133.3,133.95,17723
2019-01-14,133.95,135.89,133.3,133.3,12561
2019-01-15,133.3,137.83,133.3,137.83,9353
2019-01-16,137.83,137.83,133.95,134.6,217724
2019-01-17,134.6,136.54,133.95,135.24,83362
2019-01-20,135.24,137.83,135.24,135.89,25144
2019-01-21,135.89,135.89,134.6,135.89,11347
2019-01-22,135.89,137.19,135.24,135.89,78877
2019-01-23,135.89,137.19,135.24,135.89,71827
2019-01-24,135.89,137.19,135.89,136.54,30137
2019-01-27,136.54,136.54,134.6,135.24,23485
2019-01-28,135.24,137.19,134.6,135.24,15104
2019-01-29,135.24,135.89,135.24,135.89,15767
2019-01-30,135.89,135.89,135.24,135.89,5475
2019-01-31,135.89,137.19,135.89,135.89,30074
2019-02-03,137.19,137.19,135.24,135.24,11601
2019-02-04,134.6,135.89,134.6,134.6,23990
2019-02-05,135.24,136.54,134.6,135.89,28139
2019-02-06,137.19,137.19,134.6,134.6,11120
2019-02-07,133.95,137.19,133.95,133.95,13083
2019-02-10,133.95,135.24,133.3,135.24,67705
2019-02-11,134.6,135.24,133.3,134.6,10658
2019-02-12,135.89,135.89,134.6,135.24,32825
2019-02-13,135.89,135.89,133.95,133.95,28984
2019-02-14,133.95,135.24,133.3,133.3,11737
2019-02-17,135.89,135.89,133.3,135.24,10200
2019-02-18,133.95,135.24,132.66,133.3,33971
2019-02-19,133.3,135.24,133.3,135.24,6728
2019-02-20,134.6,135.24,133.95,133.95,7098
2019-02-21,134.6,135.24,133.95,135.24,8751
2019-02-24,135.24,135.24,133.3,133.95,5988
2019-02-25,133.3,133.95,133.3,133.95,9659
2019-02-26,133.95,133.95,132.66,132.66,20920
2019-02-27,133.3,135.24,132.66,133.3,25977
2019-03-03,133.3,135.24,133.3,135.24,6339
2019-03-05,134.6,135.24,132.66,134.6,9288
2019-03-06,133.3,135.89,133.3,135.89,6542
2019-03-07,135.89,139.13,135.24,137.19,21368
2019-03-09,137.19,141.07,136.54,138.48,6944
2019-03-10,137.19,141.07,136.54,138.48,6944
2019-03-11,141.07,141.07,137.19,140.42,27253
2019-03-12,141.07,143.66,137.83,143.01,134579
2019-03-13,143.66,144.95,141.07,141.07,62230
2019-03-14,141.07,144.95,140.42,143.01,28648
2019-03-17,144.3,145.6,143.66,143.66,12965
2019-03-18,141.07,144.95,141.07,141.72,14011
2019-03-19,143.01,143.66,141.07,141.07,6754
2019-03-21,141.07,143.01,139.13,141.07,18287
2019-03-24,139.13,141.07,138.48,141.07,9989
2019-03-25,141.07,142.36,140.42,141.07,13263
2019-03-26,141.07,143.01,140.42,142.36,11796
2019-03-27,142.36,144.3,141.72,144.3,18330
2019-03-28,143.66,144.3,142.36,143.01,6069
2019-03-31,144.3,144.3,143.01,143.01,13293
2019-04-01,144.3,147.54,143.66,147.54,40623
2019-04-02,148.19,150.78,147.54,149.48,58249
2019-04-03,149.48,152.72,147.54,149.48,68417
2019-04-04,148.83,151.42,147.54,148.83,64822
2019-04-07,149.48,154.66,147.54,154.66,46794
2019-04-08,154.66,157.89,151.42,156.6,126229
2019-04-09,154.66,157.25,153.36,154.66,73066
2019-04-10,154.01,155.31,152.07,154.66,39712
2019-04-11,154.66,155.31,154.01,154.66,30651
2019-04-15,154.01,155.95,154.01,155.31,15901
2019-04-16,157.89,163.07,156.6,162.42,57022
2019-04-17,162.42,171.48,162.42,167.6,118778
2019-04-18,169.54,170.84,166.95,169.54,74156
2019-04-21,171.48,174.72,168.25,174.72,116986
2019-04-22,176.66,177.95,168.25,170.84,78158
2019-04-23,170.19,177.31,169.54,172.13,44776
2019-04-24,172.13,177.31,171.48,176.01,38099
2019-04-25,177.31,181.19,174.07,176.01,65445
2019-04-28,179.25,182.48,172.78,172.78,51181
2019-04-29,176.01,176.01,168.25,172.13,60781
2019-04-30,168.89,174.07,168.89,170.84,49038
2019-05-02,172.78,174.72,168.25,170.84,34428
2019-05-05,168.25,172.13,168.25,169.54,32112
2019-05-06,169.54,174.72,168.89,174.72,47125
2019-05-07,177.31,177.31,172.78,173.42,29459
2019-05-08,172.78,175.37,172.13,173.42,10256
2019-05-09,172.13,173.42,170.19,172.13,20098
2019-05-12,172.13,173.42,170.19,172.13,19753
2019-05-13,171.48,174.07,171.48,171.48,24772
2019-05-14,174.72,176.01,174.07,176.01,43223
2019-05-15,177.95,178.6,175.37,176.66,41612
2019-05-16,174.72,177.31,174.72,175.37,34371
2019-05-19,175.37,176.01,173.42,174.72,11519
2019-05-20,175.37,176.66,174.72,174.72,29364
2019-05-21,172.78,176.01,172.78,174.72,24437
2019-05-22,174.72,177.31,174.72,176.01,22596
2019-05-23,177.31,177.31,174.07,174.72,18815
2019-05-26,174.72,174.72,172.78,173.42,24871
2019-05-27,173.42,175.37,172.13,174.07,10004
2019-05-28,174.72,175.37,174.07,174.72,17564
2019-05-29,174.72,177.95,174.72,176.66,29579
2019-05-30,181.19,190.9,177.31,179.9,77806
2019-06-02,177.31,177.31,175.37,175.37,13039
2019-06-03,174.72,176.01,171.48,171.48,28098
2019-06-04,174.72,174.72,171.48,172.78,14376
2019-06-06,172.13,173.42,171.48,172.13,22386
2019-06-10,172.78,174.07,172.13,174.07,29634
2019-06-11,174.07,174.72,173.42,173.42,5591
2019-06-12,172.78,174.07,172.13,173.42,18831
2019-06-13,173.42,174.72,172.78,172.78,26856
2019-06-16,173.42,174.07,172.13,172.78,5247
2019-06-17,172.13,174.72,170.84,172.13,25742
2019-06-18,172.78,174.07,171.48,171.48,15473
2019-06-19,170.84,172.78,170.84,172.13,5915
2019-06-20,172.13,172.78,170.84,171.48,28614
2019-06-23,171.48,172.13,169.54,170.84,16606
2019-06-24,170.19,173.42,169.54,172.13,22270
2019-06-25,171.48,173.42,171.48,171.48,5280
2019-06-26,172.78,172.78,170.84,170.84,14196
2019-06-27,171.48,172.78,171.48,172.13,10486
2019-06-30,172.13,172.13,170.19,170.84,6332
2019-07-01,169.54,170.84,168.89,169.54,11399
2019-07-02,168.25,172.13,168.25,172.13,17705
2019-07-03,171.48,174.07,171.48,172.78,28744
2019-07-04,172.78,172.78,170.84,171.48,7644
2019-07-07,171.48,171.48,169.54,170.19,18195
2019-07-08,170.19,170.84,165.66,166.31,27724
2019-07-09,166.31,170.84,165.01,168.25,23068
2019-07-10,166.31,170.84,166.31,170.84,28508
2019-07-11,170.84,170.84,168.25,168.25,26211
2019-07-14,168.25,169.54,166.95,167.6,4854
2019-07-15,168.25,171.48,167.6,169.54,26757
2019-07-16,169.54,171.48,169.54,170.84,11360
2019-07-17,171.48,174.07,171.48,172.78,19297
2019-07-18,176.01,179.25,174.72,175.37,16413
2019-07-21,178.6,178.6,174.07,176.01,17229
2019-07-22,176.01,177.31,175.37,175.37,9191
2019-07-23,176.66,177.31,176.01,176.66,15281
2019-07-24,176.01,178.6,176.01,178.6,15613
2019-07-25,179.9,179.9,172.78,176.01,27107
2019-07-28,173.42,173.42,169.54,171.48,10318
2019-07-29,172.78,173.42,172.78,173.42,6009
2019-07-30,172.13,172.78,170.84,172.78,7003
2019-07-31,172.13,174.07,170.84,170.84,10640
2019-08-01,170.19,170.84,169.54,169.54,11781
2019-08-04,172.13,172.13,169.54,170.19,24420
2019-08-05,168.89,170.19,168.89,169.54,11182
2019-08-06,167.6,169.54,167.6,168.89,19891
2019-08-07,169.54,170.19,168.25,168.25,10318
2019-08-08,168.25,169.54,166.31,168.25,9952
2019-08-11,168.25,168.25,166.31,166.31,11954
2019-08-12,165.66,171.48,165.66,168.89,6046
2019-08-13,165.01,170.84,165.01,167.6,507707
2019-08-14,166.31,168.25,165.01,165.01,19620
2019-08-15,167.6,170.19,165.01,165.01,210893
2019-08-18,168.25,168.89,162.42,165.01,35557
2019-08-19,167.6,168.25,162.42,166.31,20891
2019-08-20,168.89,168.89,163.07,164.36,13149
2019-08-21,167.6,167.6,163.07,164.36,112181
2019-08-22,167.6,167.6,165.01,166.31,12037
2019-08-25,166.31,166.31,163.07,165.01,13021
2019-08-26,166.31,166.31,162.42,164.36,30391
2019-08-27,167.6,167.6,164.36,165.01,21428
2019-08-28,165.66,165.66,163.07,163.72,12203
2019-08-29,163.72,165.01,159.83,165.01,40974
2019-09-01,167.6,167.6,160.48,161.13,14914
2019-09-02,160.48,161.13,157.89,158.54,19989
2019-09-03,161.13,164.36,157.25,164.36,21352
2019-09-04,164.36,167.6,161.78,166.95,363623
2019-09-05,164.36,167.6,164.36,165.66,12598
2019-09-08,163.72,165.66,161.78,163.72,24832
2019-09-09,165.01,165.01,161.13,161.78,20447
2019-09-10,161.78,163.72,159.83,162.42,14809
2019-09-11,162.42,163.72,162.42,162.42,8980
2019-09-12,163.07,165.01,162.42,164.36,16686
2019-09-15,165.01,165.01,159.19,160.48,18710
2019-09-16,158.54,160.48,156.6,158.54,18061
2019-09-17,161.13,163.07,161.13,162.42,10694
2019-09-18,163.72,165.01,161.78,163.07,7967
2019-09-19,164.36,164.36,161.13,161.13,11610
2019-09-22,160.48,162.42,159.83,161.13,8778
2019-09-23,163.72,165.66,159.83,160.48,19765
2019-09-24,161.13,161.13,159.19,159.19,15697
2019-09-26,157.89,159.19,156.6,157.25,79749
2019-09-29,154.24,154.24,148.12,148.12,9431
2019-09-30,148.8,150.16,148.12,149.48,7427
2019-10-01,150.84,152.88,149.48,152.88,7424
2019-10-02,152.2,152.88,152.2,152.2,2204
2019-10-03,152.88,154.24,152.2,152.2,6143
2019-10-10,152.2,152.88,150.84,151.52,5703
2019-10-14,150.84,151.52,147.44,150.16,17747
2019-10-15,152.2,152.88,150.84,151.52,14582
2019-10-16,150.84,152.2,150.84,152.2,8967
2019-10-17,152.2,152.88,151.52,152.2,8416
2019-10-20,151.52,152.2,150.84,150.84,6654
2019-10-21,150.16,152.88,150.16,152.2,9736
2019-10-22,152.2,153.56,150.84,153.56,7306
2019-10-23,152.88,153.56,152.2,153.56,4014
2019-10-24,154.24,156.28,150.84,156.28,318392
2019-10-31,156.28,158.31,156.28,158.31,9345
2019-11-03,157.63,157.63,153.56,154.24,9169
2019-11-04,152.88,155.6,152.88,154.92,4343
2019-11-05,153.56,156.96,153.56,155.6,4258
2019-11-06,155.6,155.6,152.88,152.88,22084
2019-11-07,152.88,153.56,152.2,152.88,9836
2019-11-10,153.56,153.56,152.2,152.2,50427
2019-11-11,152.2,158.99,152.2,158.31,159553
2019-11-12,156.96,158.99,152.2,154.92,9322
2019-11-13,154.24,154.24,152.2,152.88,94439
2019-11-14,152.88,152.88,151.52,152.2,11285
2019-11-17,151.52,152.88,150.84,152.2,9354
2019-11-18,152.2,152.2,150.84,151.52,13724
2019-11-19,151.52,151.52,149.48,151.52,2035
2019-11-20,150.84,153.56,150.16,150.16,11682
2019-11-21,149.48,150.84,148.12,148.12,8524
2019-11-24,146.08,148.12,146.08,146.76,10992
2019-11-25,146.08,148.8,145.4,146.08,8274
2019-11-26,146.76,146.76,145.4,145.4,9199
2019-11-27,145.4,146.76,144.73,146.08,8616
2019-11-28,147.44,147.44,145.4,145.4,7566
2019-12-01,145.4,145.4,144.05,144.73,5781
2019-12-02,146.08,146.08,145.4,145.4,4511
2019-12-03,145.4,146.08,145.4,146.08,5175
2019-12-04,146.08,147.44,145.4,147.44,5133
2019-12-05,146.76,148.8,146.76,147.44,8249
2019-12-08,147.44,148.12,147.44,147.44,5078
2019-12-09,146.76,151.52,146.76,149.48,12372
2019-12-10,148.8,154.92,147.44,152.2,346840
2019-12-11,152.2,152.88,148.8,149.48,32098
2019-12-12,150.84,151.52,150.16,151.52,10769
2019-12-15,151.52,154.92,150.16,152.2,16821
2019-12-16,152.88,152.88,150.16,150.84,6697
2019-12-17,149.48,150.16,148.8,149.48,5658
2019-12-18,149.48,150.16,148.12,148.12,3062
2019-12-19,148.12,148.12,146.76,147.44,5684
2019-12-22,148.8,148.8,147.44,148.12,2890
2019-12-23,147.44,149.48,146.76,148.8,7851
2019-12-24,148.8,150.16,148.12,148.12,25275
2019-12-25,148.8,149.48,147.44,148.12,158618
2019-12-26,148.12,148.12,146.76,148.12,43034
2019-12-29,148.12,148.8,146.76,146.76,3693
2019-12-30,146.76,147.44,145.4,146.08,20996
2019-12-31,146.76,148.8,145.4,146.76,22126
2020-01-01,146.76,149.48,146.76,147.44,5987
2020-01-02,148.8,148.8,147.44,147.44,9426
2020-01-05,147.44,152.2,147.44,149.48,50620
2020-01-06,150.84,153.56,149.48,149.48,135864
2020-01-07,149.48,156.96,149.48,156.28,878390
2020-01-08,156.96,157.63,151.52,152.88,104223
2020-01-09,151.52,154.24,150.84,152.88,27174
2020-01-12,155.6,156.28,152.88,156.28,88900
2020-01-13,156.28,160.35,156.28,158.31,121792
2020-01-14,159.67,159.67,155.6,155.6,53476
2020-01-15,158.31,161.71,155.6,160.35,60535
2020-01-16,163.07,168.51,161.03,166.47,106396
2020-01-19,167.83,169.87,161.71,167.15,84862
2020-01-20,167.15,168.51,161.03,162.39,64413
2020-01-21,165.11,165.11,159.67,161.03,47498
2020-01-22,161.03,163.75,160.35,160.35,19067
2020-01-23,159.67,159.67,156.96,157.63,42623
2020-01-26,156.96,158.99,155.6,155.6,21871
2020-01-27,156.28,158.99,156.28,158.99,15617
2020-01-28,159.67,159.67,158.31,158.31,28362
2020-01-29,155.6,159.67,155.6,156.28,22599
2020-01-30,156.28,163.07,155.6,159.67,39437
2020-02-02,162.39,163.75,161.71,163.07,52734
2020-02-03,165.11,165.79,162.39,163.07,81549
2020-02-04,163.07,163.07,161.03,161.03,34598
2020-02-05,160.35,161.03,158.99,160.35,12896
2020-02-06,159.67,160.35,158.31,158.31,16068
2020-02-09,157.63,158.99,155.6,156.28,10413
2020-02-10,156.28,158.31,154.92,157.63,23927
2020-02-11,159.67,161.03,158.31,159.67,60336
2020-02-12,158.99,161.71,157.63,158.99,22341
2020-02-13,159.67,159.67,156.96,156.96,23651
2020-02-16,156.96,159.67,156.28,159.67,30616
2020-02-17,161.71,163.75,158.99,163.75,55401
2020-02-18,166.47,171.9,161.71,163.75,87766
2020-02-19,163.07,166.47,162.39,162.39,39728
2020-02-20,163.07,165.79,161.03,163.07,50511
2020-02-23,165.79,179.38,165.11,177.34,116444
2020-02-24,177.34,182.1,171.9,172.58,187340
2020-02-25,169.87,177.34,169.87,175.98,57874
2020-02-26,179.38,184.81,175.98,184.81,117190
2020-02-27,183.45,197.04,176.66,192.29,134695
2020-03-01,192.29,200.44,186.17,186.85,172530
2020-03-02,190.25,190.25,169.87,169.87,111693
2020-03-03,169.87,180.74,164.43,175.3,157937
2020-03-04,173.26,175.98,168.51,169.19,101002
2020-03-05,173.26,173.26,166.47,166.47,74262
2020-03-10,164.43,164.43,154.24,154.24,52179
2020-03-11,154.92,165.11,154.24,165.11,62821
2020-03-12,163.07,164.43,156.28,159.67,96350
2020-03-15,156.96,162.39,149.48,150.84,88228
2020-03-16,149.48,154.92,149.48,152.2,72127
2020-03-17,149.48,152.2,147.44,148.12,53751
2020-03-18,146.08,154.24,144.73,147.44,44558
2020-03-19,144.73,150.84,142.69,148.8,72833
2020-03-22,151.52,151.52,146.08,146.08,6232
2020-06-29,143.37,143.37,135.21,142.01,13562
2020-06-30,144.05,149.48,144.05,149.48,4574
2020-07-01,152.2,157.63,152.2,156.28,2693
2020-07-02,158.99,158.99,144.05,144.05,5419
2020-07-05,142.01,146.76,142.01,144.05,19467
2020-07-06,144.05,150.16,142.69,150.16,39664
2020-07-07,152.88,154.92,148.12,152.2,34825
2020-07-08,150.84,152.88,146.76,147.44,15109
2020-07-09,145.4,149.48,144.73,149.48,22040
2020-07-12,149.48,150.16,146.08,146.08,17950
2020-07-13,147.44,148.8,145.4,147.44,8823
2020-07-14,146.76,149.48,146.08,147.44,15401
2020-07-15,149.48,150.84,147.44,149.48,23399
2020-07-16,148.8,156.96,148.8,156.28,53236
2020-07-19,163.75,166.47,163.75,166.47,40
2020-07-20,174.62,182.77,165.11,169.19,114390
2020-07-21,169.87,171.22,165.79,168.51,83098
2020-07-22,169.87,169.87,160.35,162.39,41662
2020-07-23,162.39,163.75,158.99,163.75,22804
2020-07-26,164.43,166.47,161.71,166.47,32942
2020-07-27,167.15,169.19,162.39,163.07,41325
2020-07-28,161.71,163.75,161.03,162.39,20244
2020-07-29,161.71,162.39,158.31,158.99,37958
2020-07-30,158.99,161.71,155.6,158.99,42226
2020-08-02,157.63,157.63,153.56,154.24,54673
2020-08-03,152.88,158.99,148.8,154.92,49139
2020-08-05,152.2,154.24,151.52,153.56,20261
2020-08-06,154.92,154.92,151.52,154.92,23535
2020-08-09,153.56,155.6,150.84,154.92,14383
2020-08-10,157.63,163.07,154.92,159.67,31598
2020-08-11,160.35,161.03,156.28,158.31,15269
2020-08-12,158.99,158.99,156.28,158.31,8085
2020-08-13,155.6,156.28,153.56,154.24,21299
2020-08-16,151.52,153.56,149.48,150.84,29163
2020-08-17,153.56,154.24,151.52,154.24,27118
2020-08-18,155.6,155.6,151.52,152.2,25911
2020-08-19,149.48,154.24,149.48,152.2,14709
2020-08-20,149.48,153.56,149.48,151.52,24900
2020-08-23,153.56,153.56,150.16,150.16,26730
2020-08-24,152.88,154.92,152.2,154.24,27039
2020-08-25,154.24,156.28,152.88,154.24,18636
2020-08-26,154.24,158.99,153.56,156.28,60556
2020-08-27,158.99,158.99,155.6,156.28,69577
2020-08-30,156.28,158.99,154.24,156.96,16012
2020-08-31,156.28,156.96,153.56,154.92,48894
2020-09-02,156.96,158.99,155.6,157.63,38449
2020-09-03,158.99,159.67,156.28,156.96,57782
2020-09-06,163.75,163.75,153.56,155.6,67027
2020-09-07,154.24,155.6,152.2,152.2,49606
2020-09-08,150.84,152.88,150.16,152.2,43667
2020-09-09,152.88,154.92,150.84,151.52,16558
2020-09-10,154.24,156.28,150.16,151.52,35430
2020-09-13,152.2,152.2,150.16,151.52,115289
2020-09-14,153.56,156.96,152.88,156.28,103476
2020-09-15,157.63,158.99,154.92,154.92,67016
2020-09-16,154.92,154.92,153.56,154.24,32603
2020-09-17,161.71,161.71,154.24,158.99,94720
2020-09-20,161.71,173.26,161.03,162.39,169428
2020-09-21,165.11,165.11,159.67,161.71,100181
2020-09-22,161.71,162.39,157.63,158.99,80788
2020-09-23,158.99,160.35,157.63,158.99,20742
2020-09-24,158.99,159.67,157.63,158.99,31367
2020-09-27,161.03,164.43,158.31,161.71,105213
2020-09-28,164.43,164.43,159.67,161.03,48442
2020-09-29,161.71,162.39,158.31,158.99,42022
2020-09-30,159.67,160.35,158.31,158.31,36315
2020-10-01,163.07,163.75,160.35,162.39,103835
2020-10-04,164.43,169.87,164.43,169.87,186480
2020-10-05,169.87,171.9,165.79,167.83,102036
2020-10-06,169.87,169.87,165.79,167.15,75988
2020-10-07,175.3,175.3,165.79,168.51,258346
2020-10-08,171.63,171.63,167.99,168.72,102338
2020-10-11,176.72,176.72,164.35,165.08,35775
2020-10-12,164.35,167.26,163.63,166.53,25669
2020-10-13,174.53,174.53,164.35,165.08,21075
2020-10-14,163.63,164.35,162.17,162.9,25561
2020-10-15,165.08,165.08,161.44,162.9,31407
2020-10-18,162.9,162.9,159.99,161.44,15815
2020-10-19,159.99,163.63,159.99,162.9,34165
2020-10-20,163.63,164.35,162.9,164.35,17424
2020-10-21,164.35,165.81,163.63,165.81,24986
2020-10-22,167.26,167.99,165.08,166.53,81367
2020-10-28,167.26,172.35,167.26,172.35,118471
2020-10-29,174.53,175.99,170.9,171.63,153256
2020-11-01,171.63,171.63,168.72,169.44,47122
2020-11-02,161.44,169.44,161.44,167.99,42643
2020-11-03,167.99,168.72,167.26,168.72,31090
2020-11-04,167.99,167.99,166.53,166.53,32633
2020-11-05,168.72,168.72,165.08,166.53,22867
2020-11-08,166.53,167.26,165.81,165.81,36961
2020-11-09,165.81,166.53,164.35,165.08,61834
2020-11-10,166.53,166.53,165.08,166.53,72344
2020-11-11,166.53,169.44,165.81,169.44,72369
2020-11-12,174.53,174.53,168.72,171.63,65421
2020-11-18,170.9,171.63,167.26,170.9,47736
2020-11-19,171.63,173.08,169.44,170.9,98769
2020-11-22,173.81,175.99,169.44,172.35,98878
2020-11-23,174.53,174.53,169.44,170.9,65540
2020-11-24,170.9,172.35,169.44,169.44,47019
2020-11-25,170.17,173.81,169.44,173.08,77438
2020-11-26,175.99,180.35,173.81,175.99,180104
2020-11-29,178.17,193.44,178.17,193.44,429841
2020-11-30,199.99,202.9,185.44,187.62,249506
2020-12-01,196.35,196.35,181.81,182.53,94780
2020-12-02,191.26,191.26,178.9,186.17,106903
2020-12-03,189.08,189.81,180.35,180.35,77763
2020-12-06,177.44,181.08,174.53,175.26,93567
2020-12-07,183.99,183.99,171.63,176.72,63831
2020-12-08,185.44,185.44,173.81,175.99,98927
2020-12-09,178.17,178.17,173.08,173.81,76839
2020-12-10,172.35,175.99,171.63,172.35,48765
2020-12-13,170.9,178.9,170.9,178.9,76154
2020-12-14,181.08,183.26,177.44,182.53,112216
2020-12-15,191.26,191.26,181.08,182.53,90224
2020-12-16,181.81,187.62,178.9,183.99,86548
2020-12-17,182.53,185.44,178.9,179.62,150541
2020-12-20,176.72,178.17,172.35,172.35,69688
2020-12-21,167.26,177.44,165.81,174.53,91343
2020-12-22,177.44,185.44,174.53,178.17,94782
2020-12-23,178.17,184.72,175.26,176.72,74024
2020-12-24,173.81,183.26,173.81,176.72,155619
2020-12-27,178.17,178.17,173.08,175.99,103091
2020-12-28,173.08,175.26,173.08,175.26,49560
2020-12-29,173.08,177.44,173.08,175.99,48060
2020-12-30,174.53,175.99,173.81,175.26,28815
2020-12-31,175.99,181.08,174.53,176.72,120233
2021-01-03,179.62,190.53,179.62,189.08,218674
2021-01-04,191.99,194.17,181.81,185.44,178022
2021-01-05,185.44,189.08,182.53,186.17,68348
2021-01-06,184.72,195.62,183.99,195.62,314792
2021-01-07,199.26,202.17,194.17,201.44,250397
2021-01-10,203.62,209.44,200.71,209.44,331999
2021-01-11,214.53,214.53,199.99,203.62,203329
2021-01-12,203.62,206.53,199.99,205.81,216042
2021-01-13,205.81,209.44,205.81,206.53,124821
2021-01-17,210.9,210.9,202.9,205.08,172653
2021-01-18,204.35,207.26,203.62,205.81,126352
2021-01-19,206.53,213.8,202.17,213.08,268228
2021-01-20,213.08,229.08,210.17,220.35,335020
2021-01-21,220.35,220.35,214.53,217.44,164537
2021-01-24,219.62,222.53,214.53,215.99,141395
2021-01-25,216.71,217.44,211.62,214.53,115767
2021-01-26,215.26,218.9,210.9,211.62,98025
2021-01-27,211.62,213.08,205.81,209.44,140394
2021-01-28,206.53,207.99,200.71,200.71,189483
2021-01-31,200.71,207.26,196.35,197.08,190553
2021-02-01,200.71,206.53,199.26,202.17,110427
2021-02-02,204.35,209.44,202.9,205.81,164384
2021-02-03,209.44,211.62,206.53,206.53,141637
2021-02-04,205.08,210.17,205.08,208.71,126908
2021-02-07,210.9,210.9,205.81,207.99,77913
2021-02-08,210.17,225.44,207.99,225.44,334741
2021-02-09,229.08,231.99,217.44,219.62,167073
2021-02-10,219.62,227.62,215.99,223.26,167707
2021-02-11,226.89,230.53,222.53,223.26,218921
2021-02-14,225.44,225.44,218.17,218.9,92024
2021-02-15,223.26,226.89,220.35,226.89,243578
2021-02-16,229.08,235.62,225.44,229.08,267295
2021-02-17,229.8,234.89,227.62,234.17,307769
2021-02-18,245.8,245.8,228.35,244.35,471387
2021-02-21,255.98,255.98,239.98,240.71,168287
2021-02-22,247.26,247.26,226.89,229.8,242268
2021-02-23,232.71,232.71,221.8,228.35,208122
2021-02-24,232.71,237.8,226.17,231.99,148467
2021-02-25,233.44,233.44,224.71,226.17,135005
2021-02-28,226.17,226.17,218.17,221.08,197426
2021-03-01,218.9,233.44,216.71,223.99,100710
2021-03-02,221.8,225.44,214.53,216.71,98396
2021-03-03,218.17,228.35,211.62,218.9,124851
2021-03-04,218.9,223.99,218.9,223.26,95977
2021-03-08,223.26,224.71,218.17,219.62,88289
2021-03-09,218.17,221.08,215.26,216.71,56919
2021-03-10,216.71,219.62,215.99,216.71,45586
2021-03-14,214.53,217.44,209.44,211.62,95937
2021-03-15,208.71,210.9,204.35,208.71,81646
2021-03-16,208.71,210.9,207.26,209.44,77944
2021-03-17,207.99,214.53,207.99,214.53,50674
2021-03-18,224.71,229.08,214.53,220.35,76514
2021-03-21,221.8,224.71,218.17,223.26,56449
2021-03-22,223.26,223.99,217.44,218.17,49436
2021-03-23,218.17,218.9,215.26,218.17,34491
2021-03-24,218.17,223.99,217.44,223.26,99994
2021-03-25,223.26,223.99,218.17,219.62,72577
2021-03-29,216.71,218.9,215.99,218.17,41009
2021-03-30,216.71,219.62,216.71,219.62,37153
2021-03-31,219.62,223.26,218.9,221.8,72242
2021-04-01,220.35,226.17,220.35,223.99,100504
2021-04-04,226.89,230.53,224.71,227.62,73611
2021-04-05,227.62,227.62,223.99,225.44,46535
2021-04-06,225.44,226.17,221.8,226.17,73720
2021-04-07,224.71,228.35,223.99,225.44,76036
2021-04-08,226.17,226.17,223.99,226.17,83430
2021-04-12,226.17,229.08,223.99,228.35,90281
2021-04-13,232.71,234.89,228.35,234.17,138560
2021-04-15,234.17,239.98,234.17,236.35,158173
2021-04-18,236.35,238.53,232.71,232.71,102248
2021-04-19,232.71,234.17,226.89,227.62,80388
2021-04-20,227.62,229.8,225.44,227.62,68935
2021-04-21,216.71,230.53,216.71,225.44,68343
2021-04-22,214.53,226.89,214.53,226.17,74688
2021-04-25,225.44,226.89,217.44,217.44,117305
2021-04-26,218.17,221.8,212.35,215.26,85543
2021-04-27,218.17,224.71,215.26,223.26,74793
2021-04-28,223.26,225.44,218.17,219.62,40773
2021-04-29,218.17,223.26,216.71,221.8,35053
2021-05-02,232.71,232.71,219.62,223.26,51049
2021-05-03,212.35,228.35,212.35,221.8,94379
2021-05-04,221.8,223.99,218.9,221.08,47086
2021-05-05,219.62,221.8,219.62,220.35,69333
2021-05-06,220.35,227.62,218.17,222.53,84268
2021-05-09,225.44,231.26,218.17,226.17,209074
2021-05-10,227.62,228.35,224.71,224.71,33258
2021-05-11,229.08,229.08,224.71,225.44,42457
2021-05-12,227.62,227.62,223.26,223.99,37537
2021-05-13,223.26,226.89,223.26,225.44,56793
2021-05-16,228.35,230.53,226.17,230.53,119160
2021-05-17,232.71,234.89,229.8,231.26,117270
2021-05-18,231.26,234.89,230.53,234.89,131411
2021-05-19,237.8,243.62,234.17,234.89,332161
2021-05-20,238.53,242.89,237.08,242.17,279842
2021-05-23,242.89,255.26,237.08,254.53,450713
2021-05-24,254.53,261.8,250.17,252.35,426622
2021-05-25,264.71,264.71,246.53,248.71,202333
2021-05-27,248.71,253.8,239.98,248.71,220817
2021-05-30,248.71,259.62,246.53,257.44,368516
2021-05-31,260.35,263.98,253.07,253.8,304061
2021-06-01,254.53,256.71,248.71,252.35,93619
2021-06-02,252.35,255.26,249.44,253.07,123605
2021-06-03,250.89,271.98,250.89,269.07,689017
2021-06-06,276.35,290.89,273.44,285.07,573046
2021-06-07,290.16,290.16,276.35,283.62,474684
2021-06-08,283.62,293.8,280.71,286.53,358544
2021-06-09,294.53,294.53,279.98,282.16,182534
2021-06-10,278.53,284.35,277.8,279.98,189205
2021-06-13,285.07,286.53,275.62,285.07,295127
2021-06-14,287.25,300.34,287.25,298.89,423497
2021-06-15,284.35,308.34,284.35,295.25,443314
2021-06-16,295.25,305.44,287.98,293.07,314455
2021-06-17,295.25,295.25,287.98,293.8,169330
2021-06-20,291.62,293.07,281.44,284.35,302686
2021-06-21,298.16,298.16,274.16,276.35,299383
2021-06-22,272.71,286.53,272.71,284.35,198748
2021-06-23,284.35,285.07,274.89,276.35,122241
2021-06-24,276.35,282.16,271.26,276.35,111123
2021-06-27,276.35,287.98,269.8,283.62,250934
2021-06-28,288.71,288.71,282.16,282.89,136529
2021-06-29,286.53,286.53,275.62,277.07,129364
2021-06-30,272.71,277.07,271.26,277.07,128160
2021-07-01,276.35,280.71,275.62,276.35,88156
2021-07-04,277.07,279.25,272.71,273.44,126417
2021-07-05,273.44,274.16,271.26,271.26,63490
2021-07-06,271.98,272.71,269.07,269.8,116202
2021-07-07,272.71,274.89,269.8,271.26,116451
2021-07-08,271.26,276.35,270.53,276.35,158235
2021-07-11,281.44,285.8,277.07,285.07,162025
2021-07-12,287.25,287.98,277.07,279.25,196627
2021-07-13,290.89,290.89,277.07,279.98,103387
2021-07-14,282.16,282.16,277.07,279.98,48685
2021-07-15,293.8,293.8,277.8,279.98,102360
2021-07-18,284.35,301.8,284.35,300.34,454517
2021-07-19,306.16,309.07,297.44,301.8,372529
2021-07-20,301.8,302.53,296.71,300.34,160841
2021-07-22,302.53,312.71,298.89,308.34,381368
2021-07-25,312.71,321.8,311.25,321.8,411893
2021-07-26,327.25,327.25,309.07,310.53,577249
2021-07-27,304.34,312.71,298.89,311.25,335622
2021-07-28,317.07,317.07,306.16,308.49,153312
2021-07-29,308.34,309.07,304.71,306.74,123291
2021-08-01,311.91,311.91,302.53,303.25,123227
2021-08-02,303.25,308.34,300.34,303.98,113592
2021-08-03,309.8,309.8,301.87,303.25,110878
2021-08-04,303.98,305.44,301.87,304.71,108687
2021-08-05,305.44,309.07,304.34,306.89,120641
2021-08-08,310.45,310.53,304.05,304.64,146770
2021-08-09,305.44,306.67,302.31,302.53,99199
2021-08-10,301.8,318.53,301.07,316.34,368422
2021-08-11,316.34,327.25,311.98,314.89,286433
2021-08-12,314.89,322.52,310.89,322.09,368813
2021-08-15,321.43,325.8,306.45,319.98,328639
2021-08-16,319.98,319.98,310.53,317.07,194333
2021-08-17,323.4,323.4,307.62,308.34,233400
2021-08-18,309.07,330.89,303.25,314.89,254492
2021-08-19,314.89,320.71,311.25,311.33,182974
2021-08-24,316.34,316.34,305.44,306.24,123845
2021-08-25,312.34,312.34,301.8,303.98,140913
2021-08-26,300.34,307.62,298.96,301.8,139357
2021-08-29,307.83,307.83,293.8,295.25,166720
2021-08-31,295.25,297.44,283.84,287.25,290250
2021-09-01,282.16,294.53,282.16,289.07,140174
2021-09-02,290.24,293.8,285.22,286.53,232228
2021-09-05,286.53,290.16,280.2,282.16,150587
2021-09-06,282.16,298.16,280.71,298.16,163079
2021-09-07,298.16,298.16,284.49,289.44,146968
2021-09-08,289.44,289.44,281.51,284.35,97637
2021-09-09,287.25,287.25,280.2,281.51,47634
2021-09-12,287.11,292.34,283.62,288.71,107313
2021-09-13,292.27,296.71,289.44,291.25,130938
2021-09-14,291.25,294.45,287.98,289.44,73472
2021-09-15,286.53,289.44,285.29,286.53,52563
2021-09-16,283.62,285.8,276.78,278.53,165303
2021-09-20,276.49,278.53,269.44,271.62,181360
2021-09-21,269.07,285.07,267.04,274.6,146986
2021-09-22,279.91,289.44,277.07,289.44,117891
2021-09-23,294.53,306.89,294.53,298.89,575194
2021-09-26,304.85,304.85,289.8,290.16,185751
2021-09-27,290.89,290.89,282.16,285.0,104865
2021-09-28,286.53,286.53,277.22,279.98,114028
2021-09-29,285.58,288.64,277.07,284.27,77958
2021-09-30,285.8,287.25,279.98,280.56,67654
2021-10-03,286.16,290.89,275.98,276.78,67436
2021-10-04,272.71,277.8,271.26,274.24,96621
2021-10-05,278.53,279.25,276.2,277.73,49303
2021-10-06,279.98,283.33,279.4,282.24,102791
2021-10-10,287.25,292.34,281.44,281.8,149742
2021-10-11,284.35,285.07,276.35,280.71,91780
2021-10-17,283.55,286.53,277.44,280.71,44105
2021-10-18,280.71,280.71,269.44,270.53,124485
2021-10-19,269.07,269.07,258.89,264.56,105022
2021-10-20,266.89,279.62,266.89,270.24,89343
2021-10-21,275.62,275.62,264.71,265.36,313369
2021-10-24,260.12,263.66,250.48,262.84,114493
2021-10-25,259.54,266.14,259.54,265.31,69223
2021-10-26,266.14,272.56,265.31,269.76,111401
2021-10-27,274.37,275.2,266.14,270.83,107282
2021-10-28,270.25,270.25,266.38,266.96,60124
2021-10-31,271.9,275.2,266.96,273.55,106955
2021-11-01,278.91,284.67,276.02,280.14,213234
2021-11-02,280.97,285.5,276.02,284.26,93614
2021-11-03,287.56,287.56,279.32,279.32,56490
2021-11-08,284.84,284.84,271.9,273.55,51399
2021-11-09,268.61,272.73,263.25,264.49,87625
2021-11-11,259.54,267.78,259.54,263.25,140057
2021-11-14,262.02,265.31,259.54,263.25,43940
2021-11-15,266.96,266.96,262.92,263.66,31990
2021-11-16,263.83,267.62,262.1,266.96,38510
2021-11-17,269.84,276.93,265.31,268.61,49057
2021-11-18,263.83,279.32,263.66,265.31,57831
2021-11-21,266.14,267.78,263.75,265.31,22345
2021-11-22,267.78,270.25,265.48,265.56,27353
2021-11-23,262.92,267.78,262.92,263.25,36983
2021-11-24,263.66,263.66,259.54,262.02,19446
2021-11-25,262.02,266.14,255.26,261.19,51828
2021-11-28,256.25,263.66,252.46,252.46,55231
2021-11-29,255.42,257.48,247.43,249.16,73598
2021-11-30,249.82,254.11,247.18,248.83,59667
2021-12-01,253.69,253.78,249.66,251.3,33226
2021-12-02,252.13,253.78,248.01,248.01,52968
2021-12-05,248.83,248.83,241.83,243.06,70785
2021-12-06,247.18,247.18,238.29,245.54,59491
2021-12-07,246.53,249.66,243.06,244.71,17173
2021-12-08,240.68,247.93,240.59,241.42,35554
2021-12-09,241.5,243.89,239.11,241.83,19408
2021-12-12,239.03,243.06,237.3,238.94,74389
2021-12-13,234.41,241.25,229.88,238.94,95972
2021-12-14,242.98,249.66,234.99,249.66,38854
2021-12-15,254.6,259.54,239.85,249.66,140796
2021-12-16,245.54,250.48,244.71,247.18,63688
2021-12-20,252.13,252.13,243.89,247.02,92841
2021-12-21,247.18,252.95,247.18,252.95,58687
2021-12-22,257.98,260.2,254.6,259.46,68932
2021-12-23,264.57,264.57,259.54,262.02,88052
2021-12-26,263.66,266.96,262.02,263.66,89164
2021-12-27,267.78,267.78,260.37,260.37,61050
2021-12-28,263.66,265.31,257.98,262.84,41606
2021-12-29,263.66,265.23,260.37,260.37,58672
2022-01-02,256.25,266.22,256.25,264.49,114133
2022-01-03,266.88,272.73,264.4,271.08,200383
2022-01-04,271.08,279.73,268.61,278.49,153230
2022-01-05,278.49,283.44,274.37,276.85,95538
2022-01-06,276.85,280.97,274.37,280.47,104228
2022-01-09,283.85,288.38,279.32,285.09,250067
2022-01-10,285.09,285.91,276.02,280.14,138481
2022-01-11,283.44,283.44,277.67,277.84,101610
2022-01-12,283.36,283.36,272.73,273.55,117692
2022-01-13,276.02,282.61,272.64,273.55,78924
2022-01-16,273.55,281.79,270.25,274.37,129165
2022-01-17,279.32,285.09,277.01,278.49,90457
2022-01-18,282.2,288.63,275.2,282.61,282933
2022-01-19,282.61,285.91,278.49,279.32,75958
2022-01-20,280.14,280.14,274.87,278.49,64821
2022-01-23,281.79,281.79,273.06,275.2,167130
2022-01-24,280.64,280.64,265.31,268.61,138428
2022-01-25,263.66,271.41,263.66,267.78,87435
2022-01-26,267.78,267.78,262.84,266.05,48666
2022-01-27,265.31,269.35,263.99,266.14,48916
2022-01-30,268.61,276.43,268.11,273.55,75332
2022-01-31,271.9,274.37,266.96,266.96,58323
2022-02-01,266.14,273.55,263.66,271.9,89259
2022-02-03,271.9,276.02,267.78,267.78,87824
2022-02-06,267.04,269.43,262.1,263.75,48184
2022-02-07,263.66,267.78,261.19,263.66,43150
2022-02-08,268.61,273.55,262.02,262.02,95205
2022-02-09,262.18,265.31,261.27,261.6,31194
2022-02-10,262.02,264.49,260.37,261.6,68488
2022-02-13,257.07,259.54,252.54,255.51,100671
2022-02-14,252.21,257.9,252.21,255.42,62480
2022-02-15,259.54,259.54,252.95,257.98,38075
2022-02-16,262.59,262.59,253.86,254.19,39481
2022-02-17,253.78,257.9,252.95,257.32,72584
2022-02-20,252.29,254.6,249.74,252.13,51452
2022-02-21,257.07,257.07,250.48,255.42,55581
2022-02-22,255.42,260.29,253.78,254.6,43071
2022-02-23,255.34,255.34,251.72,252.95,41764
2022-02-24,250.48,252.95,245.62,247.18,65757
2022-02-27,247.18,249.66,242.24,245.37,49320
2022-02-28,247.18,248.01,241.58,243.81,66596
2022-03-02,243.48,247.18,238.7,240.18,70145
2022-03-06,240.59,243.06,238.29,240.59,34570
2022-03-07,235.81,243.89,235.81,240.59,39328
2022-03-09,238.94,242.24,237.3,238.94,54286
2022-03-10,236.47,240.59,235.65,240.59,22260
2022-03-13,243.06,251.3,242.24,251.22,72005
2022-03-14,251.3,252.95,249.66,251.39,16966
2022-03-15,250.48,252.13,246.36,248.83,45051
2022-03-16,248.83,250.48,245.54,245.62,25426
2022-03-20,250.48,250.48,243.06,243.48,17840
2022-03-21,241.5,247.18,241.5,245.54,30919
2022-03-22,247.18,249.57,245.7,248.83,39119
2022-03-23,251.3,251.3,244.79,248.01,49796
2022-03-24,248.83,248.83,242.65,244.96,69498
2022-03-27,243.06,247.18,238.29,239.03,46956
2022-03-28,238.94,239.77,234.99,236.47,49604
2022-03-29,236.64,238.94,234.0,236.47,28868
2022-03-30,238.86,238.94,234.17,236.47,25767
2022-03-31,238.94,239.77,234.0,234.91,53241
2022-04-03,235.65,235.65,230.71,234.83,30563
2022-04-04,232.35,234.83,231.53,232.35,16605
2022-04-05,236.97,236.97,222.47,228.23,80132
2022-04-06,226.59,228.23,223.7,224.77,33557
2022-04-07,224.94,231.53,224.11,229.88,31723
2022-04-11,234.41,239.77,224.11,226.59,51888
2022-04-12,226.67,226.67,221.31,222.47,28908
2022-04-13,224.11,226.59,221.64,223.45,39543
2022-04-17,227.9,227.9,222.63,224.11,36428
2022-04-18,225.84,225.84,219.66,219.99,42260
2022-04-19,224.11,224.11,218.35,223.29,34752
2022-04-20,227.74,227.74,222.47,223.29,39691
2022-04-21,227.74,227.74,219.66,225.76,40062
2022-04-24,229.88,239.77,225.35,233.92,44485
2022-04-25,235.65,236.47,229.14,229.88,23363
2022-04-26,227.41,232.35,227.41,229.88,27791
2022-04-27,229.88,231.53,227.41,230.71,19375
2022-04-28,233.18,233.18,228.23,229.88,32157
2022-05-02,230.71,230.71,226.09,228.23,24412
2022-05-04,227.41,230.71,225.84,225.93,16007
2022-05-05,221.81,224.94,219.99,222.47,38360
2022-05-08,222.47,224.94,218.35,223.29,28866
2022-05-09,222.47,229.06,222.47,226.67,21710
2022-05-10,230.62,230.71,227.41,230.54,8983
2022-05-11,230.71,232.35,226.83,232.35,31254
2022-05-12,234.83,234.83,231.53,232.35,10789
2022-05-17,230.71,230.71,224.94,226.26,11814
2022-05-18,222.71,226.59,222.71,226.59,7501
2022-05-19,222.88,226.59,222.71,222.88,14044
2022-05-20,219.17,226.59,219.17,223.29,16703
2022-05-23,220.49,226.01,219.17,221.23,30241
2022-05-24,221.64,224.94,220.98,221.64,19677
2022-05-25,224.94,227.33,222.47,224.11,26086
2022-05-26,224.11,226.92,222.55,225.76,13367
2022-05-27,227.41,227.82,224.11,224.94,45037
2022-05-30,224.94,224.94,220.82,220.82,14152
2022-05-31,218.35,223.29,217.52,220.57,54364
2022-06-01,219.99,222.47,218.51,219.99,9671
2022-06-02,219.99,222.47,218.02,218.02,16550
2022-06-03,217.36,219.99,212.58,215.05,107468
2022-06-06,216.7,217.11,211.1,212.58,23805
2022-06-07,212.58,212.58,202.69,202.86,40135
2022-06-08,205.99,210.77,201.87,207.63,44113
2022-06-09,210.11,210.93,204.34,205.99,40388
2022-06-10,205.99,205.99,199.4,202.36,35033
2022-06-13,202.36,204.34,200.22,200.3,22161
2022-06-14,201.87,201.87,193.79,197.75,51945
2022-06-15,194.45,195.03,189.51,192.8,71127
2022-06-16,191.16,200.63,189.1,200.63,31613
2022-06-17,196.92,202.69,195.28,196.92,55743
2022-06-19,198.57,198.57,191.98,192.06,29787
2022-06-20,189.51,192.8,188.35,189.92,45057
2022-06-21,187.86,199.4,187.86,196.51,17649
2022-06-22,196.51,196.92,189.76,193.63,31016
2022-06-23,194.2,194.2,188.93,192.8,29024
2022-06-24,192.8,195.28,186.21,193.63,28452
2022-06-26,195.28,199.23,193.63,199.23,44034
2022-06-27,203.19,203.19,194.45,194.45,20204
2022-06-28,196.76,196.76,191.98,192.8,7366
2022-06-29,194.45,196.1,191.16,194.53,14582
2022-06-30,198.41,200.14,195.28,198.49,38806
2022-07-01,200.22,200.22,194.95,194.95,17532
2022-07-03,194.45,198.57,194.45,197.91,32284
2022-07-04,200.22,204.34,196.1,200.22,43920
2022-07-05,197.75,199.4,193.63,193.71,31733
2022-07-06,197.34,197.34,191.24,193.63,25023
2022-07-07,197.5,201.04,191.98,192.8,22855
2022-07-08,195.28,195.28,191.16,192.39,23312
2022-07-11,193.63,193.63,181.27,183.74,71393
2022-07-12,185.39,187.04,183.74,186.87,26686
2022-07-13,188.68,189.51,183.74,189.51,23340
2022-07-14,191.16,193.63,188.27,192.8,40069
2022-07-15,194.45,209.28,191.16,209.28,55018
2022-07-17,205.16,205.16,196.92,204.92,39685
2022-07-18,205.74,205.74,201.04,203.52,20088
2022-07-19,205.0,205.0,201.87,202.86,33597
2022-07-20,206.81,206.81,201.04,203.52,9587
2022-07-21,199.89,205.99,197.75,201.29,25577
2022-07-22,198.57,204.34,197.83,199.4,13380
2022-07-24,203.35,208.21,201.87,204.34,33250
2022-07-25,205.99,209.2,202.69,208.46,61920
2022-07-26,208.38,208.38,201.87,205.99,33536
2022-07-27,205.99,205.99,201.04,202.69,19392
2022-07-28,202.69,205.99,200.38,201.04,54011
2022-07-29,201.87,202.69,199.4,201.04,9136
2022-07-31,202.69,211.75,201.04,210.93,105087
2022-08-01,215.05,217.52,210.93,214.23,69646
2022-08-02,210.11,215.87,210.11,214.72,33387
2022-08-03,215.05,215.79,210.11,210.93,43281
2022-08-04,206.81,214.14,203.52,208.46,42789
2022-08-05,205.99,205.99,200.22,205.16,26655
2022-08-07,202.69,205.99,199.4,205.99,31036
2022-08-08,205.99,205.99,199.64,199.89,16389
2022-08-09,201.04,201.7,196.51,196.51,34664
2022-08-10,194.45,198.57,193.63,194.45,28967
2022-08-11,193.63,196.1,189.76,191.16,35278
2022-08-14,189.76,193.63,188.68,190.17,28185
2022-08-15,189.92,193.55,186.62,191.57,25907
2022-08-16,191.98,195.19,189.51,190.33,54622
2022-08-17,191.98,192.72,189.51,189.59,28118
2022-08-18,192.8,192.8,188.93,189.51,35680
2022-08-21,191.98,192.8,188.85,189.1,30124
2022-08-22,189.1,190.33,187.04,189.51,27140
2022-08-23,191.98,191.98,188.44,188.68,14805
2022-08-24,188.68,192.31,188.68,189.59,18947
2022-08-25,190.33,192.8,188.77,189.51,16756
2022-08-26,190.91,190.91,187.12,187.12,15278
2022-08-28,187.12,188.6,183.33,185.39,48888
2022-08-29,184.56,185.14,182.92,183.74,13511
2022-08-30,185.39,185.39,182.92,183.58,22937
2022-08-31,183.25,183.25,181.27,181.68,26244
2022-09-01,178.88,181.27,178.8,181.19,35691
2022-09-02,182.92,182.92,179.62,181.27,13107
2022-09-04,182.09,185.47,181.27,183.66,8420
2022-09-05,181.27,184.56,181.27,182.5,6892
2022-09-06,184.48,184.56,181.1,181.27,22435
2022-09-07,181.27,181.27,179.62,180.44,14047
2022-09-08,181.27,182.09,180.44,181.35,17997
2022-09-11,182.92,183.74,181.27,181.68,12633
2022-09-12,182.83,183.0,178.88,183.0,20891
2022-09-13,183.58,187.04,181.27,184.56,9340
2022-09-14,185.39,187.86,183.82,187.78,14466
2022-09-15,187.04,187.37,180.86,181.27,22332
2022-09-16,178.8,181.27,178.06,179.21,11747
2022-09-18,178.8,180.44,177.97,177.97,14224
2022-09-20,177.15,179.62,174.68,176.65,19126
2022-09-21,179.46,179.54,175.5,175.5,15778
2022-09-22,173.85,177.15,173.85,175.91,9714
2022-09-25,173.85,175.5,173.03,173.85,24078
2022-09-27,175.5,182.01,173.85,179.62,17891
2022-09-28,180.44,181.27,177.97,180.44,2054
2022-09-29,180.61,185.31,180.44,184.65,14098
2022-10-09,185.39,187.86,183.82,185.39,18932
2022-10-10,185.39,186.95,179.62,179.62,29112
2022-10-11,179.62,183.74,177.97,180.77,23599
2022-10-12,181.27,182.92,179.7,181.27,6697
2022-10-13,181.27,182.34,180.44,182.01,11788
2022-10-16,178.96,180.44,178.96,179.21,10386
2022-10-17,182.09,187.04,180.44,183.74,20664
2022-10-19,187.04,187.04,179.62,179.62,27621
2022-10-20,181.27,182.09,179.62,180.44,8282
2022-10-23,180.44,183.49,180.44,183.33,9947
2022-10-31,182.92,186.21,182.09,183.74,22933
2022-11-01,187.04,194.12,182.09,191.16,21208
2022-11-02,194.45,194.45,186.21,188.68,26194
2022-11-03,187.86,189.51,186.21,187.04,16280
2022-11-06,183.91,189.51,183.82,188.68,13397
2022-11-07,188.68,190.33,185.39,188.6,18518
2022-11-08,186.21,187.04,185.31,185.31,11240
2022-11-09,185.39,187.61,183.16,183.74,16370
2022-11-10,186.21,186.21,180.44,181.27,43355
2022-11-13,184.56,184.89,178.3,179.21,10775
2022-11-14,181.27,181.27,178.63,178.8,15734
2022-11-15,181.27,182.09,179.21,179.87,7573
2022-11-16,180.44,182.01,179.21,181.27,11572
2022-11-17,184.89,187.86,182.42,184.48,14275
2022-11-22,188.11,189.1,181.68,181.68,5512
2022-11-23,181.27,181.27,177.97,180.03,15991
2022-11-24,180.03,182.75,180.03,182.01,6773
2022-11-27,181.27,185.39,179.29,184.56,26892
2022-11-28,183.74,185.39,182.09,182.92,3697
2022-11-29,179.62,184.4,179.62,183.25,13225
2022-11-30,186.21,186.21,181.27,182.26,15849
2022-12-01,179.62,183.91,179.62,183.91,13520
2022-12-04,182.09,186.87,182.09,184.73,10462
2022-12-05,186.05,186.21,181.43,182.92,19096
2022-12-06,179.7,183.33,179.7,182.09,11315
2022-12-07,182.09,182.09,180.44,181.27,11732
2022-12-11,179.62,181.27,178.88,179.62,11124
2022-12-12,178.8,179.62,173.85,176.32,59947
2022-12-13,176.32,177.15,173.11,176.32,21300
2022-12-14,178.8,178.8,173.11,175.42,10595
2022-12-15,173.11,174.59,172.29,173.85,16137
2022-12-18,170.39,171.79,163.97,168.91,36529
2022-12-19,172.21,172.21,168.09,168.09,25349
2022-12-20,165.04,174.59,165.04,170.15,23172
2022-12-21,172.12,173.11,169.82,170.15,26068
2022-12-22,171.38,174.51,169.32,174.51,35248
2022-12-26,176.32,179.62,172.29,178.14,26812
2022-12-27,180.44,184.48,180.44,184.48,43431
2022-12-28,181.35,183.74,179.62,182.92,13938
2022-12-29,181.27,188.68,180.44,188.68,35371
2023-01-01,189.43,192.39,185.88,187.04,43741
2023-01-02,183.74,192.8,183.74,189.51,27806
2023-01-03,192.8,193.63,187.37,193.63,33576
2023-01-04,189.76,194.86,189.76,194.78,43842
2023-01-05,196.1,198.57,193.63,197.66,56406
2023-01-08,196.1,199.97,195.03,198.82,38893
2023-01-09,198.57,210.11,196.59,209.28,71574
2023-01-10,213.4,218.26,208.46,208.46,114667
2023-01-12,208.46,220.82,201.54,205.57,63925
2023-01-17,207.63,207.63,201.46,203.52,37990
2023-01-18,203.52,206.81,201.87,204.01,35934
2023-01-19,208.05,208.05,201.13,203.52,53738
2023-01-23,206.81,213.24,203.84,204.34,69434
2023-01-24,202.69,205.57,201.87,203.93,29242
2023-01-25,206.81,207.63,202.77,203.52,45450
2023-01-26,207.55,207.55,199.89,201.87,30892
2023-01-29,205.16,205.16,199.4,200.22,19087
2023-01-30,199.4,199.4,195.28,196.1,37140
2023-01-31,194.45,196.92,192.89,194.7,32641
2023-02-01,195.28,196.1,191.98,192.89,25358
2023-02-02,196.68,196.68,191.98,193.63,43768
2023-02-05,196.1,196.92,193.22,193.22,20081
2023-02-06,196.68,204.34,191.98,200.22,40958
2023-02-07,201.87,203.93,197.91,203.93,31098
2023-02-08,205.16,209.28,201.87,205.49,85833
2023-02-09,205.16,205.99,201.87,205.57,31323
2023-02-12,205.99,205.99,193.63,197.01,35128
2023-02-14,200.22,200.22,194.62,195.03,14119
2023-02-15,197.75,197.75,191.65,191.98,39752
2023-02-16,191.98,191.98,189.51,191.16,31037
2023-02-20,187.61,191.98,187.61,191.16,24000
2023-02-22,194.45,198.32,191.4,191.49,23653
2023-02-23,188.68,193.3,187.86,191.07,39632
2023-02-26,187.86,190.25,186.62,188.68,30157
2023-02-27,187.86,191.98,187.86,191.98,18732
2023-02-28,194.37,194.37,189.51,190.33,24633
2023-03-01,193.63,196.92,187.86,189.51,12070
2023-03-02,191.16,191.16,187.53,187.86,33877
2023-03-05,191.16,191.16,185.39,188.68,20255
2023-03-07,187.04,190.74,186.21,189.51,20180
2023-03-09,192.8,192.8,188.68,191.73,22862
2023-03-12,191.16,191.73,186.21,188.68,26504
2023-03-13,185.39,189.43,185.39,187.04,19726
2023-03-14,185.39,188.68,185.39,187.78,15816
2023-03-15,191.16,191.16,183.74,186.62,25487
2023-03-16,189.51,189.51,184.15,186.21,14480
2023-03-19,183.82,188.27,183.82,184.56,20727
2023-03-20,187.04,187.04,183.91,184.56,25501
2023-03-22,188.02,188.02,181.35,182.92,30212
2023-03-23,182.09,184.56,179.29,183.66,24176
2023-03-26,187.2,187.2,179.62,182.92,37285
2023-03-27,179.79,185.31,179.37,182.75,25761
2023-03-28,182.92,184.48,182.09,182.75,38791
2023-03-29,182.75,184.48,181.27,182.83,16242
2023-03-30,179.62,183.33,179.62,180.28,4091
2023-04-02,180.28,182.92,178.88,180.28,15801
2023-04-03,183.74,183.74,178.22,178.71,11349
2023-04-04,182.09,182.09,177.07,178.63,13028
2023-04-05,177.97,179.62,177.15,177.81,32182
2023-04-06,181.19,181.19,177.15,177.31,27758
2023-04-09,177.15,183.74,176.32,177.97,17976
2023-04-10,181.27,181.27,177.97,179.04,30994
2023-04-11,182.59,184.56,179.62,184.56,21777
2023-04-12,187.04,199.4,186.21,199.4,38812
2023-04-13,202.69,202.69,191.98,191.98,73627
2023-04-16,191.98,194.86,189.59,191.49,15160
2023-04-17,192.8,192.8,183.33,185.39,118193
2023-04-18,186.29,187.04,183.82,184.56,19902
2023-04-19,188.19,190.74,186.62,187.12,7514
2023-04-20,190.33,193.63,184.56,186.21,21908
2023-04-23,188.68,188.68,182.67,184.15,24935
2023-04-24,181.27,185.31,181.27,181.27,26744
2023-04-25,181.27,189.26,181.27,188.68,16250
2023-04-26,190.99,191.16,185.39,185.39,16400
2023-04-27,185.39,188.68,184.81,187.04,10639
2023-04-30,185.39,187.04,183.74,184.56,21042
2023-05-02,182.09,187.04,182.09,183.66,16678
2023-05-03,181.93,187.04,181.93,187.04,13145
2023-05-04,190.0,190.0,185.39,187.86,13350
2023-05-07,187.86,189.43,184.65,185.39,16356
2023-05-08,187.86,187.86,184.15,186.21,25421
2023-05-09,189.34,189.84,185.64,189.84,26751
2023-05-10,187.94,191.07,187.04,188.68,24705
2023-05-11,188.68,191.16,187.04,189.51,11554
2023-05-14,188.68,188.68,185.8,186.21,11307
2023-05-15,189.43,189.43,185.55,186.62,13140
2023-05-16,186.21,190.33,185.39,187.04,14502
2023-05-17,185.8,189.43,185.72,188.85,10679
2023-05-18,191.16,191.4,188.44,190.33,18823
2023-05-21,192.39,192.8,188.35,191.16,26179
2023-05-22,188.68,191.16,188.68,190.99,9381
2023-05-23,191.98,195.69,189.51,194.78,27875
2023-05-24,194.45,201.04,193.22,195.28,21148
2023-05-28,196.92,197.75,193.96,194.62,53897
2023-05-30,194.53,194.53,186.21,187.45,34201
2023-05-31,187.04,188.68,184.73,185.39,23949
2023-06-01,184.56,200.96,184.56,190.33,15427
2023-06-04,187.86,194.45,187.86,191.16,12228
2023-06-05,191.16,194.04,189.51,190.91,15338
2023-06-06,191.16,193.3,188.19,189.92,23891
2023-06-07,191.16,192.8,188.02,188.68,15907
2023-06-08,186.46,188.68,186.46,187.86,15148
2023-06-11,191.16,191.16,186.21,190.33,20134
2023-06-12,190.33,192.23,187.86,189.26,26907
2023-06-13,185.8,192.72,185.8,190.33,42529
2023-06-14,190.33,198.57,189.51,192.39,37587
2023-06-15,196.1,196.1,192.23,193.55,33448
2023-06-18,190.41,194.45,190.41,194.45,43881
2023-06-19,197.75,198.32,191.98,193.05,32795
2023-06-20,194.62,195.36,190.74,191.16,54490
2023-06-21,189.76,193.13,189.59,189.59,47446
2023-06-22,189.59,191.16,186.46,189.51,33910
2023-06-25,186.46,194.45,186.46,191.98,78737
2023-06-26,193.38,195.19,191.16,194.45,63038
2023-06-27,197.5,203.19,194.45,202.69,125464
2023-06-28,204.92,206.65,197.99,199.4,42946
2023-07-02,197.75,199.4,192.06,192.8,70415
2023-07-03,190.74,193.63,188.68,191.98,35731
2023-07-04,190.0,191.24,188.35,190.41,49081
2023-07-05,192.8,192.8,185.31,186.13,49319
2023-07-06,184.56,188.6,183.74,185.39,53945
2023-07-09,189.1,190.33,187.12,189.43,36969
2023-07-10,187.86,189.51,187.12,188.6,23357
2023-07-11,191.81,191.81,185.31,187.37,35750
2023-07-12,188.68,190.33,187.2,188.77,27332
2023-07-13,189.51,192.47,188.02,188.02,32599
2023-07-16,187.04,191.73,187.04,190.99,35728
2023-07-17,194.7,201.04,191.24,198.74,47648
2023-07-18,202.69,205.08,196.1,201.21,87521
2023-07-19,198.65,210.93,195.61,209.28,127311
2023-07-20,212.58,212.58,205.99,209.2,93051
2023-07-23,210.11,224.11,206.81,218.35,158856
2023-07-24,218.76,219.99,211.01,211.59,128760
2023-07-25,207.72,211.84,204.34,207.63,57467
2023-07-26,211.75,211.75,203.52,209.69,74454
2023-07-27,209.69,211.59,206.98,206.98,88428
2023-07-30,207.63,210.11,203.93,205.99,61134
2023-07-31,206.81,209.28,203.52,209.12,68767
2023-08-01,205.99,212.25,205.99,208.29,44354
2023-08-02,212.41,217.52,210.85,214.56,176206
2023-08-03,217.52,218.68,213.57,214.64,118909
2023-08-06,218.35,223.29,212.99,214.23,169796
2023-08-07,215.87,216.62,209.28,215.87,86391
2023-08-08,219.75,219.75,211.75,214.23,68186
2023-08-09,214.23,215.87,212.58,214.72,64047
2023-08-10,214.31,220.82,212.58,220.41,161627
2023-08-13,220.82,230.71,218.35,230.13,293463
2023-08-14,225.6,232.35,225.6,229.88,234556
2023-08-15,230.71,233.18,226.67,227.33,107569
2023-08-16,226.59,227.33,222.88,224.11,105875
2023-08-17,224.2,229.63,224.2,227.41,92245
2023-08-20,225.84,230.71,225.84,229.06,90930
2023-08-21,228.23,229.88,226.67,229.06,67927
2023-08-22,228.23,229.88,226.26,226.92,104300
2023-08-23,229.06,229.39,226.59,227.41,68711
2023-08-24,229.06,229.06,224.28,226.59,89986
2023-08-27,225.76,225.76,218.26,218.51,147809
2023-08-28,221.64,229.88,217.52,225.76,76844
2023-08-29,221.31,226.59,217.03,226.59,135005
2023-08-30,226.59,230.71,222.47,227.33,362536
2023-09-03,229.88,229.88,220.82,220.98,129734
2023-09-04,221.64,223.29,216.78,219.17,61885
2023-09-05,221.07,221.07,217.52,217.6,40400
2023-09-07,217.52,217.93,214.23,215.05,61791
2023-09-10,213.4,215.87,213.4,213.57,163996
2023-09-11,215.87,218.35,213.4,217.52,127028
2023-09-12,221.56,221.56,217.03,217.52,56953
2023-09-13,220.82,222.47,217.69,221.64,82915
2023-09-17,224.03,224.11,219.66,220.82,167160
2023-09-18,220.82,222.47,218.43,219.17,75120
2023-09-19,220.74,220.74,218.02,218.35,96078
2023-09-21,221.64,223.95,219.17,220.74,254313
2023-09-24,222.47,223.29,215.79,217.19,500693
2023-09-25,217.51,219.38,208.27,210.04,96624
2023-09-26,210.14,210.98,205.84,207.24,48736
2023-09-27,205.38,206.68,202.58,202.86,63373
2023-10-01,199.87,202.58,198.1,198.84,79074
2023-10-02,198.84,203.42,197.91,201.64,44247
2023-10-03,201.64,201.64,198.0,199.5,36325
2023-10-04,198.84,200.71,198.84,199.78,41762
2023-10-05,200.71,200.71,197.44,197.44,28025
2023-10-08,197.91,199.78,192.31,195.11,66954
2023-10-09,196.98,196.98,191.56,191.56,46419
2023-10-10,194.17,194.17,190.63,191.37,32672
2023-10-11,191.37,193.24,190.35,191.37,30711
2023-10-12,189.51,196.04,187.55,196.04,73726
2023-10-16,196.04,196.04,188.39,190.44,37146
2023-10-17,192.21,193.24,189.51,193.24,39292
2023-10-18,194.08,194.17,189.13,193.24,32216
2023-10-19,193.24,193.24,185.77,192.4,35093
2023-10-29,190.44,191.37,187.73,190.07,16075
2023-10-30,186.8,190.91,185.87,190.44,13671
2023-10-31,190.44,190.44,188.57,189.04,7039
2023-11-01,191.37,191.37,187.92,187.92,40760
2023-11-02,188.57,189.41,186.15,186.24,41137
2023-11-05,188.57,188.57,184.0,184.19,46446
2023-11-06,187.64,190.44,184.09,186.71,25625
2023-11-07,189.51,189.51,185.87,186.71,318523
2023-11-08,189.51,189.51,182.97,184.09,21909
2023-11-09,184.09,186.71,183.91,184.84,14601
2023-11-20,186.71,189.51,183.91,183.91,24329
2023-11-21,184.84,184.84,178.4,178.4,36772
2023-11-22,181.11,182.79,177.65,179.61,72428
2023-11-23,179.71,182.04,176.06,179.99,42837
2023-11-26,182.04,182.04,179.24,181.11,51462
2023-11-27,181.11,182.97,179.24,179.24,36180
2023-11-28,179.24,182.04,178.3,179.24,26516
2023-11-29,179.24,182.04,175.5,177.37,50024
2023-11-30,178.3,180.17,175.5,176.44,54016
2023-12-03,177.37,177.37,172.98,172.98,46596
2023-12-04,172.7,175.13,171.77,172.61,37416
2023-12-05,171.96,174.57,169.9,171.77,45434
2023-12-06,173.64,173.64,167.1,170.84,119216
2023-12-07,172.61,172.61,168.04,170.84,41155
2023-12-10,174.2,182.04,172.7,182.04,22877
2023-12-11,182.04,185.31,175.5,179.42,99136
2023-12-12,179.42,182.04,177.37,177.37,79978
2023-12-13,179.24,185.77,177.84,184.37,106140
2023-12-14,184.37,188.01,178.4,186.8,81832
2023-12-17,184.19,191.37,182.04,188.95,86434
2023-12-18,188.95,195.67,188.76,195.39,93593
2023-12-19,196.04,199.96,193.05,199.96,170122
2023-12-20,198.84,203.88,198.84,201.18,78841
2023-12-21,199.78,201.55,195.2,195.2,77170
2023-12-24,196.04,196.14,190.35,190.35,85135
2023-12-27,192.21,192.21,185.96,186.43,78912
2023-12-28,184.84,190.25,183.91,186.71,44479
2024-01-01,189.51,189.51,185.77,186.71,75364
2024-01-02,189.41,189.41,182.97,183.91,29139
2024-01-03,187.55,187.55,182.97,183.91,49501
2024-01-04,184.19,185.77,180.64,181.67,59363
2024-01-07,182.04,182.88,178.58,179.24,48876
2024-01-08,182.79,183.63,178.68,182.97,67148
2024-01-09,183.91,186.24,182.41,184.65,45260
2024-01-10,186.71,191.28,184.93,186.71,100570
2024-01-11,189.41,191.37,186.52,189.51,127986
2024-01-14,192.31,192.31,186.71,189.51,49045
2024-01-16,192.31,196.98,189.51,194.64,120889
2024-01-17,194.17,198.38,191.28,192.77,133541
2024-01-18,191.37,193.24,186.71,190.44,76373
2024-01-21,186.71,186.71,181.11,183.81,187491
2024-01-22,182.97,183.53,179.71,182.04,89858
2024-01-23,182.04,185.68,182.04,182.6,68955
2024-01-24,183.91,184.84,178.21,179.24,64577
2024-01-25,181.11,181.11,177.65,179.99,68163
2024-01-28,177.37,180.92,177.37,177.84,46047
2024-01-29,181.39,181.39,177.0,177.37,32442
2024-01-30,178.68,178.68,175.88,176.72,50191
2024-01-31,175.97,177.37,173.36,173.64,116059
2024-02-01,172.7,175.5,170.46,170.84,106283
2024-02-04,169.9,172.7,168.13,170.74,27088
2024-02-05,172.7,172.7,169.06,170.0,56528
2024-02-06,171.77,173.64,169.25,172.52,54980
2024-02-07,174.48,176.44,172.7,172.7,40659
2024-02-08,171.96,174.48,171.96,173.64,39161
2024-02-11,175.5,175.5,169.9,170.37,78711
2024-02-12,173.54,173.54,170.18,171.4,21518
2024-02-13,171.4,172.61,169.9,170.28,36138
2024-02-14,171.86,171.86,169.25,170.74,33594
2024-02-15,170.84,171.77,168.13,171.68,25825
2024-02-18,173.64,173.64,168.04,168.78,37276
2024-02-20,168.5,171.68,168.5,168.6,26163
2024-02-21,168.04,169.9,165.89,166.17,85407
2024-02-22,164.3,168.88,164.3,168.04,29756
2024-02-25,168.04,168.04,165.33,166.36,23730
2024-02-26,168.04,168.04,165.24,168.04,33443
2024-02-27,166.45,169.62,164.68,168.32,21509
2024-02-28,168.04,168.04,165.24,165.33,27737
2024-02-29,165.7,166.17,164.68,165.05,20631
2024-03-03,166.17,167.38,162.99,163.83,24988
2024-03-04,166.26,173.73,166.26,173.73,2200
2024-03-05,174.57,174.57,165.89,167.57,26682
2024-03-06,169.44,169.81,166.45,167.57,19818
2024-03-07,168.04,169.9,167.57,168.13,25400
2024-03-10,169.81,170.84,167.2,169.72,87048
2024-03-12,170.84,176.81,169.53,174.57,61487
2024-03-13,178.02,180.17,171.77,176.06,50058
2024-03-14,177.37,177.37,172.89,174.57,30995
2024-03-17,172.7,175.5,169.9,170.74,45830
2024-03-18,170.0,172.33,168.88,171.77,30646
2024-03-19,171.77,172.89,169.53,171.3,21550
2024-03-20,174.48,174.48,167.94,170.56,25313
2024-03-21,171.68,171.68,168.13,169.9,44208
2024-03-25,167.1,168.97,167.1,167.38,18570
2024-03-26,168.04,168.04,166.17,166.17,51890
2024-03-27,166.17,167.1,163.83,166.08,45264
2024-03-28,163.93,166.08,163.83,165.89,16199
2024-03-31,165.52,166.08,162.43,163.37,53301
2024-04-01,163.37,164.86,160.85,162.34,45514
2024-04-02,164.3,164.3,160.57,162.43,10839
2024-04-03,165.24,165.24,160.57,161.59,20232
2024-04-04,161.5,162.43,159.82,160.57,27206
2024-04-07,160.57,162.43,159.91,161.97,19962
2024-04-09,162.43,164.3,159.07,160.75,38996
2024-04-10,159.82,166.64,159.82,163.46,33561
2024-04-14,163.83,163.83,158.79,162.43,40715
2024-04-15,161.31,162.06,158.79,159.73,32429
2024-04-16,158.79,161.31,158.79,160.1,18575
2024-04-18,161.41,161.41,157.77,159.63,48692
2024-04-21,157.58,158.7,154.41,156.46,27726
2024-04-22,158.7,158.7,153.38,154.97,13511
2024-04-24,157.95,157.95,151.89,154.5,80506
2024-04-25,154.03,154.03,151.51,154.03,71791
2024-04-28,156.27,156.27,150.3,154.78,48177
2024-04-29,154.5,156.83,153.1,156.83,35062
2024-04-30,156.83,159.63,154.03,159.63,37719
2024-05-02,162.81,162.81,154.41,155.25,27750
2024-05-05,153.57,154.97,151.23,153.01,33784
2024-05-06,150.39,152.63,149.37,151.98,26753
2024-05-07,154.59,154.59,149.37,150.21,18761
2024-05-08,149.37,151.14,147.5,148.9,32743
2024-05-09,147.5,153.01,147.31,151.23,25124
2024-05-12,154.22,154.22,148.34,150.95,21767
2024-05-13,148.34,160.57,148.24,159.63,67855
2024-05-14,161.5,161.5,156.46,159.45,41140
2024-05-15,159.45,161.69,154.97,156.74,27434
2024-05-16,154.03,158.98,153.57,157.95,15426
2024-05-19,161.03,167.38,156.83,163.18,88345
2024-05-20,163.37,174.94,163.37,170.65,102409
2024-05-21,170.65,172.7,167.29,170.18,41163
2024-05-22,166.82,181.11,166.82,177.37,153672
2024-05-26,180.92,180.92,172.8,175.22,85413
2024-05-27,173.64,177.37,171.77,173.64,69180
2024-05-29,177.09,177.37,167.1,168.04,33520
2024-05-30,166.26,167.1,163.46,163.46,45371
2024-06-02,166.73,166.73,155.53,162.34,110628
2024-06-03,163.37,163.37,159.63,160.57,28035
2024-06-04,159.82,163.37,159.73,162.06,29494
2024-06-05,161.5,161.5,159.63,159.63,19837
2024-06-06,159.63,161.5,159.63,159.73,32683
2024-06-09,162.9,162.9,159.63,160.47,29968
2024-06-10,163.65,163.65,158.79,160.57,22262
2024-06-11,163.74,164.58,159.82,164.3,64054
2024-06-12,165.24,167.57,163.37,165.24,41805
2024-06-13,161.97,167.1,161.97,166.64,55468
2024-06-16,166.17,166.17,163.37,164.3,57534
2024-06-18,161.78,162.25,159.63,160.57,59176
2024-06-19,160.57,161.59,160.57,160.57,17375
2024-06-20,163.74,163.74,154.31,158.23,22245
2024-06-23,157.77,160.57,157.77,158.7,25047
2024-06-24,158.7,160.38,156.83,158.61,42062
2024-06-25,158.79,158.79,154.41,156.09,86791
2024-06-26,155.9,157.67,154.03,154.5,27838
2024-06-27,154.5,156.65,154.5,154.97,13180
2024-06-30,157.77,157.77,154.03,154.03,32755
2024-07-01,154.97,159.54,153.29,159.45,33765
2024-07-02,162.62,168.97,162.43,162.99,44498
2024-07-03,163.37,165.24,160.57,164.3,41539
2024-07-04,164.3,167.57,163.37,165.14,48405
2024-07-07,166.17,173.36,166.17,171.77,134286
2024-07-08,174.2,174.94,168.97,170.84,47877
2024-07-09,168.13,171.77,168.13,171.77,50948
2024-07-10,175.13,175.5,171.77,175.5,89716
2024-07-11,178.96,183.91,175.5,183.91,181401
2024-07-14,187.55,198.0,186.71,190.44,118190
2024-07-15,194.17,196.04,185.77,186.71,144210
2024-07-16,186.71,192.4,182.97,191.47,122463
2024-07-17,195.29,195.29,190.91,194.17,102963
2024-07-18,198.0,211.91,190.44,208.18,388304
2024-07-21,211.91,221.25,203.51,214.62,313687
2024-07-22,213.78,217.05,204.16,207.62,337766
2024-07-23,209.02,213.31,205.38,212.38,200115
2024-07-24,212.85,216.58,208.92,210.04,228139
2024-07-25,207.24,215.65,207.24,213.41,259850
2024-07-28,217.61,234.69,217.61,234.69,460015
2024-07-29,239.36,255.79,236.18,238.98,591488
2024-07-30,238.98,242.63,225.91,237.12,311675
2024-07-31,238.98,247.39,235.25,245.43,338441
2024-08-01,240.57,248.32,238.05,241.78,237823
2024-08-05,244.59,244.59,226.85,233.38,351053
2024-08-06,230.58,231.52,214.71,215.65,252768
2024-08-07,215.65,220.31,212.01,220.31,171512
2024-08-08,223.95,224.05,216.67,217.51,118886
2024-08-11,219.38,227.78,215.93,227.78,230628
2024-08-12,231.98,237.12,231.52,234.22,316957
2024-08-13,238.89,242.72,233.57,236.18,220536
2024-08-14,240.85,241.32,231.89,239.92,167329
2024-08-15,244.68,263.91,240.94,259.52,754130
2024-08-18,261.39,275.39,254.85,262.32,666974
2024-08-21,262.32,266.99,253.92,261.3,345405
2024-08-22,261.39,269.79,258.68,267.18,284184
2024-08-25,266.06,266.06,256.72,257.65,292571
2024-08-27,262.32,262.32,241.32,246.45,269134
2024-08-28,246.45,251.59,241.88,242.72,178465
2024-08-29,247.39,247.39,232.45,236.65,158172
2024-09-01,234.32,242.72,230.58,233.38,149788
2024-09-02,236.18,244.49,228.81,238.05,113093
2024-09-03,241.78,247.39,237.58,239.92,116201
2024-09-04,244.68,244.68,229.65,230.58,133824
2024-09-05,229.65,235.25,224.05,230.58,89639
2024-09-08,230.58,233.38,226.29,226.85,72834
2024-09-09,226.85,226.85,222.46,222.46,67890
2024-09-10,219.38,230.58,218.45,222.18,141219
2024-09-11,221.25,224.05,218.54,220.87,67313
2024-09-12,225.26,227.5,216.58,224.98,121007
2024-09-15,224.14,232.36,220.5,223.11,134529
2024-09-16,218.73,223.21,217.89,220.31,45487
2024-09-18,216.58,223.77,215.93,222.09,67383
2024-09-22,226.47,229.46,222.18,224.05,58248
2024-09-23,228.53,228.53,217.98,223.02,51524
2024-09-24,219.47,223.77,215.74,215.74,58499
2024-09-25,217.51,225.35,213.5,222.18,70338
2024-09-26,224.05,224.05,214.81,221.25,43710
2024-09-29,216.86,219.29,213.97,214.99,83012
2024-09-30,216.58,221.15,213.31,221.15,73075
2024-10-01,224.05,228.53,216.86,227.78,73463
2024-10-02,230.4,232.26,223.11,223.58,62527
2024-10-06,221.34,230.58,221.34,230.49,65421
2024-10-07,233.38,242.63,232.45,237.3,158288
2024-10-08,237.12,239.92,235.34,237.77,82541
2024-10-09,237.12,238.98,235.25,238.98,45862
2024-10-15,243.65,243.65,236.18,241.04,46845
2024-10-16,239.45,248.79,239.45,247.85,82204
2024-10-17,249.25,254.85,247.39,248.69,109254
2024-10-20,244.12,254.2,240.85,250.0,192084
2024-10-21,245.71,247.48,241.22,241.78,98849
2024-10-22,240.85,245.52,236.09,241.78,46346
2024-10-23,246.45,248.32,237.12,238.05,118963
2024-10-24,236.18,238.05,231.52,235.25,64743
2024-10-27,231.98,235.25,230.58,231.05,42166
2024-10-28,233.38,235.25,229.0,234.32,75682
2024-10-29,237.96,240.85,233.57,238.05,54658
2024-10-30,238.05,241.32,234.69,236.46,83513
2024-11-05,232.45,239.64,230.58,233.85,40146
2024-11-06,234.32,237.12,232.45,234.97,44209
2024-11-10,235.25,240.2,235.25,240.2,74279
2024-11-11,244.59,264.19,242.72,264.19,429596
2024-11-12,261.39,261.39,250.19,252.05,184561
2024-11-13,255.79,255.79,246.45,247.11,73834
2024-11-14,242.25,270.72,242.25,270.72,502726
2024-11-17,265.31,265.31,251.59,257.65,217594
2024-11-19,252.52,255.79,246.45,250.19,156653
2024-11-20,250.19,251.12,242.72,250.19,104274
2024-11-21,250.09,250.19,242.72,242.91,122925
2024-11-24,242.81,245.89,240.85,242.53,118675
2024-11-25,247.29,247.29,238.7,246.45,56168
2024-11-26,251.31,251.31,242.72,246.45,81766
2024-11-27,246.45,249.25,243.93,246.36,81913
2024-11-28,246.36,249.72,244.59,244.68,77033
2024-12-01,249.53,249.53,238.05,239.73,115085
2024-12-02,244.49,244.49,236.09,238.52,98995
2024-12-03,243.28,243.28,236.56,238.98,56620
2024-12-04,243.75,243.75,237.12,238.05,50815
2024-12-05,238.05,238.8,233.66,235.44,30287
2024-12-08,233.48,238.05,227.88,228.72,117332
2024-12-09,225.91,231.52,225.35,228.53,53587
2024-12-10,231.52,232.82,227.78,229.65,52844
2024-12-11,225.91,237.02,224.14,235.25,140336
2024-12-12,235.25,235.25,227.78,228.72,51679
2024-12-16,225.07,227.69,222.18,222.18,51052
2024-12-17,219.38,225.91,219.38,222.37,52244
2024-12-18,224.05,224.05,220.41,223.11,25541
2024-12-19,224.05,224.98,219.85,220.97,53379
2024-12-22,216.58,228.16,215.65,217.51,63798
2024-12-23,215.65,219.29,214.71,219.29,121962
2024-12-24,216.77,223.11,216.77,218.54,86212
2024-12-26,220.69,230.58,216.58,220.31,204039
2024-12-29,222.46,228.72,220.31,222.27,152453
2024-12-31,218.63,221.15,217.14,217.51,107850
2025-01-01,214.81,221.81,210.04,216.58,103211
2025-01-02,213.87,218.63,209.86,214.71,157678
2025-01-05,214.71,215.65,213.41,214.71,68518
2025-01-06,213.41,221.71,212.85,221.25,273155
2025-01-07,217.51,222.74,217.51,222.18,51475
2025-01-08,224.05,224.05,217.51,217.98,82568
2025-01-09,215.46,222.27,215.46,218.91,52531
2025-01-12,223.21,223.21,213.78,214.43,24835
2025-01-13,218.63,218.63,205.19,210.98,211815
2025-01-15,206.78,213.59,205.38,208.18,41494
2025-01-16,210.04,210.88,205.0,210.04,59827
2025-01-19,206.31,210.98,206.31,210.98,29191
2025-01-20,211.91,214.06,209.11,212.1,69094
2025-01-21,210.04,210.04,205.66,208.18,53332
2025-01-22,205.47,212.29,205.47,211.91,59617
2025-01-23,214.25,216.11,209.11,209.11,56200
2025-01-26,206.78,209.95,206.31,208.08,36493
2025-01-27,210.04,210.04,206.31,207.71,40743
2025-01-28,209.95,209.95,204.44,208.18,49037
2025-02-02,212.29,216.58,210.14,216.58,103692
2025-02-03,220.31,223.11,214.71,215.74,173393
2025-02-04,215.74,222.83,213.78,215.74,80578
2025-02-05,211.91,220.69,209.11,216.49,240049
2025-02-06,218.91,218.91,215.65,217.51,62396
2025-02-09,213.22,219.38,210.98,210.98,146882
2025-02-10,215.18,219.47,210.79,211.91,77637
2025-02-11,211.91,214.71,210.04,211.26,137075
2025-02-12,210.98,216.58,210.51,213.31,44904
2025-02-13,211.17,216.11,210.04,214.62,64159
2025-02-16,214.71,217.33,212.47,212.47,130643
2025-02-17,212.57,220.78,212.57,218.45,253204
2025-02-18,222.74,222.74,214.15,218.45,240495
2025-02-20,214.81,219.19,214.81,217.42,78007
2025-02-23,213.13,219.01,212.85,217.51,142923
2025-02-24,217.61,220.31,214.81,215.74,69281
2025-02-25,217.89,219.38,214.71,214.99,89492
2025-02-27,219.29,230.49,219.29,224.61,367356
2025-03-02,227.78,231.52,220.13,230.58,342036
2025-03-03,233.29,237.02,225.91,227.78,346084
2025-03-04,225.17,229.0,222.65,225.45,151032
2025-03-05,225.91,228.62,219.85,220.5,162296
2025-03-06,221.25,222.93,218.54,221.25,93838
2025-03-09,219.38,220.31,217.7,218.45,73206
2025-03-10,218.45,220.13,214.71,216.58,68335
2025-03-11,218.91,218.91,213.31,214.43,57247
2025-03-12,214.71,216.77,212.85,214.71,47359
2025-03-16,216.95,216.95,210.98,212.1,48753
2025-03-17,212.1,216.39,212.01,213.69,31095
2025-03-18,217.89,217.89,211.91,212.85,57579
2025-03-19,214.71,215.55,212.01,212.85,60247
2025-03-20,210.14,215.18,210.04,213.02,52203
2025-03-23,212.1,213.59,208.46,208.99,64747
2025-03-24,204.82,211.91,204.82,210.96,41307
2025-03-25,207.24,209.95,205.38,206.01,90357
2025-03-26,208.18,212.85,206.31,210.02,98122
2025-03-27,214.15,214.25,208.46,213.06,47995
2025-03-30,214.71,218.91,211.45,213.64,110306
2025-04-01,210.04,214.25,206.31,210.91,116993
2025-04-02,215.09,215.09,207.71,212.7,46677
2025-04-03,214.62,222.74,210.98,215.44,131307
2025-04-07,217.42,217.51,210.98,211.06,94899
2025-04-08,210.04,213.78,208.74,213.29,46411
2025-04-09,214.71,215.65,206.31,211.87,58127
2025-04-10,214.71,214.71,210.98,211.26,86878
2025-04-13,213.69,213.69,210.51,210.88,249268
2025-04-15,214.71,214.71,208.64,211.99,31228
2025-04-16,213.78,215.27,210.04,212.74,46859
2025-04-17,214.71,217.05,212.29,214.82,99387
2025-04-20,217.51,218.45,212.66,213.48,82568
2025-04-21,211.91,212.29,210.04,210.88,78523
2025-04-22,210.14,211.73,207.52,207.99,72603
2025-04-23,206.4,210.04,205.84,207.76,54381
2025-04-24,206.78,209.02,206.31,208.62,68501
2025-04-27,206.87,209.11,203.98,204.92,112359
2025-04-28,205.0,205.38,202.58,202.98,72931
2025-04-29,205.1,205.1,198.84,199.37,109035
2025-04-30,200.24,200.71,197.91,198.31,64532
2025-05-04,202.2,202.2,198.84,199.77,59959
2025-05-05,197.16,200.24,196.79,197.31,48272
2025-05-06,199.31,199.31,197.16,197.71,42454
2025-05-07,197.07,205.84,196.04,203.89,90329
2025-05-08,202.58,207.24,200.99,203.0,69997
2025-05-11,203.14,203.42,196.88,198.27,86699
2025-05-13,198.84,202.2,197.91,198.22,45249
2025-05-14,198.84,199.31,196.98,197.49,31502
2025-05-15,196.98,200.06,194.73,197.14,50649
2025-05-18,197.16,199.78,195.2,197.87,66316
2025-05-19,197.91,201.64,197.44,199.22,80901
2025-05-20,199.5,208.18,196.32,204.23,66597
2025-05-21,208.27,216.58,202.58,204.93,412192
2025-05-22,203.51,216.58,201.08,215.5,263711
2025-05-25,219.75,219.75,209.86,212.78,294951
2025-05-26,216.95,224.05,210.51,211.77,179222
2025-05-27,208.64,215.83,208.64,213.1,57541
2025-05-28,214.71,220.31,210.98,219.21,112443
2025-06-02,223.11,223.58,213.78,215.02,138797
2025-06-03,214.71,214.71,207.24,207.66,124969
2025-06-04,205.47,210.04,203.51,205.53,100422
2025-06-05,203.51,207.24,202.11,203.01,93104
2025-06-08,204.44,205.38,202.2,202.59,237220
2025-06-09,202.76,204.91,201.74,202.09,62412
2025-06-10,204.44,206.03,201.18,204.97,168117
2025-06-11,207.24,207.24,201.64,203.81,82423
2025-06-12,203.51,205.38,200.71,202.6,138212
2025-06-15,200.99,204.35,200.8,202.4,50751
2025-06-16,204.44,204.44,201.64,203.75,65567
2025-06-17,199.68,208.18,199.68,203.81,56071
2025-06-18,203.51,205.47,202.3,202.85,70886
2025-06-19,203.51,205.38,201.18,201.58,53802
2025-06-22,205.38,205.38,198.0,199.43,80383
2025-06-23,199.78,200.71,197.91,199.43,50380
2025-06-24,201.64,206.59,200.8,201.9,63229
2025-06-25,200.71,203.51,200.71,202.76,31544
2025-06-26,202.76,203.51,201.18,202.69,32838
2025-06-29,200.8,207.9,200.71,206.88,59849
2025-06-30,210.98,210.98,204.44,206.08,54776
2025-07-01,206.4,208.18,203.51,206.36,65715
2025-07-02,208.18,211.91,205.47,210.46,95352
2025-07-03,214.62,214.62,210.04,211.69,97923
2025-07-06,210.98,214.71,210.04,212.88,80259
2025-07-07,208.64,213.78,208.64,210.78,76232
2025-07-08,209.3,212.85,207.34,211.28,66284
2025-07-09,214.71,217.51,211.54,217.29,110345
2025-07-10,218.26,228.53,217.89,224.93,371357
2025-07-13,229.37,242.72,228.72,232.98,468706
2025-07-14,235.25,235.25,225.91,226.5,299218
2025-07-15,222.93,235.25,222.93,233.88,379758
2025-07-16,235.25,246.55,235.25,242.17,556934
2025-07-17,246.36,250.56,242.91,244.3,313401
2025-07-20,246.92,248.32,238.05,240.67,443718
2025-07-21,238.05,243.65,236.28,241.34,246725
2025-07-22,241.32,250.09,241.32,247.58,473500
2025-07-23,247.39,248.32,243.65,246.28,234250
2025-07-24,246.45,248.79,241.78,246.53,260652
2025-07-27,243.84,249.72,241.32,243.27,282448
2025-07-28,239.92,246.45,238.89,245.26,171748
2025-07-29,246.45,254.01,244.68,247.71,384635
2025-07-30,250.19,251.12,242.72,242.88,226286
2025-07-31,241.32,242.72,238.05,238.86,357154
2025-08-03,238.05,238.05,229.93,230.45,159266
2025-08-04,231.52,242.72,231.52,240.16,367800
2025-08-05,244.87,253.92,242.53,242.97,591770
2025-08-06,245.24,245.24,240.2,240.94,172099
2025-08-07,239.64,242.72,239.08,240.5,131185
2025-08-11,243.65,246.36,238.33,238.85,136733
2025-08-12,243.56,243.56,236.18,236.38,74236
2025-08-13,239.73,239.73,233.38,234.27,56992
2025-08-14,230.68,237.12,230.68,235.04,93276
2025-08-17,237.12,237.12,229.0,232.33,99806
2025-08-18,234.32,238.98,227.97,234.01,84241
2025-08-19,231.52,235.72,229.56,231.58,71549
2025-08-20,233.29,235.25,230.68,233.15,83233
2025-08-21,233.15,234.22,228.53,230.85,85594
2025-08-24,233.2,233.2,228.9,229.64,59388
2025-08-25,231.05,231.05,228.72,230.6,140596
2025-08-26,232.36,232.45,229.65,230.25,87273
2025-08-27,234.78,237.02,230.58,235.42,72345
2025-08-28,233.66,235.25,231.7,233.85,49903
2025-08-31,233.38,234.6,230.96,232.11,124581
2025-09-01,236.74,236.74,230.58,234.06,84851
2025-09-02,238.7,238.7,233.2,234.33,142772
2025-09-03,235.34,236.18,233.38,234.35,77042
2025-09-04,233.38,235.72,231.98,234.63,112976
2025-09-07,236.93,236.93,233.85,234.53,68588
2025-09-08,235.16,235.16,230.58,231.86,133141
2025-09-18,227.28,227.28,218.45,218.45,405
2025-09-21,218.45,224.95,214.56,223.22,147003
2025-09-23,226.21,226.21,219.42,221.36,64552
2025-09-24,223.3,223.3,215.53,216.5,53296
2025-09-25,216.5,218.16,214.66,217.48,26621
2025-09-28,218.45,218.45,213.2,215.53,45197
2025-10-07,214.56,214.56,212.62,212.82,44077
2025-10-08,209.71,213.5,207.77,211.65,55779
2025-10-09,215.83,223.3,210.68,213.59,70317
2025-10-12,209.32,209.71,202.91,205.34,93428
2025-10-13,209.42,209.42,202.72,205.24,38000
2025-10-14,209.32,209.32,204.85,205.83,16344
2025-10-15,209.61,209.61,202.14,203.79,45832
2025-10-16,206.8,206.8,201.94,203.3,34843
2025-10-19,201.94,205.83,200.97,201.07,57148
2025-10-26,199.42,204.76,199.03,203.4,9781
2025-10-28,205.34,207.77,204.85,207.67,35182
2025-10-29,207.77,211.65,204.56,204.85,54234
2025-10-30,205.05,208.74,204.85,206.8,51282
2025-11-02,210.87,213.5,206.8,210.68,22977
2025-11-03,206.99,213.59,206.99,213.11,46374
2025-11-04,213.59,215.34,206.8,209.71,93461
2025-11-05,207.48,209.71,207.48,209.71,41370
2025-11-06,208.45,211.65,208.45,208.74,110546
2025-11-09,208.74,208.74,203.98,203.98,41341
2025-11-10,202.33,206.21,202.33,204.66,26768
2025-11-11,203.88,203.88,202.33,202.91,73583
2025-11-12,202.91,204.85,201.46,204.08,22187
2025-11-13,203.88,205.15,201.94,203.01,9261
2025-11-16,203.88,205.24,201.17,205.24,24218
2025-11-17,205.24,205.24,202.62,203.2,17522
2025-11-18,202.91,205.44,202.52,202.91,12200
2025-11-19,205.83,205.83,202.23,205.34,23280
2025-11-20,202.91,204.37,202.43,202.91,26114
2025-11-23,203.88,209.71,202.91,209.71,44255
2025-11-24,211.55,213.5,207.77,213.4,39851
2025-11-25,213.59,213.59,209.22,212.62,37960
2025-11-26,208.74,214.56,208.74,213.98,51219
2025-11-27,218.25,219.42,209.71,218.45,94398
2025-11-30,214.66,218.45,211.65,211.65,87998
2025-12-01,207.48,215.73,207.48,213.98,40773
2025-12-02,211.75,214.47,211.75,214.37,28172
2025-12-03,210.1,216.41,210.1,212.62,62950
2025-12-07,210.68,211.65,208.83,211.65,21567
2025-12-08,208.74,212.62,208.74,209.42,60375
2025-12-09,211.65,211.65,207.96,208.35,26879
2025-12-10,208.74,210.68,207.77,208.74,21989
2025-12-11,207.48,210.68,207.48,208.74,27848
2025-12-14,210.68,210.68,206.5,209.61,64087
2025-12-15,205.44,211.65,205.44,211.65,58720
2025-12-16,212.43,213.4,208.83,208.83,31703
2025-12-17,208.74,211.65,208.74,210.68,41001
2025-12-18,213.5,213.5,209.32,212.23,39801
2025-12-21,209.71,211.36,208.93,209.9,32206
2025-12-22,209.71,210.68,207.77,208.74,28614
2025-12-23,208.06,209.61,207.77,208.25,30314
2025-12-24,209.71,213.59,208.54,213.59,51164
2025-12-28,213.59,217.48,211.94,217.38,62702
2025-12-29,214.66,217.48,213.79,215.44,48247
2025-12-31,217.48,219.42,215.53,218.25,69659
2026-01-01,222.52,222.52,209.42,215.53,25537
2026-01-04,215.53,218.35,211.94,215.53,30653
2026-01-05,213.69,222.82,211.65,218.93,52889
2026-01-06,216.5,219.81,216.5,217.18,63719
2026-01-07,216.02,219.42,216.02,217.09,53545
2026-01-08,221.26,221.26,214.56,218.35,36812
2026-01-12,222.62,222.62,216.7,221.07,74470
2026-01-13,220.39,222.33,218.45,221.36,24103
2026-01-14,225.24,225.24,218.45,221.17,37204
2026-01-18,222.14,222.33,217.96,222.33,88932
2026-01-20,226.12,228.16,222.33,224.27,65083
2026-01-21,228.16,228.16,220.39,223.3,80526
2026-01-22,227.77,227.77,219.81,223.3,38213
2026-01-25,225.15,235.24,223.79,234.95,348710
2026-01-26,239.61,239.61,229.22,230.1,105883
2026-01-27,228.35,232.91,223.79,224.76,69963
2026-01-28,223.3,226.8,221.36,223.79,48357
2026-01-29,223.79,227.67,222.33,225.15,75300
2026-02-01,223.3,226.21,220.39,221.36,62831
2026-02-02,223.3,224.27,221.36,222.33,24657
2026-02-03,223.3,223.3,217.96,220.29,65718
2026-02-04,215.92,221.84,215.92,217.67,55759
2026-02-05,217.96,220.87,216.5,220.39,63584
2026-02-08,224.17,226.89,221.36,223.3,77346
2026-02-09,221.36,223.3,218.45,218.45,47111
2026-02-10,218.45,220.39,216.99,219.32,32512
2026-02-11,223.11,223.69,218.45,220.49,73303
2026-02-12,221.36,223.5,220.39,222.33,50319
2026-02-16,223.3,223.3,220.39,221.36,34496
2026-02-17,223.3,223.3,217.48,219.42,48531
2026-02-22,220.39,221.26,217.18,218.35,70361
2026-02-23,215.92,220.39,215.92,220.29,86388
2026-02-24,222.82,222.82,217.48,221.65,32234
2026-02-25,222.52,222.52,217.48,221.36,20540
2026-02-26,225.73,225.73,220.68,222.91,21359
2026-03-01,219.42,226.21,211.65,225.83,104085
2026-03-03,230.29,230.29,223.3,229.32,154788
2026-03-09,233.88,248.16,233.88,248.16,2460
2026-03-10,249.51,250.49,234.95,238.93,271247
2026-03-11,243.69,244.66,234.95,236.89,293106
2026-03-12,236.89,245.53,230.29,243.2,201453
2026-03-15,247.09,248.54,242.62,248.06,303559
2026-03-16,253.01,253.01,241.75,242.72,128703
2026-03-17,237.86,247.86,237.86,245.15,177907
2026-03-19,240.29,260.19,240.29,258.83,641203
2026-03-22,263.98,271.84,256.31,267.96,957510
2026-03-23,264.08,274.66,257.38,265.05,406144
2026-03-24,266.02,266.99,257.28,266.5,382116
2026-03-25,261.36,275.73,257.67,259.22,301037
2026-03-26,258.25,261.17,245.53,259.13,289333
2026-03-29,264.27,264.27,249.51,249.61,278807
2026-03-30,246.89,255.44,239.81,243.69,292295
2026-03-31,240.78,248.54,240.78,247.09,174109
2026-04-01,251.94,251.94,237.86,240.78,203926
2026-04-02,236.02,248.54,235.92,240.78,182198
2026-04-05,236.02,240.68,230.19,233.5,336129
2026-04-06,231.17,242.72,231.07,242.72,143441
2026-04-07,237.86,246.6,237.57,241.65,161739
2026-04-08,246.41,249.51,239.81,248.54,212290
2026-04-09,243.59,251.46,243.59,250.49,214437
2026-04-10,246.7,250.49,243.59,245.15,243065
2026-04-13,244.66,245.63,241.55,244.66,136710
2026-04-15,249.51,254.37,245.63,246.6,170275
2026-04-16,246.6,248.45,242.72,243.79,81945
2026-04-17,242.82,245.63,241.84,244.66,102091
2026-04-20,233.01,249.51,233.01,243.79,39578
2026-04-21,246.6,246.6,242.72,242.72,65179
2026-04-22,241.94,244.76,237.09,242.72,103207
2026-04-23,245.53,245.53,236.89,237.86,72150
2026-04-24,231.46,240.68,231.46,237.48,60787
2026-04-27,237.57,244.76,237.57,242.72,83238
2026-04-28,247.48,248.54,238.74,239.81,165964
2026-04-29,242.72,242.72,236.89,236.89,88981
2026-04-30,236.6,239.81,233.01,235.05,109730
2026-05-04,234.95,239.81,233.01,234.95,133483
2026-05-05,234.95,238.83,233.5,236.89,61765
2026-05-06,239.61,239.81,235.92,237.86,31322
2026-05-07,235.53,242.62,235.53,241.75,57939
2026-05-08,241.75,243.4,238.93,243.3,94572
2026-05-11,245.63,246.12,243.2,245.63,50957
2026-05-12,245.63,246.6,240.87,242.23,62074
2026-05-13,242.23,242.82,238.35,242.23,34965
2026-05-14,243.69,243.69,238.83,240.78,52272
2026-05-15,243.69,243.69,239.32,241.75,61587
2026-05-18,241.75,242.72,237.86,242.62,95320
2026-05-19,239.13,242.72,238.83,241.26,79254
2026-05-20,241.26,246.6,239.9,246.6,70232
2026-05-21,244.66,246.21,242.72,243.69,61771
2026-05-22,245.63,245.63,240.87,245.53,87023
2026-05-25,246.31,249.32,246.31,247.09,92780
2026-05-26,247.57,248.54,243.69,246.6,97437
2026-05-27,246.6,247.48,242.72,245.83,135690
2026-06-01,249.51,249.51,242.04,243.69,95972
2026-06-02,246.41,246.41,241.75,245.24,41975
2026-06-03,247.57,247.57,242.72,244.66,53553
2026-06-04,246.6,246.99,242.72,246.5,63029
2026-06-05,246.5,246.6,240.78,242.43,84623
2026-06-08,245.63,245.63,240.29,241.36,57568
2026-06-09,241.36,243.69,237.86,241.75,92619
2026-06-10,236.99,246.02,236.99,242.72,26681
2026-06-11,239.81,242.72,239.13,240.78,47923
2026-06-12,242.72,242.72,238.83,240.29,68798
2026-06-15,240.87,242.62,240.29,242.52,48268
2026-06-16,239.9,242.52,238.83,240.1,28049
2026-06-17,240.1,242.72,239.32,240.78,58200
2026-06-18,240.78,242.72,239.81,240.78,15920
2026-06-19,240.78,240.78,237.86,240.29,52168
2026-06-22,240.78,243.69,238.83,239.81,54486
2026-06-23,240.78,240.78,237.48,238.64,37699
2026-06-24,241.36,241.46,234.17,237.77,57549
2026-06-25,233.98,237.86,233.3,236.41,42487
2026-06-26,240.49,240.49,235.92,235.92,32449
2026-06-29,235.92,235.92,232.04,233.5,62622
2026-06-30,233.98,234.95,232.04,233.01,44137
2026-07-01,236.8,236.89,233.2,235.92,54300
2026-07-02,238.64,245.53,233.01,242.52,82504
2026-07-03,242.23,244.08,240.49,240.49,85765
2026-07-06,243.2,243.2,236.02,238.45,65861
2026-07-07,237.86,242.72,235.92,240.78,67777
2026-07-08,242.72,246.6,235.44,237.86,67349
2026-07-09,235.34,239.71,235.34,237.86,57546
2026-07-10,232.91,240.78,232.91,238.16,81586
2026-07-13,237.86,238.64,235.92,236.7,76458
2026-07-14,238.83,238.83,233.2,237.67,47568
2026-07-15,237.67,240.29,237.67,239.71,30575
2026-07-16,239.71,242.72,237.67,240.78,40714
2026-07-17,242.62,247.57,239.81,247.57,113446
2026-07-20,250.0,250.58,243.69,250.58,97419
2026-07-21,249.51,252.33,244.66,248.06,83782
2026-07-22,246.89,247.57,243.3,246.6,71269
2026-07-23,242.72,252.33,241.94,247.57,70137
2026-07-24,243.5,252.43,243.5,252.33,90145
2026-07-27,253.4,257.77,250.39,252.91,289999
2026-07-28,257.57,257.57,248.64,253.4,129578
2026-07-29,255.34,257.28,250.49,251.46,79615
2026-07-30,246.02,253.4,246.02,249.51,95668
2026-07-31,250.39,252.33,246.6,251.65,54081
2026-08-03,254.37,256.7,250.58,253.4,173570
2026-08-04,253.4,255.24,246.6,250.29,100019
2026-08-05,247.67,251.46,245.63,248.35,84844
2026-08-06,243.98,250.49,243.69,245.63,57765
2026-08-07,245.63,248.35,243.2,247.57,87239
2026-08-10,247.28,247.28,242.72,243.01,77384
2026-08-11,243.2,247.57,243.2,245.63,52563
2026-08-12,246.6,247.57,244.66,246.6,33624
2026-08-13,246.6,248.54,243.79,247.38,43542
2026-08-14,247.09,247.09,241.75,241.75,98080
2026-08-17,240.78,243.69,238.93,242.72,135367
2026-08-18,242.72,242.72,237.96,240.39,69046
2026-08-19,241.75,242.52,238.93,241.17,50466
2026-08-20,241.17,243.69,236.89,243.69,138300
2026-08-21,245.53,245.53,241.17,242.72,29083
2026-08-24,239.81,244.47,239.13,242.62,28944
2026-08-25,239.13,244.66,239.13,242.62,25388
2026-08-26,243.69,243.69,237.96,240.78,35090
2026-08-27,237.86,242.62,236.89,240.78,27224
2026-08-31,242.72,242.72,233.98,237.86,62567
2026-09-01,238.83,240.39,236.7,237.86,56031
2026-09-02,236.89,238.83,235.53,237.67,116645
2026-09-03,235.15,241.55,235.15,238.83,106970
2026-09-07,240.19,244.56,234.95,242.72,44708
2026-09-09,247.28,247.28,239.81,242.23,50743
2026-09-10,242.72,242.91,238.93,241.75,43419
2026-09-11,242.72,243.69,238.25,243.69,36390
2026-09-14,247.96,247.96,237.96,243.4,96940
2026-09-15,254.27,254.27,242.72,250.19,193525
2026-09-16,250.49,252.33,244.85,246.7,142182
2026-09-17,246.89,250.29,246.02,249.42,68124
2026-09-18,246.8,254.17,245.83,253.2,319484
2026-09-22,254.85,257.38,252.43,256.6,174783
2026-09-23,256.31,256.31,248.74,250.49,143441
2026-09-24,249.51,252.43,248.83,250.97,174021
2026-09-28,250.0,252.3,246.0,249.9,95449
2026-09-29,250.0,251.0,246.1,250.0,202647
2026-09-30,251.9,251.9,247.5,247.8,76368
2026-10-01,249.0,251.9,248.1,251.9,87576
2026-10-02,250.0,252.0,248.4,250.0,56834
2026-10-05,250.0,253.0,246.7,253.0,96830
2026-10-06,248.1,255.2,248.1,255.0,62646
2026-10-07,255.0,257.7,252.6,255.5,50488
