timestamp,open,high,low,close,volume
2014-06-26,52.47,52.47,52.47,52.47,123
2014-07-03,52.47,53.36,53.09,53.36,49
2014-07-17,53.36,53.36,53.36,53.36,20
2014-07-23,53.36,53.99,53.99,53.99,10
2014-08-06,53.99,54.61,54.61,54.61,10
2014-08-18,54.61,56.04,55.33,56.04,20
2014-08-21,56.04,58.27,56.84,58.27,30
2014-08-24,58.27,59.7,58.98,59.7,20
2014-08-28,59.7,60.5,60.5,60.5,38
2014-08-31,60.5,62.11,61.3,62.11,20
2014-09-07,62.11,64.25,64.25,64.25,10
2014-09-09,64.25,65.14,65.14,65.14,10
2014-09-10,65.14,69.69,67.37,69.69,50
2014-09-11,69.69,72.19,72.19,72.19,10
2014-09-14,72.19,75.85,74.78,75.85,20
2014-09-15,75.85,78.08,76.92,78.08,20
2014-09-16,78.08,83.97,81.03,83.97,40
2014-09-17,83.97,90.4,85.22,90.4,412
2014-09-21,97.54,105.39,99.06,105.39,681
2014-09-22,105.39,108.78,96.82,96.82,2189
2014-09-23,96.82,95.31,90.4,90.76,959
2014-09-24,90.76,92.18,90.4,90.76,262
2014-09-28,90.76,90.76,88.26,89.42,288
2014-09-29,89.42,94.59,89.6,94.59,246
2014-09-30,94.59,96.02,93.88,94.33,519
2014-10-08,94.33,93.88,93.88,93.88,20
2014-10-09,93.88,95.31,93.88,94.33,94
2014-10-12,94.33,97.18,94.24,94.24,203
2014-10-13,94.24,95.66,94.24,95.13,266
2014-10-14,95.13,93.88,92.45,92.99,130
2014-10-15,92.99,93.97,92.09,92.99,113
2014-10-16,92.99,95.22,93.43,94.86,273
2014-10-19,94.86,95.66,94.77,94.77,124
2014-10-20,94.77,94.77,90.31,90.31,278
2014-10-21,90.31,91.74,90.4,90.58,208
2014-10-22,90.58,90.76,90.31,90.76,94
2014-10-26,90.76,97.9,90.31,97.9,89
2014-10-27,97.9,100.84,98.34,100.84,123
2014-10-28,100.84,99.68,98.16,99.68,264
2014-10-30,99.68,98.07,92.99,92.99,188
2014-11-02,92.99,94.41,92.9,94.33,252
2014-11-03,94.33,94.33,92.9,92.9,60
2014-11-04,92.9,92.99,92.99,92.99,40
2014-11-05,92.99,92.99,92.99,92.99,10
2014-11-06,92.99,95.66,92.99,95.66,126
2014-11-10,95.66,94.33,92.99,92.99,119
2014-11-11,92.99,93.43,89.15,89.51,66
2014-11-12,89.51,92.09,90.31,92.09,324
2014-11-13,92.09,92.54,90.67,90.67,171
2014-11-16,90.67,92.09,90.31,92.09,93
2014-11-17,92.09,92.09,90.76,92.09,51
2014-11-18,92.09,90.67,88.97,90.31,272
2014-11-19,90.31,93.17,90.31,92.81,329
2014-11-20,92.81,95.66,94.24,94.5,637
2014-11-23,94.52,96.02,94.52,94.52,120
2014-12-03,94.52,94.52,94.52,94.52,10
2014-12-08,94.52,94.95,93.88,93.88,29
2014-12-09,93.88,93.88,93.67,93.88,113
2014-12-15,93.88,94.41,94.41,94.41,20
2014-12-16,94.41,95.91,95.38,95.38,20
2014-12-17,95.38,95.81,95.81,95.81,10
2014-12-18,95.81,96.02,96.02,96.02,10
2014-12-21,96.02,97.52,97.52,97.52,10
2014-12-22,97.52,102.13,97.52,97.52,972
2014-12-23,97.52,97.84,96.02,97.84,227
2014-12-28,97.84,99.02,99.02,99.02,197
2014-12-29,99.02,105.12,99.23,105.12,1294
2014-12-31,105.12,113.69,106.84,113.69,1112
2015-01-01,113.69,121.72,115.41,121.72,1061
2015-01-04,121.72,132.0,123.65,132.0,686
2015-01-05,132.0,141.11,132.11,134.58,593
2015-01-06,134.58,136.72,132.43,132.43,578
2015-01-07,132.43,130.29,128.15,128.15,178
2015-01-08,128.15,132.43,128.15,129.22,401
2015-01-11,129.22,130.29,127.08,130.29,104
2015-01-12,130.29,128.15,126.01,126.01,20
2015-01-13,126.01,124.94,123.87,124.94,70
2015-01-14,124.94,122.9,122.9,122.9,93
2015-01-18,122.9,123.22,121.19,123.22,20
2015-01-20,123.22,123.87,123.87,123.87,10
2015-01-26,123.87,122.26,122.26,122.26,30
2015-01-27,122.26,120.22,120.22,120.22,90
2015-01-28,120.22,120.22,120.22,120.22,63
2015-02-02,120.22,121.72,117.87,117.87,190
2015-02-03,117.87,118.83,116.9,118.83,95
2015-02-04,118.83,122.79,120.76,121.3,115
2015-02-05,121.3,123.33,123.33,123.33,63
2015-02-09,123.33,123.33,122.79,122.79,160
2015-02-10,122.79,127.4,123.33,127.4,93
2015-02-11,127.4,127.94,123.87,127.94,593
2015-02-12,127.94,125.79,125.79,125.79,141
2015-02-15,125.79,123.76,123.76,123.76,63
2015-02-16,123.76,131.79,125.79,129.76,758
2015-02-19,129.76,128.68,128.26,128.26,173
2015-02-24,128.26,126.11,123.97,125.47,80
2015-02-25,125.47,127.51,124.94,126.01,192
2015-03-01,126.01,125.9,123.87,125.9,20
2015-03-02,125.9,129.22,127.08,127.72,576
2015-03-04,127.72,132.0,129.86,132.0,102
2015-03-09,132.0,131.36,131.36,131.36,30
2015-03-11,131.36,131.9,131.36,131.9,93
2015-03-12,131.9,131.36,131.36,131.36,97
2015-03-15,131.36,130.29,130.29,130.29,17
2015-03-16,130.29,128.15,126.01,126.01,138
2015-03-17,126.01,126.01,121.94,126.01,242
2015-03-18,126.01,127.08,126.97,127.08,96
2015-03-19,127.08,127.08,125.58,127.08,75
2015-03-23,127.08,125.04,125.04,125.04,63
2015-03-25,125.04,123.01,120.97,120.97,24
2015-03-26,120.97,123.01,122.26,123.01,24
2015-03-29,123.01,120.97,120.97,120.97,12
2015-03-30,120.97,122.79,122.79,122.79,10
2015-03-31,122.79,122.79,122.79,122.79,83
2015-04-02,122.79,120.76,119.58,119.58,27
2015-04-05,119.58,118.51,117.65,117.98,160
2015-04-07,117.98,121.83,119.9,121.83,22
2015-04-08,121.83,123.87,121.83,121.83,614
2015-04-09,121.83,123.22,121.19,123.22,24
2015-04-16,123.22,123.33,121.19,121.3,198
2015-04-19,121.3,119.26,117.33,117.44,373
2015-04-20,117.44,119.37,117.98,119.37,75
2015-04-21,119.37,125.37,121.3,123.87,222
2015-04-22,123.87,121.83,121.72,121.72,145
2015-04-23,121.72,119.69,118.51,118.51,64
2015-05-27,118.51,116.58,116.58,116.58,13
2015-05-31,116.58,114.66,114.66,114.66,10
2015-06-01,114.66,112.84,111.01,111.01,87
2015-06-02,111.01,110.48,106.2,110.48,449
2015-06-03,110.48,111.23,109.41,111.23,512
2015-06-04,111.23,109.94,106.84,106.84,153
2015-06-10,106.84,110.26,108.55,108.87,48
2015-06-11,108.87,113.91,110.59,113.91,169
2015-06-14,113.91,119.47,115.73,119.47,177
2015-06-15,119.47,118.51,117.55,118.51,76
2015-06-16,118.51,116.58,113.16,114.23,225
2015-06-17,114.23,116.05,114.12,114.12,108
2015-06-18,114.12,114.23,113.16,113.69,167
2015-06-21,113.69,111.98,111.98,111.98,15
2015-06-23,112.09,113.91,112.09,113.91,42
2015-06-24,115.73,117.98,115.73,117.98,107
2015-06-25,116.05,116.05,116.05,116.05,12
2015-06-28,117.44,117.44,117.44,117.44,12
2015-06-29,116.26,116.26,114.23,114.23,383
2015-06-30,114.23,116.05,114.23,116.05,85
2015-07-01,116.37,116.37,116.37,116.37,24
2015-07-02,115.3,115.83,115.3,115.83,96
2015-07-05,114.76,115.3,113.91,113.91,99
2015-07-06,112.62,113.91,112.62,113.91,93
2015-07-07,114.23,115.73,114.23,115.73,188
2015-07-09,115.73,119.58,115.73,119.58,108
2015-07-12,121.51,129.65,121.51,129.65,338
2015-07-13,127.83,132.43,127.83,130.29,602
2015-07-14,129.22,129.22,127.08,129.11,447
2015-07-15,129.11,129.22,129.11,129.22,209
2015-07-16,129.22,134.04,129.76,134.04,403
2015-07-22,136.29,143.25,136.29,143.25,367
2015-07-23,143.25,147.43,141.43,143.79,243
2015-07-27,143.79,142.07,139.61,139.61,102
2015-07-28,139.61,137.25,134.9,134.9,107
2015-07-29,134.9,132.65,132.65,132.65,12
2015-07-30,132.65,130.61,130.51,130.51,66
2015-08-02,130.51,132.43,130.93,132.43,84
2015-08-03,132.43,130.18,128.15,128.15,24
2015-08-04,128.15,128.15,124.08,124.94,155
2015-08-06,124.94,122.9,118.83,120.76,58
2015-08-09,120.76,126.01,122.79,126.01,274
2015-08-10,126.01,132.43,128.15,128.36,210
2015-08-11,128.36,132.43,128.79,132.43,180
2015-08-12,134.68,134.68,128.68,128.68,243
2015-08-13,128.68,132.43,128.68,132.43,103
2015-08-16,130.18,130.4,128.04,128.04,332
2015-08-17,128.04,128.04,128.04,128.04,12
2015-08-18,125.9,127.08,124.94,124.94,210
2015-08-19,126.97,127.08,124.94,124.94,69
2015-08-20,126.97,126.97,124.94,124.94,27
2015-08-23,122.9,122.9,118.83,118.83,48
2015-08-24,120.76,126.86,120.76,126.86,61
2015-08-25,127.08,127.08,127.08,127.08,12
2015-08-26,129.22,129.43,129.22,129.22,50
2015-08-27,129.22,129.22,128.15,128.15,126
2015-08-31,128.15,128.15,123.87,123.87,206
2015-09-01,123.87,121.94,120.65,120.65,24
2015-09-02,122.69,125.9,122.69,125.9,66
2015-09-06,126.01,126.01,122.05,122.05,111
2015-09-07,123.87,126.65,123.87,126.01,192
2015-09-08,126.01,126.01,126.01,126.01,54
2015-09-09,128.15,134.15,126.22,134.15,370
2015-09-10,132.43,132.43,130.29,130.29,76
2015-09-13,128.15,128.15,128.15,128.15,20
2015-09-15,126.01,128.15,126.01,128.15,75
2015-09-16,128.15,130.29,128.15,129.01,218
2015-09-17,129.22,134.04,127.08,131.9,786
2015-09-24,129.65,129.65,129.65,129.65,12
2015-09-28,127.51,128.15,127.51,128.15,68
2015-09-29,128.15,128.15,128.15,128.15,12
2015-10-01,130.29,130.29,130.29,130.29,31
2015-10-04,131.36,133.61,131.36,132.43,179
2015-10-05,130.83,130.83,130.83,130.83,75
2015-10-06,129.76,129.76,129.76,129.76,98
2015-10-14,131.9,131.9,131.9,131.9,12
2015-10-15,134.15,134.15,134.04,134.15,31
2015-10-18,131.9,131.9,131.9,131.9,22
2015-10-19,131.9,131.9,131.9,131.9,129
2015-10-27,131.9,131.9,127.51,127.51,58
2015-11-03,125.37,125.37,125.37,125.37,12
2015-11-04,123.33,123.33,123.33,123.33,133
2015-11-05,124.94,124.94,124.94,124.94,63
2015-11-09,126.01,128.15,126.01,128.15,31
2015-11-10,130.29,130.29,129.76,130.29,98
2015-11-15,128.15,128.15,128.15,128.15,103
2015-11-23,126.01,126.01,126.01,126.01,23
2015-11-24,123.87,123.87,123.87,123.87,48
2015-11-25,121.94,121.94,119.8,119.8,221
2015-11-29,119.05,119.05,119.05,119.05,12
2015-12-02,118.73,124.72,118.73,124.72,46
2015-12-03,126.76,128.9,126.76,128.9,38
2015-12-04,131.04,133.18,129.22,131.36,127
2015-12-07,131.36,131.36,130.29,130.29,75
2015-12-08,132.43,132.43,128.15,128.15,417
2015-12-09,130.29,139.07,130.29,139.07,127
2015-12-10,140.89,143.36,140.79,142.61,1187
2015-12-13,145.07,147.64,145.07,147.43,126
2015-12-14,147.43,147.43,142.07,147.32,819
2015-12-15,145.07,145.07,144.21,145.07,351
2015-12-16,147.43,157.6,147.43,157.6,1095
2015-12-17,160.28,171.42,160.28,171.42,1640
2015-12-20,171.42,186.62,174.41,186.62,270
2015-12-21,186.62,203.33,189.94,190.26,486
2015-12-22,186.84,186.84,176.88,182.77,372
2015-12-23,182.77,182.77,179.55,179.55,182
2015-12-24,179.55,185.98,177.41,179.55,1205
2015-12-29,179.55,176.34,176.34,176.34,12
2015-12-31,176.47,185.59,176.47,185.59,58
2016-01-04,185.59,188.81,188.81,188.81,24
2016-01-06,192.15,192.15,192.15,192.15,39
2016-01-07,195.49,195.49,195.49,195.49,12
2016-01-10,195.49,198.96,198.96,198.96,12
2016-01-11,202.56,202.56,200.89,200.89,57
2016-01-12,198.83,216.18,198.83,216.18,257
2016-01-13,216.18,224.53,218.11,224.53,324
2016-01-14,224.53,225.18,224.53,225.18,127
2016-01-17,227.1,227.1,227.1,227.1,12
2016-02-14,231.22,231.22,231.22,231.22,10
2016-02-15,235.46,235.46,235.46,235.46,63
2016-02-23,235.46,239.7,239.7,239.7,15
2016-02-29,239.7,253.06,244.07,253.06,30
2016-03-01,257.69,257.69,257.69,257.69,10
2016-03-02,262.45,262.45,262.45,262.45,12
2016-03-03,267.2,286.73,267.2,286.73,770
2016-03-06,282.37,313.47,282.37,313.47,795
2016-03-10,319.25,342.9,319.25,342.9,528
2016-03-13,340.07,340.07,340.07,340.07,10
2016-04-18,340.07,333.77,333.77,333.77,53
2016-05-02,333.77,327.47,302.29,302.29,666
2016-05-03,302.29,296.63,285.84,285.84,102
2016-05-04,285.84,280.57,259.49,268.23,1136
2016-05-05,268.23,288.79,259.88,283.65,1007
2016-05-08,283.65,281.72,279.15,279.15,42
2016-05-09,279.15,279.15,279.15,279.15,32
2016-05-10,279.8,282.37,277.87,278.0,403
2016-05-11,278.0,283.01,278.51,278.51,233
2016-05-12,283.65,283.65,283.65,283.65,10
2016-05-15,284.68,286.22,283.65,284.94,517
2016-05-16,284.94,283.65,283.65,283.65,150
2016-05-19,283.65,283.65,282.37,282.37,310
2016-05-22,282.37,280.44,279.8,279.8,65
2016-05-23,279.8,281.72,276.58,281.72,62
2016-05-24,281.72,292.13,276.58,292.13,348
2016-05-25,292.13,295.22,288.79,288.79,276
2016-05-26,288.79,286.86,284.94,284.94,154
2016-06-02,284.94,290.2,279.15,279.15,303
2016-06-05,279.15,286.22,279.15,286.22,253
2016-06-07,291.49,291.49,291.49,291.49,34
2016-06-08,291.49,293.93,293.29,293.29,180
2016-06-09,293.93,294.57,293.93,294.57,124
2016-06-12,294.57,292.65,289.18,292.65,48
2016-06-13,292.65,298.04,288.79,298.04,247
2016-06-14,303.57,314.49,303.57,307.43,1763
2016-06-16,307.43,314.49,309.35,314.49,202
2016-06-19,314.49,320.41,320.41,320.41,100
2016-06-20,320.41,314.49,305.5,309.35,369
2016-06-21,309.35,309.35,309.35,309.35,71
2016-06-22,305.5,308.07,305.5,308.07,57
2016-06-23,308.07,309.35,306.78,308.07,194
2016-06-26,308.07,306.14,295.99,295.99,160
2016-06-27,295.99,293.93,289.43,293.93,801
2016-06-28,293.93,295.22,290.72,295.22,652
2016-06-29,295.22,301.64,296.5,301.64,99
2016-06-30,301.64,329.92,301.64,329.92,1265
2016-07-03,329.92,361.02,333.13,361.02,1257
2016-07-04,361.02,365.13,358.45,358.45,112
2016-07-05,365.13,365.13,365.13,365.13,65
2016-07-06,365.9,365.9,339.55,339.55,129
2016-07-10,339.55,346.62,340.2,340.84,506
2016-07-11,340.84,365.77,345.98,365.77,1130
2016-07-12,365.77,367.83,340.2,341.48,933
2016-07-13,341.48,373.74,347.91,373.74,1706
2016-07-14,380.81,409.21,380.81,385.18,1457
2016-07-17,385.18,377.85,348.55,348.55,929
2016-07-18,348.55,348.55,329.27,329.92,615
2016-07-19,329.92,346.62,329.92,346.62,963
2016-07-20,346.62,346.62,333.77,340.2,2158
2016-07-21,340.2,353.69,344.05,353.69,1994
2016-07-26,353.69,374.32,360.44,374.32,540
2016-07-27,374.32,372.0,367.18,367.18,530
2016-07-28,367.18,378.75,367.18,367.18,748
2016-08-10,360.24,360.24,360.24,360.24,20
2016-08-17,353.3,353.3,346.56,346.56,70
2016-08-21,346.56,346.56,313.21,313.21,290
2016-08-23,313.21,313.21,313.21,313.21,14
2016-08-24,307.23,307.23,307.23,307.23,90
2016-08-28,301.64,301.64,301.64,301.64,10
2016-08-30,307.43,308.39,302.61,308.39,215
2016-08-31,302.61,308.39,302.61,308.39,74
2016-09-01,306.08,308.39,303.57,303.57,64
2016-09-04,297.79,297.79,297.79,297.79,14
2016-09-05,292.39,294.9,292.39,294.9,228
2016-09-07,300.49,300.49,294.9,294.9,177
2016-09-08,299.71,301.64,297.79,301.64,194
2016-09-11,301.64,313.21,301.64,313.21,93
2016-09-12,313.21,313.21,313.21,313.21,12
2016-09-21,307.43,307.43,307.43,307.43,14
2016-12-11,301.64,301.64,301.64,301.64,10
2016-12-14,295.86,295.86,290.27,290.27,20
2016-12-15,284.87,284.87,284.87,284.87,10
2016-12-21,279.47,279.47,274.27,274.27,20
2016-12-26,274.18,268.97,268.97,268.97,10
2017-01-02,263.98,263.98,245.3,245.3,51
2017-01-04,240.74,240.74,222.06,222.06,652
2017-01-05,217.93,223.15,211.64,215.55,805
2017-01-10,215.55,215.55,207.94,208.16,700
2017-01-11,204.04,204.04,204.04,204.04,40
2017-01-12,200.56,200.56,197.09,197.09,149
2017-01-16,193.61,193.61,186.44,189.92,371
2017-01-18,192.74,192.74,192.74,192.74,183
2017-01-19,189.27,189.27,185.79,185.79,80
2017-01-22,183.19,183.19,179.71,179.71,230
2017-01-23,176.45,176.45,164.51,165.6,747
2017-01-24,165.6,165.6,165.6,165.6,21
2017-01-26,162.56,164.51,160.17,164.51,457
2017-02-01,167.55,170.59,164.51,164.51,170
2017-02-02,167.55,167.55,164.51,164.51,26
2017-02-05,167.55,167.55,167.55,167.55,10
2017-02-06,164.51,164.51,161.47,161.47,40
2017-02-07,158.86,161.47,158.65,161.47,54
2017-02-08,158.65,158.65,153.22,153.22,270
2017-02-15,155.82,159.08,155.82,159.08,379
2017-02-16,156.26,159.08,156.26,159.08,47
2017-02-19,161.9,167.77,161.9,167.77,207
2017-02-20,170.81,183.19,170.81,177.54,740
2017-02-21,177.54,184.06,177.54,177.76,402
2017-02-23,174.28,174.28,174.28,174.28,47
2017-02-26,174.28,174.28,174.28,174.28,100
2017-03-05,171.24,171.24,171.24,171.24,20
2017-03-06,174.28,177.32,174.28,175.37,110
2017-03-09,178.63,182.97,178.63,182.97,518
2017-03-13,186.23,186.23,184.06,184.06,157
2017-03-14,188.4,191.44,187.96,191.44,210
2017-03-15,193.61,193.61,186.88,186.88,89
2017-03-16,187.31,187.31,184.06,184.06,114
2017-03-19,184.06,187.31,184.06,187.31,31
2017-03-20,190.79,201.43,190.79,201.43,130
2017-03-21,199.26,205.12,199.26,205.12,350
2017-03-22,203.6,224.23,203.6,220.98,1418
2017-03-23,220.98,241.82,220.98,241.82,538
2017-03-26,246.17,264.63,246.17,264.41,834
2017-03-28,264.41,284.82,269.41,284.82,70
2017-03-29,284.82,290.47,278.53,283.96,1340
2017-03-30,283.96,289.17,287.21,287.21,400
2017-04-02,292.64,309.37,292.64,309.37,50
2017-04-03,315.23,333.25,315.23,326.96,569
2017-04-04,332.82,332.82,332.82,332.82,70
2017-04-06,332.82,326.52,326.52,326.52,10
2017-04-09,320.44,320.44,320.44,320.44,10
2017-04-10,314.36,338.9,314.36,332.17,531
2017-04-11,338.47,338.47,319.14,331.08,2048
2017-04-12,330.65,357.8,330.65,354.54,1407
2017-04-13,347.81,347.81,347.81,347.81,50
2017-04-19,347.81,347.81,341.29,344.76,301
2017-04-20,344.76,344.76,338.25,338.25,453
2017-04-23,350.19,350.19,350.19,350.19,10
2017-04-24,343.46,343.46,343.46,343.46,10
2017-04-25,338.25,340.2,321.09,321.09,181
2017-04-26,315.01,333.04,309.15,327.39,1015
2017-04-27,321.09,333.69,316.53,329.56,894
2017-04-30,321.09,321.09,315.01,317.84,430
2017-05-02,316.53,328.69,316.53,323.7,1440
2017-05-03,329.56,343.68,325.22,343.68,1450
2017-05-04,350.19,363.66,333.91,338.25,1745
2017-05-07,331.73,331.73,319.57,319.57,181
2017-05-08,313.93,319.79,313.93,319.79,65
2017-05-09,319.79,335.43,316.53,335.43,314
2017-05-11,341.72,341.72,327.39,327.39,265
2017-05-16,321.96,327.39,321.96,325.22,318
2017-05-17,325.22,325.22,314.36,314.36,222
2017-05-18,314.36,316.31,308.5,316.31,935
2017-05-21,322.18,328.26,322.18,323.05,207
2017-05-24,323.05,320.88,316.53,320.88,51
2017-05-28,314.79,316.53,311.1,311.1,270
2017-05-30,305.24,305.24,293.95,294.16,400
2017-05-31,293.95,306.11,290.47,306.11,453
2017-06-01,305.67,305.67,296.99,298.07,215
2017-06-04,291.34,294.81,291.34,294.81,46
2017-06-05,290.47,294.81,290.47,294.81,155
2017-06-06,300.46,323.05,300.46,323.05,1118
2017-06-07,329.13,349.11,323.05,344.76,2038
2017-06-08,338.25,338.25,321.96,325.22,294
2017-06-11,319.57,319.57,313.49,314.36,269
2017-06-12,312.19,312.62,311.1,312.19,117
2017-06-13,313.27,323.05,313.27,323.05,106
2017-06-14,316.97,318.7,316.97,318.7,87
2017-06-15,321.96,322.61,318.7,318.7,215
2017-06-18,318.7,317.62,312.62,317.62,20
2017-06-19,322.83,322.83,299.59,301.33,843
2017-06-20,304.37,305.67,300.24,305.67,92
2017-06-21,299.81,307.85,294.81,307.85,442
2017-06-22,303.5,303.5,297.85,303.5,162
2017-06-25,303.5,307.85,296.55,296.55,385
2017-06-27,296.55,296.55,294.81,294.81,145
2017-06-28,294.81,300.46,294.81,300.46,100
2017-07-02,294.81,294.81,294.81,294.81,30
2017-07-03,295.25,306.11,295.25,301.33,469
2017-07-04,295.9,300.46,292.86,300.46,291
2017-07-05,294.81,306.11,294.81,306.11,297
2017-07-06,311.97,316.53,305.67,307.85,276
2017-07-09,307.85,313.71,303.5,312.19,251
2017-07-10,314.58,314.58,314.58,314.58,13
2017-07-12,308.71,308.71,308.71,308.71,10
2017-07-13,302.85,302.85,292.86,287.43,43
2017-07-16,296.99,296.99,294.81,294.81,72
2017-07-17,302.63,308.28,302.63,308.28,374
2017-07-18,313.27,313.27,312.19,312.19,220
2017-07-19,307.41,312.19,305.67,312.19,494
2017-07-20,312.19,312.19,306.32,306.32,71
2017-07-23,301.33,301.33,301.33,300.9,50
2017-07-24,301.33,302.42,300.24,300.24,266
2017-07-25,301.33,301.33,296.55,296.55,185
2017-07-26,295.9,313.71,295.9,307.85,497
2017-07-27,301.98,319.36,301.98,313.49,495
2017-07-30,314.36,314.36,307.63,309.37,225
2017-07-31,307.85,316.53,307.85,310.02,305
2017-08-01,315.88,328.69,311.1,328.69,1050
2017-08-02,327.39,333.91,316.31,328.48,691
2017-08-03,328.48,323.05,312.41,314.58,586
2017-08-07,310.23,314.36,310.02,312.19,664
2017-08-09,314.36,314.36,311.75,312.62,240
2017-08-10,307.85,313.71,307.85,313.71,30
2017-08-13,316.53,316.53,306.32,312.19,206
2017-08-15,306.32,306.32,305.46,305.46,172
2017-08-16,311.1,311.1,302.42,305.67,305
2017-08-17,300.24,301.33,297.42,301.33,164
2017-08-20,295.68,295.68,295.68,295.68,51
2017-08-21,301.33,301.33,294.81,296.33,470
2017-08-22,294.81,294.81,292.64,294.81,282
2017-08-23,294.81,295.03,290.47,292.64,463
2017-08-24,292.64,290.69,290.69,290.69,40
2017-08-27,290.69,294.81,290.47,294.81,239
2017-08-28,294.81,308.93,294.81,308.93,380
2017-08-30,314.79,320.66,305.67,306.11,1142
2017-08-31,305.67,301.55,294.16,294.16,481
2017-09-04,293.73,296.99,290.69,294.81,1053
2017-09-06,295.9,316.1,295.9,314.36,913
2017-09-07,318.7,324.78,307.85,307.85,927
2017-09-13,313.71,313.71,313.27,307.85,53
2017-09-17,307.85,307.85,295.9,296.33,294
2017-09-18,294.81,296.99,290.47,294.81,1065
2017-09-20,294.81,294.81,294.81,294.81,46
2017-09-25,290.47,290.47,290.47,290.47,20
2017-09-26,293.73,293.73,286.34,286.34,100
2017-10-04,287.21,287.21,283.96,283.96,230
2017-10-11,278.74,278.74,278.74,278.74,25
2017-10-12,274.4,274.4,273.53,274.4,50
2017-10-15,273.53,273.53,273.53,273.53,22
2017-10-17,273.1,278.31,273.1,274.18,624
2017-10-22,269.19,274.18,269.19,270.06,221
2017-10-23,274.18,280.48,273.31,280.48,374
2017-10-24,280.48,275.49,275.27,275.27,29
2017-10-29,270.93,273.1,270.93,273.1,77
2017-10-30,269.84,273.1,268.75,273.1,222
2017-10-31,272.01,273.1,272.01,273.1,60
2017-11-01,269.19,269.19,266.58,266.58,181
2017-11-02,262.67,262.67,262.67,262.67,44
2017-11-09,260.07,260.07,257.89,257.89,139
2017-11-12,257.89,254.64,247.04,247.04,448
2017-11-13,244.0,248.12,243.78,248.12,95
2017-11-14,244.86,258.76,244.86,258.76,77
2017-11-15,257.89,274.83,257.89,273.1,93
2017-11-16,269.62,269.62,269.62,269.62,30
2017-11-19,269.62,264.63,254.85,254.85,170
2017-11-20,256.81,261.59,256.81,260.94,557
2017-11-21,256.37,256.37,254.64,254.85,120
2017-11-22,257.89,262.67,257.89,260.07,180
2017-11-23,262.67,282.87,264.41,282.87,139
2017-11-26,282.87,288.08,273.1,273.1,246
2017-11-27,273.1,275.27,270.06,270.06,71
2017-11-28,275.05,276.35,269.84,276.35,384
2017-11-29,272.01,287.43,272.01,287.43,60
2017-11-30,283.96,283.96,280.05,280.05,52
2017-12-04,285.26,299.16,285.26,286.13,5090
2017-12-05,291.56,304.59,291.56,298.07,794
2017-12-06,299.16,312.84,299.16,307.85,1679
2017-12-10,313.71,313.71,296.33,302.42,670
2017-12-11,302.42,302.42,301.33,302.2,271
2017-12-12,302.42,302.42,292.64,292.64,369
2017-12-13,297.2,297.2,297.2,297.2,10
2017-12-17,294.81,294.81,294.81,294.81,22
2017-12-18,294.81,294.81,289.17,290.47,748
2017-12-19,292.64,295.9,290.04,290.04,1491
2017-12-20,285.04,289.39,282.44,283.96,700
2017-12-21,279.61,282.87,279.61,282.87,442
2017-12-24,288.08,288.08,282.87,288.08,210
2017-12-26,282.87,282.87,274.4,274.62,664
2017-12-27,279.61,279.61,273.1,273.1,620
2017-12-28,268.1,275.27,268.1,274.18,260
2018-01-01,280.47,296.2,280.47,296.2,40
2018-01-02,301.7,304.7,301.7,304.7,70
2018-01-07,309.69,309.69,309.69,309.69,10
2018-01-08,304.7,304.7,298.95,298.95,130
2018-01-09,298.95,294.71,289.96,289.96,59
2018-01-10,284.47,287.21,284.47,287.21,150
2018-01-14,283.22,283.47,282.22,282.47,304
2018-01-16,279.72,279.72,279.72,279.72,74
2018-01-17,279.72,279.72,279.72,279.72,108
2018-01-21,284.72,284.72,274.73,274.73,140
2018-01-22,274.73,274.73,274.73,274.73,20
2018-01-23,269.73,269.73,269.73,269.73,29
2018-01-24,264.74,267.23,264.74,267.23,73
2018-01-25,267.23,267.23,267.23,267.23,70
2018-01-28,263.74,263.74,262.24,262.24,184
2018-01-29,257.99,257.99,257.99,257.24,103
2018-01-31,254.75,254.75,254.75,254.75,12
2018-02-01,262.74,262.74,262.74,262.74,52
2018-02-04,267.73,267.73,264.74,265.49,54
2018-02-05,263.49,263.49,263.49,263.49,60
2018-02-06,259.99,265.73,259.99,262.24,73
2018-02-07,260.99,260.99,259.99,260.99,242
2018-02-08,260.99,264.74,260.99,264.74,235
2018-02-11,260.49,264.74,260.49,264.49,126
2018-02-14,267.23,267.23,263.99,263.99,272
2018-02-15,259.24,260.49,259.24,260.49,42
2018-02-18,260.49,275.23,265.24,267.23,306
2018-02-20,262.24,262.24,262.24,262.24,21
2018-02-22,267.23,267.23,267.23,267.23,10
2018-02-26,263.49,263.49,262.24,262.24,120
2018-02-27,259.99,259.99,259.99,259.99,117
2018-02-28,255.99,257.24,250.5,250.5,224
2018-03-04,245.75,245.75,241.26,241.26,40
2018-03-06,244.76,249.25,244.76,249.25,40
2018-03-07,247.5,253.75,247.25,253.75,405
2018-03-11,253.75,249.0,249.0,249.0,74
2018-03-12,249.0,244.76,240.26,240.26,73
2018-03-14,242.26,242.26,242.26,242.26,46
2018-03-15,242.26,246.75,242.26,246.75,180
2018-03-19,243.51,243.51,242.26,243.51,30
2018-03-20,237.76,238.51,233.27,233.27,92
2018-03-22,229.02,232.27,220.78,232.27,278
2018-03-26,228.02,228.02,219.78,219.78,93
2018-03-27,219.78,223.78,219.78,223.78,104
2018-03-28,227.77,236.26,227.77,236.26,50
2018-04-04,240.51,240.51,240.51,237.26,12
2018-04-05,242.26,260.74,242.26,260.74,241
2018-04-08,265.24,285.47,265.24,285.47,187
2018-04-09,290.71,295.95,274.73,295.95,1171
2018-04-10,290.46,290.46,287.21,287.21,112
2018-04-16,292.71,292.71,282.22,282.22,706
2018-04-17,282.22,306.94,287.46,299.95,661
2018-04-18,305.45,305.45,305.45,305.45,24
2018-04-19,299.7,299.7,288.71,288.71,120
2018-04-22,288.71,304.2,281.97,304.2,1571
2018-04-23,309.94,311.19,309.94,311.19,40
2018-04-24,305.45,305.45,305.45,305.45,10
2018-05-03,299.7,299.7,299.7,299.7,1
2018-05-09,305.45,299.7,283.22,296.95,1532
2018-05-10,296.95,291.46,285.96,285.96,69
2018-05-14,280.97,280.97,280.72,280.72,33
2018-05-16,275.48,279.72,270.23,270.98,1209
2018-05-17,275.23,275.23,270.23,270.48,91
2018-05-20,273.48,273.48,272.23,272.23,333
2018-05-21,267.73,277.47,267.48,277.47,274
2018-05-22,279.72,279.72,274.73,274.73,161
2018-05-23,279.72,306.44,274.48,304.7,1262
2018-05-24,306.44,318.18,293.96,293.96,2103
2018-05-27,288.46,288.46,280.97,280.97,701
2018-05-28,280.97,299.7,270.73,293.46,1275
2018-05-29,287.96,298.95,287.96,294.71,308
2018-05-30,291.96,300.2,289.71,294.71,730
2018-05-31,289.71,294.71,289.71,294.71,91
2018-06-03,289.21,294.71,278.47,278.47,254
2018-06-04,274.98,274.98,274.73,274.98,205
2018-06-06,280.22,285.47,280.22,280.97,166
2018-06-07,275.23,275.23,269.98,269.98,150
2018-06-10,267.23,267.23,255.25,255.25,832
2018-06-11,259.74,271.23,259.74,271.23,489
2018-06-12,266.48,266.48,266.48,266.48,125
2018-06-13,266.48,268.48,262.24,268.48,86
2018-06-14,268.48,273.48,268.48,273.48,101
2018-06-18,269.73,269.73,269.73,269.73,143
2018-06-19,264.74,264.74,259.74,259.74,160
2018-06-20,259.74,261.99,259.74,261.99,124
2018-06-21,264.99,264.99,262.24,262.24,210
2018-06-26,262.24,262.24,257.24,262.24,20
2018-06-27,257.24,257.24,257.24,257.24,20
2018-06-28,252.5,252.75,252.5,252.75,111
2018-07-01,248.5,248.5,248.0,248.25,178
2018-07-02,243.51,245.75,239.01,243.51,270
2018-07-05,250.25,268.98,247.25,268.98,190
2018-07-08,273.98,274.23,268.48,268.48,220
2018-07-09,264.74,264.74,264.74,264.74,100
2018-07-11,269.73,274.73,268.48,268.48,449
2018-07-12,265.98,265.98,265.98,265.98,250
2018-07-16,265.98,265.98,265.98,265.98,32
2018-07-17,262.24,262.24,253.75,254.0,600
2018-07-18,254.75,254.75,254.75,254.75,11
2018-07-19,251.25,251.25,250.0,250.0,340
2018-07-23,254.75,254.75,254.75,254.75,80
2018-07-24,257.24,257.24,257.24,257.24,97
2018-07-26,255.74,255.74,255.74,255.74,16
2018-07-29,254.75,255.99,254.75,255.99,24
2018-07-30,255.99,255.99,252.25,252.25,26
2018-07-31,252.25,252.25,248.5,251.0,65
2018-08-02,252.25,252.25,243.51,243.51,46
2018-08-05,239.76,239.76,234.77,239.01,355
2018-08-08,234.52,234.52,234.52,234.52,15
2018-08-09,236.01,236.01,226.52,226.52,605
2018-08-13,229.77,229.77,228.52,228.52,100
2018-08-14,225.52,225.52,225.52,225.52,100
2018-08-15,229.77,234.02,229.77,234.02,82
2018-08-16,234.02,234.02,229.77,229.77,77
2018-08-19,227.52,227.52,227.52,227.52,24
2018-08-20,224.78,224.78,224.78,224.78,313
2018-08-21,224.78,224.78,224.78,224.78,100
2018-08-22,226.02,226.02,225.77,225.77,186
2018-08-23,222.28,222.28,222.28,222.28,37
2018-08-26,223.53,223.53,222.28,222.78,172
2018-08-28,221.28,221.28,221.28,221.28,97
2018-08-29,220.28,220.28,220.28,220.28,40
2018-09-02,223.53,223.53,219.53,219.53,179
2018-09-03,218.78,223.53,218.78,222.28,379
2018-09-05,218.78,234.77,218.78,234.77,50
2018-09-06,230.52,234.77,230.52,232.27,195
2018-09-11,236.01,244.76,235.52,243.51,126
2018-09-12,248.0,248.0,239.76,239.76,268
2018-09-13,244.26,244.26,243.51,239.76,59
2018-09-17,244.76,244.76,242.26,242.26,287
2018-09-20,244.76,244.76,240.26,240.26,90
2018-09-23,235.76,235.76,232.27,232.27,100
2018-09-25,234.77,241.51,233.77,241.51,178
2018-09-26,242.26,242.26,242.26,242.26,100
2018-09-27,239.76,239.76,239.01,239.01,80
2018-09-30,236.01,236.01,232.27,232.27,47
2018-10-01,228.77,228.77,228.77,228.77,10
2018-10-02,225.52,225.52,225.52,225.52,27
2018-10-03,221.28,221.28,217.28,221.28,298
2018-10-04,222.28,222.28,222.28,222.28,80
2018-10-09,224.78,226.02,224.78,226.02,49
2018-10-14,230.27,230.27,230.27,230.27,65
2018-10-15,230.27,230.27,230.27,230.27,128
2018-10-30,226.02,226.02,226.02,226.02,50
2018-10-31,226.02,226.02,226.02,226.02,80
2018-11-15,230.27,231.02,227.27,231.02,207
2018-11-29,231.02,231.02,226.77,226.77,20
2018-12-02,226.77,226.77,224.78,224.78,15
2018-12-06,224.78,224.78,220.53,220.53,10
2018-12-09,220.53,220.53,212.54,212.54,54
2018-12-10,212.54,212.54,205.05,210.04,160
2018-12-16,210.04,221.53,210.04,217.53,290
2018-12-17,217.53,229.77,217.53,229.77,296
2018-12-18,229.77,234.02,229.77,232.27,340
2018-12-19,232.27,232.27,223.78,223.78,227
2018-12-20,223.78,227.77,223.78,227.77,10
2018-12-23,227.77,236.51,227.77,236.51,380
2018-12-24,236.51,240.76,236.51,237.26,246
2018-12-26,237.26,246.25,237.26,246.0,444
2018-12-27,246.0,246.25,237.26,237.26,572
2018-12-30,237.26,237.26,232.77,232.77,40
2019-01-01,232.77,244.76,228.52,244.76,390
2019-01-02,244.76,249.25,242.51,242.51,376
2019-01-03,242.51,247.5,242.51,247.5,27
2019-01-08,247.5,249.75,244.01,244.01,714
2019-01-09,244.01,249.25,244.01,247.25,1160
2019-01-10,247.25,251.0,244.01,247.0,534
2019-01-13,247.0,248.5,240.26,240.26,245
2019-01-14,240.26,242.26,237.26,241.01,2305
2019-01-15,241.01,248.38,241.01,248.38,80
2019-01-16,248.38,248.38,243.51,243.51,150
2019-01-17,243.51,247.25,243.51,247.25,10
2019-01-20,247.25,251.0,247.25,249.13,160
2019-01-21,249.13,249.13,244.26,244.26,77
2019-01-22,244.26,244.26,239.39,239.39,225
2019-01-23,239.39,239.39,237.89,237.89,94
2019-01-27,242.38,242.38,239.76,239.76,35
2019-01-28,239.76,248.38,239.76,248.38,66
2019-01-29,248.38,248.38,235.27,235.27,113
2019-01-30,235.27,239.76,235.27,239.76,31
2019-01-31,239.76,239.76,234.52,234.52,87
2019-02-03,232.27,234.52,232.27,234.52,282
2019-02-05,230.4,234.52,228.9,228.9,158
2019-02-06,228.52,228.9,228.52,228.52,22
2019-02-07,230.4,233.02,228.52,233.02,154
2019-02-11,234.14,234.14,233.02,234.14,10
2019-02-12,230.4,234.14,230.4,230.4,25
2019-02-13,227.02,230.4,226.65,226.65,40
2019-02-14,224.4,226.65,221.03,221.03,253
2019-02-17,221.03,221.03,219.16,219.16,62
2019-02-18,219.16,223.28,215.04,223.28,172
2019-02-19,226.65,231.89,223.28,231.89,112
2019-02-24,227.4,231.89,227.4,227.4,20
2019-02-25,224.78,227.4,220.28,220.28,163
2019-02-27,220.28,224.4,220.28,224.4,48
2019-03-03,228.15,228.15,224.4,228.15,27
2019-03-05,224.78,228.15,220.28,220.28,83
2019-03-06,224.4,224.4,220.28,224.4,10
2019-03-07,222.9,226.65,222.9,226.65,445
2019-03-11,228.52,231.14,226.65,226.65,450
2019-03-12,230.02,230.4,226.65,230.4,150
2019-03-13,225.9,230.4,224.78,224.78,80
2019-03-17,219.16,223.28,219.16,223.28,122
2019-03-18,223.28,223.28,222.9,222.9,124
2019-03-21,219.16,219.16,219.16,219.16,22
2019-03-24,223.28,223.28,218.03,221.03,384
2019-03-25,207.92,207.92,202.67,202.67,210
2019-03-26,219.71,219.71,211.44,211.44,160
2019-03-28,210.61,210.61,210.61,210.61,12
2019-03-31,206.89,206.89,206.89,206.89,40
2019-04-01,206.89,206.89,206.89,206.89,2
2019-04-02,206.89,208.96,206.89,208.96,80
2019-04-07,206.47,206.47,206.47,206.47,330
2019-04-09,206.89,206.89,199.03,199.03,800
2019-04-10,200.68,200.68,200.68,200.68,27
2019-04-15,198.61,198.61,198.61,198.61,65
2019-04-16,198.61,206.89,198.61,206.89,62
2019-04-18,206.47,206.47,199.03,199.03,810
2019-04-21,198.61,198.61,195.72,195.72,181
2019-04-22,194.89,194.89,194.89,194.89,20
2019-04-23,194.47,198.61,194.47,198.61,210
2019-04-24,194.89,201.92,198.61,201.92,140
2019-04-25,198.61,198.61,194.47,196.54,385
2019-04-28,196.96,207.71,196.54,207.3,336
2019-04-29,207.71,211.85,207.71,207.71,251
2019-05-02,203.58,203.58,203.58,203.58,90
2019-05-05,199.85,203.58,199.85,199.85,153
2019-05-06,203.58,203.58,202.75,202.75,23
2019-05-07,202.75,204.82,202.75,204.82,30
2019-05-08,201.09,220.96,201.09,211.03,402
2019-05-16,215.16,215.16,215.16,215.16,10
2019-05-19,211.03,211.03,211.03,211.03,20
2019-05-20,206.89,207.3,195.72,195.72,219
2019-05-21,191.99,192.41,187.03,187.03,1302
2019-05-22,190.75,190.75,190.75,190.75,56
2019-05-23,194.47,194.89,190.75,190.75,547
2019-05-26,187.85,190.34,187.85,190.34,483
2019-05-27,193.23,193.65,190.75,190.75,241
2019-05-28,191.16,191.16,190.75,190.75,150
2019-05-29,194.47,201.92,194.47,201.92,310
2019-05-30,201.92,205.65,198.61,198.61,565
2019-06-04,202.34,202.34,202.34,202.34,11
2019-06-06,198.61,198.61,198.61,198.61,10
2019-06-10,196.13,196.54,195.72,196.13,89
2019-06-11,192.41,192.41,186.2,188.68,145
2019-06-12,186.2,186.2,186.2,186.2,11
2019-06-13,182.89,182.89,182.89,182.89,37
2019-06-16,179.58,179.58,172.96,172.96,153
2019-06-17,172.96,172.96,165.51,169.65,339
2019-06-18,169.65,169.65,165.51,166.34,416
2019-06-23,163.85,163.85,163.85,163.85,27
2019-06-24,166.75,168.82,165.51,167.58,170
2019-06-25,167.58,174.2,167.58,174.2,203
2019-06-26,170.89,174.2,170.89,174.2,20
2019-06-27,171.3,174.2,167.58,174.2,227
2019-07-01,175.85,175.85,165.51,165.51,80
2019-07-02,168.82,168.82,165.51,165.51,160
2019-07-03,165.51,171.72,165.51,171.72,569
2019-07-04,174.61,174.61,174.61,174.61,10
2019-07-07,171.3,171.3,166.34,166.34,96
2019-07-08,163.03,165.51,162.61,165.51,246
2019-07-09,165.51,165.51,165.51,165.51,19
2019-07-10,168.82,168.82,165.51,165.51,257
2019-07-11,162.2,165.1,162.2,162.2,317
2019-07-14,162.2,164.27,162.2,162.61,58
2019-07-16,163.44,166.75,163.44,166.75,89
2019-07-17,167.58,167.58,164.27,164.27,55
2019-07-18,164.27,164.27,162.2,162.2,213
2019-07-21,162.2,165.1,162.2,165.1,320
2019-07-22,163.03,165.1,165.1,165.1,1
2019-07-23,165.51,165.51,165.51,165.51,40
2019-07-24,165.51,179.58,165.51,179.58,406
2019-07-25,179.99,182.89,175.03,175.03,1109
2019-07-28,171.72,172.13,169.65,170.06,293
2019-07-29,173.37,177.92,173.37,177.92,316
2019-07-30,179.99,192.41,179.99,192.41,2833
2019-07-31,189.1,209.78,188.68,209.78,1467
2019-08-01,213.51,221.78,211.03,218.47,2851
2019-08-04,222.61,230.06,207.71,214.34,2573
2019-08-05,216.82,217.23,196.96,196.96,1784
2019-08-06,193.23,196.96,185.78,196.96,497
2019-08-07,193.23,207.71,190.75,207.71,837
2019-08-08,211.85,211.85,196.13,199.85,417
2019-08-11,200.68,200.68,198.61,198.61,115
2019-08-12,198.61,208.54,197.37,208.54,141
2019-08-13,204.4,212.27,200.68,202.75,976
2019-08-14,202.75,202.75,200.68,200.68,674
2019-08-15,204.4,204.4,200.68,200.68,146
2019-08-19,202.75,202.75,202.75,202.75,69
2019-08-20,201.09,201.09,201.09,201.09,20
2019-08-22,197.37,197.37,197.37,197.37,50
2019-08-25,193.65,193.65,193.65,193.65,14
2019-08-26,194.47,194.47,190.75,190.75,183
2019-08-27,190.34,197.78,190.34,197.78,179
2019-08-28,194.47,194.47,194.06,194.06,150
2019-08-29,190.34,190.34,187.03,187.03,116
2019-09-04,192.41,200.27,188.27,188.27,613
2019-09-05,186.61,186.61,186.61,186.61,19
2019-09-09,182.89,182.89,182.89,182.89,261
2019-09-10,179.58,186.2,182.06,182.06,243
2019-09-11,179.16,179.16,178.75,179.16,232
2019-09-12,179.16,179.16,175.85,175.85,383
2019-09-16,172.54,175.85,168.41,168.41,192
2019-09-17,171.72,182.06,171.72,182.06,90
2019-09-18,185.37,192.41,185.37,188.68,106
2019-09-22,184.96,190.34,188.68,190.34,15
2019-09-26,186.61,186.61,186.2,186.2,46
2019-09-29,186.2,186.2,185.78,185.78,11
2019-09-30,182.47,182.47,182.47,182.47,100
2019-10-01,179.16,185.78,177.92,185.78,260
2019-10-02,182.47,188.27,182.47,188.27,60
2019-10-03,186.2,186.2,181.23,181.23,500
2019-10-14,177.92,177.92,177.92,177.92,41
2019-10-15,181.23,182.89,181.23,182.89,280
2019-10-16,183.3,183.3,183.3,183.3,30
2019-10-20,183.3,183.3,183.3,183.3,10
2019-10-21,179.99,180.82,177.92,177.92,86
2019-10-22,179.99,179.99,179.99,179.99,10
2019-10-23,179.99,179.99,179.99,179.99,15
2019-10-24,179.99,182.06,179.99,182.06,60
2019-11-03,178.75,178.75,175.44,175.44,198
2019-11-04,178.75,178.75,174.61,174.61,276
2019-11-05,175.44,175.44,175.44,175.44,500
2019-11-06,175.44,175.44,172.54,172.54,83
2019-11-07,172.54,175.85,172.54,175.85,81
2019-11-10,173.79,175.03,171.72,175.03,1299
2019-11-11,178.34,181.23,177.92,181.23,208
2019-11-12,177.92,181.23,175.03,175.85,428
2019-11-13,179.16,184.96,179.16,184.96,140
2019-11-17,182.06,182.06,182.06,182.06,44
2019-11-18,185.37,185.37,185.37,185.37,10
2019-11-19,182.06,185.37,182.06,182.47,171
2019-11-20,185.78,189.1,185.78,189.1,23
2019-11-21,189.1,189.1,179.16,179.16,310
2019-11-25,182.47,189.1,182.47,189.1,36
2019-11-27,186.61,190.34,186.61,190.34,273
2019-11-28,187.03,187.03,183.3,186.61,697
2019-12-01,183.72,183.72,183.72,183.72,46
2019-12-02,183.3,183.3,182.89,182.89,200
2019-12-03,186.2,193.23,186.2,193.23,124
2019-12-04,191.16,194.89,190.75,192.41,4777
2019-12-05,195.72,195.72,191.16,193.65,1130
2019-12-08,193.65,199.85,190.34,199.85,1168
2019-12-09,200.68,218.89,200.68,218.89,1756
2019-12-10,217.23,222.2,213.51,219.3,3112
2019-12-11,219.3,241.23,219.3,227.58,3154
2019-12-12,225.92,236.68,219.3,229.64,2523
2019-12-15,225.51,229.23,224.68,224.68,731
2019-12-16,219.3,223.44,218.47,222.61,1136
2019-12-17,218.47,227.16,218.47,224.68,1906
2019-12-18,227.58,228.82,224.68,225.51,1772
2019-12-19,228.82,237.51,228.82,233.78,1654
2019-12-22,229.23,229.23,219.71,225.51,1584
2019-12-23,223.85,235.85,223.85,235.85,3902
2019-12-24,238.75,238.75,231.3,237.51,1446
2019-12-25,235.85,237.51,229.23,229.23,1291
2019-12-26,230.89,230.89,226.33,227.58,327
2019-12-29,225.51,225.51,225.51,225.51,205
2019-12-30,227.99,228.4,221.37,221.78,1735
2019-12-31,223.65,234.11,223.65,229.83,462
2020-01-01,228.4,228.4,222.22,225.55,224
2020-01-02,229.83,229.83,225.55,225.55,691
2020-01-05,228.4,247.91,228.4,231.26,2108
2020-01-06,235.54,244.58,235.54,240.3,1842
2020-01-07,244.58,246.01,244.58,246.01,1016
2020-01-08,250.77,261.71,241.25,258.38,2749
2020-01-09,253.62,279.32,256.0,273.61,3124
2020-01-12,278.37,297.4,278.37,297.4,3863
2020-01-13,297.4,314.53,280.75,288.84,3240
2020-01-14,283.13,292.17,283.13,291.69,929
2020-01-15,297.4,297.4,285.5,291.69,2142
2020-01-16,295.97,319.29,295.97,314.05,1799
2020-01-19,320.24,330.23,307.87,316.43,1569
2020-01-20,322.62,322.62,293.12,295.02,1531
2020-01-21,290.26,301.21,285.5,295.5,2046
2020-01-22,290.26,297.88,289.79,295.5,1563
2020-01-23,303.11,314.05,303.11,311.68,8416
2020-01-26,311.68,311.68,288.36,288.36,336
2020-01-27,290.26,305.49,290.26,305.49,1755
2020-01-28,311.2,320.72,299.78,311.68,9217
2020-01-29,317.86,342.61,317.86,335.94,7668
2020-01-30,342.61,362.11,340.23,346.89,2669
2020-02-02,353.55,381.15,353.55,381.15,12271
2020-02-03,388.76,418.26,386.38,409.22,6107
2020-02-04,401.13,401.13,385.91,387.81,5698
2020-02-05,388.29,388.29,384.48,384.48,689
2020-02-06,380.67,381.15,369.73,369.73,1394
2020-02-09,364.02,373.54,364.02,364.02,2933
2020-02-10,371.16,378.29,357.83,371.16,897
2020-02-11,378.29,393.04,378.29,386.38,811
2020-02-12,394.0,402.09,387.81,402.09,4195
2020-02-13,409.7,425.88,401.13,414.93,6956
2020-02-16,423.02,423.02,406.84,422.55,3900
2020-02-17,422.55,423.5,407.32,413.51,4001
2020-02-18,405.42,411.6,402.56,404.94,2733
2020-02-19,404.46,420.17,404.46,416.36,1675
2020-02-23,440.63,449.19,428.26,428.26,8661
2020-02-25,413.98,442.53,413.98,433.97,1816
2020-02-26,440.15,440.15,427.78,433.02,1881
2020-02-27,425.4,428.26,419.69,425.88,992
2020-03-05,377.34,385.43,355.93,359.26,4249
2020-03-11,352.12,365.92,345.46,365.92,2188
2020-03-12,360.21,360.21,341.18,352.6,1042
2020-03-15,345.94,345.94,317.39,317.39,1420
2020-03-16,314.05,326.43,302.16,315.01,977
2020-03-17,308.82,309.3,297.88,297.88,332
2020-03-18,292.17,297.88,275.51,297.88,1655
2020-03-19,292.17,297.88,292.17,292.64,1861
2020-03-22,287.41,287.41,287.41,287.41,100
2020-06-30,293.12,293.12,293.12,293.12,10
2020-07-02,293.12,298.83,293.12,293.12,231
2020-07-05,293.12,293.12,283.13,283.13,114
2020-07-06,283.13,294.07,283.13,294.07,515
2020-07-07,299.78,323.1,299.78,323.1,1258
2020-07-08,328.81,335.94,316.91,317.39,958
2020-07-09,321.19,321.19,321.19,321.19,55
2020-07-12,327.38,353.07,327.38,353.07,1191
2020-07-13,359.74,387.81,359.74,386.38,3590
2020-07-14,394.0,424.93,394.0,410.17,2004
2020-07-15,410.65,410.65,380.67,387.81,2740
2020-07-16,380.67,384.96,380.2,384.96,134
2020-07-20,387.81,410.65,363.54,363.54,880
2020-07-21,361.64,383.53,354.5,369.25,1315
2020-07-22,363.54,363.54,347.84,347.84,757
2020-07-23,347.84,380.67,347.84,380.67,1171
2020-07-26,388.29,413.03,386.86,387.81,3448
2020-07-27,387.81,387.81,368.78,368.78,2088
2020-07-28,372.11,386.38,372.11,375.91,1385
2020-07-29,368.78,368.78,348.79,348.79,2915
2020-07-30,355.45,362.11,345.46,362.11,1022
2020-08-02,354.98,361.64,349.27,361.64,158
2020-08-03,360.69,361.16,340.7,347.84,2446
2020-08-05,348.32,347.84,334.04,340.7,906
2020-08-06,340.7,340.7,334.04,335.47,335
2020-08-09,328.81,342.13,328.81,342.13,1947
2020-08-10,348.79,355.45,339.75,350.22,3252
2020-08-11,351.17,364.97,351.17,363.54,452
2020-08-12,356.4,363.07,349.74,349.74,765
2020-08-13,356.4,363.07,351.65,354.03,1435
2020-08-16,354.03,354.03,347.36,352.12,210
2020-08-17,347.36,349.74,345.46,345.46,830
2020-08-18,352.12,358.78,345.46,358.78,1519
2020-08-19,358.78,360.21,351.65,351.65,159
2020-08-20,349.74,351.65,347.84,347.84,315
2020-08-23,343.08,353.55,343.08,353.55,2030
2020-08-24,358.78,359.26,351.65,355.45,1949
2020-08-25,360.69,360.69,355.93,360.69,864
2020-08-26,360.69,366.4,360.69,365.45,3729
2020-08-27,359.74,364.02,354.98,354.98,2295
2020-08-31,358.78,361.64,354.5,355.45,2950
2020-09-02,356.88,368.78,355.45,361.64,2966
2020-09-03,366.4,366.4,356.4,356.4,545
2020-09-06,363.07,370.2,356.88,356.88,1943
2020-09-07,351.65,364.02,351.65,364.02,1242
2020-09-08,368.78,368.78,360.21,366.4,2403
2020-09-09,366.4,387.81,366.4,378.29,4107
2020-09-10,385.43,390.67,381.15,383.05,5504
2020-09-13,376.87,387.81,376.87,387.81,2202
2020-09-14,383.05,383.53,374.49,374.49,2194
2020-09-15,374.49,374.49,371.16,371.63,210
2020-09-16,371.16,373.54,359.26,373.54,2389
2020-09-17,368.78,383.05,368.78,381.62,2797
2020-09-20,381.62,381.62,369.25,369.25,747
2020-09-21,366.4,371.16,366.4,366.4,1107
2020-09-22,366.87,367.82,361.64,361.64,1851
2020-09-23,355.45,365.45,354.98,365.45,438
2020-09-24,362.11,364.49,356.88,361.64,1731
2020-09-27,357.36,366.4,354.98,355.45,1169
2020-09-28,356.88,360.69,351.17,352.12,1888
2020-09-29,350.22,358.78,350.22,353.07,603
2020-09-30,352.12,353.55,349.27,353.55,227
2020-10-01,356.88,359.26,356.4,359.26,599
2020-10-04,365.92,365.92,358.78,362.11,2410
2020-10-05,359.74,363.54,359.74,361.64,570
2020-10-06,359.74,359.74,353.55,353.55,1558
2020-10-07,351.17,357.83,349.74,355.45,2085
2020-10-08,353.55,357.36,353.55,355.45,365
2020-10-11,356.88,356.88,353.07,356.4,1278
2020-10-12,353.07,359.26,353.07,355.45,1514
2020-10-13,350.69,356.88,350.69,356.88,40
2020-10-14,349.74,357.83,349.74,357.36,653
2020-10-15,357.36,357.36,352.6,353.07,872
2020-10-18,352.12,353.07,351.65,351.65,681
2020-10-19,354.5,357.36,351.65,351.65,1080
2020-10-20,358.31,363.07,357.36,357.36,194
2020-10-21,353.55,354.5,353.55,354.5,62
2020-10-22,351.65,356.4,351.65,352.12,441
2020-10-28,357.36,358.31,354.5,354.5,480
2020-10-29,361.16,373.06,354.5,373.06,2474
2020-11-01,366.4,380.2,365.92,380.2,4561
2020-11-02,361.64,390.67,361.64,389.24,4066
2020-11-03,390.19,397.33,385.43,388.76,3895
2020-11-04,382.58,382.58,381.62,381.62,716
2020-11-05,376.39,381.62,374.96,374.96,2012
2020-11-08,393.52,412.08,393.52,412.08,3403
2020-11-09,432.54,453.0,432.54,453.0,3919
2020-11-10,475.36,493.92,453.0,453.95,30727
2020-11-11,452.52,452.52,443.48,450.62,6805
2020-11-12,444.91,445.86,436.82,437.77,2296
2020-11-18,433.97,444.91,433.97,444.91,4348
2020-11-19,453.48,453.48,444.91,449.19,2820
2020-11-22,457.76,482.98,457.76,466.32,10796
2020-11-23,475.36,475.36,453.0,456.81,7069
2020-11-24,454.43,473.46,454.43,470.13,4407
2020-11-25,475.36,499.63,475.36,497.25,6281
2020-11-26,497.25,518.67,489.16,489.16,5118
2020-11-29,492.5,496.3,485.36,492.02,3604
2020-11-30,499.63,504.39,485.36,490.12,3044
2020-12-01,487.74,493.92,476.79,490.12,4146
2020-12-02,490.59,539.13,490.59,539.13,9722
2020-12-03,540.08,592.9,540.08,564.82,10262
2020-12-06,564.82,575.77,521.05,521.05,4102
2020-12-07,528.18,547.22,494.4,540.08,3930
2020-12-08,544.84,562.92,538.65,540.56,5829
2020-12-09,532.94,533.89,510.1,516.29,2231
2020-12-10,506.29,526.28,506.29,512.96,2107
2020-12-13,522.95,532.94,519.14,532.94,2264
2020-12-14,543.41,586.24,543.41,583.38,12412
2020-12-15,612.41,632.39,582.91,594.8,13199
2020-12-16,594.8,620.97,582.91,606.7,4844
2020-12-17,618.59,623.35,599.56,607.17,4286
2020-12-20,595.28,608.6,561.97,561.97,5720
2020-12-21,590.04,590.04,550.55,581.95,5376
2020-12-22,592.9,616.21,592.9,613.83,3639
2020-12-23,616.21,618.59,582.91,582.91,1787
2020-12-24,590.04,593.85,575.77,582.91,2890
2020-12-27,571.48,582.91,571.48,571.48,460
2020-12-28,566.25,582.91,560.54,582.91,1132
2020-12-29,571.48,582.91,571.01,578.15,1292
2020-12-30,589.09,589.09,571.01,584.81,881
2020-12-31,582.43,587.66,578.15,578.15,2511
2021-01-03,578.15,582.91,571.48,580.05,3743
2021-01-04,591.47,614.79,583.38,583.38,2214
2021-01-05,594.8,594.8,573.86,576.24,4010
2021-01-06,576.72,603.37,576.72,603.37,5350
2021-01-07,615.26,627.16,614.79,617.64,8432
2021-01-10,627.63,632.39,619.07,624.78,4527
2021-01-11,635.72,635.72,603.37,603.37,1527
2021-01-12,613.83,637.63,604.32,619.07,4161
2021-01-13,609.08,680.93,609.08,659.52,11640
2021-01-17,672.36,699.96,653.33,699.96,9709
2021-01-18,704.24,715.66,699.96,714.71,7024
2021-01-19,728.04,728.99,697.11,699.49,6735
2021-01-20,687.59,737.55,687.59,717.57,5510
2021-01-21,718.52,769.91,718.52,756.59,4436
2021-01-24,771.34,832.25,771.34,832.25,10514
2021-01-25,848.42,856.51,800.36,856.51,11274
2021-01-26,843.19,856.51,827.49,837.48,4023
2021-01-27,844.62,861.27,844.62,858.89,5935
2021-01-28,866.98,866.98,808.93,808.93,9313
2021-01-31,825.11,841.29,797.51,798.46,5959
2021-02-01,798.46,818.45,769.91,781.33,7889
2021-02-02,796.56,833.67,796.56,823.2,5962
2021-02-03,839.38,856.51,812.26,823.2,7101
2021-02-04,827.96,866.03,827.96,863.65,13615
2021-02-07,880.78,949.78,880.78,949.78,22131
2021-02-08,968.34,1044.47,923.13,946.92,12256
2021-02-09,994.03,994.03,901.24,923.13,9733
2021-02-10,936.93,937.41,886.97,911.24,7032
2021-02-11,913.61,927.89,856.51,866.51,11368
2021-02-14,909.81,909.81,851.76,856.51,3483
2021-02-15,873.64,942.16,873.64,942.16,8665
2021-02-16,960.72,975.47,902.67,919.32,6218
2021-02-17,936.93,936.93,894.58,903.62,3323
2021-02-18,948.35,948.35,870.79,891.73,2980
2021-02-21,874.6,880.31,866.03,877.93,2708
2021-02-22,877.93,882.68,856.51,856.99,3150
2021-02-23,856.99,856.99,809.41,856.04,6036
2021-02-24,898.39,898.39,837.48,842.24,5456
2021-02-25,884.11,884.11,818.45,832.25,3193
2021-02-28,820.83,820.83,785.14,800.36,7666
2021-03-01,760.39,821.3,760.39,808.93,4071
2021-03-02,849.38,849.38,775.62,785.14,3622
2021-03-03,770.86,785.14,769.43,775.14,3606
2021-03-04,780.38,816.07,780.38,808.93,3278
2021-03-07,808.93,827.96,785.14,793.7,2977
2021-03-09,793.7,809.41,754.21,757.06,9252
2021-03-10,794.65,794.65,724.23,725.66,5334
2021-03-14,739.93,754.68,713.76,716.14,3419
2021-03-15,725.66,725.66,701.87,708.53,3697
2021-03-16,743.74,773.24,713.76,731.84,5518
2021-03-17,746.12,760.87,719.47,747.07,2986
2021-03-18,773.24,773.24,742.79,751.83,4648
2021-03-21,789.42,827.01,745.64,827.01,12014
2021-03-22,866.03,867.93,807.98,808.93,6266
2021-03-23,820.83,847.95,792.75,838.91,8096
2021-03-24,868.41,885.06,840.33,861.27,9547
2021-03-25,878.4,894.58,844.62,849.38,5499
2021-03-29,891.73,891.73,849.38,875.07,20992
2021-03-30,892.14,910.26,884.68,901.2,6717
2021-03-31,918.79,936.91,904.4,904.4,3166
2021-04-01,921.99,921.99,882.02,882.02,2414
2021-04-04,925.72,925.72,884.68,885.75,3264
2021-04-05,903.34,906.0,872.96,884.68,1462
2021-04-06,928.92,928.92,866.03,890.01,3232
2021-04-07,906.0,924.12,888.95,906.0,5185
2021-04-08,951.3,951.3,915.06,945.44,9294
2021-04-12,964.62,983.81,950.77,977.95,9587
2021-04-13,1026.45,1049.9,948.64,956.63,11609
2021-04-15,984.34,984.34,923.59,948.64,4588
2021-04-18,996.07,996.07,925.72,937.98,3222
2021-04-19,969.95,969.95,925.72,925.72,6020
2021-04-20,959.3,963.56,927.32,943.31,5699
2021-04-21,990.21,990.21,927.85,932.65,10464
2021-04-22,979.01,979.01,935.31,959.3,11795
2021-04-25,1007.26,1007.26,914.0,926.25,3931
2021-04-26,932.12,950.24,911.86,924.65,7400
2021-04-27,942.77,960.89,919.32,948.64,5391
2021-04-28,976.88,976.88,924.65,940.64,2728
2021-04-29,969.95,969.95,938.51,944.37,930
2021-05-02,991.27,993.94,959.3,993.94,19224
2021-05-03,1012.59,1033.91,1000.33,1012.59,16549
2021-05-04,1032.84,1084.54,1003.0,1084.54,23552
2021-05-05,1119.18,1119.18,1049.9,1057.89,19414
2021-05-06,1053.09,1068.55,1025.91,1056.82,13516
2021-05-09,1036.57,1039.24,1012.59,1039.24,11857
2021-05-10,1041.9,1065.88,1012.59,1059.49,9266
2021-05-11,1059.49,1073.88,1047.76,1069.61,5412
2021-05-12,1069.61,1069.61,1049.36,1063.22,5041
2021-05-13,1065.35,1073.88,1060.55,1065.35,8798
2021-05-16,1079.21,1092.53,1066.95,1087.2,8282
2021-05-17,1097.33,1097.33,1071.21,1087.2,10841
2021-05-18,1071.21,1195.92,1071.21,1195.92,24415
2021-05-19,1204.45,1252.41,1193.79,1246.02,25127
2021-05-20,1246.55,1321.7,1246.02,1321.7,33442
2021-05-23,1295.58,1337.68,1271.07,1332.35,14147
2021-05-24,1350.47,1353.67,1279.06,1279.59,16679
2021-05-25,1279.06,1300.38,1243.35,1267.34,8373
2021-05-27,1204.45,1337.15,1166.08,1300.38,17274
2021-05-30,1305.71,1305.71,1211.91,1228.96,10174
2021-05-31,1228.96,1236.42,1168.74,1188.46,11463
2021-06-01,1247.62,1247.62,1159.68,1177.8,6969
2021-06-02,1177.8,1223.1,1155.95,1199.12,7378
2021-06-03,1175.14,1249.75,1175.14,1207.11,4512
2021-06-06,1231.1,1293.45,1212.98,1289.72,29470
2021-06-07,1305.71,1305.71,1240.16,1262.54,6166
2021-06-08,1325.43,1325.43,1222.57,1236.42,3556
2021-06-09,1224.17,1285.99,1223.63,1225.77,2713
2021-06-10,1225.77,1245.48,1204.45,1209.78,3480
2021-06-13,1230.56,1233.76,1210.31,1210.31,4004
2021-06-14,1204.45,1225.77,1204.45,1213.51,1501
2021-06-15,1213.51,1236.42,1169.81,1236.42,10953
2021-06-16,1234.83,1317.96,1222.57,1268.4,11236
2021-06-17,1331.82,1331.82,1225.77,1250.28,2072
2021-06-20,1188.46,1257.74,1188.46,1209.24,4115
2021-06-21,1185.8,1220.44,1167.14,1193.26,4968
2021-06-22,1216.71,1216.71,1172.47,1214.04,2024
2021-06-23,1191.66,1191.66,1145.29,1172.47,1984
2021-06-24,1172.47,1179.4,1149.56,1179.4,3158
2021-06-27,1180.47,1180.47,1135.7,1143.16,1338
2021-06-28,1127.17,1255.08,1127.17,1193.79,4095
2021-06-29,1253.48,1253.48,1184.73,1185.8,4386
2021-06-30,1188.46,1191.12,1145.82,1162.35,1729
2021-07-01,1183.13,1188.46,1160.75,1160.75,1496
2021-07-04,1183.13,1190.06,1145.82,1169.27,1952
2021-07-05,1169.27,1172.47,1147.42,1158.62,628
2021-07-06,1147.96,1157.55,1138.36,1157.55,562
2021-07-07,1157.55,1195.39,1147.96,1166.08,1514
2021-07-08,1167.14,1207.11,1150.09,1182.6,1194
2021-07-11,1182.6,1230.56,1182.6,1230.56,2041
2021-07-12,1241.75,1241.75,1186.86,1212.44,1373
2021-07-13,1188.46,1225.77,1188.46,1224.17,670
2021-07-14,1235.89,1240.69,1199.12,1223.1,674
2021-07-15,1223.63,1249.75,1209.78,1249.75,3103
2021-07-18,1241.75,1273.2,1225.77,1271.07,3333
2021-07-19,1271.07,1271.07,1241.75,1249.75,3800
2021-07-20,1249.75,1273.73,1236.42,1251.88,942
2021-07-22,1249.75,1251.35,1224.81,1231.1,1885
2021-07-25,1225.77,1250.28,1209.78,1223.1,2047
2021-07-26,1247.08,1277.46,1247.08,1247.62,3086
2021-07-27,1222.67,1222.67,1201.78,1219.37,3468
2021-07-28,1219.37,1242.82,1217.77,1241.75,737
2021-07-29,1225.77,1241.75,1214.31,1214.31,1638
2021-08-01,1214.04,1262.54,1214.04,1225.77,1169
2021-08-02,1225.77,1249.22,1217.77,1247.03,3005
2021-08-03,1257.74,1304.64,1257.74,1279.06,9436
2021-08-04,1304.64,1305.71,1244.42,1262.54,6827
2021-08-05,1252.41,1252.41,1220.44,1220.44,3552
2021-08-08,1220.44,1220.44,1194.32,1209.78,2415
2021-08-09,1209.78,1209.78,1181.53,1192.72,2813
2021-08-10,1199.12,1211.86,1196.45,1196.45,2569
2021-08-11,1204.45,1224.7,1180.47,1185.26,1174
2021-08-12,1185.26,1199.12,1161.81,1190.59,3315
2021-08-15,1172.47,1217.24,1172.47,1215.11,5106
2021-08-16,1239.09,1239.09,1194.38,1209.24,1306
2021-08-17,1225.77,1225.77,1167.14,1196.45,1945
2021-08-18,1173.0,1194.32,1172.53,1193.63,1061
2021-08-19,1177.8,1183.13,1172.47,1173.0,1251
2021-08-24,1175.14,1191.12,1170.34,1173.0,1327
2021-08-25,1155.42,1172.47,1151.69,1155.95,1200
2021-08-26,1140.5,1162.88,1135.27,1136.76,1744
2021-08-29,1120.24,1137.83,1081.87,1137.83,4412
2021-08-31,1115.45,1115.45,1093.06,1098.13,1178
2021-09-01,1098.13,1098.39,1076.54,1076.54,1175
2021-09-02,1097.86,1109.05,1060.55,1060.55,983
2021-09-05,1039.77,1039.77,991.27,996.6,5737
2021-09-06,983.33,1048.3,983.33,1048.3,1831
2021-09-07,1029.11,1029.11,1001.93,1002.46,2691
2021-09-08,1003.0,1012.59,993.94,996.6,1909
2021-09-09,1012.59,1012.59,996.6,1012.59,1529
2021-09-12,1032.84,1036.57,1014.19,1036.57,1410
2021-09-13,1049.9,1049.9,1016.05,1017.92,1333
2021-09-14,1033.91,1033.91,1017.92,1018.98,991
2021-09-15,1012.11,1020.58,998.73,1002.04,1957
2021-09-16,983.28,1005.66,959.3,977.95,2713
2021-09-20,985.94,997.13,903.34,906.05,3762
2021-09-21,900.67,927.32,874.02,914.0,1949
2021-09-22,932.12,964.09,914.53,943.31,1942
2021-09-23,961.96,961.96,943.31,945.44,1557
2021-09-26,932.65,940.64,920.39,921.99,1384
2021-09-27,906.59,906.59,886.82,900.67,967
2021-09-28,912.4,921.99,876.69,876.69,2951
2021-09-29,892.68,906.0,860.75,861.82,749
2021-09-30,877.76,906.0,844.61,868.7,2051
2021-10-03,852.71,890.01,852.71,867.63,1107
2021-10-04,884.95,953.97,874.02,952.9,2941
2021-10-05,971.55,1001.4,952.9,978.21,1274
2021-10-06,997.67,1076.01,997.67,1076.01,4800
2021-10-10,1097.49,1161.81,1054.69,1064.28,3575
2021-10-11,1045.1,1081.87,1025.91,1081.87,3416
2021-10-17,1071.21,1099.46,1041.9,1082.94,3285
2021-10-18,1061.62,1065.88,1000.33,1025.38,1392
2021-10-19,1025.38,1073.88,984.93,1038.17,4329
2021-10-20,1058.9,1058.96,1018.45,1018.45,1297
2021-10-21,1031.24,1049.9,1018.98,1018.98,951
2021-10-24,1007.26,1065.88,985.94,1065.88,1786
2021-10-25,1076.54,1076.54,1024.85,1071.21,1239
2021-10-26,1070.68,1113.85,1061.62,1103.19,3394
2021-10-27,1081.13,1116.51,1081.13,1108.52,1684
2021-10-28,1097.86,1124.51,1093.06,1100.52,3442
2021-10-31,1092.53,1144.97,1092.53,1130.9,1612
2021-11-01,1124.51,1143.16,1108.52,1129.78,795
2021-11-02,1129.84,1132.5,1107.4,1119.18,1055
2021-11-03,1141.56,1142.09,1097.86,1142.09,2568
2021-11-08,1164.48,1164.9,1118.11,1142.63,1634
2021-11-09,1145.82,1145.82,1057.89,1057.89,4277
2021-11-11,1039.24,1078.67,1037.1,1043.5,1809
2021-11-14,1023.78,1065.88,1023.78,1044.57,1325
2021-11-15,1025.38,1068.55,1007.26,1068.55,2223
2021-11-16,1065.35,1084.54,1055.22,1057.89,1290
2021-11-17,1037.64,1081.34,1020.58,1079.21,576
2021-11-18,1058.42,1100.79,1028.58,1052.56,545
2021-11-21,1071.21,1071.21,1029.11,1033.91,779
2021-11-22,1013.23,1070.15,1013.23,1039.77,1316
2021-11-23,1060.55,1060.55,1000.38,1021.65,941
2021-11-24,1042.06,1042.06,997.67,1005.66,743
2021-11-25,986.53,1043.5,986.53,1012.59,371
2021-11-28,992.34,1015.25,984.34,991.8,656
2021-11-29,976.35,1013.66,976.35,1001.93,917
2021-11-30,1021.01,1038.7,1002.52,1004.06,404
2021-12-01,988.61,1044.57,988.61,1012.59,275
2021-12-02,993.94,1013.12,959.3,985.41,1366
2021-12-05,985.41,994.79,925.03,958.23,845
2021-12-06,969.95,969.95,948.64,964.62,409
2021-12-07,983.92,1003.53,932.65,958.76,265
2021-12-08,943.31,957.7,908.77,919.32,997
2021-12-09,901.15,951.3,896.46,916.61,578
2021-12-12,908.67,932.65,852.71,860.7,3658
2021-12-13,844.71,860.7,812.2,815.93,2674
2021-12-14,831.92,879.35,831.92,879.35,1073
2021-12-15,879.35,926.25,874.02,879.35,846
2021-12-16,861.77,861.77,842.05,842.05,807
2021-12-20,827.71,869.49,827.71,847.38,494
2021-12-21,863.9,880.95,842.05,880.95,2311
2021-12-22,874.02,942.24,874.02,933.18,1839
2021-12-23,919.32,927.32,906.0,927.05,1994
2021-12-26,945.44,1012.59,945.44,1012.59,2746
2021-12-27,992.34,1013.66,974.22,974.22,3774
2021-12-28,955.03,977.95,936.38,964.62,2062
2021-12-29,983.81,1005.66,953.97,972.62,517
2022-01-02,980.61,1046.43,980.61,1044.03,9030
2022-01-03,1064.88,1129.3,1064.88,1102.52,2368
2022-01-04,1119.18,1121.84,1099.19,1121.78,600
2022-01-05,1122.51,1132.5,1080.61,1092.53,508
2022-01-06,1092.53,1099.86,1082.54,1099.86,692
2022-01-09,1121.18,1121.18,1085.87,1085.87,3432
2022-01-10,1107.19,1107.19,1067.22,1085.87,1420
2022-01-11,1082.54,1124.51,1082.54,1124.51,5267
2022-01-12,1142.49,1158.55,1102.06,1122.51,3951
2022-01-13,1143.83,1144.83,1119.18,1139.83,2515
2022-01-16,1139.83,1195.72,1159.81,1174.4,3938
2022-01-17,1151.15,1191.72,1151.15,1191.72,2385
2022-01-18,1191.12,1191.12,1165.81,1179.13,2465
2022-01-19,1155.88,1169.14,1152.49,1169.14,1589
2022-01-20,1165.81,1206.11,1149.16,1206.11,3277
2022-01-23,1201.78,1202.45,1187.13,1199.12,2068
2022-01-24,1185.8,1185.8,1142.49,1165.81,1891
2022-01-25,1161.81,1175.8,1149.89,1149.89,1226
2022-01-26,1133.17,1141.16,1126.91,1141.16,498
2022-01-27,1143.16,1143.16,1133.83,1133.9,692
2022-01-30,1156.48,1182.46,1152.49,1181.73,721
2022-01-31,1158.15,1229.76,1158.15,1211.78,5832
2022-02-01,1203.78,1211.78,1199.12,1205.78,2108
2022-02-03,1229.03,1229.03,1182.46,1204.45,375
2022-02-06,1180.4,1180.47,1159.15,1177.8,467
2022-02-07,1201.12,1201.12,1150.49,1154.49,490
2022-02-08,1177.53,1177.53,1137.16,1157.15,1377
2022-02-09,1134.03,1149.16,1134.03,1149.16,170
2022-02-10,1149.16,1149.16,1103.19,1103.19,1333
2022-02-13,1125.17,1125.17,1043.9,1065.88,871
2022-02-14,1065.88,1079.21,1065.88,1079.21,179
2022-02-15,1098.53,1132.5,1091.86,1132.5,1893
2022-02-16,1132.5,1138.5,1115.85,1132.5,335
2022-02-17,1132.5,1132.5,1132.5,1132.5,2
2022-02-20,1111.18,1113.18,1067.95,1089.2,125
2022-02-21,1110.98,1110.98,1053.23,1091.86,434
2022-02-22,1091.86,1117.78,1082.54,1082.54,317
2022-02-23,1069.61,1070.21,1069.55,1069.88,180
2022-02-24,1063.88,1092.53,1032.57,1071.21,1061
2022-02-27,1065.88,1065.88,1059.22,1059.22,50
2022-02-28,1043.9,1044.57,1043.9,1044.57,220
2022-03-02,1045.23,1049.23,1024.58,1025.91,811
2022-03-06,1025.91,1027.25,1025.91,1025.91,211
2022-03-07,1045.9,1045.9,1026.58,1026.58,305
2022-03-09,1012.59,1013.92,976.62,997.27,804
2022-03-10,1003.26,1022.58,1003.26,1022.58,170
2022-03-13,1032.57,1071.88,1032.57,1059.22,560
2022-03-14,1065.88,1065.88,1065.88,1065.88,31
2022-03-15,1065.88,1065.88,1044.57,1045.9,314
2022-03-16,1045.9,1053.23,1032.57,1053.23,100
2022-03-20,1032.17,1052.56,1018.65,1048.56,65
2022-03-21,1059.22,1059.22,1059.22,1059.22,10
2022-03-22,1069.21,1069.21,1042.57,1051.89,271
2022-03-23,1041.3,1059.22,1020.58,1059.22,445
2022-03-24,1062.55,1065.88,1043.9,1043.9,414
2022-03-27,1055.89,1055.89,999.93,999.93,660
2022-03-28,1019.25,1019.92,985.94,985.94,195
2022-03-29,966.69,1001.93,966.69,1001.93,130
2022-03-30,1021.92,1022.58,999.27,1015.92,1020
2022-04-03,995.93,995.93,975.95,992.6,200
2022-04-04,976.62,976.62,976.62,976.62,10
2022-04-05,962.63,962.63,940.11,940.11,279
2022-04-06,957.96,958.63,932.65,932.65,843
2022-04-07,951.3,951.97,933.31,940.64,307
2022-04-11,923.32,965.96,923.32,965.96,361
2022-04-12,946.64,946.64,915.99,938.38,889
2022-04-13,935.98,999.27,919.99,999.27,500
2022-04-17,999.27,999.27,979.28,979.28,226
2022-04-18,959.69,965.96,940.51,959.3,131
2022-04-19,940.64,977.95,940.64,977.95,165
2022-04-20,997.47,997.47,949.3,967.96,71
2022-04-21,982.54,982.54,948.64,962.89,108
2022-04-24,981.95,995.47,963.29,995.47,868
2022-04-25,1012.59,1012.59,976.02,976.02,127
2022-04-26,994.54,994.54,994.54,994.54,50
2022-04-27,995.93,1009.26,969.35,989.27,267
2022-04-28,972.62,988.87,953.3,953.3,665
2022-05-02,935.98,935.98,906.0,906.0,559
2022-05-04,906.67,932.65,899.34,899.34,340
2022-05-05,886.02,886.02,863.77,880.69,269
2022-05-08,892.68,904.67,892.68,892.68,399
2022-05-09,910.0,927.98,910.0,927.98,45
2022-05-10,932.65,962.63,932.65,962.63,570
2022-05-11,981.28,997.93,981.28,997.93,45
2022-05-12,978.01,984.61,958.63,977.28,100
2022-05-17,957.96,957.96,957.96,957.96,148
2022-05-18,952.63,965.96,946.64,946.64,262
2022-05-19,929.98,947.9,929.32,947.9,106
2022-05-20,932.65,948.57,932.65,948.57,80
2022-05-23,932.65,932.65,886.68,892.68,2085
2022-05-24,906.0,910.0,886.08,886.08,1195
2022-05-25,903.8,910.0,881.35,881.35,731
2022-05-26,876.02,882.68,863.77,882.68,1280
2022-05-27,900.34,925.99,882.68,882.68,980
2022-05-30,886.02,886.02,848.04,848.71,372
2022-05-31,832.06,846.04,814.73,814.73,1681
2022-06-01,814.73,829.39,814.73,829.39,147
2022-06-02,829.39,829.39,812.8,812.8,437
2022-06-03,816.07,816.07,784.09,788.89,531
2022-06-06,786.09,824.73,786.09,823.39,716
2022-06-07,807.41,807.41,791.29,791.29,60
2022-06-08,790.75,842.05,790.75,793.42,1990
2022-06-09,809.27,827.39,799.41,824.73,2810
2022-06-10,808.74,824.73,808.74,822.73,243
2022-06-13,839.18,839.18,822.06,822.06,61
2022-06-14,818.73,818.73,786.42,788.75,312
2022-06-15,786.09,786.09,757.98,757.98,148
2022-06-16,746.25,774.63,746.25,774.63,418
2022-06-17,790.09,790.09,760.77,779.43,400
2022-06-19,779.43,782.76,752.11,782.09,985
2022-06-20,766.5,776.1,766.1,766.1,922
2022-06-21,779.43,805.41,765.44,805.41,265
2022-06-22,789.42,804.74,761.44,804.74,826
2022-06-23,808.74,808.74,773.43,786.09,895
2022-06-24,770.43,799.41,770.43,799.41,510
2022-06-26,815.4,831.66,791.42,830.72,1106
2022-06-27,819.4,829.39,788.82,788.82,772
2022-06-29,779.43,839.38,776.1,839.38,459
2022-06-30,840.05,900.01,826.06,854.04,3843
2022-07-01,866.03,883.35,848.71,848.71,1107
2022-07-03,859.37,899.34,859.37,892.01,1020
2022-07-04,875.36,919.26,846.04,862.97,4266
2022-07-05,859.37,866.03,823.39,839.38,1555
2022-07-06,822.73,846.04,819.4,846.04,524
2022-07-07,862.7,862.97,812.94,833.05,1170
2022-07-08,816.8,816.8,816.73,816.73,240
2022-07-11,801.41,816.73,766.84,772.77,703
2022-07-12,786.09,812.74,786.09,806.07,148
2022-07-13,822.06,836.05,819.4,819.4,412
2022-07-14,826.06,859.37,799.41,859.37,1322
2022-07-15,859.37,910.66,852.71,910.66,1046
2022-07-17,892.48,892.48,853.37,869.36,645
2022-07-18,852.71,896.01,846.04,878.69,590
2022-07-19,878.69,896.01,866.03,878.62,1987
2022-07-20,881.35,888.68,861.1,861.1,1075
2022-07-21,878.29,885.35,833.39,868.03,2246
2022-07-22,852.71,853.37,836.12,839.45,386
2022-07-24,856.24,875.36,839.38,875.36,1525
2022-07-25,892.01,942.64,874.22,907.33,3022
2022-07-26,906.0,906.0,861.37,882.68,2034
2022-07-27,866.7,892.68,864.76,892.61,3394
2022-07-28,906.0,931.98,889.35,902.67,4830
2022-07-29,902.67,926.65,889.35,926.65,1130
2022-07-31,912.0,929.98,911.33,925.32,1325
2022-08-01,908.0,925.99,888.75,894.74,1965
2022-08-02,902.67,912.0,882.02,907.33,2258
2022-08-03,907.33,932.85,901.34,924.65,2075
2022-08-04,906.67,909.33,876.02,893.34,1999
2022-08-05,876.69,879.35,866.03,866.03,692
2022-08-07,866.03,883.35,855.5,883.35,2170
2022-08-08,866.1,900.67,855.37,878.69,3498
2022-08-09,879.35,879.35,849.38,852.71,1569
2022-08-10,835.65,860.03,835.65,860.03,435
2022-08-11,842.85,846.04,825.99,832.06,6137
2022-08-14,819.4,831.39,801.41,802.74,718
2022-08-15,818.8,827.39,796.08,823.39,811
2022-08-16,823.39,825.39,799.15,815.4,425
2022-08-17,801.41,801.41,784.76,800.08,1445
2022-08-18,815.4,822.73,806.74,822.73,302
2022-08-21,807.41,855.37,802.74,802.74,2055
2022-08-22,806.07,807.41,788.75,799.41,4434
2022-08-23,814.8,828.72,790.75,806.07,1253
2022-08-24,793.02,796.15,792.75,792.75,169
2022-08-25,799.41,809.41,786.09,786.09,588
2022-08-26,780.09,795.02,775.43,795.02,152
2022-08-28,779.43,781.43,764.11,768.77,2094
2022-08-29,755.44,778.76,755.44,766.77,1287
2022-08-30,779.43,779.43,769.43,769.43,90
2022-08-31,781.43,781.43,755.44,755.44,1889
2022-09-01,770.5,770.5,755.18,766.1,132
2022-09-02,768.77,769.43,768.77,769.43,316
2022-09-04,782.76,782.76,767.44,769.43,573
2022-09-05,758.24,766.77,754.11,766.77,835
2022-09-06,766.77,766.77,750.78,750.78,411
2022-09-07,750.78,759.44,746.12,746.12,184
2022-09-08,740.79,766.1,740.79,759.44,1290
2022-09-11,747.45,747.45,736.13,740.26,243
2022-09-12,742.79,742.79,742.79,742.79,62
2022-09-13,756.11,757.64,747.45,749.45,315
2022-09-14,764.44,779.43,751.45,762.77,96
2022-09-15,766.1,811.4,738.12,752.78,555
2022-09-16,738.12,755.44,734.13,755.44,104
2022-09-18,740.46,740.66,714.14,714.14,351
2022-09-20,724.8,724.8,698.15,698.15,1396
2022-09-21,709.41,709.48,695.49,706.15,354
2022-09-22,692.82,698.15,692.09,692.82,200
2022-09-25,679.5,692.82,679.5,692.82,406
2022-09-27,699.49,732.79,680.17,729.46,1012
2022-09-28,715.47,727.07,688.29,727.07,116
2022-09-29,716.14,726.13,713.21,726.13,394
2022-10-09,732.79,754.78,732.79,754.78,150
2022-10-10,740.79,742.79,713.48,716.81,402
2022-10-11,730.13,742.79,712.81,742.79,884
2022-10-12,742.79,742.79,726.13,726.13,438
2022-10-13,716.14,739.46,716.14,732.79,104
2022-10-16,732.79,732.79,716.14,716.14,989
2022-10-17,707.48,707.48,702.15,707.48,318
2022-10-19,696.89,719.47,693.36,719.47,958
2022-10-20,705.48,719.47,697.49,719.47,281
2022-10-23,733.46,748.12,733.46,748.12,30
2022-10-31,762.97,769.43,728.13,753.45,200
2022-11-01,768.1,768.1,741.46,759.44,400
2022-11-02,756.11,759.38,746.12,759.38,256
2022-11-03,758.04,758.11,758.04,758.11,91
2022-11-06,766.1,781.43,759.44,773.43,352
2022-11-07,758.84,770.77,744.12,759.44,1159
2022-11-08,746.12,746.12,730.8,730.8,172
2022-11-09,731.46,731.46,706.88,706.88,250
2022-11-10,692.82,699.49,692.82,698.82,65
2022-11-13,686.16,686.16,659.52,666.18,3027
2022-11-14,666.18,673.37,660.18,673.37,120
2022-11-15,660.31,662.85,660.05,660.25,334
2022-11-16,672.84,673.44,662.85,672.84,231
2022-11-17,686.16,699.49,683.56,692.82,16699
2022-11-22,678.97,679.5,678.97,679.5,163
2022-11-23,679.5,679.5,665.98,666.91,294
2022-11-24,671.51,671.51,659.52,660.18,350
2022-11-27,662.85,688.16,659.58,670.17,556
2022-11-28,682.17,683.5,670.84,670.84,195
2022-11-29,670.84,682.83,670.84,670.84,323
2022-11-30,667.58,667.58,666.18,666.84,358
2022-12-01,666.18,678.83,656.92,656.92,223
2022-12-04,666.18,679.5,666.18,678.83,417
2022-12-05,692.16,698.82,679.5,679.5,597
2022-12-06,692.16,692.82,672.84,672.84,401
2022-12-07,672.84,672.84,672.84,672.84,69
2022-12-11,672.84,676.17,647.52,652.85,554
2022-12-12,665.51,678.77,665.51,678.77,197
2022-12-13,668.84,688.83,652.85,688.83,645
2022-12-14,679.5,679.5,676.17,676.17,20
2022-12-15,662.85,669.51,662.85,666.18,170
2022-12-18,659.52,659.52,641.53,641.53,102
2022-12-19,654.32,661.51,654.32,661.51,20
2022-12-20,674.17,674.17,666.18,666.18,114
2022-12-21,666.18,666.18,659.52,659.52,170
2022-12-22,659.52,667.51,641.99,667.51,532
2022-12-26,671.51,684.9,671.51,678.17,255
2022-12-27,690.83,716.14,686.16,702.82,565
2022-12-28,716.14,716.14,675.77,699.49,1947
2022-12-29,686.16,752.78,680.17,752.78,992
2023-01-01,764.77,776.1,710.81,725.0,982
2023-01-02,710.81,749.45,710.81,724.0,460
2023-01-03,738.12,760.77,723.4,749.45,1426
2023-01-04,750.12,812.74,742.12,810.74,2890
2023-01-05,816.07,819.4,761.44,810.74,1582
2023-01-08,810.74,825.39,782.76,822.73,2533
2023-01-09,819.4,824.73,803.01,816.07,776
2023-01-10,832.06,832.06,780.56,806.07,1583
2023-01-12,805.41,805.41,752.78,772.77,2209
2023-01-17,766.1,822.06,750.78,822.06,1481
2023-01-18,806.74,806.74,772.37,772.37,1438
2023-01-19,757.44,789.42,743.45,785.42,160
2023-01-23,780.76,780.76,765.17,765.17,656
2023-01-24,762.77,762.77,732.79,762.77,1835
2023-01-25,748.12,766.1,748.12,756.11,1718
2023-01-26,766.1,770.77,744.79,744.79,706
2023-01-29,758.78,758.78,733.46,734.79,972
2023-01-30,723.47,736.13,723.47,725.47,440
2023-01-31,716.14,738.79,712.88,737.46,498
2023-02-01,740.79,740.79,722.8,739.39,650
2023-02-02,738.79,738.79,724.67,732.79,501
2023-02-05,747.45,762.11,714.81,762.11,1199
2023-02-06,746.92,746.92,718.14,732.79,2681
2023-02-07,720.2,746.78,720.2,745.45,581
2023-02-08,749.45,749.45,732.79,745.45,788
2023-02-09,731.0,742.79,730.93,742.79,130
2023-02-12,728.13,732.79,718.14,731.46,692
2023-02-14,731.46,731.46,718.47,718.54,575
2023-02-15,707.48,718.81,707.35,716.14,581
2023-02-16,702.15,728.8,702.15,706.15,1712
2023-02-20,704.82,704.82,687.27,697.08,689
2023-02-22,696.39,703.28,696.39,700.98,497
2023-02-23,686.97,686.97,630.89,630.89,3661
2023-02-26,619.09,631.27,607.6,631.27,1291
2023-02-27,643.53,643.83,624.37,643.83,350
2023-02-28,643.76,643.76,631.04,641.99,275
2023-03-01,629.74,635.87,617.48,635.87,84
2023-03-02,635.87,641.23,634.33,634.33,151
2023-03-05,621.69,621.69,597.1,620.54,680
2023-03-07,612.88,612.88,597.56,609.05,872
2023-03-09,620.54,632.73,608.29,632.73,303
2023-03-12,620.54,620.54,608.13,612.88,690
2023-03-13,603.69,605.15,589.52,605.15,1072
2023-03-14,593.73,600.63,593.12,600.63,52
2023-03-15,593.73,593.73,578.41,589.98,1087
2023-03-16,578.18,593.88,566.92,593.88,1242
2023-03-19,593.73,593.73,570.75,570.75,189
2023-03-20,582.09,593.65,566.92,566.92,237
2023-03-22,568.45,578.41,566.92,574.58,285
2023-03-23,574.58,574.58,574.58,574.58,10
2023-03-26,563.09,563.09,551.82,557.72,695
2023-03-27,547.0,550.06,539.34,550.06,201
2023-03-28,559.26,563.09,559.26,563.09,260
2023-03-29,570.75,570.75,570.75,570.75,10
2023-03-30,581.47,581.47,551.59,559.26,350
2023-04-02,559.26,569.98,529.38,550.06,450
2023-04-03,544.01,554.66,536.58,543.17,1020
2023-04-04,543.17,543.93,542.4,543.93,247
2023-04-05,554.66,574.58,553.89,574.58,614
2023-04-06,563.85,566.92,552.36,552.36,410
2023-04-09,542.4,542.4,521.72,521.72,517
2023-04-10,532.14,542.71,524.01,534.36,769
2023-04-11,543.93,543.93,533.21,543.86,350
2023-04-12,554.66,589.13,544.78,589.13,652
2023-04-13,600.86,600.86,567.3,586.07,274
2023-04-16,574.58,585.3,562.93,585.3,221
2023-04-17,573.81,584.54,573.05,573.05,130
2023-04-18,561.63,561.63,552.36,559.26,1150
2023-04-19,569.98,569.98,569.98,569.98,10
2023-04-20,559.26,580.71,559.26,569.22,160
2023-04-23,557.88,557.88,557.88,557.88,10
2023-04-24,546.77,551.59,546.77,546.77,72
2023-04-25,556.96,556.96,547.76,554.66,56
2023-04-26,553.89,553.89,546.23,547.76,191
2023-04-27,547.76,547.84,547.76,547.76,56
2023-04-30,543.93,561.94,530.14,561.94,379
2023-05-02,550.83,550.83,536.27,536.27,61
2023-05-03,528.61,535.43,521.03,531.45,272
2023-05-04,542.02,543.93,542.02,543.93,32
2023-05-07,536.27,536.35,536.27,536.27,110
2023-05-08,527.85,536.04,524.86,535.35,125
2023-05-09,528.69,528.69,528.69,528.69,50
2023-05-10,539.26,539.26,528.53,528.53,20
2023-05-11,521.72,536.27,521.72,536.27,245
2023-05-14,536.27,556.96,517.2,556.96,1646
2023-05-15,545.85,545.85,532.44,542.4,255
2023-05-16,540.87,540.87,532.44,540.1,50
2023-05-17,535.51,566.15,535.51,554.66,196
2023-05-18,565.38,565.38,554.28,563.85,330
2023-05-21,574.58,593.73,572.28,573.05,280
2023-05-22,562.32,569.98,562.32,569.98,70
2023-05-23,574.58,591.82,569.22,589.13,970
2023-05-24,577.41,601.39,577.41,598.33,1115
2023-05-28,609.05,609.05,583.77,584.54,1411
2023-05-30,583.77,584.54,563.09,574.58,806
2023-05-31,566.92,576.88,552.36,552.36,311
2023-06-01,543.17,561.55,543.17,548.53,589
2023-06-04,555.43,563.39,551.59,559.26,3331
2023-06-05,569.98,569.98,558.49,566.92,928
2023-06-06,566.92,582.24,566.92,582.24,563
2023-06-07,592.96,605.22,571.51,604.46,2248
2023-06-08,596.79,605.99,593.12,604.38,851
2023-06-11,615.95,638.16,592.2,636.63,894
2023-06-12,648.89,648.89,612.88,635.1,698
2023-06-13,635.1,646.44,635.1,641.99,1527
2023-06-14,653.49,706.19,643.53,678.31,1456
2023-06-15,678.77,681.76,645.83,681.76,610
2023-06-18,668.81,701.75,668.81,701.75,1328
2023-06-19,715.77,715.77,647.43,700.22,856
2023-06-20,686.28,686.28,660.38,670.34,1109
2023-06-21,681.83,681.83,656.93,668.81,35
2023-06-22,668.81,672.64,656.55,669.57,807
2023-06-25,682.6,689.49,656.93,685.66,357
2023-06-26,674.17,750.78,673.41,750.55,2637
2023-06-27,750.55,819.73,736.23,819.73,6093
2023-06-28,832.75,835.05,769.93,785.64,1633
2023-07-02,785.26,785.26,716.38,742.35,2558
2023-07-03,743.12,743.12,727.8,742.35,3277
2023-07-04,757.06,757.06,711.71,744.65,430
2023-07-05,735.46,735.46,706.35,720.9,599
2023-07-06,707.65,707.65,693.32,700.91,573
2023-07-09,697.15,717.84,693.32,693.71,1552
2023-07-10,707.57,717.07,694.09,717.07,1042
2023-07-11,705.58,718.76,704.43,711.71,565
2023-07-12,697.92,723.97,697.92,711.79,699
2023-07-13,724.73,754.69,704.82,754.69,2806
2023-07-16,740.06,800.58,727.8,799.81,994
2023-07-17,799.81,799.81,752.31,785.26,529
2023-07-18,785.26,833.29,756.07,791.39,1547
2023-07-19,775.6,806.71,766.1,777.6,1104
2023-07-20,766.1,766.1,750.78,764.57,354
2023-07-23,773.76,805.02,736.69,787.55,2319
2023-07-24,773.0,773.0,749.25,764.19,771
2023-07-25,748.94,760.74,735.46,735.46,313
2023-07-26,735.46,749.25,722.44,722.44,401
2023-07-27,731.63,731.63,688.73,688.73,1745
2023-07-30,697.15,697.15,668.04,668.04,458
2023-07-31,681.37,681.37,667.43,678.0,221
2023-08-01,678.0,678.0,664.44,664.44,751
2023-08-02,651.26,670.34,649.66,670.34,150
2023-08-03,658.85,669.57,658.85,669.57,120
2023-08-06,657.32,657.32,645.14,651.19,437
2023-08-07,651.19,651.19,639.77,651.19,120
2023-08-08,651.19,656.55,651.19,656.55,80
2023-08-09,646.59,662.68,646.59,662.68,327
2023-08-10,668.04,670.26,656.93,664.98,210
2023-08-13,659.62,670.34,659.62,670.34,242
2023-08-14,656.93,671.11,651.19,666.51,191
2023-08-15,653.49,653.49,632.04,644.29,1231
2023-08-16,632.04,641.15,621.39,641.15,659
2023-08-17,641.23,641.23,628.43,639.7,64
2023-08-20,643.45,643.45,605.99,629.74,1187
2023-08-21,624.37,634.95,618.25,634.95,311
2023-08-22,622.31,647.59,622.31,647.59,143
2023-08-23,658.85,659.62,635.87,658.85,472
2023-08-24,645.67,645.67,632.8,642.76,491
2023-08-27,629.97,629.97,629.97,629.97,13
2023-08-28,630.5,635.87,630.5,635.87,65
2023-08-30,623.61,623.61,597.56,597.56,385
2023-09-03,587.75,597.56,587.75,597.56,647
2023-09-04,585.61,597.56,574.58,580.71,1011
2023-09-05,574.58,577.64,569.98,572.43,280
2023-09-07,567.68,568.45,567.68,567.76,381
2023-09-10,566.92,566.92,563.09,563.09,36
2023-09-11,563.85,578.18,563.85,570.75,1014
2023-09-12,560.79,582.16,540.87,582.16,2388
2023-09-13,578.41,593.73,578.41,593.73,206
2023-09-17,582.24,582.24,570.75,572.28,242
2023-09-18,574.58,577.57,563.09,577.57,235
2023-09-19,566.92,578.64,556.19,578.41,215
2023-09-21,589.98,589.98,582.39,586.07,433
2023-09-24,597.79,597.79,578.41,582.24,1291
2023-09-25,570.75,586.91,570.75,582.24,1146
2023-09-26,593.88,604.46,591.43,604.46,1551
2023-09-27,604.46,612.88,574.58,612.58,1180
2023-10-01,600.4,612.88,579.17,579.17,1081
2023-10-02,581.4,595.26,581.4,582.01,1303
2023-10-03,593.58,593.58,570.29,574.58,1021
2023-10-04,567.68,595.26,567.68,574.58,838
2023-10-05,566.92,577.64,566.92,577.64,93
2023-10-08,577.64,589.13,566.92,577.64,573
2023-10-09,566.23,566.23,555.43,555.43,160
2023-10-10,548.53,553.13,544.7,551.59,1836
2023-10-11,562.32,562.32,540.1,540.1,2318
2023-10-12,550.83,559.26,533.21,559.26,4020
2023-10-16,570.36,570.44,530.14,530.14,1021
2023-10-17,540.72,561.55,540.72,561.55,1399
2023-10-18,559.26,563.39,547.76,563.39,816
2023-10-19,552.21,573.81,541.1,573.05,167
2023-10-29,584.46,584.46,561.63,561.63,63
2023-10-30,572.82,572.82,561.4,572.28,176
2023-10-31,560.86,560.86,550.06,559.26,70
2023-11-01,548.07,566.92,548.07,566.92,67
2023-11-02,572.82,572.82,555.58,558.49,50
2023-11-05,547.76,547.76,528.0,540.1,749
2023-11-06,550.91,561.86,529.3,532.44,633
2023-11-07,536.27,569.98,517.89,555.43,1657
2023-11-08,565.38,565.38,533.97,533.97,131
2023-11-09,528.61,533.21,523.33,528.61,311
2023-11-20,538.49,538.49,527.85,537.8,51
2023-11-21,527.08,547.76,527.08,536.81,47
2023-11-22,543.93,543.93,522.48,537.8,435
2023-11-23,527.08,548.53,526.7,548.53,1357
2023-11-26,537.8,554.66,522.41,543.93,1040
2023-11-27,540.87,554.81,525.55,535.51,973
2023-11-28,536.27,545.39,534.51,542.4,649
2023-11-29,536.27,536.27,525.55,525.55,230
2023-11-30,525.55,536.04,513.29,536.04,248
2023-12-03,543.93,543.93,533.05,540.1,34
2023-12-04,540.1,543.93,513.37,530.14,1267
2023-12-05,520.18,541.1,503.33,541.1,1674
2023-12-06,530.3,530.3,513.29,516.35,402
2023-12-07,526.62,537.04,517.12,530.91,495
2023-12-10,541.48,563.32,541.48,563.09,140
2023-12-11,564.62,575.88,544.32,553.89,2373
2023-12-12,564.85,564.85,547.76,559.26,2549
2023-12-13,569.98,569.98,547.76,551.59,944
2023-12-14,550.83,555.43,540.95,553.89,3243
2023-12-17,543.17,576.11,533.21,573.81,1530
2023-12-18,562.4,617.48,553.89,611.35,3857
2023-12-19,605.99,629.74,589.98,628.21,5557
2023-12-20,640.77,676.47,615.64,662.68,3668
2023-12-21,674.17,674.17,623.61,650.42,3142
2023-12-24,638.16,648.81,612.58,632.04,1889
2023-12-27,644.29,644.29,605.22,625.14,4160
2023-12-28,635.87,635.87,628.21,628.21,3385
2024-01-01,617.48,624.37,605.22,624.37,802
2024-01-02,612.88,622.84,589.36,619.01,492
2024-01-03,606.68,618.25,601.39,618.25,1181
2024-01-04,605.91,625.14,585.3,611.35,359
2024-01-07,599.17,599.25,578.41,589.9,756
2024-01-08,589.9,599.09,575.11,596.79,4817
2024-01-09,599.09,628.21,589.98,597.56,1795
2024-01-10,609.05,633.57,588.52,609.05,1641
2024-01-11,597.64,609.82,596.79,596.79,933
2024-01-14,597.56,634.1,597.56,612.12,904
2024-01-16,623.53,647.36,609.82,642.76,3813
2024-01-17,651.19,662.22,632.95,654.25,4003
2024-01-18,667.28,667.28,632.8,645.06,2954
2024-01-21,632.42,644.29,612.12,643.07,3884
2024-01-22,631.27,631.27,607.6,612.88,664
2024-01-23,601.47,618.09,594.5,612.88,1346
2024-01-24,605.99,612.12,600.63,612.12,836
2024-01-25,600.63,609.82,589.13,609.05,338
2024-01-28,609.05,612.12,597.56,610.58,1142
2024-01-29,612.88,615.18,605.22,615.18,320
2024-01-30,627.36,627.36,593.73,609.82,1000
2024-01-31,599.09,620.54,587.22,605.22,704
2024-02-01,595.26,606.75,593.73,599.86,855
2024-02-04,601.39,601.39,589.9,589.9,120
2024-02-05,601.7,601.7,589.9,596.03,572
2024-02-06,589.9,609.97,589.9,609.97,1600
2024-02-07,615.18,615.18,592.96,605.15,491
2024-02-08,612.81,616.71,600.63,612.12,1174
2024-02-11,601.39,613.42,601.39,611.35,1628
2024-02-12,611.35,615.95,601.39,615.87,944
2024-02-13,605.3,612.88,603.69,603.69,3130
2024-02-14,615.64,618.25,599.17,616.64,2365
2024-02-15,616.64,616.71,589.98,615.95,1582
2024-02-18,604.46,616.41,603.69,612.12,3527
2024-02-20,601.39,619.7,589.9,612.12,503
2024-02-21,600.17,612.12,600.17,612.12,906
2024-02-22,612.12,616.18,599.94,612.81,2839
2024-02-25,600.63,612.12,578.41,604.46,4067
2024-02-26,592.43,601.31,592.43,601.31,89
2024-02-27,597.56,609.05,593.73,609.05,1288
2024-02-28,596.87,611.35,585.3,607.52,185
2024-02-29,595.42,601.39,589.9,601.39,201
2024-03-03,591.43,602.92,572.28,601.39,314
2024-03-04,612.88,612.88,612.88,612.88,150
2024-03-05,600.63,612.12,588.67,601.39,156
2024-03-06,593.73,610.58,593.73,610.58,130
2024-03-07,598.4,609.82,598.33,609.82,434
2024-03-10,621.31,634.33,617.48,632.04,9745
2024-03-12,643.53,661.07,630.66,660.38,9537
2024-03-13,651.19,684.9,639.7,678.0,4090
2024-03-14,664.44,691.33,638.24,670.34,3590
2024-03-17,657.47,680.91,657.47,672.64,3507
2024-03-18,670.34,694.86,659.23,694.09,4351
2024-03-19,700.98,720.9,681.83,710.94,3682
2024-03-20,707.11,741.59,705.58,723.2,12111
2024-03-21,720.14,731.63,700.22,710.94,3238
2024-03-25,697.15,704.82,681.83,689.49,1714
2024-03-26,697.15,703.28,687.96,693.32,2838
2024-03-27,700.22,700.98,689.49,692.56,3086
2024-03-28,682.6,693.32,682.6,693.32,2563
2024-03-31,679.53,704.82,679.53,690.34,5259
2024-04-01,693.4,704.13,693.32,703.28,2509
2024-04-02,693.32,730.86,693.32,720.9,2392
2024-04-03,707.11,743.12,707.11,733.85,1883
2024-04-04,742.35,777.6,742.35,757.68,11006
2024-04-07,772.23,815.9,766.1,781.96,10267
2024-04-09,796.75,804.41,756.91,789.09,7193
2024-04-10,781.43,785.26,754.61,766.1,7922
2024-04-14,781.43,835.05,777.6,832.75,15288
2024-04-15,835.05,856.5,812.07,818.2,13302
2024-04-16,827.32,827.39,804.41,815.13,4377
2024-04-18,812.07,812.07,768.48,776.83,7099
2024-04-21,776.06,827.39,762.27,812.07,2779
2024-04-22,796.75,820.5,786.79,804.87,3154
2024-04-24,804.41,804.41,788.78,790.62,2566
2024-04-25,778.51,795.52,766.87,793.68,1142
2024-04-28,805.94,815.9,777.6,812.07,2306
2024-04-29,804.41,808.24,780.12,792.84,1900
2024-04-30,782.42,839.65,782.19,810.54,3400
2024-05-02,826.63,871.06,810.15,865.7,12865
2024-05-05,865.7,933.11,865.7,881.94,8919
2024-05-06,872.67,877.19,854.21,858.04,12528
2024-05-07,842.71,892.51,842.71,887.84,11065
2024-05-08,888.68,926.99,881.02,926.99,10911
2024-05-09,943.84,943.84,900.94,905.53,4947
2024-05-12,922.39,923.16,894.27,894.43,6479
2024-05-13,911.66,942.31,898.64,933.88,9097
2024-05-14,931.58,995.93,930.13,995.86,13880
2024-05-15,995.93,1023.51,973.87,988.27,10139
2024-05-16,972.19,1057.22,969.12,1034.24,19068
2024-05-19,1054.92,1054.92,1015.85,1039.6,4264
2024-05-20,1039.6,1057.22,992.1,993.64,7987
2024-05-21,1001.3,1033.01,981.38,1025.05,4630
2024-05-22,1041.9,1041.9,980.61,999.77,8868
2024-05-26,988.27,995.93,966.44,988.27,5249
2024-05-27,988.27,997.47,969.12,988.27,9245
2024-05-29,1007.35,1007.43,959.16,978.31,1455
2024-05-30,959.32,962.23,947.75,956.1,3687
2024-06-02,937.71,975.1,937.71,959.85,3824
2024-06-03,978.31,997.39,959.16,979.08,4481
2024-06-04,988.27,1035.01,988.27,1018.15,12217
2024-06-05,1037.92,1050.33,1018.92,1048.03,19167
2024-06-06,1064.88,1095.53,1064.88,1072.55,20844
2024-06-09,1080.21,1087.87,1049.56,1049.56,30727
2024-06-10,1049.56,1070.25,1049.56,1063.12,9440
2024-06-11,1084.34,1169.07,1065.27,1137.66,24283
2024-06-12,1159.88,1160.42,1118.51,1148.39,22341
2024-06-13,1171.3,1171.3,1089.48,1133.07,19292
2024-06-16,1148.39,1148.39,1076.38,1091.62,7585
2024-06-18,1087.87,1091.62,1056.0,1063.35,3882
2024-06-19,1084.04,1094.0,1061.05,1072.39,15079
2024-06-20,1086.34,1086.34,1047.34,1067.95,1860
2024-06-23,1087.87,1087.87,1035.85,1045.12,1827
2024-06-24,1064.12,1102.42,1063.35,1072.55,17337
2024-06-25,1072.55,1091.7,1062.59,1072.55,3324
2024-06-26,1090.93,1090.93,1051.09,1064.12,11241
2024-06-27,1064.88,1099.36,1049.56,1068.71,15982
2024-06-30,1087.87,1131.54,1064.96,1064.96,12063
2024-07-01,1057.22,1072.55,1043.59,1043.59,3031
2024-07-02,1064.42,1107.02,1051.09,1071.78,7509
2024-07-03,1053.47,1061.05,1041.9,1044.2,2565
2024-07-04,1023.36,1085.57,1023.36,1057.22,7797
2024-07-07,1057.22,1070.25,1049.56,1064.12,4307
2024-07-08,1080.21,1080.21,1054.16,1057.22,2726
2024-07-09,1077.83,1087.1,1057.22,1081.74,26265
2024-07-10,1087.87,1108.86,1066.42,1074.08,26572
2024-07-11,1081.13,1093.23,1072.55,1082.5,14655
2024-07-14,1103.96,1103.96,1068.87,1077.14,11543
2024-07-15,1097.83,1097.83,1056.53,1056.53,9298
2024-07-16,1064.88,1087.79,1064.88,1086.34,6154
2024-07-17,1085.57,1101.66,1074.15,1095.53,8370
2024-07-18,1103.19,1130.77,1091.7,1109.32,11788
2024-07-21,1107.02,1114.68,1088.63,1109.24,6858
2024-07-22,1129.24,1133.83,1088.63,1133.07,11266
2024-07-23,1110.85,1140.73,1110.85,1140.73,7450
2024-07-24,1146.09,1146.09,1096.29,1118.43,5866
2024-07-25,1119.28,1172.14,1112.38,1172.14,16299
2024-07-28,1187.46,1218.1,1152.22,1179.8,23571
2024-07-29,1156.82,1221.94,1134.6,1221.94,35292
2024-07-30,1245.68,1245.68,1153.75,1231.89,7300
2024-07-31,1240.32,1280.93,1221.94,1228.06,14316
2024-08-01,1232.66,1251.05,1203.55,1250.66,12101
2024-08-05,1225.77,1249.52,1187.77,1192.82,10627
2024-08-06,1183.71,1192.82,1126.17,1137.66,6291
2024-08-07,1149.16,1149.16,1126.25,1148.39,3797
2024-08-08,1169.69,1169.69,1126.94,1143.79,6186
2024-08-11,1166.01,1213.43,1166.01,1211.98,15803
2024-08-12,1235.73,1256.41,1188.99,1232.66,13805
2024-08-13,1225.0,1244.92,1210.44,1233.43,11421
2024-08-14,1211.21,1215.04,1191.29,1215.04,6219
2024-08-15,1237.26,1264.07,1179.88,1201.94,11135
2024-08-18,1201.94,1202.78,1148.7,1172.14,4453
2024-08-21,1170.61,1170.61,1149.23,1150.15,2467
2024-08-22,1135.44,1152.99,1133.83,1152.6,2514
2024-08-25,1152.6,1200.33,1134.6,1165.24,5726
2024-08-27,1163.71,1172.14,1122.34,1130.0,1566
2024-08-28,1149.08,1149.08,1057.22,1125.41,5190
2024-08-29,1111.62,1159.88,1081.74,1159.88,9235
2024-09-01,1149.16,1152.99,1115.45,1135.37,1119
2024-09-02,1115.52,1150.69,1115.45,1127.7,2082
2024-09-03,1141.49,1141.49,1114.68,1131.54,2295
2024-09-04,1122.34,1156.82,1110.85,1131.38,4836
2024-09-05,1111.69,1216.57,1107.1,1176.89,4091
2024-09-08,1195.12,1234.65,1176.43,1195.12,11718
2024-09-09,1218.1,1218.87,1133.83,1137.66,6603
2024-09-10,1137.66,1159.8,1126.17,1130.77,2480
2024-09-11,1118.59,1216.57,1111.62,1149.16,4855
2024-09-12,1149.16,1195.58,1136.13,1160.57,3697
2024-09-15,1183.71,1183.71,1137.66,1137.66,6084
2024-09-16,1126.17,1148.39,1126.17,1136.9,4600
2024-09-18,1157.58,1157.58,1126.17,1138.35,6244
2024-09-22,1160.65,1168.31,1141.49,1141.49,1062
2024-09-23,1119.28,1163.71,1115.45,1137.66,2662
2024-09-24,1137.66,1141.49,1100.12,1110.85,6543
2024-09-25,1118.51,1144.56,1118.51,1144.56,2664
2024-09-26,1144.56,1163.63,1126.17,1137.66,864
2024-09-29,1119.28,1130.0,1108.55,1126.17,1180
2024-09-30,1126.17,1130.0,1111.62,1129.54,1450
2024-10-01,1123.11,1154.52,1123.11,1154.52,1824
2024-10-02,1154.52,1164.48,1133.83,1149.16,2561
2024-10-06,1162.64,1162.87,1139.96,1158.35,935
2024-10-07,1181.33,1204.24,1181.33,1192.06,4131
2024-10-08,1168.31,1310.8,1168.31,1201.63,7000
2024-10-09,1178.27,1274.8,1178.27,1210.44,435
2024-10-15,1187.46,1331.49,1187.46,1331.49,6021
2024-10-16,1304.9,1304.9,1232.74,1270.97,11759
2024-10-17,1245.76,1287.05,1222.7,1244.84,9081
2024-10-20,1220.4,1229.21,1197.42,1221.94,5576
2024-10-21,1198.95,1217.34,1183.63,1195.12,3229
2024-10-22,1172.14,1241.85,1172.14,1241.09,11179
2024-10-23,1218.1,1261.77,1218.1,1248.75,10105
2024-10-24,1225.77,1306.97,1225.77,1306.97,30726
2024-10-27,1332.25,1378.99,1325.36,1367.5,33711
2024-10-28,1367.5,1411.16,1350.72,1394.31,55660
2024-10-29,1366.42,1414.23,1366.42,1409.63,22766
2024-10-30,1382.05,1432.61,1382.05,1405.8,13879
2024-11-05,1390.48,1490.07,1390.48,1417.29,5880
2024-11-06,1390.48,1408.86,1382.82,1382.82,8060
2024-11-10,1378.99,1378.99,1317.7,1325.36,26835
2024-11-11,1298.85,1378.22,1298.85,1371.33,12767
2024-11-12,1343.9,1447.17,1343.9,1356.85,4898
2024-11-13,1329.96,1368.26,1329.96,1342.14,5741
2024-11-14,1325.36,1394.23,1325.36,1348.42,11057
2024-11-17,1321.53,1429.55,1321.53,1355.77,17523
2024-11-19,1375.16,1381.97,1321.53,1359.83,6932
2024-11-20,1333.02,1375.16,1306.67,1371.17,20875
2024-11-21,1344.51,1493.9,1344.51,1440.28,56211
2024-11-24,1411.93,1468.62,1385.12,1388.18,13854
2024-11-25,1360.6,1392.78,1357.54,1369.79,7382
2024-11-26,1342.44,1501.56,1317.7,1501.56,50190
2024-11-27,1471.53,1471.53,1351.41,1351.41,76453
2024-11-28,1324.59,1369.79,1298.55,1306.21,37622
2024-12-01,1280.16,1302.38,1262.54,1287.82,18114
2024-12-02,1264.07,1306.21,1264.07,1302.38,10732
2024-12-03,1276.33,1301.61,1271.73,1293.18,4381
2024-12-04,1267.9,1317.7,1267.9,1298.55,7159
2024-12-05,1273.26,1294.72,1256.64,1275.49,9700
2024-12-08,1250.28,1313.87,1250.28,1308.51,16020
2024-12-09,1282.46,1333.02,1282.46,1288.59,5001
2024-12-10,1263.31,1300.77,1263.31,1283.22,5128
2024-12-11,1257.94,1306.21,1257.94,1300.84,5015
2024-12-12,1279.39,1302.07,1264.84,1271.73,6488
2024-12-16,1246.45,1267.9,1233.43,1265.6,11740
2024-12-17,1241.09,1279.32,1241.09,1267.14,4891
2024-12-18,1242.62,1300.08,1242.62,1264.07,6519
2024-12-19,1241.09,1284.76,1241.09,1255.64,5274
2024-12-22,1231.13,1262.39,1231.13,1248.75,4783
2024-12-23,1256.41,1290.81,1256.41,1285.52,11266
2024-12-24,1264.07,1329.96,1264.07,1319.23,17189
2024-12-26,1345.56,1396.24,1345.56,1369.8,12601
2024-12-29,1343.54,1409.19,1343.54,1387.22,14612
2024-12-31,1361.05,1420.57,1352.3,1361.93,7184
2025-01-01,1340.92,1393.44,1340.92,1376.81,11162
2025-01-02,1352.3,1391.25,1352.3,1389.93,8839
2025-01-05,1369.89,1444.2,1369.89,1400.44,12730
2025-01-06,1374.18,1457.24,1374.18,1425.82,7343
2025-01-07,1400.44,1452.95,1400.44,1411.82,7201
2025-01-08,1426.7,1438.95,1400.44,1417.86,5916
2025-01-09,1391.68,1419.52,1374.27,1398.51,6287
2025-01-12,1374.18,1399.56,1374.18,1380.31,3091
2025-01-13,1356.67,1408.32,1356.67,1396.06,14499
2025-01-15,1369.8,1424.07,1369.8,1410.94,8860
2025-01-16,1382.93,1439.82,1382.93,1421.44,18429
2025-01-19,1400.44,1428.45,1400.44,1422.23,6420
2025-01-20,1410.07,1438.16,1410.07,1431.07,8656
2025-01-21,1404.81,1455.93,1404.81,1427.57,4724
2025-01-22,1405.69,1455.32,1405.69,1438.86,8596
2025-01-23,1417.94,1468.71,1417.94,1442.36,10964
2025-01-26,1418.38,1578.99,1418.38,1527.35,26105
2025-01-27,1496.81,1555.36,1496.81,1529.98,3615
2025-01-28,1500.22,1557.11,1500.22,1547.4,5450
2025-02-02,1516.85,1608.75,1516.85,1592.12,11042
2025-02-03,1560.61,1615.75,1557.99,1579.87,8084
2025-02-04,1548.36,1579.17,1540.48,1548.36,8208
2025-02-05,1523.94,1575.49,1523.94,1544.77,5770
2025-02-06,1514.22,1557.11,1514.22,1529.98,6041
2025-02-09,1501.09,1572.08,1501.09,1543.98,32870
2025-02-10,1514.22,1544.77,1498.47,1501.97,10678
2025-02-11,1474.84,1523.85,1474.84,1513.96,6859
2025-02-12,1487.96,1537.86,1487.96,1508.45,5909
2025-02-13,1492.34,1516.85,1487.96,1489.02,6134
2025-02-16,1459.96,1574.62,1459.96,1566.56,10578
2025-02-17,1536.11,1628.01,1536.11,1598.25,14651
2025-02-18,1566.74,1623.63,1560.61,1586.78,8410
2025-02-20,1555.36,1590.37,1555.36,1577.24,6868
2025-02-23,1545.73,1575.49,1514.22,1571.12,5486
2025-02-24,1540.48,1606.13,1539.96,1542.23,3878
2025-02-25,1514.22,1578.99,1514.22,1557.99,5014
2025-02-27,1588.62,1607.79,1526.48,1562.36,3734
2025-03-02,1531.73,1584.25,1531.73,1557.99,4490
2025-03-03,1527.35,1571.12,1511.6,1540.48,6111
2025-03-04,1509.85,1540.04,1496.72,1500.22,5983
2025-03-05,1487.96,1546.61,1466.96,1466.96,5942
2025-03-06,1461.71,1515.97,1438.07,1495.75,9576
2025-03-09,1466.08,1522.98,1461.71,1462.58,3091
2025-03-10,1435.45,1557.11,1435.45,1467.83,5131
2025-03-11,1439.82,1506.35,1439.82,1467.66,4020
2025-03-12,1444.2,1486.21,1444.2,1455.58,2331
2025-03-16,1431.07,1470.46,1431.07,1443.24,2641
2025-03-17,1414.44,1468.62,1414.44,1440.7,10253
2025-03-18,1413.57,1584.25,1389.06,1584.25,11977
2025-03-19,1552.56,1737.42,1433.7,1733.04,36584
2025-03-20,1767.18,1767.18,1559.74,1559.74,2614
2025-03-23,1559.74,1559.74,1403.76,1403.76,14682
2025-03-24,1400.44,1400.44,1330.5,1383.54,11692
2025-03-25,1356.67,1385.56,1321.66,1326.26,7391
2025-03-26,1312.91,1365.95,1299.78,1354.97,9993
2025-03-27,1328.67,1372.43,1328.67,1367.11,9707
2025-03-30,1340.04,1395.89,1340.04,1374.34,8275
2025-04-01,1347.92,1378.56,1331.55,1346.56,4081
2025-04-02,1321.66,1365.43,1321.66,1343.83,2149
2025-04-03,1321.66,1348.1,1321.66,1337.76,3139
2025-04-07,1312.91,1334.79,1292.78,1298.14,5177
2025-04-08,1298.03,1323.33,1272.12,1306.51,5026
2025-04-09,1330.33,1354.05,1313.0,1322.2,2798
2025-04-10,1322.54,1326.74,1300.74,1309.02,1647
2025-04-13,1304.16,1356.59,1304.16,1309.63,3741
2025-04-15,1318.16,1365.43,1318.16,1352.23,2809
2025-04-16,1329.54,1369.8,1329.54,1355.33,1920
2025-04-17,1355.8,1370.24,1344.42,1349.79,2463
2025-04-20,1328.23,1341.79,1328.23,1340.75,1742
2025-04-21,1331.29,1355.8,1328.84,1330.28,1954
2025-04-22,1318.16,1344.42,1317.29,1337.33,1733
2025-04-23,1326.04,1326.04,1304.16,1312.12,1419
2025-04-24,1336.54,1336.54,1279.65,1286.3,3798
2025-04-27,1302.41,1339.08,1302.41,1325.49,5212
2025-04-28,1330.42,1342.67,1304.16,1312.34,4831
2025-04-29,1289.54,1315.8,1278.25,1286.52,4541
2025-04-30,1286.65,1311.16,1269.15,1289.38,4860
2025-05-04,1263.63,1295.49,1254.27,1259.7,2670
2025-05-05,1260.39,1260.39,1235.01,1238.48,4837
2025-05-06,1263.19,1270.9,1246.56,1249.58,2826
2025-05-07,1242.89,1287.35,1242.89,1280.57,2843
2025-05-08,1255.14,1286.3,1255.14,1262.9,2759
2025-05-11,1252.6,1269.15,1252.52,1262.07,14920
2025-05-13,1286.65,1286.65,1247.26,1252.97,3202
2025-05-14,1269.15,1269.15,1244.73,1249.09,2357
2025-05-15,1251.64,1264.77,1238.51,1239.0,4432
2025-05-18,1238.51,1285.6,1234.14,1257.58,4732
2025-05-19,1275.27,1312.04,1260.39,1294.54,5781
2025-05-20,1269.15,1326.04,1269.15,1321.25,3997
2025-05-21,1347.05,1356.59,1288.4,1294.79,7579
2025-05-22,1317.02,1361.05,1289.28,1326.92,7754
2025-05-25,1326.04,1374.88,1313.79,1359.87,7268
2025-05-26,1386.87,1387.05,1323.41,1333.24,8284
2025-05-27,1309.41,1327.79,1304.16,1305.84,2665
2025-05-28,1317.29,1320.79,1290.15,1305.55,1299
2025-06-02,1331.29,1343.54,1305.03,1307.0,2015
2025-06-03,1325.16,1325.16,1278.07,1284.2,2476
2025-06-04,1309.85,1309.85,1260.57,1269.65,1800
2025-06-05,1270.9,1296.28,1270.9,1272.42,1259
2025-06-08,1297.16,1378.56,1231.51,1353.83,9029
2025-06-09,1326.91,1326.91,1269.15,1283.01,1738
2025-06-10,1304.16,1325.08,1260.39,1291.38,5634
2025-06-11,1265.65,1290.94,1262.23,1262.97,3861
2025-06-12,1260.39,1273.52,1260.39,1265.43,1560
2025-06-15,1242.89,1285.78,1242.89,1260.26,1440
2025-06-16,1256.02,1277.02,1256.02,1261.42,1379
2025-06-17,1247.26,1286.65,1247.26,1262.21,5684
2025-06-18,1286.65,1291.03,1256.89,1259.05,1820
2025-06-19,1254.27,1269.06,1252.52,1256.02,680
2025-06-22,1238.69,1247.26,1237.64,1237.64,1570
2025-06-23,1216.63,1251.64,1216.63,1230.63,930
2025-06-24,1255.14,1255.14,1225.38,1229.1,2155
2025-06-25,1219.34,1242.89,1219.34,1221.67,2098
2025-06-26,1219.26,1240.26,1211.38,1222.2,1787
2025-06-29,1238.51,1238.51,1225.38,1234.91,1303
2025-06-30,1210.5,1284.9,1190.37,1268.02,3703
2025-07-01,1242.89,1319.04,1242.89,1301.04,12173
2025-07-02,1295.4,1319.04,1270.02,1281.24,4693
2025-07-03,1260.39,1304.16,1260.39,1271.5,5075
2025-07-06,1269.15,1302.41,1269.15,1292.88,3568
2025-07-07,1312.91,1313.79,1288.4,1291.1,5322
2025-07-08,1270.46,1312.91,1270.46,1309.23,8593
2025-07-09,1309.23,1330.33,1297.16,1323.75,5839
2025-07-10,1309.41,1347.92,1309.41,1338.46,5179
2025-07-13,1364.55,1417.07,1364.03,1400.5,12436
2025-07-14,1428.45,1428.45,1348.01,1366.66,8929
2025-07-15,1369.8,1395.19,1365.43,1392.42,3549
2025-07-16,1369.8,1413.57,1369.8,1399.42,34102
2025-07-17,1378.56,1435.45,1378.56,1421.75,7057
2025-07-20,1409.19,1426.7,1392.65,1400.03,7210
2025-07-21,1382.93,1408.32,1370.77,1375.93,6950
2025-07-22,1400.44,1452.95,1400.44,1431.54,7595
2025-07-23,1445.08,1468.18,1383.81,1426.66,40798
2025-07-24,1400.44,1456.98,1400.44,1432.07,6482
2025-07-27,1403.94,1452.95,1403.94,1432.95,11189
2025-07-28,1404.81,1479.21,1404.81,1425.36,8691
2025-07-29,1401.49,1474.84,1401.49,1455.13,7763
2025-07-30,1476.59,1476.59,1403.06,1410.7,10104
2025-07-31,1382.93,1442.63,1382.93,1388.3,7044
2025-08-03,1415.32,1415.32,1374.18,1375.54,6156
2025-08-04,1375.05,1402.19,1326.04,1373.62,2969
2025-08-05,1356.67,1418.82,1356.67,1375.0,4752
2025-08-06,1382.93,1428.45,1381.18,1421.91,8601
2025-08-07,1450.33,1473.09,1415.32,1421.51,19484
2025-08-11,1393.17,1442.01,1385.56,1388.02,5013
2025-08-12,1360.35,1387.31,1360.35,1372.54,1506
2025-08-13,1357.55,1419.52,1357.55,1382.06,2108
2025-08-14,1356.67,1408.32,1356.67,1363.68,3573
2025-08-17,1356.67,1383.81,1348.8,1351.33,2141
2025-08-18,1339.17,1364.55,1339.17,1342.14,2283
2025-08-19,1323.41,1356.67,1323.41,1344.5,2026
2025-08-20,1326.04,1352.3,1326.04,1332.88,1750
2025-08-21,1317.72,1347.92,1317.72,1331.64,927
2025-08-24,1305.03,1373.92,1305.03,1324.08,1449
2025-08-25,1350.55,1391.68,1350.55,1380.32,12581
2025-08-26,1357.64,1396.06,1357.64,1382.73,2880
2025-08-27,1357.64,1398.69,1357.64,1390.75,3208
2025-08-28,1391.68,1391.68,1348.8,1350.04,3005
2025-08-31,1331.47,1357.11,1331.47,1335.89,2225
2025-09-01,1321.75,1347.92,1321.75,1334.87,981
2025-09-02,1313.87,1361.05,1313.87,1330.5,903
2025-09-03,1315.62,1338.29,1304.16,1312.26,2724
2025-09-04,1297.16,1304.16,1291.9,1296.39,3438
2025-09-07,1304.16,1312.04,1286.65,1287.34,1081
2025-09-08,1270.02,1295.4,1270.02,1285.78,1564
2025-09-18,1260.13,1268.27,1241.14,1268.27,125
2025-09-21,1292.78,1312.91,1235.89,1309.65,2505
2025-09-23,1286.65,1330.42,1286.65,1329.54,1557
2025-09-24,1304.25,1323.33,1304.25,1323.33,990
2025-09-25,1300.66,1317.29,1300.66,1309.41,571
2025-09-28,1333.92,1333.92,1313.0,1331.82,536
2025-10-07,1317.29,1317.29,1277.9,1308.53,2729
2025-10-08,1308.53,1308.53,1263.89,1284.03,880
2025-10-09,1309.67,1335.84,1282.28,1301.44,1116
2025-10-12,1279.04,1282.28,1227.13,1276.15,2486
2025-10-13,1299.78,1299.78,1252.52,1278.77,1679
2025-10-14,1253.57,1269.15,1235.01,1249.89,2168
2025-10-15,1242.89,1247.26,1221.27,1247.26,992
2025-10-16,1234.14,1238.51,1207.88,1224.51,2560
2025-10-19,1242.89,1242.89,1206.21,1216.63,592
2025-10-26,1200.88,1205.08,1177.24,1203.5,1269
2025-10-28,1225.38,1256.02,1225.38,1256.02,1578
2025-10-29,1276.94,1276.94,1225.38,1247.26,532
2025-10-30,1267.4,1267.4,1243.76,1256.02,1411
2025-11-02,1280.53,1286.56,1256.89,1277.9,3648
2025-11-03,1286.65,1303.28,1286.65,1294.53,6704
2025-11-04,1312.91,1312.91,1286.65,1299.78,4638
2025-11-05,1308.53,1311.16,1274.84,1290.15,1000
2025-11-06,1291.82,1307.66,1286.65,1295.4,2423
2025-11-09,1295.4,1295.4,1274.49,1277.9,521
2025-11-10,1302.41,1302.41,1257.07,1277.9,893
2025-11-11,1301.53,1301.53,1264.86,1285.78,220
2025-11-12,1270.28,1281.4,1264.77,1281.4,2100
2025-11-13,1269.15,1289.28,1264.16,1277.81,150
2025-11-16,1286.65,1286.65,1267.75,1278.77,1126
2025-11-17,1304.07,1304.07,1270.02,1284.03,1409
2025-11-18,1282.28,1304.16,1278.25,1294.53,776
2025-11-19,1311.95,1311.95,1275.36,1285.69,363
2025-11-20,1269.58,1294.53,1269.15,1291.03,2938
2025-11-23,1295.4,1321.31,1295.4,1310.28,2092
2025-11-24,1333.92,1333.92,1312.91,1324.29,987
2025-11-25,1315.54,1334.79,1314.66,1334.79,2383
2025-11-26,1351.42,1351.42,1326.04,1336.54,676
2025-11-27,1309.85,1351.42,1309.85,1329.19,1284
2025-11-30,1310.28,1333.92,1305.03,1312.91,3066
2025-12-01,1318.16,1330.42,1312.04,1321.66,1533
2025-12-02,1321.66,1333.92,1315.97,1321.66,926
2025-12-03,1322.54,1453.83,1314.66,1453.83,6671
2025-12-07,1424.77,1424.77,1347.92,1368.05,4785
2025-12-08,1365.43,1365.43,1310.37,1364.55,8902
2025-12-09,1339.17,1339.17,1306.0,1317.29,5457
2025-12-10,1325.16,1325.16,1305.03,1308.62,966
2025-12-11,1319.91,1328.67,1309.41,1328.67,2243
2025-12-14,1304.16,1437.2,1304.16,1304.16,6634
2025-12-15,1291.64,1326.04,1291.55,1311.16,1275
2025-12-16,1304.16,1326.04,1299.78,1322.45,2606
2025-12-17,1322.36,1331.38,1277.9,1312.91,3785
2025-12-18,1333.92,1333.92,1283.24,1301.53,5347
2025-12-21,1327.53,1327.53,1291.9,1302.41,3445
2025-12-22,1324.2,1324.2,1285.86,1300.57,4817
2025-12-23,1312.91,1312.91,1286.65,1304.16,2243
2025-12-24,1287.61,1312.04,1287.61,1311.16,2736
2025-12-28,1332.17,1332.17,1299.78,1309.41,7360
2025-12-29,1333.92,1352.3,1302.58,1325.95,31252
2025-12-31,1352.4,1368.0,1305.0,1341.0,4985
2026-01-01,1323.0,1333.0,1312.1,1327.0,2776
2026-01-04,1327.0,1327.0,1300.0,1314.0,4846
2026-01-05,1314.0,1329.5,1300.0,1325.0,3278
2026-01-06,1325.0,1344.4,1307.0,1343.5,2137
2026-01-07,1317.0,1354.0,1317.0,1330.0,5458
2026-01-08,1330.0,1330.0,1305.0,1329.9,374
2026-01-12,1311.0,1326.0,1285.0,1324.0,6071
2026-01-13,1324.0,1324.9,1300.0,1320.0,1560
2026-01-14,1301.5,1330.0,1295.0,1315.0,3105
2026-01-18,1340.9,1367.0,1336.0,1348.0,4626
2026-01-20,1365.0,1369.0,1344.0,1366.0,7025
2026-01-21,1383.5,1385.0,1345.0,1350.0,4651
2026-01-22,1334.0,1350.0,1332.0,1335.0,4502
2026-01-25,1358.0,1398.0,1350.0,1390.0,7389
2026-01-26,1410.0,1425.0,1376.0,1425.0,6460
2026-01-27,1425.0,1449.0,1385.0,1438.2,8842
2026-01-28,1410.0,1582.0,1398.0,1575.0,16965
2026-01-29,1543.5,1543.5,1417.5,1417.5,40178
2026-02-01,1390.0,1555.0,1360.4,1555.0,28463
2026-02-02,1523.9,1523.9,1399.5,1399.5,37359
2026-02-03,1400.0,1400.0,1366.0,1366.0,4518
2026-02-04,1389.9,1393.3,1347.5,1350.0,3679
2026-02-05,1340.1,1373.0,1340.0,1350.0,6743
2026-02-08,1360.0,1377.0,1333.0,1345.0,4456
2026-02-09,1370.5,1370.5,1308.4,1334.0,7528
2026-02-10,1335.0,1342.0,1300.0,1315.0,4851
2026-02-11,1340.9,1340.9,1310.0,1329.0,2868
2026-02-12,1307.5,1329.0,1306.0,1325.0,2845
2026-02-16,1308.2,1325.0,1308.2,1323.0,2263
2026-02-17,1302.6,1318.9,1302.5,1303.6,3606
2026-02-22,1305.0,1316.0,1291.0,1309.9,2932
2026-02-23,1305.0,1315.6,1300.0,1300.0,1401
2026-02-24,1320.0,1320.0,1302.8,1308.0,727
2026-02-25,1322.0,1331.0,1310.0,1322.0,678
2026-02-26,1322.0,1359.7,1306.0,1342.0,3451
2026-03-01,1330.0,1353.0,1308.0,1346.0,2449
2026-03-03,1319.5,1357.0,1319.1,1356.0,2097
2026-03-09,1383.1,1410.0,1383.1,1410.0,50
2026-03-10,1438.0,1438.2,1379.0,1389.0,6850
2026-03-11,1386.0,1400.0,1340.0,1364.0,4351
2026-03-12,1360.0,1370.0,1341.0,1370.0,2265
2026-03-15,1370.0,1388.0,1360.4,1370.0,2271
2026-03-16,1346.0,1380.0,1341.0,1354.0,3420
2026-03-17,1370.0,1370.0,1337.0,1337.2,4411
2026-03-19,1335.0,1368.9,1335.0,1357.0,3814
2026-03-22,1383.9,1411.0,1360.0,1395.0,14210
2026-03-23,1405.0,1418.0,1380.5,1392.7,3958
2026-03-24,1390.0,1397.0,1383.7,1389.8,2071
2026-03-25,1380.0,1389.7,1348.0,1365.0,8676
2026-03-26,1380.0,1380.0,1356.0,1375.0,1670
2026-03-29,1390.0,1390.0,1321.1,1348.0,6496
2026-03-30,1328.1,1347.0,1312.0,1330.0,3687
2026-03-31,1330.0,1343.0,1304.1,1343.0,2583
2026-04-01,1322.0,1328.0,1293.7,1306.0,3933
2026-04-02,1288.4,1312.0,1288.2,1291.0,3101
2026-04-05,1285.0,1310.0,1240.5,1250.0,6542
2026-04-06,1265.0,1295.0,1250.0,1290.0,2828
2026-04-07,1280.0,1298.0,1265.0,1279.0,1923
2026-04-08,1276.0,1300.0,1276.0,1286.0,1415
2026-04-09,1286.0,1322.0,1285.0,1321.0,2311
2026-04-10,1320.0,1320.0,1288.1,1295.0,3071
2026-04-13,1291.0,1300.0,1287.0,1287.0,599
2026-04-15,1285.1,1317.0,1285.0,1309.0,2347
2026-04-16,1290.0,1295.0,1288.2,1295.0,1143
2026-04-17,1278.1,1300.0,1250.1,1300.0,1877
2026-04-20,1310.0,1310.0,1276.6,1294.0,1463
2026-04-21,1291.0,1291.0,1275.0,1275.2,792
2026-04-22,1294.0,1294.0,1212.5,1272.9,4210
2026-04-23,1273.0,1273.0,1240.0,1250.0,2699
2026-04-24,1232.0,1250.0,1231.0,1245.0,1677
2026-04-27,1250.0,1250.0,1232.2,1232.2,1005
2026-04-28,1225.0,1240.0,1220.0,1225.0,1925
2026-04-29,1225.0,1225.0,1210.7,1223.0,1661
2026-04-30,1190.1,1221.2,1190.1,1205.0,1372
2026-05-04,1201.0,1201.1,1176.1,1190.0,1985
2026-05-05,1190.0,1204.5,1186.0,1190.0,713
2026-05-06,1180.0,1195.1,1180.0,1195.0,379
2026-05-07,1143.0,1230.0,1143.0,1204.0,1824
2026-05-08,1196.0,1209.0,1196.0,1200.0,2737
2026-05-11,1224.5,1225.0,1206.1,1218.0,1316
2026-05-12,1207.0,1207.0,1191.0,1195.0,3628
2026-05-13,1170.2,1199.8,1170.2,1192.0,1224
2026-05-14,1164.5,1190.0,1164.5,1180.0,1318
2026-05-15,1181.5,1199.0,1169.0,1199.0,1021
2026-05-18,1190.0,1195.0,1180.1,1195.0,674
2026-05-19,1218.5,1218.5,1173.0,1189.0,1249
2026-05-20,1190.0,1191.0,1190.0,1191.0,350
2026-05-21,1195.0,1200.0,1180.0,1180.0,824
2026-05-22,1172.0,1199.8,1172.0,1198.0,862
2026-05-25,1220.0,1220.0,1183.0,1198.0,2789
2026-05-26,1190.0,1196.0,1185.0,1196.0,700
2026-05-27,1195.0,1200.0,1190.0,1200.0,1014
2026-06-01,1200.0,1229.0,1181.7,1198.0,492
2026-06-02,1180.0,1195.0,1180.0,1195.0,739
2026-06-03,1195.0,1210.0,1190.0,1209.0,2335
2026-06-04,1190.0,1214.0,1190.0,1209.9,1088
2026-06-05,1200.0,1209.5,1181.0,1209.5,1538
2026-06-08,1184.3,1200.0,1176.0,1197.9,784
2026-06-09,1190.0,1191.0,1177.4,1189.0,1939
2026-06-10,1180.0,1194.0,1180.0,1189.0,369
2026-06-11,1190.0,1200.0,1187.0,1192.0,259
2026-06-12,1177.1,1198.9,1170.0,1189.8,2984
2026-06-15,1190.0,1190.0,1166.6,1183.0,895
2026-06-16,1166.2,1166.5,1165.0,1165.0,838
2026-06-17,1180.0,1180.0,1145.0,1178.0,1141
2026-06-18,1184.0,1184.0,1151.2,1170.0,516
2026-06-19,1170.0,1170.0,1155.0,1169.0,787
2026-06-22,1160.0,1195.0,1160.0,1179.0,836
2026-06-23,1160.0,1161.0,1151.2,1155.0,1849
2026-06-24,1155.0,1160.0,1143.6,1160.0,840
2026-06-25,1160.0,1183.9,1150.5,1168.0,180
2026-06-26,1184.0,1184.0,1148.6,1167.9,313
2026-06-29,1143.1,1170.0,1140.0,1160.0,636
2026-06-30,1141.0,1150.0,1130.0,1135.0,2158
2026-07-01,1140.0,1155.0,1135.0,1140.0,1016
2026-07-02,1140.0,1152.0,1124.6,1150.0,684
2026-07-03,1151.0,1151.0,1135.6,1150.0,372
2026-07-06,1149.0,1177.5,1136.3,1136.5,601
2026-07-07,1137.0,1160.0,1136.0,1142.0,2270
2026-07-08,1117.4,1139.0,1117.4,1137.0,346
2026-07-09,1140.0,1140.0,1140.0,1140.0,20
2026-07-10,1125.3,1135.0,1115.2,1129.9,486
2026-07-13,1115.0,1115.0,1100.0,1110.0,390
2026-07-14,1076.7,1133.0,1076.7,1114.0,1066
2026-07-15,1120.0,1120.0,1097.0,1109.0,1191
2026-07-16,1139.0,1160.0,1100.0,1117.0,2227
2026-07-17,1137.0,1149.0,1112.0,1149.0,3543
2026-07-20,1179.5,1179.5,1136.0,1166.0,1699
2026-07-21,1158.0,1187.5,1148.0,1176.5,1594
2026-07-22,1145.4,1147.1,1141.3,1147.1,589
2026-07-23,1134.0,1159.9,1134.0,1159.9,960
2026-07-24,1131.2,1160.0,1131.2,1150.0,1507
2026-07-27,1168.5,1168.5,1145.0,1158.0,443
2026-07-28,1140.0,1150.0,1130.0,1150.0,321
2026-07-29,1135.0,1149.9,1134.0,1134.0,1025
2026-07-30,1140.0,1140.0,1125.1,1134.0,303
2026-07-31,1118.0,1145.0,1117.0,1142.0,1210
2026-08-03,1150.0,1150.0,1130.1,1139.0,1217
2026-08-04,1129.0,1144.0,1123.5,1144.0,656
2026-08-05,1140.0,1140.0,1120.0,1135.0,483
2026-08-06,1117.0,1138.0,1101.1,1121.0,1592
2026-08-07,1115.0,1119.0,1110.0,1119.0,306
2026-08-10,1120.0,1133.0,1111.6,1121.9,397
2026-08-11,1110.0,1113.9,1097.0,1099.5,3056
2026-08-12,1085.0,1085.0,1052.2,1067.0,4754
2026-08-13,1070.0,1070.0,1051.2,1062.5,1969
2026-08-14,1047.1,1062.0,1045.0,1062.0,795
2026-08-17,1062.0,1062.0,1046.2,1055.0,691
2026-08-18,1040.0,1040.0,1025.1,1036.0,1482
2026-08-19,1030.0,1030.0,1009.0,1029.9,1789
2026-08-20,1037.0,1053.8,1011.0,1030.0,1233
2026-08-21,1010.1,1014.7,995.0,997.0,2761
2026-08-24,990.0,990.0,922.5,949.9,10940
2026-08-25,940.0,956.0,937.0,953.5,1478
2026-08-26,960.0,960.0,930.0,954.0,779
2026-08-27,930.0,952.9,898.0,943.0,2637
2026-08-31,937.0,937.0,894.0,915.0,4090
