timestamp,open,high,low,close,volume
2012-01-01,79.3,79.85,77.3,79.85,799
2012-01-02,79.85,82.93,80.12,81.75,1002
2012-01-03,81.75,83.21,81.03,81.03,2653
2012-01-04,81.03,79.48,76.49,78.57,490
2012-01-05,78.57,79.48,77.94,77.94,121
2012-01-08,77.94,76.76,73.94,75.4,4835
2012-01-09,75.4,76.85,75.4,76.85,195
2012-01-10,76.85,78.3,76.76,76.76,658
2012-01-11,76.76,79.39,76.76,79.39,969
2012-01-12,79.39,82.12,78.12,82.12,773
2012-01-16,82.12,80.48,78.76,79.85,235
2012-01-17,79.85,78.57,74.49,78.21,2244
2012-01-18,78.21,80.12,75.4,80.12,1617
2012-01-22,80.12,79.03,75.94,75.94,1273
2012-01-23,75.94,76.58,75.03,75.85,1255
2012-01-25,75.85,76.3,74.94,76.3,442
2012-01-26,76.3,75.4,75.03,75.4,408
2012-01-29,75.4,75.4,74.76,75.4,496
2012-01-31,75.4,76.76,76.49,76.49,143
2012-02-01,76.49,76.3,75.58,75.58,250
2012-02-02,75.58,77.21,75.67,77.21,382
2012-02-05,77.21,76.3,74.85,75.3,1035
2012-02-06,75.3,75.3,74.85,74.85,545
2012-02-07,74.85,75.67,74.49,75.4,816
2012-02-08,75.4,76.39,75.4,76.39,187
2012-02-09,76.39,76.3,75.4,76.3,437
2012-02-12,76.3,76.58,75.21,76.58,1780
2012-02-13,76.58,79.57,75.58,79.57,885
2012-02-14,79.57,79.03,78.12,78.12,447
2012-02-15,78.12,78.12,76.58,76.58,182
2012-02-16,76.58,77.21,75.67,77.21,1286
2012-02-21,77.21,77.21,75.94,77.21,170
2012-02-23,77.21,77.21,76.76,77.21,79
2012-02-26,77.21,77.76,75.67,76.67,1025
2012-02-27,76.67,76.94,75.49,76.94,1055
2012-02-28,76.94,78.76,76.76,78.76,825
2012-02-29,78.76,78.94,78.12,78.21,602
2012-03-01,78.21,80.57,78.57,80.57,497
2012-03-04,80.57,79.57,79.03,79.39,590
2012-03-05,79.39,80.57,78.67,80.21,571
2012-03-06,80.21,80.39,79.48,80.12,301
2012-03-11,80.12,80.39,78.85,80.39,361
2012-03-12,80.39,80.12,79.94,79.94,256
2012-03-13,79.94,79.94,78.39,79.94,501
2012-03-14,79.94,79.48,78.12,78.12,389
2012-03-15,78.12,77.39,75.94,77.39,446
2012-03-18,77.39,78.94,77.21,78.76,168
2012-03-19,78.76,80.12,77.48,80.12,281
2012-03-20,80.12,79.39,76.94,79.39,307
2012-03-21,79.39,79.76,77.21,79.76,900
2012-03-25,79.76,79.76,76.76,79.76,521
2012-03-26,79.76,78.21,78.21,78.21,50
2012-03-27,78.21,79.3,77.21,78.76,342
2012-03-28,78.76,78.76,77.21,78.76,317
2012-03-29,78.76,78.76,77.21,78.76,64
2012-04-01,78.76,77.39,75.85,77.39,981
2012-04-02,77.39,79.94,77.39,79.94,270
2012-04-03,79.94,80.94,78.76,79.48,145
2012-04-04,79.48,81.94,79.76,81.94,106
2012-04-08,81.94,81.3,79.85,81.3,318
2012-04-09,81.3,81.84,80.3,81.84,906
2012-04-10,81.84,81.03,80.85,80.85,249
2012-04-11,80.85,84.02,80.39,82.66,1173
2012-04-12,82.66,89.75,83.57,89.75,1316
2012-04-15,89.75,97.65,91.47,97.65,1840
2012-04-17,97.65,107.37,90.29,90.84,2664
2012-04-18,90.84,98.2,86.39,98.2,1741
2012-04-19,98.2,103.92,97.92,102.65,3104
2012-04-22,102.65,109.01,102.65,109.01,3423
2012-04-24,109.01,119.91,111.19,119.91,880
2012-04-25,119.91,131.9,122.27,131.71,3631
2012-04-26,131.71,140.8,127.17,140.8,6246
2012-04-29,140.8,139.71,132.71,136.26,4632
2012-04-30,136.26,133.53,125.36,127.17,2746
2012-05-02,127.17,124.63,114.46,114.46,956
2012-05-03,114.46,125.9,116.73,125.9,522
2012-05-07,125.9,138.44,128.35,138.44,1302
2012-05-08,138.44,143.98,133.53,138.44,4092
2012-05-09,138.44,141.16,128.54,132.53,6781
2012-05-10,132.53,131.99,125.99,128.99,3591
2012-05-13,128.99,126.45,117.18,118.27,1788
2012-05-14,118.27,115.91,109.01,110.73,2577
2012-05-15,110.73,121.72,110.73,121.72,2424
2012-05-16,121.72,133.89,121.72,133.89,1090
2012-05-17,133.89,141.98,129.08,131.71,6367
2012-05-20,131.71,132.44,126.26,131.71,1648
2012-05-21,131.71,132.62,127.17,131.26,3948
2012-05-22,131.26,130.62,125.36,130.62,1664
2012-05-23,130.62,128.08,120.36,120.36,617
2012-05-24,120.36,127.17,118.09,124.36,3006
2012-05-27,124.36,131.53,124.63,128.99,4735
2012-05-29,128.99,126.45,121.54,121.54,30
2012-05-30,121.54,119.18,109.46,109.46,399
2012-05-31,109.46,111.55,101.1,109.01,5417
2012-06-03,109.01,119.91,109.91,119.27,2718
2012-06-04,119.27,119.27,114.91,117.18,2280
2012-06-05,117.18,114.91,110.55,112.82,1088
2012-06-06,112.82,110.91,108.1,109.55,4535
2012-06-07,109.55,114.27,109.91,111.28,1504
2012-06-10,111.28,109.91,107.92,109.46,1572
2012-06-11,109.46,113.82,109.01,109.01,602
2012-06-12,109.01,109.91,108.55,109.91,1025
2012-06-13,109.91,110.82,109.1,110.82,197
2012-06-14,110.82,110.37,108.64,110.1,903
2012-06-17,110.1,109.46,108.46,109.46,306
2012-06-18,109.46,111.19,109.01,109.91,320
2012-06-19,109.91,110.0,107.73,110.0,624
2012-06-20,110.0,114.27,108.55,110.1,226
2012-06-21,110.1,110.1,109.01,109.46,730
2012-06-25,109.46,114.82,108.73,114.82,721
2012-06-26,114.82,112.55,110.64,111.37,358
2012-06-27,111.37,114.82,112.64,113.46,1302
2012-06-28,113.46,117.91,113.55,115.09,1238
2012-07-01,115.09,114.46,113.55,114.46,1135
2012-07-02,114.46,113.55,112.82,113.09,790
2012-07-03,113.09,116.27,113.55,116.27,1302
2012-07-04,116.27,120.36,116.36,118.27,784
2012-07-05,118.27,117.45,115.91,117.45,789
2012-07-08,117.45,116.36,114.91,116.36,1230
2012-07-09,116.36,116.73,114.46,115.82,907
2012-07-10,115.82,118.27,117.0,118.09,955
2012-07-11,118.09,119.54,119.0,119.0,1338
2012-07-12,119.0,119.81,118.18,119.81,1100
2012-07-15,119.81,123.99,121.54,123.09,1155
2012-07-16,123.09,122.9,121.72,122.63,904
2012-07-17,122.63,124.54,122.63,124.54,2701
2012-07-18,124.54,126.72,124.27,125.54,2406
2012-07-19,125.54,131.08,127.17,129.9,1362
2012-07-22,129.9,134.26,129.9,133.99,4131
2012-07-23,133.99,136.44,134.26,134.71,3631
2012-07-24,134.71,134.98,131.44,133.89,3187
2012-07-25,133.89,135.35,132.8,133.53,2707
2012-07-26,133.53,133.08,131.71,131.71,1828
2012-07-29,131.71,131.71,129.99,130.81,943
2012-07-30,130.81,132.17,128.99,131.71,2028
2012-07-31,131.71,132.8,130.9,131.71,651
2012-08-01,131.71,133.53,131.71,132.62,2222
2012-08-05,132.62,133.53,130.81,133.53,969
2012-08-06,133.53,134.53,133.53,134.26,897
2012-08-07,134.26,134.98,133.53,134.44,975
2012-08-08,134.44,133.99,132.62,133.44,1167
2012-08-12,133.44,132.62,131.81,131.81,508
2012-08-13,131.81,136.26,132.17,132.71,3040
2012-08-14,132.71,133.8,131.71,132.17,1350
2012-08-15,132.17,132.62,131.26,131.71,2545
2012-08-16,131.71,133.99,131.44,133.44,2466
2012-08-19,133.44,131.81,130.9,131.81,385
2012-08-21,131.81,133.08,129.9,133.08,2488
2012-08-22,133.08,133.71,131.81,132.8,1036
2012-08-23,132.8,133.35,130.9,133.08,1546
2012-08-26,133.08,133.08,129.9,130.72,569
2012-08-27,130.72,131.71,130.44,131.71,1059
2012-08-28,131.71,131.81,130.53,130.53,1216
2012-08-29,130.53,130.81,129.26,130.81,1265
2012-08-30,130.81,130.53,127.63,130.53,1420
2012-09-02,130.53,132.99,130.81,132.8,1427
2012-09-03,132.8,133.44,131.71,132.62,731
2012-09-04,132.62,132.53,130.08,132.17,683
2012-09-05,132.17,132.62,130.81,131.81,681
2012-09-06,131.81,131.81,130.81,131.08,2276
2012-09-09,131.08,131.62,130.35,131.53,1031
2012-09-10,131.53,130.9,129.53,129.53,524
2012-09-11,129.53,138.07,132.08,135.35,7009
2012-09-12,135.35,136.71,134.44,134.44,5042
2012-09-13,134.44,135.26,134.26,134.53,1771
2012-09-16,134.53,135.44,134.44,134.89,1019
2012-09-17,134.89,135.17,134.53,135.17,1287
2012-09-18,135.17,136.26,134.98,134.98,897
2012-09-19,134.98,135.35,134.44,134.62,998
2012-09-20,134.62,133.53,131.26,133.53,350
2012-09-23,133.53,132.62,130.99,131.9,921
2012-09-24,131.9,130.44,128.08,130.44,898
2012-09-25,130.44,130.26,128.54,129.53,1942
2012-09-26,129.53,131.9,127.17,128.08,6206
2012-09-27,128.08,128.99,128.08,128.9,1035
2012-09-30,128.9,131.17,127.17,127.17,1097
2012-10-01,127.17,129.72,127.17,127.35,4518
2012-10-02,127.35,128.35,124.9,125.81,5576
2012-10-03,150.97,123.28,122.09,122.09,218
2012-10-04,122.09,122.63,120.01,122.63,723
2012-10-07,122.63,124.81,123.5,124.81,1039
2012-10-08,124.81,126.45,124.81,125.36,570
2012-10-09,125.36,126.66,124.27,126.66,514
2012-10-10,126.66,125.57,124.59,125.57,224
2012-10-11,125.57,124.27,123.72,123.72,377
2012-10-14,123.72,126.12,123.72,126.12,177
2012-10-15,126.12,126.45,126.45,126.45,26
2012-10-17,126.45,126.45,126.45,126.45,211
2012-10-18,126.45,126.99,123.94,126.99,636
2012-10-30,126.99,133.42,129.17,133.42,291
2012-10-31,133.42,136.04,133.42,135.93,806
2012-11-01,135.93,136.15,132.99,136.15,1358
2012-11-04,136.15,140.62,136.26,137.89,602
2012-11-05,137.89,142.8,139.53,139.53,521
2012-11-06,139.53,144.87,141.71,143.45,2280
2012-11-07,143.45,157.73,146.28,157.73,1661
2012-11-08,157.73,171.68,160.78,163.94,5562
2012-11-11,163.94,164.05,149.99,153.7,3220
2012-11-12,153.7,158.6,152.61,158.6,1858
2012-11-18,158.6,163.94,158.6,163.83,5211
2012-11-20,163.83,171.36,166.67,168.96,3483
2012-11-21,168.96,170.59,166.23,167.32,2159
2012-11-22,167.32,164.6,161.33,164.6,3477
2012-11-25,164.6,165.36,161.33,163.62,5926
2012-11-26,163.62,162.64,160.24,161.11,14328
2012-11-27,161.11,161.87,159.91,161.87,2331
2012-11-28,161.87,163.4,159.15,163.4,1685
2012-11-29,163.4,160.24,158.28,159.15,513
2012-12-02,159.15,159.26,155.44,157.51,3251
2012-12-03,157.51,159.15,152.93,159.15,1078
2012-12-04,159.15,162.31,159.15,159.8,1708
2012-12-05,159.8,164.6,160.78,163.83,6029
2012-12-06,163.83,163.51,160.78,163.29,2285
2012-12-09,163.29,160.78,158.06,158.06,718
2012-12-10,158.06,158.06,154.79,158.06,1548
2012-12-11,158.06,159.58,157.51,158.06,742
2012-12-13,158.06,164.49,159.69,162.42,601
2012-12-16,162.42,167.21,163.51,166.56,4987
2012-12-17,166.56,172.12,167.32,169.94,11942
2012-12-18,169.94,166.56,163.51,165.91,2787
2012-12-19,165.91,169.5,166.01,168.63,4192
2012-12-20,168.63,169.94,166.78,169.61,4104
2012-12-23,169.61,171.68,168.41,171.68,4289
2012-12-24,171.68,172.12,168.96,170.81,6737
2012-12-26,170.81,176.92,170.05,176.04,5465
2012-12-27,176.04,185.42,164.16,185.42,7127
2012-12-31,185.42,184.76,175.5,184.55,3896
2013-01-01,184.55,185.09,180.95,180.95,2821
2013-01-02,180.95,183.56,178.22,181.06,3397
2013-01-03,181.06,184.22,180.95,184.11,5596
2013-01-06,184.11,185.09,182.58,182.58,1363
2013-01-07,182.58,183.46,179.86,181.49,4852
2013-01-08,181.49,181.49,180.19,180.29,619
2013-01-09,180.29,179.86,178.77,179.86,1314
2013-01-10,179.86,179.42,176.59,178.77,2114
2013-01-13,178.77,181.49,179.42,179.86,1896
2013-01-15,179.86,181.82,179.86,179.86,1850
2013-01-16,179.86,181.17,178.77,179.86,1823
2013-01-17,179.86,178.22,176.26,176.59,2605
2013-01-20,176.59,173.32,167.87,168.96,2151
2013-01-21,168.96,175.72,172.34,173.32,468
2013-01-22,173.32,176.59,173.32,174.41,1194
2013-01-23,174.41,174.41,171.68,172.56,1800
2013-01-24,172.56,174.52,172.01,174.52,3866
2013-01-27,174.52,174.95,173.32,174.95,1580
2013-01-28,174.95,175.5,173.43,174.95,2032
2013-01-30,174.95,175.06,172.23,172.77,6011
2013-01-31,172.77,173.65,172.23,172.23,2399
2013-02-03,172.23,177.13,173.86,176.59,4537
2013-02-04,176.59,177.02,174.41,176.81,1449
2013-02-05,176.81,177.13,174.41,174.95,2714
2013-02-06,174.95,175.39,173.86,175.28,4577
2013-02-07,175.28,175.61,174.41,175.06,1056
2013-02-10,175.06,183.89,178.44,180.4,4707
2013-02-12,180.4,189.12,184.0,188.58,5007
2013-02-13,188.58,188.47,183.35,186.51,5548
2013-02-14,186.51,191.3,189.34,190.65,5508
2013-02-17,190.65,209.62,194.36,206.02,3388
2013-02-19,206.02,218.01,202.97,203.4,11302
2013-02-20,203.4,203.84,197.63,200.57,3753
2013-02-21,200.57,206.46,198.39,201.66,4683
2013-02-24,201.66,202.75,200.57,201.77,1719
2013-02-25,201.77,212.56,201.66,205.47,2323
2013-02-26,205.47,209.51,204.93,207.0,4719
2013-02-27,207.0,204.38,202.97,203.84,1777
2013-02-28,203.84,205.91,203.62,205.8,1426
2013-03-03,205.8,205.91,203.95,205.69,3654
2013-03-04,205.69,205.58,204.38,204.93,2969
2013-03-05,204.93,205.8,202.2,203.62,5639
2013-03-06,203.62,206.56,202.75,206.02,1309
2013-03-07,206.02,209.84,201.66,209.84,4043
2013-03-11,209.84,211.36,204.93,207.11,2354
2013-03-13,207.11,208.31,204.06,207.98,3412
2013-03-14,207.98,217.79,207.11,209.4,2905
2013-03-17,209.4,208.85,207.11,207.55,2533
2013-03-18,207.55,208.09,202.86,204.93,1067
2013-03-19,204.93,209.62,202.75,206.02,1872
2013-03-20,206.02,207.22,204.38,204.71,688
2013-03-21,204.71,207.11,203.84,204.93,498
2013-03-24,204.93,201.77,198.93,200.02,2994
2013-03-25,200.02,201.88,196.21,201.88,2653
2013-03-27,201.88,205.8,200.68,201.55,2300
2013-03-28,201.55,201.88,198.93,201.88,4364
2013-03-31,201.88,199.48,194.57,194.57,2556
2013-04-01,194.57,197.41,190.76,195.66,3861
2013-04-02,195.66,202.31,191.85,199.48,2688
2013-04-03,199.48,200.57,198.39,198.93,1741
2013-04-04,198.93,198.93,196.32,197.08,2424
2013-04-07,197.08,197.08,194.03,195.12,1811
2013-04-08,195.12,198.39,194.79,196.21,785
2013-04-09,196.21,201.66,196.32,201.66,2545
2013-04-11,201.66,202.75,200.02,201.11,3477
2013-04-15,201.11,201.55,197.84,200.02,1900
2013-04-16,200.02,201.11,197.84,199.48,3250
2013-04-17,199.48,199.04,196.75,196.75,1167
2013-04-18,196.75,199.48,196.86,197.84,1755
2013-04-21,197.84,200.02,196.75,198.39,1114
2013-04-22,198.39,198.39,190.76,192.39,3818
2013-04-23,192.39,200.13,195.12,196.65,1983
2013-04-25,196.65,196.21,194.03,194.03,1273
2013-04-28,194.03,193.7,192.94,192.94,1757
2013-04-29,192.94,195.66,192.94,192.94,1506
2013-04-30,192.94,194.57,192.83,192.94,515
2013-05-02,192.94,193.05,189.67,192.94,1071
2013-05-05,192.94,194.03,187.49,189.12,1168
2013-05-06,189.12,186.94,182.91,182.91,848
2013-05-07,182.91,189.45,182.58,185.74,3840
2013-05-08,185.74,185.31,184.22,184.22,234
2013-05-09,184.22,185.53,183.67,183.67,998
2013-05-12,183.67,187.27,180.95,183.24,3800
2013-05-13,183.24,187.27,183.13,187.27,2165
2013-05-14,187.27,187.71,184.22,184.22,3704
2013-05-15,184.22,187.82,184.22,184.76,9162
2013-05-16,184.76,190.76,185.31,190.76,1993
2013-05-19,190.76,192.39,187.49,188.14,10617
2013-05-20,188.14,191.85,188.58,190.21,2532
2013-05-21,190.21,191.09,189.67,190.76,3286
2013-05-22,190.76,192.18,189.12,190.21,2178
2013-05-23,190.21,190.21,188.03,190.21,3462
2013-05-26,190.21,190.76,189.67,189.78,1188
2013-05-27,189.78,196.65,191.85,196.65,1415
2013-05-28,196.65,194.57,191.85,191.96,1016
2013-05-30,191.96,191.96,190.21,190.21,2567
2013-06-02,190.21,191.2,188.58,188.58,1852
2013-06-03,188.58,191.85,190.65,190.76,669
2013-06-04,190.76,191.3,189.67,190.76,590
2013-06-05,190.76,190.76,190.11,190.11,357
2013-06-06,190.11,190.76,188.69,190.32,746
2013-06-09,190.32,189.67,189.67,189.67,1721
2013-06-10,189.67,189.89,189.12,189.67,3401
2013-06-11,189.67,191.3,190.11,190.98,630
2013-06-12,190.98,190.0,189.12,189.23,812
2013-06-13,189.23,189.12,188.03,188.36,1716
2013-06-16,188.36,189.67,188.03,189.45,1064
2013-06-17,189.45,188.69,187.49,187.49,1445
2013-06-18,187.49,187.6,185.42,187.38,1011
2013-06-19,187.38,187.71,185.96,187.6,1715
2013-06-20,187.6,186.94,185.96,186.51,1816
2013-06-23,186.51,187.27,185.31,186.94,528
2013-06-24,186.94,187.6,185.85,187.05,812
2013-06-25,187.05,188.58,186.29,188.58,1982
2013-06-26,188.58,194.57,188.58,192.39,2051
2013-06-27,192.39,194.57,190.76,193.27,1651
2013-06-30,193.27,193.05,188.58,190.76,1692
2013-07-01,190.76,191.74,190.21,190.43,1948
2013-07-02,190.43,190.54,189.67,190.54,869
2013-07-03,190.54,191.09,188.03,190.0,1706
2013-07-04,190.0,190.32,189.12,189.78,1636
2013-07-07,189.78,190.43,188.58,189.78,2216
2013-07-08,189.78,191.2,189.23,190.76,2866
2013-07-09,190.76,193.92,191.09,193.92,1603
2013-07-10,193.92,197.19,194.03,196.75,5003
2013-07-11,196.75,195.66,194.68,194.68,632
2013-07-14,194.68,196.21,194.9,195.12,1240
2013-07-15,195.12,198.72,197.3,197.84,553
2013-07-16,197.84,198.28,195.66,196.21,2427
2013-07-17,196.21,198.93,196.32,198.93,3409
2013-07-18,198.93,204.06,197.41,203.29,5092
2013-07-21,203.29,214.74,206.02,208.2,5250
2013-07-22,208.2,208.74,205.47,205.47,1031
2013-07-23,205.47,209.29,203.84,209.29,898
2013-07-24,209.29,207.11,200.9,206.02,2886
2013-07-25,206.02,207.65,204.93,205.91,1962
2013-07-28,205.91,209.07,204.93,207.65,2279
2013-07-29,207.65,208.2,206.02,207.11,2562
2013-07-30,207.11,208.74,207.11,208.2,2927
2013-07-31,208.2,210.93,207.11,209.84,2384
2013-08-01,209.84,212.56,207.11,208.2,2696
2013-08-04,208.2,208.74,206.13,208.74,3186
2013-08-05,208.74,207.22,206.02,206.56,1105
2013-08-06,206.56,207.65,205.47,207.44,2029
2013-08-07,207.44,209.29,206.02,206.02,635
2013-08-08,206.02,209.94,204.93,207.11,2663
2013-08-11,207.11,204.38,201.66,203.84,867
2013-08-12,203.84,203.84,200.79,201.66,1648
2013-08-13,201.66,201.66,197.52,199.48,2663
2013-08-14,199.48,202.75,198.28,198.28,1105
2013-08-15,198.28,201.11,198.17,201.11,651
2013-08-18,201.11,201.11,198.61,198.93,1294
2013-08-19,198.93,201.66,199.48,200.35,1782
2013-08-20,200.35,202.2,199.48,202.2,807
2013-08-25,202.2,203.84,201.66,202.75,1577
2013-08-26,202.75,202.75,200.57,201.77,1868
2013-08-27,201.77,202.64,200.57,201.99,1193
2013-08-29,201.99,202.31,199.48,199.92,1962
2013-09-01,199.92,200.57,199.48,199.48,787
2013-09-02,199.48,198.93,198.39,198.39,802
2013-09-03,198.39,199.26,196.21,198.39,3564
2013-09-04,198.39,200.57,196.54,198.39,2269
2013-09-05,198.39,198.39,196.1,198.39,3902
2013-09-08,198.39,218.23,202.31,218.23,9905
2013-09-09,218.23,222.26,213.76,214.2,8448
2013-09-10,214.2,214.2,209.94,211.47,5604
2013-09-11,211.47,213.43,211.47,213.43,5974
2013-09-12,213.43,215.29,213.65,214.2,3529
2013-09-15,214.2,217.47,213.65,216.92,9143
2013-09-16,216.92,218.23,216.92,217.57,4647
2013-09-17,217.57,218.34,216.38,218.01,9843
2013-09-19,218.01,217.03,214.2,215.83,2291
2013-09-22,215.83,215.83,212.56,215.29,2397
2013-09-23,215.29,215.29,211.58,214.74,3089
2013-09-24,214.74,216.92,213.76,215.83,4740
2013-09-25,215.83,216.48,215.39,215.83,2790
2013-09-26,215.83,218.01,215.72,215.83,837
2013-09-29,215.83,216.92,214.74,215.29,2802
2013-09-30,215.29,215.83,215.29,215.29,1938
2013-10-01,215.29,219.32,215.18,215.83,2887
2013-10-02,215.83,216.38,212.56,216.16,1303
2013-10-03,216.16,215.83,213.65,215.39,2340
2013-10-06,215.39,215.83,214.74,215.83,1379
2013-10-07,215.83,217.47,215.83,217.14,1594
2013-10-08,217.14,219.1,217.47,219.1,2489
2013-10-09,219.1,219.54,218.01,218.88,2821
2013-10-10,218.88,221.83,219.65,221.28,1255
2013-10-17,221.28,225.1,221.83,225.1,3332
2013-10-20,225.1,234.47,223.46,234.36,8573
2013-10-21,234.36,244.17,231.53,239.81,6354
2013-10-22,239.81,239.81,228.91,234.36,7336
2013-10-23,234.36,235.45,230.11,233.27,2544
2013-10-24,233.27,235.45,230.87,235.45,3527
2013-10-27,235.45,239.92,230.76,239.81,3228
2013-10-28,239.81,243.08,238.83,239.59,5747
2013-10-29,239.59,240.25,238.72,239.92,2987
2013-10-30,239.92,240.47,239.27,239.81,8171
2013-10-31,239.81,240.68,239.27,239.59,5454
2013-11-06,239.59,239.81,238.83,239.16,1535
2013-11-07,239.16,239.7,237.09,237.09,3254
2013-11-10,237.09,239.38,236.54,236.54,1502
2013-11-11,236.54,240.9,234.36,239.92,10578
2013-11-12,239.92,245.26,239.81,240.36,3891
2013-11-13,240.36,244.17,240.36,241.23,8998
2013-11-14,241.23,246.35,239.81,242.97,9683
2013-11-21,242.97,267.17,247.77,267.17,10177
2013-11-24,267.17,279.82,261.61,275.02,7026
2013-11-25,275.02,270.11,259.43,266.74,4977
2013-11-26,266.74,265.97,259.43,260.52,5083
2013-11-27,260.52,260.52,257.8,259.43,1841
2013-11-28,259.43,259.43,254.31,259.43,3395
2013-12-01,259.43,271.97,264.56,269.68,5618
2013-12-02,269.68,272.51,269.24,271.53,5399
2013-12-03,271.53,283.96,271.53,280.69,6324
2013-12-04,280.69,297.04,284.5,295.95,6447
2013-12-05,295.95,305.21,293.77,296.49,9860
2013-12-08,296.49,304.12,294.31,299.76,18668
2013-12-09,374.71,327.02,305.76,312.03,5002
2013-12-10,312.03,312.03,305.21,307.26,1767
2013-12-11,307.26,314.07,307.94,312.03,2056
2013-12-12,312.03,313.39,305.21,305.9,1285
2013-12-15,305.9,313.39,301.94,313.39,1243
2013-12-16,313.39,325.11,314.75,325.11,716
2013-12-18,325.11,328.38,325.11,328.38,900
2013-12-19,328.38,327.02,307.53,326.88,3807
2013-12-22,326.88,327.7,321.16,321.16,3302
2013-12-23,321.16,317.48,305.9,305.9,1786
2013-12-24,305.9,310.66,305.9,307.67,2047
2013-12-26,307.67,316.12,307.94,309.3,4278
2013-12-29,309.3,309.98,302.49,306.58,3809
2013-12-31,306.58,306.58,299.76,301.13,2064
2014-01-01,301.13,297.04,291.86,293.09,433
2014-01-02,293.09,292.95,284.78,289.55,10110
2014-01-05,289.55,289.55,286.14,289.55,5113
2014-01-06,289.55,288.59,285.46,287.5,3381
2014-01-07,287.5,290.91,282.05,289.68,4731
2014-01-08,289.68,297.04,286.14,295.4,2502
2014-01-09,295.4,295.95,289.55,295.95,1115
2014-01-12,295.95,303.17,286.82,303.17,1788
2014-01-13,303.17,307.94,303.17,306.58,1385
2014-01-14,306.58,306.58,302.49,302.49,287
2014-01-16,302.49,303.85,299.63,299.63,163
2014-01-19,299.63,303.85,298.4,301.13,1484
2014-01-20,301.13,299.76,295.13,297.72,1001
2014-01-21,297.72,296.63,286.14,290.09,1824
2014-01-22,290.09,288.18,282.05,284.78,2490
2014-01-23,284.78,286.14,279.33,283.41,1919
2014-01-26,283.41,286.14,277.28,284.09,2305
2014-01-27,284.09,286.82,282.73,282.73,700
2014-01-28,282.73,284.09,277.96,280.28,3039
2014-01-29,280.28,280.69,275.92,279.33,1516
2014-02-02,279.33,280.82,275.24,280.69,3221
2014-02-03,280.69,275.92,271.83,273.74,1729
2014-02-04,273.74,275.24,272.51,274.56,701
2014-02-05,274.56,280.69,273.88,280.69,1667
2014-02-06,280.69,283.0,279.33,283.0,3009
2014-02-09,283.0,286.14,282.73,286.14,884
2014-02-10,286.14,303.44,291.86,293.63,3551
2014-02-11,293.63,290.23,286.14,290.23,2034
2014-02-12,290.23,289.41,284.78,286.41,1982
2014-02-13,286.41,286.55,284.64,285.46,902
2014-02-16,285.46,286.14,282.73,283.41,1096
2014-02-17,283.41,286.14,283.41,284.5,687
2014-02-18,284.5,286.82,284.09,286.82,814
2014-02-20,286.82,291.59,285.87,285.87,466
2014-02-23,285.87,292.95,286.14,287.23,4237
2014-02-24,287.23,291.59,287.09,290.64,2640
2014-02-25,290.64,290.23,286.14,290.23,1845
2014-02-26,290.23,297.04,286.14,292.82,1200
2014-03-03,292.82,290.23,280.55,281.37,1114
2014-03-04,281.37,281.37,269.11,274.56,2767
2014-03-05,274.56,284.78,272.51,284.78,1527
2014-03-06,284.78,279.33,272.65,274.56,1631
2014-03-09,274.56,280.01,271.15,272.51,1254
2014-03-10,272.51,273.19,267.74,269.79,904
2014-03-11,269.79,269.92,267.06,269.65,1671
2014-03-12,269.65,268.43,254.8,266.38,4854
2014-03-13,266.38,262.98,258.89,259.84,2402
2014-03-17,259.84,256.84,250.71,252.76,1944
2014-03-18,252.76,254.12,245.13,245.13,2968
2014-03-19,245.13,255.62,243.9,251.39,5212
2014-03-20,251.39,260.25,250.71,260.25,2633
2014-03-23,260.25,258.21,256.3,256.98,1880
2014-03-24,256.98,264.34,260.25,260.93,1043
2014-03-25,260.93,260.25,256.16,258.89,1319
2014-03-26,258.89,258.21,254.94,255.07,781
2014-03-27,255.07,259.57,255.75,258.89,2287
2014-03-31,258.89,260.39,258.21,258.21,1049
2014-04-01,258.21,261.61,256.16,258.89,2849
2014-04-02,258.89,261.61,258.89,258.89,4093
2014-04-03,258.89,265.7,260.93,265.7,1392
2014-04-06,265.7,272.51,267.74,267.74,438
2014-04-07,267.74,265.7,257.93,265.02,3054
2014-04-09,265.02,267.06,258.89,267.06,1858
2014-04-10,267.06,272.51,267.2,271.01,2242
2014-04-13,271.01,273.74,268.43,271.83,4388
2014-04-15,271.83,272.92,271.83,271.83,572
2014-04-16,271.83,271.29,268.43,271.15,606
2014-04-17,271.15,269.79,264.75,264.75,1617
2014-04-20,264.75,265.7,264.88,265.7,2145
2014-04-21,265.7,265.7,261.61,262.98,1235
2014-04-22,262.98,267.06,262.98,262.98,382
2014-04-23,262.98,264.34,261.34,264.34,699
2014-04-27,264.34,262.98,257.52,258.89,1374
2014-04-28,258.89,261.61,257.52,260.25,1057
2014-04-29,260.25,260.25,260.25,260.25,45
2014-04-30,260.25,264.34,260.25,264.34,326
2014-05-04,264.34,264.34,259.43,263.66,3143
2014-05-05,263.66,267.74,264.34,267.06,1684
2014-05-06,267.06,283.0,272.38,276.6,2557
2014-05-07,276.6,287.64,277.96,277.96,2142
2014-05-08,277.96,275.24,272.51,274.15,1301
2014-05-11,274.15,277.96,271.83,274.28,1554
2014-05-12,274.28,277.96,271.83,274.56,2015
2014-05-13,274.56,276.6,271.15,272.51,1034
2014-05-15,272.51,276.46,267.06,267.06,1801
2014-05-18,267.06,267.74,264.47,265.7,3500
2014-05-19,265.7,265.7,256.43,262.29,4777
2014-05-20,262.29,264.34,259.3,260.93,3836
2014-05-21,260.93,262.43,257.52,260.93,3692
2014-05-22,260.93,262.29,253.3,253.3,21890
2014-05-25,253.3,265.02,243.63,261.89,27558
2014-05-26,261.89,271.01,258.89,271.01,8695
2014-05-27,271.01,267.06,262.29,265.7,5571
2014-05-28,265.7,271.01,264.34,270.47,3993
2014-06-01,270.47,279.33,268.43,277.28,6733
2014-06-02,277.28,281.37,275.24,279.33,8876
2014-06-03,279.33,284.78,280.28,281.91,5985
2014-06-04,281.91,282.73,279.33,282.73,5664
2014-06-05,282.73,282.6,277.28,279.6,4170
2014-06-08,279.6,286.0,279.33,283.14,4816
2014-06-09,283.14,288.18,283.14,287.5,6302
2014-06-10,287.5,292.95,288.18,292.0,6260
2014-06-11,292.0,298.4,290.23,294.31,7131
2014-06-12,294.31,297.72,289.82,294.31,5552
2014-06-15,294.31,323.75,294.31,317.48,9465
2014-06-16,317.48,324.29,315.03,321.97,11146
2014-06-17,321.97,328.79,314.75,321.57,6689
2014-06-18,321.57,322.93,318.16,318.16,2313
2014-06-19,318.16,312.03,308.62,309.3,3475
2014-06-23,309.3,304.53,297.86,299.49,7097
2014-06-24,299.49,307.26,288.46,307.12,4796
2014-06-25,307.12,314.62,306.58,312.03,2781
2014-06-26,312.03,318.16,313.53,313.53,1527
2014-06-29,313.53,318.84,310.66,316.8,4526
2014-06-30,316.8,318.84,313.39,314.75,2748
2014-07-01,314.75,320.88,316.12,318.16,3169
2014-07-02,318.16,320.88,313.39,319.52,4313
2014-07-03,319.52,327.02,320.2,321.57,3317
2014-07-06,321.57,329.74,321.57,325.65,4442
2014-07-07,325.65,333.83,327.02,330.42,3657
2014-07-08,330.42,333.83,327.02,333.83,7731
2014-07-09,333.83,335.19,332.19,332.19,1438
2014-07-10,332.19,340.64,331.1,340.64,3612
2014-07-13,340.64,362.58,343.37,348.0,4717
2014-07-14,348.0,354.95,344.73,347.45,1345
2014-07-15,347.45,346.09,342.69,345.82,2092
2014-07-16,345.82,350.72,342.69,345.41,1482
2014-07-17,345.41,348.14,339.28,344.46,4066
2014-07-20,344.46,358.22,347.45,356.99,3391
2014-07-21,356.99,359.04,352.9,355.63,6600
2014-07-22,355.63,362.03,348.68,362.03,11797
2014-07-23,362.03,365.17,354.27,365.17,2677
2014-07-24,365.17,363.8,355.63,361.35,2761
2014-07-27,361.35,356.99,354.27,354.27,856
2014-07-28,354.27,355.63,348.82,355.63,281
2014-07-30,355.63,355.63,351.0,351.54,1885
2014-07-31,351.54,355.9,349.5,350.32,2070
2014-08-03,350.32,354.27,350.86,351.95,2243
2014-08-04,351.95,348.82,336.55,337.92,1906
2014-08-05,337.92,347.45,340.64,340.64,4958
2014-08-06,340.64,341.32,337.92,339.14,3605
2014-08-07,339.14,340.64,336.55,336.83,2121
2014-08-12,336.83,336.55,329.06,329.06,1179
2014-08-13,329.06,341.32,324.97,333.83,3685
2014-08-14,333.83,347.45,330.42,342.41,3681
2014-08-18,342.41,348.14,339.28,341.32,7582
2014-08-19,341.32,342.14,337.23,337.23,2987
2014-08-20,337.23,337.92,327.02,329.47,5743
2014-08-21,329.47,340.91,309.3,332.6,4752
2014-08-24,332.6,343.37,332.33,336.55,2179
2014-08-25,336.55,343.23,310.66,321.57,4877
2014-08-26,321.57,327.97,302.9,302.9,7014
2014-08-27,302.9,327.02,308.89,322.25,7514
2014-08-28,322.25,344.73,328.38,328.65,7784
2014-08-31,328.65,351.27,335.19,335.46,28055
2014-09-01,335.46,335.19,324.29,327.29,8973
2014-09-03,327.29,339.01,327.02,330.29,6112
2014-09-04,330.29,328.38,323.88,326.61,4050
2014-09-07,326.61,323.61,303.85,303.85,3957
2014-09-09,303.85,325.24,306.58,322.25,2375
2014-09-10,322.25,330.42,316.12,316.12,4288
2014-09-11,316.12,316.12,306.58,307.94,2728
2014-09-14,307.94,311.35,302.49,310.12,3404
2014-09-15,310.12,319.66,307.94,313.39,2930
2014-09-16,313.39,319.66,311.35,316.8,3472
2014-09-17,316.8,320.2,313.39,313.39,3375
2014-09-21,306.17,301.81,295.0,298.4,2116
2014-09-22,298.4,296.36,291.59,296.22,2830
2014-09-23,296.22,309.3,299.08,301.54,2415
2014-09-24,301.54,319.66,306.58,319.39,2407
2014-09-28,319.39,323.61,317.48,319.52,2614
2014-09-29,319.52,330.69,321.57,326.88,4217
2014-09-30,326.88,327.97,321.16,326.33,2574
2014-10-08,326.33,326.2,322.93,322.93,433
2014-10-09,322.93,324.29,318.84,324.29,704
2014-10-12,324.29,321.57,316.12,321.57,1152
2014-10-13,321.57,315.43,306.58,309.57,2487
2014-10-14,309.57,314.75,310.66,312.03,1237
2014-10-15,312.03,318.84,313.12,318.84,845
2014-10-16,318.84,323.61,317.21,318.84,1374
2014-10-19,318.84,316.66,312.71,315.43,2320
2014-10-20,315.43,316.12,313.39,316.12,1595
2014-10-21,316.12,321.7,314.75,316.66,1935
2014-10-22,316.66,322.38,315.3,320.2,1509
2014-10-26,320.2,321.43,320.2,320.2,428
2014-10-27,320.2,323.61,320.07,322.11,185
2014-10-28,322.11,322.11,318.84,320.2,1392
2014-10-30,320.2,323.75,314.21,316.8,2519
2014-11-02,316.8,316.8,310.66,312.03,1073
2014-11-03,312.03,307.26,299.76,299.76,3592
2014-11-04,299.76,301.13,294.31,301.13,2684
2014-11-05,301.13,302.22,295.68,300.58,6995
2014-11-06,300.58,304.53,298.54,302.49,7739
2014-11-09,302.49,306.85,299.76,302.08,11263
2014-11-10,302.08,306.44,297.04,299.76,6328
2014-11-11,299.76,299.76,296.36,299.76,6449
2014-11-12,299.76,300.99,295.68,295.68,11776
2014-11-13,295.62,299.22,294.31,294.31,99
2014-11-16,294.31,288.59,273.06,279.43,2309
2014-11-17,279.43,274.37,263.41,267.34,3945
2014-11-18,267.34,272.57,255.73,272.57,2897
2014-11-19,272.57,279.6,267.17,279.6,2153
2014-11-20,279.6,288.59,277.96,284.34,2401
2014-11-23,284.34,289.9,277.15,284.83,4018
2014-11-24,284.83,281.89,279.6,280.42,2010
2014-11-25,280.42,279.6,272.4,277.31,3089
2014-11-30,277.31,277.96,274.69,274.69,2125
2014-12-01,274.69,278.13,273.06,276.66,3262
2014-12-02,276.66,274.69,267.34,274.69,3265
2014-12-03,274.69,279.6,272.24,272.24,2392
2014-12-04,272.24,281.23,275.84,280.25,3338
2014-12-07,280.25,280.91,277.96,278.13,3015
2014-12-08,278.13,279.11,277.96,279.11,1571
2014-12-09,279.11,281.23,277.96,280.42,2452
2014-12-10,280.42,285.32,275.02,281.23,1666
2014-12-11,281.23,294.31,275.67,294.31,4183
2014-12-14,294.31,318.35,300.2,318.02,864
2014-12-15,318.02,327.02,307.56,318.84,3945
2014-12-16,318.84,318.84,313.12,314.92,3779
2014-12-17,314.92,313.12,306.58,306.58,2618
2014-12-18,306.58,316.88,308.21,316.88,701
2014-12-22,316.88,310.66,298.4,300.2,1715
2014-12-23,300.2,295.95,294.31,294.31,1178
2014-12-24,294.31,303.47,294.31,303.47,3276
2014-12-28,303.47,309.36,303.8,305.76,2045
2014-12-29,305.76,309.03,300.04,306.25,1493
2014-12-31,306.25,303.31,297.58,297.58,2162
2015-01-01,297.58,306.58,300.04,306.58,2383
2015-01-04,306.58,308.87,305.11,307.39,1918
2015-01-05,307.39,310.83,303.31,308.38,2264
2015-01-06,308.38,304.45,302.82,302.82,421
2015-01-07,302.82,310.34,305.76,308.21,1365
2015-01-08,308.21,310.83,307.39,309.03,1201
2015-01-11,309.03,307.56,303.31,303.31,1113
2015-01-12,303.31,303.96,300.85,303.31,490
2015-01-13,303.31,309.03,298.4,309.03,1921
2015-01-14,309.03,309.03,305.11,305.6,643
2015-01-18,305.6,309.68,305.11,309.68,1573
2015-01-19,309.68,333.23,303.63,324.07,22822
2015-01-20,324.07,318.84,315.9,318.84,2981
2015-01-22,318.84,317.21,302.98,317.21,2851
2015-01-25,317.21,320.48,306.74,318.84,2272
2015-01-26,318.84,324.73,318.84,318.84,3083
2015-01-27,318.84,322.76,318.84,322.76,1708
2015-01-28,322.76,330.29,322.76,330.29,4973
2015-01-29,330.29,331.92,325.38,328.98,2342
2015-02-01,328.98,336.83,312.63,335.35,2215
2015-02-02,335.35,337.15,332.41,335.19,5873
2015-02-03,335.19,336.01,328.0,330.45,4156
2015-02-04,330.45,331.1,327.18,328.65,4416
2015-02-05,328.65,330.29,326.2,328.98,3419
2015-02-08,328.98,329.8,327.02,328.65,1634
2015-02-09,328.65,328.65,323.75,325.38,2813
2015-02-10,325.38,326.69,325.38,326.69,1360
2015-02-11,326.69,327.02,326.69,326.69,418
2015-02-12,326.69,327.83,324.56,327.83,2850
2015-02-15,327.83,327.67,326.36,327.02,2124
2015-02-16,327.02,327.02,324.56,326.2,1483
2015-02-19,326.2,324.56,322.93,324.56,1539
2015-02-22,324.56,320.48,315.57,318.35,2341
2015-02-23,318.35,317.21,311.48,317.04,3583
2015-02-24,317.04,318.84,313.12,318.84,499
2015-02-25,318.84,319.17,317.21,319.17,1894
2015-02-26,319.17,320.48,320.48,320.48,65
2015-03-01,314.92,317.21,311.16,315.57,1809
2015-03-02,315.57,315.57,313.94,314.75,6343
2015-03-03,314.75,315.57,313.94,315.57,316
2015-03-04,315.57,320.64,316.39,317.21,1399
2015-03-09,317.21,322.93,318.68,320.64,2158
2015-03-10,320.64,322.44,317.21,317.53,1395
2015-03-11,317.53,320.48,317.21,320.48,855
2015-03-12,320.48,318.02,315.57,318.02,504
2015-03-15,318.02,315.57,313.28,314.75,851
2015-03-16,314.75,313.94,312.3,312.46,681
2015-03-17,312.46,313.94,311.48,311.65,1912
2015-03-18,311.65,313.44,307.39,310.83,1952
2015-03-19,310.83,314.75,310.66,314.75,803
2015-03-22,314.75,313.94,310.66,312.14,2388
2015-03-23,312.14,311.32,308.7,310.66,1911
2015-03-24,310.66,310.66,307.39,310.66,919
2015-03-25,310.66,310.83,304.94,308.54,1876
2015-03-26,308.54,308.54,304.12,305.76,1816
2015-03-29,305.76,307.39,300.85,307.39,794
2015-03-30,307.39,307.72,307.23,307.56,1513
2015-03-31,307.56,309.03,306.58,306.58,808
2015-04-01,306.58,306.58,304.12,306.58,232
2015-04-02,306.58,308.87,303.31,308.87,1601
2015-04-05,308.87,305.76,302.49,304.94,1849
2015-04-06,304.94,307.39,299.22,307.39,719
2015-04-07,307.39,305.76,305.76,305.76,134
2015-04-08,305.76,309.85,304.94,309.85,649
2015-04-09,309.85,315.57,310.66,311.48,633
2015-04-12,311.48,320.48,310.66,317.21,1785
2015-04-13,317.21,315.57,309.85,313.94,1721
2015-04-15,313.94,315.57,309.85,309.85,738
2015-04-16,309.85,318.84,308.21,318.84,1399
2015-04-19,318.84,315.57,309.85,314.75,1956
2015-04-20,314.75,317.21,310.66,317.21,1739
2015-04-21,317.21,315.57,310.66,315.57,6138
2015-04-22,315.57,313.28,313.28,313.28,58
2015-04-23,310.66,311.48,305.76,310.99,2509
2015-05-25,310.99,304.78,279.93,279.93,731
2015-05-26,279.93,277.15,262.1,269.79,7687
2015-05-27,269.79,268.15,259.16,264.07,2258
2015-05-28,264.07,266.84,257.52,261.94,4064
2015-05-31,261.94,281.72,267.17,281.72,2975
2015-06-01,281.72,301.02,286.14,297.42,2683
2015-06-02,297.42,302.49,295.95,302.49,1778
2015-06-03,302.49,311.97,304.12,311.97,1392
2015-06-04,311.97,315.57,307.39,310.66,2197
2015-06-07,310.66,312.46,310.66,312.3,1707
2015-06-08,312.3,317.21,313.12,316.39,478
2015-06-09,316.39,328.65,320.97,328.65,2923
2015-06-10,328.65,327.34,323.75,324.07,3961
2015-06-11,324.07,322.11,317.21,317.21,661
2015-06-14,317.21,321.29,314.1,314.75,1089
2015-06-16,314.75,315.57,310.66,310.66,600
2015-06-17,310.66,310.66,307.56,307.56,2620
2015-06-18,307.56,307.39,307.39,307.39,332
2015-06-21,307.39,306.58,304.12,306.58,436
2015-06-22,305.76,308.21,304.12,306.58,3016
2015-06-23,304.29,307.39,302.65,307.39,2293
2015-06-24,307.39,308.21,307.39,307.56,1352
2015-06-25,308.21,308.21,302.49,308.21,3274
2015-06-28,309.85,310.83,308.38,310.66,911
2015-06-29,310.66,313.94,309.03,311.48,3878
2015-06-30,315.57,315.57,309.36,312.14,2117
2015-07-01,314.75,314.75,310.01,312.14,2457
2015-07-02,310.66,312.3,310.66,311.48,2986
2015-07-05,313.61,313.94,310.83,313.77,2251
2015-07-06,310.66,314.43,310.66,314.43,902
2015-07-07,311.32,315.57,310.99,312.46,3906
2015-07-08,313.28,313.28,311.48,312.3,1567
2015-07-09,313.94,314.26,310.66,313.94,1628
2015-07-12,313.94,316.39,310.66,316.39,2796
2015-07-13,314.75,315.9,311.81,314.59,1398
2015-07-14,314.59,314.75,312.3,313.94,439
2015-07-15,313.28,315.57,313.28,315.57,1266
2015-07-16,315.57,315.57,310.83,312.3,2248
2015-07-22,312.3,314.75,310.66,310.66,3604
2015-07-23,310.66,328.65,310.66,328.65,6999
2015-07-26,328.65,341.89,335.19,341.89,2070
2015-07-27,341.89,376.07,348.6,376.07,46545
2015-07-28,376.07,376.89,359.72,367.89,15694
2015-07-29,367.89,367.89,363.8,366.26,7549
2015-07-30,366.26,383.59,366.26,376.07,5450
2015-08-02,376.07,383.59,376.07,377.7,6054
2015-08-03,377.7,377.7,375.74,377.54,6203
2015-08-04,377.54,377.7,371.33,374.27,6686
2015-08-05,374.27,374.43,372.63,374.27,6523
2015-08-06,372.8,382.61,374.43,376.07,9493
2015-08-09,376.07,392.09,379.34,392.09,7017
2015-08-10,392.09,407.62,395.69,407.13,7210
2015-08-11,407.13,408.77,400.59,403.86,5823
2015-08-12,403.7,405.5,397.32,404.03,4389
2015-08-13,403.05,408.77,398.96,408.61,7919
2015-08-16,411.88,433.3,411.88,424.3,8792
2015-08-17,432.64,449.65,428.88,439.84,14195
2015-08-18,441.47,455.21,431.17,441.47,14079
2015-08-19,441.63,442.94,434.93,439.84,7336
2015-08-20,448.01,456.84,439.84,440.65,8915
2015-08-23,438.2,444.58,430.03,436.57,7495
2015-08-24,438.2,438.2,425.12,426.76,7472
2015-08-25,425.12,425.12,419.56,421.69,2958
2015-08-26,421.85,422.67,417.76,417.93,1184
2015-08-27,423.49,427.57,420.22,421.85,5228
2015-08-31,421.85,425.12,421.85,424.96,5198
2015-09-01,424.96,426.1,420.22,421.69,4880
2015-09-02,416.94,416.94,401.58,405.5,5980
2015-09-03,405.5,409.59,401.25,403.05,7315
2015-09-06,398.14,404.68,392.42,400.59,7695
2015-09-07,405.5,410.4,405.5,408.61,6420
2015-09-08,416.62,416.62,413.18,413.84,5434
2015-09-09,415.31,416.94,410.57,410.57,2291
2015-09-10,411.22,411.22,408.12,408.77,3357
2015-09-13,413.67,413.67,408.77,409.59,3986
2015-09-14,417.76,430.03,417.76,421.52,5240
2015-09-15,429.86,437.22,427.74,437.22,7770
2015-09-16,443.11,444.74,435.75,437.38,8423
2015-09-17,446.05,445.56,431.66,431.66,7164
2015-09-22,425.28,425.28,407.13,410.4,6135
2015-09-23,418.58,443.11,418.58,425.12,4063
2015-09-24,426.76,426.76,416.94,421.03,2943
2015-09-28,412.86,412.69,396.51,407.3,7147
2015-09-29,415.31,416.94,413.67,415.31,1860
2015-09-30,418.58,421.85,416.94,418.58,3841
2015-10-01,418.58,421.69,416.94,416.94,4485
2015-10-04,421.2,425.12,420.22,420.22,3832
2015-10-05,411.88,411.88,392.42,398.96,8896
2015-10-06,392.58,394.87,391.11,391.6,5150
2015-10-07,390.78,390.78,378.52,384.24,4895
2015-10-08,384.24,398.96,376.07,398.14,8804
2015-10-11,402.23,405.5,388.33,388.33,5062
2015-10-14,391.6,392.09,384.24,388.33,1262
2015-10-15,385.88,385.88,385.06,385.88,645
2015-10-18,384.24,385.55,384.24,385.55,635
2015-10-19,385.06,397.32,383.43,392.42,1322
2015-10-25,385.22,385.22,385.22,385.22,200
2015-10-27,382.61,382.61,372.8,373.62,2207
2015-10-28,365.44,371.16,358.08,366.26,4705
2015-10-29,366.58,374.43,366.58,372.63,3741
2015-11-01,372.63,376.07,367.89,371.98,3800
2015-11-02,374.43,380.97,374.43,377.7,2382
2015-11-03,376.07,374.27,370.51,370.51,831
2015-11-04,371.16,372.8,371.16,372.8,1000
2015-11-05,369.53,369.53,367.89,367.89,1347
2015-11-08,366.26,368.06,363.8,367.73,1418
2015-11-09,374.43,379.34,371.16,372.8,2009
2015-11-10,376.07,379.34,376.07,377.7,850
2015-11-15,372.8,376.89,371.98,376.89,911
2015-11-16,374.43,374.43,371.98,374.11,628
2015-11-18,378.52,378.52,376.07,377.54,1524
2015-11-19,376.07,376.07,374.11,374.11,1574
2015-11-22,367.89,368.71,359.72,360.53,2830
2015-11-23,356.45,361.35,343.37,361.35,1707
2015-11-24,359.72,361.35,354.81,356.45,3418
2015-11-25,353.18,353.18,347.45,348.27,1678
2015-11-26,348.27,348.27,336.83,343.37,4339
2015-11-29,343.37,343.37,327.02,330.29,7340
2015-11-30,336.83,341.73,334.54,341.57,3522
2015-12-01,341.73,362.99,348.44,359.72,2984
2015-12-02,366.91,367.89,356.61,367.57,6332
2015-12-03,360.53,376.07,360.53,376.07,9386
2015-12-04,289.25,300.85,294.15,297.42,2215
2015-12-07,393.24,414.49,393.24,402.8,3087
2015-12-08,397.49,403.86,394.94,403.86,670
2015-12-09,405.99,412.37,405.99,412.37,2083
2015-12-10,412.37,412.37,403.86,403.86,1769
2015-12-13,399.83,404.5,399.83,404.5,1240
2015-12-14,401.74,401.74,399.61,401.74,1024
2015-12-15,399.61,401.74,395.36,399.61,1870
2015-12-16,393.24,396.42,393.24,394.09,1084
2015-12-17,395.36,395.36,384.73,391.54,17060
2015-12-20,391.54,391.96,385.8,388.99,2620
2015-12-21,388.99,387.92,382.61,382.61,3696
2015-12-22,384.1,391.32,382.61,391.11,11125
2015-12-23,391.11,391.11,382.61,387.07,4272
2015-12-24,384.95,388.99,384.73,385.8,10147
2015-12-25,382.61,386.86,382.61,382.61,6169
2015-12-28,382.61,386.86,382.61,386.86,3102
2015-12-29,386.86,394.09,386.86,393.87,2077
2015-12-31,394.3,397.49,394.3,395.36,1657
2016-01-03,393.24,395.36,387.92,391.11,2053
2016-01-04,391.11,393.24,382.61,382.61,2496
2016-01-05,382.61,388.77,382.18,383.03,4394
2016-01-06,383.03,384.31,381.55,381.55,2708
2016-01-07,382.82,385.8,382.61,385.8,2329
2016-01-10,385.8,387.92,384.73,386.86,1164
2016-01-11,390.05,390.05,386.86,388.13,3689
2016-01-12,388.99,388.99,386.86,388.99,1925
2016-01-13,388.99,388.99,385.58,385.58,3603
2016-01-14,388.99,395.36,386.86,393.24,5613
2016-01-17,397.49,403.65,397.49,401.74,3703
2016-01-18,408.97,417.68,408.12,409.6,9726
2016-01-19,403.86,410.24,399.61,408.12,1608
2016-01-20,408.12,411.3,407.05,408.33,3643
2016-01-21,408.33,408.12,404.93,404.93,2078
2016-01-24,404.93,405.99,400.04,402.8,2193
2016-01-25,407.9,408.12,403.86,407.05,4535
2016-01-26,408.12,404.71,401.31,403.44,3551
2016-01-27,403.44,403.86,400.46,400.68,2929
2016-01-28,401.74,403.65,399.61,401.74,2050
2016-01-31,403.86,403.86,399.61,401.74,3302
2016-02-01,401.74,408.75,402.16,404.93,3476
2016-02-02,409.18,410.03,401.74,403.86,3778
2016-02-03,403.86,404.93,402.59,403.86,2036
2016-02-04,404.93,411.3,404.93,407.48,4192
2016-02-07,407.48,418.74,410.24,411.3,4515
2016-02-08,411.3,411.3,407.05,407.9,3886
2016-02-11,407.9,410.24,403.86,406.42,3387
2016-02-14,404.08,404.08,401.74,403.86,4307
2016-02-15,399.61,403.86,398.55,403.86,2053
2016-02-16,403.86,401.74,399.61,399.61,1449
2016-02-17,399.61,400.89,399.19,400.89,5273
2016-02-18,400.89,403.44,401.1,402.38,3228
2016-02-21,402.38,409.18,402.38,405.35,4217
2016-02-22,403.86,420.02,403.86,415.56,4212
2016-02-23,415.56,421.93,412.37,414.49,5681
2016-02-24,414.49,416.62,407.05,407.05,4195
2016-02-25,398.98,409.18,398.98,408.33,4285
2016-02-28,408.33,410.03,408.12,408.12,2725
2016-02-29,408.12,408.12,403.86,405.14,5612
2016-03-01,403.86,407.05,403.86,403.86,4458
2016-03-02,404.71,405.35,403.86,403.86,7900
2016-03-03,404.93,405.35,401.95,403.86,5331
2016-03-06,409.18,410.67,405.78,405.78,6376
2016-03-10,409.18,409.18,401.74,403.86,5309
2016-03-13,403.86,404.93,402.8,404.71,6881
2016-03-14,405.99,405.99,402.8,402.8,2691
2016-03-15,403.86,403.86,399.61,401.74,2344
2016-03-16,401.74,404.93,400.68,402.8,4862
2016-03-17,401.1,405.78,401.1,403.86,4783
2016-03-20,403.86,407.9,403.86,405.99,6955
2016-03-21,411.94,411.94,405.99,407.9,5128
2016-03-23,408.12,410.24,407.69,409.18,9561
2016-03-24,409.18,422.14,410.24,421.93,19150
2016-03-27,421.93,449.56,422.99,448.71,24872
2016-03-28,448.71,467.63,448.71,450.63,21421
2016-03-29,444.25,450.63,439.79,446.16,12316
2016-03-30,446.16,448.5,444.04,444.25,9623
2016-03-31,444.25,446.16,435.75,437.87,6321
2016-04-03,437.87,438.94,426.82,434.47,16615
2016-04-04,434.47,441.06,434.47,438.94,6426
2016-04-05,444.25,448.5,442.13,444.46,9382
2016-04-06,444.46,447.44,442.55,444.68,6587
2016-04-10,444.68,446.16,442.13,444.25,6121
2016-04-11,444.25,446.38,441.06,446.38,5118
2016-04-12,446.38,449.56,445.31,448.5,12264
2016-04-14,448.5,450.84,448.5,450.63,16535
2016-04-17,453.39,453.39,449.56,450.41,16462
2016-04-18,450.41,462.11,450.63,461.26,19064
2016-04-19,461.26,474.86,466.78,467.63,20539
2016-04-20,467.63,484.64,476.13,480.39,12612
2016-04-21,480.39,480.6,471.88,476.35,10389
2016-04-24,476.35,480.6,475.07,478.47,23129
2016-04-25,478.47,480.39,474.22,480.39,12157
2016-04-26,480.39,479.96,474.01,475.07,6028
2016-04-27,475.07,474.86,468.7,474.43,5481
2016-04-28,474.43,480.39,475.28,475.5,6911
2016-05-02,475.5,489.53,478.26,489.31,13851
2016-05-03,489.31,493.14,484.85,484.85,7205
2016-05-04,484.85,482.51,478.47,480.39,7234
2016-05-05,480.39,476.99,467.63,474.43,11076
2016-05-08,474.43,487.83,480.39,482.51,17095
2016-05-09,481.45,486.76,481.45,484.64,11426
2016-05-10,484.64,485.49,480.81,482.3,5672
2016-05-11,482.3,482.3,476.35,482.3,6580
2016-05-12,481.45,481.45,478.26,478.69,1994
2016-05-15,478.26,480.39,475.5,475.5,6561
2016-05-16,475.5,477.84,473.16,473.37,4570
2016-05-17,466.57,482.51,466.57,482.51,6183
2016-05-18,482.51,482.51,480.39,482.51,7071
2016-05-19,482.51,487.61,480.39,484.85,12779
2016-05-22,484.85,486.76,482.51,483.15,8195
2016-05-23,483.15,485.91,483.57,483.57,17102
2016-05-24,483.57,492.08,479.32,491.01,22878
2016-05-25,491.01,497.39,479.32,484.64,17473
2016-05-26,484.64,487.83,474.01,482.72,21199
2016-05-29,482.72,483.57,478.47,482.09,8274
2016-05-30,482.09,480.39,474.65,476.35,5929
2016-05-31,476.35,480.39,469.97,471.88,14443
2016-06-01,471.88,474.01,467.63,471.88,13154
2016-06-02,471.88,471.88,465.51,469.33,7999
2016-06-05,469.33,468.7,457.0,457.0,9695
2016-06-06,457.0,467.63,461.26,466.57,5723
2016-06-07,467.63,476.13,467.63,475.07,2553
2016-06-08,475.07,476.35,472.95,476.35,3432
2016-06-09,476.35,476.35,473.8,475.92,6121
2016-06-12,475.92,501.64,467.63,497.6,10137
2016-06-13,497.6,517.16,484.85,491.01,11973
2016-06-14,491.23,495.27,484.64,484.64,13714
2016-06-15,488.89,491.01,484.64,486.55,4013
2016-06-16,486.55,488.46,484.64,487.83,6768
2016-06-19,487.83,488.68,480.39,483.57,2634
2016-06-20,483.57,488.89,483.57,483.79,5110
2016-06-21,483.79,487.83,483.57,485.91,7090
2016-06-22,495.27,495.27,486.76,490.59,8859
2016-06-23,490.59,505.89,485.7,497.39,15451
2016-06-26,497.39,512.7,499.52,510.14,17602
2016-06-27,510.14,522.9,510.14,520.77,26477
2016-06-28,520.77,533.31,520.77,525.24,17785
2016-06-29,525.24,529.27,520.77,520.77,5774
2016-06-30,520.77,516.95,506.32,512.27,7877
2016-07-03,512.27,510.99,507.81,510.14,7898
2016-07-04,510.14,510.14,505.89,509.08,5504
2016-07-05,510.14,510.14,503.98,505.89,9924
2016-07-06,508.02,509.93,503.77,504.83,7384
2016-07-10,504.83,511.84,506.32,509.08,12007
2016-07-11,509.08,510.14,501.64,505.89,4852
2016-07-12,505.89,506.32,478.26,502.28,11880
2016-07-13,502.28,497.39,484.85,495.27,6603
2016-07-14,495.27,509.51,494.2,498.24,8541
2016-07-17,498.24,509.08,498.45,503.77,7199
2016-07-18,503.77,513.76,503.77,507.81,12061
2016-07-19,514.4,520.77,508.02,513.33,16715
2016-07-20,515.46,523.54,512.48,514.4,14158
2016-07-21,514.4,519.71,510.14,515.46,8852
2016-07-25,515.46,527.15,517.58,522.9,10227
2016-07-26,522.9,531.4,519.71,520.77,15494
2016-07-27,520.77,527.15,520.77,524.17,13182
2016-07-28,524.17,531.4,517.58,523.96,16728
2016-07-31,523.96,530.34,503.34,523.54,9411
2016-08-01,523.54,525.02,514.4,520.98,4693
2016-08-02,520.98,518.65,510.14,518.65,2757
2016-08-03,518.65,512.7,505.04,506.96,5966
2016-08-04,506.96,506.96,493.14,497.82,7256
2016-08-07,497.82,509.93,497.39,498.45,6957
2016-08-08,498.45,492.29,476.13,476.13,5806
2016-08-09,485.49,495.05,485.49,495.05,100
2016-08-10,504.83,514.4,486.76,499.52,10863
2016-08-11,509.51,509.51,497.39,501.64,6065
2016-08-14,501.64,510.14,493.35,494.41,9548
2016-08-15,487.83,488.89,468.7,481.45,6011
2016-08-16,478.26,486.76,470.82,485.7,5042
2016-08-17,486.76,489.95,483.57,486.76,5701
2016-08-21,488.89,491.01,484.64,486.76,4223
2016-08-22,484.64,488.89,481.45,484.0,5345
2016-08-23,488.89,486.76,482.51,486.55,4326
2016-08-24,488.89,489.95,484.64,488.89,5288
2016-08-28,497.39,497.39,483.36,494.2,7682
2016-08-29,496.33,505.89,493.14,493.14,10886
2016-08-30,499.52,505.89,499.52,503.34,3240
2016-08-31,499.52,502.49,497.39,501.64,4905
2016-09-01,501.85,505.26,499.52,502.7,5878
2016-09-04,504.19,514.4,504.19,511.84,4415
2016-09-05,522.05,526.94,520.77,525.45,9127
2016-09-06,525.02,530.34,509.08,520.77,9151
2016-09-07,531.19,541.6,520.77,524.6,54493
2016-09-08,523.32,524.81,516.52,518.22,15550
2016-09-11,514.4,518.65,510.14,512.27,7702
2016-09-12,511.21,511.21,504.83,508.02,10027
2016-09-14,518.01,520.77,510.14,512.48,25405
2016-09-18,516.52,516.52,501.64,503.56,24822
2016-09-20,508.02,508.02,497.39,499.52,75157
2016-09-22,499.6,497.39,483.57,487.72,16998
2016-09-25,499.6,497.39,483.57,487.72,16998
2016-09-26,467.27,492.14,465.61,492.14,6711
2016-09-27,493.25,493.25,486.34,488.55,6462
2016-09-28,489.1,489.1,485.51,487.44,2686
2016-09-29,487.72,496.84,486.34,495.18,7195
2016-10-02,497.39,497.39,491.86,491.86,9133
2016-10-03,496.01,497.39,492.42,494.07,3604
2016-10-04,496.01,499.88,496.01,497.39,10545
2016-10-05,500.15,500.15,491.86,494.63,4046
2016-10-06,494.9,497.39,491.86,491.86,6546
2016-10-16,491.86,497.39,486.34,489.1,2605
2016-10-17,481.64,491.86,481.64,490.21,4532
2016-10-18,490.21,497.39,482.47,494.35,4476
2016-10-19,494.35,496.01,492.14,494.63,3025
2016-10-20,491.86,494.63,490.48,493.25,4051
2016-10-23,493.25,493.25,486.89,487.72,8690
2016-10-24,489.1,489.1,480.81,480.81,10127
2016-10-25,480.81,481.09,470.31,477.77,2830
2016-10-26,481.92,481.92,471.14,480.81,6550
2016-10-27,478.05,484.96,478.05,484.96,3259
2016-11-03,486.34,496.01,486.34,486.34,5932
2016-11-07,486.34,486.34,479.43,480.53,4023
2016-11-08,480.81,485.78,473.07,476.67,3671
2016-11-09,468.38,474.18,462.85,471.97,5692
2016-11-10,469.76,472.52,468.93,469.76,8482
2016-11-13,466.99,475.28,466.99,470.59,9265
2016-11-14,470.59,478.05,470.59,475.84,4633
2016-11-15,473.07,476.67,472.52,474.18,4705
2016-11-16,475.56,475.56,468.38,468.38,6094
2016-11-17,471.14,471.14,458.7,461.47,8823
2016-11-20,452.35,455.94,441.02,450.97,8592
2016-11-21,447.65,464.23,443.51,451.8,5441
2016-11-22,451.8,457.32,443.51,450.41,7277
2016-11-23,449.31,449.31,441.02,442.13,8590
2016-11-24,443.51,444.89,439.09,440.74,6007
2016-11-27,437.43,438.81,425.55,429.69,4670
2016-11-28,421.4,453.18,400.68,451.8,10412
2016-11-29,453.45,457.32,442.13,457.32,7847
2016-11-30,453.18,469.76,453.18,467.27,7451
2016-12-01,469.76,479.15,456.49,462.57,7265
2016-12-04,458.7,461.47,442.13,461.47,4200
2016-12-05,458.7,466.99,444.89,452.9,2489
2016-12-06,450.41,455.94,447.1,452.63,2942
2016-12-07,453.18,453.18,449.03,451.52,944
2016-12-08,447.93,451.8,446.55,450.41,2418
2016-12-11,446.27,446.27,442.13,442.13,2229
2016-12-12,442.13,443.51,439.36,439.36,3275
2016-12-14,442.13,443.51,435.22,436.6,3618
2016-12-15,435.22,441.02,432.45,437.15,3144
2016-12-18,439.36,439.36,432.45,435.22,2536
2016-12-19,436.6,436.87,434.11,436.6,6814
2016-12-20,436.6,436.87,432.45,433.84,4956
2016-12-21,428.31,431.35,422.78,423.61,2243
2016-12-22,425.55,425.55,421.12,422.78,4389
2016-12-26,416.15,419.47,414.49,416.7,5860
2016-12-27,409.79,414.49,392.66,408.69,3491
2016-12-28,408.97,410.35,400.68,407.58,6181
2016-12-29,410.35,419.74,409.24,419.74,3186
2017-01-01,428.03,427.76,421.4,422.78,3097
2017-01-02,428.31,428.31,421.4,426.65,10617
2017-01-03,421.4,428.31,421.4,421.4,5907
2017-01-04,421.4,422.51,418.64,418.64,1430
2017-01-05,417.26,420.02,414.49,415.87,4175
2017-01-08,414.49,417.26,413.11,417.26,2781
2017-01-09,420.02,422.51,417.26,419.74,1389
2017-01-10,421.4,428.59,421.4,424.99,3248
2017-01-11,431.07,432.45,425.55,432.45,4054
2017-01-12,432.45,432.45,427.2,431.07,1982
2017-01-15,427.76,428.31,422.78,425.55,2316
2017-01-16,425.55,425.55,415.87,416.7,5298
2017-01-17,415.87,421.4,414.49,415.87,3743
2017-01-18,411.73,417.81,411.73,415.6,5013
2017-01-19,417.26,418.64,414.49,414.49,3585
2017-01-22,414.49,418.64,414.49,416.15,2713
2017-01-23,418.64,418.91,414.49,414.49,2874
2017-01-24,412.01,414.49,409.24,410.9,2963
2017-01-25,403.16,403.16,394.04,398.19,7828
2017-01-26,392.39,399.29,386.86,395.7,4524
2017-01-30,393.77,393.77,373.04,377.19,6198
2017-01-31,369.73,384.1,360.33,384.1,7174
2017-02-01,386.86,400.68,386.86,398.47,5711
2017-02-02,406.2,410.35,397.91,402.06,5462
2017-02-05,398.19,408.97,390.18,403.44,4887
2017-02-06,402.06,402.06,392.39,392.39,3203
2017-02-07,392.94,392.94,386.86,388.24,7394
2017-02-08,392.39,392.39,381.89,385.48,6077
2017-02-09,384.1,384.37,378.57,378.57,4797
2017-02-12,371.11,371.11,357.85,360.61,11250
2017-02-13,360.61,381.33,352.32,378.57,10589
2017-02-14,378.57,379.95,371.94,375.81,8847
2017-02-15,383.27,390.18,378.57,390.18,6199
2017-02-16,395.98,402.89,391.0,401.78,7357
2017-02-19,403.44,414.49,394.32,413.39,7010
2017-02-20,419.74,428.03,417.26,419.19,6929
2017-02-21,428.31,428.31,413.11,418.64,7723
2017-02-22,412.01,415.87,407.58,410.35,1883
2017-02-23,410.35,410.35,404.82,406.48,2710
2017-02-26,406.2,406.2,388.24,388.24,4770
2017-02-28,386.86,386.86,380.5,385.48,4357
2017-03-01,386.86,388.79,383.54,386.86,8356
2017-03-02,387.41,392.66,387.14,392.39,3487
2017-03-05,385.48,403.72,385.48,400.68,5909
2017-03-06,403.44,406.2,400.95,405.93,3287
2017-03-07,397.91,400.68,393.49,396.53,4045
2017-03-09,398.47,404.27,396.81,396.81,3014
2017-03-13,397.91,403.44,396.53,402.06,2366
2017-03-14,403.99,404.82,397.91,400.4,1385
2017-03-15,392.66,400.4,392.66,397.91,1235
2017-03-16,395.43,400.4,395.43,397.91,3233
2017-03-19,397.91,399.57,395.15,397.91,4640
2017-03-20,399.29,404.82,397.91,403.44,10234
2017-03-21,405.65,407.58,400.68,407.58,7625
2017-03-22,408.97,424.99,408.97,409.24,12277
2017-03-23,411.73,414.22,404.82,406.2,8543
2017-03-26,414.22,422.51,408.97,414.49,14931
2017-03-28,414.49,436.87,422.51,435.22,9939
2017-03-29,435.22,443.78,428.31,433.84,18088
2017-03-30,433.84,433.84,425.82,428.31,9746
2017-04-02,436.6,439.64,431.07,436.32,8810
2017-04-03,444.89,474.18,428.31,435.77,15195
2017-04-04,440.47,440.47,428.31,436.6,8995
2017-04-06,436.6,436.6,429.97,433.84,5503
2017-04-09,435.22,437.98,425.27,433.28,4935
2017-04-10,431.07,435.22,428.31,435.22,8280
2017-04-11,441.57,449.86,439.91,442.13,9167
2017-04-12,450.97,451.8,439.91,446.27,8132
2017-04-13,437.98,442.13,432.45,439.36,4916
2017-04-16,432.45,439.36,425.55,429.97,2911
2017-04-18,425.55,429.97,418.64,418.64,2972
2017-04-19,418.64,426.93,414.49,425.55,3753
2017-04-20,425.55,433.84,425.55,428.59,4148
2017-04-23,437.15,455.94,436.6,442.13,7375
2017-04-24,436.6,442.13,435.22,440.74,4041
2017-04-25,433.84,441.02,433.84,439.36,3009
2017-04-26,433.84,436.32,432.45,434.94,2038
2017-04-27,436.6,436.87,430.24,436.6,3571
2017-04-30,428.31,436.6,426.93,426.93,6533
2017-05-02,425.55,426.93,424.16,424.16,2341
2017-05-03,432.45,441.02,431.07,433.56,3461
2017-05-04,433.84,433.84,428.86,431.07,2743
2017-05-07,431.07,431.07,421.4,424.16,3218
2017-05-08,432.18,432.18,420.02,425.55,2702
2017-05-09,425.55,436.6,428.31,431.07,2023
2017-05-11,431.62,433.84,431.07,431.07,2672
2017-05-15,435.22,435.77,431.07,431.07,3167
2017-05-16,431.07,431.07,424.44,430.52,1888
2017-05-17,430.52,431.07,428.31,431.07,2503
2017-05-18,431.07,432.45,425.55,429.41,5123
2017-05-21,424.16,431.07,424.16,428.31,1204
2017-05-22,426.93,430.8,424.16,424.99,1271
2017-05-23,428.03,431.07,425.55,428.31,3558
2017-05-24,428.31,430.24,425.82,430.24,3326
2017-05-28,428.31,429.14,424.16,424.99,4688
2017-05-30,423.06,426.93,414.22,414.49,4117
2017-05-31,414.22,418.64,411.73,414.49,5049
2017-06-01,416.15,421.4,413.11,414.49,8966
2017-06-04,414.77,414.77,406.2,408.97,8738
2017-06-05,416.98,416.98,408.97,414.49,3695
2017-06-06,422.78,422.78,414.49,419.74,8003
2017-06-07,425.55,425.55,418.36,418.64,10804
2017-06-08,415.87,418.64,414.49,417.81,3132
2017-06-11,417.81,417.81,406.2,407.03,6190
2017-06-12,400.95,408.69,400.95,403.44,9507
2017-06-13,403.44,408.69,402.06,403.44,5712
2017-06-14,403.44,403.44,400.68,401.23,10596
2017-06-15,403.44,415.6,402.89,408.97,4356
2017-06-18,408.97,408.97,401.5,403.16,3120
2017-06-19,403.44,403.44,399.29,401.23,6395
2017-06-20,400.95,402.06,396.81,398.47,4585
2017-06-21,400.68,403.44,400.68,403.44,3699
2017-06-22,410.07,410.07,400.95,401.23,3172
2017-06-25,407.58,411.73,404.82,411.45,3963
2017-06-27,413.11,414.22,410.35,412.01,3543
2017-06-28,414.49,414.49,410.35,414.22,4402
2017-07-02,414.22,414.22,403.44,408.69,3363
2017-07-03,408.69,408.97,406.2,407.58,2096
2017-07-04,408.69,408.69,406.76,407.86,2778
2017-07-05,407.86,410.35,407.58,407.58,2783
2017-07-06,407.58,414.49,407.58,414.49,3154
2017-07-09,414.49,421.4,411.73,414.49,6988
2017-07-10,415.87,415.87,411.73,412.56,6071
2017-07-11,414.49,417.26,414.49,416.15,3583
2017-07-12,417.26,420.02,417.26,419.74,2244
2017-07-13,418.64,421.4,417.81,420.85,2709
2017-07-16,418.64,422.78,414.49,422.78,2912
2017-07-17,425.55,441.85,425.55,441.3,11170
2017-07-18,442.13,455.94,441.85,452.63,12310
2017-07-19,460.92,461.47,455.94,458.15,12595
2017-07-20,461.19,461.47,457.6,458.15,6554
2017-07-23,460.09,460.09,450.41,451.8,4811
2017-07-24,453.18,455.94,442.13,444.89,4650
2017-07-25,447.65,447.65,444.06,445.44,5546
2017-07-26,445.72,454.01,445.44,447.65,3897
2017-07-27,449.03,453.18,449.03,449.59,4790
2017-07-30,444.89,450.41,444.89,447.65,3503
2017-07-31,449.31,450.14,447.65,448.2,3329
2017-08-01,450.41,453.73,449.03,451.8,3486
2017-08-02,453.18,453.18,450.41,452.63,4095
2017-08-03,452.63,462.85,456.49,460.64,15706
2017-08-06,469.76,478.88,469.76,477.5,18127
2017-08-07,486.89,489.93,483.57,488.55,17674
2017-08-09,490.48,496.84,490.48,491.86,12288
2017-08-10,491.59,491.59,479.71,485.78,10168
2017-08-13,486.89,488.82,482.19,483.57,9970
2017-08-15,481.09,483.3,475.28,475.28,5048
2017-08-16,476.67,479.43,473.35,474.73,7982
2017-08-17,474.73,483.85,472.52,479.98,10056
2017-08-20,480.81,486.34,478.6,479.43,5888
2017-08-21,478.05,478.05,473.9,475.28,3081
2017-08-22,475.28,478.05,474.46,477.77,5422
2017-08-23,478.05,480.81,478.05,478.05,4741
2017-08-24,478.05,478.05,474.73,477.77,4183
2017-08-27,477.77,500.15,484.96,488.27,31262
2017-08-28,490.48,497.11,485.78,488.0,20703
2017-08-30,487.72,489.1,475.84,479.98,11486
2017-08-31,479.98,483.57,469.48,469.76,13665
2017-09-04,470.03,470.03,453.18,460.09,13365
2017-09-06,461.47,473.9,461.47,468.1,19799
2017-09-07,469.76,469.76,462.85,463.4,28839
2017-09-10,464.23,466.44,450.97,451.52,29951
2017-09-11,453.18,455.94,445.72,450.41,63239
2017-09-12,450.47,443.64,427.84,427.84,16172
2017-09-13,420.65,427.48,420.3,425.68,6694
2017-09-14,431.79,434.66,427.12,432.87,9574
2017-09-17,434.66,450.83,434.66,447.24,8537
2017-09-18,450.83,456.22,450.83,454.06,6829
2017-09-20,457.65,457.65,450.47,450.47,5611
2017-09-24,449.39,452.63,446.16,450.47,8497
2017-09-25,454.06,454.42,451.91,452.63,2474
2017-09-26,454.42,454.42,449.39,453.7,6134
2017-10-03,449.03,454.42,446.52,454.42,1586
2017-10-04,452.63,455.86,447.24,447.24,5471
2017-10-08,447.24,447.24,431.07,436.46,5817
2017-10-09,440.05,440.05,431.07,432.87,6902
2017-10-10,431.07,435.02,427.48,433.23,2185
2017-10-11,432.87,434.31,430.71,431.07,5616
2017-10-12,432.87,432.87,429.28,431.07,6092
2017-10-15,435.38,437.9,431.07,437.9,1432
2017-10-16,440.05,461.61,438.26,459.81,6273
2017-10-17,463.4,463.76,454.42,457.3,6476
2017-10-18,456.22,459.81,454.06,458.73,4812
2017-10-22,459.81,461.61,456.22,456.94,1070
2017-10-23,456.94,459.81,452.63,454.42,1708
2017-10-24,454.42,456.22,449.39,451.55,2908
2017-10-25,454.42,454.42,443.64,443.64,2350
2017-10-29,445.44,445.44,440.05,441.85,2416
2017-10-30,438.26,443.29,438.26,440.77,5881
2017-10-31,440.05,440.05,434.66,437.9,4315
2017-11-01,443.64,443.64,438.26,438.26,3253
2017-11-02,434.66,441.85,433.95,436.46,7706
2017-11-05,434.66,434.66,428.92,432.15,7767
2017-11-06,432.15,431.07,423.89,427.48,5666
2017-11-07,427.84,429.28,422.09,423.53,9207
2017-11-08,423.53,423.89,418.5,418.5,4291
2017-11-09,418.5,418.5,405.93,405.93,18364
2017-11-12,405.93,413.11,402.69,413.11,10024
2017-11-13,413.11,418.5,413.11,417.06,10925
2017-11-14,418.5,431.07,417.78,431.07,11066
2017-11-15,431.07,433.95,429.99,431.07,8902
2017-11-16,431.07,431.07,423.89,426.76,4677
2017-11-19,424.61,431.07,419.58,419.58,2558
2017-11-20,415.63,415.63,409.52,409.52,11937
2017-11-21,405.93,417.42,405.93,411.31,4337
2017-11-22,418.14,419.58,416.7,418.86,3050
2017-11-23,418.86,422.09,418.86,418.86,5085
2017-11-26,418.86,423.89,420.3,422.09,7461
2017-11-27,423.89,425.32,416.7,418.5,7045
2017-11-28,418.5,423.89,418.5,423.17,5031
2017-11-29,423.89,427.48,423.89,423.89,11254
2017-11-30,423.89,427.48,420.3,423.53,8116
2017-12-04,424.25,424.25,418.86,418.86,4406
2017-12-05,420.3,420.3,414.91,420.3,4113
2017-12-06,420.3,423.89,418.5,419.58,4018
2017-12-10,420.3,422.45,414.91,418.14,9654
2017-12-11,418.5,419.22,413.83,419.22,2773
2017-12-12,418.14,420.3,414.19,416.7,950
2017-12-13,416.7,416.7,414.91,415.27,2013
2017-12-14,416.7,419.94,416.34,419.94,372
2017-12-17,416.7,416.7,413.11,415.63,3691
2017-12-18,416.7,418.14,416.7,416.7,1545
2017-12-19,414.91,417.06,414.91,414.91,2366
2017-12-20,413.11,416.7,411.31,414.91,2665
2017-12-21,418.5,416.7,411.31,412.75,4245
2017-12-24,413.11,414.91,412.39,413.11,4231
2017-12-26,413.11,414.91,405.93,411.31,2029
2017-12-27,405.93,410.6,405.93,407.36,2831
2017-12-28,404.13,405.57,389.76,391.56,15690
2017-12-31,391.56,391.56,364.62,366.41,19263
2018-01-01,366.41,382.58,366.41,382.58,15122
2018-01-02,382.58,395.51,382.58,387.96,24418
2018-01-03,395.15,395.15,377.19,378.98,12532
2018-01-04,380.78,388.32,380.42,387.96,7265
2018-01-07,386.53,391.56,385.81,388.32,8667
2018-01-08,391.2,394.07,387.96,391.2,14120
2018-01-09,391.2,395.15,391.2,391.56,9727
2018-01-10,392.63,392.63,384.37,384.37,12309
2018-01-14,383.29,385.45,378.98,382.58,9390
2018-01-16,382.94,382.94,368.21,370.0,22276
2018-01-17,368.57,375.39,362.82,373.24,20617
2018-01-21,371.8,375.39,368.21,373.24,12003
2018-01-22,373.6,374.67,371.08,373.24,11946
2018-01-23,370.0,373.6,370.0,370.36,6612
2018-01-24,370.72,370.72,362.82,364.62,19823
2018-01-25,366.41,373.24,366.41,372.52,8156
2018-01-28,375.39,378.98,375.03,376.47,10059
2018-01-29,375.39,378.98,375.39,377.91,11653
2018-01-31,381.5,384.37,380.06,384.37,10033
2018-02-01,386.17,394.43,386.17,391.56,12664
2018-02-04,391.56,394.79,390.12,390.12,19894
2018-02-05,391.56,392.28,385.81,386.89,12146
2018-02-06,384.37,385.45,382.58,385.09,4578
2018-02-07,382.58,382.94,380.78,382.94,7436
2018-02-08,382.94,384.37,379.7,382.58,8717
2018-02-11,383.65,384.37,380.78,384.37,6351
2018-02-12,385.09,385.81,381.14,381.5,6125
2018-02-14,386.17,386.17,380.78,383.65,11870
2018-02-15,386.17,396.59,386.17,396.59,18692
2018-02-18,396.59,404.49,397.3,399.46,19540
2018-02-20,402.33,405.93,392.63,395.15,9378
2018-02-21,393.35,393.71,389.76,393.35,2594
2018-02-22,395.15,395.15,390.12,391.56,8036
2018-02-25,391.56,391.56,382.58,386.17,10323
2018-02-26,387.96,389.76,380.42,380.78,12348
2018-02-27,380.78,386.17,378.98,383.65,19270
2018-02-28,380.78,383.29,378.98,380.78,12588
2018-03-04,375.39,375.39,367.13,371.44,13490
2018-03-06,371.8,380.78,368.21,377.19,15880
2018-03-07,377.55,382.58,377.55,380.78,21280
2018-03-11,380.78,380.78,373.6,375.03,11768
2018-03-12,375.03,374.67,371.8,374.67,8110
2018-03-13,372.52,373.95,367.85,370.0,14786
2018-03-14,373.6,373.6,370.0,370.0,9600
2018-03-15,370.0,371.8,367.49,367.85,11196
2018-03-18,368.21,369.64,366.05,368.21,12162
2018-03-19,370.0,370.0,363.54,364.62,12030
2018-03-20,362.82,364.62,358.51,364.62,23717
2018-03-21,359.23,359.59,353.84,353.84,20783
2018-03-22,350.61,355.63,348.09,350.25,20012
2018-03-26,350.25,346.65,330.49,332.28,16921
2018-03-27,332.28,341.27,318.99,337.31,25557
2018-03-28,341.27,347.73,334.44,347.73,23753
2018-03-29,349.89,354.56,347.37,348.45,18810
2018-04-01,350.25,350.25,329.41,339.47,15347
2018-04-02,339.47,340.91,336.6,339.47,8678
2018-04-03,339.47,341.27,337.31,341.27,11371
2018-04-04,341.98,346.65,341.27,346.65,16959
2018-04-05,348.45,351.32,346.65,348.45,27949
2018-04-08,349.17,362.82,349.17,358.87,31730
2018-04-09,364.62,370.0,357.07,357.43,35267
2018-04-10,355.63,359.23,352.04,354.2,11944
2018-04-11,353.12,357.07,352.04,354.56,8026
2018-04-12,358.87,358.87,354.92,354.92,14218
2018-04-15,355.28,358.87,351.68,355.63,13102
2018-04-16,355.63,358.87,352.04,357.79,8325
2018-04-17,357.79,361.02,358.15,359.95,16009
2018-04-18,361.02,377.19,358.87,373.6,21999
2018-04-19,377.19,380.78,373.95,378.98,15695
2018-04-22,378.98,386.53,380.06,382.58,20691
2018-04-23,388.32,388.32,377.19,377.55,16208
2018-04-24,378.98,382.22,370.72,370.72,8229
2018-04-25,373.6,375.39,370.0,373.6,10589
2018-04-26,377.19,377.19,366.41,370.0,13380
2018-04-29,364.62,366.41,359.95,364.62,7378
2018-05-02,363.9,368.21,357.79,362.46,10811
2018-05-03,363.18,368.21,362.46,362.46,6662
2018-05-06,361.02,361.38,359.23,361.02,6340
2018-05-07,362.82,362.82,358.51,358.87,6050
2018-05-08,361.38,362.82,358.15,362.82,8831
2018-05-09,362.82,364.26,360.3,360.3,7968
2018-05-10,360.3,362.82,357.79,360.3,3212
2018-05-14,360.3,360.66,355.63,359.23,8898
2018-05-15,359.23,361.74,357.43,359.95,2596
2018-05-16,359.95,359.95,358.87,359.23,6058
2018-05-17,361.02,361.02,359.59,359.95,3295
2018-05-20,367.13,367.13,359.23,360.3,9372
2018-05-21,359.23,362.82,357.79,358.87,6405
2018-05-22,359.23,360.3,357.43,357.43,6365
2018-05-23,357.43,358.87,353.48,354.56,5655
2018-05-24,354.56,358.87,355.63,355.63,5307
2018-05-27,355.63,355.63,351.32,354.92,3069
2018-05-28,355.28,363.54,353.84,363.54,4170
2018-05-29,361.74,362.82,358.87,358.87,4198
2018-05-30,359.23,363.9,358.87,359.23,2360
2018-05-31,361.02,361.02,357.43,359.23,3164
2018-06-03,359.23,359.23,352.04,352.04,5913
2018-06-04,348.45,353.84,348.45,351.68,3875
2018-06-06,358.51,359.23,354.92,355.63,1882
2018-06-07,355.63,355.63,350.25,350.25,4786
2018-06-10,348.45,348.45,339.11,343.42,5466
2018-06-11,343.06,350.25,339.47,343.06,5198
2018-06-12,344.86,344.86,339.47,343.06,4558
2018-06-13,344.86,344.86,339.47,343.06,3803
2018-06-14,344.86,345.94,343.06,344.14,947
2018-06-17,343.06,344.5,337.67,338.39,3161
2018-06-18,339.47,343.06,336.6,338.75,2878
2018-06-19,339.11,339.11,337.67,338.03,1365
2018-06-20,337.67,339.47,337.67,337.67,3344
2018-06-21,339.47,339.47,337.67,338.39,2308
2018-06-24,338.75,338.75,336.24,338.39,4494
2018-06-25,339.47,339.47,334.08,334.8,4988
2018-06-26,332.28,334.44,331.21,334.08,1174
2018-06-27,334.08,335.88,330.85,334.08,5047
2018-06-28,334.8,343.06,334.44,334.44,2623
2018-07-01,326.9,326.9,324.74,325.82,5960
2018-07-02,326.18,326.54,324.74,325.46,5552
2018-07-03,330.49,332.64,329.77,330.49,5734
2018-07-04,330.49,330.49,327.97,329.41,6221
2018-07-05,330.49,333.36,330.13,331.93,12676
2018-07-08,338.39,342.34,333.36,337.67,12880
2018-07-09,338.03,338.03,329.77,330.13,11028
2018-07-10,330.49,332.64,329.41,329.41,3949
2018-07-11,330.49,333.36,329.41,329.77,9218
2018-07-12,328.69,331.21,327.26,327.61,5387
2018-07-15,327.61,330.49,327.61,330.49,5465
2018-07-16,328.69,330.85,324.38,330.49,10813
2018-07-17,329.41,329.41,322.94,323.3,64608
2018-07-18,325.1,325.1,322.23,323.3,28537
2018-07-19,323.3,325.1,322.59,323.3,36821
2018-07-22,323.3,323.3,322.23,323.3,6188
2018-07-23,322.94,323.3,322.59,323.3,11306
2018-07-24,323.3,325.1,322.59,322.94,20936
2018-07-25,323.3,323.3,322.23,322.23,7248
2018-07-26,323.3,326.18,322.94,325.1,13263
2018-07-29,330.13,330.13,326.54,326.9,5574
2018-07-30,326.9,327.97,325.82,326.54,5174
2018-07-31,325.1,326.9,325.1,325.46,5144
2018-08-01,326.9,326.9,324.74,325.82,5960
2018-08-02,326.18,326.54,324.74,325.46,5552
2018-08-05,325.46,325.82,323.3,325.1,6414
2018-08-06,325.82,325.82,323.3,324.38,6662
2018-08-07,330.13,330.13,324.74,324.74,2142
2018-08-08,325.1,326.9,324.38,324.74,2673
2018-08-09,331.21,331.21,324.74,326.54,3307
2018-08-12,326.9,326.9,321.15,323.3,6359
2018-08-13,323.3,325.82,323.3,325.82,5383
2018-08-14,325.82,325.82,323.3,325.82,6383
2018-08-15,329.05,337.67,327.97,335.88,17869
2018-08-16,334.08,347.01,334.08,343.78,17494
2018-08-19,344.86,346.65,342.7,344.14,11046
2018-08-20,344.86,344.86,338.39,339.83,9155
2018-08-21,340.55,340.19,337.67,337.67,4925
2018-08-22,335.88,339.47,335.88,339.47,2174
2018-08-23,339.47,339.47,338.03,339.47,4749
2018-08-26,339.47,340.55,339.11,339.47,5990
2018-08-28,339.83,341.27,338.75,340.91,6091
2018-08-29,340.19,340.91,339.47,340.55,3171
2018-08-30,341.27,341.98,339.47,340.19,5231
2018-09-02,340.91,341.98,339.83,341.27,7021
2018-09-03,348.09,348.45,343.06,346.29,7503
2018-09-04,348.45,348.81,345.22,347.01,8115
2018-09-05,347.37,349.89,346.65,348.45,10041
2018-09-06,349.17,353.48,345.94,346.65,16518
2018-09-09,343.06,349.89,343.06,348.45,7541
2018-09-10,346.65,347.37,344.86,346.29,7438
2018-09-11,346.65,348.09,344.86,347.01,6852
2018-09-12,347.01,347.37,346.65,346.65,4296
2018-09-13,347.01,348.45,347.01,347.73,5373
2018-09-16,348.45,349.89,347.73,348.09,9770
2018-09-17,347.37,348.45,346.65,347.73,1984
2018-09-18,348.45,348.45,347.01,347.73,5243
2018-09-20,348.45,348.45,344.86,345.58,6516
2018-09-23,345.22,346.29,341.27,345.22,3193
2018-09-25,346.65,346.65,344.86,346.29,4909
2018-09-26,344.86,348.09,344.86,347.01,9356
2018-09-27,344.86,348.45,344.86,345.22,3070
2018-09-30,345.22,345.22,341.27,341.27,7218
2018-10-01,343.06,343.42,335.52,339.47,2593
2018-10-02,339.47,341.27,337.67,339.47,3936
2018-10-03,339.47,339.47,334.8,338.39,5114
2018-10-04,337.67,344.14,329.05,338.75,5142
2018-10-07,339.11,339.11,333.0,333.0,5803
2018-10-08,333.0,339.11,333.0,333.72,3337
2018-10-09,334.44,337.31,333.0,333.72,2484
2018-10-10,333.72,334.8,333.0,334.08,4393
2018-10-11,334.44,336.6,333.72,334.44,5113
2018-10-14,335.88,337.31,335.88,336.95,1925
2018-10-15,337.67,343.42,337.67,342.34,1245
2018-10-21,343.06,343.06,341.27,342.34,193
2018-10-22,341.62,344.5,341.27,341.62,1928
2018-10-23,343.06,344.86,341.27,344.86,2006
2018-10-24,344.86,348.45,343.42,345.58,3191
2018-10-25,345.94,345.94,343.42,343.42,1044
2018-10-28,343.42,343.42,337.31,338.39,2511
2018-10-29,337.31,339.47,337.31,337.67,2862
2018-10-30,337.67,339.47,337.67,337.67,1768
2018-10-31,338.03,341.98,337.67,341.98,2427
2018-11-01,337.67,340.91,337.67,339.83,1572
2018-11-04,340.19,340.19,336.95,337.67,2099
2018-11-05,337.31,337.67,335.88,336.95,2736
2018-11-14,330.13,330.49,328.69,330.13,4373
2018-11-15,330.13,337.67,330.13,332.64,7548
2018-11-18,333.0,334.08,329.05,329.05,3113
2018-11-19,329.41,329.77,326.18,329.77,2568
2018-11-20,329.41,329.77,324.02,324.02,760
2018-11-21,324.02,325.46,319.71,325.46,3991
2018-11-22,325.46,328.69,323.3,323.3,4595
2018-11-25,323.43,324.74,322.59,322.59,3792
2018-11-26,322.86,322.86,318.99,318.99,5967
2018-11-27,319.2,322.94,317.92,319.35,4029
2018-11-28,319.35,323.3,318.99,319.35,5451
2018-11-29,319.35,319.71,316.84,316.84,3294
2018-12-02,316.89,316.89,310.73,310.73,4594
2018-12-03,310.73,314.32,309.65,310.01,3135
2018-12-04,310.01,310.01,302.11,308.93,13920
2018-12-06,305.7,305.7,298.16,305.34,6099
2018-12-09,305.34,307.5,305.34,306.06,4171
2018-12-10,306.06,308.93,305.34,306.42,8181
2018-12-11,306.42,308.93,303.19,307.14,3869
2018-12-12,307.14,308.93,303.55,305.7,3175
2018-12-13,305.7,307.14,304.26,304.26,4879
2018-12-16,304.26,308.58,304.26,306.42,9410
2018-12-17,306.42,312.17,305.34,309.65,2512
2018-12-18,309.65,309.65,307.5,308.22,5028
2018-12-19,308.22,308.93,305.34,305.34,7082
2018-12-20,305.34,308.93,303.55,305.7,3393
2018-12-23,305.7,312.53,305.7,312.53,8974
2018-12-24,312.53,314.68,310.73,311.81,5253
2018-12-25,311.81,312.53,307.14,309.65,1588
2018-12-26,309.65,312.53,308.93,310.37,7037
2018-12-27,310.37,316.12,310.37,310.73,6193
2018-12-30,310.73,315.04,310.73,311.09,4130
2018-12-31,311.09,315.76,308.93,308.93,7285
2019-01-01,308.93,310.01,305.7,305.7,5002
2019-01-02,305.7,308.58,305.34,305.34,5122
2019-01-03,305.34,307.14,302.11,302.11,9928
2019-01-06,302.11,304.62,299.95,300.67,7310
2019-01-08,299.95,301.39,299.95,300.67,3971
2019-01-09,300.67,301.75,299.6,299.6,4380
2019-01-10,299.6,304.62,299.6,299.95,5480
2019-01-13,299.95,305.7,299.95,301.03,3132
2019-01-14,301.03,303.19,298.16,300.31,4045
2019-01-15,300.31,302.47,299.6,302.47,2708
2019-01-16,302.47,308.22,302.11,303.55,2960
2019-01-17,303.55,303.55,300.31,303.19,2128
2019-01-20,303.19,305.34,303.19,305.34,2650
2019-01-21,305.34,304.62,300.31,302.83,3420
2019-01-22,302.83,303.55,302.11,302.47,1670
2019-01-23,302.47,305.34,301.03,301.03,4189
2019-01-24,301.03,302.83,301.03,301.75,2567
2019-01-27,301.75,302.11,298.88,301.03,3910
2019-01-28,301.03,301.03,298.88,299.6,2227
2019-01-29,299.6,299.95,298.16,298.16,6286
2019-01-30,298.16,302.11,298.16,300.67,3605
2019-01-31,300.67,303.19,300.67,302.11,4408
2019-02-03,302.47,303.55,301.75,302.11,4165
2019-02-04,300.67,302.11,296.36,297.8,5154
2019-02-05,297.8,299.95,297.8,298.16,2150
2019-02-06,296.36,298.16,296.36,297.44,3267
2019-02-07,297.44,299.95,296.72,298.52,3757
2019-02-10,298.16,298.52,294.57,296.0,2399
2019-02-11,298.16,298.16,295.64,296.36,3879
2019-02-12,296.72,298.16,296.36,296.36,2448
2019-02-13,298.16,298.16,293.85,295.28,3151
2019-02-14,294.57,296.36,293.85,293.85,2494
2019-02-17,297.8,297.8,289.9,289.9,6470
2019-02-18,292.77,292.77,279.48,281.27,29718
2019-02-19,284.87,285.59,278.76,284.87,7663
2019-02-20,284.87,284.87,280.2,283.43,9080
2019-02-21,284.51,288.46,283.43,288.46,17561
2019-02-24,290.97,290.97,284.51,285.59,15486
2019-02-25,285.59,287.02,283.43,285.23,31622
2019-02-26,281.63,285.23,272.78,276.4,9887
2019-02-27,276.0,277.21,273.99,276.4,4794
2019-03-03,277.61,278.01,273.59,274.39,8715
2019-03-05,274.39,277.61,273.99,274.79,6279
2019-03-06,274.79,276.81,273.59,276.0,10200
2019-03-07,277.21,277.61,275.6,276.81,7555
2019-03-09,277.21,277.61,276.0,277.61,1672
2019-03-10,277.21,277.61,276.0,277.61,1672
2019-03-11,279.22,281.63,278.01,280.02,16082
2019-03-12,283.65,289.28,280.02,289.28,12424
2019-03-13,291.69,294.11,287.67,287.67,11208
2019-03-14,289.28,289.68,284.85,287.67,3812
2019-03-17,287.67,293.7,287.67,290.49,9881
2019-03-18,292.09,293.7,290.49,290.49,9174
2019-03-19,290.49,291.29,288.88,290.89,1020
2019-03-21,290.49,290.49,284.85,285.66,8927
2019-03-24,290.08,290.08,285.25,286.46,5859
2019-03-25,285.25,288.07,285.25,286.46,7028
2019-03-26,285.66,286.46,284.05,286.46,3898
2019-03-27,286.46,287.67,285.25,285.25,9163
2019-03-28,284.85,289.28,284.85,287.27,5004
2019-03-31,287.67,288.47,284.45,286.46,7019
2019-04-01,286.86,287.27,285.25,286.46,11973
2019-04-02,286.86,288.88,285.66,288.47,15403
2019-04-03,294.11,294.11,286.46,291.29,14196
2019-04-04,291.29,292.9,288.88,292.5,8188
2019-04-07,293.7,294.51,290.08,294.51,23725
2019-04-08,294.51,303.76,293.7,297.73,23599
2019-04-09,298.13,301.75,297.73,298.93,12325
2019-04-10,301.35,301.35,295.72,297.73,8232
2019-04-11,298.53,298.93,296.12,296.12,7882
2019-04-15,296.12,300.14,296.12,300.14,3377
2019-04-16,301.35,311.0,300.54,308.19,6057
2019-04-17,308.19,313.82,308.19,311.0,11183
2019-04-18,315.83,325.89,315.83,325.89,15287
2019-04-21,327.9,348.82,327.9,348.42,28899
2019-04-22,354.05,362.1,349.23,354.05,29675
2019-04-23,352.04,358.08,345.6,354.46,15000
2019-04-24,354.46,359.69,347.62,353.25,6811
2019-04-25,358.08,360.09,352.85,354.05,9441
2019-04-28,356.07,358.48,351.24,351.24,9506
2019-04-29,352.04,354.05,348.42,349.23,8403
2019-04-30,350.43,350.43,342.39,344.4,7584
2019-05-02,341.98,344.0,339.97,340.78,6201
2019-05-05,339.17,339.57,333.94,335.95,9479
2019-05-06,339.97,344.0,335.55,342.39,8355
2019-05-07,344.4,349.63,341.98,341.98,8243
2019-05-08,344.0,344.0,337.96,340.37,7578
2019-05-09,346.81,346.81,337.16,338.36,2950
2019-05-12,338.36,339.97,334.34,338.36,3539
2019-05-13,339.97,344.0,338.36,339.57,2652
2019-05-14,337.96,341.98,336.75,341.18,3614
2019-05-15,341.18,346.01,339.57,342.39,5163
2019-05-16,342.39,345.2,339.97,339.97,6365
2019-05-19,344.0,344.0,334.34,339.17,6356
2019-05-20,341.58,341.58,333.94,333.94,5507
2019-05-21,333.53,337.96,332.73,337.96,4169
2019-05-22,344.4,344.4,335.95,338.36,1981
2019-05-23,339.17,339.97,335.95,338.36,5508
2019-05-26,344.8,344.8,335.95,337.96,5463
2019-05-27,335.95,337.96,335.95,337.96,2539
2019-05-28,333.94,339.57,333.94,336.35,2822
2019-05-29,337.96,337.96,336.75,337.96,3151
2019-05-30,344.4,354.86,340.78,340.78,9146
2019-06-02,341.18,341.18,334.74,335.55,6077
2019-06-03,335.95,335.95,333.94,335.14,2874
2019-06-04,339.17,339.17,333.53,333.53,3935
2019-06-06,334.74,334.74,332.33,333.13,4877
2019-06-10,329.91,338.77,329.91,332.33,4518
2019-06-11,331.93,332.33,329.91,330.72,8030
2019-06-12,329.11,331.12,327.9,329.91,8943
2019-06-13,329.91,335.55,329.11,332.73,9849
2019-06-16,329.91,330.72,327.1,327.5,13511
2019-06-17,327.5,328.3,324.68,328.3,10347
2019-06-18,328.3,328.3,324.28,327.5,8230
2019-06-19,333.53,333.53,323.07,327.5,3158
2019-06-20,327.5,327.5,323.88,326.7,4301
2019-06-23,329.91,329.91,323.48,323.88,5595
2019-06-24,324.68,325.09,322.67,325.09,3446
2019-06-25,323.88,325.89,321.87,325.89,4883
2019-06-26,325.89,325.89,322.67,323.48,7826
2019-06-27,323.88,327.9,321.46,321.87,12955
2019-06-30,324.28,324.28,315.83,315.83,28406
2019-07-01,315.03,315.83,313.82,315.83,8539
2019-07-02,314.22,315.83,311.81,315.43,9500
2019-07-03,316.64,321.46,311.81,319.86,7949
2019-07-04,320.26,321.87,319.86,321.06,10401
2019-07-07,321.87,323.88,317.84,317.84,6481
2019-07-08,317.84,317.84,315.83,316.64,4253
2019-07-09,316.64,324.28,316.23,324.28,11678
2019-07-10,323.07,327.9,322.27,326.29,9931
2019-07-11,327.1,331.52,327.1,331.12,8966
2019-07-14,331.52,332.73,329.91,331.93,3781
2019-07-15,332.33,335.14,321.46,321.46,30861
2019-07-16,337.16,337.16,318.65,321.87,25920
2019-07-17,321.87,327.5,321.87,327.1,17512
2019-07-18,329.91,329.91,325.09,326.7,15304
2019-07-21,325.09,325.89,321.87,322.27,19195
2019-07-22,325.89,329.51,323.07,323.88,19698
2019-07-23,325.89,325.89,322.67,325.09,13387
2019-07-24,327.9,327.9,323.88,326.7,17884
2019-07-25,324.68,326.29,321.87,323.88,11336
2019-07-28,325.09,325.09,320.26,320.66,17431
2019-07-29,321.87,323.88,321.06,323.07,10970
2019-07-30,323.07,323.88,321.87,322.27,10926
2019-07-31,321.87,323.88,321.87,321.87,9199
2019-08-01,322.67,323.88,321.87,322.27,11281
2019-08-04,322.67,323.07,320.26,321.46,11095
2019-08-05,319.86,321.87,319.86,321.87,9946
2019-08-06,319.86,319.86,317.44,317.84,13321
2019-08-07,317.84,319.86,315.43,317.84,9174
2019-08-08,319.45,320.26,316.64,317.84,10432
2019-08-11,317.04,317.04,314.22,315.43,9920
2019-08-12,314.63,317.04,314.63,315.03,5650
2019-08-13,315.83,315.83,314.22,314.63,6190
2019-08-14,315.43,315.43,311.81,313.42,11640
2019-08-15,314.63,315.83,313.82,315.43,13055
2019-08-18,317.84,317.84,313.42,313.42,12387
2019-08-19,307.79,315.43,312.21,313.02,10297
2019-08-20,314.63,314.63,312.61,313.02,12518
2019-08-21,312.61,313.42,311.81,313.02,13659
2019-08-22,313.02,314.22,312.61,312.61,7473
2019-08-25,310.2,313.82,310.2,312.21,7386
2019-08-26,312.21,312.21,305.77,311.81,23330
2019-08-27,310.6,313.82,310.2,313.02,5949
2019-08-28,313.82,317.84,309.8,309.8,4274
2019-08-29,310.2,311.81,308.99,309.8,9213
2019-09-01,310.2,310.6,308.59,309.39,9261
2019-09-02,309.39,309.39,304.16,304.97,6969
2019-09-03,304.97,311.81,301.75,311.41,8894
2019-09-04,313.82,314.22,309.8,312.61,15241
2019-09-05,318.65,318.65,312.61,313.82,8861
2019-09-08,313.02,314.22,311.81,312.21,9562
2019-09-09,311.81,313.02,309.8,312.21,4931
2019-09-10,310.6,311.81,308.59,309.39,7569
2019-09-11,307.79,310.6,307.79,310.6,4673
2019-09-12,309.8,310.2,307.79,309.8,10514
2019-09-15,309.8,311.81,305.37,305.37,6359
2019-09-16,304.16,304.16,298.53,298.53,10591
2019-09-17,299.74,308.19,299.74,301.75,10137
2019-09-18,307.79,313.82,306.58,311.81,7924
2019-09-19,315.43,315.43,309.8,309.8,13287
2019-09-22,308.99,309.8,306.58,307.79,7591
2019-09-23,306.18,308.99,305.77,305.77,6194
2019-09-24,305.77,305.77,304.57,305.77,7998
2019-09-26,305.77,306.58,303.76,305.37,3989
2019-09-29,305.77,305.77,302.15,302.56,3598
2019-09-30,305.77,305.77,303.36,305.77,4706
2019-10-01,306.98,312.61,306.18,310.6,2719
2019-10-02,312.61,313.82,309.8,310.6,4486
2019-10-03,313.02,313.02,309.39,309.39,5226
2019-10-10,307.79,311.0,307.79,309.8,728
2019-10-14,309.8,309.8,304.57,307.79,16518
2019-10-15,307.79,307.79,305.77,306.98,4973
2019-10-16,308.99,308.99,303.36,306.58,4902
2019-10-17,306.58,307.79,305.37,305.77,8157
2019-10-20,308.19,308.19,304.16,304.57,4145
2019-10-21,304.57,307.38,303.76,304.97,6056
2019-10-22,304.97,306.58,303.36,304.16,17493
2019-10-23,304.16,307.79,304.16,306.58,3122
2019-10-24,307.79,308.99,303.76,308.99,8808
2019-10-31,308.99,308.99,302.96,306.18,6352
2019-11-03,305.77,305.77,302.56,305.77,8041
2019-11-04,307.38,313.82,306.58,308.99,25965
2019-11-05,311.81,312.61,306.98,309.8,16182
2019-11-06,311.41,311.41,307.79,308.99,13493
2019-11-07,310.6,310.6,303.76,303.76,23312
2019-11-10,305.77,306.98,302.96,303.76,10153
2019-11-11,305.37,307.79,301.75,302.96,15505
2019-11-12,305.77,307.79,301.35,301.75,21447
2019-11-13,301.75,303.76,301.75,301.75,6681
2019-11-14,301.75,303.36,301.35,301.35,3797
2019-11-17,302.96,303.76,299.74,303.76,7383
2019-11-18,303.76,304.16,301.75,303.76,23592
2019-11-19,303.76,303.76,301.75,302.96,18207
2019-11-20,303.76,305.77,301.75,301.75,29088
2019-11-21,301.75,301.75,297.32,297.73,7681
2019-11-24,297.32,298.53,293.7,293.7,12391
2019-11-25,294.11,294.51,292.5,292.5,10567
2019-11-26,292.09,295.72,291.69,293.7,8682
2019-11-27,294.11,295.72,293.3,294.51,18463
2019-11-28,294.51,294.91,291.29,291.69,15634
2019-12-01,291.69,293.7,290.89,290.89,24232
2019-12-02,292.09,292.09,290.89,291.69,6572
2019-12-03,292.9,293.7,291.69,291.69,9589
2019-12-04,292.5,293.3,291.69,291.69,9772
2019-12-05,293.7,296.52,292.9,293.7,13130
2019-12-08,297.32,297.32,291.69,293.3,11013
2019-12-09,293.7,301.35,293.7,296.12,5466
2019-12-10,296.12,299.74,296.12,298.93,4466
2019-12-11,299.74,301.75,298.93,300.54,8847
2019-12-12,301.75,302.15,299.34,301.35,16206
2019-12-15,303.76,303.76,300.95,302.56,9306
2019-12-16,301.75,301.75,296.52,296.52,11742
2019-12-17,300.14,300.54,297.32,298.93,9416
2019-12-18,300.95,301.75,298.53,300.95,15298
2019-12-19,301.35,303.76,301.35,302.96,15015
2019-12-22,303.76,305.77,301.75,304.16,34362
2019-12-23,305.77,306.58,301.75,301.75,66023
2019-12-24,298.31,301.91,297.41,300.56,22863
2019-12-25,299.66,301.46,299.66,301.46,12220
2019-12-26,300.56,305.07,299.66,304.62,14538
2019-12-29,305.52,305.97,303.26,303.71,14830
2019-12-30,303.26,309.57,303.26,304.16,17063
2019-12-31,305.97,307.32,304.62,306.87,15116
2020-01-01,307.77,310.92,306.42,310.92,10882
2020-01-02,310.02,310.92,308.22,308.67,20018
2020-01-05,310.92,314.98,310.92,314.08,17152
2020-01-06,315.43,322.19,315.43,321.29,23487
2020-01-07,326.7,330.75,323.99,325.34,24397
2020-01-08,326.7,326.7,322.19,324.89,17879
2020-01-09,320.39,325.79,320.39,322.64,9624
2020-01-12,325.34,328.05,324.44,327.15,30359
2020-01-13,330.75,337.51,327.15,328.95,40571
2020-01-14,331.2,331.2,322.64,328.95,12535
2020-01-15,331.2,334.81,330.3,333.45,11175
2020-01-16,333.45,342.02,333.45,338.41,26914
2020-01-19,342.47,345.17,341.11,344.27,22863
2020-01-20,351.03,351.48,340.21,342.47,25306
2020-01-21,345.62,345.62,337.51,340.21,18428
2020-01-22,337.96,340.66,335.71,335.71,12755
2020-01-23,335.71,335.71,325.34,327.6,19663
2020-01-26,327.6,327.6,319.49,319.94,20742
2020-01-27,320.84,328.5,318.13,324.44,17628
2020-01-28,330.75,331.2,326.7,326.7,15203
2020-01-29,327.6,329.85,324.89,326.24,10541
2020-01-30,326.24,332.1,326.24,331.65,14728
2020-02-02,333.45,339.76,333.45,338.86,37634
2020-02-03,341.11,341.57,330.3,332.55,33172
2020-02-04,333.9,335.26,329.85,333.0,27241
2020-02-05,333.0,333.0,330.75,330.75,20827
2020-02-06,331.2,333.45,327.15,327.15,15362
2020-02-09,329.85,329.85,324.44,324.89,18422
2020-02-10,326.7,327.6,322.64,324.44,23380
2020-02-11,322.64,328.95,322.19,325.79,27491
2020-02-12,328.5,328.5,324.89,325.34,11735
2020-02-13,326.7,327.6,324.89,325.79,16258
2020-02-16,327.15,327.15,323.99,326.24,17985
2020-02-17,332.55,341.11,328.05,337.96,51893
2020-02-18,344.27,344.72,335.26,339.31,47604
2020-02-19,338.86,339.31,336.16,338.41,23379
2020-02-20,338.41,340.21,336.16,340.21,21585
2020-02-23,341.57,362.29,341.57,355.99,65129
2020-02-24,355.99,369.95,356.44,360.49,93540
2020-02-25,362.74,366.8,351.03,366.8,37640
2020-02-26,374.01,394.29,373.11,392.03,83212
2020-02-27,387.98,430.34,380.77,430.34,167082
2020-03-01,430.34,450.61,421.77,423.58,163043
2020-03-02,417.27,423.13,383.02,383.02,68203
2020-03-03,383.02,410.06,367.25,400.15,150206
2020-03-04,400.15,400.15,377.61,381.67,107177
2020-03-05,374.46,383.92,366.35,378.52,78904
2020-03-10,371.31,371.31,349.68,349.68,60824
2020-03-11,356.44,370.4,345.17,367.25,83501
2020-03-12,374.46,374.46,353.28,355.99,65403
2020-03-15,351.48,354.63,337.06,337.96,70304
2020-03-16,333.9,344.27,325.79,337.96,55501
2020-03-17,344.72,344.72,324.89,329.4,46620
2020-03-18,329.4,333.0,315.43,322.19,43091
2020-03-19,315.88,333.45,310.92,328.95,55806
2020-03-22,335.26,335.26,315.43,315.88,15101
2020-05-12,309.57,309.57,306.42,306.42,2295
2020-05-13,300.56,300.56,297.41,297.41,435
2020-06-29,282.53,296.95,267.66,297.41,40720
2020-06-30,301.91,327.15,301.91,326.7,8769
2020-07-01,326.7,346.97,326.7,346.97,15536
2020-07-02,353.73,353.73,316.33,324.44,21024
2020-07-05,325.34,330.75,314.98,328.5,59244
2020-07-06,326.7,333.45,322.19,332.1,32963
2020-07-07,337.96,338.41,333.45,335.26,41752
2020-07-08,338.86,340.66,328.95,333.9,30143
2020-07-09,335.71,337.51,326.7,334.36,30119
2020-07-12,340.66,346.97,336.16,336.61,27529
2020-07-13,342.92,346.52,333.9,334.36,28339
2020-07-14,340.66,342.47,334.36,335.71,29973
2020-07-15,337.96,344.72,335.26,344.72,43439
2020-07-16,349.23,355.99,348.78,355.99,38787
2020-07-19,362.74,391.58,362.74,391.58,711
2020-07-20,410.96,430.34,367.7,396.09,118430
2020-07-21,398.79,399.24,386.18,389.78,69536
2020-07-22,387.53,394.29,381.22,381.22,51597
2020-07-23,381.22,384.82,374.46,383.02,55386
2020-07-26,387.53,392.03,384.37,387.98,58534
2020-07-27,392.03,397.44,387.53,388.43,101044
2020-07-28,392.94,392.94,384.82,384.82,51916
2020-07-29,385.27,385.27,378.52,380.77,45527
2020-07-30,379.42,384.82,378.52,383.47,41463
2020-08-02,378.52,383.02,369.5,369.5,63388
2020-08-03,364.55,373.11,364.1,371.31,42609
2020-08-05,371.31,371.31,365.0,371.31,47216
2020-08-06,387.08,387.08,360.94,366.8,21551
2020-08-09,367.25,367.25,360.49,366.35,36927
2020-08-10,371.76,378.52,365.0,374.91,47830
2020-08-11,381.67,381.67,371.76,374.01,29776
2020-08-12,380.32,380.32,369.95,376.71,23975
2020-08-13,395.19,395.19,369.5,371.76,36200
2020-08-16,376.26,376.26,365.0,370.4,29088
2020-08-17,370.4,371.31,367.25,370.4,16623
2020-08-18,375.36,378.52,371.31,374.01,20561
2020-08-19,367.25,371.76,366.8,370.4,17216
2020-08-20,365.9,370.4,365.9,368.15,10175
2020-08-23,371.31,371.31,366.8,371.31,14020
2020-08-24,375.36,376.26,371.76,374.01,22795
2020-08-25,378.07,378.52,370.86,374.01,23396
2020-08-26,378.07,383.02,374.01,378.97,44021
2020-08-27,378.97,385.27,378.97,380.77,23000
2020-08-30,380.77,383.02,376.26,378.07,11698
2020-08-31,378.52,381.22,374.91,378.07,49117
2020-09-02,378.07,390.23,378.07,386.63,68044
2020-09-03,387.98,389.33,382.57,387.53,54696
2020-09-06,406.9,406.9,384.82,385.27,56147
2020-09-07,388.88,388.88,379.42,382.57,19865
2020-09-08,386.63,386.63,378.52,381.22,21968
2020-09-09,381.22,381.22,378.07,380.32,36262
2020-09-10,382.57,391.13,380.32,380.77,26342
2020-09-13,385.27,385.27,380.77,382.57,32114
2020-09-14,385.27,392.03,383.92,385.73,32379
2020-09-15,378.07,389.33,384.37,385.73,28117
2020-09-16,386.63,386.63,383.02,384.37,15690
2020-09-17,384.37,389.78,383.47,387.08,30609
2020-09-20,394.74,403.3,392.03,396.54,72747
2020-09-21,401.95,401.95,394.74,397.89,61628
2020-09-22,400.15,401.05,392.03,392.94,51322
2020-09-23,390.23,395.19,390.23,393.84,30912
2020-09-24,390.23,395.19,390.23,394.29,23476
2020-09-27,396.54,397.89,392.03,393.84,23447
2020-09-28,398.79,398.79,391.13,392.48,17676
2020-09-29,394.29,394.29,388.43,389.33,20446
2020-09-30,389.33,394.29,386.18,387.08,22250
2020-10-01,387.53,391.58,387.53,390.68,30640
2020-10-04,401.05,403.3,394.29,396.54,52437
2020-10-05,398.79,400.6,392.94,394.74,22147
2020-10-06,395.64,398.79,392.94,395.19,16257
2020-10-07,396.54,397.44,391.13,392.94,26029
2020-10-08,396.54,397.44,390.23,391.58,27048
2020-10-11,391.13,392.03,389.33,390.23,24647
2020-10-12,387.53,389.78,387.53,389.33,19390
2020-10-13,389.78,389.78,387.98,389.33,15218
2020-10-14,389.33,389.78,387.08,387.53,29183
2020-10-15,368.15,392.94,368.15,387.53,25564
2020-10-18,387.53,393.84,387.08,387.08,18801
2020-10-19,387.53,391.13,387.53,388.88,11214
2020-10-20,389.78,392.94,388.43,391.13,11628
2020-10-21,392.03,398.34,392.03,396.54,30592
2020-10-22,401.05,402.4,396.54,398.79,46895
2020-10-28,403.3,406.9,401.95,406.9,59283
2020-10-29,427.18,427.18,404.65,406.45,51398
2020-11-01,406.45,406.45,401.05,402.85,40311
2020-11-02,401.5,404.2,398.34,399.24,29989
2020-11-03,404.2,404.2,398.34,400.15,15950
2020-11-04,398.79,401.05,398.34,400.15,20507
2020-11-05,401.05,401.05,394.29,396.54,34927
2020-11-08,396.54,396.54,389.33,392.03,72463
2020-11-09,390.23,392.94,386.63,388.43,90972
2020-11-10,392.03,401.05,389.78,396.09,29034
2020-11-11,403.75,403.75,392.94,397.89,41751
2020-11-12,401.05,401.5,397.89,399.69,30444
2020-11-18,401.05,407.81,400.15,406.0,61321
2020-11-19,408.26,429.44,405.55,407.81,94311
2020-11-22,414.56,443.85,414.56,434.84,223043
2020-11-23,437.1,447.91,436.64,440.7,75761
2020-11-24,450.61,450.61,432.59,438.0,58491
2020-11-25,442.05,463.23,438.0,461.88,232466
2020-11-26,473.14,514.15,473.14,509.19,343732
2020-11-29,518.21,540.74,514.15,533.98,283683
2020-11-30,560.56,560.56,518.21,522.26,196359
2020-12-01,518.21,524.97,502.43,504.24,177245
2020-12-02,504.69,516.85,493.87,506.94,202030
2020-12-03,498.38,538.93,498.38,513.7,159437
2020-12-06,506.04,515.95,485.76,485.76,161986
2020-12-07,482.16,516.85,476.3,503.79,164879
2020-12-08,513.7,523.61,502.43,506.49,113499
2020-12-09,506.94,511.45,493.42,496.13,77270
2020-12-10,502.43,507.84,492.97,504.69,86977
2020-12-13,479.45,524.97,479.45,522.26,110589
2020-12-14,528.12,562.37,522.71,552.9,273113
2020-12-15,545.24,582.64,541.64,558.76,161533
2020-12-16,558.76,565.07,540.74,562.37,149009
2020-12-17,563.27,565.52,553.35,556.51,101916
2020-12-20,558.76,561.46,529.47,542.99,323164
2020-12-21,531.72,556.96,522.71,554.71,263971
2020-12-22,582.19,610.13,582.19,610.13,48213
2020-12-23,630.86,670.96,630.86,670.96,187508
2020-12-24,698.45,698.45,632.21,642.12,425873
2020-12-27,642.12,653.39,622.3,623.65,289737
2020-12-28,621.85,628.61,612.83,621.4,176237
2020-12-29,621.85,630.86,621.85,624.55,381895
2020-12-30,649.7,666.54,630.44,662.33,240703
2020-12-31,667.74,679.77,661.73,661.73,126022
2021-01-03,661.73,679.77,649.7,676.77,152668
2021-01-04,682.78,683.38,662.93,668.34,91228
2021-01-05,668.34,672.55,658.72,659.92,90991
2021-01-06,659.92,664.13,653.3,659.32,76530
2021-01-07,626.84,668.95,626.84,656.31,77627
2021-01-10,658.72,682.18,658.72,677.37,182457
2021-01-11,711.06,711.06,673.76,676.77,67113
2021-01-12,650.3,691.81,650.3,685.79,78962
2021-01-13,679.77,690.0,679.77,680.98,48737
2021-01-17,685.79,685.79,671.95,678.57,54196
2021-01-18,709.85,709.85,670.75,678.57,79293
2021-01-19,709.85,709.85,668.95,671.95,65561
2021-01-20,705.04,705.04,661.73,663.53,85123
2021-01-21,661.73,667.74,658.72,667.14,108401
2021-01-24,673.76,685.19,667.14,670.75,128981
2021-01-25,670.75,724.89,667.74,707.45,287254
2021-01-26,715.87,718.27,700.83,702.63,133717
2021-01-27,677.37,713.46,677.37,711.06,97355
2021-01-28,711.06,711.06,679.17,688.8,138051
2021-01-31,654.51,688.8,654.51,667.74,106925
2021-02-01,640.67,692.41,640.67,673.76,60104
2021-02-02,679.77,685.79,673.76,679.17,78197
2021-02-03,691.81,697.82,667.74,673.76,100026
2021-02-04,691.81,691.81,668.34,671.35,82322
2021-02-07,671.35,676.77,668.34,670.15,121996
2021-02-08,679.77,709.85,670.75,700.83,281400
2021-02-09,665.94,720.08,665.94,699.63,132993
2021-02-10,697.82,715.27,693.01,707.45,130150
2021-02-11,709.85,751.96,703.84,729.7,317291
2021-02-14,739.93,747.15,721.88,734.52,168891
2021-02-15,739.93,798.88,739.93,794.67,524258
2021-02-16,800.09,833.78,796.48,821.14,388814
2021-02-17,862.05,862.05,812.12,836.78,295552
2021-02-18,842.2,845.21,816.93,822.35,188406
2021-02-21,863.25,863.25,803.1,815.13,180791
2021-02-22,818.13,818.13,793.47,793.47,182067
2021-02-23,782.04,808.51,773.62,803.1,285817
2021-02-24,812.12,827.16,800.09,812.12,143200
2021-02-25,818.13,828.36,790.46,795.28,163157
2021-02-28,795.28,797.08,774.22,779.63,176137
2021-03-01,757.38,791.06,757.38,790.46,102909
2021-03-02,794.07,795.88,751.96,766.4,133848
2021-03-03,756.77,763.99,737.52,748.35,152652
2021-03-04,762.79,790.46,757.98,782.04,155720
2021-03-08,782.04,785.05,764.59,773.02,67034
2021-03-09,782.04,782.04,760.38,767.0,81515
2021-03-10,804.9,804.9,753.17,754.97,69416
2021-03-14,751.96,751.96,724.89,730.91,169858
2021-03-15,726.7,737.52,715.87,724.89,163239
2021-03-16,688.8,736.92,688.8,726.09,115007
2021-03-17,730.91,736.32,721.88,733.31,96573
2021-03-18,769.41,769.41,730.91,747.75,91022
2021-03-21,751.96,766.4,751.96,757.98,110107
2021-03-22,764.59,779.03,744.74,748.35,93451
2021-03-23,748.95,748.95,739.33,742.34,55201
2021-03-24,751.96,756.17,739.93,745.34,53495
2021-03-25,749.56,754.97,734.52,738.13,55649
2021-03-29,738.13,747.75,738.13,741.13,51438
2021-03-30,741.13,745.95,739.93,743.54,97016
2021-03-31,745.34,785.05,744.74,778.43,187475
2021-04-01,778.43,792.87,770.01,771.81,107609
2021-04-04,810.31,810.31,777.83,791.67,183452
2021-04-05,791.06,801.29,783.85,791.06,117881
2021-04-06,790.46,796.48,782.04,788.66,103143
2021-04-07,788.06,802.49,788.06,792.27,98854
2021-04-08,797.08,805.5,791.67,800.09,134432
2021-04-12,803.7,818.13,794.07,810.92,182723
2021-04-13,770.61,830.77,770.61,830.17,209373
2021-04-15,871.67,871.67,812.12,824.15,168272
2021-04-18,824.15,824.15,800.09,803.1,173524
2021-04-19,809.11,809.11,788.06,792.87,142099
2021-04-20,792.87,808.51,785.05,791.06,120001
2021-04-21,830.17,830.17,776.02,778.43,109757
2021-04-22,779.03,786.25,770.01,780.84,125239
2021-04-25,818.74,818.74,754.97,763.99,165129
2021-04-26,751.96,770.61,739.93,742.94,156529
2021-04-27,740.53,770.01,740.53,769.41,107145
2021-04-28,751.36,782.04,751.36,760.38,84413
2021-04-29,761.59,767.0,756.17,763.99,75819
2021-05-02,779.03,779.03,760.99,767.0,93567
2021-05-03,782.04,784.45,767.0,772.42,117310
2021-05-04,781.44,781.44,764.59,766.4,80193
2021-05-05,776.02,776.02,760.99,761.59,67433
2021-05-06,765.8,765.8,757.98,760.99,60497
2021-05-09,760.99,766.4,751.96,757.38,94346
2021-05-10,760.38,765.8,754.97,757.98,67445
2021-05-11,755.57,766.4,755.57,760.99,95404
2021-05-12,760.99,767.0,757.38,759.18,94423
2021-05-13,763.99,763.99,757.98,762.19,76245
2021-05-16,760.99,782.04,760.99,774.82,165718
2021-05-17,781.44,794.07,781.44,786.85,103727
2021-05-18,825.96,825.96,784.45,786.85,73064
2021-05-19,825.96,825.96,776.02,783.24,103756
2021-05-20,806.1,806.1,771.21,782.04,65407
2021-05-23,767.0,789.86,767.0,789.26,107284
2021-05-24,828.36,828.36,788.06,794.07,127131
2021-05-25,773.62,799.49,773.62,785.65,85759
2021-05-27,782.04,783.24,771.21,778.43,108286
2021-05-30,778.43,791.67,778.43,782.04,90621
2021-05-31,782.04,789.26,771.21,773.02,123090
2021-06-01,773.02,779.03,760.99,777.23,110156
2021-06-02,815.73,815.73,760.99,777.83,60397
2021-06-03,754.97,794.67,754.97,787.45,175139
2021-06-06,826.56,826.56,794.07,800.09,193387
2021-06-07,812.12,812.12,786.85,791.67,148222
2021-06-08,786.25,794.67,786.25,791.06,120498
2021-06-09,830.17,830.17,775.42,788.06,148864
2021-06-10,797.68,797.68,781.44,784.45,132428
2021-06-13,785.05,789.26,782.04,784.45,142630
2021-06-14,784.45,800.09,782.64,787.45,176408
2021-06-15,826.56,826.56,779.03,789.26,110411
2021-06-16,789.26,806.1,783.85,786.85,94402
2021-06-17,786.85,791.06,782.04,787.45,92288
2021-06-20,789.26,789.26,776.02,780.24,117221
2021-06-21,782.04,784.45,772.42,773.02,129080
2021-06-22,773.02,782.04,770.01,780.84,106023
2021-06-23,819.34,819.34,774.82,776.63,94681
2021-06-24,782.04,782.04,770.01,773.62,80446
2021-06-27,751.96,785.65,751.96,780.84,81126
2021-06-28,802.49,802.49,780.24,783.24,66695
2021-06-29,788.06,788.06,779.03,779.63,62112
2021-06-30,741.13,791.06,741.13,779.63,69882
2021-07-01,779.63,785.05,777.83,780.24,41519
2021-07-04,782.04,785.05,779.63,780.84,47249
2021-07-05,818.13,818.13,779.03,780.24,46953
2021-07-06,758.58,783.85,758.58,782.64,68703
2021-07-07,787.45,787.45,780.24,781.44,66773
2021-07-08,812.12,812.12,780.24,792.27,90493
2021-07-11,792.27,813.92,792.27,809.11,192294
2021-07-12,842.2,842.2,796.48,804.9,162964
2021-07-13,767.0,815.13,767.0,810.31,136946
2021-07-14,812.12,816.93,800.09,811.52,101853
2021-07-15,812.12,818.74,811.52,817.53,87922
2021-07-18,822.95,866.26,822.95,866.26,272476
2021-07-19,883.1,898.14,872.28,872.88,226566
2021-07-20,890.32,896.34,860.24,874.68,113294
2021-07-22,874.68,880.1,871.67,877.69,147151
2021-07-25,895.14,902.35,884.31,902.05,171727
2021-07-26,902.35,911.38,890.32,897.54,196175
2021-07-27,879.62,902.35,862.05,895.74,211397
2021-07-28,902.35,902.35,890.32,891.53,84254
2021-07-29,891.53,896.34,887.38,888.52,80443
2021-08-01,898.75,898.75,882.2,890.32,75284
2021-08-02,890.32,899.35,890.02,894.53,59355
2021-08-03,902.35,902.35,893.33,896.34,58914
2021-08-04,902.35,902.35,895.14,895.68,63649
2021-08-05,896.34,901.75,891.59,895.14,54477
2021-08-08,895.74,904.16,895.14,898.75,88896
2021-08-09,901.75,901.75,896.34,898.75,51624
2021-08-10,899.95,915.59,896.34,909.57,131079
2021-08-11,914.39,926.42,909.69,910.78,76570
2021-08-12,910.78,920.4,895.56,913.78,61561
2021-08-15,914.39,917.39,887.32,905.36,247612
2021-08-16,923.41,938.45,901.75,906.81,201928
2021-08-17,913.18,913.18,895.74,899.35,216309
2021-08-18,902.35,905.36,893.33,899.35,119338
2021-08-19,902.35,902.96,893.33,896.34,106885
2021-08-24,901.75,901.75,888.52,888.52,108363
2021-08-25,889.72,889.72,871.07,877.69,120921
2021-08-26,878.29,890.38,866.86,872.28,159476
2021-08-29,860.24,883.71,850.02,862.05,183055
2021-08-31,862.05,862.05,843.4,853.63,126285
2021-09-01,863.25,869.87,847.01,854.23,124665
2021-09-02,854.53,866.26,850.62,853.03,105395
2021-09-05,854.23,854.23,825.35,834.98,177307
2021-09-06,836.18,869.27,830.17,867.46,134284
2021-09-07,875.28,884.31,853.63,860.18,79191
2021-09-08,860.18,860.24,844.6,851.22,59583
2021-09-09,848.21,854.23,848.21,848.21,70348
2021-09-12,851.22,870.47,848.21,866.26,75225
2021-09-13,883.59,891.53,866.26,875.28,210616
2021-09-14,886.11,886.11,869.27,874.08,46726
2021-09-15,884.31,884.31,866.26,869.27,37192
2021-09-16,860.24,866.26,847.01,856.94,108701
2021-09-20,861.45,866.26,830.17,837.99,132043
2021-09-21,837.99,851.22,809.11,835.58,148677
2021-09-22,851.22,857.24,842.2,856.88,79284
2021-09-23,866.92,875.28,860.24,865.06,136670
2021-09-26,872.28,881.3,858.44,860.85,116113
2021-09-27,863.25,863.25,844.0,851.22,47830
2021-09-28,851.22,851.22,830.17,839.19,86659
2021-09-29,854.23,854.23,829.56,847.01,58596
2021-09-30,850.02,853.63,842.8,846.41,47037
2021-10-03,860.18,860.18,837.99,839.19,55819
2021-10-04,837.38,846.41,824.15,840.39,60200
2021-10-05,848.21,848.21,838.59,848.21,44358
2021-10-06,848.21,874.08,848.21,869.21,57353
2021-10-10,879.86,902.35,879.86,886.71,77855
2021-10-11,904.16,904.16,866.2,872.28,118043
2021-10-17,889.72,906.57,881.3,891.53,56389
2021-10-18,891.53,891.53,871.07,883.1,67707
2021-10-19,869.27,872.28,854.29,860.85,77881
2021-10-20,878.05,889.72,860.24,878.29,65244
2021-10-21,878.29,890.32,870.47,884.91,65682
2021-10-24,885.51,889.72,879.49,884.85,54884
2021-10-25,902.53,902.53,884.49,900.55,78485
2021-10-26,905.66,949.28,901.15,943.86,225327
2021-10-27,943.86,974.54,937.85,966.12,270557
2021-10-28,968.53,973.94,959.5,961.31,141749
2021-10-31,962.51,980.5,946.27,950.48,176045
2021-11-01,950.48,974.54,933.03,974.54,215086
2021-11-02,992.59,992.59,958.9,967.32,131659
2021-11-03,986.63,1046.73,986.63,994.39,705430
2021-11-08,998.61,998.61,965.52,971.35,186984
2021-11-09,971.35,971.35,944.46,949.88,188332
2021-11-11,949.88,950.48,926.42,932.43,199932
2021-11-14,944.46,947.47,926.42,931.23,107590
2021-11-15,933.64,948.07,926.42,926.42,104146
2021-11-16,932.43,941.46,930.09,937.85,74044
2021-11-17,944.46,944.46,931.23,936.04,99187
2021-11-18,954.75,954.75,930.03,930.63,89460
2021-11-21,938.45,941.46,925.21,928.82,75509
2021-11-22,928.82,935.38,926.42,930.03,80745
2021-11-23,932.43,932.43,921.6,924.61,62286
2021-11-24,929.43,932.43,918.6,929.43,54975
2021-11-25,930.63,932.43,923.41,925.21,64950
2021-11-28,925.21,925.21,914.39,916.19,85621
2021-11-29,916.19,920.4,907.17,918.0,60022
2021-11-30,923.41,923.41,913.6,914.99,52965
2021-12-01,923.59,923.59,916.19,916.91,36610
2021-12-02,916.91,920.4,907.77,909.57,60311
2021-12-05,910.78,910.78,884.91,886.71,108142
2021-12-06,869.27,899.35,851.22,893.33,118177
2021-12-07,910.72,910.78,887.32,887.32,60813
2021-12-08,887.32,890.32,872.28,876.37,47379
2021-12-09,875.89,877.69,862.65,874.02,56323
2021-12-12,874.08,881.3,854.53,854.83,80982
2021-12-13,854.83,854.83,820.54,821.8,130695
2021-12-14,837.99,878.29,830.17,878.29,64277
2021-12-15,878.29,902.35,849.42,872.28,90423
2021-12-16,872.28,878.29,854.83,860.24,43538
2021-12-20,866.2,866.2,849.42,854.23,58668
2021-12-21,856.03,873.78,856.03,873.78,98889
2021-12-22,878.29,897.54,875.28,893.33,79765
2021-12-23,898.75,901.75,884.91,893.33,51892
2021-12-26,911.2,944.95,905.96,916.79,209837
2021-12-27,931.83,932.43,893.33,901.75,201767
2021-12-28,902.35,902.35,889.84,890.32,170269
2021-12-29,901.75,902.35,872.28,872.28,326139
2022-01-02,889.69,925.46,872.81,919.43,263845
2022-01-03,924.25,932.29,913.8,913.8,130041
2022-01-04,913.8,915.41,897.89,899.34,116739
2022-01-05,901.75,914.61,892.1,893.63,75462
2022-01-06,892.91,902.55,883.75,895.32,67780
2022-01-09,900.14,907.37,892.1,894.51,126780
2022-01-10,894.51,900.06,888.97,893.15,120640
2022-01-11,893.71,897.73,888.49,895.96,102845
2022-01-12,900.14,900.14,889.69,889.69,105760
2022-01-13,892.1,893.71,887.28,892.1,92618
2022-01-16,900.14,921.84,892.1,916.21,176667
2022-01-17,933.9,947.56,916.21,947.48,113189
2022-01-18,948.36,971.67,948.36,956.4,116223
2022-01-19,974.88,974.88,940.41,945.95,73385
2022-01-20,949.97,949.97,932.29,946.76,47782
2022-01-23,946.76,946.76,928.27,933.09,79765
2022-01-24,936.31,936.31,904.16,905.77,96165
2022-01-25,912.2,920.23,892.1,907.45,52041
2022-01-26,907.37,912.12,896.12,900.94,61217
2022-01-27,900.94,908.18,896.12,897.73,56308
2022-01-30,915.41,915.41,905.85,912.2,59027
2022-01-31,923.45,923.45,904.16,905.77,38126
2022-02-01,908.1,908.1,899.58,901.02,54175
2022-02-03,917.42,919.03,900.94,901.75,61153
2022-02-06,908.18,908.18,890.9,891.3,71516
2022-02-07,893.71,893.71,888.89,891.3,68960
2022-02-08,906.57,907.37,888.89,889.69,51383
2022-02-09,892.1,892.1,882.46,884.79,59639
2022-02-10,884.87,884.87,880.05,881.74,62380
2022-02-13,880.05,880.05,859.15,859.96,87909
2022-02-14,859.96,867.19,855.13,855.13,68303
2022-02-15,872.01,872.01,856.82,863.97,53230
2022-02-16,880.85,880.85,860.2,867.99,46381
2022-02-17,868.8,879.24,859.96,867.19,34444
2022-02-20,859.96,863.97,839.86,853.53,61489
2022-02-21,859.96,862.37,854.33,857.54,39297
2022-02-22,867.99,867.99,859.15,860.36,41743
2022-02-23,871.21,872.01,855.94,857.95,29641
2022-02-24,855.94,857.54,842.27,844.69,72385
2022-02-27,844.69,844.69,835.84,836.65,43253
2022-02-28,843.88,851.12,833.43,835.84,45316
2022-03-02,835.84,842.27,803.7,808.52,74636
2022-03-06,792.36,819.77,792.36,806.03,64365
2022-03-07,811.73,813.34,803.7,813.26,47036
2022-03-09,813.26,819.77,808.52,810.05,35691
2022-03-10,794.62,818.16,794.62,818.16,31958
2022-03-13,832.63,867.99,831.02,867.19,57510
2022-03-14,884.07,884.47,868.8,877.64,23711
2022-03-15,884.07,884.07,863.97,867.19,44505
2022-03-16,867.19,875.23,851.92,855.13,25272
2022-03-20,867.99,867.99,848.14,851.92,28034
2022-03-21,863.97,863.97,840.67,845.49,32178
2022-03-22,851.92,855.94,842.35,843.88,35572
2022-03-23,851.92,851.92,838.26,841.47,29498
2022-03-24,849.51,849.51,832.63,835.84,34482
2022-03-27,847.9,847.9,817.36,819.77,37321
2022-03-28,827.0,827.0,811.73,817.36,36394
2022-03-29,803.78,827.81,803.78,810.93,53395
2022-03-30,799.68,808.52,798.07,808.52,101034
2022-03-31,815.75,819.69,803.7,805.3,62677
2022-04-03,811.81,811.81,799.68,801.29,42507
2022-04-04,803.7,805.3,799.68,801.29,56895
2022-04-05,803.7,803.7,789.23,790.84,87147
2022-04-06,789.23,795.66,773.96,775.57,69199
2022-04-07,775.65,784.41,774.76,778.78,76197
2022-04-11,787.62,799.68,779.59,780.39,70697
2022-04-12,795.66,795.66,770.02,771.55,45151
2022-04-13,779.59,781.19,765.92,780.39,35450
2022-04-17,787.62,795.66,779.59,780.39,35787
2022-04-18,781.19,785.21,767.53,768.33,51642
2022-04-19,763.51,772.35,751.46,762.71,66610
2022-04-20,762.71,763.51,752.26,755.48,37902
2022-04-21,759.49,762.71,737.95,751.46,55028
2022-04-24,756.28,764.72,747.44,764.72,47975
2022-04-25,775.57,787.62,752.26,756.2,54841
2022-04-26,756.2,761.1,752.26,753.79,27496
2022-04-27,754.67,759.17,746.8,751.38,34974
2022-04-28,750.65,761.1,745.03,745.83,43224
2022-05-02,753.47,753.47,736.59,739.4,39086
2022-05-04,739.4,743.42,722.52,730.56,37775
2022-05-05,731.36,735.38,723.33,724.85,50023
2022-05-08,723.33,731.36,707.25,714.49,46835
2022-05-09,714.49,728.95,714.49,720.51,40948
2022-05-10,732.97,732.97,720.92,731.12,40752
2022-05-11,735.38,753.87,735.38,749.85,37027
2022-05-12,763.27,764.32,747.44,747.44,54739
2022-05-17,747.44,751.46,729.76,731.36,26873
2022-05-18,735.38,737.79,727.59,734.58,24747
2022-05-19,746.63,746.63,720.11,729.76,29333
2022-05-20,724.13,735.38,723.33,728.15,25594
2022-05-23,728.15,756.28,721.72,722.52,45910
2022-05-24,722.52,727.35,720.92,721.0,33616
2022-05-25,735.38,735.38,721.72,723.33,38263
2022-05-26,737.79,737.79,720.92,722.2,39717
2022-05-27,723.33,723.33,720.11,721.72,39790
2022-05-30,723.33,724.13,708.06,715.29,44382
2022-05-31,715.29,715.29,695.2,703.23,45502
2022-06-01,704.04,709.66,696.0,696.81,32984
2022-06-02,710.39,710.39,689.57,692.71,36911
2022-06-03,687.16,700.74,677.52,679.12,43168
2022-06-06,679.12,691.58,673.42,679.93,41330
2022-06-07,683.14,685.55,667.07,668.27,34581
2022-06-08,665.54,687.16,665.46,677.52,43083
2022-06-09,687.16,694.39,679.93,680.25,45493
2022-06-10,683.14,687.16,675.11,681.62,26409
2022-06-13,683.14,683.14,678.96,679.93,27758
2022-06-14,679.93,679.93,670.28,673.9,38169
2022-06-15,673.5,673.5,650.99,663.05,33494
2022-06-16,659.84,669.48,655.01,663.05,30303
2022-06-17,671.09,671.09,656.62,656.62,16582
2022-06-19,656.62,659.43,654.21,655.82,49808
2022-06-20,654.21,654.21,637.33,638.86,51029
2022-06-21,638.94,642.15,629.29,636.53,54464
2022-06-22,642.15,642.88,625.28,628.49,43206
2022-06-23,622.87,624.47,601.17,601.97,73119
2022-06-24,601.97,602.77,583.48,594.74,32412
2022-06-26,606.63,626.88,602.77,622.87,88020
2022-06-27,634.92,650.99,622.87,626.88,89874
2022-06-28,638.14,638.14,614.83,625.28,35763
2022-06-29,626.88,642.15,618.85,638.94,28748
2022-06-30,642.96,671.09,642.96,671.09,46615
2022-07-01,683.14,696.0,669.48,687.96,42203
2022-07-03,687.96,715.29,687.96,714.49,71068
2022-07-04,723.33,736.19,718.34,719.31,114314
2022-07-05,719.31,723.33,691.26,700.82,50999
2022-07-06,711.27,714.49,672.69,694.39,58061
2022-07-07,694.39,712.08,678.32,679.12,51271
2022-07-08,679.12,680.73,663.45,663.85,30318
2022-07-11,667.87,667.87,636.53,636.53,69864
2022-07-12,639.74,646.9,632.51,640.47,42720
2022-07-13,642.96,652.6,641.35,651.8,59513
2022-07-14,663.85,676.07,649.79,656.62,54640
2022-07-15,666.99,666.99,656.62,662.25,22065
2022-07-17,665.46,671.09,659.84,667.07,28983
2022-07-18,668.68,672.69,663.05,668.68,29302
2022-07-19,679.04,679.12,668.68,673.5,48099
2022-07-20,680.89,683.14,671.89,679.12,32488
2022-07-21,680.73,691.02,675.91,687.16,36824
2022-07-22,687.16,687.16,671.89,675.03,26240
2022-07-24,685.55,696.0,681.54,691.18,41717
2022-07-25,699.94,714.33,699.22,711.27,53131
2022-07-26,719.31,719.31,695.6,696.0,49899
2022-07-27,696.0,699.22,685.55,696.0,43850
2022-07-28,707.25,707.25,695.2,696.0,43396
2022-07-29,696.0,707.25,695.2,699.14,17497
2022-07-31,706.45,708.86,700.02,708.06,52796
2022-08-01,719.23,721.32,707.25,708.78,47675
2022-08-02,708.06,710.47,699.22,704.84,27948
2022-08-03,707.25,709.66,690.46,692.79,93835
2022-08-04,706.61,706.61,683.14,683.14,37325
2022-08-05,683.14,683.14,656.62,658.79,171702
2022-08-07,658.79,665.46,644.56,656.62,156363
2022-08-08,659.03,659.84,642.96,645.37,134201
2022-08-09,649.39,649.39,632.67,633.39,130944
2022-08-10,632.51,639.74,627.69,634.92,82028
2022-08-11,642.96,646.17,634.92,637.33,56771
2022-08-14,642.96,642.96,632.51,634.12,56155
2022-08-15,637.33,642.48,634.12,642.48,52346
2022-08-16,648.5,649.39,641.35,642.15,49399
2022-08-17,642.15,643.76,637.33,638.54,53622
2022-08-18,642.96,646.98,638.94,644.56,51320
2022-08-21,644.56,655.01,642.96,643.76,44730
2022-08-22,646.98,647.78,638.94,642.15,46726
2022-08-23,642.96,645.37,640.55,644.48,29742
2022-08-24,647.78,650.99,642.96,644.56,38238
2022-08-25,649.39,650.91,642.15,642.96,40361
2022-08-26,642.96,644.56,638.94,639.66,19821
2022-08-28,638.94,642.88,634.92,637.73,55498
2022-08-29,637.33,641.35,628.49,634.92,35660
2022-08-30,634.12,638.94,629.29,634.52,56298
2022-08-31,634.92,641.35,631.3,631.71,35820
2022-09-01,634.92,635.72,627.69,630.1,42923
2022-09-02,631.71,634.92,627.69,630.82,55803
2022-09-04,629.29,634.84,624.47,626.8,80710
2022-09-05,630.9,630.9,622.87,623.75,58697
2022-09-06,630.1,630.1,617.24,617.24,73282
2022-09-07,616.44,619.65,613.22,613.38,33333
2022-09-08,614.02,614.83,609.2,610.81,44066
2022-09-11,610.81,616.44,606.79,610.01,41713
2022-09-12,606.79,611.61,601.41,606.79,54259
2022-09-13,614.83,620.45,603.58,618.85,77706
2022-09-14,622.87,644.56,622.06,642.15,82172
2022-09-15,652.6,653.24,626.08,627.69,58510
2022-09-16,617.24,626.8,611.61,620.45,38993
2022-09-18,626.88,626.88,612.98,614.02,44695
2022-09-20,614.83,618.04,602.13,602.37,62804
2022-09-21,604.38,617.4,602.77,612.5,44522
2022-09-22,614.83,618.85,606.79,610.01,33966
2022-09-25,610.01,610.01,599.56,605.1,57127
2022-09-27,602.77,623.67,602.77,618.85,34179
2022-09-28,624.47,624.47,616.44,616.44,34948
2022-09-29,624.47,626.88,618.04,626.88,37569
2022-10-09,628.25,649.39,628.25,648.58,44112
2022-10-10,661.52,661.52,637.97,640.55,59995
2022-10-11,642.96,642.96,633.31,636.53,39129
2022-10-12,640.55,640.55,632.67,638.14,30352
2022-10-13,638.14,646.17,634.92,639.74,42798
2022-10-16,639.74,641.35,634.92,638.14,33880
2022-10-17,638.94,642.56,637.33,638.14,35066
2022-10-19,638.94,642.96,634.92,641.75,30433
2022-10-20,642.96,643.76,635.72,640.14,29921
2022-10-23,642.96,650.91,640.14,649.39,42040
2022-10-31,650.99,658.23,650.19,655.82,46691
2022-11-01,657.42,674.78,653.41,671.09,71557
2022-11-02,671.09,678.32,663.05,667.07,67918
2022-11-03,667.07,671.09,659.19,662.25,35595
2022-11-06,667.07,670.28,659.11,667.95,46206
2022-11-07,676.31,676.71,668.68,670.28,37460
2022-11-08,664.66,671.09,664.66,669.48,20635
2022-11-09,670.28,696.4,661.12,661.84,46477
2022-11-10,672.69,672.69,654.21,655.01,33090
2022-11-13,655.82,660.64,650.99,651.8,29230
2022-11-14,655.01,655.01,645.37,654.21,29743
2022-11-15,664.66,664.66,654.21,657.34,25680
2022-11-16,659.84,659.84,654.21,658.63,20391
2022-11-17,659.84,666.26,659.84,664.9,28777
2022-11-22,665.46,675.11,664.98,666.26,26547
2022-11-23,667.07,671.09,660.72,662.73,22341
2022-11-24,667.07,668.68,659.03,667.87,32640
2022-11-27,668.68,704.04,668.68,704.04,139753
2022-11-28,715.29,715.29,699.22,702.43,82399
2022-11-29,704.04,707.25,696.56,704.84,49511
2022-11-30,705.65,710.07,699.3,708.86,47288
2022-12-01,695.2,735.38,695.2,733.78,159865
2022-12-04,741.01,747.44,706.69,708.86,221592
2022-12-05,696.0,719.31,696.0,709.66,95864
2022-12-06,723.81,723.81,703.32,713.68,54482
2022-12-07,710.47,715.29,706.45,708.06,51341
2022-12-11,707.25,707.25,677.36,679.93,87795
2022-12-12,679.93,679.93,644.32,655.01,261519
2022-12-13,655.82,656.54,646.73,648.66,88690
2022-12-14,648.58,657.42,648.58,649.39,52009
2022-12-15,655.01,655.01,645.77,646.17,58542
2022-12-18,650.99,650.99,637.33,638.14,67787
2022-12-19,638.94,642.96,638.14,640.55,40026
2022-12-20,642.96,648.58,640.55,642.96,42079
2022-12-21,655.82,655.82,642.96,648.58,48877
2022-12-22,650.19,651.8,643.04,650.99,66052
2022-12-26,651.8,675.11,651.8,673.5,110057
2022-12-27,680.73,691.18,670.28,676.71,133855
2022-12-28,679.12,680.73,663.93,671.01,105429
2022-12-29,675.11,678.32,671.17,677.52,110579
2023-01-01,690.38,695.2,683.14,686.76,263159
2023-01-02,700.48,715.24,690.48,703.81,227630
2023-01-03,707.62,714.29,700.0,700.95,107994
2023-01-04,714.29,714.29,695.24,701.81,89872
2023-01-05,708.57,709.52,692.38,692.38,132642
2023-01-08,703.71,703.81,684.29,684.86,146327
2023-01-09,698.48,698.48,678.1,684.76,167381
2023-01-10,685.71,700.0,683.81,684.95,182296
2023-01-12,698.57,698.57,679.71,680.0,101205
2023-01-17,689.52,690.48,675.24,677.14,88101
2023-01-18,678.1,683.81,669.52,670.38,94709
2023-01-19,671.43,676.19,667.62,670.0,93648
2023-01-23,683.33,694.29,676.19,677.05,114807
2023-01-24,677.14,680.95,675.24,679.05,67781
2023-01-25,682.86,684.76,675.24,675.33,63311
2023-01-26,680.0,680.48,671.71,672.0,57638
2023-01-29,673.33,675.24,667.71,669.05,57268
2023-01-30,655.71,672.38,655.71,664.76,71228
2023-01-31,666.67,666.67,655.24,657.52,67697
2023-02-01,661.9,661.9,653.33,657.14,57940
2023-02-02,659.05,661.43,652.48,655.24,54429
2023-02-05,657.14,664.76,645.71,648.57,84062
2023-02-06,649.52,655.24,642.86,645.05,54726
2023-02-07,645.05,659.05,645.05,658.95,69751
2023-02-08,671.43,672.1,652.38,655.24,75546
2023-02-09,657.14,664.76,643.81,660.0,83791
2023-02-12,656.19,657.14,647.62,650.48,53279
2023-02-14,650.48,650.48,641.9,642.86,59511
2023-02-15,642.86,655.71,638.19,642.38,39631
2023-02-16,642.86,643.81,637.14,638.29,57195
2023-02-20,638.29,638.29,629.52,630.95,53643
2023-02-22,642.67,656.67,632.57,646.57,57464
2023-02-23,645.71,646.67,633.33,637.14,47679
2023-02-26,636.19,638.1,620.95,631.9,57017
2023-02-27,640.0,642.95,626.67,629.52,41206
2023-02-28,633.33,637.14,624.86,625.71,31890
2023-03-01,625.71,628.57,622.86,623.81,35796
2023-03-02,620.95,621.9,617.14,618.19,59279
2023-03-05,619.05,619.05,604.76,606.95,54153
2023-03-07,609.52,611.43,606.67,608.57,41137
2023-03-09,610.48,618.0,610.48,616.19,55564
2023-03-12,619.05,621.9,604.76,606.57,51762
2023-03-13,594.48,604.76,594.48,599.9,55971
2023-03-14,603.81,603.81,593.33,595.24,55015
2023-03-15,595.24,598.1,588.57,588.57,69209
2023-03-16,593.33,593.33,576.19,583.81,65028
2023-03-19,595.24,595.24,576.19,577.14,50724
2023-03-20,578.1,584.48,577.62,583.81,51889
2023-03-22,585.71,590.38,580.95,583.81,59448
2023-03-23,580.95,582.86,574.29,576.19,63514
2023-03-26,576.67,576.67,567.62,567.62,58085
2023-03-27,567.62,576.19,560.1,575.24,68181
2023-03-28,578.1,583.33,573.33,577.62,48081
2023-03-29,580.95,580.95,570.48,580.0,31811
2023-03-30,582.86,582.86,572.0,574.29,33868
2023-04-02,574.29,580.95,566.67,569.33,39669
2023-04-03,571.43,571.43,559.05,561.81,61504
2023-04-04,566.67,566.67,558.19,560.95,41355
2023-04-05,566.67,566.67,560.0,561.9,39978
2023-04-06,566.67,571.43,560.0,564.0,49701
2023-04-09,561.9,561.9,550.57,552.38,99562
2023-04-10,552.38,560.0,549.52,554.38,46442
2023-04-11,565.43,565.43,554.38,563.81,39186
2023-04-12,575.05,600.86,569.52,599.05,86971
2023-04-13,610.95,613.14,580.95,589.43,72785
2023-04-16,589.43,600.0,583.81,587.62,25772
2023-04-17,587.62,595.24,585.71,586.67,28045
2023-04-18,575.24,590.48,575.24,586.67,32979
2023-04-19,574.95,597.14,574.95,590.48,59588
2023-04-20,579.05,601.9,579.05,590.48,41287
2023-04-23,590.48,591.43,578.76,580.0,34734
2023-04-24,580.95,582.86,574.29,576.19,35512
2023-04-25,577.14,578.1,571.43,576.67,44615
2023-04-26,578.57,580.95,574.76,575.24,40984
2023-04-27,573.33,576.67,569.52,571.43,54508
2023-04-30,576.19,576.19,564.76,568.57,54304
2023-05-02,557.24,579.05,557.24,570.95,30177
2023-05-03,571.43,571.43,566.67,570.0,22982
2023-05-04,571.43,571.43,566.67,570.38,32806
2023-05-07,571.43,571.43,564.86,566.67,28270
2023-05-08,566.67,566.67,562.86,564.76,27670
2023-05-09,554.1,582.86,554.1,566.67,34345
2023-05-10,571.43,571.43,560.95,561.9,59646
2023-05-11,561.9,565.71,560.95,561.9,26707
2023-05-14,561.9,572.38,555.71,557.05,52485
2023-05-15,556.19,566.67,555.33,556.0,34630
2023-05-16,563.81,563.81,554.29,556.19,37052
2023-05-17,561.9,565.71,558.1,561.9,28470
2023-05-18,561.9,571.43,561.9,561.9,50008
2023-05-21,572.38,581.9,566.67,566.76,45034
2023-05-22,571.43,572.38,563.81,570.48,27093
2023-05-23,576.19,578.1,569.52,576.67,41814
2023-05-24,576.19,584.67,574.29,577.14,39756
2023-05-28,580.95,585.71,571.43,572.38,69792
2023-05-30,571.43,573.33,556.19,559.33,76105
2023-05-31,557.14,563.81,548.19,553.81,57976
2023-06-01,556.19,561.9,552.38,559.81,38294
2023-06-04,559.81,578.0,559.81,567.05,34455
2023-06-05,571.33,577.14,562.86,562.86,28519
2023-06-06,562.0,570.48,561.9,563.52,29785
2023-06-07,563.52,570.48,562.86,563.14,33681
2023-06-08,561.9,566.67,559.05,562.76,36616
2023-06-11,557.14,568.29,557.14,565.71,52568
2023-06-12,571.43,573.33,566.67,568.57,39241
2023-06-13,571.33,572.38,566.67,568.57,67044
2023-06-14,574.29,575.24,568.57,570.48,117524
2023-06-15,580.95,580.95,567.62,569.52,39563
2023-06-18,571.43,572.38,566.76,567.62,77802
2023-06-19,569.52,576.38,564.86,565.71,69002
2023-06-20,570.48,574.29,566.67,566.95,77314
2023-06-21,571.43,571.43,561.05,562.0,74080
2023-06-22,566.67,568.57,557.52,560.48,57079
2023-06-25,565.71,565.71,553.81,559.05,123731
2023-06-26,564.76,564.76,557.33,558.1,125517
2023-06-27,564.76,580.86,559.05,579.9,184325
2023-06-28,590.48,602.86,576.19,577.14,151880
2023-07-02,585.71,585.71,562.86,565.71,111991
2023-07-03,565.71,565.71,556.19,557.05,111999
2023-07-04,557.24,561.9,556.19,558.1,69678
2023-07-05,546.95,568.67,546.95,554.86,70629
2023-07-06,556.19,565.71,552.38,554.38,61889
2023-07-09,561.9,565.33,554.29,555.24,79385
2023-07-10,564.76,564.76,553.33,555.24,88478
2023-07-11,556.19,559.05,552.38,555.24,88236
2023-07-12,557.14,561.81,557.14,558.1,51194
2023-07-13,546.95,569.43,546.95,561.9,66352
2023-07-16,566.67,577.05,561.9,570.67,73028
2023-07-17,578.1,582.86,569.52,581.9,73868
2023-07-18,591.33,592.0,580.95,583.81,76424
2023-07-19,589.52,589.52,582.86,587.43,76090
2023-07-20,590.48,598.95,590.48,594.29,124603
2023-07-23,600.0,618.67,595.43,618.1,147953
2023-07-24,619.05,621.9,605.71,608.57,172938
2023-07-25,609.52,609.52,591.43,593.9,103484
2023-07-26,599.05,599.52,588.57,593.81,56916
2023-07-27,595.24,598.1,586.67,588.57,80901
2023-07-30,593.33,594.19,584.76,586.67,79973
2023-07-31,576.19,593.33,576.19,585.71,55627
2023-08-01,590.48,591.43,581.9,582.0,41626
2023-08-02,590.38,590.48,580.0,583.81,36975
2023-08-03,588.57,591.43,582.86,583.81,44414
2023-08-06,595.43,607.33,578.1,582.86,113739
2023-08-07,582.86,585.62,573.33,580.95,78727
2023-08-08,580.95,584.76,571.43,571.43,58044
2023-08-09,575.24,575.24,565.71,574.29,58335
2023-08-10,575.24,578.38,573.33,577.62,47833
2023-08-13,579.05,580.95,571.43,574.76,60137
2023-08-14,563.33,576.19,563.33,574.1,43883
2023-08-15,572.38,572.38,568.19,570.48,65912
2023-08-16,570.48,571.43,561.9,563.81,53322
2023-08-17,573.81,574.0,563.81,564.76,32425
2023-08-20,566.67,568.57,560.0,563.71,58801
2023-08-21,561.9,570.38,557.14,563.33,40222
2023-08-22,563.81,571.43,561.9,565.71,41686
2023-08-23,565.71,571.33,563.9,570.48,29155
2023-08-24,566.67,571.43,562.95,564.29,43106
2023-08-27,564.29,566.67,561.05,561.9,45941
2023-08-28,567.62,567.62,561.9,562.0,25988
2023-08-29,563.9,567.62,560.1,561.9,29237
2023-08-30,567.62,567.62,558.29,559.33,51037
2023-09-03,559.33,561.9,555.24,556.19,46707
2023-09-04,556.19,559.05,547.9,556.19,66419
2023-09-05,558.1,561.81,552.95,554.1,27803
2023-09-07,557.14,557.14,549.05,549.71,51168
2023-09-10,551.33,554.29,549.52,552.38,51489
2023-09-11,559.05,560.95,550.76,560.67,70550
2023-09-12,569.52,570.48,555.24,556.19,42149
2023-09-13,553.33,561.9,553.33,560.0,40108
2023-09-17,571.14,579.05,561.9,564.76,72674
2023-09-18,563.81,563.81,557.14,562.95,36430
2023-09-19,563.81,569.52,558.1,560.95,31416
2023-09-21,562.86,574.29,562.86,564.76,38690
2023-09-24,564.76,569.52,558.86,563.81,51424
2023-09-25,562.95,570.38,560.0,566.67,50135
2023-09-26,574.29,574.29,563.81,565.71,23327
2023-09-27,571.43,575.24,561.9,563.33,30539
2023-10-01,561.9,563.33,556.19,557.14,37802
2023-10-02,555.24,560.38,551.9,555.24,44667
2023-10-03,557.14,560.95,554.38,556.19,47601
2023-10-04,558.86,558.86,552.86,556.0,47450
2023-10-05,552.57,556.76,552.38,554.0,54791
2023-10-08,565.05,565.05,547.14,547.62,92585
2023-10-09,551.43,552.38,543.81,544.57,61332
2023-10-10,544.76,547.62,540.95,541.9,60468
2023-10-11,542.86,543.71,539.52,540.0,58358
2023-10-12,542.86,542.86,533.81,539.9,50839
2023-10-16,550.48,550.48,539.52,540.95,30777
2023-10-17,551.43,552.38,542.86,544.86,37883
2023-10-18,555.24,561.81,545.71,561.43,27895
2023-10-19,568.1,568.1,558.1,561.9,66181
2023-10-29,561.9,562.29,551.62,553.33,37365
2023-10-30,547.62,552.38,544.76,552.38,39951
2023-10-31,551.43,557.14,547.62,550.48,25726
2023-11-01,547.62,552.38,547.62,550.1,18731
2023-11-02,554.29,554.29,544.76,545.62,36808
2023-11-05,544.76,545.71,537.14,539.05,50715
2023-11-06,542.86,549.52,540.0,540.95,29139
2023-11-07,550.29,550.29,540.0,542.76,32456
2023-11-08,543.81,547.62,540.95,544.29,28864
2023-11-09,544.29,544.29,541.9,542.1,25721
2023-11-20,544.76,545.24,535.24,538.1,37308
2023-11-21,539.05,547.62,533.33,534.29,33672
2023-11-22,536.19,536.19,531.43,534.29,38556
2023-11-23,523.71,523.71,481.05,490.48,254979
2023-11-26,485.71,508.0,475.24,508.0,143911
2023-11-27,514.29,514.29,497.14,500.95,35690
2023-11-28,504.57,504.57,490.95,492.38,32419
2023-11-29,492.38,495.24,484.67,487.52,46655
2023-11-30,487.62,487.62,482.86,484.67,34128
2023-12-03,491.43,491.43,480.95,481.9,33642
2023-12-04,474.29,485.71,474.29,478.1,35110
2023-12-05,480.0,485.71,478.1,478.19,34084
2023-12-06,483.81,484.76,476.19,480.95,23989
2023-12-07,489.05,489.52,477.14,483.43,16317
2023-12-10,492.19,504.76,489.52,503.33,5437
2023-12-11,513.33,513.33,495.24,497.14,71048
2023-12-12,502.86,502.86,495.24,496.38,61512
2023-12-13,504.76,504.76,495.24,496.19,62488
2023-12-14,500.0,502.76,496.19,497.9,63175
2023-12-17,490.48,494.19,469.52,488.57,136029
2023-12-18,489.24,494.76,485.71,488.57,110278
2023-12-19,498.29,498.29,489.52,493.33,91419
2023-12-20,500.0,502.86,493.9,495.24,145825
2023-12-21,495.24,500.0,495.24,498.1,91036
2023-12-24,498.1,501.9,490.48,490.48,85406
2023-12-27,495.24,495.24,483.81,483.81,70880
2023-12-28,475.24,489.52,475.24,481.9,55161
2024-01-01,488.57,488.57,480.95,481.81,56006
2024-01-02,481.9,485.71,474.29,476.1,97243
2024-01-03,476.19,477.62,465.33,472.38,150208
2024-01-04,474.29,477.05,471.43,471.9,93743
2024-01-07,476.19,476.19,466.19,466.67,97677
2024-01-08,471.43,471.43,464.76,464.86,109400
2024-01-09,464.86,471.43,464.86,466.67,123332
2024-01-10,471.43,476.19,466.67,468.57,91478
2024-01-11,475.24,476.1,466.67,469.52,52810
2024-01-14,476.19,477.14,470.0,470.95,66912
2024-01-16,476.19,478.1,474.29,477.14,126928
2024-01-17,479.52,487.62,479.05,480.0,111028
2024-01-18,482.86,482.86,474.29,474.29,78196
2024-01-21,480.0,480.0,468.57,469.52,85324
2024-01-22,471.43,471.43,463.33,465.71,106960
2024-01-23,465.71,472.38,460.95,461.43,102618
2024-01-24,468.57,469.52,460.95,461.81,75048
2024-01-25,469.05,469.05,460.19,464.76,78635
2024-01-28,473.33,473.33,464.48,467.62,62690
2024-01-29,468.57,471.43,461.9,464.76,112649
2024-01-30,461.9,470.48,461.9,463.81,58884
2024-01-31,465.71,466.67,461.52,461.52,101519
2024-02-01,470.67,470.67,457.14,457.71,88972
2024-02-04,457.71,460.86,454.29,454.29,79654
2024-02-05,458.1,458.1,452.29,452.38,65154
2024-02-06,456.19,460.95,452.38,452.38,62626
2024-02-07,461.43,461.43,451.9,452.48,72757
2024-02-08,453.33,457.14,452.38,453.81,40791
2024-02-11,462.86,462.86,451.9,452.38,87081
2024-02-12,453.33,454.29,451.43,454.29,48708
2024-02-13,454.29,457.05,446.76,449.05,83243
2024-02-14,449.05,449.05,442.38,443.33,63187
2024-02-15,442.86,443.81,440.0,440.48,51339
2024-02-18,434.29,442.86,433.81,435.9,65595
2024-02-20,434.29,438.1,426.67,427.62,90305
2024-02-21,428.57,433.14,426.67,427.62,61605
2024-02-22,428.57,431.33,421.9,423.81,62441
2024-02-25,423.81,423.81,413.33,415.71,68284
2024-02-26,415.71,419.05,409.62,413.33,63611
2024-02-27,413.33,419.05,411.9,416.95,44089
2024-02-28,420.95,420.95,414.29,414.29,32394
2024-02-29,414.29,414.29,408.57,409.05,84087
2024-03-03,409.05,411.43,401.9,403.81,57099
2024-03-04,411.81,436.48,411.43,436.48,14359
2024-03-05,437.14,437.14,414.29,424.76,85486
2024-03-06,426.67,428.57,419.05,420.95,46408
2024-03-07,428.57,428.57,420.95,424.29,27778
2024-03-10,426.67,429.52,425.71,428.38,38263
2024-03-12,436.86,447.62,433.33,446.67,62909
2024-03-13,454.29,457.05,444.76,450.48,66733
2024-03-14,457.14,457.14,446.0,449.43,48287
2024-03-17,455.24,457.14,440.0,441.9,51485
2024-03-18,450.48,450.48,437.14,439.05,36185
2024-03-19,438.1,440.0,434.29,438.1,34096
2024-03-20,440.95,442.86,434.29,435.24,31882
2024-03-21,438.0,438.0,427.62,429.52,46500
2024-03-25,436.19,436.19,423.24,423.81,33441
2024-03-26,423.9,426.67,419.05,420.76,40492
2024-03-27,420.95,425.71,419.05,419.52,30220
2024-03-28,420.95,422.86,419.05,421.43,32919
2024-03-31,421.9,426.67,417.05,419.05,55639
2024-04-01,416.19,418.1,411.43,418.1,44256
2024-04-02,416.19,419.05,411.43,415.24,26386
2024-04-03,418.1,418.1,411.43,413.33,40271
2024-04-04,413.33,415.24,412.1,413.33,37125
2024-04-07,413.33,417.14,409.62,417.14,83715
2024-04-09,425.43,425.43,411.43,418.1,51408
2024-04-10,419.05,420.95,415.24,417.14,46883
2024-04-14,417.14,424.76,415.81,417.14,37958
2024-04-15,417.14,418.1,413.43,414.29,33297
2024-04-16,414.29,414.29,410.48,412.38,33034
2024-04-18,413.33,413.33,408.57,409.43,39409
2024-04-21,416.19,416.19,401.9,407.62,68601
2024-04-22,407.62,414.29,407.62,408.57,30359
2024-04-24,409.52,414.29,408.1,408.57,35268
2024-04-25,408.57,412.38,406.67,406.95,52043
2024-04-28,415.05,415.05,406.67,406.67,43925
2024-04-29,414.76,414.76,404.29,408.57,51708
2024-04-30,416.67,416.67,405.71,410.95,44100
2024-05-02,419.14,419.14,407.14,409.05,47931
2024-05-05,409.52,411.43,404.76,405.71,41759
2024-05-06,406.67,406.67,402.86,403.81,26747
2024-05-07,402.19,410.19,401.81,401.9,38545
2024-05-08,406.67,406.67,401.9,404.29,18323
2024-05-09,407.62,407.62,399.05,402.57,40811
2024-05-12,401.05,404.76,400.0,401.9,44038
2024-05-13,405.71,410.95,402.29,410.29,68228
2024-05-14,414.76,414.76,409.52,412.86,35940
2024-05-15,419.05,420.0,413.33,413.33,36943
2024-05-16,421.52,421.52,407.62,410.48,40117
2024-05-19,418.67,418.67,411.62,416.19,47893
2024-05-20,421.9,441.33,420.0,436.19,97887
2024-05-21,438.1,458.1,435.24,458.0,144313
2024-05-22,458.0,490.48,458.0,489.52,307056
2024-05-26,490.48,506.67,482.86,492.38,257882
2024-05-27,498.95,498.95,476.38,483.71,101039
2024-05-29,480.95,497.14,465.24,465.71,124575
2024-05-30,461.9,468.57,447.43,455.52,104947
2024-06-02,453.33,467.14,453.33,466.67,77895
2024-06-03,473.24,473.33,460.95,461.81,46126
2024-06-04,469.52,469.52,457.43,460.0,37907
2024-06-05,460.0,464.38,456.19,457.14,43444
2024-06-06,457.24,461.9,454.29,454.29,40452
2024-06-09,463.33,463.33,451.43,451.43,42853
2024-06-10,460.38,460.38,440.57,445.71,57462
2024-06-11,454.57,455.33,443.9,455.24,50026
2024-06-12,457.14,466.67,457.14,460.0,45437
2024-06-13,466.67,466.67,456.19,456.29,63580
2024-06-16,465.33,465.33,450.67,452.38,48170
2024-06-18,460.0,460.0,446.38,446.67,43382
2024-06-19,446.67,452.38,446.67,449.52,29603
2024-06-20,458.48,458.48,447.24,447.71,51724
2024-06-23,446.67,446.67,442.86,443.81,53680
2024-06-24,441.9,444.76,439.14,439.14,45036
2024-06-25,440.0,442.86,433.62,436.38,56926
2024-06-26,436.95,438.1,433.43,434.29,57007
2024-06-27,434.29,435.24,432.95,434.29,29699
2024-06-30,435.14,439.05,429.33,430.48,55043
2024-07-01,435.24,436.95,428.57,436.95,31786
2024-07-02,445.62,475.52,443.81,454.38,93437
2024-07-03,454.29,460.95,446.67,460.95,48855
2024-07-04,461.9,466.67,457.14,463.81,58487
2024-07-07,463.81,466.67,459.05,463.81,59675
2024-07-08,463.81,466.67,459.05,466.67,79001
2024-07-09,466.67,468.48,459.14,466.86,48124
2024-07-10,476.19,476.19,466.67,473.43,82435
2024-07-11,482.86,482.86,474.86,482.86,115571
2024-07-14,492.48,520.95,492.38,503.81,138178
2024-07-15,513.81,519.05,496.19,499.05,157693
2024-07-16,508.95,508.95,490.0,507.52,116735
2024-07-17,513.33,517.14,505.71,512.38,138575
2024-07-18,512.38,560.95,512.38,540.0,242256
2024-07-21,550.48,556.19,540.95,549.52,248449
2024-07-22,552.38,559.05,536.19,546.67,183975
2024-07-23,546.67,552.38,536.19,551.43,185075
2024-07-24,548.57,561.9,542.86,551.43,162758
2024-07-25,551.43,551.43,542.86,548.48,129069
2024-07-28,559.43,603.24,559.43,603.24,348250
2024-07-29,615.24,657.14,612.38,618.1,451587
2024-07-30,627.52,627.52,590.48,613.33,331425
2024-07-31,625.52,625.52,609.52,618.38,288592
2024-08-01,618.38,628.57,607.62,614.29,197788
2024-08-05,626.57,666.67,625.71,628.57,314107
2024-08-06,636.19,636.19,594.29,595.24,421596
2024-08-07,583.81,609.52,579.05,601.43,251049
2024-08-08,613.43,613.43,598.1,600.0,154915
2024-08-11,609.52,612.38,604.76,608.67,196534
2024-08-12,614.29,626.57,609.52,616.1,228497
2024-08-13,617.14,627.52,612.38,617.05,208455
2024-08-14,619.05,619.05,609.52,614.29,160074
2024-08-15,626.57,640.95,616.19,628.57,460088
2024-08-18,638.1,649.52,624.76,630.48,385734
2024-08-21,642.86,642.86,620.0,626.95,251551
2024-08-22,626.95,636.19,620.95,622.86,210335
2024-08-25,622.86,622.86,605.71,606.57,206816
2024-08-27,595.24,609.52,576.19,576.76,307846
2024-08-28,588.29,600.0,580.67,586.67,256298
2024-08-29,595.24,595.24,571.43,576.19,155077
2024-09-01,584.76,584.76,560.95,566.67,150454
2024-09-02,571.43,582.86,557.14,582.57,174550
2024-09-03,585.71,593.33,580.95,580.95,107180
2024-09-04,592.57,592.57,566.67,566.67,139235
2024-09-05,567.62,569.52,557.14,563.81,92820
2024-09-08,575.05,575.05,557.14,558.1,99880
2024-09-09,560.0,563.81,544.76,545.71,93805
2024-09-10,555.24,555.24,540.48,542.67,97919
2024-09-11,549.52,550.0,533.33,534.76,78865
2024-09-12,545.43,545.43,527.62,541.9,91654
2024-09-15,546.67,561.9,542.86,543.81,100482
2024-09-16,543.81,543.81,533.43,534.48,56485
2024-09-18,535.24,538.1,523.81,529.52,68886
2024-09-22,529.52,550.48,529.52,535.24,55026
2024-09-23,545.9,545.9,528.57,540.95,123568
2024-09-24,540.0,540.0,525.81,527.14,66337
2024-09-25,523.81,533.33,519.14,528.57,50441
2024-09-26,528.76,535.24,522.86,523.81,50686
2024-09-29,523.81,523.81,514.29,515.71,46227
2024-09-30,514.29,524.29,514.29,523.81,49497
2024-10-01,523.81,543.81,523.81,540.95,74522
2024-10-02,543.81,551.71,538.1,538.1,56823
2024-10-06,538.1,546.67,529.52,546.67,84468
2024-10-07,556.19,564.95,552.38,563.33,69067
2024-10-08,563.81,571.43,552.38,562.86,65705
2024-10-09,566.67,566.67,552.38,564.76,38505
2024-10-15,564.76,572.38,564.76,571.43,69441
2024-10-16,579.05,579.05,572.38,579.05,94498
2024-10-17,585.71,589.52,573.33,578.19,70872
2024-10-20,571.43,577.14,564.76,568.57,100302
2024-10-21,566.67,568.57,556.19,557.62,112249
2024-10-22,553.81,563.81,549.52,562.86,77275
2024-10-23,562.86,578.29,562.86,565.71,63996
2024-10-24,562.0,571.43,561.9,563.33,41245
2024-10-27,560.09,570.48,557.24,559.05,33289
2024-10-28,557.14,566.57,555.71,557.14,51581
2024-10-29,566.67,566.67,558.19,563.62,38978
2024-10-30,552.38,555.24,541.9,548.57,215581
2024-11-05,542.95,548.57,538.1,540.0,98344
2024-11-06,538.1,540.0,536.0,537.71,54129
2024-11-10,538.1,545.71,538.1,542.86,108867
2024-11-11,545.71,551.43,540.95,541.9,87145
2024-11-12,543.43,544.76,539.05,539.24,58126
2024-11-13,539.24,542.86,533.52,534.29,48085
2024-11-14,539.05,539.05,530.48,535.24,59666
2024-11-17,535.24,542.86,535.24,535.33,62749
2024-11-19,533.33,540.95,530.48,533.14,84892
2024-11-20,533.33,535.24,525.71,530.48,61578
2024-11-21,538.1,538.1,525.9,527.33,56753
2024-11-24,537.14,537.81,528.57,531.43,109617
2024-11-25,542.0,542.0,516.86,521.52,78417
2024-11-26,521.52,529.52,514.29,519.05,96250
2024-11-27,519.05,523.33,518.1,521.9,59923
2024-11-28,519.05,524.76,513.33,514.29,98283
2024-12-01,511.71,514.29,508.67,510.48,79422
2024-12-02,520.67,520.67,507.62,508.57,80685
2024-12-03,518.67,518.67,504.95,506.67,62719
2024-12-04,516.76,516.76,504.76,504.76,69630
2024-12-05,514.86,514.86,498.1,500.0,61452
2024-12-08,500.95,500.95,489.05,490.0,76545
2024-12-09,480.95,492.29,480.95,485.71,54624
2024-12-10,485.71,489.52,480.95,483.9,51966
2024-12-11,483.81,504.57,482.0,502.86,70328
2024-12-12,509.52,512.86,493.62,495.24,56954
2024-12-16,495.24,499.05,485.43,488.48,47147
2024-12-17,488.57,493.33,484.86,487.62,53169
2024-12-18,477.9,495.62,477.9,487.43,57475
2024-12-19,487.62,489.52,483.81,483.81,73723
2024-12-22,474.19,486.67,474.19,478.95,67080
2024-12-23,478.95,478.95,474.29,477.14,86473
2024-12-24,479.05,481.9,475.33,477.14,66517
2024-12-26,486.67,486.67,474.29,478.1,127622
2024-12-29,480.1,484.67,475.24,478.76,64296
2024-12-31,488.29,488.29,474.29,478.1,53222
2025-01-01,478.1,478.95,476.19,477.52,29808
2025-01-02,478.1,478.1,475.24,475.52,43634
2025-01-05,478.1,480.0,474.29,475.24,67379
2025-01-06,477.62,477.62,474.29,475.24,102420
2025-01-07,475.24,480.0,474.29,476.19,64195
2025-01-08,485.71,485.71,473.33,475.14,74206
2025-01-09,475.24,476.19,470.48,471.9,138476
2025-01-12,481.33,481.33,466.67,467.24,46984
2025-01-13,467.62,472.38,466.19,466.19,86269
2025-01-15,468.67,470.48,465.71,466.19,52957
2025-01-16,466.67,471.43,463.81,465.81,51859
2025-01-19,465.71,473.33,461.9,464.95,52392
2025-01-20,466.67,471.43,459.24,461.43,82199
2025-01-21,460.95,465.71,457.43,460.38,50098
2025-01-22,460.0,465.52,460.0,462.86,62780
2025-01-23,466.67,468.57,462.19,464.76,51932
2025-01-26,468.57,468.57,459.14,459.24,54531
2025-01-27,458.1,460.0,454.48,456.67,62150
2025-01-28,455.24,458.1,452.38,453.33,108959
2025-02-02,456.19,469.9,453.43,468.0,105241
2025-02-03,468.57,479.05,468.0,472.29,109341
2025-02-04,476.19,476.19,466.67,469.52,53987
2025-02-05,467.71,469.52,466.19,466.67,70028
2025-02-06,470.48,471.43,462.86,463.52,50451
2025-02-09,471.43,471.43,461.9,463.14,49012
2025-02-10,463.33,466.67,460.95,466.67,51838
2025-02-11,468.57,468.57,462.86,463.81,29647
2025-02-12,463.81,463.81,459.14,461.9,51961
2025-02-13,464.76,466.67,459.14,462.38,40707
2025-02-16,463.62,465.05,459.9,463.81,53350
2025-02-17,463.81,472.29,462.19,470.48,70310
2025-02-18,476.19,476.19,470.48,472.38,60431
2025-02-20,462.95,479.81,462.95,471.33,44322
2025-02-23,462.0,471.43,462.0,466.57,84304
2025-02-24,466.67,471.43,465.24,465.71,63464
2025-02-25,466.67,466.67,464.76,465.71,36470
2025-02-27,474.95,493.33,474.29,477.9,123140
2025-03-02,487.43,494.29,481.9,494.29,114489
2025-03-03,498.1,504.0,490.48,490.48,110922
2025-03-04,495.24,495.24,480.0,482.86,116499
2025-03-05,485.24,485.24,474.76,475.24,66686
2025-03-09,474.29,478.1,469.52,471.43,53038
2025-03-10,472.38,476.19,466.67,467.62,44625
2025-03-11,468.57,471.43,462.95,467.62,45903
2025-03-12,470.48,470.48,465.71,467.62,39132
2025-03-16,471.33,471.33,461.9,467.71,71238
2025-03-17,467.71,474.29,462.86,466.67,41530
2025-03-18,476.0,476.0,464.76,468.0,28929
2025-03-19,471.43,472.38,463.81,465.62,49272
2025-03-20,465.71,466.67,463.81,464.1,36716
2025-03-23,464.76,464.76,459.05,459.64,48632
2025-03-24,461.43,462.86,453.81,460.98,54964
2025-03-25,461.9,461.9,455.24,457.27,78144
2025-03-26,461.9,461.9,454.29,458.39,49757
2025-03-27,467.52,467.52,457.14,461.99,38210
2025-03-30,461.9,468.57,460.95,462.82,52866
2025-04-01,466.67,469.52,460.0,461.49,37377
2025-04-02,470.67,470.67,460.95,462.15,36189
2025-04-03,467.62,470.48,462.95,465.46,42041
2025-04-07,466.67,473.33,459.05,463.78,46130
2025-04-08,461.9,462.86,455.24,461.57,38820
2025-04-09,470.48,470.48,460.19,463.11,26187
2025-04-10,467.62,468.95,460.95,462.83,30292
2025-04-13,472.0,472.0,461.05,463.78,44237
2025-04-15,472.38,472.38,462.86,464.72,62586
2025-04-16,473.33,473.33,464.76,466.01,43376
2025-04-17,467.43,472.0,465.71,470.84,54656
2025-04-20,476.19,477.33,466.67,468.66,79228
2025-04-21,471.33,471.43,466.67,467.5,49104
2025-04-22,466.67,470.48,461.9,464.53,31332
2025-04-23,463.81,464.76,459.05,463.59,65014
2025-04-24,460.0,466.57,460.0,462.73,30597
2025-04-27,466.67,466.67,460.19,461.91,50578
2025-04-28,462.19,464.67,457.71,458.38,45746
2025-04-29,457.14,464.76,457.14,458.52,29998
2025-04-30,457.14,463.81,455.24,455.41,49915
2025-05-04,457.14,464.19,454.29,455.54,44594
2025-05-05,455.24,458.1,454.29,455.48,39597
2025-05-06,455.24,460.95,452.48,454.23,39968
2025-05-07,454.29,461.9,451.52,460.3,66388
2025-05-08,466.67,466.67,457.62,459.66,54724
2025-05-11,466.67,466.67,461.43,462.52,44892
2025-05-13,464.76,470.1,458.1,464.2,65061
2025-05-14,466.67,466.67,459.05,460.81,25028
2025-05-15,461.9,462.86,458.57,459.15,47247
2025-05-18,460.0,461.9,456.19,457.61,37266
2025-05-19,464.76,464.76,457.05,459.6,42039
2025-05-20,459.62,465.71,458.1,464.91,43243
2025-05-21,474.19,501.9,469.05,470.68,91325
2025-05-22,475.71,479.05,471.05,475.76,71455
2025-05-25,485.24,485.71,471.43,473.1,108411
2025-05-26,482.48,491.43,472.48,474.35,87620
2025-05-27,474.29,474.38,470.1,472.84,33750
2025-05-28,478.0,478.0,470.48,476.59,66059
2025-06-02,486.1,486.1,476.29,476.93,73634
2025-06-03,481.81,481.81,471.43,473.76,54808
2025-06-04,475.24,475.24,466.67,467.72,48051
2025-06-05,474.29,474.29,465.71,468.92,47113
2025-06-08,466.67,471.43,465.71,466.33,50694
2025-06-09,466.57,471.33,465.71,467.55,29647
2025-06-10,471.33,471.33,466.67,468.35,38403
2025-06-11,471.43,471.43,466.67,466.99,39951
2025-06-12,469.52,469.52,465.05,466.13,53316
2025-06-15,471.43,471.43,466.67,467.36,43276
2025-06-16,473.33,473.33,465.71,467.23,48455
2025-06-17,466.67,468.57,463.9,465.7,36559
2025-06-18,466.67,468.57,464.76,466.64,44689
2025-06-19,471.24,471.24,463.81,465.75,78016
2025-06-22,469.52,469.52,461.9,465.7,47834
2025-06-23,466.57,466.57,461.9,464.14,30576
2025-06-24,465.71,469.52,460.19,464.1,54280
2025-06-25,464.76,465.62,458.1,463.09,24807
2025-06-26,462.86,465.24,462.0,462.81,33097
2025-06-29,459.05,466.67,459.05,466.5,40790
2025-06-30,466.76,469.62,466.76,468.39,37425
2025-07-01,472.76,472.76,467.62,468.37,35495
2025-07-02,470.95,472.19,467.62,471.39,55089
2025-07-03,467.71,476.19,466.67,474.5,91180
2025-07-06,481.9,482.67,475.33,477.04,64130
2025-07-07,476.19,479.05,472.67,473.4,36175
2025-07-08,476.19,476.19,469.52,471.87,33006
2025-07-09,476.19,476.19,471.62,475.25,42721
2025-07-10,479.05,497.14,476.19,486.83,264663
2025-07-13,496.48,511.9,496.48,510.26,270279
2025-07-14,512.38,512.38,496.29,497.35,165976
2025-07-15,499.05,504.76,490.48,504.57,136308
2025-07-16,504.76,517.71,504.76,515.59,260180
2025-07-17,519.05,527.62,516.38,522.53,192877
2025-07-20,523.81,533.33,521.9,523.59,233008
2025-07-21,523.81,527.62,514.29,519.25,126936
2025-07-22,519.24,529.05,519.24,528.22,172337
2025-07-23,517.71,535.24,517.71,525.15,132486
2025-07-24,525.71,529.52,521.05,521.98,95913
2025-07-27,523.81,527.62,519.14,521.75,147629
2025-07-28,519.52,520.95,510.48,514.7,183214
2025-07-29,520.95,525.71,519.05,522.43,142244
2025-07-30,524.48,528.57,519.05,519.22,115662
2025-07-31,514.38,522.1,509.52,510.93,110940
2025-08-03,510.48,512.38,497.62,499.43,166184
2025-08-04,499.43,506.67,494.29,502.83,103313
2025-08-05,492.86,514.29,492.86,502.6,91553
2025-08-06,504.76,504.76,498.1,500.89,48952
2025-08-07,509.43,509.43,500.57,502.25,63502
2025-08-11,507.62,508.57,500.0,501.24,69423
2025-08-12,504.76,509.05,499.24,499.87,79172
2025-08-13,498.1,499.9,497.14,498.7,50014
2025-08-14,499.14,501.43,498.19,498.88,47263
2025-08-17,500.0,502.86,494.29,496.39,63880
2025-08-18,495.24,499.05,492.38,494.24,48703
2025-08-19,500.0,500.0,493.33,494.1,44459
2025-08-20,493.33,496.19,492.38,494.1,43704
2025-08-21,499.9,499.9,492.67,493.47,38427
2025-08-24,495.24,495.24,488.57,489.1,72676
2025-08-25,487.62,500.0,484.76,497.7,81167
2025-08-26,490.0,507.62,490.0,504.14,67932
2025-08-27,514.19,514.19,501.43,508.45,64476
2025-08-28,506.67,513.24,501.9,503.68,83641
2025-08-31,509.52,511.33,495.24,496.04,66938
2025-09-01,505.9,505.9,493.33,502.53,42334
2025-09-02,512.57,512.57,498.38,498.81,34983
2025-09-03,495.24,503.81,494.29,495.12,34096
2025-09-04,502.86,502.86,490.48,492.93,40199
2025-09-07,483.14,493.14,483.14,490.35,25831
2025-09-08,490.48,490.48,485.71,488.71,42962
2025-09-18,478.95,478.95,448.57,460.0,16660
2025-09-21,451.43,489.52,451.43,485.89,122490
2025-09-23,492.29,500.0,488.57,498.57,55373
2025-09-24,500.0,502.86,490.48,497.14,59254
2025-09-25,498.1,499.9,491.43,496.76,28626
2025-09-28,499.05,502.86,496.19,501.9,30997
2025-10-07,504.76,504.76,488.19,496.19,48977
2025-10-08,498.1,498.1,480.95,489.52,78401
2025-10-09,498.95,518.1,489.52,495.14,43284
2025-10-12,504.95,504.95,480.95,486.19,65413
2025-10-13,495.14,495.24,481.9,485.71,53374
2025-10-14,493.81,493.81,485.71,485.71,31168
2025-10-15,493.33,493.33,482.86,484.48,38107
2025-10-16,493.24,493.24,481.9,484.76,37341
2025-10-19,487.62,487.62,481.9,483.71,38379
2025-10-26,483.81,483.81,479.05,481.24,32708
2025-10-28,481.24,485.71,480.95,484.76,49884
2025-10-29,484.76,491.71,482.86,482.86,51578
2025-10-30,479.14,487.62,479.14,481.9,37178
2025-11-02,491.52,491.52,483.81,486.76,33330
2025-11-03,490.48,492.38,485.81,488.67,32079
2025-11-04,490.48,493.24,486.76,486.76,27560
2025-11-05,488.57,492.29,483.81,488.67,27044
2025-11-06,490.48,492.38,482.57,483.14,46224
2025-11-09,485.71,490.38,482.86,484.29,39600
2025-11-10,484.76,485.71,481.9,484.76,49391
2025-11-11,485.71,485.71,481.24,483.71,21898
2025-11-12,483.81,484.67,480.0,480.0,29577
2025-11-13,481.05,481.05,478.1,479.05,32775
2025-11-16,479.05,482.76,477.14,479.52,31462
2025-11-17,480.0,485.62,480.0,483.81,24130
2025-11-18,483.81,485.71,481.52,482.95,24383
2025-11-19,486.67,486.67,480.95,482.86,18121
2025-11-20,483.81,483.81,479.05,481.9,27947
2025-11-23,480.95,486.19,480.95,485.24,48408
2025-11-24,483.81,489.43,482.86,488.57,22139
2025-11-25,493.33,493.33,484.29,486.19,29221
2025-11-26,485.71,488.57,482.86,486.67,35156
2025-11-27,486.67,492.38,484.76,490.38,50106
2025-11-30,493.33,497.14,488.57,488.76,40956
2025-12-01,494.67,494.67,486.19,487.62,21944
2025-12-02,487.62,492.19,485.71,488.1,39306
2025-12-03,490.48,490.48,485.71,485.9,25319
2025-12-07,478.1,485.71,478.1,479.05,88964
2025-12-08,479.05,479.05,471.43,471.43,81912
2025-12-09,476.19,476.19,467.71,472.38,55413
2025-12-10,476.19,476.19,469.52,471.14,29665
2025-12-11,468.76,473.81,468.57,471.43,37306
2025-12-14,476.19,476.19,466.67,468.57,78979
2025-12-15,468.57,471.43,465.71,470.48,36245
2025-12-16,470.48,476.19,470.48,475.24,30522
2025-12-17,479.05,480.95,473.33,476.1,44903
2025-12-18,476.19,480.0,471.52,475.24,39506
2025-12-21,476.19,480.38,469.52,473.33,24230
2025-12-22,476.19,476.19,468.57,473.43,36711
2025-12-23,475.24,478.1,472.86,473.52,33607
2025-12-24,474.76,476.19,472.48,474.86,40096
2025-12-28,475.24,480.0,472.38,479.43,61455
2025-12-29,483.81,484.67,476.19,482.38,78664
2025-12-31,476.19,478.1,471.14,473.05,65111
2026-01-01,471.43,472.38,466.67,468.57,35796
2026-01-04,468.1,471.43,464.86,466.95,44294
2026-01-05,468.57,468.57,464.86,466.19,57630
2026-01-06,466.67,468.57,465.71,466.19,47593
2026-01-07,469.52,470.38,465.71,465.71,38590
2026-01-08,468.57,468.57,463.33,465.71,35678
2026-01-12,466.67,471.43,463.81,463.81,40413
2026-01-13,472.38,472.38,461.9,464.86,60812
2026-01-14,466.67,466.67,463.81,464.29,44542
2026-01-18,464.76,468.57,464.48,467.43,71435
2026-01-20,467.43,476.19,467.43,472.86,72522
2026-01-21,478.1,480.0,469.52,472.48,44079
2026-01-22,474.29,474.29,468.86,469.62,63230
2026-01-25,473.24,475.24,468.57,473.52,104063
2026-01-26,477.14,480.0,472.38,473.33,109372
2026-01-27,473.33,476.19,468.67,471.33,72291
2026-01-28,468.67,471.43,466.76,468.57,48841
2026-01-29,476.19,483.81,469.52,473.33,132087
2026-02-01,476.19,481.9,473.33,474.38,84076
2026-02-02,464.95,476.19,464.95,475.05,61083
2026-02-03,476.19,476.19,472.38,474.29,78804
2026-02-04,465.71,478.1,465.71,472.48,49627
2026-02-05,476.1,477.14,472.86,475.52,98644
2026-02-08,473.62,477.05,473.33,474.76,75640
2026-02-09,475.24,475.24,470.48,472.29,68038
2026-02-10,472.38,476.0,468.67,472.76,63267
2026-02-11,476.19,476.19,471.43,472.38,42061
2026-02-12,471.43,474.95,469.05,471.43,83293
2026-02-16,474.95,475.05,469.52,474.19,82231
2026-02-17,471.43,474.76,468.57,473.33,90768
2026-02-22,474.1,474.1,466.67,471.43,43286
2026-02-23,470.95,474.86,469.52,471.81,57825
2026-02-24,472.38,474.19,471.43,472.38,33305
2026-02-25,473.33,475.24,471.43,472.38,30849
2026-02-26,474.29,475.24,472.86,474.19,32698
2026-03-01,474.19,476.19,470.48,475.24,58125
2026-03-03,484.67,484.67,473.33,480.0,53465
2026-03-09,489.52,523.81,489.52,519.05,4906
2026-03-10,519.05,528.57,502.86,509.33,271844
2026-03-11,513.33,513.33,500.0,501.9,78574
2026-03-12,497.24,506.38,497.14,503.81,81850
2026-03-15,505.71,513.33,503.33,505.24,92278
2026-03-16,504.76,506.67,498.1,498.1,67561
2026-03-17,498.1,504.76,498.1,500.76,47099
2026-03-19,502.86,510.48,501.9,509.71,151867
2026-03-22,519.05,519.9,511.43,516.29,178526
2026-03-23,516.29,520.0,511.14,516.19,100511
2026-03-24,520.0,520.0,516.67,518.67,99147
2026-03-25,518.1,521.9,512.38,513.33,133329
2026-03-26,513.33,517.14,507.62,517.14,58580
2026-03-29,523.81,523.81,508.57,508.67,174352
2026-03-30,507.62,513.33,500.1,501.9,104673
2026-03-31,509.52,509.52,495.24,505.71,86278
2026-04-01,505.71,505.71,495.24,498.1,70913
2026-04-02,488.19,499.9,487.62,492.86,83066
2026-04-05,485.71,493.33,476.0,481.24,103324
2026-04-06,481.9,497.14,480.95,493.33,66226
2026-04-07,498.95,500.86,493.33,495.24,48132
2026-04-08,495.24,500.0,495.24,499.05,63582
2026-04-09,496.19,504.76,496.19,502.86,38820
2026-04-10,506.67,512.38,501.14,504.29,85950
2026-04-13,514.29,514.29,495.24,504.76,51167
2026-04-15,505.24,508.57,504.76,506.57,57069
2026-04-16,509.52,512.38,504.76,505.71,59730
2026-04-17,515.81,515.81,502.86,504.76,39114
2026-04-20,507.62,509.43,502.0,502.86,39912
2026-04-21,523.81,523.81,500.0,500.95,35671
2026-04-22,500.95,501.9,494.29,501.43,66642
2026-04-23,504.76,504.76,493.33,495.24,33344
2026-04-24,495.24,495.24,490.48,493.33,38819
2026-04-27,493.33,497.14,492.86,494.48,36199
2026-04-28,496.67,506.67,496.67,500.0,66167
2026-04-29,501.9,501.9,497.14,499.9,36190
2026-04-30,499.05,502.95,495.24,502.86,47024
2026-05-04,504.76,509.52,491.43,496.19,62346
2026-05-05,495.24,500.95,491.43,496.76,38727
2026-05-06,500.0,501.9,497.14,497.43,23570
2026-05-07,500.0,500.0,497.33,498.1,32514
2026-05-08,500.0,502.86,495.33,498.1,44672
2026-05-11,506.67,506.67,499.05,501.9,37981
2026-05-12,506.67,507.62,501.9,501.9,37974
2026-05-13,501.9,502.86,498.19,501.9,29723
2026-05-14,504.76,504.76,500.0,501.9,23778
2026-05-15,500.1,505.71,500.0,501.9,22776
2026-05-18,501.9,506.67,500.0,500.95,44305
2026-05-19,500.95,504.76,498.1,500.95,41228
2026-05-20,504.67,505.71,499.05,502.29,55468
2026-05-21,502.29,504.76,501.14,502.76,27246
2026-05-22,503.81,505.52,502.76,504.76,42686
2026-05-25,504.76,510.48,504.76,509.9,59099
2026-05-26,514.29,514.29,506.76,511.43,59432
2026-05-27,513.05,514.29,508.57,511.43,68884
2026-06-01,511.43,518.1,505.71,508.57,44350
2026-06-02,508.57,514.29,504.76,511.33,43239
2026-06-03,510.48,513.33,506.67,510.95,36962
2026-06-04,514.29,514.29,505.81,513.14,35729
2026-06-05,511.43,514.29,509.52,509.52,38895
2026-06-08,510.48,514.19,504.95,507.62,52406
2026-06-09,505.71,509.52,504.86,507.62,49834
2026-06-10,509.52,512.38,506.19,510.48,29859
2026-06-11,510.48,512.19,507.71,507.71,31193
2026-06-12,507.71,509.52,506.67,507.62,27399
2026-06-15,507.62,511.14,504.76,506.19,39328
2026-06-16,506.67,509.52,506.0,506.67,30151
2026-06-17,506.67,509.52,505.24,506.67,20805
2026-06-18,513.33,513.33,504.1,506.67,23502
2026-06-19,510.48,510.48,504.86,505.71,37753
2026-06-22,509.52,509.52,501.9,505.71,34257
2026-06-23,505.71,505.71,502.86,503.81,33271
2026-06-24,503.81,509.33,495.24,499.52,68419
2026-06-25,499.05,499.05,496.19,497.05,47945
2026-06-26,498.1,504.67,494.76,500.0,47709
2026-06-29,500.0,504.76,497.14,499.05,29220
2026-06-30,500.95,501.9,495.43,497.05,24993
2026-07-01,495.24,500.95,490.56,500.0,44906
2026-07-02,500.95,519.24,487.62,515.24,231443
2026-07-03,511.43,515.24,494.29,504.76,114343
2026-07-06,504.76,509.52,498.1,500.95,37851
2026-07-07,501.9,519.05,495.24,508.57,192322
2026-07-08,508.57,514.1,502.95,506.67,32674
2026-07-09,506.67,507.62,502.38,503.43,42398
2026-07-10,508.57,508.57,501.9,502.67,53475
2026-07-13,504.76,505.71,500.0,501.24,48177
2026-07-14,500.1,507.52,500.1,504.86,76835
2026-07-15,509.52,510.48,504.95,508.57,57577
2026-07-16,510.0,512.29,508.57,509.43,28326
2026-07-17,513.33,520.0,510.48,516.86,66735
2026-07-20,519.05,524.86,516.86,523.81,100779
2026-07-21,525.71,528.48,521.9,522.86,102884
2026-07-22,523.81,523.81,520.0,520.76,48017
2026-07-23,520.0,523.81,519.05,523.81,40281
2026-07-24,523.81,531.05,520.1,526.76,91376
2026-07-27,530.48,540.95,528.67,533.33,155380
2026-07-28,533.33,533.33,527.62,531.43,61497
2026-07-29,531.43,533.33,527.14,530.95,58797
2026-07-30,539.05,539.05,524.76,528.1,50772
2026-07-31,528.1,532.0,523.81,529.52,45634
2026-08-03,540.95,540.95,529.05,530.57,53226
2026-08-04,533.33,535.05,530.0,531.43,60087
2026-08-05,535.24,536.19,526.67,530.48,75852
2026-08-06,533.33,533.33,523.81,525.71,53215
2026-08-07,525.71,533.33,523.9,529.52,83780
2026-08-10,529.52,529.62,521.9,523.24,44025
2026-08-11,524.76,525.71,522.86,524.76,26088
2026-08-12,524.76,528.57,522.86,523.81,27049
2026-08-13,524.76,526.67,521.9,523.81,20477
2026-08-14,523.81,525.71,522.86,523.71,22999
2026-08-17,523.81,528.57,523.81,525.24,30252
2026-08-18,527.62,527.62,521.9,523.81,36097
2026-08-19,525.71,525.71,519.05,521.9,95755
2026-08-20,523.81,525.71,520.95,522.38,27241
2026-08-21,523.81,525.71,518.29,519.05,38251
2026-08-24,520.0,520.0,514.29,515.71,34780
2026-08-25,517.14,517.14,514.29,514.86,31533
2026-08-26,516.19,516.19,509.43,511.24,42608
2026-08-27,507.14,516.19,504.76,514.48,36950
2026-08-31,519.05,519.05,509.62,509.71,43318
2026-09-01,509.52,514.1,507.62,510.95,25051
2026-09-02,514.29,516.1,511.43,511.9,24088
2026-09-03,512.38,514.29,511.9,513.33,21616
2026-09-07,519.14,529.05,519.14,526.19,126376
2026-09-09,532.38,533.33,525.71,525.71,48778
2026-09-10,527.62,528.57,523.81,526.19,56560
2026-09-11,528.48,528.48,524.76,525.71,37182
2026-09-14,525.71,530.48,524.95,527.62,38965
2026-09-15,535.24,542.76,528.57,533.33,100142
2026-09-16,538.1,540.0,530.67,533.33,55113
2026-09-17,533.33,538.1,531.52,533.33,51747
2026-09-18,535.24,537.05,533.33,536.1,71074
2026-09-22,538.1,540.0,534.38,538.76,90005
2026-09-23,540.95,541.52,538.1,538.1,88903
2026-09-24,539.05,542.86,539.05,541.9,70749
2026-09-28,542.86,543.24,540.0,540.0,71637
2026-09-29,540.0,540.95,536.19,539.05,124425
2026-09-30,538.9,538.9,529.0,530.7,96214
