timestamp,open,high,low,close,volume
2013-07-17,126.91,78.34,78.34,78.34,10
2013-07-18,78.34,81.07,78.84,81.07,1218
2013-07-21,81.07,84.1,81.68,84.1,1168
2013-07-22,84.1,87.44,84.71,87.44,2762
2013-07-23,87.44,91.09,88.15,91.09,3481
2013-07-24,91.09,95.14,91.9,95.14,9005
2013-07-25,95.14,98.58,92.81,94.53,27206
2013-07-28,94.53,95.34,94.02,95.03,10677
2013-07-29,95.03,98.58,95.34,98.48,7786
2013-07-30,98.48,98.07,97.06,97.56,2727
2013-07-31,97.56,96.86,96.25,96.35,6706
2013-08-01,96.35,95.44,94.22,94.83,2588
2013-08-04,94.83,95.44,94.73,95.03,4454
2013-08-05,95.03,95.03,93.92,94.02,3101
2013-08-06,94.02,94.83,93.21,94.53,2674
2013-08-07,94.53,94.63,93.92,94.53,1924
2013-08-08,94.53,94.02,93.72,93.92,1791
2013-08-11,93.92,94.33,94.02,94.33,380
2013-08-12,94.33,94.53,93.82,94.53,1664
2013-08-13,94.53,94.63,94.02,94.22,6482
2013-08-14,94.22,95.34,93.62,95.34,632
2013-08-15,95.34,97.56,94.53,97.06,10711
2013-08-18,97.06,101.71,97.56,101.71,9047
2013-08-19,101.71,102.02,98.17,101.11,9860
2013-08-20,101.11,101.82,100.09,100.5,6659
2013-08-25,100.5,100.9,99.89,100.2,2469
2013-08-26,100.2,101.11,99.59,100.09,2481
2013-08-27,100.09,100.09,99.08,99.79,2491
2013-08-29,99.79,100.6,99.08,99.59,4159
2013-09-01,99.59,99.08,98.17,98.78,1349
2013-09-02,98.78,98.58,98.07,98.07,2933
2013-09-03,98.07,98.07,96.25,97.67,4348
2013-09-04,97.67,98.37,97.67,97.67,1086
2013-09-05,97.67,98.48,97.97,98.48,2687
2013-09-08,98.48,97.56,97.56,97.56,107
2013-09-09,97.56,98.07,97.06,97.56,1003
2013-09-10,97.56,98.07,97.56,97.67,1883
2013-09-11,97.67,98.17,97.67,98.17,1510
2013-09-12,98.17,98.07,97.56,98.07,273
2013-09-15,98.07,99.08,98.07,98.07,3111
2013-09-16,98.07,98.98,98.17,98.68,200
2013-09-17,98.68,99.08,98.58,99.08,514
2013-09-19,99.08,100.09,98.58,98.88,3347
2013-09-22,98.88,99.59,98.58,98.58,1341
2013-09-23,98.58,98.07,96.25,97.16,1787
2013-09-24,97.16,97.77,96.25,97.06,1305
2013-09-25,97.06,97.56,97.06,97.56,200
2013-09-26,97.56,97.97,97.77,97.97,881
2013-09-29,97.97,98.07,97.97,98.07,2527
2013-09-30,98.07,98.07,95.84,95.84,3758
2013-10-01,95.84,97.06,96.05,97.06,2025
2013-10-02,97.06,97.56,96.86,97.06,1230
2013-10-03,97.06,98.07,97.06,98.07,890
2013-10-06,98.07,98.07,97.16,98.07,3193
2013-10-09,98.07,98.27,97.36,98.27,412
2013-10-10,98.27,98.88,98.07,98.07,320
2013-10-17,98.07,98.48,98.07,98.48,397
2013-10-20,98.48,99.39,98.48,98.48,1754
2013-10-21,98.48,99.29,98.58,99.18,2035
2013-10-22,99.18,99.18,99.18,99.18,24
2013-10-23,99.18,99.18,98.88,98.98,1989
2013-10-24,98.98,99.08,98.17,98.88,7520
2013-10-27,98.88,98.48,98.17,98.17,779
2013-10-28,98.17,98.17,98.17,98.17,50
2013-10-29,98.17,98.17,97.26,97.77,592
2013-11-06,97.77,98.68,98.58,98.68,118
2013-11-07,98.68,100.09,99.08,100.09,140
2013-11-10,100.09,100.09,99.59,100.09,2793
2013-11-11,100.09,99.59,99.59,99.59,1212
2013-11-12,99.59,99.69,99.59,99.69,295
2013-11-13,99.69,101.41,100.3,100.3,3108
2013-11-14,100.3,100.6,99.08,100.6,2957
2013-11-24,100.6,103.13,101.51,103.13,2600
2013-11-25,103.13,103.23,101.71,101.71,725
2013-11-26,101.71,106.07,102.12,106.07,4357
2013-11-27,106.07,108.7,107.08,107.18,1671
2013-11-28,107.18,109.71,107.18,109.2,2239
2013-12-01,109.2,115.07,110.32,115.07,5109
2013-12-02,115.07,121.15,115.28,121.15,13257
2013-12-03,121.15,128.13,122.46,128.13,8665
2013-12-04,128.13,134.3,129.65,134.3,1930
2013-12-05,134.3,133.49,131.06,131.06,1265
2013-12-10,131.06,129.55,126.51,126.51,40
2013-12-16,126.51,127.42,124.89,124.89,10388
2013-12-19,124.89,125.4,121.96,121.96,1888
2013-12-22,121.96,121.35,115.38,117.0,3537
2013-12-23,117.0,117.6,114.97,116.29,1232
2013-12-24,116.29,116.09,114.06,115.78,4894
2013-12-26,115.78,119.43,117.0,118.31,2443
2013-12-29,118.31,118.11,115.07,116.89,17249
2013-12-31,116.89,117.3,115.38,117.3,3747
2014-01-01,117.3,117.3,115.78,117.3,2353
2014-01-02,117.3,118.31,115.28,118.31,8757
2014-01-05,118.31,118.31,115.68,117.6,2576
2014-01-06,117.6,117.3,115.98,116.19,3457
2014-01-07,116.19,116.89,114.97,115.78,6630
2014-01-08,115.78,117.6,114.97,117.6,5818
2014-01-09,117.6,119.63,116.79,119.63,3053
2014-01-12,119.63,121.96,118.31,121.96,874
2014-01-13,121.96,124.38,121.25,123.37,1403
2014-01-14,123.37,123.47,119.83,122.36,10844
2014-01-16,122.36,125.9,120.94,125.4,8066
2014-01-19,125.4,124.89,121.45,123.98,7968
2014-01-20,123.98,126.91,122.97,125.4,10986
2014-01-21,125.4,126.41,123.98,125.5,17642
2014-01-22,125.5,126.41,124.18,124.69,20574
2014-01-23,124.69,126.41,123.98,126.41,28678
2014-01-26,134.0,127.88,127.32,127.32,162
2014-01-27,127.32,128.43,127.43,127.43,211
2014-01-28,127.43,130.44,128.43,130.44,336
2014-01-29,130.44,129.88,129.66,129.66,297
2014-02-02,129.66,130.66,130.44,130.66,565
2014-02-03,130.66,129.55,127.43,127.43,91
2014-02-04,127.43,130.1,128.43,130.1,146
2014-02-05,130.1,131.66,131.66,131.66,390
2014-02-06,131.66,132.55,132.33,132.33,257
2014-02-09,132.33,131.22,129.1,129.55,205
2014-02-10,129.55,131.1,131.1,131.1,50
2014-02-12,131.1,131.22,128.43,131.22,646
2014-02-13,131.22,131.22,129.1,131.22,2698
2014-02-16,131.22,131.77,131.22,131.77,41
2014-02-17,131.77,131.77,130.88,130.88,178
2014-02-18,130.88,135.78,132.44,134.11,182
2014-02-20,134.11,135.78,135.67,135.67,420
2014-02-23,135.67,137.34,137.34,137.34,166
2014-02-24,137.34,140.68,139.01,139.01,2926
2014-02-25,139.01,139.01,136.11,136.11,1268
2014-02-26,136.11,136.23,131.77,132.89,392
2014-03-03,132.89,134.11,133.44,133.44,393
2014-03-04,133.44,131.88,130.1,131.22,462
2014-03-05,131.22,132.77,132.77,132.77,100
2014-03-06,132.77,136.23,134.33,136.0,956
2014-03-09,136.0,135.11,131.99,131.99,48
2014-03-10,131.99,133.22,131.77,133.22,400
2014-03-11,133.22,134.0,130.21,131.77,1193
2014-03-12,131.77,130.21,130.21,130.21,12
2014-03-13,130.21,131.1,129.32,129.32,831
2014-03-17,129.32,127.88,127.32,127.32,44
2014-03-18,127.32,126.21,125.87,125.87,57
2014-03-19,125.87,126.21,125.65,126.21,242
2014-03-20,126.21,126.76,126.21,126.76,98
2014-03-23,126.76,125.65,125.65,125.65,939
2014-03-24,125.65,126.76,125.65,126.76,128
2014-03-26,126.76,128.99,126.21,128.99,333
2014-03-27,128.99,131.66,130.1,131.66,274
2014-03-31,131.66,135.45,132.33,135.45,1008
2014-04-01,135.45,135.11,132.89,132.89,1252
2014-04-03,132.89,132.89,131.44,132.33,1431
2014-04-06,132.33,133.33,131.33,131.33,749
2014-04-07,131.33,132.89,129.77,132.89,1198
2014-04-09,132.89,132.89,132.89,132.89,195
2014-04-10,132.89,136.11,133.11,136.11,2568
2014-04-13,136.11,138.45,136.89,136.89,478
2014-04-15,136.89,137.34,137.34,137.34,114
2014-04-16,137.34,137.34,135.22,135.22,294
2014-04-17,135.22,135.11,133.55,134.0,940
2014-04-20,134.0,134.89,132.89,133.44,1254
2014-04-21,133.44,134.56,132.33,132.66,4876
2014-04-22,132.66,132.89,131.1,132.89,86
2014-04-23,132.89,137.34,134.0,137.23,1383
2014-04-27,137.23,138.12,136.23,138.12,3581
2014-04-28,138.12,137.9,136.23,137.34,1298
2014-04-29,137.34,140.12,138.01,138.01,1956
2014-04-30,138.01,140.68,138.45,139.23,7154
2014-05-04,139.23,142.46,137.56,142.46,7972
2014-05-05,142.46,145.69,138.01,138.45,4199
2014-05-06,138.45,137.9,132.89,134.56,1416
2014-05-07,134.56,137.34,133.11,133.11,1004
2014-05-08,133.11,135.67,131.77,135.67,664
2014-05-11,135.67,137.23,134.22,135.67,3858
2014-05-12,135.67,136.89,135.22,136.23,1489
2014-05-13,136.23,137.9,135.67,137.56,1739
2014-05-15,137.56,138.01,136.23,137.56,2330
2014-05-18,137.56,135.89,134.22,134.33,969
2014-05-19,134.33,135.11,133.44,133.66,786
2014-05-20,133.66,134.67,133.55,134.0,1185
2014-05-21,134.0,136.23,134.0,136.23,1185
2014-05-22,136.23,135.11,133.55,134.0,2144
2014-05-25,134.0,135.67,135.67,135.67,156
2014-05-26,135.67,135.33,134.0,135.11,502
2014-05-27,135.11,135.22,133.44,135.22,1217
2014-05-28,135.22,135.89,133.55,134.78,3194
2014-06-01,134.78,135.89,134.33,135.11,3508
2014-06-02,135.11,136.89,134.67,136.89,882
2014-06-03,136.89,140.68,135.11,136.78,1323
2014-06-04,136.78,136.78,133.89,134.22,487
2014-06-05,134.22,136.34,134.33,136.34,1875
2014-06-08,136.34,135.67,130.66,131.33,1331
2014-06-09,131.33,137.34,132.89,136.23,4354
2014-06-10,136.23,136.23,134.56,136.23,1035
2014-06-11,136.23,136.23,134.78,136.23,3018
2014-06-12,136.23,137.9,135.11,135.22,2130
2014-06-15,135.22,135.67,134.0,135.45,2472
2014-06-16,135.45,139.9,135.33,139.9,2394
2014-06-17,139.9,139.01,136.45,136.45,2421
2014-06-18,136.45,139.9,135.11,139.56,216
2014-06-19,139.56,139.56,136.23,136.23,1560
2014-06-23,136.23,138.45,136.23,138.45,1628
2014-06-24,138.45,138.56,135.11,137.56,4059
2014-06-25,137.56,140.12,137.34,137.56,6722
2014-06-26,137.56,138.56,137.9,138.56,2625
2014-06-29,138.56,140.23,137.9,139.56,1157
2014-06-30,139.56,139.68,139.01,139.56,1486
2014-07-01,139.56,142.57,139.01,142.57,2704
2014-07-02,142.57,148.03,142.57,144.02,3260
2014-07-03,144.02,145.8,142.24,143.91,3088
2014-07-06,143.91,150.92,145.69,150.81,4727
2014-07-07,150.81,152.7,150.59,151.81,3658
2014-07-08,151.81,152.81,150.7,152.81,2494
2014-07-09,152.81,151.81,151.81,151.81,100
2014-07-10,151.81,150.59,146.8,147.69,2029
2014-07-13,147.69,148.47,146.58,147.47,1889
2014-07-14,147.47,146.8,145.13,145.13,561
2014-07-15,145.13,147.02,143.57,143.57,655
2014-07-16,143.57,149.47,142.9,146.58,2952
2014-07-17,146.58,148.47,146.47,146.47,1936
2014-07-20,146.47,149.58,145.13,149.58,1983
2014-07-21,149.58,150.14,147.14,148.47,2370
2014-07-22,148.47,148.47,145.47,145.47,2190
2014-07-23,145.47,146.24,144.02,144.02,2046
2014-07-24,144.02,145.13,142.9,144.57,4258
2014-07-27,144.57,145.24,142.9,144.02,1874
2014-07-28,144.02,145.8,144.57,145.69,395
2014-07-30,145.69,145.58,143.46,143.46,1803
2014-07-31,143.46,147.02,142.9,147.02,946
2014-08-03,147.02,146.24,143.91,145.13,1640
2014-08-04,145.13,145.13,142.9,144.57,2433
2014-08-05,144.57,145.13,143.46,144.13,1105
2014-08-06,144.13,146.8,143.91,146.8,1409
2014-08-07,146.8,145.13,143.57,143.57,273
2014-08-12,143.57,143.35,141.79,141.79,986
2014-08-13,141.79,144.02,142.9,143.02,500
2014-08-14,143.02,143.46,141.35,143.46,704
2014-08-18,143.46,147.02,144.57,144.8,4876
2014-08-19,144.8,146.02,144.02,145.58,2497
2014-08-20,145.58,145.13,141.12,141.23,6768
2014-08-21,141.23,139.56,137.34,137.9,1944
2014-08-24,137.9,138.45,136.23,136.89,2622
2014-08-25,136.89,135.22,130.21,130.21,1307
2014-08-26,130.21,133.78,130.44,133.44,2383
2014-08-27,133.44,140.23,135.0,139.79,4381
2014-08-28,139.79,144.02,138.9,138.9,2233
2014-08-31,138.9,139.01,136.78,139.01,1913
2014-09-01,139.01,138.45,134.0,137.45,2626
2014-09-03,137.45,137.9,135.11,136.23,2335
2014-09-04,136.23,135.11,133.55,134.22,870
2014-09-07,134.22,133.44,130.66,131.22,1406
2014-09-09,131.22,134.33,131.22,134.0,2935
2014-09-10,134.0,136.23,133.44,133.44,3097
2014-09-11,133.44,135.0,131.33,133.44,1652
2014-09-14,133.44,132.33,131.22,131.22,246
2014-09-15,131.22,132.77,131.22,131.88,201
2014-09-16,131.88,134.0,130.1,134.0,698
2014-09-17,134.0,134.0,132.89,134.0,1390
2014-09-18,134.0,132.89,132.89,132.89,36
2014-09-21,132.89,131.55,130.66,131.55,791
2014-09-22,131.55,131.77,130.44,131.77,762
2014-09-23,131.77,134.89,131.77,133.0,729
2014-09-24,133.0,133.33,131.77,132.89,120
2014-09-28,132.89,138.56,132.89,138.56,702
2014-09-29,138.56,140.57,139.56,139.79,2221
2014-09-30,139.79,141.57,137.9,139.68,3050
2014-10-08,139.68,137.9,135.0,136.23,820
2014-10-09,136.23,138.12,136.78,138.12,551
2014-10-12,138.12,138.12,136.34,137.78,2131
2014-10-13,137.78,138.56,137.34,137.45,610
2014-10-14,137.45,138.45,137.12,137.12,2217
2014-10-15,137.12,140.68,136.56,139.56,1524
2014-10-16,139.56,141.35,138.45,140.12,4158
2014-10-19,140.12,141.9,140.23,141.57,364
2014-10-20,141.57,141.12,139.68,141.12,1156
2014-10-21,141.12,139.56,139.01,139.56,263
2014-10-22,139.56,142.79,138.45,141.23,1326
2014-10-26,141.23,143.02,141.9,143.02,228
2014-10-27,143.02,146.02,142.35,146.02,1986
2014-10-28,146.02,145.69,144.13,145.69,733
2014-10-30,145.69,146.02,141.9,142.9,1432
2014-11-02,142.9,144.02,142.24,142.35,1134
2014-11-03,142.35,140.9,139.23,139.23,1228
2014-11-04,139.23,139.45,138.01,138.45,387
2014-11-05,138.45,139.56,139.56,139.56,13
2014-11-06,139.56,139.56,138.45,138.56,447
2014-11-09,138.56,139.56,137.9,139.01,817
2014-11-10,139.01,139.01,138.23,138.45,250
2014-11-11,138.45,139.56,136.78,139.56,1055
2014-11-12,139.56,140.12,136.45,138.56,801
2014-11-13,138.56,139.12,138.12,138.12,89
2014-11-16,138.12,141.01,139.56,140.01,589
2014-11-17,140.01,142.79,139.23,141.35,378
2014-11-18,141.35,139.56,135.67,135.78,2641
2014-11-19,135.78,134.56,133.11,134.56,1637
2014-11-20,134.56,137.34,134.22,136.23,878
2014-11-23,136.23,138.01,135.11,136.23,1947
2014-11-24,136.23,136.23,134.56,134.56,166
2014-11-25,134.56,134.56,132.89,134.0,1519
2014-11-30,134.0,134.0,132.89,133.44,984
2014-12-01,133.44,134.0,132.33,132.44,210
2014-12-02,132.44,132.33,130.32,130.32,1232
2014-12-03,130.32,131.88,131.22,131.22,1935
2014-12-04,131.22,132.77,131.22,131.22,1863
2014-12-07,131.22,130.66,130.66,130.66,390
2014-12-08,130.66,131.77,130.1,130.21,750
2014-12-09,130.21,130.66,129.32,130.44,323
2014-12-10,130.44,131.99,130.1,130.88,1579
2014-12-11,130.88,131.44,128.43,131.44,3060
2014-12-14,131.44,133.0,132.89,132.89,349
2014-12-15,132.89,133.55,132.89,133.44,588
2014-12-16,133.44,135.67,132.89,135.33,681
2014-12-17,135.33,135.11,134.56,134.56,445
2014-12-18,134.56,134.56,134.0,134.0,291
2014-12-21,134.0,132.33,132.33,132.33,26
2014-12-22,132.33,132.33,131.1,131.1,875
2014-12-23,131.1,131.1,130.44,130.66,653
2014-12-24,130.66,134.67,129.32,132.89,1848
2014-12-28,132.89,135.45,132.33,135.33,1609
2014-12-29,135.33,134.0,132.89,134.0,1599
2014-12-31,134.0,135.67,133.55,135.11,7155
2015-01-04,124.09,122.64,121.31,121.31,1028
2015-01-05,131.93,135.0,133.46,135.0,37
2015-01-06,135.0,136.66,136.66,136.66,236
2015-01-07,136.66,138.2,138.2,138.2,117
2015-01-08,138.2,138.2,136.54,138.2,540
2015-01-11,138.2,139.48,139.48,139.48,22
2015-01-12,139.48,137.82,137.82,137.82,234
2015-01-13,137.82,139.48,139.48,139.48,13
2015-01-14,139.48,141.15,141.15,141.15,48
2015-01-19,141.15,141.15,141.15,141.15,102
2015-01-20,141.15,141.15,139.48,141.15,78
2015-01-28,141.15,140.12,138.84,138.84,880
2015-01-29,138.84,140.12,140.12,140.12,13
2015-02-01,140.12,139.1,138.84,139.1,107
2015-02-02,139.1,139.48,139.1,139.48,128
2015-02-03,139.48,139.48,138.84,138.97,338
2015-02-04,138.97,140.76,139.48,140.76,386
2015-02-05,140.76,139.48,138.97,139.48,51
2015-02-08,139.48,140.12,140.12,140.12,41
2015-02-10,140.12,140.76,140.76,140.76,28
2015-02-12,140.76,140.76,139.48,140.63,2141
2015-02-16,140.76,139.48,139.48,139.48,40
2015-02-19,139.48,139.99,138.97,139.48,818
2015-02-22,139.48,138.84,138.33,138.84,568
2015-02-23,138.84,138.84,137.56,138.2,334
2015-02-24,138.2,138.2,136.54,138.2,1316
2015-02-25,138.2,139.48,138.2,138.84,3976
2015-03-02,138.84,137.56,137.56,137.56,39
2015-03-03,137.56,137.82,137.56,137.56,32
2015-03-04,137.56,139.23,139.23,139.23,13
2015-03-11,139.23,139.48,138.2,138.71,1242
2015-03-12,138.71,138.2,137.95,138.07,473
2015-03-15,138.07,138.2,138.2,138.2,60
2015-03-16,138.2,136.92,136.54,136.92,126
2015-03-17,136.92,136.28,136.28,136.28,100
2015-03-18,136.28,136.66,134.62,136.66,662
2015-03-22,136.66,136.28,135.77,135.77,156
2015-03-23,135.77,135.0,132.44,133.21,1910
2015-03-24,133.21,133.72,132.44,132.7,2260
2015-03-25,132.7,132.95,131.93,132.44,1628
2015-03-26,132.44,133.85,131.16,133.85,87
2015-03-29,133.85,133.85,131.16,131.16,665
2015-03-30,131.16,134.23,131.16,134.23,329
2015-03-31,134.23,133.72,133.08,133.72,140
2015-04-01,133.72,133.08,131.16,131.8,2167
2015-04-02,131.8,130.9,130.52,130.52,400
2015-04-05,130.52,129.88,129.88,129.88,176
2015-04-06,129.88,130.52,129.24,130.52,989
2015-04-07,130.52,129.88,129.24,129.88,933
2015-04-08,129.88,129.88,129.88,129.88,1000
2015-04-12,129.88,134.36,131.42,133.72,410
2015-04-13,133.72,134.87,134.87,134.87,90
2015-04-15,134.87,133.72,133.72,133.72,58
2015-04-19,133.72,132.06,132.06,132.06,84
2015-04-20,132.06,131.29,130.9,130.9,719
2015-04-21,130.9,131.8,131.16,131.8,498
2015-04-23,131.42,132.06,131.29,131.8,168
2015-05-28,131.8,130.26,130.26,130.26,14
2015-06-08,130.26,128.73,122.33,122.33,1229
2015-06-09,122.33,126.42,118.23,118.36,4097
2015-06-10,118.36,117.59,115.16,117.59,4403
2015-06-11,117.59,118.87,116.44,118.87,1034
2015-06-14,118.87,120.92,117.59,117.59,4074
2015-06-15,117.59,119.0,117.33,118.1,1176
2015-06-16,118.1,118.36,116.31,118.36,2002
2015-06-17,118.36,118.61,116.82,117.21,677
2015-06-18,117.21,117.21,117.08,117.21,219
2015-06-21,117.21,115.92,114.64,114.9,240
2015-06-22,114.52,118.36,114.52,118.36,1126
2015-06-23,119.64,121.56,119.25,120.79,1200
2015-06-24,120.79,123.35,120.79,122.33,2271
2015-06-25,122.58,123.48,122.2,123.09,4297
2015-06-28,123.09,123.09,120.79,120.92,475
2015-06-29,122.2,125.14,122.2,123.73,3050
2015-06-30,124.76,124.76,123.35,123.61,1194
2015-07-01,125.01,125.01,123.35,123.61,2224
2015-07-02,122.84,123.09,122.84,123.09,2100
2015-07-05,121.94,121.94,121.94,121.94,1743
2015-07-06,122.2,122.71,121.56,122.71,410
2015-07-07,122.71,122.71,121.3,121.3,115
2015-07-12,120.92,122.33,120.92,122.33,141
2015-07-13,120.92,120.92,118.36,120.92,250
2015-07-14,120.28,120.28,120.28,120.28,48
2015-07-15,119.64,122.33,119.51,120.79,1415
2015-07-16,120.79,122.07,120.28,122.07,507
2015-07-22,121.56,121.56,120.28,120.79,1331
2015-07-23,120.79,120.28,120.28,120.28,210
2015-07-26,120.28,124.37,121.56,124.37,180
2015-07-27,124.37,125.78,120.92,120.92,2187
2015-07-28,120.92,121.3,120.66,120.92,1840
2015-07-29,120.92,121.69,119.77,121.69,1214
2015-07-30,121.69,123.22,121.56,123.22,2639
2015-08-02,123.22,124.76,123.48,123.48,677
2015-08-03,123.48,122.84,120.92,122.71,905
2015-08-04,122.71,121.56,120.02,121.56,3520
2015-08-05,121.56,120.28,118.1,119.64,3648
2015-08-06,120.92,120.79,117.72,119.64,4028
2015-08-11,119.64,123.73,120.92,123.73,132
2015-08-19,125.14,131.03,125.14,131.03,94
2015-08-20,132.57,138.97,132.57,138.97,660
2015-08-23,140.63,147.03,140.63,147.03,1515
2015-08-24,148.96,155.48,148.96,152.92,986
2015-08-25,150.88,152.16,150.88,152.16,1250
2015-08-26,150.36,151.64,149.08,151.64,908
2015-08-27,152.28,152.28,151.26,151.26,1011
2015-08-31,151.64,152.92,149.72,149.72,2019
2015-09-01,149.72,152.92,151.64,151.64,1369
2015-09-02,153.56,153.56,147.8,147.8,499
2015-09-03,146.52,146.52,144.6,144.73,444
2015-09-08,142.94,142.94,142.94,142.94,17
2015-09-10,142.68,142.68,142.68,142.68,28
2015-09-13,143.96,145.75,143.96,145.24,660
2015-09-15,145.75,148.7,145.75,148.7,764
2015-09-16,146.78,146.78,144.86,144.86,658
2015-09-17,145.88,147.8,145.88,147.8,336
2015-09-22,148.7,148.7,144.86,144.86,630
2015-09-23,143.32,143.32,143.07,143.07,300
2015-09-29,143.96,146.52,143.96,146.52,296
2015-10-01,144.6,144.6,143.45,144.6,291
2015-10-04,144.73,145.75,144.6,145.11,5837
2015-10-05,143.96,146.52,143.96,144.86,5790
2015-10-06,145.24,145.24,143.96,145.24,640
2015-10-07,143.45,143.45,143.45,143.45,15
2015-10-08,143.96,144.35,143.96,144.35,5730
2015-10-11,143.96,143.96,143.96,143.96,5081
2015-10-14,142.17,143.32,142.17,143.32,183
2015-10-15,141.53,141.53,141.53,141.53,30
2015-10-29,141.91,141.91,138.84,138.84,155
2015-11-01,137.18,137.18,135.77,135.77,70
2015-11-03,136.28,137.56,136.28,137.56,647
2015-11-04,136.28,136.28,136.28,136.28,100
2015-11-08,136.28,136.92,135.26,135.64,714
2015-11-09,137.31,138.59,136.92,138.59,189
2015-11-10,137.56,139.48,137.56,138.84,3939
2015-11-15,137.56,140.12,137.56,140.12,1479
2015-11-16,138.46,139.99,138.33,139.99,1215
2015-11-18,138.33,139.48,138.33,139.48,1211
2015-11-19,140.76,140.76,138.84,140.76,1265
2015-11-22,138.97,138.97,135.64,135.64,167
2015-11-23,135.0,135.0,135.0,135.0,15
2015-11-24,135.64,135.64,135.64,135.64,11
2015-11-25,134.1,134.1,133.98,133.98,199
2015-11-26,133.72,133.98,133.21,133.72,2067
2015-11-29,132.44,133.59,131.16,133.59,506
2015-11-30,132.44,133.98,132.44,133.72,1531
2015-12-01,133.72,138.2,135.0,138.2,2019
2015-12-02,139.87,139.87,134.87,136.54,719
2015-12-03,138.2,139.87,138.07,139.87,422
2015-12-04,140.12,144.99,140.12,143.96,2849
2015-12-07,145.24,145.24,141.66,143.32,2455
2015-12-08,143.19,144.22,143.19,144.22,1518
2015-12-09,143.96,143.96,143.96,143.96,630
2015-12-10,143.96,144.09,143.96,144.09,290
2015-12-13,142.3,145.24,142.17,143.96,660
2015-12-14,143.83,145.11,143.83,144.6,562
2015-12-15,146.39,151.39,146.39,148.44,5710
2015-12-16,146.91,150.75,146.91,149.72,4548
2015-12-17,149.72,154.2,149.08,151.0,6517
2015-12-20,151.0,152.8,150.24,152.8,714
2015-12-21,152.8,152.92,151.0,151.0,1149
2015-12-22,152.28,153.18,151.0,153.18,4055
2015-12-23,153.18,154.08,151.77,154.08,1644
2015-12-24,154.2,160.61,154.2,159.2,4020
2015-12-25,159.33,159.33,156.12,157.28,1969
2015-12-28,157.28,156.76,153.82,156.38,3282
2015-12-29,156.38,160.61,156.25,160.61,15315
2015-12-31,163.27,167.57,165.42,165.73,1273
2016-01-03,168.03,177.25,168.03,177.25,11367
2016-01-04,177.25,187.39,174.33,179.86,7364
2016-01-05,177.4,178.02,173.41,173.56,2475
2016-01-06,171.1,172.64,168.03,170.34,2562
2016-01-07,172.64,174.94,170.49,171.56,2928
2016-01-10,171.56,173.41,169.26,169.26,3553
2016-01-11,169.26,169.26,169.26,169.26,17
2016-01-12,169.57,169.57,167.26,167.26,2125
2016-01-13,167.26,169.57,167.26,169.57,612
2016-01-14,169.72,171.1,169.72,171.1,615
2016-01-17,173.41,174.94,173.41,173.41,357
2016-01-18,171.87,171.87,169.57,170.95,691
2016-01-19,168.8,170.34,167.57,170.34,2326
2016-01-20,169.57,175.71,169.57,174.02,6417
2016-01-21,173.41,174.18,173.1,173.41,3780
2016-01-24,173.41,174.94,173.56,174.02,3317
2016-01-25,175.71,179.55,175.71,177.1,4104
2016-01-26,177.1,176.48,174.94,175.56,991
2016-01-27,175.56,174.18,173.72,173.72,2040
2016-01-28,173.41,173.41,173.41,173.41,215
2016-01-31,173.41,174.18,173.41,174.18,310
2016-02-01,174.18,175.71,174.64,175.71,4788
2016-02-02,173.72,176.48,173.72,176.17,995
2016-02-03,176.17,178.79,176.17,177.25,5703
2016-02-04,179.71,186.47,179.09,185.7,8524
2016-02-07,185.7,192.77,182.63,192.15,14521
2016-02-08,192.15,197.99,191.84,197.99,12454
2016-02-11,197.99,197.84,191.84,192.77,4887
2016-02-14,193.38,195.53,191.08,191.84,6188
2016-02-15,189.08,192.92,188.77,192.15,6312
2016-02-16,192.15,194.15,191.84,192.0,3081
2016-02-17,192.0,194.76,193.38,194.15,1930
2016-02-18,194.15,194.92,192.15,192.15,950
2016-02-22,191.23,193.38,191.08,192.46,6424
2016-02-23,192.46,191.84,189.69,190.15,5296
2016-02-24,190.15,191.69,190.0,191.69,1017
2016-02-25,191.08,192.15,188.77,191.84,3740
2016-02-28,191.84,191.23,190.15,190.77,2494
2016-02-29,190.77,191.08,188.77,191.08,949
2016-03-01,190.77,191.84,190.77,191.38,2098
2016-03-02,194.15,198.76,193.99,198.76,4264
2016-03-03,197.99,202.44,197.22,201.68,5050
2016-03-06,201.06,213.35,201.06,210.28,3819
2016-03-10,213.35,226.26,213.35,226.26,12844
2016-03-13,229.64,236.7,212.74,224.87,3688
2016-03-14,221.49,221.49,212.89,214.12,1418
2016-03-15,210.89,219.5,207.82,219.5,7606
2016-03-16,222.88,222.88,217.35,219.8,2613
2016-03-17,217.96,223.64,217.19,221.8,6461
2016-03-20,225.18,225.64,222.72,222.72,4093
2016-03-21,226.1,226.1,219.34,219.34,2494
2016-03-23,221.03,221.03,216.42,219.34,482
2016-03-24,219.34,219.5,214.89,216.42,2036
2016-03-27,216.42,216.42,211.82,214.12,4128
2016-03-28,214.12,216.42,207.97,211.82,3413
2016-03-29,208.74,216.58,208.74,216.58,1774
2016-03-30,216.58,219.5,213.51,214.89,1501
2016-03-31,214.89,214.89,211.82,212.12,2560
2016-04-03,212.12,211.82,209.66,211.82,5196
2016-04-04,211.82,215.66,213.2,215.66,1555
2016-04-05,218.58,218.73,218.58,218.73,123
2016-04-06,218.73,216.12,212.58,214.89,4405
2016-04-10,214.89,216.42,212.58,216.42,670
2016-04-11,216.42,217.19,214.12,214.12,403
2016-04-12,214.12,211.82,211.82,211.82,1412
2016-04-14,211.82,217.35,211.05,217.35,1664
2016-04-17,214.12,230.25,214.12,230.25,8705
2016-04-18,230.25,240.24,230.25,239.32,22078
2016-04-19,239.32,239.47,232.56,237.93,5316
2016-04-20,237.93,239.01,234.86,235.63,5311
2016-04-21,235.63,237.93,233.32,235.63,6399
2016-04-24,235.63,239.32,233.32,238.7,3784
2016-04-25,238.7,240.08,232.25,237.16,5258
2016-04-26,237.16,236.4,233.48,236.4,2872
2016-04-27,236.4,235.63,232.56,235.63,738
2016-04-28,235.63,238.7,235.78,237.93,4607
2016-05-02,237.93,239.32,234.86,234.86,1353
2016-05-03,234.86,235.63,231.79,234.86,1591
2016-05-04,234.86,234.86,231.79,234.86,4375
2016-05-05,234.86,235.63,232.56,235.17,1556
2016-05-08,235.17,234.86,231.79,233.32,1495
2016-05-09,234.86,238.7,234.09,238.7,1772
2016-05-10,238.7,246.54,238.7,246.38,4845
2016-05-11,246.38,249.45,239.47,249.3,5646
2016-05-12,251.76,269.12,251.76,269.12,13940
2016-05-15,265.59,271.58,265.59,271.42,4936
2016-05-16,271.42,272.5,268.66,268.66,4654
2016-05-17,269.43,274.65,269.43,274.5,9269
2016-05-18,274.65,291.7,274.65,291.7,9086
2016-05-19,291.7,296.47,288.63,291.55,6930
2016-05-22,291.55,306.14,291.7,306.14,8194
2016-05-23,306.14,310.91,300.92,303.84,17109
2016-05-24,303.84,305.53,291.7,292.47,6927
2016-05-25,292.47,292.32,287.09,290.78,29137
2016-05-26,290.78,307.83,284.79,304.61,10840
2016-05-29,304.61,325.35,304.76,310.91,18461
2016-05-30,310.91,311.67,300.92,306.3,11572
2016-05-31,306.3,305.53,299.38,300.92,10834
2016-06-01,300.92,304.3,295.7,296.47,5533
2016-06-02,296.47,307.07,293.24,302.0,3837
2016-06-05,302.0,300.15,293.24,293.39,10023
2016-06-06,293.39,300.92,294.78,299.38,2822
2016-06-07,301.69,308.6,300.92,304.76,2364
2016-06-08,304.76,325.5,305.53,317.05,13511
2016-06-09,322.28,332.57,320.89,329.34,25551
2016-06-12,329.34,343.94,323.81,331.95,18066
2016-06-13,331.95,338.41,326.42,329.03,8978
2016-06-14,327.04,347.01,323.96,347.01,15355
2016-06-15,347.62,376.66,347.62,376.66,28541
2016-06-16,376.66,409.23,380.81,403.85,45755
2016-06-19,403.85,408.46,385.42,392.33,22664
2016-06-20,392.33,395.4,378.66,386.95,21358
2016-06-21,386.95,392.33,382.5,385.42,6069
2016-06-22,388.49,410.77,386.18,403.85,10788
2016-06-23,403.85,419.22,403.85,403.85,15442
2016-06-26,403.85,403.85,395.4,403.85,3998
2016-06-27,403.85,409.23,391.56,392.33,9539
2016-06-28,392.33,403.85,386.18,393.1,11407
2016-06-29,393.1,397.71,388.64,393.1,5057
2016-06-30,393.1,393.1,383.88,391.56,4175
2016-07-03,391.56,388.49,381.58,381.58,2935
2016-07-04,381.58,388.18,368.82,386.18,7754
2016-07-05,392.79,392.79,366.98,383.88,5684
2016-07-06,377.43,381.42,368.82,373.13,3318
2016-07-10,373.13,379.58,359.3,359.3,5225
2016-07-11,359.3,365.44,353.15,354.84,6065
2016-07-12,354.84,354.69,337.79,349.31,6283
2016-07-13,349.31,363.91,340.86,354.69,3327
2016-07-14,357.76,360.07,353.15,353.15,11236
2016-07-17,353.15,350.08,344.09,344.09,1599
2016-07-18,344.09,373.43,344.09,373.43,5415
2016-07-19,379.89,386.34,363.91,370.05,6829
2016-07-20,370.82,379.27,365.44,367.29,8104
2016-07-21,367.29,384.65,365.44,373.13,8238
2016-07-25,373.13,390.03,375.43,390.03,7804
2016-07-26,390.03,396.79,383.11,384.8,12594
2016-07-27,384.8,396.94,383.88,391.56,5886
2016-07-28,391.56,398.32,383.27,383.27,7286
2016-07-31,383.27,383.11,377.74,377.74,4834
2016-08-01,377.74,380.81,368.52,379.27,7631
2016-08-02,379.27,375.43,368.52,375.43,3300
2016-08-03,375.43,369.29,357.76,366.98,3961
2016-08-04,366.98,365.44,353.15,362.22,6712
2016-08-07,362.22,372.36,350.08,350.24,2353
2016-08-08,350.24,350.24,333.34,333.34,1823
2016-08-09,338.87,356.38,338.87,356.38,1004
2016-08-10,357.76,357.76,348.85,354.69,14019
2016-08-11,358.53,358.53,353.15,357.76,2848
2016-08-14,351.62,353.15,342.4,350.08,3124
2016-08-15,350.08,356.23,333.18,344.24,1695
2016-08-16,350.08,350.08,342.4,350.08,3170
2016-08-17,350.08,360.07,348.7,352.39,8514
2016-08-21,350.08,350.08,342.4,348.24,2193
2016-08-22,342.4,342.4,336.87,342.25,1813
2016-08-23,342.4,342.4,331.03,333.18,2606
2016-08-24,338.56,361.45,333.34,361.45,15658
2016-08-28,362.37,372.2,351.62,364.83,10351
2016-08-29,365.44,367.44,362.37,362.37,9471
2016-08-30,359.3,366.21,359.3,365.44,8134
2016-08-31,368.98,388.49,367.75,380.04,19397
2016-09-01,380.81,382.34,374.82,380.81,6309
2016-09-04,380.81,386.95,379.27,385.42,10393
2016-09-05,383.11,388.49,377.74,383.57,5210
2016-09-06,386.95,388.49,381.27,385.88,3628
2016-09-07,385.42,406.16,385.42,396.17,21698
2016-09-08,396.17,400.01,394.02,395.4,8505
2016-09-11,391.56,391.56,387.11,390.03,2087
2016-09-12,385.42,391.56,383.88,388.49,11248
2016-09-14,395.25,396.02,382.34,388.8,4495
2016-09-18,383.88,385.42,376.2,379.27,5482
2016-09-20,385.72,385.72,375.58,376.97,6494
2016-09-21,379.73,380.81,372.36,377.74,5429
2016-09-22,373.13,374.66,371.59,371.59,1951
2016-09-25,373.13,374.66,371.59,371.59,1951
2016-09-26,369.59,375.89,369.59,374.36,1067
2016-09-27,373.13,373.28,368.21,368.21,1232
2016-09-28,368.21,368.52,365.44,366.21,1656
2016-09-29,363.91,373.13,363.91,365.44,1333
2016-10-02,365.44,375.58,365.44,375.58,1373
2016-10-03,380.04,386.95,378.5,379.27,6099
2016-10-04,385.72,392.33,379.27,386.95,7945
2016-10-05,388.49,388.49,383.11,388.49,3531
2016-10-06,388.49,393.71,388.49,389.26,9443
2016-10-16,386.95,387.72,381.73,387.72,1949
2016-10-17,387.26,393.87,383.88,388.64,4891
2016-10-18,388.64,391.41,386.95,386.95,666
2016-10-19,388.49,391.87,385.57,388.49,3286
2016-10-20,388.64,392.94,387.72,390.03,4641
2016-10-23,393.87,396.63,390.03,394.63,8117
2016-10-24,399.24,399.24,389.26,393.87,7715
2016-10-25,393.71,393.71,388.49,388.49,4212
2016-10-26,390.03,404.62,380.81,404.62,7314
2016-10-27,403.85,403.85,391.56,393.87,1330
2016-11-03,387.26,387.26,386.95,386.95,419
2016-11-07,387.72,390.03,383.88,388.49,3454
2016-11-08,385.42,385.42,380.81,383.11,1482
2016-11-09,376.51,383.11,374.2,380.5,2266
2016-11-10,379.27,383.11,370.82,373.13,2189
2016-11-13,371.59,373.13,370.05,372.36,2217
2016-11-14,373.13,374.66,371.59,374.66,3608
2016-11-15,373.13,375.43,373.13,373.28,3829
2016-11-16,372.36,373.13,372.2,373.13,1322
2016-11-17,366.98,373.13,359.3,359.3,3434
2016-11-20,353.15,353.15,335.33,341.02,4695
2016-11-21,340.86,351.62,333.18,339.33,3981
2016-11-22,333.64,341.63,333.64,337.79,2801
2016-11-23,333.34,333.34,311.67,312.44,3792
2016-11-24,316.9,323.04,297.85,299.69,3579
2016-11-27,294.78,294.78,274.5,276.34,6942
2016-11-28,270.35,297.23,254.22,297.08,6509
2016-11-29,292.16,319.36,274.8,319.36,5801
2016-11-30,314.13,342.4,311.67,342.4,8670
2016-12-01,348.24,352.39,332.41,332.41,8015
2016-12-04,326.88,327.04,316.59,316.59,6005
2016-12-05,317.82,317.82,309.52,309.68,4468
2016-12-06,314.75,330.72,306.6,319.36,7081
2016-12-07,323.96,323.96,311.67,315.52,3952
2016-12-08,317.97,317.05,310.6,315.52,686
2016-12-11,320.74,320.74,311.98,311.98,295
2016-12-12,306.76,311.98,303.99,311.67,3126
2016-12-14,316.9,316.9,306.6,316.28,1403
2016-12-15,319.36,320.89,317.82,319.2,3456
2016-12-18,317.82,321.66,311.67,321.66,681
2016-12-19,319.36,319.36,312.44,317.05,1208
2016-12-20,314.75,314.75,310.14,311.67,1488
2016-12-21,306.45,307.37,299.38,302.46,1874
2016-12-22,303.99,303.99,296.31,296.31,1338
2016-12-26,291.4,291.4,277.11,277.88,2792
2016-12-27,272.65,278.64,257.9,258.67,6488
2016-12-28,254.68,269.43,254.52,269.43,3349
2016-12-29,273.27,288.63,273.27,277.88,9333
2017-01-01,277.88,290.55,282.29,286.71,1658
2017-01-02,291.32,297.27,286.71,297.27,2849
2017-01-03,292.47,293.05,283.83,286.13,4227
2017-01-04,281.52,287.67,281.52,287.67,1238
2017-01-05,287.67,288.63,283.25,286.71,584
2017-01-08,282.48,282.87,282.48,282.87,522
2017-01-09,287.48,287.67,287.48,287.67,188
2017-01-10,290.55,299.19,290.55,296.31,777
2017-01-11,301.11,302.07,295.16,295.16,429
2017-01-12,291.51,294.39,290.55,294.39,330
2017-01-15,299.19,299.19,298.23,298.23,20
2017-01-16,294.39,294.39,289.59,289.59,330
2017-01-17,284.98,288.63,284.79,286.71,746
2017-01-18,282.87,289.4,282.87,286.71,948
2017-01-19,288.63,292.47,285.94,292.47,944
2017-01-22,287.67,292.47,286.71,292.47,639
2017-01-23,290.55,295.35,288.63,295.35,2256
2017-01-24,290.55,290.55,285.75,288.63,1652
2017-01-25,284.02,286.71,271.35,275.19,4919
2017-01-26,270.77,277.11,262.32,268.85,4070
2017-01-30,264.63,264.63,264.63,264.63,100
2017-01-31,260.4,261.74,244.85,251.76,3974
2017-02-01,251.57,271.73,251.18,271.73,5509
2017-02-02,276.15,276.15,260.78,265.59,1512
2017-02-05,264.63,264.63,261.36,262.71,173
2017-02-06,258.48,258.48,250.41,255.02,1066
2017-02-07,251.18,251.18,245.42,250.22,2976
2017-02-08,246.38,246.38,240.81,240.81,720
2017-02-09,237.16,237.16,227.56,231.98,4380
2017-02-12,229.1,229.1,214.12,214.5,2435
2017-02-13,215.66,222.76,203.37,222.76,4830
2017-02-14,219.5,226.03,213.16,215.85,1669
2017-02-15,216.62,230.63,216.62,230.63,3013
2017-02-16,234.09,245.04,230.63,245.04,4638
2017-02-19,244.46,261.74,240.62,261.74,5648
2017-02-20,265.59,279.6,255.6,255.6,12143
2017-02-21,259.63,271.35,250.22,250.22,8159
2017-02-22,246.38,252.34,243.5,244.85,4897
2017-02-23,248.69,251.18,245.42,246.38,895
2017-02-26,243.5,243.5,240.62,242.54,270
2017-02-28,237.74,237.74,230.44,236.78,4350
2017-03-01,237.74,248.11,236.2,248.11,6879
2017-03-02,247.53,253.1,245.42,248.69,2105
2017-03-05,252.53,260.59,246.38,256.94,2563
2017-03-06,255.02,259.06,250.03,253.87,3678
2017-03-07,249.84,252.14,247.34,250.22,5215
2017-03-09,253.1,253.1,250.22,253.1,791
2017-03-13,256.75,257.71,252.14,252.14,1622
2017-03-14,251.18,254.06,251.18,253.1,345
2017-03-15,253.1,253.1,253.1,253.1,20
2017-03-16,256.94,256.94,252.72,252.72,160
2017-03-19,252.72,267.51,255.98,267.51,2559
2017-03-20,269.43,289.21,269.43,289.21,10812
2017-03-21,289.59,300.15,283.83,298.23,13353
2017-03-22,303.03,321.28,295.35,298.23,6739
2017-03-23,298.23,306.87,293.43,303.99,3701
2017-03-26,305.91,318.59,305.91,313.21,5016
2017-03-28,313.21,336.45,318.4,331.84,5742
2017-03-29,331.84,342.98,318.01,324.16,12570
2017-03-30,324.16,330.88,313.98,326.08,5388
2017-04-02,331.45,353.54,331.45,353.54,266
2017-04-03,359.49,383.69,359.49,369.29,14597
2017-04-04,375.62,376.97,359.68,369.29,11284
2017-04-06,369.29,372.17,360.64,368.71,5050
2017-04-09,369.29,369.29,363.52,367.75,3206
2017-04-10,363.52,373.7,360.64,373.7,5893
2017-04-11,380.04,381.77,375.05,381.77,10367
2017-04-12,388.3,392.14,380.81,380.81,8227
2017-04-13,377.74,388.49,370.44,380.81,8057
2017-04-16,374.28,376.97,367.94,367.94,5443
2017-04-18,361.6,365.44,346.43,357.76,11737
2017-04-19,357.76,366.98,354.11,366.41,4495
2017-04-20,372.55,376.97,360.26,367.37,5249
2017-04-23,373.7,393.29,373.7,374.47,5118
2017-04-24,373.32,377.93,371.21,373.13,4029
2017-04-25,375.05,374.66,368.9,373.13,1888
2017-04-26,374.09,373.89,366.79,366.79,704
2017-04-27,361.6,368.33,360.64,365.44,1936
2017-04-30,357.57,361.03,352.19,355.84,2690
2017-05-02,353.92,365.44,353.73,361.41,3887
2017-05-03,367.56,378.89,365.44,365.44,4433
2017-05-04,369.48,371.21,358.72,359.68,4446
2017-05-07,362.37,362.56,354.11,354.31,879
2017-05-08,357.76,363.91,354.88,354.88,1617
2017-05-09,354.88,365.83,359.49,362.56,2534
2017-05-11,368.71,368.71,365.44,368.71,1701
2017-05-15,367.56,371.21,364.48,367.37,5054
2017-05-16,367.37,367.37,356.8,367.37,224
2017-05-17,361.6,363.91,357.76,363.91,1034
2017-05-18,363.91,369.29,361.99,366.41,7492
2017-05-21,361.6,364.48,360.84,360.84,791
2017-05-22,354.69,355.65,350.08,352.19,797
2017-05-23,357.76,360.64,354.88,356.8,771
2017-05-24,356.8,362.76,352.0,362.76,1886
2017-05-28,357.76,359.68,354.11,356.8,2144
2017-05-30,359.68,359.68,353.54,353.54,1970
2017-05-31,353.54,357.76,342.78,352.0,5096
2017-06-01,353.92,357.96,349.12,350.08,1907
2017-06-04,346.24,353.92,345.28,346.43,3576
2017-06-05,346.24,356.8,346.24,350.85,1009
2017-06-06,356.8,356.8,353.92,355.84,1508
2017-06-07,355.84,359.68,351.23,351.23,1167
2017-06-08,351.23,351.23,345.67,346.05,2912
2017-06-11,342.4,344.32,334.91,334.91,5358
2017-06-12,332.8,335.3,329.53,331.07,4845
2017-06-13,328.96,336.64,327.04,336.64,661
2017-06-14,331.07,340.29,331.07,340.1,775
2017-06-15,340.1,344.32,334.33,341.44,2305
2017-06-18,341.44,341.44,334.72,334.72,540
2017-06-19,334.72,334.72,329.92,329.92,604
2017-06-20,330.88,330.88,327.04,328.96,297
2017-06-21,328.96,333.76,328.96,333.76,782
2017-06-22,334.72,337.6,329.92,335.87,1805
2017-06-25,332.8,332.8,328.96,330.88,932
2017-06-27,330.3,330.88,329.34,330.3,1479
2017-06-28,329.92,336.45,329.92,334.53,2115
2017-07-02,331.84,331.84,326.27,329.15,948
2017-07-03,323.58,331.26,319.55,328.57,3849
2017-07-04,329.92,329.92,327.04,327.04,719
2017-07-05,326.08,331.84,326.08,329.34,2098
2017-07-06,332.8,342.21,332.8,342.21,2330
2017-07-09,342.21,342.4,336.64,342.21,2070
2017-07-10,341.44,343.17,331.65,334.14,1786
2017-07-11,333.95,339.52,333.76,334.72,360
2017-07-12,335.1,335.87,332.8,335.1,1177
2017-07-13,332.8,335.68,331.07,335.68,2363
2017-07-16,330.49,334.72,330.3,330.88,546
2017-07-17,334.72,340.48,334.72,340.29,870
2017-07-18,343.36,355.84,340.48,355.84,4106
2017-07-19,356.8,367.17,349.31,355.84,5001
2017-07-20,356.8,358.34,355.07,357.96,6107
2017-07-23,364.1,375.05,357.96,369.09,5064
2017-07-24,367.56,371.21,362.56,369.29,6310
2017-07-25,369.29,369.29,365.44,365.44,2627
2017-07-26,371.59,386.57,371.21,384.65,13348
2017-07-27,378.31,378.89,370.44,373.13,3376
2017-07-30,371.21,373.13,361.03,366.6,2073
2017-07-31,367.17,367.37,365.25,367.37,1098
2017-08-01,372.17,372.17,361.6,361.8,1181
2017-08-02,367.37,371.21,365.06,367.17,1233
2017-08-03,367.37,371.21,363.91,363.91,150
2017-08-06,365.44,365.44,357.76,359.68,1992
2017-08-07,357.76,362.56,357.76,362.56,4144
2017-08-09,361.6,364.48,358.34,359.68,3780
2017-08-10,352.39,363.52,352.39,359.68,4572
2017-08-13,356.8,360.64,356.8,357.76,2609
2017-08-15,352.19,356.8,352.0,356.8,2835
2017-08-16,362.56,362.56,352.96,354.11,2117
2017-08-17,353.92,358.72,353.92,354.88,811
2017-08-20,354.88,357.76,352.58,356.23,2393
2017-08-21,351.04,357.76,351.04,353.92,5524
2017-08-22,357.57,362.56,357.19,358.15,3293
2017-08-23,360.64,361.6,357.76,361.6,7494
2017-08-24,361.6,366.02,361.22,364.1,1776
2017-08-27,364.1,364.48,361.8,364.48,2289
2017-08-28,364.48,366.41,363.72,366.21,3946
2017-08-30,366.21,366.21,357.76,362.18,5251
2017-08-31,362.18,361.6,357.76,357.76,4893
2017-09-04,352.0,357.76,348.35,353.92,4020
2017-09-06,353.92,357.76,353.92,355.84,1236
2017-09-07,352.96,356.42,352.0,352.0,3510
2017-09-10,346.24,348.16,345.28,345.28,1654
2017-09-11,348.16,350.08,345.28,345.28,1104
2017-09-12,341.44,342.4,340.48,342.4,307
2017-09-13,342.4,342.4,333.76,337.41,2883
2017-09-14,342.4,346.24,340.48,346.24,1320
2017-09-17,347.97,348.16,342.98,342.98,520
2017-09-18,348.74,349.12,346.43,346.43,534
2017-09-20,345.28,345.28,342.4,344.32,2398
2017-09-24,344.51,345.47,338.37,338.37,790
2017-09-25,338.37,344.51,337.6,344.51,1507
2017-09-26,344.51,352.0,339.52,339.52,1261
2017-10-04,333.76,339.33,333.76,339.33,371
2017-10-08,333.57,333.57,323.0,327.04,2551
2017-10-09,325.12,329.92,325.12,328.96,3191
2017-10-10,326.08,330.69,325.31,328.0,3000
2017-10-11,330.69,330.88,328.96,328.96,396
2017-10-12,327.04,328.96,327.04,328.38,293
2017-10-15,333.57,335.68,333.57,335.68,103
2017-10-16,339.52,350.08,339.52,350.08,721
2017-10-17,355.46,355.84,347.97,348.16,2313
2017-10-18,348.16,353.92,348.16,350.08,664
2017-10-22,349.12,349.12,349.12,349.12,328
2017-10-23,349.12,350.08,348.16,350.08,1494
2017-10-24,350.08,352.96,349.51,351.23,235
2017-10-25,348.16,354.88,348.16,354.11,1486
2017-10-29,348.16,352.96,348.16,351.43,1728
2017-10-30,350.08,357.38,350.08,352.0,2459
2017-10-31,350.08,352.19,348.16,352.19,7324
2017-11-01,348.16,349.12,346.24,347.78,2714
2017-11-02,346.24,347.2,346.24,347.01,409
2017-11-05,343.36,343.36,338.75,342.4,4133
2017-11-06,342.4,345.28,342.4,343.55,1667
2017-11-07,349.31,350.08,343.55,344.9,2977
2017-11-08,340.48,341.44,339.52,341.44,6177
2017-11-09,340.48,341.25,338.56,338.56,3683
2017-11-12,338.56,341.44,334.72,339.52,1506
2017-11-13,342.21,342.21,336.64,339.52,5006
2017-11-14,340.48,346.24,338.56,343.36,1389
2017-11-15,343.36,344.32,339.71,340.48,497
2017-11-16,344.13,344.13,333.76,339.52,5055
2017-11-19,339.52,333.76,333.76,333.76,313
2017-11-20,338.56,338.56,330.11,331.84,146
2017-11-21,332.8,332.8,332.8,332.8,250
2017-11-22,338.18,338.18,338.18,338.18,36
2017-11-23,338.18,343.36,333.76,334.72,418
2017-11-26,334.72,345.28,339.52,345.28,535
2017-11-27,340.67,343.36,338.56,339.14,3218
2017-11-28,342.4,342.4,335.49,338.56,122
2017-11-29,342.4,344.32,338.75,341.44,1544
2017-11-30,342.4,342.4,338.56,340.29,1826
2017-12-04,340.29,341.82,336.64,337.98,9457
2017-12-05,336.83,337.22,335.68,336.64,1761
2017-12-06,336.64,341.06,336.64,338.56,10584
2017-12-10,336.64,340.48,336.64,338.56,4168
2017-12-11,336.64,338.56,335.68,335.68,580
2017-12-12,332.8,336.45,332.8,334.53,1116
2017-12-13,331.84,337.6,330.11,335.1,2296
2017-12-14,335.68,335.68,333.18,335.68,634
2017-12-17,328.96,334.33,328.96,330.11,1291
2017-12-18,332.41,332.8,331.07,331.84,985
2017-12-19,338.37,338.75,331.84,332.8,3801
2017-12-20,334.72,334.53,330.88,330.88,2070
2017-12-21,330.88,330.88,326.85,327.04,540
2017-12-24,328.0,328.0,321.66,323.2,1214
2017-12-26,318.2,321.66,318.2,321.66,2658
2017-12-27,321.08,323.96,316.48,317.24,2962
2017-12-28,315.52,319.36,309.37,314.56,1295
2017-12-31,318.97,318.97,308.6,313.21,3272
2018-01-01,317.44,318.01,310.71,317.05,4201
2018-01-02,319.36,321.28,315.52,316.28,875
2018-01-03,315.52,315.52,311.67,315.52,6924
2018-01-04,311.29,313.4,307.07,309.18,2750
2018-01-07,314.17,314.17,314.17,314.17,30
2018-01-08,319.36,319.36,315.52,319.36,4926
2018-01-09,319.36,321.28,319.36,319.36,340
2018-01-10,317.44,317.44,317.44,317.44,50
2018-01-14,315.71,315.71,311.67,312.63,1289
2018-01-16,312.63,317.44,308.79,309.75,570
2018-01-17,309.75,309.75,309.75,309.75,180
2018-01-21,304.95,310.71,304.95,309.75,1733
2018-01-22,309.56,309.56,308.22,309.56,450
2018-01-23,309.75,311.67,309.75,311.67,448
2018-01-24,309.75,311.67,306.68,311.67,2726
2018-01-25,311.67,313.59,307.83,311.87,742
2018-01-28,311.29,317.05,311.1,317.05,330
2018-01-29,316.86,318.59,313.59,313.98,6064
2018-01-31,314.36,314.36,308.99,310.71,14511
2018-02-04,308.55,308.55,301.35,302.79,1041
2018-02-05,300.87,300.87,297.75,297.75,627
2018-02-06,295.35,297.75,293.91,297.75,184
2018-02-07,295.59,295.59,290.31,290.55,823
2018-02-08,290.55,291.51,285.99,290.55,2044
2018-02-11,292.95,292.95,292.95,292.95,25
2018-02-12,288.15,289.35,288.15,289.35,462
2018-02-14,284.07,288.15,284.07,288.15,267
2018-02-15,290.55,295.59,289.83,295.59,3137
2018-02-18,295.59,300.39,291.99,291.99,1823
2018-02-20,290.55,290.55,289.35,289.35,350
2018-02-21,288.15,289.35,285.99,289.35,807
2018-02-22,288.15,289.35,286.71,286.71,220
2018-02-25,282.15,286.71,278.79,286.71,1006
2018-02-26,282.15,282.15,277.59,277.59,834
2018-02-27,277.59,281.91,277.35,277.35,1254
2018-02-28,276.39,276.39,271.35,271.35,1170
2018-03-04,267.03,267.03,254.54,255.74,1734
2018-03-06,247.1,254.54,246.14,250.94,1259
2018-03-07,252.14,259.82,249.74,258.14,5187
2018-03-11,258.14,254.06,249.74,253.58,215
2018-03-12,253.58,253.58,246.14,249.74,692
2018-03-13,247.58,247.58,244.94,247.34,4010
2018-03-14,244.22,251.18,243.74,250.94,620
2018-03-15,253.82,253.82,247.1,247.58,1247
2018-03-18,247.34,247.34,243.74,246.14,1177
2018-03-19,244.94,244.94,243.26,243.26,1151
2018-03-20,242.54,243.26,237.02,240.14,1567
2018-03-21,238.22,243.74,236.54,241.82,375
2018-03-22,241.34,244.94,230.06,244.94,3084
2018-03-26,241.1,241.1,225.5,225.5,1293
2018-03-27,225.5,232.22,220.94,228.62,1689
2018-03-28,231.98,234.62,225.74,226.94,1641
2018-03-29,228.14,232.94,224.78,232.94,4163
2018-04-01,229.34,229.34,224.78,224.78,1272
2018-04-02,224.78,225.74,224.3,225.74,945
2018-04-03,225.74,226.94,222.38,225.02,734
2018-04-04,225.74,233.42,225.74,230.3,1718
2018-04-05,233.66,242.54,229.82,242.54,11934
2018-04-08,243.74,258.62,239.9,250.94,12410
2018-04-09,253.58,257.18,245.9,247.34,8855
2018-04-10,243.5,246.86,242.54,244.22,2286
2018-04-11,242.54,247.34,240.14,247.34,3779
2018-04-12,250.94,252.14,248.06,251.66,2043
2018-04-15,251.66,260.06,246.14,260.06,6780
2018-04-16,264.15,273.27,262.71,272.79,15329
2018-04-17,273.03,285.75,276.63,284.55,8780
2018-04-18,280.95,289.11,276.39,276.39,5771
2018-04-19,276.39,283.35,274.71,276.39,3369
2018-04-22,276.39,297.27,276.39,294.87,10298
2018-04-23,299.67,301.35,280.95,290.79,8218
2018-04-24,295.35,295.35,279.99,288.15,8135
2018-04-25,283.59,292.71,283.59,288.39,1226
2018-04-26,286.95,286.95,280.23,280.47,2076
2018-04-29,281.19,281.19,277.35,278.55,1673
2018-05-02,278.55,290.55,276.15,290.55,1512
2018-05-03,290.55,295.35,290.55,290.79,3126
2018-05-06,290.55,290.55,288.87,288.87,1027
2018-05-07,289.11,289.11,285.75,285.75,1165
2018-05-08,286.95,292.95,284.07,292.95,1621
2018-05-09,292.95,296.55,291.99,292.47,3360
2018-05-10,292.47,291.75,286.95,288.15,2260
2018-05-14,288.15,288.39,284.55,284.55,705
2018-05-15,284.55,289.11,284.55,289.11,215
2018-05-16,289.35,289.35,289.35,289.35,20
2018-05-17,285.75,285.75,285.03,285.03,432
2018-05-20,288.15,289.59,283.59,288.15,319
2018-05-21,286.95,286.95,286.95,286.95,114
2018-05-22,286.95,286.95,284.79,285.03,1295
2018-05-23,282.15,282.15,282.15,282.15,22
2018-05-24,282.15,283.35,278.55,283.35,356
2018-05-27,283.35,283.35,279.03,279.03,160
2018-05-28,279.03,292.47,275.19,292.47,465
2018-05-29,292.23,294.87,288.39,290.55,2851
2018-05-30,285.75,297.75,285.75,292.95,1281
2018-05-31,289.83,289.83,284.79,288.15,874
2018-06-03,283.59,283.59,279.03,279.03,1218
2018-06-04,277.35,279.75,274.71,275.19,642
2018-06-06,279.51,284.07,279.51,279.51,1902
2018-06-07,283.35,283.35,269.43,273.75,999
2018-06-10,271.35,271.35,262.23,262.23,525
2018-06-11,266.31,278.07,266.31,272.31,3830
2018-06-12,273.75,274.95,266.55,274.95,1094
2018-06-13,273.75,273.75,269.43,269.67,1383
2018-06-14,269.43,273.51,269.19,271.35,4074
2018-06-17,267.75,267.75,262.95,264.39,3423
2018-06-18,261.74,270.15,261.74,270.15,936
2018-06-19,266.55,266.55,264.15,265.83,428
2018-06-20,261.02,261.74,260.78,261.74,565
2018-06-21,263.67,266.31,261.99,262.95,387
2018-06-24,262.95,266.55,262.95,264.63,826
2018-06-25,264.39,264.39,260.3,264.15,2189
2018-06-26,264.15,264.15,260.3,264.15,718
2018-06-27,260.3,260.54,259.34,259.34,5256
2018-06-28,261.74,263.43,259.82,262.95,483
2018-07-01,260.54,261.74,259.34,259.58,1166
2018-07-02,259.34,259.34,252.86,252.86,1538
2018-07-03,260.54,260.54,260.54,260.54,500
2018-07-04,260.54,261.5,259.34,259.34,664
2018-07-05,263.43,272.55,262.47,267.99,3135
2018-07-08,268.23,275.67,267.75,268.95,2893
2018-07-09,268.23,269.43,262.95,266.55,1276
2018-07-10,265.11,267.75,265.11,266.31,735
2018-07-11,270.39,274.71,268.95,274.23,1171
2018-07-12,277.35,277.35,262.23,263.43,992
2018-07-15,266.55,270.15,259.58,270.15,1137
2018-07-16,273.75,273.75,273.51,270.87,196
2018-07-17,269.43,269.43,268.95,268.95,350
2018-07-18,265.35,265.35,261.74,265.35,561
2018-07-19,261.74,261.74,260.54,261.5,588
2018-07-22,261.74,261.74,257.66,257.66,318
2018-07-23,254.78,259.34,254.78,259.34,1327
2018-07-24,259.34,266.55,258.86,258.86,643
2018-07-25,262.95,262.95,255.02,256.7,2057
2018-07-26,255.74,256.94,255.02,256.94,1538
2018-07-29,260.3,260.3,258.14,258.14,89
2018-07-30,262.23,261.5,261.5,261.5,11
2018-07-31,261.74,261.74,254.54,255.98,821
2018-08-01,258.14,258.14,258.14,258.14,12
2018-08-02,259.34,259.34,252.86,252.86,1538
2018-08-05,252.86,253.34,251.18,252.86,3267
2018-08-06,250.94,253.34,250.94,253.34,320
2018-08-07,253.34,254.3,252.14,254.3,686
2018-08-08,252.14,257.42,248.54,254.06,1355
2018-08-09,253.1,253.34,251.18,251.66,1274
2018-08-12,249.74,251.66,242.54,246.38,979
2018-08-13,246.38,247.34,243.98,243.98,1187
2018-08-14,247.34,248.54,247.1,248.54,423
2018-08-15,252.38,255.98,252.38,254.54,206
2018-08-16,254.54,258.62,250.94,250.94,2091
2018-08-19,250.94,252.62,250.46,250.7,5852
2018-08-20,253.34,253.82,250.7,250.7,205
2018-08-21,248.54,251.42,248.54,251.42,7254
2018-08-22,249.02,250.7,245.9,249.26,1126
2018-08-23,246.86,249.26,242.54,249.26,38837
2018-08-26,247.34,248.3,243.26,243.74,5294
2018-08-28,244.94,245.9,242.54,245.9,13079
2018-08-29,242.54,244.94,242.3,243.74,898
2018-08-30,240.86,247.58,240.86,246.62,11785
2018-09-02,246.86,253.58,246.86,253.34,444
2018-09-03,249.98,254.06,249.74,253.58,2438
2018-09-04,250.94,253.34,249.74,249.74,1785
2018-09-05,253.58,257.42,253.1,257.42,1494
2018-09-06,257.9,259.34,253.82,255.74,11745
2018-09-09,252.62,252.62,251.66,251.66,695
2018-09-10,249.74,249.74,249.74,249.74,150
2018-09-11,250.94,252.14,250.94,252.14,221
2018-09-12,253.34,258.86,253.34,258.14,2160
2018-09-13,258.14,258.86,254.78,254.78,2432
2018-09-16,258.86,263.67,258.62,259.34,1409
2018-09-17,263.43,267.51,261.74,262.47,3441
2018-09-18,266.55,270.15,262.95,265.35,792
2018-09-20,262.95,264.15,259.58,261.74,844
2018-09-23,259.58,263.43,256.22,263.43,2624
2018-09-25,263.19,265.35,261.74,264.63,2547
2018-09-26,266.55,267.75,261.74,264.15,1952
2018-09-27,262.23,262.23,258.14,260.54,2775
2018-09-30,256.94,257.66,256.94,257.66,136
2018-10-01,258.14,261.74,255.5,259.34,3429
2018-10-02,260.3,260.54,257.42,259.34,3814
2018-10-03,255.74,261.5,255.74,261.5,872
2018-10-04,257.42,260.54,255.74,259.82,2030
2018-10-07,258.14,264.63,253.34,264.63,1815
2018-10-08,261.02,264.63,256.94,264.39,3159
2018-10-09,261.26,265.35,261.26,265.11,1050
2018-10-10,261.26,265.11,258.14,264.63,2216
2018-10-11,262.95,265.35,258.86,264.63,2135
2018-10-14,266.55,269.91,262.95,269.91,2163
2018-10-15,265.59,270.87,261.74,270.15,4911
2018-10-21,266.55,266.55,266.55,266.55,200
2018-10-22,262.23,262.71,259.82,262.71,941
2018-10-23,260.54,264.15,259.82,260.3,1174
2018-10-24,258.86,262.95,258.86,262.95,191
2018-10-25,260.78,262.95,260.78,260.78,386
2018-10-28,260.54,260.54,257.42,258.86,715
2018-10-29,255.74,259.34,255.74,256.94,546
2018-10-30,257.42,259.34,255.98,259.34,453
2018-10-31,256.94,263.43,255.98,263.43,330
2018-11-01,259.34,263.91,259.34,263.91,286
2018-11-04,259.82,259.82,255.74,255.74,150
2018-11-05,259.34,261.26,253.34,261.26,1737
2018-11-14,258.14,258.14,255.74,256.7,250
2018-11-15,256.7,260.54,255.5,260.54,1260
2018-11-18,259.1,259.1,255.02,257.9,976
2018-11-19,257.9,257.9,255.74,255.74,430
2018-11-20,255.74,255.74,254.3,254.54,100
2018-11-21,254.54,254.54,252.38,253.34,108
2018-11-22,253.34,253.34,249.74,249.74,2643
2018-11-25,249.79,258.62,248.54,258.62,855
2018-11-27,258.62,258.62,246.14,250.46,1170
2018-11-28,250.46,250.46,244.46,248.3,598
2018-11-29,247.74,247.74,241.34,241.34,1475
2018-12-02,241.34,242.54,235.34,241.1,1277
2018-12-03,241.1,243.74,241.1,243.26,391
2018-12-04,243.26,243.26,238.94,241.34,1611
2018-12-06,236.54,237.74,234.38,234.38,3508
2018-12-09,234.38,234.38,231.02,232.94,250
2018-12-10,232.94,236.54,232.94,236.54,230
2018-12-11,236.54,236.54,236.06,236.06,20
2018-12-12,236.06,236.3,232.94,236.3,36
2018-12-13,236.3,236.54,236.3,236.54,1000
2018-12-16,236.54,242.54,236.54,240.14,316
2018-12-17,237.74,249.26,237.74,249.26,810
2018-12-18,249.26,249.74,240.14,240.14,2366
2018-12-19,240.14,244.94,240.14,241.34,714
2018-12-20,241.34,244.94,241.34,243.02,830
2018-12-23,243.02,253.34,243.02,253.34,2355
2018-12-24,253.34,260.06,249.5,255.98,1766
2018-12-25,255.98,255.98,246.86,250.7,1652
2018-12-26,250.7,266.55,250.7,262.23,7623
2018-12-27,262.23,270.87,259.82,259.82,8029
2018-12-30,259.82,260.06,255.98,257.42,1097
2018-12-31,257.42,258.14,252.14,252.14,1116
2019-01-01,252.14,254.54,252.14,252.38,382
2019-01-02,253.34,257.18,253.34,257.18,152
2019-01-03,257.18,261.02,257.18,257.42,875
2019-01-07,257.42,257.66,253.58,257.66,334
2019-01-08,257.66,257.66,255.5,255.5,318
2019-01-09,255.5,255.5,253.58,253.58,100
2019-01-10,253.58,258.14,253.58,258.14,430
2019-01-13,258.14,261.74,253.58,253.58,807
2019-01-14,253.58,255.74,253.58,255.74,202
2019-01-15,255.74,264.15,255.74,262.95,736
2019-01-16,262.95,264.15,258.86,259.1,995
2019-01-17,259.1,259.1,255.26,255.26,710
2019-01-20,255.02,256.94,255.02,256.94,70
2019-01-21,256.94,256.94,253.34,253.34,1106
2019-01-22,253.34,255.74,253.34,255.74,499
2019-01-23,255.74,259.82,252.86,259.82,800
2019-01-24,259.82,263.91,255.02,261.5,5348
2019-01-27,261.5,264.87,253.34,259.1,497
2019-01-28,259.1,259.1,255.26,259.1,257
2019-01-30,259.1,259.1,255.02,258.86,140
2019-01-31,258.86,258.86,252.14,255.74,1967
2019-02-03,254.54,255.74,252.14,252.14,895
2019-02-04,252.14,252.14,249.74,252.14,7647
2019-02-05,249.98,253.58,249.74,249.74,1230
2019-02-06,249.26,251.9,249.26,251.9,53
2019-02-07,249.74,252.14,249.74,252.14,520
2019-02-10,248.78,252.14,246.62,247.82,353
2019-02-11,244.94,255.02,243.74,243.74,3020
2019-02-12,242.78,246.62,242.54,246.62,266
2019-02-13,245.66,246.62,241.34,241.34,903
2019-02-14,241.34,242.54,239.18,239.18,865
2019-02-17,241.34,241.34,239.18,241.1,621
2019-02-18,238.94,241.1,236.54,236.54,517
2019-02-19,240.14,245.66,236.3,243.5,2136
2019-02-20,239.9,243.5,239.66,239.66,100
2019-02-21,240.14,242.06,238.46,238.94,679
2019-02-24,236.78,238.94,235.34,235.58,2055
2019-02-25,236.54,242.54,235.58,242.54,729
2019-02-26,240.14,242.54,237.74,240.14,479
2019-02-27,240.38,241.34,240.14,241.34,237
2019-03-03,237.98,241.34,237.98,237.98,954
2019-03-05,236.54,240.14,235.34,240.14,380
2019-03-06,236.78,246.14,236.54,246.14,1283
2019-03-07,246.86,249.26,242.3,248.06,2547
2019-03-09,244.94,248.06,244.94,246.14,460
2019-03-10,244.94,248.06,244.94,246.14,460
2019-03-11,245.42,250.46,244.94,249.26,1828
2019-03-12,249.26,253.34,248.54,253.34,2721
2019-03-13,253.34,253.34,242.54,242.54,1600
2019-03-14,240.14,253.34,240.14,250.7,1847
2019-03-17,246.86,250.7,243.02,246.86,90
2019-03-18,243.98,249.98,243.98,245.42,3260
2019-03-19,243.74,246.14,243.74,244.46,341
2019-03-21,242.78,246.86,242.78,246.86,760
2019-03-24,243.02,243.02,240.14,242.54,880
2019-03-25,242.54,243.02,240.62,240.62,1043
2019-03-26,240.38,242.54,240.38,241.58,679
2019-03-27,241.58,242.54,242.54,242.54,30
2019-03-28,238.94,242.54,240.14,241.1,626
2019-03-31,241.82,241.82,240.62,241.1,1303
2019-04-01,237.98,242.54,237.98,242.54,717
2019-04-02,243.74,244.94,242.54,242.54,1195
2019-04-03,242.54,247.34,241.58,241.58,754
2019-04-04,240.38,243.74,240.38,241.34,894
2019-04-07,237.74,244.94,241.1,243.74,346
2019-04-08,243.74,251.18,243.74,250.46,4126
2019-04-09,247.34,247.34,246.62,246.62,350
2019-04-10,243.74,247.1,243.26,247.1,240
2019-04-11,248.78,256.7,248.78,256.7,493
2019-04-15,253.34,253.34,247.34,249.74,878
2019-04-16,249.74,250.94,248.3,248.3,662
2019-04-17,248.3,250.94,247.58,249.02,2621
2019-04-18,247.34,249.98,244.94,249.98,4340
2019-04-21,246.86,249.5,246.38,249.5,1352
2019-04-22,249.74,252.86,248.54,250.94,1970
2019-04-23,248.78,249.02,248.54,248.54,540
2019-04-24,252.38,252.38,247.34,247.34,1160
2019-04-25,249.5,250.94,246.62,250.94,3859
2019-04-28,254.78,270.15,254.54,266.55,9792
2019-04-29,270.15,270.87,261.74,261.74,7397
2019-04-30,258.14,262.23,254.06,254.06,773
2019-05-02,254.54,257.9,254.54,255.02,1187
2019-05-05,265.11,269.19,254.54,262.23,6407
2019-05-06,264.63,267.75,256.94,260.54,7368
2019-05-07,260.54,260.54,257.66,257.66,2620
2019-05-08,259.34,259.34,256.94,256.94,1709
2019-05-09,259.34,259.34,254.54,256.94,2038
2019-05-12,260.54,261.02,253.58,256.94,1228
2019-05-13,260.78,258.14,256.94,256.94,567
2019-05-14,256.94,256.94,253.82,256.22,1690
2019-05-15,256.94,256.94,251.18,252.86,4740
2019-05-16,252.14,252.14,246.62,246.62,7369
2019-05-19,247.58,252.14,244.94,249.26,7576
2019-05-20,247.34,247.58,243.26,247.1,4709
2019-05-21,243.98,246.38,242.54,246.38,2714
2019-05-22,246.62,247.58,243.74,244.22,935
2019-05-23,243.98,246.62,243.5,246.62,2313
2019-05-26,243.26,243.74,243.26,243.26,1221
2019-05-27,243.26,246.86,243.26,243.5,576
2019-05-28,243.74,244.46,242.54,242.78,1479
2019-05-29,243.74,248.54,243.74,246.38,3052
2019-05-30,249.98,253.82,244.46,244.46,4577
2019-06-02,244.46,248.3,241.1,243.02,4564
2019-06-03,242.06,243.02,242.06,242.78,567
2019-06-04,242.54,244.46,241.82,242.06,1117
2019-06-06,241.58,241.58,238.94,241.34,795
2019-06-10,239.42,239.66,235.58,235.58,2201
2019-06-11,235.34,235.34,234.38,234.38,1023
2019-06-12,231.74,233.42,231.02,233.42,2232
2019-06-13,232.94,233.66,231.5,233.66,994
2019-06-16,230.06,230.54,229.34,229.34,709
2019-06-17,229.34,232.94,229.34,232.94,409
2019-06-18,230.54,234.14,230.54,234.14,564
2019-06-19,231.02,232.94,227.18,232.94,976
2019-06-20,232.94,232.94,229.34,231.74,587
2019-06-23,231.74,231.74,228.14,230.06,682
2019-06-24,226.7,232.94,227.42,230.54,391
2019-06-25,230.54,230.54,228.38,228.38,172
2019-06-26,226.94,228.14,225.74,228.14,684
2019-06-27,228.38,228.38,225.74,228.38,530
2019-06-30,226.94,226.94,223.34,226.7,1992
2019-07-01,225.74,228.14,223.34,228.14,468
2019-07-03,227.66,230.54,225.74,230.3,1980
2019-07-04,233.66,233.66,230.06,230.06,33
2019-07-07,228.14,230.3,220.46,230.3,1921
2019-07-08,226.94,228.14,225.74,228.14,810
2019-07-09,225.98,226.46,223.34,223.58,1690
2019-07-10,223.34,225.74,223.34,225.74,855
2019-07-11,222.86,224.54,222.86,223.1,1051
2019-07-14,223.34,226.22,222.86,226.22,1820
2019-07-15,223.58,228.14,223.34,228.14,692
2019-07-16,231.5,237.02,227.66,233.42,217
2019-07-17,229.58,230.06,226.22,230.06,3105
2019-07-18,230.06,230.06,227.18,227.18,4434
2019-07-21,227.18,227.66,223.82,224.78,837
2019-07-22,226.94,226.94,225.74,225.74,210
2019-07-23,226.94,226.94,224.78,224.78,590
2019-07-24,225.74,225.74,222.14,222.38,1211
2019-07-25,222.86,225.74,218.3,218.3,6045
2019-07-28,218.54,221.42,213.02,214.94,2778
2019-07-29,213.74,216.14,212.78,216.14,3058
2019-07-30,218.54,219.26,216.14,216.14,1471
2019-07-31,216.62,219.26,216.62,219.26,571
2019-08-01,219.74,223.1,219.74,219.98,1444
2019-08-04,220.94,221.66,218.54,221.66,121
2019-08-05,223.1,226.94,223.1,224.54,313
2019-08-06,221.42,221.42,216.38,219.5,260
2019-08-07,216.14,223.34,216.14,223.34,670
2019-08-08,223.34,223.34,219.98,219.98,20
2019-08-11,216.86,219.74,216.38,216.38,227
2019-08-12,219.26,219.26,215.9,218.06,104
2019-08-13,214.94,214.94,211.82,211.82,182
2019-08-14,213.02,215.9,212.78,215.9,828
2019-08-15,215.9,215.9,213.5,213.5,151
2019-08-18,211.34,213.5,210.38,213.5,228
2019-08-19,211.34,215.66,211.34,214.94,499
2019-08-20,214.94,214.94,211.82,214.46,157
2019-08-21,214.22,214.22,208.93,208.93,233
2019-08-22,206.29,208.69,206.05,208.69,397
2019-08-25,207.73,207.73,203.17,205.81,103
2019-08-26,205.81,205.81,195.97,195.97,2305
2019-08-27,196.69,201.73,196.21,200.53,2614
2019-08-28,199.33,199.33,194.53,199.09,549
2019-08-29,196.93,204.61,196.21,204.61,406
2019-09-01,202.21,202.21,194.53,197.17,710
2019-09-02,194.53,194.53,188.29,190.93,1220
2019-09-03,189.73,195.01,186.37,195.01,2473
2019-09-04,195.25,195.25,192.61,193.33,6266
2019-09-05,191.17,195.49,190.69,194.53,1000
2019-09-08,194.53,194.53,189.97,189.97,933
2019-09-09,189.97,190.93,188.77,189.01,1640
2019-09-10,186.85,189.73,186.85,189.73,1865
2019-09-11,187.09,190.45,187.09,189.49,531
2019-09-12,190.93,190.93,188.53,189.49,1296
2019-09-15,187.09,189.97,187.09,189.97,475
2019-09-16,187.57,187.57,181.09,182.05,6078
2019-09-17,183.73,189.25,183.73,185.89,1106
2019-09-18,188.29,193.57,188.29,193.57,536
2019-09-19,190.93,193.57,190.93,193.57,241
2019-09-22,190.93,190.93,183.25,189.49,435
2019-09-23,192.13,192.13,192.13,192.13,11
2019-09-24,193.81,193.81,189.49,190.93,302
2019-09-26,188.53,189.25,185.17,189.25,11619
2019-09-29,187.09,189.01,186.13,189.01,806
2019-09-30,187.33,189.97,184.69,189.97,1174
2019-10-01,187.33,189.49,186.85,189.01,74
2019-10-02,186.37,189.01,182.53,183.01,13246
2019-10-03,185.65,185.65,185.65,185.65,10
2019-10-14,183.01,185.65,178.45,180.85,847
2019-10-15,180.85,180.85,178.93,180.85,153
2019-10-16,182.53,185.89,182.05,185.89,277
2019-10-17,188.53,192.85,182.53,192.37,3132
2019-10-20,189.73,189.97,182.29,189.97,2300
2019-10-21,187.33,187.33,182.53,187.33,10200
2019-10-22,189.97,189.97,187.33,187.33,20
2019-10-23,184.93,185.89,183.73,183.73,1050
2019-10-24,183.01,186.37,182.53,185.17,6589
2019-10-31,187.57,187.57,184.93,187.57,223
2019-11-03,186.13,186.13,186.13,186.13,25
2019-11-04,183.73,183.73,181.57,182.53,1503
2019-11-05,185.17,185.17,182.53,182.53,268
2019-11-06,180.85,180.85,180.37,180.37,240
2019-11-07,179.41,181.81,179.41,179.41,310
2019-11-10,179.41,179.41,177.97,178.21,1907
2019-11-11,178.21,182.05,178.21,182.05,651
2019-11-12,180.37,180.61,180.37,180.37,200
2019-11-13,181.33,181.33,177.73,177.73,570
2019-11-14,177.73,177.73,175.33,177.01,514
2019-11-17,177.97,178.93,177.97,178.93,262
2019-11-18,178.93,178.93,176.77,176.77,2555
2019-11-19,176.53,177.25,174.37,174.37,1082
2019-11-20,173.89,176.05,173.65,176.05,194
2019-11-21,174.13,176.05,176.05,176.05,28
2019-11-24,174.13,174.13,169.57,171.73,3360
2019-11-25,169.81,169.81,166.21,169.57,4016
2019-11-26,171.25,171.25,167.65,169.81,1977
2019-11-27,170.53,173.89,170.29,173.89,361
2019-11-28,171.73,171.73,169.33,169.33,645
2019-12-01,169.57,171.25,168.37,171.25,477
2019-12-02,170.77,171.73,170.53,171.73,636
2019-12-03,171.73,172.69,171.49,172.69,1375
2019-12-04,174.13,179.17,172.21,179.17,450
2019-12-05,179.89,179.89,175.33,175.33,1043
2019-12-08,173.65,175.33,173.17,175.33,326
2019-12-09,177.49,186.13,177.49,186.13,2193
2019-12-10,183.49,185.41,180.85,184.93,3067
2019-12-11,187.57,187.57,182.29,187.57,1368
2019-12-12,190.21,198.37,184.93,197.89,11399
2019-12-15,197.89,199.33,193.09,193.09,4616
2019-12-16,199.33,199.33,191.89,191.89,4476
2019-12-17,189.25,196.45,188.53,191.41,1088
2019-12-18,194.05,194.77,192.13,192.13,1258
2019-12-19,191.89,196.93,190.21,196.93,2070
2019-12-22,199.81,201.73,190.69,193.57,307
2019-12-23,196.21,196.69,193.81,196.45,1842
2019-12-24,197.17,197.65,194.77,195.49,3842
2019-12-25,195.73,196.21,193.33,195.01,522
2019-12-26,192.85,194.53,192.61,194.53,1227
2019-12-29,192.37,194.53,192.37,194.53,1216
2019-12-30,194.77,196.93,192.13,196.93,2135
2019-12-31,199.81,199.81,194.05,194.53,650
2020-01-01,197.41,197.41,193.33,195.73,440
2020-01-02,193.33,198.61,193.33,195.73,776
2020-01-05,198.61,198.85,198.13,198.85,1781
2020-01-06,196.21,197.89,195.97,197.89,2936
2020-01-07,195.01,200.53,196.45,198.85,379
2020-01-08,199.33,199.33,195.97,198.37,747
2020-01-09,195.97,203.65,195.73,203.65,3531
2020-01-12,206.53,218.78,206.53,218.78,11879
2020-01-13,222.14,227.66,219.74,219.74,9912
2020-01-14,216.38,220.94,213.98,218.54,4437
2020-01-15,221.9,222.86,218.78,221.42,4677
2020-01-16,222.14,223.82,220.94,222.14,3968
2020-01-19,225.5,239.18,225.5,239.18,22940
2020-01-20,239.18,254.3,239.18,241.58,21570
2020-01-21,244.94,252.86,240.86,243.74,16273
2020-01-22,243.5,244.94,241.58,243.5,5889
2020-01-23,244.94,244.94,238.46,239.9,3194
2020-01-26,240.14,243.26,236.3,236.3,3251
2020-01-27,234.14,246.14,233.9,246.14,4486
2020-01-28,247.34,249.5,242.3,246.14,14297
2020-01-29,249.98,253.58,247.1,247.1,15188
2020-01-30,248.54,256.94,247.1,253.82,13713
2020-02-02,253.82,266.07,253.82,261.74,18875
2020-02-03,263.19,263.19,257.66,261.99,12422
2020-02-04,261.99,266.55,260.06,260.54,18707
2020-02-05,260.78,263.19,260.78,261.26,12211
2020-02-06,261.02,261.26,258.86,259.1,8375
2020-02-09,258.38,258.86,252.62,253.34,25009
2020-02-10,256.94,269.62,253.1,266.55,23205
2020-02-11,271.15,280.37,270.39,274.23,10994
2020-02-12,278.84,288.44,278.84,288.05,10749
2020-02-13,293.05,304.95,293.05,304.95,9549
2020-02-16,308.79,329.53,308.79,329.53,10952
2020-02-17,330.69,345.67,324.16,324.16,16484
2020-02-18,320.32,324.16,308.79,313.79,17314
2020-02-19,313.79,318.4,304.95,315.32,12015
2020-02-20,315.32,323.77,315.32,323.77,12444
2020-02-23,326.46,329.92,318.4,319.93,11809
2020-02-24,319.93,325.31,308.79,311.87,4256
2020-02-25,314.56,319.93,311.87,319.93,9051
2020-02-26,323.77,331.84,320.7,325.69,11568
2020-02-27,320.32,325.69,315.71,317.63,13668
2020-03-01,317.63,317.63,305.72,306.11,11648
2020-03-02,301.5,306.49,285.75,285.75,3850
2020-03-03,285.75,305.72,272.69,297.66,5183
2020-03-04,297.66,302.65,276.15,287.67,5855
2020-03-05,285.75,287.67,278.84,284.6,7353
2020-03-10,279.99,279.99,271.15,273.84,2190
2020-03-11,278.45,286.52,269.23,286.52,4174
2020-03-12,291.51,291.51,270.39,278.07,5572
2020-03-15,273.46,274.23,255.02,265.39,8806
2020-03-16,261.17,268.08,256.94,266.55,2417
2020-03-17,262.71,262.71,243.5,254.64,7112
2020-03-18,253.1,255.41,239.66,241.58,4736
2020-03-19,241.58,253.1,235.05,245.42,5228
2020-03-22,241.58,245.42,241.58,245.42,65
2020-06-29,241.58,241.58,233.9,235.05,1558
2020-06-30,238.51,238.89,238.51,238.89,210
2020-07-01,242.73,250.41,242.73,250.41,691
2020-07-02,254.64,266.93,247.73,247.73,3822
2020-07-05,251.95,251.95,247.73,248.88,2872
2020-07-06,251.18,262.32,251.18,262.32,1183
2020-07-07,266.55,280.37,266.55,275.0,4885
2020-07-08,273.84,281.91,270.39,276.53,3485
2020-07-09,274.23,281.91,274.23,279.99,645
2020-07-12,284.6,284.6,275.76,283.83,1602
2020-07-13,283.83,287.67,281.91,281.91,5246
2020-07-14,279.99,283.83,276.92,283.83,3245
2020-07-15,283.45,288.44,279.99,288.44,7474
2020-07-16,285.75,289.59,284.21,289.59,2554
2020-07-19,294.58,299.58,294.58,299.58,20
2020-07-20,304.57,325.69,289.59,289.59,16481
2020-07-21,284.6,293.43,284.6,285.75,1699
2020-07-22,290.74,290.74,284.6,284.98,767
2020-07-23,280.37,294.2,280.37,293.05,3168
2020-07-26,289.59,303.42,289.59,298.81,5532
2020-07-27,301.11,301.11,297.66,298.42,6192
2020-07-28,293.82,295.35,292.66,295.35,1477
2020-07-29,290.36,292.28,286.13,289.59,3231
2020-07-30,287.67,288.82,281.91,288.82,4026
2020-08-02,285.37,285.37,276.15,278.84,6378
2020-08-03,276.53,281.52,276.15,281.52,1733
2020-08-05,276.92,280.37,275.76,275.76,3064
2020-08-06,276.92,276.92,268.08,269.62,5835
2020-08-09,266.55,275.38,265.39,275.38,4009
2020-08-10,279.99,281.91,277.3,281.91,4423
2020-08-11,285.75,285.75,276.15,279.99,4060
2020-08-12,279.22,285.75,279.22,284.98,4355
2020-08-13,281.91,285.37,277.3,278.84,3864
2020-08-16,274.61,283.45,274.61,277.3,4210
2020-08-17,272.69,285.37,277.3,284.98,7508
2020-08-18,283.06,300.34,283.06,297.27,18222
2020-08-19,292.28,295.74,288.05,291.89,12090
2020-08-20,293.05,295.35,291.51,294.2,1473
2020-08-23,292.28,305.34,292.28,305.34,18806
2020-08-24,310.71,314.17,306.87,312.63,21535
2020-08-25,312.63,312.63,304.95,311.48,13634
2020-08-26,310.71,311.48,304.95,308.03,43296
2020-08-27,305.72,313.79,303.42,310.71,23103
2020-08-30,310.71,319.93,308.03,318.4,4800
2020-08-31,318.4,327.23,318.4,319.16,32926
2020-09-02,320.32,325.69,315.32,315.71,43992
2020-09-03,315.71,321.08,309.56,321.08,11319
2020-09-06,335.3,335.3,310.71,320.32,12681
2020-09-07,318.78,319.55,313.02,318.4,4416
2020-09-08,313.4,318.78,312.25,315.71,4872
2020-09-09,318.4,322.24,310.71,322.24,9106
2020-09-10,324.16,331.45,319.93,330.69,16262
2020-09-13,329.53,350.66,329.53,338.75,22396
2020-09-14,341.44,341.44,329.92,331.45,17324
2020-09-15,336.83,336.83,326.85,327.61,5416
2020-09-16,332.99,332.99,327.61,331.84,4666
2020-09-17,329.92,333.37,328.38,329.92,3249
2020-09-20,326.85,332.61,323.39,323.39,3897
2020-09-21,323.39,323.39,320.32,323.39,3315
2020-09-22,321.08,323.39,319.55,319.93,2217
2020-09-23,319.93,324.93,314.56,320.32,3749
2020-09-24,323.0,323.0,317.63,319.16,2585
2020-09-27,314.17,323.77,314.17,315.71,2855
2020-09-28,313.02,314.17,308.41,308.41,18863
2020-09-29,308.41,311.48,306.87,308.03,7045
2020-09-30,306.49,308.03,304.57,304.57,11207
2020-10-01,304.57,316.48,303.42,316.48,17835
2020-10-04,318.78,323.77,314.56,316.48,7020
2020-10-05,316.48,319.93,312.63,312.63,6632
2020-10-06,309.95,315.32,309.56,309.56,5926
2020-10-07,307.64,313.02,307.64,311.48,4332
2020-10-08,311.48,313.79,307.26,308.79,22944
2020-10-11,306.49,308.79,303.8,304.95,7673
2020-10-12,303.8,306.11,303.03,305.34,4407
2020-10-13,304.95,305.34,303.42,304.57,4197
2020-10-14,302.65,304.19,301.5,301.5,5749
2020-10-15,306.49,306.49,298.42,299.58,5469
2020-10-18,295.35,301.88,295.35,300.73,3336
2020-10-19,302.26,309.95,302.26,309.95,5673
2020-10-20,306.87,310.71,304.95,309.56,1896
2020-10-21,308.79,310.33,308.41,308.41,3498
2020-10-22,309.56,313.79,306.87,309.18,6836
2020-10-28,308.79,311.1,308.03,309.56,4988
2020-10-29,311.1,314.17,309.95,314.17,5908
2020-11-01,314.56,314.56,311.1,312.63,3581
2020-11-02,312.63,314.17,311.1,311.87,4925
2020-11-03,312.63,313.02,308.41,312.25,6203
2020-11-04,312.25,313.79,308.41,310.71,4923
2020-11-05,307.64,307.64,306.49,307.26,4254
2020-11-08,310.33,310.33,305.72,306.49,7116
2020-11-09,311.48,311.48,308.79,309.56,29847
2020-11-10,314.73,320.07,314.73,316.79,12184
2020-11-11,321.72,322.95,317.61,318.43,4691
2020-11-12,319.66,320.07,318.02,318.43,5028
2020-11-18,319.66,327.88,319.25,327.88,19268
2020-11-19,333.64,349.66,327.88,342.27,47314
2020-11-22,346.38,354.18,332.81,336.1,21064
2020-11-23,321.31,332.4,321.31,329.53,18412
2020-11-24,328.29,342.68,328.29,340.21,21973
2020-11-25,345.96,348.43,336.92,343.5,32667
2020-11-26,342.27,344.32,334.05,336.1,23410
2020-11-29,333.22,336.1,331.58,332.81,7501
2020-11-30,338.16,348.43,333.64,339.8,17432
2020-12-01,334.46,345.14,331.17,340.21,21253
2020-12-02,340.21,364.87,335.28,349.66,51163
2020-12-03,354.59,364.87,344.32,347.2,34062
2020-12-06,343.09,343.09,330.35,330.35,21022
2020-12-07,330.35,343.5,329.12,342.27,19482
2020-12-08,356.24,356.24,335.69,343.09,15471
2020-12-09,343.09,343.09,329.94,331.99,12105
2020-12-10,336.1,336.1,328.29,333.64,10093
2020-12-13,337.33,339.39,330.35,334.05,6137
2020-12-14,339.39,344.32,336.51,341.86,12173
2020-12-15,347.61,356.65,338.57,342.27,36283
2020-12-16,340.21,344.32,334.87,340.21,18265
2020-12-17,340.21,345.55,340.21,341.44,35352
2020-12-20,336.51,339.39,326.24,326.24,21945
2020-12-21,322.95,332.81,313.5,331.99,16178
2020-12-22,332.81,340.62,332.81,337.75,11202
2020-12-23,338.57,342.27,335.28,341.44,15764
2020-12-24,337.33,342.27,336.51,339.8,43775
2020-12-27,344.32,344.32,332.81,337.33,15880
2020-12-28,344.32,344.32,334.05,337.33,12566
2020-12-29,336.1,341.44,335.28,341.44,5015
2020-12-30,341.03,342.27,338.16,342.27,7408
2020-12-31,342.27,344.32,338.16,341.44,10134
2021-01-03,346.38,346.38,339.8,344.32,13656
2021-01-04,350.49,350.49,341.44,343.91,10583
2021-01-05,344.32,349.25,338.57,347.2,29158
2021-01-06,348.02,360.76,347.61,357.06,36629
2021-01-07,363.22,385.42,359.12,380.9,78360
2021-01-10,385.42,385.42,366.51,371.03,26129
2021-01-11,375.55,380.9,371.44,378.84,28079
2021-01-12,378.02,389.12,377.2,384.59,22263
2021-01-13,385.83,390.76,383.36,386.65,25696
2021-01-17,389.53,391.58,383.77,389.53,14330
2021-01-18,389.53,412.13,385.83,411.72,34840
2021-01-19,411.72,412.13,395.69,405.96,16971
2021-01-20,403.91,403.91,394.46,397.75,15214
2021-01-21,401.03,428.98,400.21,426.51,35211
2021-01-24,426.92,432.27,412.13,426.51,37783
2021-01-25,428.57,434.73,413.36,430.62,49405
2021-01-26,424.46,426.51,414.18,422.4,27260
2021-01-27,417.06,430.62,417.06,426.1,31618
2021-01-28,424.87,464.73,424.87,442.95,88322
2021-01-31,445.01,467.61,440.9,460.62,84419
2021-02-01,468.84,479.94,455.28,461.86,59442
2021-02-02,468.02,496.38,461.44,492.68,128369
2021-02-03,498.43,501.72,475.83,484.46,55011
2021-02-04,484.46,488.16,475.83,483.64,31958
2021-02-07,491.86,528.02,484.46,528.02,101920
2021-02-08,537.47,547.33,516.92,516.92,48055
2021-02-09,516.51,516.51,498.43,506.65,20240
2021-02-10,506.65,514.87,500.9,506.24,28623
2021-02-11,515.28,515.28,488.16,496.38,46646
2021-02-14,519.39,521.03,486.1,494.32,34679
2021-02-15,503.36,529.25,503.36,514.05,47276
2021-02-16,523.5,529.66,500.07,513.64,40433
2021-02-17,512.81,516.51,507.88,508.7,38818
2021-02-18,508.7,514.46,500.9,507.88,34271
2021-02-21,506.65,506.65,494.32,494.32,15465
2021-02-22,494.32,496.38,484.05,487.75,29422
2021-02-23,479.94,516.51,471.31,514.05,58460
2021-02-24,514.05,523.09,503.77,505.42,37708
2021-02-25,504.59,505.42,488.98,492.27,21905
2021-02-28,488.16,516.92,483.64,496.79,79759
2021-03-01,497.2,513.23,490.62,511.99,46851
2021-03-02,507.47,511.99,486.51,496.38,31049
2021-03-03,487.33,500.07,479.53,488.98,85546
2021-03-04,498.02,503.77,488.98,497.2,52028
2021-03-07,474.18,506.65,474.18,491.44,24512
2021-03-09,488.16,491.86,478.29,481.99,29066
2021-03-10,459.8,490.21,459.8,480.35,22242
2021-03-14,476.65,480.35,459.39,459.8,16806
2021-03-15,463.09,471.72,451.58,453.23,19738
2021-03-16,447.47,466.38,445.01,451.17,29336
2021-03-17,457.33,464.73,451.58,463.09,13233
2021-03-18,463.5,478.29,463.5,472.13,11666
2021-03-21,475.83,495.14,463.5,483.64,25684
2021-03-22,492.27,492.27,477.88,479.94,53360
2021-03-23,479.94,490.62,472.13,484.05,32149
2021-03-24,488.16,492.27,484.46,484.46,20502
2021-03-25,493.09,496.38,481.99,484.05,38454
2021-03-29,487.75,490.21,481.17,486.1,15299
2021-03-30,477.47,521.03,475.83,505.01,297150
2021-03-31,528.43,528.43,508.7,510.35,45447
2021-04-01,529.25,529.25,505.42,508.7,67293
2021-04-04,500.49,546.1,500.49,534.18,176874
2021-04-05,555.96,558.84,527.2,528.02,112436
2021-04-06,552.27,552.27,516.1,518.57,65290
2021-04-07,521.03,521.03,505.83,505.83,48786
2021-04-08,492.68,521.44,492.68,504.59,50358
2021-04-12,512.81,524.32,509.12,518.98,54129
2021-04-13,524.73,524.73,509.94,514.05,47834
2021-04-15,512.81,522.27,509.94,516.51,26074
2021-04-18,519.39,521.03,502.54,502.95,19817
2021-04-19,501.31,507.06,493.91,494.32,19227
2021-04-20,494.32,508.7,488.57,506.65,35285
2021-04-21,504.18,504.18,492.27,498.02,31251
2021-04-22,493.91,509.12,488.16,509.12,31997
2021-04-25,507.88,507.88,486.1,487.75,42351
2021-04-26,479.94,496.38,471.72,472.13,33503
2021-04-27,480.76,497.2,472.54,492.27,14988
2021-04-28,484.05,499.66,484.05,491.03,15035
2021-04-29,491.03,498.43,487.33,494.73,28572
2021-05-02,486.1,512.4,486.1,512.4,27848
2021-05-03,521.44,521.86,504.59,510.76,25408
2021-05-04,508.7,509.53,502.13,502.54,14933
2021-05-05,479.53,515.28,479.53,507.06,21604
2021-05-06,508.7,511.99,500.49,501.31,22334
2021-05-09,502.13,514.87,498.02,505.42,42744
2021-05-10,505.42,512.81,505.42,508.29,20330
2021-05-11,514.87,514.87,508.7,510.76,34529
2021-05-12,512.81,516.51,503.77,505.83,13890
2021-05-13,508.7,508.7,503.36,508.7,30481
2021-05-16,516.92,533.77,514.05,531.31,120728
2021-05-17,510.35,553.91,510.35,528.43,63334
2021-05-18,552.68,552.68,523.09,527.61,59273
2021-05-19,537.47,537.47,518.98,521.03,52854
2021-05-20,525.14,527.2,517.33,518.16,34152
2021-05-23,509.94,521.03,508.7,519.8,24510
2021-05-24,522.27,530.49,519.39,526.38,57948
2021-05-25,529.25,533.36,521.03,524.73,53755
2021-05-27,524.73,529.25,508.7,528.43,68919
2021-05-30,533.36,549.8,531.31,542.81,134745
2021-05-31,546.51,553.09,524.73,526.38,65150
2021-06-01,533.36,537.47,521.03,522.68,77916
2021-06-02,522.68,537.47,516.1,525.14,38854
2021-06-03,533.36,544.87,528.02,539.12,159195
2021-06-06,549.8,574.46,539.12,565.83,239755
2021-06-07,570.35,590.07,564.18,585.55,209016
2021-06-08,595.01,598.29,572.4,598.29,165304
2021-06-09,603.23,620.49,591.31,591.31,128863
2021-06-10,599.12,599.12,584.73,577.75,76042
2021-06-13,567.06,588.84,563.36,574.46,74402
2021-06-14,580.62,599.94,569.94,588.84,90783
2021-06-15,599.53,607.33,576.51,577.33,60646
2021-06-16,570.35,580.62,562.13,570.35,79868
2021-06-17,581.03,599.94,567.88,595.01,177025
2021-06-20,611.44,611.44,585.96,595.01,204740
2021-06-21,603.23,606.1,573.23,577.33,126967
2021-06-22,578.57,590.9,570.76,585.96,82564
2021-06-23,558.84,593.36,558.84,578.57,63622
2021-06-24,578.57,589.66,574.46,583.91,99864
2021-06-27,581.44,584.32,576.51,579.8,31558
2021-06-28,588.43,588.43,572.4,575.69,29108
2021-06-29,572.81,577.75,560.07,560.49,39907
2021-06-30,551.44,588.43,551.03,579.39,165923
2021-07-01,606.51,606.51,564.59,566.24,96732
2021-07-04,574.46,574.46,552.68,569.53,78084
2021-07-05,574.46,574.46,550.21,557.61,32835
2021-07-06,566.24,566.24,552.27,553.91,22759
2021-07-07,562.13,562.13,545.69,549.39,25129
2021-07-08,558.84,558.84,535.83,541.58,46999
2021-07-11,541.17,549.39,537.47,547.33,29746
2021-07-12,562.13,562.13,536.65,539.53,40304
2021-07-13,537.06,545.69,535.42,536.24,23001
2021-07-14,537.88,544.46,529.25,532.54,34611
2021-07-15,553.91,553.91,528.43,537.47,30337
2021-07-18,538.29,549.8,537.88,548.57,32430
2021-07-19,543.64,557.2,543.64,551.03,29721
2021-07-20,553.91,554.32,544.87,546.1,14530
2021-07-22,553.91,553.91,543.64,545.9,24178
2021-07-25,553.91,553.91,545.69,548.57,26482
2021-07-26,549.39,558.02,548.98,557.2,21660
2021-07-27,564.18,567.47,554.32,558.02,29977
2021-07-28,566.24,582.27,564.18,577.75,173844
2021-07-29,587.61,596.65,578.61,580.92,38361
2021-08-01,578.57,580.83,567.72,569.07,22051
2021-08-02,577.66,577.66,555.96,561.39,25662
2021-08-03,560.49,565.01,559.58,564.55,23397
2021-08-04,565.01,566.36,558.23,560.49,20085
2021-08-05,570.97,570.97,556.42,557.32,26222
2021-08-08,555.96,555.96,540.14,542.4,30101
2021-08-09,542.4,550.54,537.88,542.4,37005
2021-08-10,542.4,553.7,540.14,549.18,21532
2021-08-11,549.64,555.06,547.38,549.64,15915
2021-08-12,549.64,551.44,536.3,546.92,18922
2021-08-15,536.71,556.87,535.62,539.24,22477
2021-08-16,549.18,549.18,533.41,536.98,11805
2021-08-17,542.4,546.02,528.39,531.55,27379
2021-08-18,541.05,541.05,521.65,531.55,27716
2021-08-19,537.88,575.4,535.62,555.96,57539
2021-08-24,566.36,576.76,549.18,549.18,42019
2021-08-25,559.08,559.08,531.64,533.36,23101
2021-08-26,533.36,542.4,527.94,533.36,19586
2021-08-29,542.81,542.81,523.42,523.87,27542
2021-08-31,524.32,528.39,504.88,505.11,21500
2021-09-01,506.24,523.87,506.24,509.4,11237
2021-09-02,510.76,511.66,498.1,499.01,9104
2021-09-05,490.42,490.87,466.73,485.85,22830
2021-09-06,488.16,503.98,483.64,499.46,17746
2021-09-07,492.23,493.58,481.42,488.61,15396
2021-09-08,483.64,484.54,474.14,474.59,22790
2021-09-09,479.12,485.9,465.55,471.43,15132
2021-09-12,462.84,483.64,462.84,474.59,12214
2021-09-13,476.86,489.96,466.01,484.09,23286
2021-09-14,481.38,483.68,476.4,477.76,5848
2021-09-15,477.76,481.38,467.81,468.27,10628
2021-09-16,461.03,461.03,447.47,450.18,20979
2021-09-20,442.95,451.09,412.66,415.38,28443
2021-09-21,415.38,447.47,408.23,425.32,21356
2021-09-22,433.01,440.65,431.65,438.39,11691
2021-09-23,446.12,454.25,434.81,437.07,6101
2021-09-26,431.69,436.62,418.09,419.9,12795
2021-09-27,413.66,423.29,407.24,407.24,8456
2021-09-28,406.79,406.79,390.06,392.32,20206
2021-09-29,392.32,417.64,386.67,409.05,16488
2021-09-30,415.83,424.42,409.05,413.12,9378
2021-10-03,413.12,413.57,405.88,406.33,6448
2021-10-04,406.79,414.02,402.27,410.4,12226
2021-10-05,417.86,425.32,412.21,415.83,10492
2021-10-06,422.16,435.27,420.35,434.36,10581
2021-10-10,442.05,448.38,435.27,436.22,14785
2021-10-11,433.91,440.42,431.65,434.36,6703
2021-10-17,442.23,446.12,431.65,440.69,6703
2021-10-18,434.36,437.07,423.51,423.96,9693
2021-10-19,416.28,424.87,408.69,413.57,9962
2021-10-20,418.09,428.03,418.09,422.61,4829
2021-10-21,416.28,424.87,415.83,418.99,3513
2021-10-24,418.99,424.87,413.57,415.83,6055
2021-10-25,418.09,430.38,418.09,429.39,3010
2021-10-26,424.87,451.09,424.87,444.31,13232
2021-10-27,442.91,465.1,441.59,451.99,16516
2021-10-28,451.99,468.27,450.05,451.99,8588
2021-10-31,460.13,476.86,442.95,467.36,15167
2021-11-01,458.77,477.76,458.77,466.05,17119
2021-11-02,457.87,474.64,452.44,474.14,11570
2021-11-03,474.59,476.4,470.07,476.4,8997
2021-11-08,467.81,476.36,467.81,475.5,3879
2021-11-09,470.07,473.69,449.37,466.46,10739
2021-11-11,458.77,463.29,448.42,462.84,9527
2021-11-14,454.34,458.32,447.47,450.64,4700
2021-11-15,458.77,463.29,452.44,463.29,6048
2021-11-16,455.61,463.29,446.52,459.23,7227
2021-11-17,454.25,467.36,454.25,459.23,7225
2021-11-18,451.99,456.51,450.18,450.64,6958
2021-11-21,447.92,449.73,442.5,449.73,7849
2021-11-22,441.59,472.52,441.59,451.54,12198
2021-11-23,447.47,451.99,437.98,443.4,16677
2021-11-24,435.76,442.95,428.03,442.0,5093
2021-11-25,438.43,440.24,429.39,438.43,9383
2021-11-28,430.75,438.43,417.55,423.96,9230
2021-11-29,423.96,424.69,416.28,420.35,6767
2021-11-30,424.87,424.87,406.79,419.44,5447
2021-12-01,413.57,419.9,412.21,415.83,2195
2021-12-02,415.83,415.83,403.17,411.22,7840
2021-12-05,404.53,406.33,395.49,402.22,8230
2021-12-06,398.65,409.05,388.7,409.05,13295
2021-12-07,409.05,415.83,398.92,413.7,11904
2021-12-08,406.33,406.33,394.13,396.84,4037
2021-12-09,391.19,396.39,378.31,388.75,11885
2021-12-12,381.92,387.35,371.53,375.14,8201
2021-12-13,370.62,374.69,357.06,361.58,11032
2021-12-14,367.91,392.55,367.91,387.8,3243
2021-12-15,394.58,401.36,379.66,386.44,7226
2021-12-16,380.12,380.12,370.17,375.1,5405
2021-12-20,368.36,368.36,357.96,361.58,6747
2021-12-21,368.09,374.24,361.81,374.24,4732
2021-12-22,380.57,393.22,379.71,381.92,5761
2021-12-23,381.92,403.85,376.95,402.04,17335
2021-12-26,409.05,438.61,405.2,438.61,30804
2021-12-27,446.57,446.57,411.76,418.09,26004
2021-12-28,418.09,420.35,403.17,415.83,11484
2021-12-29,412.66,424.87,411.31,421.7,8699
2022-01-02,418.09,435.27,418.09,435.27,10807
2022-01-03,429.39,442.5,427.17,430.16,12610
2022-01-04,425.32,437.98,424.87,434.36,8542
2022-01-05,427.13,433.91,423.06,425.77,14524
2022-01-06,419.49,427.13,419.44,427.13,5528
2022-01-09,433.91,454.25,433.91,442.5,22786
2022-01-10,447.47,466.01,440.69,457.42,32007
2022-01-11,451.99,491.59,451.99,473.69,34469
2022-01-12,480.92,488.16,457.42,463.29,18887
2022-01-13,470.07,484.99,463.34,484.99,23259
2022-01-16,484.99,493.58,483.64,487.25,21594
2022-01-17,490.87,491.32,480.02,484.99,9817
2022-01-18,490.42,490.42,471.48,480.88,36383
2022-01-19,475.05,487.7,468.27,474.14,20954
2022-01-20,479.12,482.73,471.88,480.47,12345
2022-01-23,489.29,491.77,480.92,485.9,39009
2022-01-24,477.76,483.64,464.65,467.81,27189
2022-01-25,476.4,476.4,459.23,470.53,12861
2022-01-26,479.12,479.12,453.35,467.81,30932
2022-01-27,474.14,474.14,463.34,465.1,8982
2022-01-30,473.24,483.64,470.07,471.88,15848
2022-01-31,480.47,480.47,463.29,466.01,12721
2022-02-01,470.07,470.07,462.84,467.81,4061
2022-02-03,476.4,476.4,462.07,464.2,11719
2022-02-06,456.51,469.62,456.06,457.87,7925
2022-02-07,466.28,469.62,457.87,463.29,10082
2022-02-08,471.43,471.43,456.51,463.29,11106
2022-02-09,455.16,463.29,452.04,454.7,7834
2022-02-10,461.03,461.03,446.7,451.99,4328
2022-02-13,443.67,446.12,426.23,433.91,23064
2022-02-14,433.91,433.91,424.91,426.0,14547
2022-02-15,429.39,435.94,426.23,431.65,9793
2022-02-16,435.72,442.91,431.65,432.1,11500
2022-02-17,438.43,438.43,430.38,433.01,3074
2022-02-20,425.09,425.09,415.83,420.35,7318
2022-02-21,420.8,426.68,416.28,419.9,1838
2022-02-22,420.35,427.54,420.35,422.61,3207
2022-02-23,429.84,429.84,423.96,428.94,9897
2022-02-24,428.94,428.94,417.18,424.87,7353
2022-02-27,427.13,427.13,411.8,423.92,4152
2022-02-28,428.94,428.94,414.02,417.64,2616
2022-03-02,412.66,413.57,404.98,406.79,17412
2022-03-06,414.02,414.02,404.98,414.02,5308
2022-03-07,420.35,420.35,406.79,410.86,3559
2022-03-09,414.92,414.92,402.72,406.79,11077
2022-03-10,402.27,410.4,402.27,409.95,6285
2022-03-13,417.41,427.13,414.02,427.13,23715
2022-03-14,433.86,433.91,425.95,429.39,2251
2022-03-15,435.72,435.72,421.7,429.39,13262
2022-03-16,429.39,436.94,429.39,433.46,37293
2022-03-20,436.4,441.37,420.63,440.87,9794
2022-03-21,440.87,446.34,433.91,446.34,4095
2022-03-22,452.31,452.81,445.35,450.32,3494
2022-03-23,457.28,457.28,442.11,446.34,2404
2022-03-24,439.38,464.69,439.38,464.69,15360
2022-03-27,473.19,497.56,459.77,459.77,58768
2022-03-28,455.29,467.72,451.31,451.91,16158
2022-03-29,451.81,453.8,441.87,453.8,5870
2022-03-30,446.49,462.15,445.84,458.77,7422
2022-03-31,463.75,463.75,447.98,454.79,6452
2022-04-03,448.83,448.83,439.88,446.34,9377
2022-04-04,454.3,454.3,426.45,433.91,23737
2022-04-05,431.42,441.37,418.2,437.84,9522
2022-04-06,429.93,433.86,421.98,427.89,6742
2022-04-07,428.94,432.92,421.48,432.32,4954
2022-04-11,424.46,438.39,424.41,424.46,6286
2022-04-12,432.22,432.22,411.58,411.63,2282
2022-04-13,410.04,418.99,399.1,418.0,6113
2022-04-17,418.0,418.0,401.64,409.05,3008
2022-04-18,402.09,408.55,401.09,404.07,2065
2022-04-19,399.1,409.05,397.61,404.07,2825
2022-04-20,406.56,406.56,394.28,395.62,1556
2022-04-21,395.12,401.59,383.19,400.99,4327
2022-04-24,399.1,430.68,395.62,418.0,5422
2022-04-25,418.99,422.97,409.05,412.93,2144
2022-04-26,406.56,411.53,404.07,411.43,6478
2022-04-27,416.51,416.51,401.59,416.01,1744
2022-04-28,417.95,417.95,400.15,409.05,7362
2022-05-02,401.69,416.51,390.15,413.03,6673
2022-05-04,405.57,405.57,396.67,397.61,4674
2022-05-05,390.65,397.11,384.28,397.11,7840
2022-05-08,389.9,396.62,382.84,394.03,1871
2022-05-09,400.1,400.1,387.17,399.6,3256
2022-05-10,401.54,402.09,394.63,401.59,2588
2022-05-11,406.51,408.05,387.27,408.0,5172
2022-05-12,414.17,414.17,394.63,394.63,4081
2022-05-17,387.47,387.57,372.25,372.25,9963
2022-05-18,366.78,367.77,359.32,364.79,6314
2022-05-19,358.33,364.29,355.34,355.84,1774
2022-05-20,361.31,361.31,343.41,357.83,8089
2022-05-23,351.86,351.86,334.96,342.91,7785
2022-05-24,342.91,344.4,336.79,340.42,3541
2022-05-25,344.35,354.35,338.44,346.39,3028
2022-05-26,346.39,351.86,340.42,349.38,1405
2022-05-27,355.29,355.29,338.44,350.32,2555
2022-05-30,344.4,344.4,334.46,334.46,1641
2022-05-31,329.98,333.96,315.06,315.06,6494
2022-06-01,315.06,320.04,309.59,314.07,4869
2022-06-02,318.5,318.5,301.69,309.05,5820
2022-06-03,304.12,304.12,296.22,303.63,5686
2022-06-06,303.63,308.05,293.68,297.11,4840
2022-06-07,299.15,299.15,288.71,293.04,6408
2022-06-08,297.16,305.62,289.7,300.64,5833
2022-06-09,305.12,308.6,299.75,300.15,3725
2022-06-10,300.15,300.15,294.68,297.16,1328
2022-06-13,292.69,297.06,292.19,293.68,2034
2022-06-14,297.16,297.16,283.74,287.72,4491
2022-06-15,283.24,289.21,279.81,287.72,16973
2022-06-16,290.7,292.74,287.72,291.69,2621
2022-06-17,289.7,294.18,288.71,291.64,1367
2022-06-19,288.71,288.71,280.26,282.74,4177
2022-06-20,278.02,278.02,258.08,269.32,25094
2022-06-21,273.79,278.52,267.33,274.79,4686
2022-06-22,274.79,274.79,264.84,266.83,8368
2022-06-23,266.83,266.83,254.9,256.89,8919
2022-06-24,258.87,260.86,246.44,259.87,4122
2022-06-26,262.85,271.36,258.38,269.81,11060
2022-06-27,269.81,272.25,265.14,265.39,6297
2022-06-28,260.81,268.72,259.87,263.35,8175
2022-06-29,267.82,271.95,259.87,271.8,19145
2022-06-30,272.3,292.19,270.36,291.69,15605
2022-07-01,291.69,293.19,281.75,284.73,7969
2022-07-03,289.7,299.65,284.73,286.27,11074
2022-07-04,291.25,298.16,286.27,289.7,13645
2022-07-05,285.28,289.7,280.75,280.75,5718
2022-07-06,280.75,285.23,273.79,284.73,3327
2022-07-07,289.21,289.7,279.76,284.68,5384
2022-07-08,279.76,279.76,275.28,276.83,2525
2022-07-11,275.78,275.78,256.69,269.27,12884
2022-07-12,265.34,273.79,262.36,268.82,7516
2022-07-13,269.32,273.29,268.07,273.29,2138
2022-07-14,277.72,278.02,265.84,277.27,5676
2022-07-15,279.76,281.05,269.32,273.79,6458
2022-07-17,269.32,277.27,264.89,276.73,1807
2022-07-18,272.8,279.76,272.8,275.58,584
2022-07-19,280.26,284.63,275.88,283.24,3723
2022-07-20,282.25,284.73,279.76,282.74,1615
2022-07-21,279.76,284.73,279.76,284.73,3695
2022-07-22,284.73,287.17,275.28,283.74,4293
2022-07-24,286.72,289.21,279.76,289.21,3891
2022-07-25,292.69,297.16,289.7,294.18,14671
2022-07-26,289.7,299.15,286.22,286.22,11809
2022-07-27,286.72,291.2,286.22,289.21,4240
2022-07-28,290.7,300.15,290.7,297.61,16619
2022-07-29,297.61,299.65,293.19,295.67,1827
2022-07-31,300.59,321.63,299.15,321.63,41792
2022-08-01,327.25,334.46,314.57,317.1,33392
2022-08-02,317.05,321.03,311.48,316.56,9672
2022-08-03,320.53,320.53,309.5,309.5,13790
2022-08-04,307.11,314.57,305.12,305.12,12540
2022-08-05,300.64,304.57,297.26,297.26,5326
2022-08-07,302.14,304.62,297.16,298.31,6440
2022-08-08,303.13,303.13,293.83,293.83,9170
2022-08-09,288.91,293.93,287.22,287.22,10189
2022-08-10,282.79,291.69,282.79,288.31,4693
2022-08-11,291.69,292.69,286.27,286.27,3170
2022-08-14,286.72,288.71,284.23,285.23,2718
2022-08-15,289.7,297.16,284.73,297.16,4635
2022-08-16,299.65,299.65,289.51,293.19,7891
2022-08-17,288.26,292.69,288.21,289.7,6610
2022-08-18,289.7,295.67,285.73,294.68,10538
2022-08-21,292.19,298.66,290.8,297.16,6498
2022-08-22,297.16,297.16,289.7,296.12,2967
2022-08-23,296.67,297.16,291.0,294.68,2187
2022-08-24,290.2,293.68,288.21,288.71,9365
2022-08-25,285.78,291.2,283.74,284.28,9261
2022-08-26,280.26,288.21,279.91,283.24,1463
2022-08-28,279.76,281.25,270.81,272.3,10298
2022-08-29,271.8,276.73,270.41,270.41,3997
2022-08-30,274.79,274.79,271.31,271.31,1847
2022-08-31,267.82,269.81,260.37,262.7,15219
2022-09-01,264.84,282.25,257.38,265.84,8927
2022-09-02,261.26,273.44,260.42,268.02,6297
2022-09-04,267.33,278.27,262.85,275.78,14802
2022-09-05,277.77,279.76,270.36,275.78,6361
2022-09-06,271.8,273.29,260.86,268.32,9870
2022-09-07,263.9,265.84,259.87,263.85,4305
2022-09-08,263.6,267.82,261.91,266.83,5306
2022-09-11,263.45,266.33,258.87,262.85,9225
2022-09-12,265.84,265.84,259.47,260.37,783
2022-09-13,264.84,264.84,260.42,262.36,1249
2022-09-14,266.83,271.31,266.83,268.82,7368
2022-09-15,271.31,272.3,261.41,269.76,19795
2022-09-16,265.14,265.14,260.37,264.84,1387
2022-09-18,262.36,264.84,258.92,260.37,1424
2022-09-20,259.87,262.36,255.89,257.88,3256
2022-09-21,253.9,262.36,253.9,261.86,2380
2022-09-22,257.48,261.86,257.48,260.86,1227
2022-09-25,260.86,260.86,256.39,260.37,4697
2022-09-27,256.39,264.84,256.39,263.85,2563
2022-09-28,267.82,267.82,259.32,260.37,4824
2022-09-29,261.86,261.86,259.87,259.87,8199
2022-10-09,264.34,267.33,259.87,267.33,825
2022-10-10,264.84,264.84,262.85,262.85,561
2022-10-11,260.37,260.86,259.87,259.92,1451
2022-10-12,263.85,264.84,259.37,264.34,5929
2022-10-13,264.34,264.34,259.87,260.37,2633
2022-10-16,256.98,259.87,255.89,259.87,6428
2022-10-17,264.34,264.84,255.49,259.87,915
2022-10-19,255.39,257.38,255.39,255.89,2438
2022-10-20,255.89,259.87,254.9,255.89,440
2022-10-23,258.38,259.87,255.44,256.89,952
2022-10-31,257.38,259.87,254.9,259.82,1215
2022-11-01,263.85,268.72,259.37,268.72,4473
2022-11-02,273.29,273.29,265.34,268.32,15888
2022-11-03,272.3,272.3,261.91,267.82,3460
2022-11-06,268.32,272.8,267.82,272.8,4382
2022-11-07,273.34,277.27,268.57,272.3,5895
2022-11-08,269.86,274.29,269.81,274.29,2706
2022-11-09,269.57,269.57,262.7,262.7,2565
2022-11-10,264.34,268.77,258.87,259.87,3801
2022-11-13,256.49,260.86,256.39,259.87,787
2022-11-14,255.89,261.36,255.39,261.36,2472
2022-11-15,265.84,267.33,258.38,261.36,1561
2022-11-16,259.87,269.32,259.87,269.32,1799
2022-11-17,269.81,271.8,269.81,270.81,3101
2022-11-22,267.82,268.57,261.86,266.33,5873
2022-11-23,262.36,268.32,258.38,268.32,1583
2022-11-24,272.8,272.8,261.01,264.34,2184
2022-11-27,264.84,271.8,262.85,271.31,4512
2022-11-28,267.82,274.24,264.34,271.31,2933
2022-11-29,266.63,269.76,266.63,269.76,150
2022-11-30,265.39,271.31,265.39,267.33,19674
2022-12-01,262.85,269.81,262.85,266.83,3919
2022-12-04,271.41,279.26,269.81,278.71,18076
2022-12-05,279.26,279.26,273.79,276.58,18038
2022-12-06,275.28,277.72,274.79,277.72,919
2022-12-07,277.77,278.07,273.29,274.29,4480
2022-12-11,274.29,274.29,266.33,269.32,2424
2022-12-12,264.84,272.25,262.36,271.8,4384
2022-12-13,268.02,272.65,268.02,272.65,304
2022-12-14,276.53,276.53,269.86,272.75,1294
2022-12-15,272.3,272.3,269.81,269.81,4136
2022-12-18,269.32,269.81,266.88,268.82,3489
2022-12-19,269.32,270.81,266.33,270.81,2972
2022-12-20,272.3,272.3,268.92,271.75,278
2022-12-21,268.82,269.81,266.48,266.48,1220
2022-12-22,267.33,269.57,266.83,268.82,1018
2022-12-26,272.95,281.75,268.22,280.26,6655
2022-12-27,284.73,294.18,282.3,289.41,20274
2022-12-28,284.73,294.18,282.25,288.21,11497
2022-12-29,292.54,307.61,286.27,307.11,15477
2023-01-01,310.04,322.03,307.11,315.56,20046
2023-01-02,314.57,337.94,312.08,334.46,32722
2023-01-03,333.96,344.4,329.49,334.96,42080
2023-01-04,329.98,350.37,328.99,346.89,22411
2023-01-05,352.86,352.86,334.96,346.29,23048
2023-01-08,346.89,377.27,340.92,371.85,43555
2023-01-09,378.56,398.6,374.24,398.11,40127
2023-01-10,404.07,406.06,377.72,381.2,67650
2023-01-12,385.18,391.64,374.24,375.23,47612
2023-01-17,381.7,391.15,370.26,389.16,18241
2023-01-18,389.16,395.12,375.23,381.7,23065
2023-01-19,381.2,386.07,376.33,376.33,8929
2023-01-23,383.09,383.09,371.26,371.35,9955
2023-01-24,369.32,381.7,365.34,377.22,16215
2023-01-25,377.22,387.17,377.22,382.19,12950
2023-01-26,387.66,394.63,383.19,389.16,15283
2023-01-29,384.18,393.13,382.19,389.16,13502
2023-01-30,382.69,389.16,372.75,379.21,14962
2023-01-31,383.19,383.19,374.24,379.21,12564
2023-02-01,373.24,379.21,371.75,376.72,7225
2023-02-02,371.75,377.22,365.29,369.27,8777
2023-02-05,369.76,373.24,366.78,369.27,4491
2023-02-06,366.28,366.78,364.29,366.73,5017
2023-02-07,370.76,380.65,369.27,379.21,7420
2023-02-08,379.21,385.68,379.21,379.96,9593
2023-02-09,374.74,383.54,374.74,383.54,5786
2023-02-12,376.63,376.63,369.86,372.75,7185
2023-02-14,366.78,379.21,366.23,373.24,7958
2023-02-15,379.86,379.86,366.78,367.77,3757
2023-02-16,366.78,373.24,365.29,366.78,5712
2023-02-20,366.28,368.77,361.41,364.29,4056
2023-02-22,370.26,373.39,365.79,371.75,5899
2023-02-23,365.29,371.26,361.81,366.73,14754
2023-02-26,360.32,373.29,354.85,373.29,10407
2023-02-27,367.28,368.77,359.32,365.29,11329
2023-02-28,365.29,374.24,365.29,371.75,7399
2023-03-01,366.78,370.21,365.79,365.79,13724
2023-03-02,359.92,369.27,359.92,363.05,4364
2023-03-05,359.92,361.31,354.85,354.9,6739
2023-03-07,360.32,363.1,357.33,357.33,21251
2023-03-09,363.75,369.76,359.87,369.76,4932
2023-03-12,369.76,381.2,364.29,364.29,20759
2023-03-13,362.35,364.24,357.33,361.31,13526
2023-03-14,355.84,365.29,355.84,361.31,11604
2023-03-15,357.33,361.81,355.94,358.33,5247
2023-03-16,363.8,369.27,357.83,360.32,12540
2023-03-19,366.78,367.77,360.32,364.34,7461
2023-03-20,358.87,376.23,358.82,370.66,4591
2023-03-22,369.27,374.24,365.74,366.78,1589
2023-03-23,360.36,364.29,357.83,360.27,2921
2023-03-26,360.81,365.29,358.33,359.82,8921
2023-03-27,359.37,359.37,352.26,357.62,2576
2023-03-28,357.73,362.11,354.72,362.11,8464
2023-03-29,355.6,362.11,351.22,351.22,7242
2023-03-30,356.64,363.2,350.84,358.82,4721
2023-04-02,358.82,365.28,347.88,357.73,3840
2023-04-03,353.35,353.35,344.6,348.92,4500
2023-04-04,344.05,354.99,342.96,348.92,687
2023-04-05,342.91,375.23,342.8,356.09,7456
2023-04-06,361.56,361.56,353.35,358.55,1817
2023-04-09,357.73,363.2,346.57,353.35,4645
2023-04-10,350.62,357.73,350.62,357.73,2737
2023-04-11,356.64,359.92,353.35,359.37,2795
2023-04-12,359.37,373.05,359.37,370.31,22559
2023-04-13,365.93,377.97,359.92,361.56,13132
2023-04-16,361.56,375.18,361.56,370.86,3941
2023-04-17,377.53,377.53,364.84,371.4,13098
2023-04-18,374.14,374.69,368.23,369.76,5382
2023-04-19,376.33,380.7,366.86,379.61,4654
2023-04-20,385.63,385.63,367.08,374.41,6078
2023-04-23,368.12,369.76,361.12,369.76,6141
2023-04-24,367.03,370.31,364.29,369.76,1462
2023-04-25,374.69,374.69,369.76,372.5,2052
2023-04-26,379.01,379.01,369.76,371.9,7207
2023-04-27,371.68,373.05,368.72,369.82,1353
2023-04-30,364.29,368.12,359.97,359.97,6875
2023-05-02,359.92,361.56,357.73,361.56,2512
2023-05-03,360.08,364.84,360.08,364.29,10730
2023-05-04,359.92,369.22,359.48,369.22,8941
2023-05-07,374.14,374.14,366.04,369.22,2891
2023-05-08,372.5,372.5,360.14,365.39,3317
2023-05-09,361.56,368.67,358.88,364.84,2281
2023-05-10,360.46,365.93,359.92,364.84,2957
2023-05-11,370.86,377.91,359.43,364.29,5608
2023-05-14,370.31,370.31,357.18,364.57,1378
2023-05-15,358.0,364.13,358.0,359.92,1314
2023-05-16,356.09,369.22,354.5,366.43,5241
2023-05-17,369.22,383.11,369.22,383.11,9596
2023-05-18,382.89,388.91,378.62,388.91,6187
2023-05-21,391.1,393.28,383.98,391.64,8674
2023-05-22,384.53,398.75,379.06,397.11,14116
2023-05-23,402.58,416.2,397.11,403.07,29186
2023-05-24,402.58,407.51,401.0,402.04,9978
2023-05-28,394.92,404.22,388.91,393.28,14966
2023-05-30,386.17,386.17,374.69,378.57,15309
2023-05-31,371.73,385.08,362.76,365.93,33816
2023-06-01,369.76,376.33,364.84,371.95,22259
2023-06-04,378.52,392.19,378.52,385.9,21133
2023-06-05,388.36,390.0,377.42,383.33,12589
2023-06-06,379.17,397.28,379.06,395.47,20994
2023-06-07,402.58,409.69,393.83,396.57,18414
2023-06-08,393.83,413.52,389.4,410.24,30396
2023-06-11,417.3,417.9,406.96,412.98,25235
2023-06-12,418.99,418.99,400.94,409.97,14002
2023-06-13,402.58,427.63,402.58,423.37,37394
2023-06-14,415.71,443.5,415.71,432.78,62670
2023-06-15,440.32,456.19,432.78,451.81,56092
2023-06-18,457.28,490.1,454.0,490.1,65349
2023-06-19,495.57,500.49,470.96,478.89,71405
2023-06-20,486.87,486.87,459.47,462.75,45394
2023-06-21,470.41,473.69,455.09,466.03,33930
2023-06-22,459.47,496.66,459.47,493.38,74223
2023-06-25,496.66,529.92,493.38,528.39,120889
2023-06-26,529.48,534.95,512.53,519.09,70503
2023-06-27,526.75,526.75,509.9,523.47,42194
2023-06-28,517.45,542.06,509.24,531.12,79418
2023-07-02,531.12,534.02,519.2,520.24,64837
2023-07-03,522.37,543.6,519.64,533.86,154769
2023-07-04,543.81,550.27,516.36,519.64,126375
2023-07-05,527.3,527.3,498.31,501.04,49791
2023-07-06,495.62,509.24,491.74,501.59,37654
2023-07-09,510.89,514.06,501.59,506.51,31970
2023-07-10,514.71,515.26,503.78,506.51,30683
2023-07-11,501.59,506.35,500.49,502.3,19208
2023-07-12,502.13,511.43,501.04,501.04,21913
2023-07-13,510.34,513.07,501.04,501.59,41951
2023-07-16,510.89,510.89,494.53,495.57,26765
2023-07-17,495.57,510.89,495.57,508.7,18309
2023-07-18,516.9,517.94,506.51,508.1,38009
2023-07-19,504.98,513.07,501.04,506.51,54305
2023-07-20,506.35,508.97,499.18,501.59,19287
2023-07-23,506.51,515.92,498.85,505.96,41032
2023-07-24,505.42,511.98,498.41,498.91,27294
2023-07-25,505.96,506.51,495.13,498.85,18485
2023-07-26,498.85,506.51,497.27,497.32,4498
2023-07-27,505.42,505.42,488.46,488.46,14160
2023-07-30,483.54,493.93,478.78,482.39,31694
2023-07-31,490.1,490.1,479.16,482.44,17119
2023-08-01,487.37,489.55,470.41,476.43,21305
2023-08-02,468.22,485.18,468.22,476.43,7716
2023-08-03,480.25,480.25,473.69,476.26,5309
2023-08-06,476.43,476.43,461.11,461.66,16678
2023-08-07,453.45,478.61,445.14,458.43,10240
2023-08-08,453.73,469.86,449.13,449.13,9005
2023-08-09,449.08,488.84,444.76,469.97,11886
2023-08-10,462.75,479.71,462.75,476.43,10935
2023-08-13,481.35,485.18,476.43,481.35,9797
2023-08-14,481.35,490.1,473.69,479.16,7943
2023-08-15,471.01,477.52,467.13,467.24,16667
2023-08-16,468.22,479.16,468.22,473.42,8579
2023-08-17,481.62,484.08,472.6,478.07,11613
2023-08-20,469.92,478.07,462.75,464.5,11839
2023-08-21,465.49,469.86,461.77,468.22,7526
2023-08-22,476.86,476.86,454.0,469.31,1087
2023-08-23,470.96,479.16,468.22,477.19,13125
2023-08-24,470.96,476.43,465.65,469.86,9175
2023-08-27,462.75,476.43,460.07,466.03,2571
2023-08-28,457.83,472.6,457.83,470.96,8107
2023-08-29,472.6,473.14,463.9,464.17,7162
2023-08-30,462.2,468.22,462.2,464.01,7532
2023-09-03,456.73,462.75,447.44,451.81,11107
2023-09-04,458.38,458.38,443.5,453.45,18283
2023-09-05,445.25,468.77,445.25,450.83,2514
2023-09-07,444.81,446.94,442.57,444.15,8055
2023-09-10,451.81,451.81,442.13,446.07,12553
2023-09-11,454.0,458.38,452.91,457.28,7291
2023-09-12,465.49,465.49,452.36,452.41,1942
2023-09-13,455.64,464.88,447.98,458.38,10746
2023-09-17,452.91,465.49,449.08,454.55,10206
2023-09-18,451.81,458.38,446.4,453.51,2655
2023-09-19,461.77,462.75,453.56,462.75,3336
2023-09-21,465.76,475.33,462.75,473.14,13081
2023-09-24,465.49,478.07,465.49,469.86,8800
2023-09-25,461.66,478.07,461.66,462.75,3461
2023-09-26,471.28,471.28,462.75,469.31,5411
2023-09-27,477.96,477.96,461.11,461.11,3864
2023-10-01,455.31,461.11,453.45,454.55,4354
2023-10-02,460.02,460.02,452.41,454.05,1471
2023-10-03,462.2,465.49,449.08,449.19,2700
2023-10-04,450.72,456.19,450.72,453.45,3544
2023-10-05,453.45,461.06,451.26,451.81,3701
2023-10-08,446.34,452.91,446.34,447.98,6125
2023-10-09,441.97,454.49,441.97,446.34,2831
2023-10-10,444.26,446.34,439.78,439.78,4013
2023-10-11,445.79,445.79,437.59,437.59,4064
2023-10-12,435.4,435.46,430.53,431.03,9000
2023-10-16,431.03,438.9,419.54,420.3,5328
2023-10-17,427.74,435.4,420.09,420.09,6412
2023-10-18,425.01,432.67,424.74,432.12,3906
2023-10-19,438.14,446.07,433.82,433.82,2831
2023-10-29,428.84,429.99,425.12,425.12,3191
2023-10-30,432.12,432.83,424.24,432.67,3310
2023-10-31,432.67,432.67,424.74,432.01,2286
2023-11-01,431.57,431.57,424.02,424.08,2217
2023-11-02,423.92,424.46,416.8,417.9,3639
2023-11-05,418.99,418.99,402.04,407.45,4816
2023-11-06,414.62,418.99,408.05,412.98,3849
2023-11-07,412.98,418.99,412.1,412.98,3951
2023-11-08,405.92,420.85,405.92,418.99,3487
2023-11-09,425.56,425.56,413.52,413.52,694
2023-11-20,413.52,413.52,408.05,408.11,3608
2023-11-21,408.05,409.09,397.93,405.32,7780
2023-11-22,398.81,420.09,398.81,418.99,1586
2023-11-23,413.52,432.12,406.68,425.06,3761
2023-11-26,420.14,442.51,420.14,438.14,11111
2023-11-27,431.03,446.34,431.03,444.65,28394
2023-11-28,449.08,468.22,440.93,445.25,12262
2023-11-29,451.81,451.81,438.79,438.79,3659
2023-11-30,436.0,438.68,432.83,432.83,2437
2023-12-03,432.12,443.06,431.57,443.06,6102
2023-12-04,442.51,443.61,438.68,439.78,1301
2023-12-05,439.78,456.02,435.84,435.84,2178
2023-12-06,443.33,447.44,440.87,447.44,4124
2023-12-07,439.83,462.75,439.83,462.75,16860
2023-12-10,468.22,480.25,468.22,479.71,1927
2023-12-11,488.46,495.57,473.14,488.13,59083
2023-12-12,479.82,503.78,479.76,503.78,28803
2023-12-13,510.34,510.34,488.46,496.66,29748
2023-12-14,490.1,513.13,485.78,513.13,30953
2023-12-17,503.61,516.9,494.64,511.98,20365
2023-12-18,519.64,519.64,493.49,503.78,28205
2023-12-19,513.13,513.13,495.57,507.6,37821
2023-12-20,517.01,523.36,510.39,514.17,28324
2023-12-21,509.85,511.98,500.38,503.23,18706
2023-12-24,495.57,514.71,495.57,501.59,20043
2023-12-27,492.34,517.45,492.34,503.78,34332
2023-12-28,496.12,515.26,496.12,511.98,68678
2024-01-01,521.28,521.28,508.42,508.42,23540
2024-01-02,499.45,505.42,496.94,498.31,13014
2024-01-03,489.55,506.51,489.55,506.51,10795
2024-01-04,515.81,515.81,501.59,511.43,7409
2024-01-07,504.32,509.79,498.36,501.75,31906
2024-01-08,503.78,513.07,502.24,506.51,15586
2024-01-09,506.51,519.64,501.04,514.17,29091
2024-01-10,523.47,544.8,502.46,502.46,20011
2024-01-11,501.04,506.51,495.57,498.52,14116
2024-01-14,507.77,507.77,492.84,497.76,14152
2024-01-16,498.31,514.17,498.31,506.18,16389
2024-01-17,508.15,514.71,497.81,497.81,16335
2024-01-18,498.31,506.51,492.84,496.66,13905
2024-01-21,495.57,504.32,487.53,488.95,12924
2024-01-22,497.76,500.49,483.54,484.63,8775
2024-01-23,493.6,493.6,478.61,480.25,9690
2024-01-24,489.01,495.57,479.16,480.25,3480
2024-01-25,481.9,484.63,475.88,475.88,3144
2024-01-28,484.63,493.38,474.24,477.57,8456
2024-01-29,477.57,490.05,477.57,485.18,16399
2024-01-30,493.93,493.93,484.08,484.08,18321
2024-01-31,490.1,490.1,476.21,481.9,10077
2024-02-01,480.25,481.29,476.43,477.52,5579
2024-02-04,477.52,486.27,477.52,481.9,12586
2024-02-05,484.63,490.1,481.9,483.54,1886
2024-02-06,481.35,490.16,481.35,490.1,9730
2024-02-07,490.65,490.65,484.69,487.37,12189
2024-02-08,490.26,494.24,489.1,493.89,16267
2024-02-11,497.76,497.76,491.99,494.87,4619
2024-02-12,495.45,497.47,491.99,496.03,5684
2024-02-13,487.37,490.26,487.37,488.06,4442
2024-02-14,497.07,502.95,483.39,484.49,2559
2024-02-15,485.06,485.06,477.56,479.87,6262
2024-02-18,480.45,482.35,473.52,474.68,1937
2024-02-20,483.45,483.45,465.79,469.65,5749
2024-02-21,477.56,487.14,464.46,464.46,5408
2024-02-22,463.6,463.6,458.52,460.25,3244
2024-02-25,468.33,502.61,454.48,459.09,3425
2024-02-26,459.09,465.44,448.88,451.07,4903
2024-02-27,453.9,468.9,453.9,467.75,8244
2024-02-28,464.35,483.33,464.35,471.21,6769
2024-02-29,468.9,470.06,458.52,458.52,9697
2024-03-03,460.25,462.5,455.05,455.05,3238
2024-03-04,463.13,471.21,463.13,468.9,120
2024-03-05,477.56,486.22,463.13,475.25,18636
2024-03-06,469.48,492.51,466.02,471.79,11961
2024-03-07,472.94,505.84,472.94,486.22,9628
2024-03-10,486.22,498.34,486.22,489.62,22101
2024-03-12,498.34,506.36,492.91,500.7,11572
2024-03-13,500.07,511.03,498.34,505.84,17369
2024-03-14,501.28,502.37,491.99,502.37,9012
2024-03-17,493.14,501.8,492.68,494.87,23609
2024-03-18,486.79,500.64,486.79,491.99,2148
2024-03-19,491.99,494.87,485.81,491.99,2339
2024-03-20,497.18,497.18,486.79,489.1,3868
2024-03-21,485.06,493.95,485.06,486.22,4446
2024-03-25,480.45,483.33,480.45,482.75,1155
2024-03-26,482.18,482.18,475.89,476.52,5579
2024-03-27,477.56,477.56,473.52,475.54,2290
2024-03-28,479.87,479.87,471.33,471.79,3310
2024-03-31,471.85,479.29,471.79,472.94,4396
2024-04-01,469.48,471.73,466.08,468.9,6058
2024-04-02,470.64,470.64,467.17,468.9,5972
2024-04-03,476.98,485.64,463.13,469.48,3797
2024-04-04,466.6,481.54,466.6,477.56,3839
2024-04-07,469.48,483.91,469.48,483.91,6345
2024-04-09,492.56,492.56,477.56,480.45,8252
2024-04-10,486.22,486.22,476.7,478.71,12157
2024-04-14,474.68,477.56,472.42,477.56,2344
2024-04-15,473.0,476.41,469.02,476.41,4205
2024-04-16,476.41,476.41,470.12,472.94,415
2024-04-18,471.79,471.79,466.6,466.65,3487
2024-04-21,464.29,473.52,463.83,469.48,1387
2024-04-22,469.54,474.1,466.83,469.48,1362
2024-04-24,464.87,477.56,464.87,469.48,2104
2024-04-25,463.13,469.48,461.98,468.85,5081
2024-04-28,464.29,471.79,463.71,471.73,5000
2024-04-29,471.79,471.79,466.02,468.62,978
2024-04-30,468.9,481.6,467.75,478.71,5367
2024-05-02,487.54,487.54,474.68,474.68,6547
2024-05-05,474.73,479.87,471.21,476.41,4969
2024-05-06,469.48,475.66,469.48,472.94,1283
2024-05-07,480.39,480.39,467.17,471.62,1451
2024-05-08,471.62,471.79,466.71,471.67,3174
2024-05-09,476.35,476.35,466.25,466.25,2896
2024-05-12,466.65,476.98,463.71,471.33,4700
2024-05-13,477.56,477.56,468.04,470.75,1545
2024-05-14,468.96,480.45,468.9,472.25,10704
2024-05-15,479.87,485.64,472.94,476.98,22295
2024-05-16,472.37,480.39,472.37,474.68,6586
2024-05-19,480.45,498.39,480.45,494.87,31062
2024-05-20,494.87,496.6,485.06,485.06,24558
2024-05-21,491.41,491.41,480.5,485.0,9403
2024-05-22,484.49,489.1,478.14,483.33,11656
2024-05-26,480.45,488.41,480.45,482.18,3126
2024-05-27,481.6,483.33,475.83,479.29,3922
2024-05-29,479.29,488.12,472.94,477.56,5564
2024-05-30,476.41,476.41,470.64,474.1,6959
2024-06-02,482.7,482.7,469.48,472.37,3851
2024-06-03,477.5,479.23,470.23,471.79,4576
2024-06-04,471.79,479.81,466.02,476.98,12086
2024-06-05,485.76,485.76,468.21,475.71,4852
2024-06-06,484.49,484.49,470.29,470.52,2311
2024-06-09,470.29,470.29,464.46,467.17,10690
2024-06-10,467.17,472.37,466.02,468.9,4426
2024-06-11,466.13,491.99,466.13,482.99,19732
2024-06-12,480.45,491.7,480.45,481.6,10260
2024-06-13,475.83,485.06,474.16,475.25,11369
2024-06-16,484.02,484.02,471.27,478.08,4968
2024-06-18,477.56,477.56,471.21,471.33,4502
2024-06-19,471.33,479.87,466.65,474.1,7426
2024-06-20,466.88,474.04,466.83,474.04,4534
2024-06-23,474.1,474.1,467.29,467.29,4677
2024-06-24,474.1,474.1,466.37,467.75,2143
2024-06-25,467.75,475.83,467.75,469.48,5815
2024-06-26,474.68,474.68,466.08,470.64,4227
2024-06-27,470.64,470.64,464.29,464.35,4582
2024-06-30,463.13,464.87,458.52,464.29,8819
2024-07-01,463.71,470.06,460.25,467.12,8118
2024-07-02,475.71,484.49,471.79,475.25,8919
2024-07-03,474.1,474.1,467.29,471.79,3304
2024-07-04,480.39,480.45,472.37,477.56,4664
2024-07-07,474.68,491.99,473.12,485.06,29891
2024-07-08,482.75,487.37,477.62,480.33,17945
2024-07-09,480.33,489.04,477.79,484.89,9821
2024-07-10,493.08,501.39,489.1,501.39,32948
2024-07-11,499.78,506.41,498.34,498.74,31935
2024-07-14,507.97,512.18,498.91,501.74,11437
2024-07-15,509.3,509.3,489.1,494.82,47269
2024-07-16,494.87,505.26,493.14,505.26,14030
2024-07-17,505.26,521.42,505.26,520.84,24082
2024-07-18,530.54,534.11,516.86,524.88,32485
2024-07-21,524.88,531.46,517.96,527.77,36200
2024-07-22,535.27,535.27,519.23,526.61,15965
2024-07-23,520.96,552.52,520.84,546.81,43580
2024-07-24,555.47,559.5,541.04,558.12,91907
2024-07-25,561.24,581.43,555.58,573.35,65604
2024-07-28,583.74,583.74,564.35,575.66,47323
2024-07-29,575.66,583.16,564.18,565.28,41014
2024-07-30,560.14,572.78,547.96,564.7,84086
2024-07-31,574.39,584.32,567.06,575.61,62786
2024-08-01,572.84,613.17,572.84,595.86,108733
2024-08-05,598.75,607.06,590.09,591.82,75506
2024-08-06,602.79,604.52,567.18,575.09,111698
2024-08-07,584.32,595.86,568.91,592.97,60859
2024-08-08,603.88,603.88,582.59,592.97,48059
2024-08-11,592.97,612.94,590.67,612.02,73154
2024-08-12,621.25,621.83,602.21,613.17,76859
2024-08-13,621.83,636.26,608.79,617.79,85576
2024-08-14,618.94,647.8,616.17,646.07,113332
2024-08-15,647.8,683.57,642.03,676.13,93656
2024-08-18,667.99,682.36,656.51,670.99,120884
2024-08-21,670.88,681.15,655.88,662.22,66569
2024-08-22,670.82,670.82,653.57,661.3,49372
2024-08-25,662.22,670.3,642.78,656.45,69574
2024-08-27,645.49,667.99,636.26,637.41,78941
2024-08-28,649.41,670.82,636.26,642.03,53967
2024-08-29,653.51,653.51,631.06,639.72,69977
2024-09-01,639.72,646.07,635.68,642.03,68227
2024-09-02,642.03,702.62,639.08,702.62,132454
2024-09-03,705.5,769.27,702.62,769.27,279543
2024-09-04,768.98,786.29,768.98,775.33,221185
2024-09-05,779.37,800.72,743.59,800.72,270070
2024-09-08,785.43,803.61,757.44,801.3,216395
2024-09-09,816.3,816.3,756.29,763.21,87512
2024-09-10,763.21,771.87,748.21,766.1,154604
2024-09-11,760.33,764.42,745.32,745.32,168767
2024-09-12,748.73,768.98,743.13,767.83,76631
2024-09-15,775.33,775.33,729.74,737.24,52499
2024-09-16,723.28,751.67,712.43,751.67,152316
2024-09-18,764.94,785.14,741.92,783.93,125110
2024-09-22,798.87,798.87,774.75,790.91,112786
2024-09-23,785.72,795.53,774.18,785.72,61665
2024-09-24,780.52,794.95,765.23,786.87,142165
2024-09-25,775.39,794.95,775.39,792.06,51701
2024-09-26,794.95,797.26,780.52,794.95,136382
2024-09-29,809.95,833.61,784.56,829.57,117876
2024-09-30,829.57,829.57,792.06,792.64,63884
2024-10-01,777.52,809.38,777.52,806.49,217119
2024-10-02,811.68,811.68,792.06,792.06,83351
2024-10-06,792.06,800.14,786.29,792.64,85680
2024-10-07,777.52,803.55,777.52,786.29,72722
2024-10-08,786.35,796.68,783.58,787.45,208783
2024-10-09,780.52,791.49,780.52,789.18,76256
2024-10-15,786.29,789.12,774.12,779.37,17203
2024-10-16,764.54,786.87,764.54,786.29,40966
2024-10-17,796.68,796.68,771.87,771.87,18824
2024-10-20,758.02,790.33,758.02,789.18,154197
2024-10-21,780.52,790.91,780.52,782.83,25924
2024-10-22,775.33,796.68,773.89,794.95,33063
2024-10-23,796.68,797.78,789.87,796.1,34239
2024-10-24,796.1,824.84,793.22,819.19,254123
2024-10-27,820.92,820.92,803.61,805.91,19223
2024-10-28,800.72,815.72,793.8,803.03,87936
2024-10-29,806.49,820.69,804.24,818.03,79642
2024-10-30,819.76,819.76,809.38,815.15,22806
2024-11-05,815.72,832.46,806.55,816.53,115410
2024-11-06,832.11,832.11,803.61,803.61,47376
2024-11-10,812.26,815.15,797.89,807.18,109914
2024-11-11,822.07,826.11,808.8,808.8,151117
2024-11-12,824.58,889.59,824.58,889.59,70140
2024-11-13,907.32,943.43,853.66,853.66,78439
2024-11-14,839.59,877.02,838.65,863.13,49351
2024-11-17,874.3,874.3,839.59,847.09,83096
2024-11-19,858.35,858.35,841.37,849.44,59595
2024-11-20,836.02,848.97,835.93,841.46,28355
2024-11-21,842.87,844.28,826.45,830.21,30446
2024-11-24,830.39,834.9,816.32,827.39,34081
2024-11-25,828.33,900.56,827.39,889.31,88454
2024-11-26,900.56,900.56,872.42,881.8,22344
2024-11-27,869.61,895.87,869.61,884.62,29500
2024-11-28,895.78,895.78,873.36,886.49,22804
2024-12-01,873.45,886.49,873.45,877.11,13455
2024-12-02,871.48,880.77,854.6,863.04,23173
2024-12-03,864.92,877.11,853.66,868.67,17248
2024-12-04,886.02,886.02,853.66,853.66,10450
2024-12-05,839.68,862.95,839.68,848.97,23028
2024-12-08,834.9,869.7,834.9,844.37,32713
2024-12-09,848.97,855.53,844.28,846.15,19744
2024-12-10,846.15,863.04,839.59,863.04,19568
2024-12-11,880.3,880.86,867.73,879.92,15156
2024-12-12,885.08,889.87,853.75,881.8,36278
2024-12-16,877.11,877.11,844.56,855.53,16429
2024-12-17,844.75,869.7,844.28,869.61,13117
2024-12-18,869.61,881.8,867.82,879.08,20611
2024-12-19,862.38,879.46,862.38,876.17,25253
2024-12-22,875.8,875.8,863.04,869.61,30835
2024-12-23,878.99,878.99,865.2,869.61,6194
2024-12-24,869.61,875.23,863.04,872.42,16458
2024-12-26,867.82,878.99,863.98,876.08,19202
2024-12-29,881.8,914.63,868.67,905.25,127718
2024-12-31,887.15,909.94,887.15,909.85,128532
2025-01-01,909.01,909.94,893.06,895.87,10904
2025-01-02,903.38,921.2,885.55,920.26,54451
2025-01-05,921.2,939.02,919.32,924.02,24929
2025-01-06,928.71,928.71,909.94,927.77,22643
2025-01-07,919.32,928.71,919.32,926.83,15728
2025-01-08,910.98,944.65,908.54,944.65,46367
2025-01-09,949.34,954.97,945.12,954.5,38897
2025-01-12,960.6,960.6,940.15,956.85,24524
2025-01-13,956.85,972.8,939.02,971.86,46090
2025-01-15,969.98,984.99,942.31,942.78,11348
2025-01-16,936.21,971.86,936.21,967.17,44961
2025-01-19,958.72,1018.76,953.28,1017.64,68617
2025-01-20,1023.45,1033.77,1004.69,1010.32,18165
2025-01-21,994.56,1017.82,994.37,1016.89,27007
2025-01-22,997.19,1031.89,997.19,1030.02,54582
2025-01-23,1036.12,1036.59,1017.82,1030.96,149762
2025-01-26,1034.99,1041.28,1018.76,1019.7,39460
2025-01-27,1014.45,1023.45,980.3,1023.45,42921
2025-01-28,1024.39,1024.39,989.68,1021.58,27042
2025-02-02,1013.13,1103.19,1013.13,1103.19,69667
2025-02-03,1093.15,1121.01,1093.15,1111.63,31660
2025-02-04,1098.59,1116.23,1093.81,1111.63,14561
2025-02-05,1093.81,1118.2,1091.65,1102.25,9787
2025-02-06,1116.23,1116.23,1080.21,1082.55,22264
2025-02-09,1078.8,1088.18,1066.7,1088.18,15051
2025-02-10,1074.11,1102.25,1069.51,1102.25,16951
2025-02-11,1111.54,1121.01,1070.36,1076.92,18153
2025-02-12,1070.36,1074.11,1045.97,1069.42,9803
2025-02-13,1050.75,1060.04,1031.89,1031.89,20056
2025-02-16,1025.33,1031.89,928.89,933.4,49654
2025-02-17,952.06,999.72,909.94,963.41,41063
2025-02-18,958.72,1014.92,919.32,933.77,34276
2025-02-20,928.71,947.47,920.64,928.71,26731
2025-02-23,914.63,947.47,910.13,942.78,25464
2025-02-24,958.72,958.72,891.18,900.56,132631
2025-02-25,918.29,933.4,886.49,900.56,165162
2025-02-27,918.39,918.39,889.12,890.24,142052
2025-03-02,906.19,908.07,869.7,892.21,146845
2025-03-03,905.16,909.94,876.17,890.06,147056
2025-03-04,891.18,895.87,868.76,873.45,149145
2025-03-05,861.16,874.3,849.91,853.66,94190
2025-03-06,866.79,866.79,845.22,853.66,42678
2025-03-09,855.63,876.45,853.66,857.41,83108
2025-03-10,840.34,911.82,822.7,847.09,385269
2025-03-11,844.28,844.28,815.2,833.77,112227
2025-03-12,825.52,843.34,824.02,841.46,37340
2025-03-16,834.9,844.28,816.14,822.7,89435
2025-03-17,834.9,834.9,802.06,820.36,55336
2025-03-18,834.9,834.9,810.51,812.38,29572
2025-03-19,806.75,816.14,802.06,816.14,45365
2025-03-20,816.14,816.14,803.94,809.74,28399
2025-03-23,825.89,825.89,796.53,798.11,53230
2025-03-24,797.94,813.23,787.99,810.97,52996
2025-03-25,803.0,803.0,795.5,797.54,44836
2025-03-26,810.51,816.14,797.37,811.62,20503
2025-03-27,825.52,825.52,807.22,821.38,46309
2025-03-30,811.44,834.9,811.44,819.45,64359
2025-04-01,818.95,829.27,802.06,807.09,42391
2025-04-02,804.88,816.14,804.88,808.71,30775
2025-04-03,811.44,861.16,801.13,846.12,86268
2025-04-07,830.21,855.25,830.21,843.52,50045
2025-04-08,834.9,855.53,830.58,851.73,58008
2025-04-09,863.04,872.42,853.66,865.38,64719
2025-04-10,877.11,877.11,846.25,851.92,28888
2025-04-13,852.72,856.47,825.52,829.97,25363
2025-04-15,839.59,844.28,829.46,830.67,18491
2025-04-16,825.52,834.9,820.83,827.26,17473
2025-04-17,834.9,843.34,823.64,824.79,36594
2025-04-20,841.28,841.28,817.07,818.29,15238
2025-04-21,814.26,825.52,811.44,813.99,16461
2025-04-22,816.14,829.27,805.82,815.84,26048
2025-04-23,829.27,829.27,802.06,805.1,8354
2025-04-24,794.56,809.57,794.56,796.97,17136
2025-04-27,812.76,825.05,801.13,802.21,31442
2025-04-28,799.25,809.1,784.24,791.24,25180
2025-04-29,796.44,796.44,769.23,770.07,28422
2025-04-30,770.07,787.05,758.07,760.69,30494
2025-05-04,775.8,775.8,756.1,759.98,20774
2025-05-05,769.23,769.23,753.28,754.89,21992
2025-05-06,755.25,757.97,745.78,746.37,22698
2025-05-07,737.43,802.06,737.34,772.59,17842
2025-05-08,772.05,772.05,749.25,754.5,29714
2025-05-11,754.5,759.85,738.65,739.64,33014
2025-05-13,750.47,754.13,731.71,740.39,14568
2025-05-14,731.71,736.49,719.51,721.65,21255
2025-05-15,734.52,734.52,703.56,706.11,26941
2025-05-18,706.11,745.78,692.4,706.13,14990
2025-05-19,706.13,767.35,706.13,750.31,25850
2025-05-20,755.16,783.3,736.4,777.4,43298
2025-05-21,792.68,838.65,788.93,809.47,84973
2025-05-22,825.61,825.61,777.58,798.97,74630
2025-05-25,814.07,814.07,773.92,791.57,55726
2025-05-26,807.32,834.9,760.32,782.89,26949
2025-05-27,771.2,787.99,764.54,765.86,20848
2025-05-28,765.48,773.92,757.5,759.16,9789
2025-06-02,772.05,777.67,738.27,742.96,19731
2025-06-03,731.71,750.47,722.33,729.14,32596
2025-06-04,740.15,740.15,709.19,712.96,42088
2025-06-05,726.92,739.42,711.54,729.11,34678
2025-06-08,743.65,743.65,728.85,741.62,14748
2025-06-09,745.19,756.44,737.5,741.8,10729
2025-06-10,736.54,784.62,736.54,774.2,35854
2025-06-11,789.33,789.33,759.71,760.87,12280
2025-06-12,775.0,775.0,746.15,750.63,18167
2025-06-15,737.5,759.62,737.5,742.87,17232
2025-06-16,735.67,745.19,730.77,734.67,20356
2025-06-17,735.58,750.0,735.58,739.08,8982
2025-06-18,735.87,753.85,730.0,731.33,18192
2025-06-19,728.65,740.29,728.65,730.67,14835
2025-06-22,745.1,745.1,726.06,726.59,21844
2025-06-23,721.15,740.38,721.15,733.66,8403
2025-06-24,747.79,747.79,732.88,733.16,8650
2025-06-25,730.77,740.38,730.77,734.65,11063
2025-06-26,733.27,739.42,727.98,730.54,15431
2025-06-29,730.77,745.48,724.13,742.38,21777
2025-06-30,755.77,755.77,740.38,749.05,12285
2025-07-01,759.62,770.67,747.31,764.66,24749
2025-07-02,753.85,783.65,753.37,769.13,19887
2025-07-03,784.42,784.42,761.63,769.66,20025
2025-07-06,785.0,785.0,757.21,775.31,20196
2025-07-07,764.52,809.62,764.52,795.08,51460
2025-07-08,790.67,802.88,781.73,784.72,15634
2025-07-09,776.92,792.4,776.54,777.95,45427
2025-07-10,793.46,793.46,744.42,767.93,31064
2025-07-13,783.27,784.62,759.62,764.39,37501
2025-07-14,779.62,779.62,748.08,752.65,19911
2025-07-15,752.98,769.23,750.0,755.58,19167
2025-07-16,746.54,771.15,745.19,749.31,44478
2025-07-17,764.23,778.85,750.0,760.34,63533
2025-07-20,769.23,833.65,765.48,817.97,149525
2025-07-21,819.9,886.54,817.31,880.41,225509
2025-07-22,884.62,923.08,862.6,920.31,164155
2025-07-23,938.65,938.65,903.85,919.1,138135
2025-07-24,937.4,937.4,886.54,898.78,110056
2025-07-27,895.19,903.85,857.69,863.72,103430
2025-07-28,867.31,879.81,841.35,853.01,81109
2025-07-29,870.0,879.81,860.58,871.18,68376
2025-07-30,870.19,879.71,844.23,846.56,56487
2025-07-31,859.62,863.37,835.58,837.8,34468
2025-08-03,821.06,849.04,821.06,833.08,25469
2025-08-04,816.44,855.77,816.44,837.05,30708
2025-08-05,820.48,846.15,812.6,819.54,24309
2025-08-06,809.9,826.06,804.81,806.8,29535
2025-08-07,790.67,838.46,790.67,816.18,25427
2025-08-11,826.92,831.73,798.08,800.13,18671
2025-08-12,800.13,816.35,781.73,786.29,27871
2025-08-13,770.58,793.27,770.58,783.31,7211
2025-08-14,784.62,788.46,774.13,781.93,18834
2025-08-17,793.27,793.27,774.04,774.2,13039
2025-08-18,786.44,793.27,774.52,788.39,9020
2025-08-19,797.98,797.98,783.65,785.63,8387
2025-08-20,780.87,795.19,775.19,777.82,14697
2025-08-21,772.79,785.48,772.69,774.04,8977
2025-08-24,777.4,783.65,768.37,771.89,9997
2025-08-25,769.33,786.54,762.5,777.01,18591
2025-08-26,791.15,792.5,772.6,776.54,8847
2025-08-27,771.44,788.46,771.44,786.7,16249
2025-08-28,786.54,833.65,786.54,811.79,160606
2025-08-31,822.02,822.02,796.25,798.72,24821
2025-09-01,785.67,807.69,785.67,793.95,19114
2025-09-02,786.63,800.77,778.85,784.32,33536
2025-09-03,784.32,807.4,783.65,785.1,21361
2025-09-04,797.6,797.6,778.85,786.9,14726
2025-09-07,778.94,788.46,774.71,779.17,9033
2025-09-08,778.85,778.85,754.81,759.04,22976
2025-09-18,743.94,743.94,683.65,683.65,1272
2025-09-21,670.0,707.69,634.62,687.59,77846
2025-09-23,700.96,714.42,675.96,713.46,35292
2025-09-24,721.15,721.15,692.6,695.0,9237
2025-09-25,682.98,692.31,680.77,687.5,15389
2025-09-28,696.92,697.12,679.13,686.54,14409
2025-10-07,686.54,692.31,663.46,669.71,26683
2025-10-08,658.65,666.35,644.23,663.37,28990
2025-10-09,676.54,701.92,664.42,673.08,19003
2025-10-12,673.08,740.38,642.31,677.88,487321
2025-10-13,665.38,731.73,665.38,697.12,223998
2025-10-14,708.56,708.56,673.08,676.06,11822
2025-10-15,689.42,695.19,672.12,680.48,26258
2025-10-16,679.81,682.69,670.19,670.19,9679
2025-10-19,682.6,682.6,656.73,675.96,17023
2025-10-26,689.42,689.42,656.06,675.87,10531
2025-10-28,689.23,713.37,663.56,700.96,11422
2025-10-29,709.62,712.5,682.69,695.0,17525
2025-10-30,688.56,708.56,685.1,704.81,14167
2025-11-02,692.31,718.27,692.31,708.65,27710
2025-11-03,700.96,720.19,697.12,716.06,19241
2025-11-04,721.15,735.58,702.02,720.19,76170
2025-11-05,705.87,713.46,686.54,700.0,39251
2025-11-06,711.54,725.96,681.73,682.79,64631
2025-11-09,682.69,690.1,668.27,676.73,27177
2025-11-10,666.73,677.88,663.46,666.35,9473
2025-11-11,675.0,677.88,664.42,677.88,12698
2025-11-12,677.88,677.88,667.31,670.19,3940
2025-11-13,660.58,671.63,658.65,666.35,19708
2025-11-16,663.46,663.46,654.81,660.48,11698
2025-11-17,653.85,662.5,648.08,660.58,23788
2025-11-18,663.46,674.9,654.81,671.06,52104
2025-11-19,682.6,682.6,657.69,657.69,13515
2025-11-20,650.1,664.42,649.33,656.73,10532
2025-11-23,653.85,677.88,653.85,674.42,24022
2025-11-24,681.73,691.35,674.04,691.15,32590
2025-11-25,688.46,688.46,677.4,682.69,14289
2025-11-26,677.88,688.46,675.1,681.73,24246
2025-11-27,678.85,686.54,678.85,682.69,18081
2025-11-30,682.69,691.25,673.08,676.92,18588
2025-12-01,681.73,681.73,663.46,675.77,16335
2025-12-02,675.77,686.54,664.62,679.81,7652
2025-12-03,671.15,680.77,663.46,671.06,14918
2025-12-07,664.42,676.54,656.73,663.46,23307
2025-12-08,675.96,675.96,652.21,663.46,18676
2025-12-09,663.46,666.35,650.96,662.5,7913
2025-12-10,651.92,668.27,651.92,661.63,28683
2025-12-11,653.85,661.63,650.96,653.85,18414
2025-12-14,655.77,655.77,649.13,655.77,19107
2025-12-15,653.85,658.56,647.12,658.56,13193
2025-12-16,652.12,662.02,652.12,657.6,3850
2025-12-17,664.42,668.27,649.71,658.65,8245
2025-12-18,661.54,668.27,654.9,658.65,33656
2025-12-21,650.96,663.27,646.35,656.73,11948
2025-12-22,645.38,657.69,645.38,653.85,5206
2025-12-23,644.42,651.92,644.23,648.56,12178
2025-12-24,636.63,671.15,636.63,666.35,25954
2025-12-28,668.27,674.81,664.42,674.04,17767
2025-12-29,663.46,677.88,663.46,663.46,29051
2025-12-31,659.62,675.58,654.9,672.88,11178
2026-01-01,674.04,674.04,663.46,668.27,19627
2026-01-04,663.46,668.27,661.54,663.46,8657
2026-01-05,665.77,673.08,665.38,671.15,28815
2026-01-06,684.0,695.5,675.3,680.4,10675
2026-01-07,692.8,692.8,680.0,681.0,9080
2026-01-08,680.0,687.8,675.0,680.0,11938
2026-01-12,690.0,690.0,667.2,680.1,12477
2026-01-13,677.2,681.5,671.1,679.9,20167
2026-01-14,670.7,684.1,670.0,679.9,11885
2026-01-18,688.0,688.5,678.1,688.0,7833
2026-01-20,701.7,702.0,691.0,698.0,32917
2026-01-21,695.0,705.8,690.0,695.0,36313
2026-01-22,685.0,694.0,683.0,684.1,12714
2026-01-25,676.1,699.0,676.1,695.0,27294
2026-01-26,705.0,705.0,686.0,692.0,21552
2026-01-27,680.0,693.6,680.0,680.0,26666
2026-01-28,683.0,686.0,664.0,676.0,18318
2026-01-29,665.2,680.0,665.2,676.0,14139
2026-02-01,678.0,679.0,672.3,672.4,6271
2026-02-02,672.4,678.0,670.2,671.0,7143
2026-02-03,678.0,678.8,670.0,673.8,11695
2026-02-04,670.0,677.5,666.3,672.0,19348
2026-02-05,672.1,724.5,666.1,718.0,486497
2026-02-08,720.0,720.0,700.0,706.0,45113
2026-02-09,709.0,709.0,678.0,688.0,24903
2026-02-10,688.0,690.0,674.3,687.0,9178
2026-02-11,675.0,684.9,675.0,684.9,10104
2026-02-12,686.0,686.0,674.4,676.0,18132
2026-02-16,678.1,680.0,673.0,673.0,9393
2026-02-17,671.0,676.9,665.1,670.3,8143
2026-02-22,662.0,668.0,660.1,667.0,10245
2026-02-23,655.0,669.0,655.0,662.0,11226
2026-02-24,655.0,670.0,655.0,668.2,7157
2026-02-25,668.2,675.0,666.0,670.0,8460
2026-02-26,665.3,679.5,665.3,679.5,27114
2026-03-01,667.0,680.0,667.0,680.0,14089
2026-03-03,668.0,689.0,668.0,680.0,13283
2026-03-09,693.6,707.4,693.6,707.4,140
2026-03-10,719.9,720.0,696.0,708.6,57449
2026-03-11,707.0,709.9,695.0,695.0,18375
2026-03-12,686.0,705.0,686.0,700.0,21725
2026-03-15,700.0,714.0,698.3,705.0,31276
2026-03-16,702.9,702.9,692.0,697.4,12743
2026-03-17,695.9,696.9,686.2,695.0,6978
2026-03-19,685.0,712.0,685.0,704.9,34835
2026-03-22,714.0,730.0,701.0,720.1,58733
2026-03-23,720.2,721.0,707.2,714.0,16620
2026-03-24,714.1,717.0,696.0,700.3,34725
2026-03-25,701.0,701.0,688.1,688.5,50734
2026-03-26,686.0,694.0,682.5,692.0,30462
2026-03-29,695.0,695.0,677.0,686.9,20365
2026-03-30,675.0,689.9,662.0,670.4,53227
2026-03-31,667.0,675.0,654.0,674.9,29493
2026-04-01,674.9,674.9,652.1,655.3,25703
2026-04-02,650.0,660.0,646.0,654.6,32086
2026-04-05,642.0,648.8,612.0,615.0,35987
2026-04-06,614.0,632.0,610.0,630.0,24036
2026-04-07,632.0,635.0,617.5,624.0,15017
2026-04-08,624.0,633.8,620.0,630.0,11613
2026-04-09,624.0,642.0,624.0,640.0,23438
2026-04-10,644.7,644.9,629.3,640.0,11102
2026-04-13,640.1,642.0,628.0,628.1,6811
2026-04-15,635.0,640.0,622.0,632.0,13982
2026-04-16,630.0,639.4,626.1,628.0,7228
2026-04-17,625.0,633.9,620.0,628.0,19005
2026-04-20,620.1,638.0,620.1,633.0,6484
2026-04-21,620.0,635.0,620.0,626.9,7412
2026-04-22,615.0,633.0,610.0,620.0,12208
2026-04-23,651.0,651.0,603.0,619.0,8070
2026-04-24,619.0,612.0,601.2,608.0,12756
2026-04-27,590.0,611.0,590.0,609.0,7776
2026-04-28,595.0,614.7,590.9,614.7,26179
2026-04-29,601.5,614.0,597.1,603.0,7410
2026-04-30,595.0,601.0,590.5,600.0,6673
2026-05-04,595.0,598.9,571.1,584.9,13445
2026-05-05,584.9,585.9,575.0,581.0,20399
2026-05-06,578.0,581.0,570.3,574.9,2043
2026-05-07,570.0,580.9,562.0,562.0,24010
2026-05-08,565.0,577.9,565.0,577.9,3928
2026-05-11,580.0,585.0,569.0,580.0,18550
2026-05-12,582.0,583.5,570.0,577.9,9049
2026-05-13,568.0,575.9,562.3,575.0,4549
2026-05-14,575.0,575.0,560.4,573.9,2678
2026-05-15,570.0,580.0,560.0,567.0,7171
2026-05-18,577.4,577.4,560.6,564.0,3289
2026-05-19,565.0,565.0,558.1,563.9,8379
2026-05-20,565.0,569.0,560.0,563.9,10885
2026-05-21,563.0,572.0,563.0,572.0,2717
2026-05-22,572.0,582.8,568.0,575.0,12156
2026-05-25,582.0,590.0,580.0,586.0,8202
2026-05-26,585.0,585.0,572.7,583.9,3948
2026-05-27,574.0,585.0,569.0,574.0,29737
2026-06-01,580.0,620.0,575.0,600.0,44349
2026-06-02,593.5,614.0,593.5,614.0,21096
2026-06-03,620.0,678.0,610.0,650.0,87258
2026-06-04,651.0,680.0,646.0,660.0,67893
2026-06-05,650.0,759.0,631.1,647.0,30358
2026-06-08,643.0,655.9,632.6,640.0,24097
2026-06-09,640.0,644.0,620.0,640.0,25799
2026-06-10,640.0,644.0,624.0,636.0,6837
2026-06-11,636.1,648.0,631.0,636.8,9962
2026-06-12,622.0,640.0,622.0,636.0,3357
2026-06-15,630.0,632.9,620.0,625.0,10421
2026-06-16,625.0,627.0,611.1,622.0,9683
2026-06-17,615.0,624.0,612.2,618.9,8621
2026-06-18,629.6,629.6,611.0,612.0,6673
2026-06-19,624.0,624.0,603.0,604.0,7455
2026-06-22,610.0,620.0,605.0,619.9,5653
2026-06-23,607.5,613.0,601.4,610.0,4224
2026-06-24,619.8,619.8,592.0,602.9,6332
2026-06-25,601.0,609.9,596.5,599.9,4169
2026-06-26,600.0,600.0,590.2,594.9,5560
2026-06-29,590.0,603.5,586.0,587.0,7543
2026-06-30,582.0,583.0,572.0,580.0,6598
2026-07-01,576.3,595.0,576.3,590.0,3062
2026-07-02,578.0,587.0,575.3,586.0,3855
2026-07-03,590.0,595.0,580.1,590.0,7141
2026-07-06,577.1,587.5,577.1,577.7,640
2026-07-07,570.0,591.2,570.0,583.0,6055
2026-07-08,581.0,582.0,560.0,574.0,65302
2026-07-09,580.0,580.0,562.1,575.0,6286
2026-07-10,571.1,571.1,566.2,569.8,4916
2026-07-13,570.0,570.0,555.0,565.0,56368
2026-07-14,580.0,580.0,546.0,575.0,11306
2026-07-15,575.0,583.0,570.0,574.5,4425
2026-07-16,585.0,585.0,555.5,558.0,9654
2026-07-17,565.0,598.0,565.0,578.1,37975
2026-07-20,589.9,606.6,588.0,603.0,20230
2026-07-21,600.0,604.0,588.0,598.0,21712
2026-07-22,600.0,610.0,588.1,594.0,18309
2026-07-23,588.0,595.0,582.0,595.0,17184
2026-07-24,608.8,609.0,595.0,603.9,10772
2026-07-27,603.0,603.0,589.0,589.0,8393
2026-07-28,571.7,595.0,571.4,592.0,5855
2026-07-29,589.0,590.0,578.1,590.0,10656
2026-07-30,580.0,585.0,574.0,584.0,5555
2026-07-31,571.1,585.0,570.0,584.0,11493
2026-08-03,567.3,584.3,567.3,579.0,3859
2026-08-04,571.0,579.0,565.0,574.9,8567
2026-08-05,585.0,585.0,567.6,585.0,4054
2026-08-06,575.0,585.5,565.0,567.0,8218
2026-08-07,551.0,573.0,551.0,570.0,1670
2026-08-10,565.2,574.9,563.5,568.0,1499
2026-08-11,575.0,579.9,564.1,566.0,9060
2026-08-12,559.0,571.0,555.0,571.0,13229
2026-08-13,571.0,572.0,560.2,571.0,3359
2026-08-14,580.0,580.0,556.1,565.0,2330
2026-08-17,565.0,571.0,558.0,563.9,2939
2026-08-18,560.1,564.0,557.0,559.9,7493
2026-08-19,560.0,560.0,555.0,559.8,3620
2026-08-20,559.8,559.8,550.0,559.8,5356
2026-08-21,572.0,572.0,550.0,558.8,6089
2026-08-24,544.5,560.8,544.5,554.9,4669
2026-08-25,570.9,570.9,550.1,557.8,2510
2026-08-26,545.0,545.0,522.0,530.0,29244
2026-08-27,515.1,519.0,505.3,516.0,12499
2026-08-31,516.0,516.0,477.1,483.9,12920
