timestamp,open,high,low,close,volume
2012-01-12,36.43,37.86,36.76,37.86,130
2012-01-16,37.86,38.24,38.24,38.24,20
2012-02-02,38.24,37.86,37.86,37.86,50
2012-02-06,37.86,37.47,35.83,35.83,444
2012-02-07,35.83,35.5,35.18,35.5,412
2012-02-12,35.5,35.5,35.23,35.23,198
2012-02-14,35.23,35.23,35.23,35.23,66
2012-02-15,35.23,35.5,35.5,35.5,571
2012-02-16,35.5,35.5,35.34,35.5,298
2012-02-21,35.5,35.5,35.5,35.5,269
2012-02-26,35.5,36.32,35.83,36.32,1261
2012-02-27,36.32,36.05,36.05,36.05,100
2012-02-28,36.05,36.05,35.72,35.72,139
2012-02-29,35.72,36.05,36.05,36.05,80
2012-03-01,36.05,36.32,36.32,36.32,50
2012-03-05,36.32,36.0,35.72,35.72,676
2012-03-06,35.72,35.72,35.5,35.5,1274
2012-03-11,35.5,35.5,35.5,35.5,620
2012-03-12,35.5,35.5,35.5,35.5,200
2012-03-13,35.5,35.5,35.5,35.5,1393
2012-03-18,35.5,35.61,34.85,34.85,665
2012-03-19,34.85,35.18,34.96,34.96,590
2012-03-25,34.96,34.63,34.63,34.63,176
2012-03-27,34.63,35.29,34.96,35.29,196
2012-03-28,35.29,35.5,35.5,35.5,1083
2012-04-03,35.5,35.5,35.5,35.5,185
2012-04-04,35.5,35.72,35.5,35.5,982
2012-04-08,35.5,35.18,35.18,35.18,54
2012-04-11,35.18,35.5,35.5,35.5,50
2012-04-12,35.5,35.78,35.78,35.78,50
2012-04-18,35.78,36.76,36.11,36.76,1545
2012-04-19,36.76,37.53,36.65,36.65,294
2012-04-22,36.65,37.03,37.03,37.03,117
2012-04-24,37.03,38.29,37.42,38.29,1707
2012-04-26,38.29,38.68,38.68,38.68,20
2012-04-29,38.68,39.06,39.06,39.06,22
2012-04-30,39.06,39.88,39.44,39.88,233
2012-05-03,39.88,41.41,40.97,41.41,22
2012-05-07,41.41,41.41,41.41,41.41,50000
2012-05-13,41.41,42.78,41.85,42.78,300
2012-05-15,42.78,43.76,43.27,43.76,200
2012-05-16,43.76,44.75,44.25,44.75,119
2012-05-17,44.75,46.33,45.24,46.33,433
2012-05-20,46.33,47.97,46.82,46.82,625
2012-05-21,46.82,47.32,47.32,47.32,58
2012-06-07,47.32,47.7,47.7,47.7,152
2012-06-11,47.7,48.08,48.08,48.08,36
2012-07-11,48.08,47.48,47.48,47.48,100
2012-07-12,47.48,46.93,46.39,46.39,76
2012-07-16,46.39,46.93,46.93,46.93,79
2012-07-18,46.93,46.39,45.84,45.84,518
2012-07-19,45.84,46.71,46.39,46.71,200
2012-07-22,46.71,46.17,43.82,43.82,3982
2012-07-23,43.82,44.03,42.07,44.03,16450
2012-07-24,44.03,43.54,43.54,43.54,50
2012-07-26,43.54,43.16,43.16,43.16,50
2012-07-29,43.16,43.16,42.67,43.16,792
2012-07-30,43.16,43.65,43.21,43.65,515
2012-07-31,51.51,44.12,44.12,44.12,132
2012-08-01,44.12,44.97,44.47,44.97,634
2012-08-05,44.97,45.47,45.25,45.25,179
2012-09-02,45.25,45.96,45.54,45.96,398
2012-09-03,45.96,45.89,45.89,45.89,132
2012-09-04,45.89,45.89,45.89,45.89,239
2012-09-05,45.89,46.96,45.68,46.96,4332
2012-09-06,46.96,48.1,46.39,48.1,1057
2012-09-09,48.1,51.08,48.67,50.87,4544
2012-09-10,50.87,51.51,50.3,51.01,1513
2012-09-11,51.01,51.23,50.44,51.23,6749
2012-09-12,51.23,51.44,50.23,50.87,8358
2012-09-13,50.87,52.65,51.51,52.65,311
2012-09-16,52.65,55.14,53.29,55.14,239
2012-09-17,55.14,55.92,55.14,55.85,748
2012-09-18,55.85,55.49,53.78,54.0,7401
2012-09-19,54.0,54.0,53.29,53.29,1313
2012-09-20,53.29,52.65,52.01,52.01,553
2012-09-23,52.01,53.29,52.65,53.29,87
2012-09-24,53.29,53.22,51.94,53.22,1719
2012-09-25,53.22,52.58,52.58,52.58,10
2012-09-26,52.58,52.22,51.44,52.22,1168
2012-09-27,52.22,53.07,52.29,53.07,2597
2012-09-30,53.07,53.71,53.71,53.71,66
2012-10-01,53.71,54.07,53.0,53.71,9373
2012-10-02,53.71,53.71,53.0,53.71,2058
2012-10-03,53.71,53.71,52.36,52.36,2530
2012-10-04,52.36,53.71,53.0,53.71,2089
2012-10-07,53.71,53.57,51.65,53.57,2102
2012-10-08,53.57,54.14,52.86,54.14,5070
2012-10-09,54.14,53.64,53.29,53.57,3389
2012-10-10,53.57,54.14,54.14,54.14,18
2012-10-11,54.14,54.21,54.21,54.21,18
2012-10-18,54.21,54.57,54.57,54.57,20
2012-11-05,54.57,53.86,53.86,53.86,1259
2012-11-06,53.86,54.57,54.57,54.57,18
2012-11-11,54.57,53.86,53.86,53.86,50
2012-11-12,53.86,53.86,53.86,53.86,1186
2012-11-18,53.86,54.07,54.07,54.07,22
2012-11-25,54.07,53.36,53.36,53.36,200
2012-11-29,53.36,53.0,53.0,53.0,99
2012-12-04,53.0,53.0,53.0,53.0,30
2012-12-06,53.0,53.0,51.58,51.58,1377
2012-12-13,51.58,51.23,51.23,51.23,26
2012-12-16,51.23,51.58,51.58,51.58,153
2012-12-17,51.58,51.94,51.15,51.94,5086
2012-12-18,51.94,51.58,51.58,51.58,66
2012-12-19,51.58,51.58,51.58,51.58,287
2012-12-20,51.58,52.22,51.58,51.58,351
2012-12-23,51.58,51.23,51.08,51.08,166
2012-12-24,51.08,52.01,51.72,52.01,1453
2012-12-26,52.01,52.58,52.01,52.58,149
2012-12-27,52.58,52.29,51.94,51.94,443
2012-12-31,51.94,52.58,51.94,52.58,532
2013-01-01,52.58,52.65,52.65,52.65,341
2013-01-02,52.65,53.29,52.08,52.08,1308
2013-01-03,52.08,54.78,52.58,54.78,1605
2013-01-06,54.78,54.07,53.36,53.36,98
2013-01-07,53.36,52.93,52.22,52.93,1212
2013-01-08,52.93,53.36,53.0,53.0,306
2013-01-10,53.0,53.71,53.36,53.71,582
2013-01-13,53.71,55.14,54.42,55.14,851
2013-01-15,55.14,55.49,55.49,55.49,3421
2013-01-16,55.49,55.49,55.49,55.49,1304
2013-01-17,55.49,54.78,54.28,54.28,1452
2013-01-21,54.28,54.99,54.99,54.99,64
2013-01-22,54.99,55.7,54.57,55.7,1776
2013-01-23,55.7,57.62,55.85,57.62,3791
2013-01-24,57.62,56.84,56.84,56.84,500
2013-01-27,56.84,57.27,57.27,57.27,620
2013-01-28,57.27,56.49,55.78,55.78,235
2013-01-31,55.78,56.49,56.49,56.49,15
2013-02-05,56.49,56.2,55.49,56.2,471
2013-02-07,56.2,56.2,55.85,56.2,619
2013-02-10,56.2,56.91,56.56,56.91,1566
2013-02-12,56.91,59.05,56.91,59.05,1634
2013-02-14,59.05,59.05,58.69,59.05,106
2013-02-17,59.05,60.61,59.83,60.61,277
2013-02-19,60.61,61.53,60.68,60.68,1457
2013-02-20,60.68,61.53,60.82,60.82,420
2013-02-21,60.82,62.96,61.18,62.03,5103
2013-02-24,62.03,62.88,61.25,62.81,2414
2013-02-25,62.81,63.81,62.96,63.81,2652
2013-02-26,63.81,65.66,63.45,64.38,2610
2013-02-27,64.38,64.16,64.16,64.16,296
2013-02-28,64.16,67.93,64.45,67.93,2492
2013-03-03,67.93,66.94,66.58,66.58,492
2013-03-04,66.58,65.94,64.8,64.8,4644
2013-03-05,64.8,64.52,63.45,64.02,4841
2013-03-06,64.02,64.02,64.02,64.02,412
2013-03-07,64.02,64.73,64.16,64.73,2757
2013-03-11,64.73,65.44,65.09,65.09,685
2013-03-13,65.09,66.01,64.02,64.73,1243
2013-03-18,76.55,63.84,63.84,63.84,27
2013-03-19,63.84,64.73,64.73,64.73,18
2013-03-20,64.73,67.49,65.62,67.49,56
2013-03-21,67.49,68.38,68.38,68.38,76
2013-03-24,68.38,67.66,67.66,67.66,150
2013-04-02,67.66,68.64,68.64,68.64,18
2013-04-07,68.64,67.66,67.66,67.66,103
2013-04-08,67.66,67.22,64.11,64.11,5167
2013-04-09,64.11,65.0,64.38,64.38,638
2013-04-11,64.38,67.04,65.27,67.04,777
2013-04-15,67.04,67.04,67.04,67.04,10000
2013-04-16,67.04,66.07,65.0,65.0,1192
2013-04-17,65.0,64.91,64.11,64.91,32700
2013-04-18,64.91,64.55,64.55,64.55,650
2013-04-21,64.55,65.44,65.0,65.44,200
2013-04-22,65.44,65.0,64.11,64.11,203
2013-04-23,64.11,64.11,64.11,64.11,3500
2013-04-28,64.11,64.2,64.11,64.11,197
2013-04-30,64.11,64.91,64.11,64.91,118
2013-05-05,64.91,65.8,65.8,65.8,33
2013-05-08,65.8,64.91,64.91,64.91,20
2013-05-13,64.91,64.91,62.07,62.78,11917
2013-05-14,62.78,62.78,62.33,62.33,418
2013-05-16,62.33,66.78,62.96,66.78,432
2013-05-19,66.78,66.33,65.8,65.8,2202
2013-05-20,65.8,64.91,63.75,64.64,5358
2013-05-21,64.64,64.64,62.87,64.64,12239
2013-05-23,64.64,65.35,63.75,65.35,331
2013-05-26,65.35,65.0,65.0,65.0,318
2013-05-27,65.0,67.31,65.44,66.24,763
2013-05-28,66.24,67.13,62.78,62.78,532
2013-05-30,62.78,64.64,61.89,64.64,264217
2013-06-02,64.64,69.0,65.53,67.84,2541
2013-06-03,67.84,68.11,66.87,68.11,3725
2013-06-04,68.11,68.11,68.11,68.11,446
2013-06-05,68.11,68.11,68.11,68.11,1410
2013-06-09,68.11,67.22,67.22,67.22,77
2013-06-11,67.22,69.0,68.11,69.0,2925
2013-06-12,69.0,68.82,67.22,67.22,770
2013-06-13,67.22,66.42,66.42,66.42,156
2013-06-16,66.42,66.33,65.53,66.33,135
2013-06-18,66.33,66.42,65.44,65.53,11448
2013-06-19,65.53,66.33,66.33,66.33,205
2013-06-23,66.33,67.31,66.33,66.33,7272
2013-06-24,66.33,66.78,66.15,66.15,15190
2013-06-25,66.15,68.91,66.95,68.91,1839
2013-06-26,68.91,69.89,68.55,68.55,1624
2013-06-27,68.55,67.58,66.33,66.33,944
2013-06-30,66.33,67.31,65.44,67.31,491
2013-07-02,67.31,68.64,67.66,68.64,417
2013-07-03,68.64,68.11,67.84,68.11,267
2013-07-04,68.11,68.55,68.11,68.55,10323
2013-07-07,68.55,69.53,67.58,67.58,237
2013-07-08,67.58,68.46,67.31,68.29,32097
2013-07-09,68.29,69.44,68.38,69.0,3044
2013-07-10,69.0,70.78,68.2,70.78,7553
2013-07-11,70.78,69.98,69.98,69.98,113
2013-07-14,69.98,69.89,69.89,69.89,94
2013-07-15,69.89,70.42,69.35,70.42,503
2013-07-17,70.42,71.22,70.78,71.13,890
2013-07-18,71.13,73.62,70.33,73.62,8120
2013-07-21,73.62,79.13,74.68,79.13,714
2013-07-22,79.13,85.26,79.66,85.26,7206
2013-07-23,85.26,86.33,82.24,82.24,2898
2013-07-24,82.24,81.44,78.77,79.84,2386
2013-07-25,79.84,80.64,78.33,80.37,6388
2013-07-28,80.37,86.59,79.66,86.59,13345
2013-07-29,86.59,87.93,86.33,87.3,10695
2013-07-30,87.3,88.19,84.55,88.19,3940
2013-07-31,88.19,90.41,88.1,88.1,10495
2013-08-01,88.1,89.44,87.48,88.55,2890
2013-08-04,88.55,89.44,88.1,88.55,1650
2013-08-05,88.55,87.21,86.33,86.33,441
2013-08-06,86.33,88.19,86.33,88.19,836
2013-08-07,88.19,89.44,88.55,88.55,1721
2013-08-08,88.55,88.64,88.46,88.55,3446
2013-08-11,88.55,88.55,88.1,88.55,2398
2013-08-12,88.55,88.55,87.21,87.39,6529
2013-08-13,87.39,89.97,87.39,89.97,28167
2013-08-14,89.97,90.86,88.55,90.32,19972
2013-08-15,90.32,97.26,91.21,95.66,8093
2013-08-18,95.66,103.48,97.17,103.48,4227
2013-08-19,103.48,110.41,98.41,103.56,30304
2013-08-20,103.56,104.01,101.08,101.08,6279
2013-08-25,101.08,100.1,99.3,99.3,1334
2013-08-26,99.3,99.57,97.97,99.57,3851
2013-08-27,99.57,99.66,99.21,99.48,2311
2013-08-29,99.48,98.77,97.88,98.77,945
2013-09-01,98.77,99.66,97.43,99.66,4051
2013-09-02,99.66,100.1,98.5,100.1,2648
2013-09-03,100.1,100.54,100.45,100.54,484
2013-09-04,100.54,100.99,100.99,100.99,53
2013-09-05,100.99,100.99,99.03,99.66,2290
2013-09-08,99.66,98.5,98.06,98.06,1149
2013-09-09,98.06,99.21,98.5,98.94,2100
2013-09-10,98.94,100.81,99.57,100.45,348
2013-09-11,100.45,104.9,100.1,103.21,4362
2013-09-12,103.21,104.01,101.61,104.01,3465
2013-09-15,104.01,104.45,102.32,102.77,5048
2013-09-16,102.77,106.32,102.77,105.88,2692
2013-09-17,105.88,110.59,107.21,110.59,12351
2013-09-19,110.59,114.32,112.1,112.18,6831
2013-09-22,112.18,113.96,110.76,110.76,1934
2013-09-23,110.76,109.07,106.5,107.21,2885
2013-09-24,107.21,109.43,107.3,109.43,2484
2013-09-25,109.43,109.87,108.99,108.99,1238
2013-09-26,108.99,109.43,108.27,109.34,2023
2013-09-29,109.34,109.43,107.65,108.54,11156
2013-09-30,108.54,110.14,107.65,107.65,2257
2013-10-01,107.65,109.43,108.1,108.99,1714
2013-10-02,108.99,109.07,108.1,108.27,937
2013-10-03,108.27,108.1,108.1,108.1,400
2013-10-06,108.1,109.43,107.65,107.65,3511
2013-10-07,107.65,109.43,107.21,108.99,5323
2013-10-08,108.99,112.54,108.99,112.54,754
2013-10-09,112.54,111.21,108.1,108.1,2605
2013-10-10,108.1,109.87,106.32,109.87,15083
2013-10-17,109.87,113.52,111.65,113.43,484
2013-10-20,113.43,115.65,114.32,115.65,3566
2013-10-21,115.65,118.05,115.21,115.65,11132
2013-10-22,115.65,117.87,114.76,117.87,5420
2013-10-23,117.87,118.05,115.92,117.43,2263
2013-10-24,117.43,121.87,117.43,117.43,3852
2013-10-27,117.43,120.54,117.43,119.2,10200
2013-10-28,119.2,118.94,118.32,118.94,1099
2013-10-29,118.94,118.76,117.87,117.87,989
2013-10-30,117.87,118.76,117.87,118.76,6941
2013-10-31,118.76,119.65,117.52,119.65,5244
2013-11-06,119.65,121.43,120.54,120.54,172
2013-11-07,120.54,119.2,118.32,119.2,429
2013-11-10,119.2,119.65,119.2,119.65,225
2013-11-11,119.65,123.74,118.76,123.74,10608
2013-11-12,123.74,126.67,124.54,124.54,696
2013-11-13,124.54,128.45,126.31,127.2,6721
2013-11-14,127.2,128.98,126.67,128.09,6862
2013-11-21,128.09,136.98,128.09,136.98,5034
2013-11-24,136.98,147.64,139.29,144.53,14352
2013-11-25,144.53,144.17,140.98,144.17,3515
2013-11-26,144.17,146.84,141.86,146.75,8085
2013-11-27,146.75,156.53,149.24,156.08,10399
2013-11-28,156.08,161.86,154.31,161.86,19809
2013-12-01,161.86,164.17,159.19,164.08,6922
2013-12-02,164.08,176.08,166.3,172.97,5362
2013-12-03,172.97,175.1,169.06,173.41,10110
2013-12-04,173.41,179.54,170.74,173.41,5036
2013-12-05,173.41,176.52,168.52,168.52,3177
2013-12-08,168.52,167.63,164.7,164.7,1100
2013-12-09,164.7,161.77,161.77,161.77,33
2013-12-10,161.77,164.08,164.08,164.08,20
2013-12-11,164.08,161.33,152.97,152.97,738
2013-12-12,152.97,152.53,146.31,149.86,6882
2013-12-15,149.86,152.71,148.08,152.71,5464
2013-12-16,152.71,158.04,152.53,155.19,3552
2013-12-18,155.19,160.61,157.86,160.61,420
2013-12-19,160.61,164.08,159.64,164.08,5627
2013-12-22,164.08,163.99,159.64,162.48,2133
2013-12-23,162.48,163.37,156.79,162.48,4847
2013-12-24,162.48,165.32,159.64,159.64,5258
2013-12-26,159.64,168.52,162.48,164.7,4504
2013-12-29,164.7,163.46,159.64,162.75,3162
2013-12-31,162.75,167.46,160.61,160.61,21221
2014-01-01,160.61,160.61,155.19,155.19,2320
2014-01-02,155.19,161.41,157.86,160.08,3103
2014-01-05,160.08,160.08,156.08,156.08,11001
2014-01-06,156.08,157.86,156.97,157.86,7501
2014-01-07,157.86,162.92,157.86,160.97,6218
2014-01-08,160.97,168.52,155.64,168.52,7822
2014-01-09,168.52,176.61,170.3,176.61,16035
2014-01-12,176.61,189.85,177.41,188.07,20515
2014-01-13,188.07,195.18,185.85,186.38,4549
2014-01-14,186.38,187.18,183.01,187.18,5695
2014-01-16,187.18,186.3,181.94,185.23,1418
2014-01-19,185.23,187.36,181.85,181.85,5451
2014-01-20,181.85,189.67,181.67,181.67,3900
2014-01-21,181.67,184.87,179.63,184.52,3161
2014-01-22,184.52,182.74,180.52,180.96,3611
2014-01-23,180.96,182.3,180.16,182.3,3375
2014-01-26,182.3,180.96,175.19,175.19,3347
2014-01-27,175.19,177.41,172.97,177.41,2562
2014-01-28,177.41,178.3,175.19,176.08,3586
2014-01-29,176.08,182.74,176.96,182.74,1814
2014-02-02,182.74,181.85,178.3,178.3,2848
2014-02-03,178.3,185.23,181.41,185.23,541
2014-02-05,185.23,184.07,181.85,181.85,5270
2014-02-06,181.85,192.96,181.85,192.07,6719
2014-02-09,192.07,192.52,188.61,190.29,2197
2014-02-10,190.29,200.51,190.74,191.63,2538
2014-02-11,191.63,195.09,190.74,190.74,5660
2014-02-12,190.74,206.29,192.96,204.07,10003
2014-02-13,204.07,213.13,207.62,208.51,5608
2014-02-16,208.51,208.51,206.29,207.62,6459
2014-02-17,207.62,216.86,204.07,216.51,6221
2014-02-18,216.51,228.5,212.95,224.42,3149
2014-02-20,224.42,244.94,228.5,234.28,10043
2014-02-23,234.28,239.79,230.73,234.28,8072
2014-02-24,234.28,238.55,226.46,228.06,5474
2014-02-25,228.06,230.73,217.75,224.51,5318
2014-02-26,224.51,228.59,218.37,226.37,3982
2014-03-03,226.37,222.2,216.51,221.84,21170
2014-03-04,221.84,217.75,209.93,214.29,4418
2014-03-05,214.29,225.75,217.4,219.62,5406
2014-03-06,219.62,219.09,213.49,219.09,1643
2014-03-09,219.09,215.09,211.18,213.93,1934
2014-03-10,213.93,219.09,212.95,219.09,2822
2014-03-11,219.09,215.98,212.15,212.95,6709
2014-03-12,212.95,218.82,211.18,212.95,1142
2014-03-13,212.95,217.31,212.95,215.62,1975
2014-03-17,215.62,212.07,204.51,204.6,1873
2014-03-18,204.6,203.18,197.94,201.85,2002
2014-03-19,201.85,212.86,204.07,212.86,1581
2014-03-20,212.86,221.84,212.95,216.51,5142
2014-03-23,216.51,214.73,212.95,212.95,5181
2014-03-24,212.95,225.93,215.18,225.57,3848
2014-03-25,225.57,223.97,220.95,223.44,1910
2014-03-26,223.44,224.68,223.62,224.06,2556
2014-03-27,224.06,222.02,220.51,220.51,806
2014-03-31,220.51,226.28,220.95,223.17,2804
2014-04-01,223.17,233.39,226.19,230.28,6437
2014-04-02,230.28,231.61,225.39,226.28,2078
2014-04-03,226.28,227.62,225.57,225.57,2801
2014-04-06,225.57,227.17,223.62,226.28,3494
2014-04-07,226.28,230.73,223.17,227.7,5879
2014-04-09,227.7,248.68,230.73,248.5,54417
2014-04-10,248.5,267.51,250.72,254.36,33424
2014-04-13,254.36,256.5,249.56,255.61,12975
2014-04-15,255.61,260.49,255.16,258.27,10361
2014-04-16,258.27,259.25,254.72,254.72,10228
2014-04-17,254.72,257.74,255.07,256.05,3933
2014-04-20,256.05,258.27,252.94,253.47,6551
2014-04-21,253.47,256.05,251.61,253.39,4078
2014-04-22,253.39,260.05,249.48,257.38,7101
2014-04-23,257.38,267.6,257.38,264.49,5262
2014-04-27,264.49,265.38,261.92,265.38,4550
2014-04-28,265.38,271.6,263.6,271.6,5612
2014-04-29,271.6,279.6,266.54,278.71,5038
2014-04-30,278.71,282.27,278.27,279.87,2922
2014-05-04,279.87,297.37,279.6,297.37,14711
2014-05-05,297.37,310.26,287.6,291.86,7031
2014-05-06,291.86,291.15,271.16,291.15,9459
2014-05-07,291.15,292.04,286.26,290.62,13177
2014-05-08,290.62,291.6,284.04,288.49,14654
2014-05-11,288.49,297.37,287.6,288.49,9249
2014-05-12,288.49,292.4,284.04,292.4,10973
2014-05-13,292.4,290.26,284.04,286.35,13257
2014-05-15,286.35,288.49,284.04,288.49,12596
2014-05-18,288.49,290.26,284.04,284.04,9871
2014-05-19,284.04,286.26,283.15,283.15,5116
2014-05-20,283.15,290.17,279.6,288.66,36756
2014-05-21,288.66,297.55,288.49,296.93,12459
2014-05-22,296.93,302.7,292.93,297.37,23746
2014-05-25,297.37,301.28,292.93,297.37,38987
2014-05-26,451.33,325.3,302.85,323.92,11624
2014-05-27,323.92,329.98,299.13,299.82,4643
2014-05-28,299.82,309.46,297.34,309.46,9832
2014-06-01,309.46,319.1,309.73,313.59,1449
2014-06-02,313.59,314.97,312.21,313.59,2745
2014-06-03,313.59,317.72,312.21,317.72,3189
2014-06-04,317.72,315.66,312.07,312.21,6604
2014-06-05,312.21,306.7,301.19,301.19,117
2014-06-08,301.19,312.07,306.57,312.07,1120
2014-06-09,312.07,317.03,305.33,305.33,292
2014-06-10,305.33,310.83,303.26,305.33,287
2014-06-11,305.33,306.7,301.19,301.19,424
2014-06-12,301.19,301.19,299.82,299.82,874
2014-06-15,299.82,312.21,305.33,312.21,1395
2014-06-16,312.21,307.39,302.57,302.57,782
2014-06-17,302.57,312.49,295.0,309.46,1856
2014-06-18,309.46,309.46,301.19,307.39,1722
2014-06-23,307.39,305.33,300.5,305.33,1461
2014-06-24,305.33,310.97,306.7,306.7,703
2014-06-25,306.7,317.86,306.7,317.86,2094
2014-06-26,317.86,323.78,310.83,314.28,945
2014-06-29,314.28,322.13,312.21,316.07,2852
2014-06-30,316.07,327.36,312.21,321.44,4360
2014-07-01,321.44,348.02,325.99,347.89,3702
2014-07-02,347.89,380.67,354.36,380.67,4249
2014-07-03,380.67,381.08,356.29,365.93,4969
2014-07-06,365.93,400.78,370.2,394.85,7257
2014-07-07,394.85,410.83,395.54,395.54,3533
2014-07-08,395.54,402.84,383.83,383.83,5864
2014-07-09,383.83,376.53,375.43,375.43,406
2014-07-10,375.43,375.57,367.31,370.06,2756
2014-07-13,370.06,376.95,368.0,368.55,2400
2014-07-14,368.55,369.37,359.73,362.21,3676
2014-07-15,362.21,370.75,360.42,368.68,15892
2014-07-16,368.68,382.87,375.43,375.57,656
2014-07-17,375.57,382.46,367.31,381.77,16202
2014-07-20,381.77,396.23,382.46,388.93,1797
2014-07-21,388.93,383.15,372.13,378.33,3077
2014-07-22,378.33,381.77,369.65,375.57,4777
2014-07-23,375.57,381.08,375.57,376.95,4109
2014-07-24,376.95,382.46,375.57,378.33,3188
2014-07-27,378.33,378.33,371.44,371.44,1683
2014-07-28,371.44,378.33,375.57,375.57,596
2014-07-30,375.57,370.06,368.68,368.96,2682
2014-07-31,368.96,370.75,365.93,368.96,2989
2014-08-03,368.96,370.75,364.69,365.24,3222
2014-08-04,365.24,364.55,354.08,354.08,2453
2014-08-05,354.08,366.62,355.05,361.11,1837
2014-08-06,361.11,365.1,360.42,363.17,4539
2014-08-07,363.17,367.31,356.43,367.31,2597
2014-08-12,367.31,362.49,360.42,362.49,2301
2014-08-13,362.49,364.55,356.29,361.8,1522
2014-08-14,361.8,368.68,361.52,368.68,1425
2014-08-18,368.68,361.8,354.91,356.98,5256
2014-08-19,356.98,365.93,354.91,358.35,1778
2014-08-20,358.35,356.29,348.71,348.71,3643
2014-08-21,348.71,342.1,321.17,330.12,9179
2014-08-24,330.12,327.36,318.69,318.69,1766
2014-08-25,318.69,312.76,290.17,292.93,784
2014-08-26,292.93,304.64,292.93,297.06,3704
2014-08-27,297.06,325.02,302.57,325.02,6548
2014-08-28,325.02,345.96,331.08,337.28,4345
2014-08-31,337.28,334.94,331.5,333.7,669
2014-09-01,333.7,327.5,313.59,320.48,1702
2014-09-03,320.48,327.23,309.46,313.59,1160
2014-09-04,313.59,308.77,304.09,306.7,1184
2014-09-07,306.7,300.92,283.29,287.42,2452
2014-09-09,287.42,313.59,292.79,313.59,1763
2014-09-10,313.59,312.21,295.82,301.19,1664
2014-09-11,301.19,299.82,290.86,299.82,1150
2014-09-14,299.82,297.06,292.93,292.93,2232
2014-09-15,292.93,303.95,292.93,303.95,926
2014-09-16,303.95,310.83,301.19,310.83,3329
2014-09-17,310.83,310.83,305.33,306.7,996
2014-09-18,306.7,306.7,306.7,306.7,102
2014-09-21,297.06,297.06,283.43,286.04,1587
2014-09-22,286.04,287.42,283.7,283.7,668
2014-09-23,283.7,299.82,288.93,297.06,507
2014-09-24,297.06,314.69,292.93,314.69,2281
2014-09-28,314.69,312.35,303.95,312.35,1942
2014-09-29,312.35,337.42,316.34,330.81,6164
2014-09-30,330.81,337.0,320.61,321.17,8485
2014-10-08,321.17,320.48,314.42,314.42,966
2014-10-09,314.42,319.1,309.46,319.1,1328
2014-10-12,319.1,318.41,312.21,318.41,5285
2014-10-13,318.41,321.03,310.97,321.03,3898
2014-10-14,321.03,323.23,315.93,320.75,8218
2014-10-15,320.75,337.69,323.23,335.63,8693
2014-10-16,335.63,340.45,330.12,333.42,7118
2014-10-19,333.42,339.35,334.25,335.63,3532
2014-10-20,335.63,338.38,331.91,332.18,3013
2014-10-21,332.18,334.53,330.12,332.73,3124
2014-10-22,332.73,344.86,332.87,344.86,5598
2014-10-26,344.86,348.99,342.51,347.33,2424
2014-10-27,347.33,356.98,348.02,356.98,5826
2014-10-28,356.98,354.63,343.89,353.81,2596
2014-10-30,353.81,350.09,348.02,348.02,3395
2014-11-02,348.02,353.26,344.3,344.3,2857
2014-11-03,344.3,337.97,328.05,337.69,2123
2014-11-04,337.69,331.5,324.2,330.12,2705
2014-11-05,330.12,338.38,331.22,332.87,2080
2014-11-06,332.87,333.15,329.7,330.94,4410
2014-11-09,330.94,333.97,329.15,329.15,1243
2014-11-10,329.15,328.74,323.23,328.74,710
2014-11-11,328.74,333.84,317.72,332.87,2102
2014-11-12,332.87,327.36,321.17,321.85,548
2014-11-13,321.85,322.54,317.03,320.48,4002
2014-11-16,320.48,315.66,313.59,313.59,1850
2014-11-17,313.59,307.8,296.51,301.33,1358
2014-11-18,301.33,308.77,290.17,298.44,6470
2014-11-19,298.44,308.22,301.19,306.84,1371
2014-11-20,306.84,313.18,306.7,310.83,3827
2014-11-23,310.83,326.54,313.59,319.65,2668
2014-11-24,319.65,317.03,312.21,313.87,620
2014-11-25,313.87,310.83,300.92,300.92,1008
2014-11-30,300.92,309.46,306.57,306.98,1260
2014-12-01,306.98,306.57,303.26,306.57,913
2014-12-02,306.57,306.43,300.92,306.43,1091
2014-12-03,306.43,310.83,306.01,308.36,7819
2014-12-04,308.36,310.83,303.81,303.81,3159
2014-12-07,303.81,308.36,301.19,304.22,3264
2014-12-08,304.22,305.33,301.19,302.02,2296
2014-12-09,302.02,301.19,293.62,299.82,5463
2014-12-10,299.82,308.08,299.82,300.09,2500
2014-12-11,300.09,306.01,295.0,306.01,1565
2014-12-14,306.01,320.06,308.08,320.06,4872
2014-12-15,320.06,326.54,306.7,320.2,1896
2014-12-16,320.2,317.72,314.28,315.52,2740
2014-12-17,315.52,317.03,312.21,312.21,3266
2014-12-18,312.21,313.59,311.52,313.59,1697
2014-12-21,313.59,312.9,312.9,312.9,200
2014-12-22,312.9,318.41,309.04,309.04,1477
2014-12-23,309.04,306.7,303.95,304.22,1917
2014-12-24,304.22,310.83,303.26,310.83,1861
2014-12-28,310.83,320.48,313.59,313.59,2379
2014-12-29,313.59,314.97,307.8,314.0,3165
2014-12-31,314.0,315.52,312.9,313.73,885
2015-01-01,313.73,318.96,316.76,318.0,2659
2015-01-04,318.0,327.36,317.72,326.4,4702
2015-01-05,326.4,334.25,323.92,328.05,6331
2015-01-06,328.05,330.12,322.54,325.99,5391
2015-01-07,325.99,334.94,324.61,332.87,8309
2015-01-08,332.87,345.27,333.56,341.14,5153
2015-01-11,341.14,352.43,341.14,352.43,12006
2015-01-12,352.43,348.02,339.9,347.33,5228
2015-01-13,347.33,354.91,347.33,354.91,8239
2015-01-14,354.91,359.04,354.22,354.91,10468
2015-01-18,354.91,358.22,354.91,354.91,3345
2015-01-19,354.91,372.82,355.6,358.35,10325
2015-01-20,358.35,359.73,345.27,348.02,5293
2015-01-22,348.02,353.53,347.33,352.02,5721
2015-01-25,352.02,355.6,346.1,354.91,3873
2015-01-26,354.91,355.6,350.09,352.98,4254
2015-01-27,352.98,352.57,348.3,349.26,5374
2015-01-28,349.26,354.22,350.78,352.84,2674
2015-01-29,352.84,355.19,351.05,355.19,2628
2015-02-01,355.19,354.22,353.53,353.53,856
2015-02-02,353.53,355.74,350.09,352.16,3437
2015-02-03,352.16,353.53,351.05,353.12,1249
2015-02-04,353.12,353.4,348.02,353.4,5107
2015-02-05,353.4,353.53,350.92,353.53,756
2015-02-08,353.53,354.91,348.02,354.91,5770
2015-02-09,354.91,355.6,352.16,354.77,4332
2015-02-10,354.77,354.77,353.4,353.4,378
2015-02-11,353.4,352.43,349.4,350.78,1796
2015-02-12,350.78,353.53,351.47,352.29,1768
2015-02-15,352.29,365.93,348.3,364.55,7860
2015-02-16,364.55,367.31,361.8,365.93,9634
2015-02-19,365.93,369.37,364.55,365.93,4574
2015-02-22,365.93,367.03,362.07,363.17,3996
2015-02-23,363.17,366.62,359.04,365.24,3877
2015-02-24,365.24,364.55,361.93,361.93,892
2015-02-25,361.93,364.55,361.8,364.41,1724
2015-03-01,362.07,367.31,363.86,365.24,3190
2015-03-02,365.24,368.55,368.0,368.55,1306
2015-03-03,368.55,367.17,356.84,356.98,9086
2015-03-04,356.98,360.42,354.63,354.77,5766
2015-03-09,354.77,356.98,350.09,354.22,3638
2015-03-10,354.22,356.29,348.02,352.16,7551
2015-03-11,352.16,350.09,346.65,348.99,2240
2015-03-12,348.99,348.99,342.51,343.89,2987
2015-03-15,343.89,342.51,337.0,337.0,1069
2015-03-16,337.0,337.69,330.94,332.46,8498
2015-03-17,332.46,335.77,331.5,334.94,11295
2015-03-18,334.94,334.94,331.5,334.25,2889
2015-03-19,334.25,337.42,334.25,336.32,5537
2015-03-22,336.32,338.38,331.5,331.5,1896
2015-03-23,331.5,328.74,326.54,326.81,1582
2015-03-24,326.81,326.81,324.75,324.75,803
2015-03-25,324.75,330.81,327.36,327.36,1035
2015-03-26,327.36,331.5,327.36,330.12,1305
2015-03-29,330.12,339.76,327.36,339.76,3590
2015-03-30,339.76,333.42,328.05,329.43,1184
2015-03-31,329.43,328.88,327.64,327.64,557
2015-04-01,327.64,330.12,326.4,327.36,2061
2015-04-02,327.36,328.74,328.74,328.74,30
2015-04-05,328.74,327.36,323.23,327.23,1426
2015-04-06,327.23,326.67,324.61,324.61,3416
2015-04-07,324.61,325.99,323.51,323.51,2216
2015-04-08,323.51,325.3,321.85,321.85,1940
2015-04-09,321.85,323.09,320.75,322.4,2183
2015-04-12,322.4,324.61,319.1,320.48,17287
2015-04-13,320.48,321.03,319.79,320.48,2327
2015-04-15,320.48,321.72,319.1,321.72,974
2015-04-16,321.72,324.61,318.13,324.61,1301
2015-04-19,324.61,323.51,320.48,320.48,8094
2015-04-20,320.48,321.85,319.24,320.48,1957
2015-04-21,320.48,323.92,313.87,313.87,4995
2015-04-22,313.87,319.1,313.87,313.87,2404
2015-04-23,313.59,320.61,313.45,320.61,9464
2015-05-31,320.6,330.81,326.51,330.81,132
2015-06-01,330.81,329.02,303.05,308.6,1801
2015-06-02,308.6,316.48,303.05,314.69,3583
2015-06-03,314.69,341.55,320.06,339.58,9651
2015-06-04,339.58,350.14,339.76,340.65,4096
2015-06-07,340.65,344.77,339.58,343.34,4352
2015-06-08,343.34,344.41,339.76,344.41,3246
2015-06-09,344.41,368.41,350.86,361.43,634
2015-06-10,361.43,357.67,354.98,354.98,382
2015-06-11,354.98,348.35,337.97,337.97,354
2015-06-14,337.97,336.18,325.43,325.43,1850
2015-06-15,325.43,328.66,324.54,324.54,2173
2015-06-16,324.54,325.43,324.54,324.54,500
2015-06-18,324.54,323.11,320.24,320.42,1767
2015-06-21,320.42,320.06,320.06,320.06,139
2015-06-22,321.85,329.02,321.85,321.85,1471
2015-06-23,327.94,339.76,327.94,332.6,3137
2015-06-24,334.39,334.39,330.81,332.6,1930
2015-06-25,332.6,333.49,329.02,329.02,3222
2015-06-28,334.39,350.5,334.39,350.5,9945
2015-06-29,355.87,363.04,354.08,357.67,18086
2015-06-30,357.67,362.14,353.19,360.53,5541
2015-07-01,367.33,367.33,353.73,354.98,10301
2015-07-02,352.29,353.19,348.71,349.43,3540
2015-07-05,349.43,352.11,344.24,345.67,2840
2015-07-06,343.7,344.77,343.34,343.52,2311
2015-07-07,344.06,344.06,339.76,340.83,2301
2015-07-08,343.52,343.52,343.34,343.34,550
2015-07-09,343.34,349.43,342.45,343.34,2481
2015-07-12,343.34,344.59,343.16,343.7,26015
2015-07-13,343.34,343.7,341.91,342.62,2314
2015-07-14,339.04,345.13,339.04,343.34,2135
2015-07-15,342.45,348.0,342.45,346.92,7684
2015-07-16,346.92,346.92,343.34,346.92,1998
2015-07-22,346.92,351.4,346.92,351.4,26076
2015-07-23,351.4,358.02,350.5,355.87,4787
2015-07-26,355.87,364.47,357.67,364.47,1250
2015-07-27,364.47,366.8,350.86,356.77,6497
2015-07-28,356.77,355.87,347.1,351.94,4543
2015-07-29,351.94,353.19,349.25,351.4,3139
2015-07-30,351.4,355.87,353.37,355.7,1292
2015-08-02,355.7,357.49,354.98,357.49,90
2015-08-03,357.49,357.31,353.19,357.31,3345
2015-08-04,357.31,361.43,357.49,361.07,10551
2015-08-05,361.07,368.41,358.56,368.41,9866
2015-08-06,371.99,386.13,374.68,378.26,12980
2015-08-09,378.26,395.27,385.42,391.33,3880
2015-08-10,391.33,402.43,391.15,402.43,6827
2015-08-11,402.43,402.43,391.69,393.3,3153
2015-08-12,393.3,395.45,389.9,395.45,3554
2015-08-13,393.48,399.74,393.48,398.85,6479
2015-08-16,398.85,398.85,393.48,396.16,2018
2015-08-17,393.48,397.06,379.87,397.06,6773
2015-08-18,389.9,397.24,389.9,397.24,8358
2015-08-19,397.06,397.06,391.69,397.06,4503
2015-08-20,404.58,405.11,397.24,398.85,6116
2015-08-23,391.33,403.32,382.73,401.53,4940
2015-08-24,409.05,416.75,406.91,407.8,7058
2015-08-25,401.53,409.59,401.53,407.8,6587
2015-08-26,407.8,411.38,402.43,408.7,7646
2015-08-27,411.38,429.29,411.2,428.21,29540
2015-08-31,436.27,469.22,436.27,469.22,26534
2015-09-01,469.22,488.56,452.56,458.83,13389
2015-09-02,450.77,454.0,433.94,445.4,10778
2015-09-03,450.77,450.77,427.14,429.11,6982
2015-09-06,421.05,447.19,414.96,434.66,4651
2015-09-07,439.14,440.93,427.5,431.44,12145
2015-09-08,431.08,441.82,431.08,432.51,4410
2015-09-09,432.87,433.76,429.29,430.9,11139
2015-09-10,429.29,429.29,424.99,426.6,5543
2015-09-13,427.14,435.55,423.92,435.55,10152
2015-09-14,430.36,438.6,429.29,430.9,14253
2015-09-15,439.14,447.37,424.81,447.01,27359
2015-09-16,438.6,448.98,430.18,438.24,10409
2015-09-17,443.43,442.72,436.45,436.45,13444
2015-09-22,429.47,434.66,416.04,416.04,4041
2015-09-23,423.92,431.97,423.92,429.29,6876
2015-09-24,432.87,432.87,426.6,429.29,5001
2015-09-28,421.23,424.27,411.38,420.16,9517
2015-09-29,419.44,423.92,418.54,423.92,7058
2015-09-30,429.11,432.69,429.11,430.18,1734
2015-10-01,422.13,424.63,421.23,424.27,4104
2015-10-04,426.6,433.76,426.24,428.75,4849
2015-10-05,428.39,434.66,427.5,434.66,3006
2015-10-06,429.29,429.29,424.81,426.6,954
2015-10-07,420.33,425.71,411.38,418.54,2606
2015-10-08,415.86,423.92,415.32,423.74,4745
2015-10-11,415.68,417.65,411.38,417.65,1774
2015-10-14,411.38,416.75,411.38,416.75,3571
2015-10-15,411.38,415.68,411.38,415.68,5471
2015-10-18,415.68,416.4,412.28,416.4,1176
2015-10-19,413.17,420.33,412.64,420.33,2725
2015-10-25,412.46,414.07,411.38,414.07,1114
2015-10-27,411.38,411.38,402.43,404.4,3504
2015-10-28,397.95,401.53,377.54,395.27,10881
2015-10-29,393.48,404.22,387.57,393.66,6194
2015-11-01,387.21,391.69,377.54,387.03,3189
2015-11-02,393.48,399.74,392.04,392.58,5138
2015-11-03,393.12,393.12,387.21,389.0,2186
2015-11-04,393.48,397.95,392.04,396.34,2130
2015-11-05,393.48,395.45,390.79,393.48,2750
2015-11-08,396.16,396.16,391.15,393.48,3816
2015-11-09,401.0,408.34,399.92,403.15,6428
2015-11-10,397.06,409.59,397.06,409.59,1536
2015-11-15,401.89,401.89,397.95,399.74,802
2015-11-16,397.95,398.85,393.48,398.85,4233
2015-11-18,400.46,402.43,397.95,399.74,2333
2015-11-19,393.48,399.21,393.48,399.21,4466
2015-11-22,391.69,391.69,387.57,388.1,3126
2015-11-23,380.94,391.69,380.76,388.1,4642
2015-11-24,382.73,389.72,382.73,384.7,2738
2015-11-25,377.36,386.31,377.36,386.31,2670
2015-11-26,384.52,386.31,379.15,379.69,7935
2015-11-29,380.05,380.05,373.96,374.14,14840
2015-11-30,380.94,385.78,376.82,380.94,5069
2015-12-01,380.94,395.98,385.42,395.27,3516
2015-12-02,387.75,387.75,380.94,387.75,431
2015-12-03,380.41,410.13,377.36,394.01,7582
2015-12-04,403.32,407.8,396.16,407.8,8552
2015-12-07,415.5,417.29,407.8,409.59,4786
2015-12-08,407.8,414.07,406.91,414.07,5914
2015-12-09,415.32,422.13,415.32,420.33,4055
2015-12-10,421.23,429.29,421.23,422.48,7134
2015-12-13,424.81,427.5,423.92,423.92,6864
2015-12-14,423.92,424.63,419.44,424.63,5112
2015-12-15,432.69,449.34,432.51,438.24,18941
2015-12-16,438.24,442.72,431.26,434.66,13874
2015-12-17,438.24,438.42,430.18,431.26,8979
2015-12-20,431.26,434.66,429.29,434.66,7467
2015-12-21,434.66,437.88,431.08,437.88,4393
2015-12-22,429.82,441.82,429.82,441.64,8607
2015-12-23,441.64,440.39,438.24,438.24,7805
2015-12-24,439.85,441.46,438.24,440.03,8185
2015-12-25,435.55,441.11,435.55,437.52,7788
2015-12-28,437.52,444.87,436.45,444.87,9993
2015-12-29,444.87,447.37,444.69,447.01,14058
2015-12-31,452.56,461.34,450.77,454.36,18106
2016-01-03,462.95,474.05,461.52,470.47,19013
2016-01-04,474.05,488.38,465.1,469.75,9181
2016-01-05,461.88,465.28,452.56,456.5,9638
2016-01-06,450.77,456.15,450.77,454.0,7645
2016-01-07,456.15,470.47,456.15,462.41,14692
2016-01-10,462.41,462.41,453.64,454.36,3585
2016-01-11,456.15,459.73,453.64,457.94,12107
2016-01-12,466.71,466.89,456.15,459.19,8946
2016-01-13,459.19,503.24,467.96,503.24,9762
2016-01-14,509.86,509.86,481.93,481.93,1400
2016-01-17,491.06,493.75,488.38,488.38,2023
2016-01-18,486.59,486.59,477.63,482.11,4290
2016-01-19,474.05,483.0,468.68,481.93,5358
2016-01-20,483.0,483.0,472.98,474.05,5351
2016-01-21,474.05,478.53,470.47,475.84,4444
2016-01-24,475.84,481.03,475.84,479.42,4758
2016-01-25,478.53,478.53,476.2,476.92,3851
2016-01-26,476.92,477.63,475.84,476.74,2240
2016-01-27,476.74,479.42,475.66,476.74,15483
2016-01-28,480.32,483.0,476.74,480.32,10057
2016-01-31,483.0,483.9,480.32,483.9,6824
2016-02-01,483.0,492.85,483.18,488.2,2992
2016-02-02,497.51,497.51,491.96,495.0,2896
2016-02-03,495.0,492.85,490.17,490.35,3459
2016-02-04,481.03,497.15,481.03,490.17,6926
2016-02-07,490.17,492.32,483.0,486.76,4951
2016-02-08,486.76,493.75,491.06,491.06,600
2016-02-11,491.06,486.94,481.21,483.9,4428
2016-02-14,490.7,490.7,482.11,482.29,4046
2016-02-15,478.53,485.69,474.95,482.11,4580
2016-02-16,482.11,487.48,483.36,487.48,4778
2016-02-17,487.48,500.73,486.59,495.54,5421
2016-02-18,495.54,499.12,495.54,497.33,6483
2016-02-21,500.91,500.91,493.75,494.64,2560
2016-02-22,494.64,502.7,491.96,501.63,13489
2016-02-23,502.7,501.81,489.27,491.96,1841
2016-02-24,490.17,491.96,486.76,491.96,2702
2016-02-25,487.48,493.75,487.48,493.57,3606
2016-02-28,493.57,491.06,485.69,486.59,1000
2016-02-29,486.59,491.6,486.59,490.17,4770
2016-03-01,490.17,490.17,487.48,489.27,2021
2016-03-02,490.17,493.75,490.17,490.17,2386
2016-03-03,490.17,492.85,486.59,490.17,1683
2016-03-06,491.06,491.06,485.69,486.23,4667
2016-03-10,495.54,505.03,473.51,500.01,19710
2016-03-13,508.07,508.07,498.4,506.28,11107
2016-03-14,515.95,515.95,500.01,500.19,5288
2016-03-15,491.96,499.12,491.96,497.33,720
2016-03-16,500.91,500.91,495.72,495.72,3296
2016-03-17,500.01,510.76,500.01,504.49,11778
2016-03-20,514.16,527.41,511.65,518.82,11505
2016-03-21,528.84,531.35,515.23,515.23,10410
2016-03-23,515.23,515.23,507.18,508.97,3038
2016-03-24,507.18,515.23,509.86,511.65,8331
2016-03-27,511.65,508.07,503.78,505.39,1734
2016-03-28,505.39,509.86,502.52,505.39,2456
2016-03-29,500.01,503.42,500.01,503.42,6106
2016-03-30,503.42,500.91,494.64,497.33,3936
2016-03-31,497.33,500.91,493.75,500.91,3121
2016-04-03,500.91,498.4,492.85,494.64,5414
2016-04-04,494.64,498.22,483.0,496.43,5332
2016-04-05,500.91,500.91,493.93,495.54,8982
2016-04-06,495.54,500.91,494.11,496.08,2886
2016-04-10,496.08,500.91,494.29,495.54,6261
2016-04-11,495.54,498.22,495.18,495.54,7612
2016-04-12,495.54,497.33,486.05,497.33,2894
2016-04-14,497.33,506.28,497.33,501.81,968
2016-04-17,500.01,500.91,499.12,499.3,6622
2016-04-18,499.3,508.79,497.51,500.73,5732
2016-04-19,500.73,509.86,499.12,500.91,3389
2016-04-20,500.91,500.55,498.76,499.12,1683
2016-04-21,499.12,504.85,499.12,500.91,6388
2016-04-24,500.91,500.91,495.54,497.33,3925
2016-04-25,497.33,501.27,497.33,499.3,3925
2016-04-26,499.3,501.81,497.33,499.12,3936
2016-04-27,499.12,497.33,496.43,497.33,5750
2016-04-28,497.33,499.12,491.96,495.54,9577
2016-05-02,495.54,520.61,495.54,520.61,3682
2016-05-03,520.61,522.22,507.89,509.86,5871
2016-05-04,509.86,509.86,500.91,504.49,3409
2016-05-05,504.49,509.86,494.82,509.86,4234
2016-05-08,509.86,506.28,500.91,503.6,5730
2016-05-09,506.28,517.03,505.39,510.04,9653
2016-05-10,517.74,517.74,511.65,513.44,9170
2016-05-11,513.44,518.99,513.44,517.38,3859
2016-05-12,517.92,532.24,517.92,528.66,7594
2016-05-15,531.35,532.07,525.98,526.52,6729
2016-05-16,526.52,529.02,522.4,527.23,7263
2016-05-17,532.24,551.94,531.35,551.05,13926
2016-05-18,551.05,560.89,545.67,556.95,51479
2016-05-19,556.95,567.16,554.63,554.63,32628
2016-05-22,554.63,560.89,554.63,559.1,22147
2016-05-23,559.1,575.93,558.21,571.64,21053
2016-05-24,571.64,582.38,568.24,573.43,15729
2016-05-25,573.43,579.69,554.63,564.48,8234
2016-05-26,564.48,572.35,550.15,568.95,9114
2016-05-29,568.95,565.37,558.03,564.48,7763
2016-05-30,564.48,564.48,553.73,558.21,5149
2016-05-31,558.21,560.89,554.99,554.99,7663
2016-06-01,554.99,556.42,550.15,550.51,3900
2016-06-02,550.51,553.73,540.48,547.46,4340
2016-06-05,547.46,547.46,529.92,533.32,13368
2016-06-06,533.32,549.26,536.72,543.88,3004
2016-06-07,543.88,565.37,543.88,553.55,4604
2016-06-08,553.55,563.58,553.55,563.58,7590
2016-06-09,574.5,604.23,567.16,593.12,35538
2016-06-12,593.12,597.6,572.53,581.49,14411
2016-06-13,581.49,588.65,561.43,574.32,7903
2016-06-14,575.4,592.23,575.4,582.38,4825
2016-06-15,590.44,608.34,585.96,606.55,17033
2016-06-16,608.16,655.79,615.51,634.31,25303
2016-06-19,634.31,631.44,595.81,613.72,14616
2016-06-20,613.72,608.34,594.02,601.18,6732
2016-06-21,601.18,635.2,608.34,633.41,23639
2016-06-22,644.16,644.16,626.25,640.57,28579
2016-06-23,640.57,678.35,650.6,662.06,39192
2016-06-26,662.06,676.74,659.37,660.63,8563
2016-06-27,660.63,669.22,640.57,640.57,6722
2016-06-28,640.57,651.32,608.34,644.16,18409
2016-06-29,644.16,654.9,642.36,649.35,6250
2016-06-30,649.35,661.88,640.57,642.36,4376
2016-07-03,642.36,645.95,632.7,632.7,19925
2016-07-04,632.7,640.57,629.83,636.99,9721
2016-07-05,636.99,640.57,627.14,635.2,2555
2016-07-06,632.52,633.41,626.25,632.34,8917
2016-07-10,632.34,640.57,626.25,626.25,5103
2016-07-11,626.25,630.73,612.82,612.82,2460
2016-07-12,612.82,613.36,586.86,610.13,5393
2016-07-13,610.13,605.66,590.44,599.39,4710
2016-07-14,599.39,626.25,599.39,608.34,5510
2016-07-17,608.34,620.16,603.87,608.34,7050
2016-07-18,608.34,645.95,600.47,645.95,10649
2016-07-19,645.95,653.11,617.3,631.62,14798
2016-07-20,626.25,631.62,608.34,608.34,4400
2016-07-21,608.34,632.16,619.09,626.25,7226
2016-07-25,626.25,644.16,626.25,630.91,10125
2016-07-26,630.91,652.93,633.59,652.93,21369
2016-07-27,652.93,662.06,644.33,658.48,16455
2016-07-28,658.48,660.27,645.77,654.9,8214
2016-07-31,654.9,647.74,642.19,642.54,11889
2016-08-01,642.54,638.78,630.73,636.1,5243
2016-08-02,636.1,636.99,624.64,627.14,6885
2016-08-03,627.14,632.52,619.45,626.25,15856
2016-08-04,626.25,626.25,599.57,607.45,4091
2016-08-07,607.45,617.3,599.39,599.57,5923
2016-08-08,599.57,592.23,572.53,572.53,9933
2016-08-09,583.63,615.51,583.63,615.51,945
2016-08-10,615.51,620.16,593.12,609.96,11468
2016-08-11,611.93,611.93,604.76,607.99,9415
2016-08-14,597.6,597.6,590.62,590.8,3409
2016-08-15,590.44,590.44,563.58,572.53,7840
2016-08-16,574.32,597.6,572.53,581.49,5533
2016-08-17,590.44,599.39,588.47,590.44,8155
2016-08-21,583.63,583.63,573.07,576.11,5376
2016-08-22,570.74,572.53,563.58,568.95,5956
2016-08-23,570.74,577.01,561.07,568.95,4716
2016-08-24,568.95,604.58,566.27,604.58,6926
2016-08-28,615.51,615.51,597.6,597.6,2852
2016-08-29,594.02,597.6,592.41,594.91,1525
2016-08-30,597.42,599.39,590.44,595.81,4047
2016-08-31,597.6,617.3,595.81,612.46,6938
2016-09-01,608.34,614.25,608.34,608.34,3372
2016-09-04,608.34,608.34,599.75,608.34,1602
2016-09-05,620.16,620.16,608.34,614.61,4922
2016-09-06,613.72,617.12,603.87,603.87,5329
2016-09-07,605.66,608.34,605.3,605.3,977
2016-09-08,608.34,609.96,603.33,609.96,8193
2016-09-11,617.3,617.3,606.91,606.91,7643
2016-09-12,596.71,608.16,596.71,608.16,1438
2016-09-14,606.55,606.55,602.97,602.97,1854
2016-09-18,602.97,602.97,598.32,599.39,3475
2016-09-20,602.79,626.25,602.79,626.25,10013
2016-09-21,617.3,619.09,608.34,617.3,2616
2016-09-22,624.46,629.47,624.46,624.46,19377
2016-09-25,624.46,629.47,624.46,624.46,19377
2016-09-26,628.94,630.73,620.88,624.46,4524
2016-09-27,626.25,630.73,619.09,620.88,8230
2016-09-28,617.3,622.31,610.13,614.79,35788
2016-09-29,615.51,615.51,605.3,606.55,4946
2016-10-02,610.13,615.51,609.24,614.97,4285
2016-10-03,626.79,626.25,612.82,615.51,8167
2016-10-04,617.3,635.02,617.3,625.35,2390
2016-10-05,621.77,626.25,617.3,625.89,1868
2016-10-06,629.83,629.83,624.1,625.18,3869
2016-10-16,624.46,625.89,618.19,625.89,1416
2016-10-17,613.89,620.34,613.89,617.3,1600
2016-10-18,617.12,617.3,617.12,617.12,464
2016-10-19,617.3,622.31,606.55,608.34,3062
2016-10-20,599.39,604.76,599.39,604.76,1570
2016-10-23,604.76,604.76,598.85,599.39,1471
2016-10-24,599.39,602.97,599.39,602.97,1723
2016-10-25,599.39,599.39,593.12,593.48,3265
2016-10-26,582.02,604.58,582.02,602.97,1681
2016-10-27,602.97,606.37,599.39,606.37,1000
2016-11-03,596.71,608.34,596.71,608.34,990
2016-11-07,608.34,608.34,596.71,602.08,2954
2016-11-08,601.18,601.18,592.41,593.48,5854
2016-11-09,590.44,594.91,581.49,583.28,10847
2016-11-10,586.14,592.23,583.63,586.86,4660
2016-11-13,592.23,608.34,586.5,599.39,3661
2016-11-14,599.39,612.82,599.39,610.13,20472
2016-11-15,617.3,622.67,611.93,620.7,11704
2016-11-16,632.7,680.86,632.7,654.9,62897
2016-11-17,654.36,654.36,621.77,628.94,36517
2016-11-20,623.03,635.02,599.39,621.77,33542
2016-11-21,626.25,626.97,609.24,624.46,16246
2016-11-22,617.3,628.76,610.13,622.49,20173
2016-11-23,620.88,620.88,597.6,597.6,39987
2016-11-24,597.53,608.7,542.13,552.6,7745
2016-11-27,543.53,543.53,499.3,508.61,11995
2016-11-28,498.83,536.54,463.45,522.58,10189
2016-11-29,512.57,532.59,474.62,529.56,11850
2016-11-30,529.56,563.31,529.56,557.49,13620
2016-12-01,558.66,566.8,552.84,552.84,11017
2016-12-04,543.53,545.85,532.12,535.38,4474
2016-12-05,529.56,539.8,523.74,523.74,3574
2016-12-06,523.74,533.05,513.96,533.05,3115
2016-12-07,533.05,543.06,523.04,541.2,2640
2016-12-08,535.38,537.71,527.93,536.54,4831
2016-12-11,532.12,532.12,523.97,524.9,3008
2016-12-12,520.48,520.48,505.82,516.76,2899
2016-12-14,517.92,538.87,517.92,538.64,1923
2016-12-15,538.87,544.46,538.87,544.46,5388
2016-12-18,534.21,550.51,530.02,549.11,3276
2016-12-19,543.53,543.53,535.38,540.97,3846
2016-12-20,541.2,541.2,531.89,531.89,2675
2016-12-21,523.74,523.74,514.43,517.92,2935
2016-12-22,517.92,529.56,514.89,515.59,1909
2016-12-26,508.61,508.61,483.0,483.0,5597
2016-12-27,478.35,483.7,465.55,476.25,5685
2016-12-28,485.1,487.66,477.65,483.0,1627
2016-12-29,485.33,510.7,483.0,486.73,4115
2017-01-01,485.33,501.63,485.33,495.81,3447
2017-01-02,492.32,503.49,489.06,500.46,4675
2017-01-03,491.85,494.64,483.0,486.5,5326
2017-01-04,491.15,491.15,486.5,487.66,2171
2017-01-05,488.82,488.82,481.84,487.66,1937
2017-01-08,487.66,487.66,479.51,481.84,2283
2017-01-09,486.5,487.66,483.0,483.0,2384
2017-01-10,492.32,496.97,491.15,492.32,5228
2017-01-11,500.46,500.46,492.32,492.32,2534
2017-01-12,494.64,496.97,492.32,492.32,2123
2017-01-15,494.64,495.81,494.64,495.81,150
2017-01-16,488.82,491.38,486.26,487.66,761
2017-01-17,485.33,487.66,478.35,483.0,3791
2017-01-18,483.0,488.82,483.0,488.82,1490
2017-01-19,489.29,489.29,484.17,484.17,1000
2017-01-22,484.17,493.48,484.17,493.48,1009
2017-01-23,492.32,494.64,489.99,489.99,737
2017-01-24,489.99,489.99,473.23,478.35,2999
2017-01-25,471.37,474.62,462.05,462.52,3969
2017-01-26,462.52,463.22,445.76,452.74,3542
2017-01-30,458.56,458.56,409.22,409.45,4046
2017-01-31,407.35,424.81,401.53,416.66,5730
2017-02-01,416.66,439.71,409.68,439.71,4158
2017-02-02,448.09,454.14,435.52,435.52,4140
2017-02-05,427.6,427.6,425.04,427.14,419
2017-02-06,417.83,428.3,411.08,425.98,1672
2017-02-07,430.63,436.45,425.98,436.45,4189
2017-02-08,435.29,435.29,420.39,423.18,6833
2017-02-09,423.65,423.65,401.53,402.23,7166
2017-02-12,397.11,406.19,389.43,389.66,4880
2017-02-13,382.91,401.53,376.39,401.53,2356
2017-02-14,401.53,401.53,389.9,396.88,1921
2017-02-15,404.33,425.98,399.21,425.98,35535
2017-02-16,431.79,443.43,417.83,432.73,11823
2017-02-19,436.45,447.16,427.14,444.6,9494
2017-02-20,452.98,466.71,438.78,452.74,7741
2017-02-21,461.12,469.97,431.33,436.45,9524
2017-02-22,436.45,439.94,428.07,429.47,4030
2017-02-23,430.86,438.78,430.63,431.56,2618
2017-02-26,429.47,431.1,427.14,427.14,1030
2017-02-28,418.99,418.99,403.86,412.01,4630
2017-03-01,419.69,420.16,408.52,420.16,3860
2017-03-02,420.16,427.14,420.16,425.51,2199
2017-03-05,433.66,449.72,429.47,442.27,11499
2017-03-06,443.43,450.65,436.45,442.27,24553
2017-03-07,434.12,444.6,429.7,436.45,6124
2017-03-09,442.04,443.43,436.68,438.78,3266
2017-03-13,445.76,449.25,439.94,442.27,2124
2017-03-14,449.02,449.02,436.45,438.78,6873
2017-03-15,444.6,450.42,437.85,437.85,11846
2017-03-16,432.96,449.95,432.96,446.92,39449
2017-03-19,446.92,467.87,452.28,466.71,22975
2017-03-20,475.56,506.28,474.86,503.95,37671
2017-03-21,494.64,519.32,483.0,519.32,56302
2017-03-22,518.15,523.74,506.28,508.84,19857
2017-03-23,518.62,518.62,496.97,509.08,21217
2017-03-26,516.76,531.65,511.4,518.39,21698
2017-03-28,518.39,561.91,524.9,552.84,17271
2017-03-29,552.84,574.25,543.29,543.06,23633
2017-03-30,543.06,561.68,534.45,558.66,9669
2017-04-02,569.36,612.66,569.36,612.66,56624
2017-04-03,624.53,645.95,593.57,599.39,32411
2017-04-04,604.05,613.36,581.0,594.74,14092
2017-04-06,594.74,606.37,588.92,600.55,13248
2017-04-09,599.39,599.39,591.24,593.57,6035
2017-04-10,594.97,601.72,584.73,593.57,8053
2017-04-11,599.39,604.98,591.24,593.57,11648
2017-04-12,604.98,608.7,590.08,590.08,11818
2017-04-13,578.67,599.39,578.67,592.41,8750
2017-04-16,587.75,587.75,571.23,571.23,11898
2017-04-18,560.29,570.76,549.81,552.84,7741
2017-04-19,552.84,574.95,544.69,574.95,4862
2017-04-20,585.89,608.24,580.77,595.9,30867
2017-04-23,607.31,630.82,599.39,613.36,19859
2017-04-24,611.03,612.19,599.39,599.39,12851
2017-04-25,602.88,602.88,594.74,595.2,4879
2017-04-26,599.39,604.05,597.06,598.93,6240
2017-04-27,597.06,597.06,590.31,594.5,6605
2017-04-30,587.75,590.31,580.77,583.56,2764
2017-05-02,576.11,597.06,576.11,586.59,8377
2017-05-03,599.16,602.88,585.66,587.75,3773
2017-05-04,587.75,588.92,584.26,584.49,5345
2017-05-07,577.74,584.49,577.74,578.44,8134
2017-05-08,576.11,586.36,576.11,583.8,2202
2017-05-09,583.8,588.92,585.42,586.59,1425
2017-05-11,586.59,593.57,576.11,579.84,2976
2017-05-15,588.92,588.92,580.77,585.42,3266
2017-05-16,590.08,590.08,581.93,581.93,1190
2017-05-17,593.11,593.11,578.44,584.03,2982
2017-05-18,584.03,583.1,576.58,583.1,7155
2017-05-21,585.42,587.75,576.11,576.11,8198
2017-05-22,574.02,578.44,572.62,578.21,1153
2017-05-23,570.29,579.84,570.29,577.28,4750
2017-05-24,577.28,576.11,571.46,576.11,4875
2017-05-28,575.88,580.77,571.46,576.11,1804
2017-05-30,576.11,576.11,566.8,571.46,6067
2017-05-31,571.46,573.79,562.15,572.62,1898
2017-06-01,574.95,575.88,572.62,573.79,1917
2017-06-04,584.73,584.73,569.13,573.79,3299
2017-06-05,573.79,574.48,571.46,573.55,1761
2017-06-06,584.26,584.49,576.11,584.49,2927
2017-06-07,594.97,594.97,567.73,567.97,3902
2017-06-08,565.64,576.11,565.17,570.29,2501
2017-06-11,570.29,572.62,558.19,559.82,7031
2017-06-12,564.48,566.8,560.52,560.75,1457
2017-06-13,559.82,565.64,557.49,559.82,2138
2017-06-14,570.53,570.53,562.15,562.15,812
2017-06-15,559.82,566.8,557.49,564.48,1862
2017-06-18,564.48,565.64,559.82,559.82,3200
2017-06-19,560.29,560.29,551.67,552.37,5175
2017-06-20,551.67,555.16,551.67,552.84,1285
2017-06-21,545.85,557.26,545.85,549.34,1667
2017-06-22,551.21,551.21,543.53,543.53,1739
2017-06-25,548.18,552.84,542.36,543.53,1939
2017-06-27,545.85,545.85,537.71,541.2,1431
2017-06-28,530.02,543.53,530.02,543.53,1394
2017-07-02,543.29,543.29,535.38,535.38,6039
2017-07-03,537.24,540.27,537.24,540.03,411
2017-07-04,538.87,540.03,538.4,540.03,600
2017-07-05,541.2,541.2,534.21,535.38,1826
2017-07-06,544.69,559.59,538.87,559.59,2219
2017-07-09,559.59,576.11,535.38,564.48,7255
2017-07-10,553.77,555.16,544.46,552.37,3810
2017-07-11,551.44,555.16,548.18,552.6,4743
2017-07-12,563.54,563.54,547.02,551.67,7792
2017-07-13,552.84,552.84,544.69,552.84,3132
2017-07-16,552.84,556.56,552.84,556.33,1044
2017-07-17,567.04,570.29,559.82,570.29,4700
2017-07-18,580.77,587.75,576.11,584.26,15095
2017-07-19,587.75,599.39,585.42,597.06,20248
2017-07-20,599.39,602.88,594.74,596.83,22053
2017-07-23,597.06,628.49,599.39,623.25,18728
2017-07-24,629.07,629.07,616.85,616.85,11371
2017-07-25,606.96,623.25,606.96,607.83,5948
2017-07-26,609.87,625.58,609.87,625.58,10003
2017-07-27,635.76,635.76,616.85,619.76,5487
2017-07-30,611.03,621.21,608.12,611.03,3982
2017-07-31,611.03,615.39,607.25,610.16,14513
2017-08-01,611.03,611.03,604.34,607.54,1574
2017-08-02,613.94,613.94,602.3,605.5,1179
2017-08-03,605.21,616.85,596.77,603.46,3607
2017-08-06,608.12,608.12,599.39,602.01,2951
2017-08-07,602.3,611.03,599.68,608.12,4634
2017-08-09,622.67,628.2,605.21,606.67,7400
2017-08-10,601.14,611.03,600.85,606.67,2922
2017-08-13,613.94,625.87,600.26,601.43,4252
2017-08-15,606.67,605.21,598.52,599.39,3820
2017-08-16,588.04,616.85,588.04,616.85,3615
2017-08-17,622.38,622.38,599.39,604.05,3296
2017-08-20,605.21,605.21,600.55,600.85,1207
2017-08-21,600.26,600.85,591.24,591.24,5628
2017-08-22,596.48,602.01,596.48,597.06,3889
2017-08-23,600.85,600.85,596.48,596.77,1322
2017-08-24,596.48,599.39,596.48,596.48,581
2017-08-27,596.48,600.85,597.94,599.1,3027
2017-08-28,599.39,599.39,590.95,592.12,10654
2017-08-30,589.5,592.7,587.75,588.63,7550
2017-08-31,587.75,587.46,579.02,580.77,1414
2017-09-04,580.48,583.97,573.5,573.79,3825
2017-09-06,576.11,579.02,571.75,574.66,5060
2017-09-07,576.11,576.11,567.38,570.29,2104
2017-09-10,560.11,563.02,554.0,556.62,2572
2017-09-11,547.31,564.18,547.31,558.66,1560
2017-09-12,548.47,555.75,548.47,555.46,3934
2017-09-13,554.29,560.11,542.65,560.11,3957
2017-09-14,560.11,563.02,553.42,556.04,1775
2017-09-17,555.75,561.57,541.78,555.46,2346
2017-09-18,554.29,554.29,548.47,548.47,1566
2017-09-20,554.29,554.29,544.11,548.47,408
2017-09-24,538.29,549.05,538.29,540.62,4230
2017-09-25,541.2,546.14,541.2,544.11,2659
2017-09-26,538.87,548.47,538.87,548.47,1541
2017-10-03,542.94,558.36,542.94,558.07,1325
2017-10-04,558.36,558.36,547.89,548.76,743
2017-10-08,537.42,549.93,531.89,549.93,1292
2017-10-09,541.2,544.11,540.03,540.03,1647
2017-10-10,533.92,536.83,533.92,535.67,706
2017-10-11,535.38,539.74,535.38,535.38,1037
2017-10-12,541.2,541.2,540.62,541.2,1092
2017-10-15,533.92,541.2,533.92,538.58,380
2017-10-16,542.65,549.93,542.65,547.02,560
2017-10-17,549.93,566.51,548.76,550.22,449
2017-10-18,541.2,551.67,541.2,551.67,963
2017-10-22,551.67,551.67,549.93,551.38,393
2017-10-23,551.38,558.95,549.93,557.49,1245
2017-10-24,557.49,557.49,552.84,552.84,692
2017-10-25,549.93,552.84,546.44,548.47,670
2017-10-29,542.94,548.18,541.2,548.18,150
2017-10-30,544.11,547.02,542.94,547.02,1361
2017-10-31,547.02,547.02,536.83,539.45,734
2017-11-01,544.11,544.11,529.56,532.76,740
2017-11-02,526.65,545.56,526.65,543.23,4494
2017-11-05,535.38,535.38,526.65,530.72,3860
2017-11-06,532.47,529.56,516.76,516.76,1754
2017-11-07,526.65,526.65,512.1,512.1,2159
2017-11-08,502.5,511.81,500.17,503.37,2993
2017-11-09,501.92,512.1,497.55,501.92,3475
2017-11-12,501.92,507.15,497.55,506.28,2411
2017-11-13,506.28,511.52,506.28,507.74,1696
2017-11-14,512.1,520.83,507.74,516.47,2849
2017-11-15,520.83,520.83,512.1,512.1,9124
2017-11-16,509.19,512.1,506.28,506.28,3775
2017-11-19,506.28,515.01,506.28,506.28,964
2017-11-20,503.37,504.25,497.26,497.26,3225
2017-11-21,492.02,504.25,492.02,497.55,2384
2017-11-22,500.75,505.41,496.1,505.41,955
2017-11-23,505.41,506.28,500.46,503.37,4343
2017-11-26,503.37,515.01,501.92,509.77,4677
2017-11-27,509.19,515.59,509.19,510.94,4370
2017-11-28,517.63,517.63,505.12,512.1,5495
2017-11-29,512.1,521.7,512.1,516.47,4101
2017-11-30,517.92,518.5,512.1,515.01,3332
2017-12-04,512.1,512.1,509.19,510.65,1220
2017-12-05,507.15,507.74,505.7,505.99,1508
2017-12-06,506.28,509.19,504.83,508.9,12126
2017-12-10,518.5,520.83,504.54,504.54,1768
2017-12-11,503.37,503.95,500.46,500.46,2378
2017-12-12,497.55,503.37,497.55,499.01,12874
2017-12-13,504.83,506.28,504.83,506.28,835
2017-12-14,506.28,505.99,505.99,505.99,12
2017-12-17,503.66,503.95,500.75,500.75,2335
2017-12-18,500.17,500.46,494.64,494.64,4322
2017-12-19,487.66,493.77,487.66,492.32,995
2017-12-20,485.33,493.19,485.33,487.95,1689
2017-12-21,483.0,488.82,483.0,487.08,1108
2017-12-24,488.82,491.44,482.42,483.59,2328
2017-12-26,474.57,481.55,474.28,478.64,3830
2017-12-27,477.19,483.0,472.82,474.28,1037
2017-12-28,462.93,474.28,462.93,468.46,2268
2017-12-31,468.46,468.46,456.24,462.64,3027
2018-01-01,465.55,475.73,465.55,475.73,855
2018-01-02,477.19,484.46,477.19,477.19,3095
2018-01-03,477.19,477.19,461.18,465.55,3115
2018-01-04,462.64,468.17,461.47,465.55,1272
2018-01-07,473.98,474.57,465.55,468.75,3961
2018-01-08,477.77,483.0,471.37,480.09,4992
2018-01-09,480.09,490.28,486.5,487.37,3661
2018-01-10,487.66,487.66,479.51,480.68,2188
2018-01-14,477.19,477.19,472.82,475.73,73
2018-01-16,475.73,475.73,459.73,460.31,14398
2018-01-17,460.6,469.04,456.82,459.73,3843
2018-01-21,462.64,462.64,456.82,456.82,1507
2018-01-22,456.82,457.98,453.91,456.82,2329
2018-01-23,448.09,449.54,444.01,444.01,2366
2018-01-24,445.18,450.71,441.98,450.71,1604
2018-01-25,448.09,452.45,446.92,452.45,1050
2018-01-28,459.73,462.64,455.65,459.73,3121
2018-01-29,459.73,459.73,454.2,458.85,2308
2018-01-31,459.73,462.64,458.27,462.64,1465
2018-02-01,468.46,468.46,461.18,461.18,940
2018-02-04,460.02,460.6,456.82,456.82,1035
2018-02-05,452.74,452.74,452.45,452.45,200
2018-02-06,453.33,453.62,448.09,451.0,572
2018-02-07,448.09,448.38,446.63,447.8,417
2018-02-08,448.09,453.91,448.09,448.67,579
2018-02-11,449.54,450.13,448.09,448.38,654
2018-02-12,448.96,448.96,438.2,438.2,895
2018-02-14,439.94,453.62,437.9,453.62,2991
2018-02-15,459.73,466.71,456.82,461.47,4307
2018-02-18,459.73,463.8,451.0,451.0,6217
2018-02-20,459.44,459.44,445.18,445.18,2285
2018-02-21,440.81,442.27,439.65,440.23,1929
2018-02-22,443.72,443.72,437.9,437.9,4231
2018-02-25,439.36,439.36,432.09,432.38,2298
2018-02-26,434.41,434.41,424.81,425.1,2339
2018-02-27,425.98,432.96,425.98,426.27,2368
2018-02-28,421.9,421.9,415.21,415.21,2616
2018-03-04,407.35,412.88,392.8,395.71,1953
2018-03-06,376.22,388.44,366.91,375.35,4328
2018-03-07,382.33,393.68,378.26,393.68,4304
2018-03-11,393.68,395.42,372.15,374.18,2764
2018-03-12,374.18,376.51,369.53,374.18,1476
2018-03-13,378.26,378.26,371.56,377.97,3861
2018-03-14,372.44,386.4,372.44,386.4,775
2018-03-15,381.75,382.62,378.26,382.33,1210
2018-03-18,377.97,378.26,368.36,369.53,3412
2018-03-19,375.06,375.93,360.8,363.71,2749
2018-03-20,359.34,360.22,353.82,354.98,2289
2018-03-21,349.16,349.45,337.52,349.16,4072
2018-03-22,342.76,350.32,334.61,337.81,5243
2018-03-26,331.41,331.41,309.01,311.33,5873
2018-03-27,308.42,335.19,302.02,328.5,5761
2018-03-28,334.61,340.43,317.15,331.41,3518
2018-03-29,330.25,337.52,325.88,334.61,2970
2018-04-01,331.7,331.7,322.97,325.01,4769
2018-04-02,322.97,324.72,319.19,324.14,2697
2018-04-03,318.9,325.3,318.61,324.43,1979
2018-04-04,325.88,332.87,324.72,331.41,6462
2018-04-05,336.07,341.59,325.88,341.59,6487
2018-04-08,348.0,368.95,337.52,361.96,14016
2018-04-09,366.62,369.53,353.23,355.85,14857
2018-04-10,347.41,362.25,346.25,350.61,4062
2018-04-11,344.21,355.85,340.43,355.85,2661
2018-04-12,352.65,372.73,352.65,368.65,12720
2018-04-15,369.53,376.51,356.14,373.31,4235
2018-04-16,369.53,399.5,366.62,389.9,13822
2018-04-17,389.9,416.08,395.71,412.01,16509
2018-04-18,407.35,418.12,401.53,410.26,12444
2018-04-19,410.26,418.99,395.71,409.97,10241
2018-04-22,409.97,434.99,415.21,434.99,15125
2018-04-23,443.14,460.02,433.54,444.6,25382
2018-04-24,437.03,450.71,435.87,439.36,6783
2018-04-25,432.09,442.27,431.21,439.36,5661
2018-04-26,439.36,440.81,424.81,425.39,6271
2018-04-29,433.54,433.54,422.19,424.81,5771
2018-05-02,424.81,430.63,416.08,430.63,10702
2018-05-03,438.78,446.63,430.34,436.16,7208
2018-05-06,444.31,444.31,430.63,430.63,4333
2018-05-07,425.39,430.63,425.39,427.72,20510
2018-05-08,430.63,434.7,426.56,428.88,11660
2018-05-09,428.88,434.7,430.63,434.7,2986
2018-05-10,434.7,434.99,429.18,429.18,2360
2018-05-14,429.18,432.96,423.36,423.36,2724
2018-05-15,431.21,439.07,416.66,416.66,2757
2018-05-16,420.45,428.01,418.99,422.77,3218
2018-05-17,430.63,430.63,420.74,420.74,4005
2018-05-20,428.59,444.6,428.59,430.63,8855
2018-05-21,432.09,432.09,423.36,429.47,12248
2018-05-22,428.3,428.3,425.1,427.72,897
2018-05-23,427.72,429.18,424.81,425.98,3181
2018-05-24,425.98,426.27,419.57,419.86,3313
2018-05-27,412.01,414.34,410.26,412.3,2242
2018-05-28,412.01,424.81,410.26,420.45,4367
2018-05-29,424.81,424.81,418.99,422.19,3025
2018-05-30,414.63,439.36,414.63,422.19,3005
2018-05-31,421.9,421.9,417.83,417.83,1150
2018-06-03,409.97,413.17,395.71,398.92,7255
2018-06-04,406.19,406.19,392.8,396.59,4502
2018-06-06,402.99,402.99,391.93,392.8,4828
2018-06-07,402.99,402.99,391.93,392.8,4828
2018-06-10,392.8,392.8,385.53,386.99,6325
2018-06-11,380.0,393.97,380.0,383.49,2185
2018-06-12,385.53,392.22,385.53,391.93,890
2018-06-13,394.26,395.13,388.44,395.13,637
2018-06-14,395.71,395.71,388.15,392.8,5243
2018-06-17,388.44,389.9,388.44,388.44,970
2018-06-18,382.91,387.86,381.17,387.86,3035
2018-06-19,381.17,381.46,378.26,381.17,1636
2018-06-20,378.26,381.17,378.26,379.71,1107
2018-06-21,374.76,382.62,374.18,377.97,4424
2018-06-24,376.8,381.46,376.8,376.8,700
2018-06-25,372.44,372.44,366.62,366.62,3414
2018-06-26,366.62,366.62,359.63,359.63,2896
2018-06-27,359.34,366.04,352.94,357.89,2560
2018-06-28,364.58,373.02,364.58,366.62,8151
2018-07-01,370.98,370.98,363.71,364.87,6269
2018-07-02,366.62,366.62,360.8,361.38,7149
2018-07-03,361.96,363.71,356.72,358.76,7905
2018-07-04,361.96,361.96,353.52,355.85,9752
2018-07-05,356.43,370.98,356.43,370.98,31533
2018-07-08,378.02,395.71,378.02,386.4,16896
2018-07-09,384.08,384.08,372.44,372.44,8674
2018-07-10,379.89,380.35,371.97,372.44,4558
2018-07-11,372.44,385.01,367.78,373.83,4780
2018-07-12,372.44,373.83,367.78,372.44,1650
2018-07-15,374.76,374.76,364.99,367.78,1530
2018-07-16,368.71,371.97,365.92,371.97,2286
2018-07-17,371.97,372.44,365.92,369.64,3595
2018-07-18,368.71,369.18,363.59,363.59,16769
2018-07-19,363.13,363.59,358.47,358.94,760
2018-07-22,358.47,358.47,351.95,353.35,2645
2018-07-23,353.82,357.54,353.82,357.54,520
2018-07-24,364.52,367.78,360.8,361.26,1353
2018-07-25,363.13,363.13,357.54,358.47,998
2018-07-26,358.47,358.47,351.49,353.82,3747
2018-07-29,353.82,357.07,353.82,356.14,5048
2018-07-30,352.42,361.73,351.95,360.8,1621
2018-07-31,354.75,361.73,354.75,360.8,1398
2018-08-01,360.8,360.8,356.14,357.54,1272
2018-08-02,356.14,358.47,354.28,354.75,1012
2018-08-05,361.26,361.26,354.75,354.75,170
2018-08-06,353.82,354.28,351.49,353.82,1737
2018-08-07,354.28,355.21,344.5,346.83,2467
2018-08-08,343.11,344.5,342.18,343.57,1240
2018-08-09,342.18,348.69,337.06,339.85,1199
2018-08-12,338.92,338.92,330.54,331.0,1178
2018-08-13,325.88,345.44,325.88,335.19,2075
2018-08-14,337.52,339.85,335.19,337.06,3501
2018-08-15,339.85,349.16,337.99,349.16,3690
2018-08-16,349.16,355.21,345.44,346.83,2297
2018-08-19,340.78,342.18,336.12,336.12,775
2018-08-20,333.8,334.26,331.0,331.0,1030
2018-08-21,337.52,337.52,330.54,330.54,340
2018-08-22,336.12,336.12,325.88,330.54,1459
2018-08-23,328.21,330.54,326.81,327.74,1249
2018-08-26,325.88,328.21,325.88,328.21,5646
2018-08-28,327.74,328.21,325.42,326.81,5975
2018-08-29,327.28,327.28,318.9,321.23,2475
2018-08-30,321.23,325.88,321.23,324.02,2269
2018-09-02,323.55,327.74,323.55,326.81,434
2018-09-03,330.54,339.85,328.21,334.73,2210
2018-09-04,331.0,337.52,328.68,330.54,1724
2018-09-05,332.87,342.18,332.87,335.19,3465
2018-09-06,341.71,342.18,331.93,331.93,5311
2018-09-09,328.21,328.68,327.74,328.21,1250
2018-09-10,325.88,326.35,324.49,325.88,905
2018-09-11,327.74,328.21,323.55,323.55,6655
2018-09-12,329.61,333.8,325.88,325.88,848
2018-09-13,325.88,327.74,323.55,324.95,1176
2018-09-16,327.74,332.87,327.74,330.54,4554
2018-09-17,331.93,351.02,331.93,338.45,2297
2018-09-18,336.59,341.25,336.12,341.25,2618
2018-09-20,337.99,337.99,332.4,332.87,2770
2018-09-23,330.54,332.87,327.74,332.87,758
2018-09-25,337.52,342.18,331.0,338.92,2829
2018-09-26,338.45,338.45,337.52,338.45,466
2018-09-27,335.19,335.19,332.4,333.33,1707
2018-09-30,332.4,334.26,327.28,331.93,2162
2018-10-01,331.93,331.93,325.88,326.35,4680
2018-10-02,326.35,326.81,325.42,326.35,2772
2018-10-03,326.81,328.21,321.23,321.23,3089
2018-10-04,323.55,326.81,319.36,323.55,2655
2018-10-07,321.23,322.16,318.43,318.43,1379
2018-10-08,318.9,324.02,310.99,312.85,4187
2018-10-09,311.92,315.17,309.59,315.17,1516
2018-10-10,312.85,314.24,311.92,314.24,1502
2018-10-11,315.17,318.9,314.24,314.24,1381
2018-10-14,314.24,315.17,314.24,315.17,530
2018-10-15,316.57,317.04,315.17,316.57,860
2018-10-21,322.62,322.62,322.16,322.62,209
2018-10-22,325.88,323.55,321.23,321.23,487
2018-10-23,322.16,324.02,321.69,321.69,2330
2018-10-24,323.55,324.02,322.16,323.55,2342
2018-10-25,317.5,325.88,317.5,325.88,2751
2018-10-28,322.62,323.55,319.36,323.55,5190
2018-10-29,321.23,323.55,321.23,323.55,7729
2018-10-30,323.55,325.88,319.36,323.55,4339
2018-10-31,317.04,324.49,316.57,323.55,1098
2018-11-01,322.62,326.81,321.69,325.88,7239
2018-11-04,328.21,328.21,322.16,322.16,3929
2018-11-05,325.88,325.88,324.95,325.88,6236
2018-11-14,317.97,317.97,314.24,314.24,100
2018-11-15,314.24,321.23,314.24,317.5,1295
2018-11-18,317.5,317.5,312.38,312.38,503
2018-11-19,312.38,312.38,307.26,307.73,750
2018-11-20,308.19,310.99,302.61,302.61,1654
2018-11-21,302.61,307.26,298.88,307.26,707
2018-11-22,307.26,307.26,304.93,304.93,700
2018-11-25,304.93,304.93,302.61,302.61,520
2018-11-26,302.61,302.61,292.36,292.83,3648
2018-11-27,292.83,300.28,292.83,294.23,6365
2018-11-28,294.23,297.48,293.29,297.48,4127
2018-11-29,295.95,295.95,290.97,291.9,424
2018-12-02,291.9,291.9,277.0,277.0,5210
2018-12-03,277.0,283.98,277.0,279.33,4311
2018-12-04,279.33,282.12,277.0,282.12,1291
2018-12-06,276.53,279.33,275.6,275.6,1175
2018-12-09,275.6,279.33,274.67,279.33,350
2018-12-10,279.33,288.64,279.33,288.64,1107
2018-12-11,288.64,290.97,283.98,286.31,1412
2018-12-12,286.31,287.71,285.85,287.71,250
2018-12-13,287.71,288.64,282.59,287.71,1410
2018-12-16,287.71,299.81,287.71,293.29,1552
2018-12-17,293.29,302.61,293.29,302.61,1755
2018-12-18,302.61,302.61,294.23,301.67,1867
2018-12-19,301.67,301.67,290.5,291.43,3066
2018-12-20,291.43,293.29,284.91,285.38,10231
2018-12-23,285.38,305.86,285.38,300.28,6798
2018-12-24,300.28,321.23,295.62,313.31,9540
2018-12-25,313.31,313.31,303.07,309.12,4511
2018-12-26,309.12,338.92,309.12,337.52,39068
2018-12-27,337.52,353.82,335.19,339.85,58146
2018-12-30,339.85,349.16,337.52,341.71,28564
2018-12-31,341.71,344.5,330.54,339.85,40038
2019-01-01,339.85,343.11,334.26,335.19,7653
2019-01-02,335.19,335.19,328.68,330.54,4872
2019-01-03,330.07,335.66,329.61,331.93,11823
2019-01-06,331.93,332.87,328.21,331.0,6584
2019-01-07,331.0,334.73,329.14,332.4,4071
2019-01-08,332.4,335.19,330.54,332.4,4643
2019-01-09,332.4,334.73,331.0,332.87,4906
2019-01-10,332.87,332.87,331.0,332.4,4345
2019-01-13,332.4,332.4,325.88,328.68,4924
2019-01-14,328.68,330.07,324.02,330.07,2346
2019-01-15,330.07,335.19,328.21,335.19,11918
2019-01-16,335.19,338.92,329.61,331.47,5846
2019-01-17,331.47,331.47,323.09,324.95,5294
2019-01-20,324.95,324.95,322.62,322.62,528
2019-01-21,322.62,321.69,317.04,318.9,2303
2019-01-22,318.9,321.23,314.24,319.83,1825
2019-01-23,319.83,323.55,316.11,323.55,2227
2019-01-24,323.55,324.49,318.43,321.23,2535
2019-01-27,321.23,321.23,315.64,316.57,7768
2019-01-28,316.57,320.76,316.57,316.57,3420
2019-01-29,316.57,318.9,314.71,315.64,2710
2019-01-30,315.64,316.57,312.38,316.57,2321
2019-01-31,316.57,318.9,314.24,314.24,2182
2019-02-03,314.24,314.24,311.92,311.92,2103
2019-02-04,311.92,312.85,306.8,307.26,4382
2019-02-05,308.66,309.12,304.93,308.66,4019
2019-02-06,307.26,308.66,304.47,304.47,1854
2019-02-07,302.14,307.26,302.14,306.33,270
2019-02-10,302.61,306.33,293.76,293.76,3331
2019-02-11,297.95,302.61,293.76,300.74,9263
2019-02-12,303.54,303.54,292.36,300.28,2061
2019-02-13,297.02,300.28,294.69,294.69,3994
2019-02-14,290.97,294.69,289.1,293.29,1613
2019-02-17,297.48,297.48,288.17,288.64,1550
2019-02-18,288.64,288.64,283.98,284.91,2930
2019-02-19,290.5,301.67,284.91,301.67,1984
2019-02-20,297.95,307.26,291.43,295.16,3675
2019-02-21,290.04,295.16,288.64,290.97,5118
2019-02-24,288.64,290.97,286.78,289.57,2527
2019-02-25,290.04,292.36,288.64,290.5,3024
2019-02-26,287.71,290.5,287.24,289.1,2179
2019-02-27,290.5,293.29,289.1,290.97,2028
2019-03-03,290.97,290.97,284.91,286.31,3578
2019-03-05,286.31,287.71,284.45,285.85,4842
2019-03-06,284.45,293.29,284.45,293.29,7667
2019-03-07,297.95,304.47,293.29,303.54,9479
2019-03-09,303.07,304.47,295.62,304.47,2957
2019-03-10,303.07,304.47,295.62,304.47,2957
2019-03-11,301.67,308.66,299.81,308.19,8278
2019-03-12,310.99,311.92,304.93,310.05,10302
2019-03-13,309.59,313.78,306.33,306.33,20096
2019-03-14,310.05,311.45,303.54,311.45,23817
2019-03-17,317.57,322.85,311.75,315.45,12201
2019-03-18,314.4,316.51,309.11,310.7,6200
2019-03-19,306.47,307.53,305.94,307.53,1551
2019-03-21,306.47,306.47,303.83,303.83,5950
2019-03-24,300.13,304.36,298.54,299.07,3493
2019-03-25,300.13,302.77,299.07,302.77,3008
2019-03-26,299.07,303.83,299.07,303.83,4887
2019-03-27,303.83,308.58,301.71,308.58,1656
2019-03-28,306.47,308.05,303.83,307.53,2495
2019-03-31,303.83,303.83,301.19,301.19,5854
2019-04-01,301.71,303.83,300.66,300.66,5646
2019-04-02,302.77,307.53,302.77,304.36,4107
2019-04-03,302.24,306.47,301.19,302.77,11376
2019-04-04,305.94,305.94,301.19,303.83,4823
2019-04-07,303.83,303.83,299.07,299.6,7782
2019-04-08,299.6,317.04,299.07,313.87,11797
2019-04-09,314.4,314.4,303.83,303.83,7035
2019-04-10,309.64,313.87,304.36,309.11,19726
2019-04-11,314.92,314.92,307.53,311.75,2539
2019-04-15,311.75,312.81,308.58,311.75,2642
2019-04-16,311.75,317.57,310.7,315.98,13231
2019-04-17,315.98,319.15,311.75,316.51,4153
2019-04-18,316.51,316.51,309.64,309.64,4703
2019-04-21,315.45,317.04,309.64,309.64,5501
2019-04-22,315.45,331.3,314.4,319.68,13388
2019-04-23,326.02,326.02,318.62,324.96,6021
2019-04-24,325.49,330.25,325.49,330.25,7273
2019-04-25,330.25,332.89,324.96,332.36,10370
2019-04-28,338.7,365.12,338.7,365.12,22240
2019-04-29,371.99,386.26,362.48,366.71,43701
2019-04-30,373.58,373.58,354.02,354.02,10825
2019-05-02,360.89,365.65,342.93,356.14,9855
2019-05-05,354.02,364.59,352.97,353.5,7937
2019-05-06,352.97,366.18,349.27,356.14,8339
2019-05-07,363.01,363.01,354.02,358.78,5786
2019-05-08,356.67,356.67,354.02,355.08,4135
2019-05-09,355.08,355.08,349.27,353.5,1162
2019-05-12,354.02,360.89,348.21,353.5,5604
2019-05-13,352.44,352.44,348.21,349.27,3365
2019-05-14,356.14,369.35,350.33,354.02,5728
2019-05-15,354.55,359.84,353.5,354.02,9935
2019-05-16,354.55,356.67,352.97,353.5,4733
2019-05-19,351.38,356.67,351.38,351.91,2625
2019-05-20,346.1,352.97,343.46,347.68,5835
2019-05-21,346.1,350.85,346.1,348.74,7007
2019-05-22,348.74,359.31,348.74,356.67,8874
2019-05-23,355.08,356.14,348.74,352.97,7660
2019-05-26,348.74,351.38,347.68,350.85,896
2019-05-27,348.21,350.33,343.99,347.68,6865
2019-05-28,343.99,350.85,343.46,345.04,4122
2019-05-29,351.38,351.38,341.34,348.74,5335
2019-05-30,355.61,362.48,340.81,343.46,14356
2019-06-02,346.63,346.63,337.64,339.23,2550
2019-06-03,332.89,339.76,332.89,336.06,4335
2019-06-04,340.81,340.81,329.72,340.81,7899
2019-06-06,338.17,338.17,328.66,332.89,1546
2019-06-10,332.89,332.89,328.66,329.19,3765
2019-06-11,335.53,335.53,328.66,332.36,12866
2019-06-12,328.66,332.89,327.61,332.36,8647
2019-06-13,330.25,333.95,330.25,332.89,2965
2019-06-16,328.66,330.25,326.02,329.19,6384
2019-06-17,327.61,331.3,327.61,331.3,7142
2019-06-18,332.89,332.89,326.02,326.02,1897
2019-06-19,327.61,329.19,325.49,327.08,1980
2019-06-20,327.08,331.3,325.49,331.3,1590
2019-06-23,324.96,331.3,324.96,327.08,5830
2019-06-24,324.96,324.96,322.32,324.43,2046
2019-06-25,322.32,323.91,322.32,323.38,2101
2019-06-26,322.32,322.32,316.51,318.62,6423
2019-06-27,317.57,318.09,316.51,316.51,3291
2019-06-30,317.04,324.96,314.92,317.04,1277
2019-07-01,317.57,317.57,310.7,313.87,3639
2019-07-02,310.17,315.98,309.64,315.98,6214
2019-07-03,312.28,319.68,312.28,319.68,4845
2019-07-04,319.15,319.15,314.92,314.92,4242
2019-07-07,317.04,317.04,314.4,315.98,3164
2019-07-08,311.75,312.28,306.47,306.47,2580
2019-07-09,306.47,311.75,305.41,306.47,3104
2019-07-10,305.94,306.47,302.24,302.24,13676
2019-07-11,302.77,306.47,300.13,302.24,4104
2019-07-14,303.3,306.47,301.71,304.88,2700
2019-07-15,299.07,311.75,304.88,311.75,1248
2019-07-16,327.08,327.08,301.71,309.11,22277
2019-07-17,309.11,313.87,307.0,313.87,3170
2019-07-18,317.57,321.79,317.04,319.68,8073
2019-07-21,317.04,318.62,314.92,317.04,3131
2019-07-22,311.22,319.68,311.22,319.68,12267
2019-07-23,314.92,324.96,312.28,324.96,3552
2019-07-24,318.62,318.62,313.34,318.09,4778
2019-07-25,311.75,317.57,311.75,313.34,2111
2019-07-28,307.53,307.53,301.71,305.41,2621
2019-07-29,306.47,306.47,304.36,304.88,6126
2019-07-30,309.11,311.75,306.47,306.47,2172
2019-07-31,303.83,311.75,302.24,310.7,2114
2019-08-01,311.75,314.4,308.05,314.4,2643
2019-08-04,314.92,314.92,306.47,306.47,1709
2019-08-05,306.47,306.47,303.83,303.83,3602
2019-08-06,302.77,304.88,301.71,302.77,1776
2019-08-07,308.58,314.4,301.71,306.47,3528
2019-08-08,301.71,305.41,301.71,305.41,3724
2019-08-11,302.24,302.24,298.54,301.19,4934
2019-08-12,300.13,301.19,298.54,301.19,5981
2019-08-13,299.6,304.88,298.01,304.88,2641
2019-08-14,300.66,303.83,294.84,300.66,5718
2019-08-15,301.19,302.24,296.43,300.66,2014
2019-08-18,296.43,296.43,291.67,291.67,3564
2019-08-19,290.62,301.71,290.62,301.71,4461
2019-08-20,295.9,295.9,290.62,290.62,2202
2019-08-21,290.62,290.62,290.09,290.62,2371
2019-08-22,296.43,296.43,290.62,293.26,4429
2019-08-25,293.26,294.32,291.67,293.26,35336
2019-08-26,293.26,293.26,289.03,289.56,8277
2019-08-27,290.62,294.84,290.62,294.84,2896
2019-08-28,294.84,294.84,289.03,289.56,1385
2019-08-29,289.56,290.62,286.92,290.09,3443
2019-09-01,286.92,286.92,282.16,282.16,4349
2019-09-02,278.46,278.46,268.42,274.24,6380
2019-09-03,268.95,290.62,264.73,290.62,6633
2019-09-04,295.9,295.9,279.52,287.98,5326
2019-09-05,285.86,286.92,283.22,286.92,3788
2019-09-08,282.69,282.69,262.08,267.37,11168
2019-09-09,271.6,271.6,263.14,266.31,4277
2019-09-10,264.2,265.78,261.56,265.78,3861
2019-09-11,264.2,264.2,256.8,261.56,6910
2019-09-12,259.97,259.97,249.93,255.74,2890
2019-09-15,253.63,260.5,243.06,260.5,3538
2019-09-16,255.74,255.74,240.42,242.01,5168
2019-09-17,246.76,250.99,244.65,249.93,5400
2019-09-18,254.69,268.42,252.04,262.08,8469
2019-09-19,258.39,266.31,253.63,258.91,10226
2019-09-22,254.16,254.16,244.65,250.99,3932
2019-09-23,248.35,262.61,248.35,256.27,628
2019-09-24,251.52,252.04,247.29,249.4,1376
2019-09-26,250.99,250.99,246.23,249.4,1813
2019-09-29,254.16,254.16,244.65,248.35,10808
2019-09-30,248.87,250.46,246.23,250.46,1955
2019-10-01,250.46,251.52,247.29,250.99,3184
2019-10-02,255.74,255.74,245.7,249.4,11665
2019-10-03,246.23,249.4,246.23,248.87,9290
2019-10-10,248.87,248.87,244.12,248.87,461
2019-10-14,248.87,248.87,240.95,244.12,9470
2019-10-15,245.7,245.7,240.42,242.53,12072
2019-10-16,239.36,240.42,236.19,236.19,6722
2019-10-17,240.42,240.42,235.14,237.78,1017
2019-10-20,235.14,237.78,235.14,237.78,1699
2019-10-21,233.02,252.57,233.02,240.42,4073
2019-10-22,240.42,245.18,237.78,239.36,3073
2019-10-23,235.14,240.95,235.14,240.42,6623
2019-10-24,242.53,248.35,240.42,240.42,8753
2019-10-31,236.14,236.68,232.89,232.89,3520
2019-11-03,233.43,233.97,228.02,228.02,6991
2019-11-04,228.02,231.27,228.02,231.27,1774
2019-11-05,228.02,234.52,226.93,233.43,1957
2019-11-06,236.14,236.14,236.14,236.14,10
2019-11-07,231.81,236.14,229.1,231.27,3016
2019-11-10,226.93,229.64,226.93,229.64,3341
2019-11-11,227.47,231.81,227.47,230.18,2605
2019-11-12,230.18,232.89,225.85,226.39,9897
2019-11-13,226.39,229.64,225.85,229.1,399
2019-11-14,229.1,230.18,225.85,228.56,2991
2019-11-17,226.39,226.93,226.39,226.93,125
2019-11-18,223.14,233.43,223.14,233.43,1054
2019-11-19,230.18,230.18,226.93,228.56,2376
2019-11-20,232.89,232.89,224.22,229.64,6108
2019-11-21,229.64,229.64,229.64,229.64,110
2019-11-24,226.39,226.93,220.43,226.93,2911
2019-11-25,222.6,226.93,220.97,226.39,2938
2019-11-26,224.77,227.47,223.68,226.39,5582
2019-11-27,228.56,231.27,227.47,231.27,3033
2019-11-28,228.56,230.18,226.93,226.93,1016
2019-12-01,226.39,227.47,224.77,227.47,865
2019-12-02,226.39,228.02,226.39,228.02,1322
2019-12-03,227.47,232.35,227.47,229.64,2750
2019-12-04,231.27,238.31,230.72,232.35,8605
2019-12-05,236.68,249.14,236.68,243.18,16119
2019-12-08,242.64,245.89,234.52,245.89,6696
2019-12-09,245.89,254.01,244.26,244.81,9359
2019-12-10,246.43,250.76,244.26,244.26,7065
2019-12-11,244.26,258.35,244.26,255.1,3037
2019-12-12,257.26,273.51,254.01,269.72,29044
2019-12-15,272.43,274.05,259.97,259.97,14086
2019-12-16,264.84,267.55,254.01,257.26,10117
2019-12-17,258.35,259.97,250.22,257.26,6202
2019-12-18,255.1,256.72,252.93,254.55,3693
2019-12-19,254.55,259.43,250.22,254.55,4323
2019-12-22,251.85,254.01,250.76,254.01,3147
2019-12-23,257.26,269.72,253.47,263.22,5803
2019-12-24,259.97,264.84,254.01,255.64,6763
2019-12-25,254.01,264.84,254.01,255.1,9789
2019-12-26,259.97,259.97,255.1,255.1,10147
2019-12-29,259.97,259.97,254.55,258.89,4112
2019-12-30,259.97,268.64,259.97,268.09,21449
2019-12-31,268.09,271.34,262.68,270.26,14800
2020-01-01,271.89,271.89,262.14,262.14,8700
2020-01-02,261.6,263.22,259.97,262.14,6326
2020-01-05,267.01,268.64,263.76,264.84,11553
2020-01-06,269.18,271.89,264.3,265.93,7591
2020-01-07,265.39,268.09,265.39,265.39,14640
2020-01-08,265.93,270.26,265.39,265.39,8847
2020-01-09,262.68,266.47,262.68,264.84,2728
2020-01-12,269.72,290.84,269.72,290.84,24992
2020-01-13,296.26,317.38,287.05,310.88,35253
2020-01-14,304.92,314.13,298.42,302.22,14524
2020-01-15,306.01,324.42,302.22,324.42,27196
2020-01-16,325.5,343.92,323.88,340.13,36353
2020-01-19,344.46,364.5,335.8,356.92,59301
2020-01-20,360.17,362.88,330.38,341.21,45443
2020-01-21,341.21,354.21,328.75,339.59,26534
2020-01-22,339.59,352.58,338.5,345.0,24195
2020-01-23,349.34,354.21,340.13,340.13,32519
2020-01-26,336.34,346.09,331.46,331.46,37263
2020-01-27,330.38,342.29,330.38,340.67,25625
2020-01-28,335.25,352.04,335.25,347.71,31463
2020-01-29,352.58,352.58,342.29,343.92,17469
2020-01-30,343.92,366.13,343.92,357.46,100850
2020-02-02,358.0,363.96,355.83,358.54,36044
2020-02-03,359.08,361.79,352.04,354.21,12463
2020-02-04,352.04,361.79,348.79,351.5,21197
2020-02-05,347.71,353.13,347.71,353.13,12446
2020-02-06,353.67,361.25,352.04,354.21,21250
2020-02-09,349.34,353.67,346.63,346.63,7261
2020-02-10,352.04,352.04,346.63,347.71,7038
2020-02-11,349.88,355.29,349.88,352.58,11632
2020-02-12,354.75,358.54,352.04,352.04,13812
2020-02-13,358.54,362.88,354.21,361.25,16617
2020-02-16,367.21,384.54,363.96,384.0,70989
2020-02-17,391.58,405.12,377.5,377.5,36092
2020-02-18,384.0,386.16,371.54,376.42,31955
2020-02-19,382.37,382.37,374.25,374.79,11793
2020-02-20,374.79,394.83,376.42,391.58,41613
2020-02-23,399.16,414.87,392.66,402.41,46050
2020-02-24,402.41,410.0,385.62,400.25,53075
2020-02-25,400.79,438.7,395.37,426.24,53403
2020-02-26,433.28,461.45,433.28,461.45,88797
2020-02-27,452.24,479.32,434.91,460.91,82316
2020-03-01,460.91,460.91,433.83,435.99,55321
2020-03-02,435.99,435.99,405.12,405.12,30118
2020-03-03,405.12,439.78,374.79,417.04,74302
2020-03-04,437.62,437.62,379.12,388.33,44440
2020-03-05,380.75,400.79,373.71,387.25,43413
2020-03-10,379.67,379.67,349.34,349.34,8886
2020-03-11,355.83,382.37,348.79,377.5,38121
2020-03-12,379.12,385.08,357.46,362.88,39122
2020-03-15,355.83,365.58,338.5,340.67,39938
2020-03-16,338.5,345.54,330.38,338.5,50791
2020-03-17,335.8,335.8,308.71,315.76,26019
2020-03-18,309.8,329.3,300.05,311.42,15525
2020-03-19,302.76,325.5,300.05,317.92,31025
2020-03-22,322.26,322.26,302.76,302.76,2907
2020-05-12,300.05,300.05,294.09,294.09,260
2020-05-13,288.68,288.68,285.43,285.43,20
2020-06-29,280.55,281.63,257.26,281.63,8531
2020-06-30,287.05,309.8,287.05,309.8,2030
2020-07-01,315.76,340.67,315.76,340.67,2608
2020-07-02,347.17,360.71,321.71,322.8,11065
2020-07-05,328.75,354.21,323.88,340.13,12230
2020-07-06,338.5,354.21,332.0,350.96,15832
2020-07-07,356.38,366.13,356.38,357.46,24200
2020-07-08,357.46,373.17,352.04,365.58,7926
2020-07-09,358.54,373.17,357.46,367.75,22225
2020-07-12,374.79,379.12,362.88,367.21,11491
2020-07-13,373.71,373.71,358.0,359.08,12851
2020-07-14,362.88,362.88,352.58,357.46,7926
2020-07-15,364.5,367.21,352.04,358.54,15337
2020-07-16,365.04,368.29,362.88,365.58,7795
2020-07-19,372.62,387.25,372.62,387.25,30
2020-07-20,406.2,414.33,375.87,381.83,31684
2020-07-21,381.83,387.25,373.17,373.17,18673
2020-07-22,380.21,387.25,363.96,366.67,11889
2020-07-23,366.67,375.87,366.13,371.0,9879
2020-07-26,376.42,396.45,376.42,389.96,55950
2020-07-27,389.96,398.08,384.54,387.79,32201
2020-07-28,385.08,396.45,384.54,386.16,11132
2020-07-29,380.75,381.29,372.08,375.33,31746
2020-07-30,373.71,384.54,369.92,378.04,19590
2020-08-02,371.0,374.25,359.08,359.08,31271
2020-08-03,357.46,368.83,354.75,363.96,13053
2020-08-05,357.46,362.33,352.58,358.0,17019
2020-08-06,350.96,355.83,343.92,355.83,17312
2020-08-09,353.67,364.5,345.54,362.88,14389
2020-08-10,362.88,376.96,362.88,375.33,25022
2020-08-11,378.58,379.12,371.0,376.42,30816
2020-08-12,375.87,384.54,371.0,376.42,12152
2020-08-13,376.42,379.12,371.0,373.71,21859
2020-08-16,374.25,375.33,361.25,362.33,30048
2020-08-17,362.33,369.37,359.08,361.79,19400
2020-08-18,360.17,365.04,358.54,364.5,24125
2020-08-19,357.46,363.96,357.46,362.33,10678
2020-08-20,360.17,363.42,358.54,362.33,3560
2020-08-23,361.79,371.0,358.0,371.0,24081
2020-08-24,376.42,380.21,373.17,376.96,36449
2020-08-25,381.29,392.66,376.42,391.04,55813
2020-08-26,394.29,401.87,387.79,389.96,46862
2020-08-27,389.96,393.75,382.91,388.87,22317
2020-08-30,388.87,396.45,382.37,396.45,19937
2020-08-31,401.33,418.66,397.54,415.41,134003
2020-09-02,422.45,435.99,420.29,420.83,209167
2020-09-03,433.28,433.28,412.7,421.91,69025
2020-09-06,442.49,442.49,411.62,417.58,56633
2020-09-07,417.58,417.58,406.2,411.08,24554
2020-09-08,407.29,417.04,404.58,412.16,21502
2020-09-09,411.62,426.24,408.91,422.45,39354
2020-09-10,427.87,432.74,420.29,429.49,55951
2020-09-13,433.28,444.12,430.58,434.37,74851
2020-09-14,437.62,437.62,421.91,424.08,50611
2020-09-15,430.58,430.58,417.04,422.45,41402
2020-09-16,422.45,426.78,415.41,422.45,41890
2020-09-17,419.74,430.58,417.04,427.87,78380
2020-09-20,448.99,448.99,424.08,425.7,32620
2020-09-21,420.29,428.41,420.29,422.45,27517
2020-09-22,429.49,430.58,415.95,419.74,23433
2020-09-23,406.2,422.45,406.2,419.74,15753
2020-09-24,419.74,419.74,415.95,415.95,20697
2020-09-27,419.74,422.99,412.7,412.7,32040
2020-09-28,412.7,414.33,411.08,411.62,19764
2020-09-29,413.79,416.49,407.83,414.33,32283
2020-09-30,411.62,413.79,409.45,410.0,9355
2020-10-01,417.04,423.54,410.0,417.58,41143
2020-10-04,420.29,420.83,415.41,419.2,32688
2020-10-05,421.37,423.54,418.12,418.66,32298
2020-10-06,418.66,420.29,416.49,416.49,7397
2020-10-07,413.24,419.2,413.24,419.2,29303
2020-10-08,417.04,419.2,414.33,417.58,22195
2020-10-11,417.04,417.58,411.62,411.62,29031
2020-10-12,411.62,412.16,408.37,408.91,33113
2020-10-13,408.91,411.08,404.58,408.91,23660
2020-10-14,414.33,414.33,406.2,407.29,20183
2020-10-15,427.33,427.33,401.87,405.66,19443
2020-10-18,403.5,408.91,401.87,404.04,7221
2020-10-19,404.58,408.91,402.41,402.41,15261
2020-10-20,402.41,410.0,400.79,401.87,15056
2020-10-21,401.87,406.2,401.87,406.2,12600
2020-10-22,406.2,410.0,401.87,408.91,25691
2020-10-28,388.87,425.16,388.87,418.66,19797
2020-10-29,418.66,426.78,417.58,420.83,19491
2020-11-01,419.74,422.45,419.2,420.83,14271
2020-11-02,419.74,428.41,419.74,424.08,31088
2020-11-03,421.37,430.58,420.29,422.45,16821
2020-11-04,422.45,422.99,414.33,421.91,19707
2020-11-05,421.91,421.91,415.95,417.04,15345
2020-11-08,414.33,419.2,412.7,418.66,22868
2020-11-09,419.74,424.62,417.04,419.74,29524
2020-11-10,422.99,447.91,422.99,441.95,206903
2020-11-11,449.53,452.24,438.7,440.87,79440
2020-11-12,441.41,441.41,431.12,433.28,56829
2020-11-18,438.7,450.62,435.99,446.82,102208
2020-11-19,451.16,491.24,451.16,491.24,207185
2020-11-22,500.98,509.65,468.49,473.36,116808
2020-11-23,475.53,477.15,463.61,467.95,53338
2020-11-24,470.65,493.4,467.95,486.9,215822
2020-11-25,492.86,505.86,490.15,492.86,70621
2020-11-26,500.98,501.53,482.03,490.15,98124
2020-11-29,500.98,529.69,493.4,528.07,220819
2020-11-30,524.82,563.27,524.82,553.52,156638
2020-12-01,547.56,569.23,541.06,565.44,151161
2020-12-02,565.44,612.01,565.44,595.77,182584
2020-12-03,625.55,644.51,574.1,579.52,241184
2020-12-06,550.81,567.6,522.11,522.65,158104
2020-12-07,522.65,549.73,509.11,546.48,131469
2020-12-08,556.77,557.31,529.15,546.48,95620
2020-12-09,535.65,536.19,519.94,526.44,89224
2020-12-10,528.07,541.61,517.77,536.19,103157
2020-12-13,530.77,541.61,527.52,538.9,77274
2020-12-14,549.19,592.52,545.4,591.43,398753
2020-12-15,620.68,620.68,584.93,589.81,184985
2020-12-16,589.81,589.81,575.18,576.81,87283
2020-12-17,577.35,584.93,558.39,563.27,234589
2020-12-20,552.44,565.98,528.61,531.86,162444
2020-12-21,505.32,545.94,505.32,540.52,100739
2020-12-22,550.81,590.35,538.9,579.52,160995
2020-12-23,607.68,634.76,594.14,621.22,401989
2020-12-24,652.09,652.09,603.89,609.85,188279
2020-12-27,609.85,619.6,586.02,587.1,159165
2020-12-28,584.93,600.1,577.35,587.64,66218
2020-12-29,599.02,606.6,587.1,592.52,107651
2020-12-30,565.98,604.43,565.98,593.06,75139
2020-12-31,603.35,604.43,593.06,595.77,98614
2021-01-03,606.6,635.84,601.18,623.39,140024
2021-01-04,628.8,633.68,602.26,621.76,142296
2021-01-05,622.85,623.93,610.39,614.72,57541
2021-01-06,622.85,622.85,609.85,613.64,36525
2021-01-07,616.89,622.85,603.35,612.01,92802
2021-01-10,620.14,620.14,603.35,603.89,50220
2021-01-11,611.47,629.89,606.6,622.85,157581
2021-01-12,591.97,647.76,591.97,639.09,127158
2021-01-13,644.51,647.22,627.72,633.68,121433
2021-01-17,646.41,658.92,640.45,640.45,76864
2021-01-18,652.36,652.96,638.07,638.07,67009
2021-01-19,640.45,645.81,625.55,637.47,69488
2021-01-20,640.45,643.43,633.3,637.47,70040
2021-01-21,643.43,691.09,643.43,691.09,191092
2021-01-24,714.92,748.28,696.45,735.77,200194
2021-01-25,744.71,744.71,713.13,713.13,144425
2021-01-26,713.13,719.68,693.47,705.39,118974
2021-01-27,705.39,731.6,691.68,726.83,206566
2021-01-28,732.79,747.09,710.75,720.88,158875
2021-01-31,726.24,729.81,691.09,702.41,235543
2021-02-01,736.96,738.15,691.09,738.15,249303
2021-02-02,750.66,774.5,738.75,772.71,202563
2021-02-03,786.41,795.35,750.66,753.05,113729
2021-02-04,750.66,761.98,735.77,756.62,112192
2021-02-07,767.35,805.48,747.69,803.69,178472
2021-02-08,813.22,840.63,786.41,798.92,136628
2021-02-09,798.92,804.28,769.73,776.28,75932
2021-02-10,786.41,786.41,762.58,767.35,68365
2021-02-11,771.52,779.86,756.62,759.01,69898
2021-02-14,759.01,762.58,738.75,747.69,65086
2021-02-15,759.6,791.18,756.62,787.6,158736
2021-02-16,797.13,807.26,774.5,782.84,122735
2021-02-17,774.5,780.45,771.52,773.3,53329
2021-02-18,738.75,787.6,738.75,767.94,50806
2021-02-21,767.94,767.94,753.64,754.24,67437
2021-02-22,754.24,754.24,734.58,741.13,93569
2021-02-23,729.81,750.66,717.3,750.66,118338
2021-02-24,750.66,771.52,742.32,749.47,60181
2021-02-25,749.47,756.62,729.81,732.79,38782
2021-02-28,732.79,741.13,710.15,711.34,90789
2021-03-01,708.37,738.75,698.83,738.75,68891
2021-03-02,738.75,738.75,703.6,711.34,80948
2021-03-03,725.05,725.05,686.32,701.22,101458
2021-03-04,714.32,726.24,705.39,723.86,74512
2021-03-08,737.56,737.56,704.2,706.58,33792
2021-03-09,698.24,714.92,684.53,688.71,33017
2021-03-10,689.9,694.07,683.34,688.71,44299
2021-03-14,686.92,699.43,658.32,669.04,69367
2021-03-15,669.04,685.13,658.32,662.49,36759
2021-03-16,674.41,674.41,657.73,668.45,29311
2021-03-17,680.96,680.96,660.11,672.02,23897
2021-03-18,672.62,683.94,670.83,679.17,23461
2021-03-21,645.21,710.75,645.21,705.39,70589
2021-03-22,708.96,714.92,685.13,694.07,32014
2021-03-23,682.75,697.05,673.22,691.09,21658
2021-03-24,688.71,701.22,688.71,694.07,23647
2021-03-25,703.0,703.0,682.15,685.13,84540
2021-03-29,651.17,697.64,651.17,682.15,22831
2021-03-30,682.15,694.07,682.15,693.47,27767
2021-03-31,697.05,711.94,692.28,703.0,43277
2021-04-01,703.6,716.11,694.07,694.07,43492
2021-04-04,700.02,707.17,694.07,697.05,60425
2021-04-05,731.6,731.6,694.66,697.05,52414
2021-04-06,672.62,708.96,672.62,694.07,34112
2021-04-07,697.05,701.81,685.13,688.11,36337
2021-04-08,722.07,722.07,685.73,687.51,38271
2021-04-12,690.49,701.22,689.3,689.3,47762
2021-04-13,700.62,700.62,685.13,687.51,38454
2021-04-15,708.96,708.96,688.11,690.49,48582
2021-04-18,692.88,695.26,676.79,676.79,50089
2021-04-19,676.79,683.94,666.07,668.45,36880
2021-04-20,664.28,678.58,662.49,669.04,27441
2021-04-21,668.45,678.58,655.34,660.7,35506
2021-04-22,655.34,670.83,647.6,664.28,27424
2021-04-25,658.32,667.26,642.24,643.43,45758
2021-04-26,643.43,649.38,624.36,626.15,47899
2021-04-27,625.55,656.53,625.55,656.53,32164
2021-04-28,656.53,660.11,642.24,643.43,28830
2021-04-29,611.26,661.9,611.26,660.7,43679
2021-05-02,666.07,692.28,661.3,690.49,45074
2021-05-03,694.07,714.32,679.17,683.34,51413
2021-05-04,687.51,688.11,676.19,681.56,18972
2021-05-05,677.98,691.09,677.39,681.56,18788
2021-05-06,679.17,687.51,666.66,669.64,118117
2021-05-09,663.09,669.64,660.7,663.09,28799
2021-05-10,663.09,670.24,663.09,668.45,18182
2021-05-11,667.85,685.13,667.85,679.17,25585
2021-05-12,685.13,685.13,673.22,676.79,27347
2021-05-13,676.79,682.15,675.6,677.39,35766
2021-05-16,685.13,710.75,685.13,705.98,91682
2021-05-17,705.98,716.71,698.24,703.0,85505
2021-05-18,703.0,762.58,703.0,750.66,254543
2021-05-19,774.5,785.22,751.26,762.58,351173
2021-05-20,772.71,782.84,765.56,767.94,188565
2021-05-23,767.94,779.26,745.3,771.52,288287
2021-05-24,779.26,786.41,757.81,761.39,136209
2021-05-25,762.58,795.35,756.62,770.32,214297
2021-05-27,756.62,769.13,741.73,759.6,138818
2021-05-30,722.07,784.62,722.07,769.73,167461
2021-05-31,731.6,783.43,731.6,751.26,146708
2021-06-01,788.79,788.79,733.98,744.11,88652
2021-06-02,744.11,770.32,744.71,767.94,92510
2021-06-03,776.88,780.45,753.64,757.81,127938
2021-06-06,726.83,770.32,726.83,751.86,73899
2021-06-07,751.86,768.54,748.28,750.66,82920
2021-06-08,753.64,774.5,749.47,772.71,135494
2021-06-09,773.9,801.9,762.58,765.56,160719
2021-06-10,777.47,777.47,750.66,769.73,162103
2021-06-13,774.5,780.45,756.62,758.41,96666
2021-06-14,762.58,773.3,760.2,771.52,93963
2021-06-15,798.33,798.33,763.77,764.37,93535
2021-06-16,798.33,798.33,748.28,750.66,68980
2021-06-17,759.6,768.54,751.26,755.43,75996
2021-06-20,756.62,763.77,732.79,735.77,80333
2021-06-21,736.96,742.32,711.34,713.73,70210
2021-06-22,726.83,735.17,708.96,732.79,48925
2021-06-23,738.75,738.75,700.02,707.17,61002
2021-06-24,707.17,716.71,697.05,699.43,45883
2021-06-27,688.71,710.75,688.11,697.64,27544
2021-06-28,708.96,710.15,698.83,698.83,35784
2021-06-29,700.62,701.22,685.13,686.92,25778
2021-06-30,685.13,691.09,673.22,686.92,37413
2021-07-01,674.41,701.22,674.41,691.68,14049
2021-07-04,708.96,708.96,687.51,692.28,10923
2021-07-05,691.09,691.09,683.34,685.13,20119
2021-07-06,685.13,691.09,683.34,686.92,18975
2021-07-07,698.24,698.24,682.15,683.94,13147
2021-07-08,682.15,694.07,680.36,685.13,28961
2021-07-11,719.09,719.09,691.09,699.43,22110
2021-07-12,713.13,713.13,685.73,686.92,24398
2021-07-13,720.88,720.88,685.73,689.3,17007
2021-07-14,703.0,716.71,685.13,686.32,28977
2021-07-15,693.47,696.45,685.13,685.73,18478
2021-07-18,692.28,729.81,691.09,729.81,33457
2021-07-19,737.56,750.07,728.62,730.41,46769
2021-07-20,732.79,741.13,720.28,723.86,16738
2021-07-22,738.33,752.45,732.79,735.83,54463
2021-07-25,738.75,742.92,732.79,736.96,31097
2021-07-26,736.96,748.88,735.77,735.77,45208
2021-07-27,735.77,762.58,725.05,759.6,63460
2021-07-28,770.92,773.84,759.6,766.15,73605
2021-07-29,768.54,779.26,759.6,761.39,63679
2021-08-01,770.86,770.86,750.66,754.24,40626
2021-08-02,748.28,762.58,748.28,750.07,38460
2021-08-03,750.66,761.98,746.02,753.64,42697
2021-08-04,753.64,757.81,746.49,748.28,46618
2021-08-05,744.71,756.62,744.71,746.49,33804
2021-08-08,746.49,750.66,739.4,740.54,40980
2021-08-09,754.84,754.84,735.77,746.49,34088
2021-08-10,750.66,753.05,739.4,749.47,48376
2021-08-11,756.03,757.81,747.75,747.86,43178
2021-08-12,747.86,753.64,738.75,745.9,40420
2021-08-15,731.0,745.3,726.83,735.77,39877
2021-08-16,741.13,741.13,723.91,724.57,32801
2021-08-17,726.83,729.81,705.98,708.96,64562
2021-08-18,722.07,732.79,708.96,728.62,71382
2021-08-19,742.92,764.37,735.47,748.28,110709
2021-08-24,756.62,762.58,741.55,744.11,61953
2021-08-25,733.39,738.75,716.83,720.88,50633
2021-08-26,721.47,736.37,712.54,716.11,62997
2021-08-29,717.3,717.9,700.62,703.6,32036
2021-08-31,692.4,703.0,682.21,685.13,57803
2021-09-01,694.07,704.2,677.39,677.98,22908
2021-09-02,691.09,691.09,657.13,658.92,45580
2021-09-05,658.32,660.7,610.66,637.47,48809
2021-09-06,637.47,674.41,637.47,674.41,27971
2021-09-07,679.17,679.17,643.43,651.83,34031
2021-09-08,640.45,646.41,624.78,625.49,40424
2021-09-09,634.49,647.0,625.55,629.72,48648
2021-09-12,631.51,659.51,626.15,659.51,48400
2021-09-13,666.66,668.45,649.38,652.36,35047
2021-09-14,664.87,664.87,640.45,641.64,16999
2021-09-15,638.07,639.26,630.32,633.18,18407
2021-09-16,633.18,633.18,610.72,614.83,32689
2021-09-20,616.62,624.96,591.0,595.17,48388
2021-09-21,592.79,616.02,586.83,600.53,43163
2021-09-22,608.28,630.32,607.09,625.55,28979
2021-09-23,625.55,642.83,607.68,613.64,27452
2021-09-26,617.81,617.81,595.77,597.55,23646
2021-09-27,588.62,595.17,567.17,571.94,50376
2021-09-28,566.57,589.21,558.23,561.21,38917
2021-09-29,571.94,582.6,551.14,580.28,28229
2021-09-30,583.85,583.85,568.12,568.12,10901
2021-10-03,577.3,577.3,558.23,560.02,18401
2021-10-04,565.98,565.98,552.27,556.5,16165
2021-10-05,560.02,569.55,554.66,568.9,13474
2021-10-06,577.89,586.23,571.94,582.66,21621
2021-10-10,593.98,594.28,572.77,577.48,16495
2021-10-11,580.28,580.28,554.06,566.57,29938
2021-10-17,566.57,578.49,569.02,573.19,7569
2021-10-18,566.57,572.53,554.06,555.25,12835
2021-10-19,552.87,552.87,527.91,535.0,25005
2021-10-20,545.13,560.02,545.13,552.87,9551
2021-10-21,554.06,565.14,542.15,546.32,9326
2021-10-24,545.13,554.06,541.55,549.95,7381
2021-10-25,560.62,574.79,554.06,571.94,15801
2021-10-26,577.89,600.95,574.91,590.52,24320
2021-10-27,590.52,617.81,579.08,610.66,29546
2021-10-28,615.13,616.02,593.38,604.7,15825
2021-10-31,604.7,623.77,596.96,618.4,18883
2021-11-01,619.6,620.19,599.94,609.47,18296
2021-11-02,597.55,635.32,596.36,622.58,26325
2021-11-03,630.92,637.47,622.58,627.94,20418
2021-11-08,633.3,635.09,619.6,623.77,14735
2021-11-09,613.64,616.02,589.81,595.77,25710
2021-11-11,589.81,598.15,574.91,579.08,11240
2021-11-14,583.85,588.62,574.91,576.88,7950
2021-11-15,588.02,599.76,580.87,598.63,27788
2021-11-16,604.7,624.36,595.77,619.6,31269
2021-11-17,628.53,634.49,605.3,605.3,24255
2021-11-18,617.39,617.39,595.71,595.77,22377
2021-11-21,598.74,606.49,588.02,595.47,10198
2021-11-22,595.77,601.13,592.85,592.85,10819
2021-11-23,582.12,595.77,582.06,588.62,13071
2021-11-24,576.94,592.79,565.98,588.02,12870
2021-11-25,592.79,592.79,555.55,575.51,24823
2021-11-28,569.02,573.19,542.15,549.89,64801
2021-11-29,560.02,564.79,537.38,539.17,34701
2021-11-30,549.95,560.02,532.08,539.17,28395
2021-12-01,549.89,549.89,539.17,539.17,9115
2021-12-02,549.24,549.24,528.44,530.23,23413
2021-12-05,525.47,536.19,520.88,522.55,16815
2021-12-06,532.61,541.55,515.34,530.23,20439
2021-12-07,536.19,546.91,517.72,518.32,12322
2021-12-08,523.08,524.27,505.21,506.4,14362
2021-12-09,498.66,505.81,497.46,501.63,12513
2021-12-12,502.89,502.89,476.61,476.61,24467
2021-12-13,467.68,479.0,464.7,472.38,17302
2021-12-14,476.55,502.23,469.46,494.6,11210
2021-12-15,504.02,513.55,484.66,488.53,16374
2021-12-16,478.76,485.55,470.06,477.8,19473
2021-12-20,476.61,481.97,468.27,473.04,8939
2021-12-21,481.97,491.51,473.04,484.36,5019
2021-12-22,488.53,511.7,485.55,505.81,22827
2021-12-23,505.81,521.29,500.44,515.34,29155
2021-12-26,525.47,566.87,525.47,566.87,59640
2021-12-27,578.19,595.77,554.66,554.66,97317
2021-12-28,543.58,558.23,543.58,552.87,18509
2021-12-29,560.02,564.19,543.34,562.7,16136
2022-01-02,554.12,582.06,553.47,580.87,37160
2022-01-03,589.81,598.74,579.08,586.83,55842
2022-01-04,587.42,595.77,582.06,592.79,53778
2022-01-05,593.98,601.13,579.08,582.06,34101
2022-01-06,582.06,586.83,573.72,583.85,15442
2022-01-09,595.53,602.91,585.04,602.91,53220
2022-01-10,613.64,647.6,594.57,643.43,155500
2022-01-11,637.47,675.0,635.09,669.64,99844
2022-01-12,681.56,681.56,643.43,646.41,73818
2022-01-13,638.07,668.45,637.47,659.51,82225
2022-01-16,659.51,683.34,664.28,671.37,91143
2022-01-17,679.17,691.68,667.26,677.39,98271
2022-01-18,688.11,694.07,675.0,678.04,61478
2022-01-19,679.17,685.13,667.85,671.43,46007
2022-01-20,663.74,694.07,663.68,692.28,84489
2022-01-23,694.07,702.41,682.75,694.01,75341
2022-01-24,683.76,685.13,660.11,667.26,94027
2022-01-25,676.19,676.79,655.34,667.26,80825
2022-01-26,680.6,680.6,647.0,667.26,72278
2022-01-27,680.6,694.07,672.92,673.81,175444
2022-01-30,687.28,699.43,679.23,687.51,101886
2022-01-31,688.11,688.11,673.22,673.27,42392
2022-02-01,672.62,676.19,669.7,673.22,52412
2022-02-03,683.94,683.94,664.28,664.28,42862
2022-02-06,664.28,675.6,662.49,663.68,38584
2022-02-07,672.62,672.62,663.09,672.62,26730
2022-02-08,685.13,686.02,660.7,666.07,39331
2022-02-09,656.0,668.45,655.4,660.17,18120
2022-02-10,656.71,670.24,655.34,662.49,31282
2022-02-13,649.27,649.27,623.77,636.28,45828
2022-02-14,647.6,648.61,634.49,636.87,28323
2022-02-15,644.02,649.38,634.49,648.19,23050
2022-02-16,648.19,658.32,640.45,645.81,16529
2022-02-17,651.71,651.71,635.21,639.85,24036
2022-02-20,628.53,648.19,627.34,633.42,26650
2022-02-21,640.45,644.02,631.51,640.45,20706
2022-02-22,640.45,651.17,639.26,643.43,14327
2022-02-23,646.41,646.41,637.47,637.47,10121
2022-02-24,628.53,636.28,616.62,619.6,39162
2022-02-27,625.55,636.22,616.62,628.53,14137
2022-02-28,639.85,639.85,615.43,620.79,19022
2022-03-02,620.79,623.17,601.9,607.68,45727
2022-03-06,607.68,609.71,585.96,590.56,20128
2022-03-07,591.98,592.69,574.97,580.64,10252
2022-03-09,592.2,592.2,553.06,556.46,22410
2022-03-10,552.99,562.21,545.97,560.86,15574
2022-03-13,572.06,592.69,566.25,591.98,44723
2022-03-14,603.82,603.82,574.97,597.02,19401
2022-03-15,597.65,616.09,587.37,613.32,41757
2022-03-16,608.29,621.76,608.29,615.38,36952
2022-03-20,620.13,620.13,607.58,608.29,22704
2022-03-21,604.03,615.38,603.33,611.98,9703
2022-03-22,620.34,628.14,613.25,624.74,33767
2022-03-23,624.74,624.74,612.26,616.8,16870
2022-03-24,616.8,650.12,616.8,638.14,54590
2022-03-27,650.9,666.42,610.42,611.2,81475
2022-03-28,608.29,611.48,594.11,599.07,18187
2022-03-29,607.58,607.58,584.89,594.82,11472
2022-03-30,585.81,602.62,585.6,599.78,11132
2022-03-31,609.07,609.07,587.73,588.44,5718
2022-04-03,582.77,595.53,581.35,582.77,12056
2022-04-04,574.26,587.02,573.62,577.8,14524
2022-04-05,572.2,572.2,555.83,561.57,32762
2022-04-06,553.98,565.04,550.86,561.43,12992
2022-04-07,560.08,577.8,560.08,563.62,20749
2022-04-11,574.26,574.97,545.9,551.57,16507
2022-04-12,562.21,562.21,538.81,538.81,9554
2022-04-13,529.66,550.15,529.66,545.19,6367
2022-04-17,555.83,555.83,533.35,535.27,9943
2022-04-18,528.18,537.82,526.05,526.05,5285
2022-04-19,526.76,537.96,518.25,531.72,9650
2022-04-20,540.87,540.94,521.23,521.23,6071
2022-04-21,521.44,524.63,513.29,521.8,11981
2022-04-24,525.34,549.44,525.34,549.37,12565
2022-04-25,549.44,557.95,529.59,542.36,10937
2022-04-26,533.14,544.48,528.18,538.1,5395
2022-04-27,529.59,535.27,524.63,533.14,5347
2022-04-28,543.77,543.77,524.63,524.63,4580
2022-05-02,518.96,518.96,509.03,514.0,9821
2022-05-04,506.91,523.92,506.91,509.03,8282
2022-05-05,501.24,507.55,499.82,506.62,8824
2022-05-08,501.94,517.83,496.56,517.83,6024
2022-05-09,510.45,527.11,509.03,517.54,4871
2022-05-10,527.47,527.47,510.45,519.67,5572
2022-05-11,521.09,527.82,509.03,519.6,13982
2022-05-12,529.59,531.51,513.29,514.0,12953
2022-05-17,504.92,504.92,492.73,496.2,13749
2022-05-18,487.06,489.18,475.0,484.93,26160
2022-05-19,484.93,490.6,475.0,475.07,6429
2022-05-20,475.0,481.38,468.34,474.29,7186
2022-05-23,467.84,482.09,455.15,458.7,18012
2022-05-24,451.68,466.43,450.9,457.99,6666
2022-05-25,466.5,475.0,457.99,459.41,13667
2022-05-26,460.82,470.04,460.82,467.91,5921
2022-05-27,471.46,475.0,457.28,467.84,21729
2022-05-30,475.0,475.0,445.94,445.94,25796
2022-05-31,440.97,448.7,436.01,442.32,9830
2022-06-01,442.32,448.77,437.43,443.1,6763
2022-06-02,443.1,445.87,434.59,434.59,5233
2022-06-03,435.3,435.3,418.29,423.25,11198
2022-06-06,418.29,431.05,411.91,416.87,10436
2022-06-07,423.25,425.16,407.01,407.58,8265
2022-06-08,415.45,428.21,408.36,425.38,9701
2022-06-09,425.38,433.88,418.57,419.0,11642
2022-06-10,411.2,418.29,407.79,416.16,4922
2022-06-13,418.29,418.29,402.69,404.11,19649
2022-06-14,397.73,401.27,389.93,397.73,21028
2022-06-15,405.53,405.53,380.71,390.64,33020
2022-06-16,397.02,399.85,391.91,393.47,11614
2022-06-17,399.15,399.15,391.35,396.31,6318
2022-06-19,395.6,396.95,385.67,385.67,4728
2022-06-20,378.59,379.29,370.93,370.93,19909
2022-06-21,375.75,389.93,368.66,382.13,28914
2022-06-22,374.54,377.17,368.66,377.1,17242
2022-06-23,369.65,369.65,360.15,363.77,30499
2022-06-24,362.28,375.75,353.84,361.57,19556
2022-06-26,362.28,386.38,362.28,383.55,17888
2022-06-27,380.71,397.02,375.75,380.71,27040
2022-06-28,382.84,404.04,368.66,387.16,44365
2022-06-29,386.38,414.74,386.38,414.74,33745
2022-06-30,407.65,436.01,407.65,434.59,37882
2022-07-01,434.59,434.59,416.87,424.67,25810
2022-07-03,424.67,431.76,416.87,425.38,17775
2022-07-04,433.88,453.66,416.94,425.38,49687
2022-07-05,433.88,433.88,413.32,416.87,27120
2022-07-06,425.16,433.6,406.94,432.47,27145
2022-07-07,441.12,444.52,419.7,419.7,24778
2022-07-08,428.07,428.07,403.68,408.57,13125
2022-07-11,401.27,401.27,379.29,388.51,28259
2022-07-12,384.97,397.73,382.13,388.51,23223
2022-07-13,394.89,400.56,387.8,397.02,47346
2022-07-14,399.85,405.53,391.35,404.11,20826
2022-07-15,410.49,410.49,397.02,409.07,16544
2022-07-17,400.92,410.49,393.62,405.03,13762
2022-07-18,404.11,413.32,399.15,413.32,8868
2022-07-19,420.34,423.25,412.62,418.29,19044
2022-07-20,415.45,420.63,411.2,418.29,9888
2022-07-21,411.34,421.12,407.79,407.79,11479
2022-07-22,407.79,410.49,397.02,404.11,20108
2022-07-24,403.4,422.54,402.34,422.54,17526
2022-07-25,428.85,436.72,421.83,435.87,24662
2022-07-26,428.28,437.43,419.92,419.92,27986
2022-07-27,425.31,428.92,412.12,421.83,17582
2022-07-28,430.2,438.85,417.58,425.38,21330
2022-07-29,425.38,428.71,418.29,425.38,10940
2022-07-31,427.5,467.91,422.54,467.06,102445
2022-08-01,476.28,478.48,454.44,460.68,60460
2022-08-02,457.28,464.37,450.19,461.53,21893
2022-08-03,454.44,463.66,453.74,453.74,38725
2022-08-04,445.37,454.59,439.56,439.56,27872
2022-08-05,439.56,448.35,431.76,433.88,17635
2022-08-07,441.75,441.75,431.05,435.3,21886
2022-08-08,442.39,443.81,427.57,435.23,17184
2022-08-09,427.5,439.56,416.94,416.94,28145
2022-08-10,410.91,423.96,410.91,418.29,11574
2022-08-11,421.76,424.67,409.99,411.2,10620
2022-08-14,404.82,418.22,399.85,400.56,15788
2022-08-15,397.02,421.83,397.02,421.12,23762
2022-08-16,421.12,428.21,402.97,409.71,20427
2022-08-17,410.49,413.25,404.11,405.53,8461
2022-08-18,405.53,418.29,404.11,414.03,6871
2022-08-21,421.76,421.83,411.2,414.74,20938
2022-08-22,419.7,420.41,412.62,414.39,10400
2022-08-23,416.16,418.29,409.07,409.78,8010
2022-08-24,417.93,417.93,409.07,412.62,10129
2022-08-25,417.51,417.51,401.98,404.82,12524
2022-08-26,401.34,407.65,399.5,399.5,4694
2022-08-28,397.02,406.87,389.08,390.64,25298
2022-08-29,385.75,402.69,385.75,394.11,9420
2022-08-30,397.16,405.03,392.76,393.47,6076
2022-08-31,393.47,398.44,386.53,386.53,10782
2022-09-01,386.53,400.49,380.71,389.93,19858
2022-09-02,397.02,397.02,385.75,386.38,6504
2022-09-04,393.47,397.73,388.51,395.6,5469
2022-09-05,396.31,398.44,390.64,395.6,9251
2022-09-06,401.98,401.98,386.74,387.09,4753
2022-09-07,389.93,393.47,384.33,386.38,5703
2022-09-08,392.06,393.47,384.26,386.38,3786
2022-09-11,387.09,393.76,385.6,389.22,5425
2022-09-12,394.18,394.18,376.6,382.84,13394
2022-09-13,390.5,398.44,387.09,395.6,30314
2022-09-14,398.44,410.49,397.73,410.49,17347
2022-09-15,410.49,410.49,389.93,393.47,30513
2022-09-16,389.93,394.89,382.91,387.8,13096
2022-09-18,395.39,395.39,378.59,380.0,13209
2022-09-20,380.0,380.0,372.2,375.75,23449
2022-09-21,382.84,386.81,375.75,382.13,7961
2022-09-22,384.26,386.31,378.59,380.71,8017
2022-09-25,382.84,382.84,375.75,379.29,3862
2022-09-27,380.07,386.38,379.29,382.84,9490
2022-09-28,387.8,387.8,382.84,386.38,8096
2022-09-29,389.93,390.64,382.84,387.8,10148
2022-10-09,395.53,397.02,387.8,394.89,8012
2022-10-10,393.47,395.6,382.84,386.38,10067
2022-10-11,381.56,381.56,378.59,380.71,17050
2022-10-12,387.8,393.4,383.55,384.97,6341
2022-10-13,391.98,391.98,382.84,388.44,13256
2022-10-16,383.55,386.38,382.13,382.84,6850
2022-10-17,382.84,389.79,379.29,384.26,6719
2022-10-19,386.38,386.38,378.66,380.0,5465
2022-10-20,384.89,384.89,377.88,380.5,7955
2022-10-23,382.84,385.67,380.71,381.49,3102
2022-10-31,388.51,388.51,382.84,385.04,3226
2022-11-01,391.35,400.56,387.09,400.56,10683
2022-11-02,401.98,408.29,393.69,402.69,15077
2022-11-03,407.65,413.32,401.98,411.91,21511
2022-11-06,412.62,425.38,405.6,424.67,16914
2022-11-07,419.0,428.92,416.87,423.96,19761
2022-11-08,418.29,431.05,415.66,425.31,12912
2022-11-09,425.31,425.31,407.72,407.72,23457
2022-11-10,414.74,415.45,397.87,403.4,19165
2022-11-13,396.66,411.2,396.66,406.16,8082
2022-11-14,398.58,414.03,398.58,410.49,20561
2022-11-15,418.22,418.22,407.65,411.2,10168
2022-11-16,418.29,418.29,411.27,417.58,11375
2022-11-17,423.96,430.34,418.29,424.67,37640
2022-11-22,431.76,434.24,425.38,425.38,17836
2022-11-23,433.1,433.1,423.96,425.23,57280
2022-11-24,426.4,431.3,416.62,419.07,11740
2022-11-27,427.14,427.22,414.18,427.14,20886
2022-11-28,433.66,433.66,419.07,422.25,9718
2022-11-29,416.62,426.89,407.65,420.7,29141
2022-11-30,419.88,420.7,412.3,415.81,14093
2022-12-01,412.54,427.3,409.94,418.99,31025
2022-12-04,422.33,428.04,419.88,423.96,26308
2022-12-05,419.88,421.51,414.58,417.03,9860
2022-12-06,411.73,417.44,409.28,416.62,5519
2022-12-07,420.7,420.7,410.91,411.73,5883
2022-12-11,414.91,414.91,407.65,407.65,11653
2022-12-12,406.84,414.99,404.15,411.73,13887
2022-12-13,411.73,411.73,404.64,407.65,7551
2022-12-14,408.47,411.73,407.65,409.28,16341
2022-12-15,403.66,409.85,403.58,404.64,10536
2022-12-18,405.21,407.65,401.13,404.07,6394
2022-12-19,404.07,406.84,403.58,405.94,3098
2022-12-20,407.65,410.1,406.84,410.02,14867
2022-12-21,402.03,409.28,402.03,409.28,7250
2022-12-22,408.47,409.28,403.66,405.21,3099
2022-12-26,407.65,421.51,407.65,420.7,13826
2022-12-27,428.04,448.42,421.59,440.26,55570
2022-12-28,440.35,443.53,432.11,440.18,13704
2022-12-29,436.19,464.72,432.27,464.64,35162
2023-01-01,464.72,487.55,464.72,476.95,77276
2023-01-02,467.5,485.11,461.46,481.03,24794
2023-01-03,476.95,488.2,468.8,469.7,26163
2023-01-04,466.44,493.26,466.44,492.44,28929
2023-01-05,493.26,509.57,488.37,506.3,66549
2023-01-08,515.93,550.33,501.49,538.1,91568
2023-01-09,538.18,562.56,538.1,556.04,69705
2023-01-10,565.82,574.79,531.58,547.89,81374
2023-01-12,558.48,569.65,525.87,526.69,68676
2023-01-17,535.66,539.73,517.72,539.73,49385
2023-01-18,538.1,548.7,525.06,529.95,17045
2023-01-19,534.02,538.92,519.35,524.24,17760
2023-01-23,534.02,534.02,512.83,512.83,13983
2023-01-24,513.64,513.64,499.21,507.12,20632
2023-01-25,516.33,533.13,497.34,521.06,36912
2023-01-26,530.76,539.65,522.61,532.39,41354
2023-01-29,523.51,537.2,521.8,525.06,29381
2023-01-30,518.53,521.8,503.04,503.86,28290
2023-01-31,505.49,515.27,498.97,501.41,28364
2023-02-01,499.13,512.01,498.97,506.3,18562
2023-02-02,512.01,516.09,493.26,497.34,16282
2023-02-05,488.37,507.12,488.37,495.71,11448
2023-02-06,504.67,504.67,490.81,499.78,4633
2023-02-07,497.34,522.61,493.26,522.61,44176
2023-02-08,517.72,533.21,516.09,516.9,34629
2023-02-09,521.8,527.5,512.83,521.8,15018
2023-02-12,511.6,517.72,502.31,509.57,22901
2023-02-14,509.57,509.57,500.92,504.59,21449
2023-02-15,502.23,507.94,494.56,495.71,31447
2023-02-16,495.71,495.71,482.74,482.74,24351
2023-02-20,476.95,481.03,472.06,475.32,25451
2023-02-22,469.62,489.18,469.62,482.5,18733
2023-02-23,476.95,477.77,468.8,474.51,20220
2023-02-26,465.13,474.83,456.57,472.55,31931
2023-02-27,474.51,476.14,460.65,467.99,27338
2023-02-28,463.09,477.77,463.09,476.95,23829
2023-03-01,472.88,475.32,468.8,469.62,12705
2023-03-02,469.62,469.62,460.73,464.72,10499
2023-03-05,473.69,473.69,450.05,461.46,23396
2023-03-07,461.38,467.17,456.57,458.2,12471
2023-03-09,467.33,472.88,462.28,472.06,15536
2023-03-12,481.03,481.03,464.72,464.81,14549
2023-03-13,463.91,464.72,457.39,459.75,10744
2023-03-14,456.57,461.46,452.58,458.2,28173
2023-03-15,456.57,460.65,447.6,450.05,23268
2023-03-16,448.42,456.57,448.42,453.39,15287
2023-03-19,462.28,462.28,452.49,454.86,18835
2023-03-20,460.65,460.65,454.13,460.65,16599
2023-03-22,469.62,469.62,456.98,456.98,11126
2023-03-23,456.82,456.82,448.42,449.48,5659
2023-03-26,458.2,458.2,444.34,447.6,6591
2023-03-27,448.42,459.02,444.34,458.12,21136
2023-03-28,459.02,463.09,456.57,459.83,12465
2023-03-29,453.31,462.28,453.31,460.65,10905
2023-03-30,468.72,468.8,458.28,458.28,6865
2023-04-02,458.28,463.91,450.95,455.67,12386
2023-04-03,456.57,456.9,446.95,448.42,11985
2023-04-04,444.34,451.68,441.08,446.79,9387
2023-04-05,446.79,455.67,442.47,454.13,6278
2023-04-06,459.83,463.09,449.31,456.49,10308
2023-04-09,449.23,456.57,442.79,447.19,15173
2023-04-10,446.79,455.67,446.79,452.41,4076
2023-04-11,445.97,460.65,445.97,459.02,4739
2023-04-12,467.99,481.03,467.17,481.03,15718
2023-04-13,484.29,487.55,472.88,476.14,22954
2023-04-16,485.11,494.48,472.88,482.66,36983
2023-04-17,485.11,490.0,473.37,473.37,14807
2023-04-18,481.85,481.85,468.8,475.65,6315
2023-04-19,468.8,482.66,468.8,477.36,4592
2023-04-20,483.48,486.49,474.51,474.51,8563
2023-04-23,465.54,467.99,461.46,463.09,11856
2023-04-24,459.83,476.95,459.83,472.88,8112
2023-04-25,466.44,480.21,466.44,476.95,6392
2023-04-26,483.48,484.21,472.88,473.69,4308
2023-04-27,466.35,477.77,466.35,473.04,12582
2023-04-30,472.88,476.95,468.47,470.27,7717
2023-05-02,464.72,472.88,464.72,468.8,6673
2023-05-03,468.8,470.35,464.64,466.35,7265
2023-05-04,474.51,475.65,460.65,468.96,7941
2023-05-07,464.72,469.62,463.83,466.76,10034
2023-05-08,467.17,467.17,461.22,461.46,13443
2023-05-09,461.46,468.56,461.46,466.35,8743
2023-05-10,462.28,468.8,462.28,466.35,6755
2023-05-11,460.65,469.62,460.65,466.35,4334
2023-05-14,466.35,467.17,462.52,463.09,5147
2023-05-15,463.09,465.46,459.83,463.17,6016
2023-05-16,464.72,469.62,461.06,466.35,5173
2023-05-17,467.25,474.51,467.25,470.68,5220
2023-05-18,471.33,486.74,470.43,485.11,20875
2023-05-21,494.08,496.52,483.48,485.92,31381
2023-05-22,481.85,493.18,481.03,488.37,41915
2023-05-23,493.26,513.48,491.63,511.2,43563
2023-05-24,521.39,529.95,509.57,529.79,121195
2023-05-28,528.32,540.38,523.92,528.32,58637
2023-05-30,528.32,528.32,506.48,507.19,30647
2023-05-31,497.15,506.3,488.69,488.69,39640
2023-06-01,489.13,496.88,484.29,493.1,19480
2023-06-04,502.78,516.87,493.1,513.88,16851
2023-06-05,519.51,523.92,501.9,508.95,33315
2023-06-06,515.11,519.42,500.14,519.42,49658
2023-06-07,519.51,532.54,515.11,516.17,63181
2023-06-08,510.71,530.08,510.71,524.8,23087
2023-06-11,532.72,537.12,528.32,529.2,34545
2023-06-12,539.76,545.93,525.68,528.32,55210
2023-06-13,538.8,544.17,528.05,535.54,69869
2023-06-14,539.76,553.85,534.48,540.65,107034
2023-06-15,551.21,551.21,534.48,549.45,60012
2023-06-18,560.28,587.31,548.57,585.55,94764
2023-06-19,597.0,597.0,563.54,574.11,81026
2023-06-20,580.27,581.15,548.66,553.85,46838
2023-06-21,562.66,563.54,543.29,543.37,52551
2023-06-22,554.21,567.06,548.57,558.26,49855
2023-06-25,560.9,598.67,560.9,597.0,121192
2023-06-26,607.48,609.77,581.15,584.58,61295
2023-06-27,596.12,600.52,577.63,580.71,51769
2023-06-28,578.51,607.57,574.11,591.72,86317
2023-07-02,595.24,607.48,581.24,583.17,90348
2023-07-03,583.17,588.99,571.46,572.34,53076
2023-07-04,583.79,583.79,568.91,570.58,25483
2023-07-05,572.34,576.75,553.41,553.85,32359
2023-07-06,546.81,563.54,544.34,561.78,32624
2023-07-09,563.8,574.11,561.78,567.94,67859
2023-07-10,578.51,589.95,574.99,577.63,46040
2023-07-11,573.22,580.27,570.58,573.22,22927
2023-07-12,576.75,585.46,574.99,580.27,51117
2023-07-13,582.03,588.99,568.82,569.7,23994
2023-07-16,563.54,586.26,563.54,567.94,25744
2023-07-17,568.82,585.55,567.94,584.67,20507
2023-07-18,592.6,595.24,581.15,582.82,42496
2023-07-19,576.04,589.95,574.99,576.75,15259
2023-07-20,576.84,584.5,568.82,575.07,16874
2023-07-23,575.43,589.95,573.31,584.67,21042
2023-07-24,573.22,583.79,573.22,578.24,27342
2023-07-25,572.26,574.72,560.9,566.09,33196
2023-07-26,558.26,569.35,558.26,559.58,16888
2023-07-27,559.14,560.9,548.39,549.01,29451
2023-07-30,546.81,548.83,538.09,539.76,21734
2023-07-31,550.33,550.33,538.88,540.65,13660
2023-08-01,541.53,545.93,531.93,531.93,9905
2023-08-02,528.41,536.24,523.47,536.24,13491
2023-08-03,536.24,545.93,536.24,538.0,12499
2023-08-06,541.53,544.17,523.92,527.0,18741
2023-08-07,517.93,537.12,517.93,527.44,12685
2023-08-08,528.32,528.32,513.79,519.51,12359
2023-08-09,511.68,534.31,507.19,532.72,33076
2023-08-10,532.72,538.88,526.56,528.41,18079
2023-08-13,529.2,538.88,528.32,538.88,14618
2023-08-14,538.88,546.81,537.12,540.56,16183
2023-08-15,541.53,541.53,530.17,530.26,10827
2023-08-16,530.08,531.75,520.39,525.5,16609
2023-08-17,528.41,534.48,526.56,528.14,15742
2023-08-20,526.56,532.72,515.2,517.75,40457
2023-08-21,513.35,527.88,509.91,514.23,18396
2023-08-22,512.64,526.29,512.47,517.75,11714
2023-08-23,526.56,535.36,524.8,534.39,9340
2023-08-24,532.72,537.56,522.15,523.03,20767
2023-08-27,525.68,525.68,516.87,519.51,5397
2023-08-28,517.75,522.15,513.44,519.51,8569
2023-08-29,525.68,525.68,515.2,516.69,10588
2023-08-30,516.87,523.03,515.11,519.51,7588
2023-09-03,528.32,528.32,501.9,505.42,13024
2023-09-04,508.15,515.99,504.54,506.83,14427
2023-09-05,508.07,510.53,503.66,506.3,3683
2023-09-07,513.35,513.35,497.5,497.5,9845
2023-09-10,498.38,508.33,498.38,502.08,3966
2023-09-11,494.07,518.37,494.07,518.37,7694
2023-09-12,518.46,523.92,510.71,515.99,38354
2023-09-13,510.8,533.25,510.71,533.25,13538
2023-09-17,532.72,538.88,510.8,513.35,12837
2023-09-18,504.54,518.63,503.84,515.99,2273
2023-09-19,515.11,521.27,513.35,519.51,3964
2023-09-21,520.39,530.78,520.39,524.71,14220
2023-09-24,528.32,528.32,516.87,520.39,3277
2023-09-25,519.51,529.2,513.35,516.87,9855
2023-09-26,517.75,521.27,515.11,516.87,7354
2023-09-27,516.43,516.43,506.57,508.07,7903
2023-10-01,501.9,510.62,498.38,499.26,12168
2023-10-02,492.22,506.3,491.34,500.41,15844
2023-10-03,499.26,502.69,499.26,499.35,7574
2023-10-04,505.42,506.22,499.52,500.23,7055
2023-10-05,501.9,501.9,493.1,493.1,9755
2023-10-08,493.1,493.1,479.89,480.86,18708
2023-10-09,480.77,480.77,471.26,473.72,13104
2023-10-10,483.15,483.15,462.54,470.2,13322
2023-10-11,479.54,479.54,462.37,471.08,14759
2023-10-12,471.08,478.13,466.42,469.23,16088
2023-10-16,475.49,475.49,464.04,464.13,7072
2023-10-17,466.68,475.49,466.68,467.56,7368
2023-10-18,475.49,485.0,471.08,483.41,10650
2023-10-19,479.89,489.57,479.89,480.15,3671
2023-10-29,482.53,482.53,471.96,472.84,2821
2023-10-30,468.44,475.49,466.68,475.49,9459
2023-10-31,471.26,474.25,469.32,470.2,2179
2023-11-01,466.77,478.13,465.18,469.32,10779
2023-11-02,471.52,477.25,471.08,476.81,6442
2023-11-05,468.0,477.34,468.0,477.34,5648
2023-11-06,477.25,482.53,477.25,478.13,4393
2023-11-07,481.65,481.65,475.49,476.37,2793
2023-11-08,479.89,482.53,475.49,476.37,2015
2023-11-09,477.25,486.76,473.9,475.49,1919
2023-11-20,477.25,488.69,477.25,484.29,5071
2023-11-21,482.53,482.53,471.96,478.13,4693
2023-11-22,469.76,479.89,469.5,479.01,18945
2023-11-23,472.84,496.62,472.05,489.22,12099
2023-11-26,484.29,515.11,484.29,513.35,18047
2023-11-27,523.56,523.56,504.81,504.81,16513
2023-11-28,505.42,508.07,501.11,504.54,6231
2023-11-29,507.1,507.1,494.59,494.59,4790
2023-11-30,493.1,496.62,484.38,484.38,7037
2023-12-03,493.1,493.1,476.37,483.41,5488
2023-12-04,486.05,500.14,486.05,493.1,6640
2023-12-05,493.1,498.38,488.69,494.86,4837
2023-12-06,486.93,495.74,485.17,493.1,5821
2023-12-07,493.01,510.71,486.05,501.81,12823
2023-12-10,511.76,538.88,511.76,528.41,2685
2023-12-11,538.97,549.45,521.27,523.03,37709
2023-12-12,532.72,552.09,530.96,546.81,37944
2023-12-13,549.54,552.36,537.12,545.05,32525
2023-12-14,545.05,545.84,538.0,541.53,9619
2023-12-17,534.22,545.05,530.08,540.56,21162
2023-12-18,534.48,554.82,534.48,548.92,46122
2023-12-19,550.33,572.34,539.85,567.94,41989
2023-12-20,559.14,585.55,559.14,572.34,43996
2023-12-21,564.42,572.34,550.33,553.85,43354
2023-12-24,544.17,554.73,542.41,547.69,26177
2023-12-27,558.26,558.26,539.76,543.29,15128
2023-12-28,533.6,546.81,533.6,538.88,28770
2024-01-01,539.76,545.05,532.72,535.36,17635
2024-01-02,532.72,532.72,520.39,523.03,29271
2024-01-03,520.48,530.08,520.39,523.92,12292
2024-01-04,528.32,529.2,517.75,522.51,62958
2024-01-07,522.51,523.03,510.71,512.03,16720
2024-01-08,501.81,537.12,501.81,532.63,56209
2024-01-09,541.53,548.57,525.68,530.96,26037
2024-01-10,541.53,544.17,531.84,531.84,14166
2024-01-11,529.64,530.96,522.15,528.32,15624
2024-01-14,535.36,535.36,524.8,530.87,15098
2024-01-16,537.12,541.53,530.08,540.47,33620
2024-01-17,551.21,556.49,534.48,536.24,46425
2024-01-18,533.6,542.23,530.17,534.48,18852
2024-01-21,531.84,537.12,528.32,535.36,14392
2024-01-22,545.05,545.84,523.03,527.44,10401
2024-01-23,519.6,527.44,515.11,515.99,13150
2024-01-24,526.29,547.43,510.71,510.71,18893
2024-01-25,507.71,519.51,504.9,512.12,20170
2024-01-28,511.59,522.68,511.59,514.23,6111
2024-01-29,524.27,524.27,515.11,515.99,11852
2024-01-30,518.02,523.92,517.93,520.39,14333
2024-01-31,523.21,528.32,513.35,515.11,10895
2024-02-01,510.8,515.99,508.95,508.95,7284
2024-02-04,499.44,511.59,499.44,507.19,24804
2024-02-05,501.99,509.83,501.99,503.05,5018
2024-02-06,513.08,515.11,507.71,515.11,6994
2024-02-07,523.92,523.92,515.29,517.93,11231
2024-02-08,519.51,521.71,515.99,516.87,2486
2024-02-11,515.11,522.95,507.19,515.11,15608
2024-02-12,515.11,519.51,510.71,519.51,8154
2024-02-13,524.8,524.8,506.3,508.95,11155
2024-02-14,513.35,513.35,508.51,509.3,3695
2024-02-15,506.92,514.23,506.92,508.95,7484
2024-02-18,508.95,508.95,500.14,500.93,7544
2024-02-20,493.1,519.51,493.1,497.41,11620
2024-02-21,505.42,505.42,495.74,499.96,6039
2024-02-22,506.3,506.3,484.56,488.69,14146
2024-02-25,488.87,498.64,479.18,486.76,25298
2024-02-26,493.1,493.54,488.69,493.1,4192
2024-02-27,501.81,501.9,492.22,497.5,12564
2024-02-28,493.18,498.38,488.69,497.5,7321
2024-02-29,489.66,493.1,483.41,485.17,7415
2024-03-03,483.59,491.25,471.08,485.08,21535
2024-03-04,494.77,513.0,493.1,513.0,1280
2024-03-05,502.78,508.07,481.65,493.18,21973
2024-03-06,497.5,497.5,466.86,491.34,27576
2024-03-07,500.14,500.14,487.02,491.34,4901
2024-03-10,495.74,506.3,494.86,497.5,12890
2024-03-12,507.45,526.29,501.9,515.99,37442
2024-03-13,515.11,532.72,512.47,514.23,16950
2024-03-14,511.59,516.87,501.9,502.52,14774
2024-03-17,512.47,512.47,499.52,501.9,8421
2024-03-18,501.9,506.3,496.62,501.02,4436
2024-03-19,496.62,506.74,496.62,501.02,4522
2024-03-20,500.23,501.9,493.1,497.41,9010
2024-03-21,501.9,505.42,493.1,496.18,7207
2024-03-25,496.62,499.26,488.87,493.36,10351
2024-03-26,490.1,503.22,490.1,496.44,18721
2024-03-27,504.46,504.46,488.69,490.01,6221
2024-03-28,488.78,494.86,488.69,490.46,9017
2024-03-31,493.1,493.1,484.29,484.64,9733
2024-04-01,482.53,493.1,475.49,486.93,9392
2024-04-02,484.29,493.1,482.62,492.22,10987
2024-04-03,490.46,495.74,484.29,490.37,11500
2024-04-04,484.29,491.34,484.29,486.58,7593
2024-04-07,486.05,496.62,486.05,493.98,10072
2024-04-09,501.9,506.3,493.27,506.04,11806
2024-04-10,503.66,506.22,498.38,499.26,10180
2024-04-14,493.1,502.78,487.02,488.69,7613
2024-04-15,494.86,494.86,483.41,483.41,5185
2024-04-16,483.85,486.05,483.41,484.29,4331
2024-04-18,476.45,482.53,476.45,478.48,8357
2024-04-21,479.89,486.05,475.57,485.17,14118
2024-04-22,485.17,488.69,477.25,482.09,6374
2024-04-24,475.49,483.41,475.49,479.89,1269
2024-04-25,479.89,484.29,475.75,480.77,5035
2024-04-28,479.89,484.03,472.14,484.03,7010
2024-04-29,483.41,483.41,475.49,480.77,6757
2024-04-30,481.65,488.69,474.61,477.25,15268
2024-05-02,477.25,493.1,475.49,476.37,27391
2024-05-05,478.22,479.89,462.28,465.01,29168
2024-05-06,474.25,474.25,462.28,464.04,15942
2024-05-07,471.0,471.0,463.16,464.3,4491
2024-05-08,462.28,471.96,459.02,467.56,5859
2024-05-09,469.41,475.49,468.44,470.03,19757
2024-05-12,479.36,479.89,469.5,474.69,8510
2024-05-13,484.12,484.12,473.72,479.01,4718
2024-05-14,478.13,484.29,474.87,483.41,10550
2024-05-15,484.29,490.98,475.49,479.89,9761
2024-05-16,486.84,486.84,473.11,484.2,6438
2024-05-19,493.8,511.5,480.77,508.95,39480
2024-05-20,516.87,517.75,499.26,501.9,15890
2024-05-21,501.99,506.3,501.11,504.54,13032
2024-05-22,496.62,503.66,494.95,499.17,12340
2024-05-26,490.54,499.17,489.57,491.95,11159
2024-05-27,496.62,501.02,491.42,493.18,7815
2024-05-29,497.5,497.5,481.83,486.76,7365
2024-05-30,478.57,487.64,477.16,478.13,9758
2024-06-02,486.93,486.93,480.15,483.85,4003
2024-06-03,491.34,491.34,478.22,480.77,12137
2024-06-04,475.49,490.46,475.49,482.0,10645
2024-06-05,486.93,486.93,477.42,479.98,3754
2024-06-06,477.51,482.53,476.54,479.89,4857
2024-06-09,477.25,484.29,475.49,479.01,10609
2024-06-10,484.29,484.29,478.13,480.68,14935
2024-06-11,481.12,495.74,477.42,495.74,18679
2024-06-12,494.86,503.57,488.69,494.77,19174
2024-06-13,497.5,497.5,484.29,485.17,9944
2024-06-16,481.65,489.57,479.89,487.81,12636
2024-06-18,496.18,496.18,481.83,483.5,10450
2024-06-19,491.34,491.34,477.25,484.2,3732
2024-06-20,493.1,493.1,477.69,479.27,11612
2024-06-23,475.49,479.89,473.02,479.89,13031
2024-06-24,479.89,483.41,473.72,474.61,12918
2024-06-25,476.37,483.41,475.49,482.53,7099
2024-06-26,490.01,490.01,474.08,476.37,7549
2024-06-27,472.84,472.84,467.56,468.09,9215
2024-06-30,469.41,471.08,468.0,468.44,15783
2024-07-01,468.44,471.96,464.92,469.76,12398
2024-07-02,479.1,507.19,472.05,479.01,9584
2024-07-03,475.49,482.44,471.52,479.89,19392
2024-07-04,488.69,491.34,481.39,487.73,15668
2024-07-07,488.69,495.74,486.23,488.08,24520
2024-07-08,493.1,493.1,486.05,489.57,20432
2024-07-09,490.46,493.98,482.62,492.22,14917
2024-07-10,495.74,499.17,490.54,494.15,25584
2024-07-11,496.62,515.99,496.27,511.59,51595
2024-07-14,521.8,540.65,520.39,536.95,57046
2024-07-15,547.6,547.6,519.6,523.92,56324
2024-07-16,523.92,538.8,517.75,537.12,53302
2024-07-17,546.81,550.15,537.12,546.1,91245
2024-07-18,550.33,564.42,544.17,554.73,65640
2024-07-21,565.83,572.34,547.95,557.38,60198
2024-07-22,557.38,557.38,543.73,551.74,43668
2024-07-23,554.73,594.36,554.73,580.27,114014
2024-07-24,591.72,603.6,568.82,572.34,75670
2024-07-25,561.78,581.15,561.78,576.75,74454
2024-07-28,588.28,613.73,572.34,599.64,96779
2024-07-29,611.09,611.97,598.76,607.57,125372
2024-07-30,599.64,613.73,594.53,607.57,57916
2024-07-31,619.01,630.46,614.61,616.37,60733
2024-08-01,622.53,661.28,609.41,634.16,149419
2024-08-05,642.79,669.2,632.66,660.4,124093
2024-08-06,660.4,669.11,618.13,618.13,119594
2024-08-07,617.25,646.31,617.25,646.31,140447
2024-08-08,659.16,659.16,631.96,639.19,67410
2024-08-11,641.03,656.59,636.63,652.93,78131
2024-08-12,665.93,693.22,654.76,693.22,156749
2024-08-13,700.55,710.71,669.41,677.66,103973
2024-08-14,686.81,686.81,663.0,676.74,52476
2024-08-15,676.74,680.4,662.55,668.5,103720
2024-08-18,681.87,695.42,655.31,656.59,75390
2024-08-21,659.34,659.34,642.86,646.52,39536
2024-08-22,654.76,654.76,642.22,644.78,47045
2024-08-25,657.6,657.6,630.95,631.04,55465
2024-08-27,620.88,630.95,598.9,605.59,69818
2024-08-28,617.67,629.95,597.99,602.56,28775
2024-08-29,613.55,613.55,583.33,585.16,34034
2024-09-01,593.41,594.32,576.01,577.84,33799
2024-09-02,582.42,612.64,577.2,604.4,31829
2024-09-03,615.38,619.96,604.4,613.64,32199
2024-09-04,613.64,613.64,586.08,586.08,27598
2024-09-05,582.42,597.8,576.92,585.16,14804
2024-09-08,592.49,594.32,573.26,575.09,18297
2024-09-09,569.6,574.18,559.52,560.44,24141
2024-09-10,567.77,567.77,554.03,558.61,20997
2024-09-11,558.88,560.44,548.53,549.45,15189
2024-09-12,558.61,565.93,549.45,560.62,22907
2024-09-15,565.93,575.09,547.44,547.44,40287
2024-09-16,552.2,554.03,537.55,543.04,26327
2024-09-18,544.87,549.45,534.8,543.86,13186
2024-09-22,554.67,558.61,535.71,543.96,20547
2024-09-23,554.76,554.76,529.76,531.14,19085
2024-09-24,521.98,549.45,517.4,525.64,20234
2024-09-25,521.98,531.14,521.15,531.14,15202
2024-09-26,540.2,543.96,524.73,526.56,8512
2024-09-29,526.56,526.56,517.58,522.89,6428
2024-09-30,532.97,553.11,514.65,532.97,20167
2024-10-01,540.29,558.61,531.14,558.61,23253
2024-10-02,569.6,578.75,546.7,555.86,11243
2024-10-06,566.76,569.6,546.06,567.77,13039
2024-10-07,569.6,576.74,567.77,572.34,12467
2024-10-08,563.19,571.43,558.61,563.19,8692
2024-10-09,558.61,565.93,552.38,563.19,10541
2024-10-15,572.34,572.34,562.27,567.67,6415
2024-10-16,578.94,581.23,567.77,579.49,17245
2024-10-17,591.03,595.24,574.45,583.33,13726
2024-10-20,576.92,583.33,566.21,566.21,13461
2024-10-21,560.44,565.02,550.82,551.47,19602
2024-10-22,561.36,561.36,551.37,558.61,10152
2024-10-23,558.61,567.67,549.45,554.95,9092
2024-10-24,548.08,566.85,548.08,564.1,13679
2024-10-27,563.19,564.1,553.21,558.61,4487
2024-10-28,569.78,571.43,550.64,554.12,8992
2024-10-29,552.2,571.43,543.96,561.08,14795
2024-10-30,563.19,567.77,559.52,565.02,15553
2024-11-05,559.52,567.77,557.78,566.85,20498
2024-11-06,565.11,576.92,565.11,567.77,9313
2024-11-10,577.84,578.75,565.84,578.75,31249
2024-11-11,584.25,599.82,579.67,590.48,51225
2024-11-12,594.32,604.4,587.91,587.91,37986
2024-11-13,586.08,587.91,581.5,581.5,16147
2024-11-14,581.5,587.91,573.72,574.18,19299
2024-11-17,585.16,585.16,573.08,576.83,16158
2024-11-19,569.96,578.75,565.02,568.22,16549
2024-11-20,565.93,568.68,554.95,554.95,23480
2024-11-21,554.03,573.26,549.63,554.03,25245
2024-11-24,554.03,556.78,546.15,549.45,18258
2024-11-25,549.45,557.69,546.7,554.95,5583
2024-11-26,566.03,566.03,552.2,562.27,5338
2024-11-27,573.35,573.35,554.95,568.04,20986
2024-11-28,566.21,569.6,556.78,563.0,14056
2024-12-01,574.18,574.18,554.21,557.69,15665
2024-12-02,553.11,563.19,553.11,555.31,12666
2024-12-03,551.37,560.35,544.78,553.94,25389
2024-12-04,564.93,564.93,544.23,548.53,19315
2024-12-05,544.96,554.03,544.87,549.45,16263
2024-12-08,553.94,581.5,538.46,553.11,19714
2024-12-09,562.27,562.27,538.46,547.62,19141
2024-12-10,547.62,549.45,533.06,538.46,9989
2024-12-11,539.47,547.53,532.05,544.87,11889
2024-12-12,553.57,553.57,537.55,543.04,9952
2024-12-16,543.04,543.04,531.14,535.71,9557
2024-12-17,534.8,537.09,526.56,531.14,9154
2024-12-18,539.19,539.19,528.39,532.05,6777
2024-12-19,529.3,531.14,524.73,528.39,6143
2024-12-22,538.46,538.46,517.4,521.89,12469
2024-12-23,521.98,525.55,516.48,521.98,5608
2024-12-24,531.04,531.04,523.9,523.99,7249
2024-12-26,523.99,525.55,519.23,519.32,16710
2024-12-29,519.23,519.23,514.47,514.65,22526
2024-12-31,515.57,522.8,509.16,521.98,16233
2025-01-01,531.04,535.71,521.06,524.73,8597
2025-01-02,526.56,531.14,520.33,526.56,6050
2025-01-05,526.56,533.88,522.99,526.56,6010
2025-01-06,521.98,537.55,521.98,534.16,13598
2025-01-07,527.56,542.12,527.56,538.19,10942
2025-01-08,544.87,544.87,533.97,535.71,28539
2025-01-09,532.23,538.37,532.23,532.51,10766
2025-01-12,543.13,543.13,530.68,531.04,6835
2025-01-13,528.21,552.01,526.83,552.01,14494
2025-01-15,549.45,549.45,534.8,540.11,8392
2025-01-16,529.76,561.36,529.58,539.38,13630
2025-01-19,530.31,540.84,530.31,531.14,13923
2025-01-20,541.76,541.76,525.92,529.67,10357
2025-01-21,531.14,540.29,525.92,537.55,17118
2025-01-22,547.89,566.85,532.33,561.36,63337
2025-01-23,569.6,570.33,550.55,550.55,31063
2025-01-26,540.29,566.76,530.22,549.45,28230
2025-01-27,552.75,552.75,538.92,539.47,12665
2025-01-28,550.18,558.61,529.49,541.39,25626
2025-02-02,543.86,558.61,543.77,558.61,29412
2025-02-03,560.44,565.02,552.2,555.86,37630
2025-02-04,546.7,556.78,545.79,547.62,27298
2025-02-05,543.04,552.84,543.04,550.27,15272
2025-02-06,544.96,553.11,544.96,549.45,17435
2025-02-09,559.43,559.43,540.75,542.49,14219
2025-02-10,537.18,549.36,532.05,539.38,18416
2025-02-11,549.45,560.44,536.63,539.38,11534
2025-02-12,550.09,551.28,539.1,544.87,15063
2025-02-13,544.87,548.53,541.58,543.5,9226
2025-02-16,536.81,547.44,536.81,546.7,7889
2025-02-17,549.45,549.45,544.87,545.88,19233
2025-02-18,546.25,554.03,546.25,551.19,15356
2025-02-20,552.93,560.44,546.7,556.59,40445
2025-02-23,545.51,557.6,545.51,553.21,22546
2025-02-24,558.61,563.19,553.11,553.66,30726
2025-02-25,546.79,579.21,546.79,562.27,29423
2025-02-27,573.44,573.44,560.44,568.22,21980
2025-03-02,576.92,601.47,572.34,600.73,72693
2025-03-03,602.56,660.81,597.07,637.82,231279
2025-03-04,641.03,675.82,626.47,633.79,102016
2025-03-05,640.11,649.27,609.25,612.64,52745
2025-03-06,618.04,647.44,600.82,606.14,52687
2025-03-09,618.22,618.22,599.82,602.56,61313
2025-03-10,607.14,608.97,595.33,597.99,28769
2025-03-11,609.8,621.79,583.33,588.74,26462
2025-03-12,600.46,600.46,578.75,588.74,20465
2025-03-16,595.24,599.73,584.62,589.74,27327
2025-03-17,601.28,601.28,583.33,584.25,14518
2025-03-18,595.15,595.88,584.07,585.16,24312
2025-03-19,593.32,593.32,582.6,585.16,24194
2025-03-20,595.24,595.24,581.5,585.34,23636
2025-03-23,574.45,585.16,571.25,574.0,45168
2025-03-24,575.55,585.16,563.28,581.5,20682
2025-03-25,580.49,581.5,564.1,568.52,17654
2025-03-26,579.58,579.67,569.6,574.34,10129
2025-03-27,585.81,597.07,577.75,587.91,51969
2025-03-30,586.08,599.82,586.08,594.7,34040
2025-04-01,597.99,606.5,582.88,591.85,79497
2025-04-02,603.66,603.66,586.08,588.35,26264
2025-04-03,595.15,595.15,576.92,579.17,26438
2025-04-07,590.66,590.66,569.69,570.92,89866
2025-04-08,581.5,593.13,563.92,572.38,11579
2025-04-09,583.79,595.24,572.71,576.58,19695
2025-04-10,569.6,587.91,568.68,570.85,19730
2025-04-13,576.92,582.23,570.79,572.14,16327
2025-04-15,583.24,583.24,573.26,576.45,8979
2025-04-16,583.15,583.33,574.18,578.77,23237
2025-04-17,589.74,589.74,573.26,586.36,49847
2025-04-20,594.32,594.32,582.51,584.98,28801
2025-04-21,595.05,595.05,573.35,578.32,47714
2025-04-22,581.5,581.5,567.86,571.06,16162
2025-04-23,570.51,576.92,567.77,569.8,10057
2025-04-24,569.78,579.49,568.68,570.19,8427
2025-04-27,560.44,593.22,560.44,566.67,25964
2025-04-28,567.77,575.73,566.76,568.17,17293
2025-04-29,578.75,578.75,564.1,568.21,10602
2025-04-30,569.6,572.34,558.61,559.99,23990
2025-05-04,559.52,571.43,553.57,557.87,26777
2025-05-05,558.61,564.93,557.78,558.19,27543
2025-05-06,552.29,563.19,552.29,556.86,8280
2025-05-07,558.61,569.6,552.66,567.86,8866
2025-05-08,566.85,568.68,565.29,567.83,21747
2025-05-11,567.86,575.0,559.52,560.85,9300
2025-05-13,554.12,565.02,554.12,561.23,5569
2025-05-14,566.85,571.43,564.1,569.85,22330
2025-05-15,576.01,576.01,560.71,571.62,20516
2025-05-18,572.34,572.34,564.38,571.46,27346
2025-05-19,581.41,581.5,568.22,578.86,14935
2025-05-20,584.25,585.81,567.77,584.06,16312
2025-05-21,595.24,595.7,578.75,580.4,19599
2025-05-22,591.39,591.39,572.34,577.92,8549
2025-05-25,587.82,587.91,576.92,581.22,24293
2025-05-26,592.67,604.4,581.5,582.1,16254
2025-05-27,576.92,582.42,573.44,582.36,10048
2025-05-28,573.44,584.89,573.44,583.3,8529
2025-06-02,594.78,594.78,581.5,582.71,45091
2025-06-03,589.74,589.74,570.05,571.08,30520
2025-06-04,568.86,581.5,567.86,575.42,33124
2025-06-05,576.92,576.92,566.35,575.04,15947
2025-06-08,564.52,575.48,564.52,572.23,14815
2025-06-09,572.12,575.96,567.31,572.21,8954
2025-06-10,562.6,577.88,562.6,575.63,12983
2025-06-11,581.73,581.73,570.19,570.88,16496
2025-06-12,570.19,576.92,562.6,566.77,45113
2025-06-15,569.23,569.23,558.65,559.38,28135
2025-06-16,557.69,603.56,551.06,568.9,15396
2025-06-17,579.81,579.81,559.9,567.57,3358
2025-06-18,558.65,574.04,558.65,562.5,7411
2025-06-19,564.42,568.27,558.65,562.55,15887
2025-06-22,551.35,561.54,540.38,547.08,51100
2025-06-23,537.5,557.69,537.5,541.15,30399
2025-06-24,535.58,562.5,529.81,548.14,18152
2025-06-25,554.81,554.81,545.67,554.07,9865
2025-06-26,553.85,561.54,551.25,554.21,16269
2025-06-29,564.13,564.13,548.08,557.13,12398
2025-06-30,562.5,567.31,555.77,562.81,7003
2025-07-01,562.81,570.19,561.54,563.74,13414
2025-07-02,575.0,582.6,563.56,577.71,23135
2025-07-03,586.54,604.81,567.4,594.52,76517
2025-07-06,586.54,610.58,586.54,595.56,58241
2025-07-07,599.04,605.77,594.23,595.85,50158
2025-07-08,595.19,600.96,589.42,595.31,53314
2025-07-09,605.67,605.67,594.33,596.29,22046
2025-07-10,607.69,608.17,596.15,596.4,50797
2025-07-13,607.69,608.27,594.32,595.31,64126
2025-07-14,600.0,600.0,589.62,590.94,27989
2025-07-15,596.15,596.15,586.54,590.33,39089
2025-07-16,599.04,610.58,581.73,599.6,57399
2025-07-17,610.1,624.71,608.65,618.51,23822
2025-07-20,628.85,664.42,623.08,639.79,126971
2025-07-21,640.38,651.92,627.88,636.14,33083
2025-07-22,639.42,657.69,636.35,650.55,74212
2025-07-23,662.5,663.46,634.62,646.81,56667
2025-07-24,634.62,647.12,634.62,641.89,35126
2025-07-27,635.58,645.19,632.69,635.5,57040
2025-07-28,625.0,634.62,625.0,632.55,31797
2025-07-29,639.42,644.52,628.85,630.22,41399
2025-07-30,642.79,655.58,621.15,622.19,38373
2025-07-31,611.63,634.13,611.63,629.62,27029
2025-08-03,621.15,632.69,610.58,616.88,39474
2025-08-04,620.0,626.92,608.65,623.81,25691
2025-08-05,635.58,635.58,605.77,607.22,39129
2025-08-06,604.81,615.38,604.81,607.31,17429
2025-08-07,605.77,617.31,605.77,613.88,6875
2025-08-11,607.69,613.46,604.81,607.14,26120
2025-08-12,607.69,607.69,593.27,596.13,22910
2025-08-13,594.23,600.0,585.58,591.29,13791
2025-08-14,600.96,600.96,588.46,591.88,6207
2025-08-17,591.35,601.83,574.04,577.04,34583
2025-08-18,567.5,590.29,567.5,583.21,9437
2025-08-19,586.54,589.42,577.88,582.75,13403
2025-08-20,582.69,594.13,578.85,583.62,7364
2025-08-21,594.23,594.23,576.92,577.68,15236
2025-08-24,588.94,595.19,571.15,578.64,3816
2025-08-25,587.5,589.33,579.13,580.61,7921
2025-08-26,578.85,583.56,578.17,579.97,5048
2025-08-27,579.23,593.75,579.04,591.97,16392
2025-08-28,595.19,595.19,576.44,578.42,31930
2025-08-31,572.69,575.0,567.02,568.69,26924
2025-09-01,580.0,591.35,558.85,570.4,9506
2025-09-02,581.73,581.73,568.27,571.94,12089
2025-09-03,571.94,576.92,568.27,568.74,3143
2025-09-04,567.4,615.19,563.94,565.45,10815
2025-09-07,554.23,611.63,554.23,564.03,7968
2025-09-08,552.79,605.77,552.79,557.46,17728
2025-09-18,546.35,546.35,524.9,528.85,1378
2025-09-21,528.85,581.73,518.27,556.4,18405
2025-09-23,548.08,593.27,548.08,572.12,22765
2025-09-24,568.27,575.0,567.31,567.31,5131
2025-09-25,557.79,591.83,557.79,576.92,3953
2025-09-28,572.12,579.71,562.5,576.83,16205
2025-10-07,567.31,575.0,564.52,564.52,5348
2025-10-08,562.5,566.35,549.04,555.77,28733
2025-10-09,566.83,611.35,558.65,563.46,11040
2025-10-12,567.31,567.31,546.25,550.67,15910
2025-10-13,561.54,563.46,533.65,560.58,29917
2025-10-14,560.58,562.21,550.96,557.69,12191
2025-10-15,557.69,559.62,552.88,557.69,10036
2025-10-16,568.27,568.27,549.13,555.77,12000
2025-10-19,555.77,557.69,552.88,557.5,3228
2025-10-26,552.88,567.31,549.13,567.31,2336
2025-10-28,576.92,588.17,568.27,581.73,15517
2025-10-29,580.77,593.27,568.75,576.83,13296
2025-10-30,568.27,598.08,568.27,588.37,14664
2025-11-02,596.92,614.42,585.58,612.5,77326
2025-11-03,614.04,615.38,597.69,603.85,32964
2025-11-04,600.96,600.96,591.35,591.54,13667
2025-11-05,585.58,595.1,583.37,592.21,10679
2025-11-06,590.58,598.08,580.38,580.96,26577
2025-11-09,586.54,588.46,576.92,576.92,12985
2025-11-10,574.04,591.35,574.04,586.54,20673
2025-11-11,575.58,589.42,575.58,589.42,5319
2025-11-12,595.19,595.19,569.9,579.81,37520
2025-11-13,585.38,585.58,571.15,572.6,14606
2025-11-16,576.92,576.92,572.12,573.08,6789
2025-11-17,572.12,579.81,567.4,578.75,8730
2025-11-18,578.85,586.54,578.85,581.63,16637
2025-11-19,590.29,590.29,574.62,578.75,4978
2025-11-20,574.13,584.62,574.13,575.96,12917
2025-11-23,586.54,594.23,576.92,594.23,87785
2025-11-24,603.85,619.23,593.27,619.04,135255
2025-11-25,607.31,619.23,601.92,605.77,49863
2025-11-26,617.88,617.88,587.4,600.0,73107
2025-11-27,596.25,610.58,596.25,601.44,34175
2025-11-30,592.5,615.29,592.5,605.67,42005
2025-12-01,594.42,604.81,594.33,599.52,19169
2025-12-02,610.48,611.35,586.35,588.94,18049
2025-12-03,595.58,595.58,582.88,583.37,26530
2025-12-07,591.35,606.83,577.02,579.23,13037
2025-12-08,577.88,588.08,577.02,583.65,9168
2025-12-09,586.54,590.87,582.69,584.13,8587
2025-12-10,594.13,594.13,582.88,585.77,11959
2025-12-11,586.54,590.38,581.73,588.27,18008
2025-12-14,588.46,592.21,583.65,586.15,23013
2025-12-15,583.75,591.15,581.83,589.42,11971
2025-12-16,586.54,592.21,586.54,592.21,9800
2025-12-17,589.42,598.08,589.04,591.35,12008
2025-12-18,594.52,594.52,583.65,583.65,20245
2025-12-21,583.65,586.54,572.31,581.73,9247
2025-12-22,583.65,583.65,576.92,579.42,13652
2025-12-23,577.02,581.73,573.27,577.02,17293
2025-12-24,577.02,581.73,576.92,579.81,7971
2025-12-28,580.77,595.19,580.77,595.19,29194
2025-12-29,591.35,591.35,585.58,586.54,52424
2025-12-31,587.02,590.38,581.73,581.73,41247
2026-01-01,582.0,589.8,573.1,578.0,10575
2026-01-04,583.0,583.0,573.0,577.7,7861
2026-01-05,585.9,585.9,574.4,583.7,8911
2026-01-06,580.0,583.7,577.1,578.0,9177
2026-01-07,580.0,582.5,575.0,579.3,12718
2026-01-08,570.0,584.9,569.1,584.9,14633
2026-01-12,584.0,594.7,577.0,583.5,50455
2026-01-13,583.0,594.5,575.0,575.5,6576
2026-01-14,586.0,586.0,574.0,577.0,9750
2026-01-18,584.0,584.9,577.0,584.0,15853
2026-01-20,589.0,610.0,585.9,594.1,41803
2026-01-21,604.9,614.0,594.0,599.0,27941
2026-01-22,591.0,599.9,590.1,596.0,17586
2026-01-25,607.0,607.9,584.1,604.0,26237
2026-01-26,595.0,604.0,595.0,599.9,21820
2026-01-27,600.0,605.9,587.2,594.0,15231
2026-01-28,595.0,600.0,584.0,588.2,10671
2026-01-29,584.2,597.0,584.2,590.5,13276
2026-02-01,582.0,591.0,580.0,585.3,16701
2026-02-02,595.9,597.0,582.0,586.5,13531
2026-02-03,586.5,589.0,584.0,584.4,21128
2026-02-04,595.59,596.0,579.3,588.0,3208
2026-02-05,584.0,595.0,580.1,595.0,12887
2026-02-08,585.1,595.0,585.1,587.0,10971
2026-02-09,580.3,585.0,580.0,584.4,16123
2026-02-10,580.1,595.0,575.0,576.0,19076
2026-02-11,587.0,596.9,576.5,579.0,23198
2026-02-12,574.1,587.6,574.1,585.0,15949
2026-02-16,578.0,587.9,577.1,579.9,11798
2026-02-17,578.1,580.0,569.0,569.0,65418
2026-02-22,568.2,570.0,560.2,565.0,12162
2026-02-23,563.0,577.8,557.2,569.0,5606
2026-02-24,570.0,571.0,565.1,571.0,6222
2026-02-25,567.1,590.0,565.0,576.0,22814
2026-02-26,576.0,581.4,570.6,579.1,5457
2026-03-01,568.0,588.9,568.0,588.0,8191
2026-03-03,599.7,599.7,581.3,590.0,11928
2026-03-10,601.0,617.0,600.0,614.9,66102
2026-03-11,627.1,627.1,602.4,614.0,21660
2026-03-12,615.0,619.0,607.0,612.0,22192
2026-03-15,605.1,614.0,605.1,610.0,21090
2026-03-16,603.0,610.0,602.0,610.0,15113
2026-03-17,606.0,609.9,602.0,608.6,15796
2026-03-19,620.0,631.0,589.0,620.0,71173
2026-03-22,620.0,637.5,620.0,632.0,58600
2026-03-23,638.0,638.9,620.0,625.2,38282
2026-03-24,630.0,630.0,618.0,624.0,38207
2026-03-25,636.0,636.0,600.0,618.0,102641
2026-03-26,611.0,617.0,607.0,614.0,33341
2026-03-29,614.0,618.0,601.1,604.9,46520
2026-03-30,595.0,610.0,595.0,598.0,35259
2026-03-31,600.0,606.6,595.0,605.0,18760
2026-04-01,601.1,605.0,589.0,594.5,30785
2026-04-02,587.1,596.9,585.1,590.0,18926
2026-04-05,585.0,587.0,576.0,580.0,32128
2026-04-06,581.1,598.4,581.1,598.4,10142
2026-04-07,599.0,602.0,587.1,588.0,12237
2026-04-08,599.0,599.0,585.0,594.0,22685
2026-04-09,587.0,603.0,587.0,596.0,15162
2026-04-10,597.0,598.5,590.3,595.0,12040
2026-04-13,595.0,618.9,593.1,594.0,9412
2026-04-15,603.0,603.0,594.2,595.8,13098
2026-04-16,593.5,599.0,588.0,594.9,8308
2026-04-17,595.0,597.0,582.0,593.7,13780
2026-04-20,593.7,595.0,585.1,585.5,3344
2026-04-21,614.7,614.7,579.1,588.0,5651
2026-04-22,558.6,612.0,558.6,583.5,25457
2026-04-23,588.0,588.0,581.1,586.0,3769
2026-04-24,581.0,582.0,575.3,580.0,13878
2026-04-27,588.1,623.8,576.0,584.0,20711
2026-04-28,585.0,599.0,579.1,590.0,13887
2026-04-29,591.9,591.9,578.0,588.0,5858
2026-04-30,575.1,596.9,575.0,587.0,8965
2026-05-04,590.0,590.0,577.5,582.4,4098
2026-05-05,580.2,583.0,570.5,575.0,19902
2026-05-06,575.0,580.0,573.5,576.0,7530
2026-05-07,572.2,580.0,571.3,577.7,4887
2026-05-08,580.0,592.0,580.0,581.1,9950
2026-05-11,578.4,595.0,578.4,586.0,2290
2026-05-12,590.0,595.8,585.0,590.0,7211
2026-05-13,588.0,588.9,583.0,585.0,5429
2026-05-14,588.0,590.0,585.0,587.7,5204
2026-05-15,593.0,593.0,584.1,589.8,7095
2026-05-18,589.0,590.0,580.4,589.0,2023
2026-05-19,596.4,596.4,583.0,587.0,3187
2026-05-20,590.0,591.9,583.2,588.2,6134
2026-05-21,599.4,599.4,583.0,589.8,3707
2026-05-22,596.0,596.0,585.0,591.0,3932
2026-05-25,595.8,595.8,586.2,594.0,5680
2026-05-26,586.0,599.5,586.0,591.0,8136
2026-05-27,591.0,597.9,585.2,594.0,20475
2026-06-01,585.0,599.9,585.0,588.7,16137
2026-06-02,588.0,595.0,588.0,591.0,12940
2026-06-03,590.0,612.0,580.0,599.0,24051
2026-06-04,600.0,603.0,588.1,594.9,17573
2026-06-05,585.3,595.0,585.1,595.0,4289
2026-06-08,604.8,606.0,585.0,592.8,6837
2026-06-09,586.2,590.0,585.1,588.0,6721
2026-06-10,586.2,590.0,583.5,588.2,4486
2026-06-11,588.1,590.9,580.2,582.6,10352
2026-06-12,580.2,589.0,580.2,581.7,2177
2026-06-15,581.2,588.0,578.2,581.5,11993
2026-06-16,576.6,581.0,576.6,579.9,3668
2026-06-17,577.0,592.0,571.2,579.0,13241
2026-06-18,578.0,587.6,574.1,580.0,1706
2026-06-19,576.2,584.0,576.2,583.0,9424
2026-06-22,583.0,586.0,580.0,580.0,16773
2026-06-23,579.0,584.0,573.5,573.5,22860
2026-06-24,577.2,577.2,572.5,572.9,5840
2026-06-25,573.2,573.2,565.0,566.0,7558
2026-06-26,565.5,575.0,565.5,567.1,11537
2026-06-29,569.0,573.0,565.2,570.0,13416
2026-06-30,567.0,574.0,560.1,574.0,7644
2026-07-01,565.0,588.0,565.0,583.0,3833
2026-07-02,590.0,599.0,560.0,594.3,8212
2026-07-03,594.3,612.0,572.6,573.0,18259
2026-07-06,590.0,607.5,571.0,572.0,24807
2026-07-07,574.0,579.9,572.0,576.1,7316
2026-07-08,571.0,578.0,571.0,577.0,7823
2026-07-09,573.7,575.0,570.2,570.2,15725
2026-07-10,580.0,622.0,568.1,573.0,74867
2026-07-13,582.0,582.0,568.0,570.0,46092
2026-07-14,570.0,572.0,567.0,571.0,7835
2026-07-15,579.0,580.0,570.0,580.0,8530
2026-07-16,591.0,622.0,570.0,579.0,68074
2026-07-17,565.1,590.5,565.1,588.0,15841
2026-07-20,585.0,595.0,585.0,590.0,9262
2026-07-21,590.0,596.0,580.0,594.0,11954
2026-07-22,594.0,594.0,580.5,589.0,2245
2026-07-23,580.6,590.0,577.0,583.0,6968
2026-07-24,583.0,600.0,580.0,588.0,76294
2026-07-27,588.0,605.0,581.3,581.3,31299
2026-07-28,584.5,585.0,577.0,578.0,2003
2026-07-29,604.0,606.9,579.1,580.0,5796
2026-07-30,584.5,608.0,570.0,570.0,33209
2026-07-31,587.0,587.0,560.1,560.1,52877
2026-08-03,566.0,579.0,564.0,572.0,36736
2026-08-04,565.0,579.9,565.0,571.3,15927
2026-08-05,572.0,572.0,569.5,570.0,12252
2026-08-06,562.0,575.0,562.0,570.0,7846
2026-08-07,570.0,570.0,562.0,562.0,16965
2026-08-10,563.0,568.0,561.0,567.0,8653
2026-08-11,568.0,569.0,565.0,567.0,10114
2026-08-12,569.5,569.9,564.0,565.0,7501
2026-08-13,567.7,568.9,566.0,568.0,2823
2026-08-14,579.5,612.0,569.1,575.0,12928
2026-08-17,580.0,609.0,566.5,576.0,64587
2026-08-18,576.0,576.0,568.0,568.0,10536
2026-08-19,565.0,572.8,562.0,565.1,5191
2026-08-20,560.09,575.0,560.09,563.0,14317
2026-08-21,563.0,570.0,560.09,562.0,14932
2026-08-24,562.0,562.8,560.0,562.8,4354
2026-08-25,562.9,566.0,560.0,563.9,11340
2026-08-26,560.0,560.5,551.4,560.0,5300
2026-08-27,553.1,566.9,543.4,566.9,5126
2026-08-31,555.0,564.9,538.4,538.4,12662
