timestamp,open,high,low,close,volume
2012-02-01,13.75,12.7,12.7,12.7,89
2012-03-04,12.7,12.91,12.91,12.91,20
2012-04-03,12.91,12.7,12.7,12.7,370
2012-04-12,12.7,12.49,12.49,12.49,20
2012-04-16,12.49,12.49,12.49,12.49,30
2012-04-19,12.49,12.7,12.7,12.7,363
2012-04-29,12.7,12.7,12.7,12.7,345
2012-05-09,12.7,12.91,12.91,12.91,58
2012-05-24,12.91,12.7,12.49,12.49,621
2012-06-06,12.49,12.28,12.28,12.28,47
2012-06-14,12.28,12.49,11.86,11.86,579
2012-06-17,11.86,11.86,11.86,11.86,29
2012-06-19,11.86,11.72,11.72,11.72,13
2012-07-02,11.72,11.51,11.51,11.51,21
2012-07-17,11.51,11.3,11.09,11.3,114
2012-07-22,11.3,11.23,11.23,11.23,212
2012-07-26,11.23,11.23,11.23,11.23,83
2012-07-30,11.23,11.02,11.02,11.02,14
2012-08-12,11.02,10.81,10.81,10.81,392
2012-08-26,10.81,10.81,10.6,10.6,642
2012-08-27,10.6,10.67,10.67,10.67,207
2012-08-28,10.67,11.65,10.88,11.65,537
2012-08-29,11.65,11.86,11.86,11.86,50
2012-08-30,11.86,12.07,12.07,12.07,40
2012-09-02,12.07,12.7,12.28,12.7,451
2012-09-03,12.7,13.33,12.91,13.33,480
2012-09-04,13.33,13.54,13.54,13.54,29
2012-10-10,13.54,13.33,13.33,13.33,199
2012-10-11,13.33,13.12,12.7,12.7,743
2012-10-15,12.7,12.49,12.49,12.49,207
2012-10-18,12.49,12.35,12.35,12.35,31
2012-11-06,12.35,12.49,12.28,12.28,189
2012-11-11,12.28,12.28,12.28,12.28,107
2012-11-26,12.28,12.49,12.49,12.49,963
2012-11-28,12.49,12.35,12.35,12.35,31
2012-12-13,14.52,14.52,14.52,14.52,535
2012-12-16,14.52,14.03,14.03,14.03,500
2012-12-18,14.03,14.03,14.03,14.03,168
2012-12-19,14.03,14.1,14.1,14.1,1851
2012-12-20,14.1,14.03,14.03,14.03,76
2013-01-06,14.03,14.6,14.31,14.6,259
2013-01-10,14.6,14.31,14.31,14.31,502
2013-01-13,14.31,14.88,14.6,14.88,20
2013-01-15,14.88,15.44,15.16,15.44,1158
2013-01-16,15.44,15.72,15.72,15.72,510
2013-01-17,15.72,16.0,16.0,16.0,50
2013-01-21,16.0,16.49,16.28,16.49,411
2013-01-22,16.49,16.49,15.79,15.79,443
2013-01-23,15.79,15.79,15.79,15.79,153
2013-01-24,15.79,15.79,15.79,15.79,2130
2013-01-27,15.79,15.86,15.86,15.86,111
2013-01-28,15.86,16.14,16.14,16.14,30
2013-02-04,16.14,15.86,15.86,15.86,47
2013-02-05,15.86,15.58,15.16,15.16,715
2013-02-06,15.16,15.37,14.52,15.02,404
2013-02-07,15.02,15.44,15.16,15.44,181
2013-02-10,15.44,16.28,15.72,16.14,2465
2013-02-12,16.14,16.35,16.28,16.35,136
2013-02-13,16.35,16.56,16.28,16.28,272
2013-02-14,16.28,16.14,16.14,16.14,159
2013-02-17,16.14,16.42,16.42,16.42,124
2013-02-19,16.42,17.19,16.7,17.19,484
2013-02-20,17.19,16.91,16.63,16.63,224
2013-02-21,16.63,16.35,16.35,16.35,17
2013-02-24,16.35,16.07,15.79,15.79,32
2013-02-25,15.79,15.79,15.79,15.79,102
2013-03-07,15.79,15.86,15.86,15.86,227
2013-03-11,15.86,15.79,15.79,15.79,238
2013-03-13,15.79,15.79,15.72,15.79,552
2013-03-14,15.79,16.07,16.07,16.07,10
2013-03-18,16.07,15.86,15.86,15.86,77
2013-03-19,15.86,15.58,15.58,15.58,61
2013-03-21,15.58,15.86,15.86,15.86,49
2013-03-31,16.48,15.82,15.82,15.82,242
2013-04-03,15.82,16.04,16.04,16.04,402
2013-04-11,16.04,16.12,16.12,16.12,70
2013-04-17,16.12,16.7,16.12,16.12,388
2013-04-18,16.12,16.04,15.9,15.9,361
2013-04-21,15.9,16.19,16.19,16.19,11
2013-04-22,16.19,15.9,15.9,15.9,319
2013-04-28,15.9,15.68,15.6,15.6,115
2013-05-07,15.6,15.9,15.9,15.9,111
2013-05-08,15.9,16.19,16.19,16.19,276
2013-05-09,16.19,17.79,16.48,17.79,130
2013-05-12,17.79,19.54,18.08,19.54,678
2013-05-13,19.54,20.2,19.32,19.4,3021
2013-05-16,19.4,19.76,19.4,19.69,441
2013-05-19,19.69,19.69,19.69,19.69,386
2013-05-20,19.69,19.76,19.62,19.76,455
2013-05-22,19.76,19.76,19.76,19.76,74
2013-05-23,19.76,20.49,19.91,20.49,656
2013-05-27,20.49,20.86,20.86,20.86,99
2013-06-10,20.86,20.78,20.78,20.78,500
2013-06-18,20.78,20.42,20.42,20.42,2239
2013-06-30,20.42,20.05,20.05,20.05,35
2013-07-01,20.05,19.69,19.69,19.69,118
2013-07-02,19.69,19.69,19.32,19.32,880
2013-07-03,19.32,19.69,19.32,19.69,767
2013-07-07,19.69,20.13,19.76,20.13,485
2013-07-08,20.13,19.76,19.76,19.76,77
2013-07-11,19.76,20.05,20.05,20.05,134
2013-07-15,20.05,20.42,20.42,20.42,280
2013-07-24,20.42,20.78,20.42,20.78,187
2013-07-31,20.78,20.86,20.86,20.86,85
2013-08-04,20.86,21.51,21.22,21.51,816
2013-08-05,21.51,21.88,21.88,21.88,173
2013-08-06,21.88,22.31,21.88,22.31,981
2013-08-08,22.31,24.5,22.75,24.5,780
2013-08-11,24.5,26.91,24.94,26.91,933
2013-08-13,26.91,29.17,26.4,29.17,4333
2013-08-14,29.17,31.94,29.68,31.94,1578
2013-08-15,31.94,32.52,31.94,31.94,590
2013-08-18,31.94,31.36,31.36,31.36,36
2013-08-19,31.36,30.77,30.77,30.77,35
2013-08-25,30.77,30.19,29.82,29.82,44
2013-08-26,29.82,29.82,29.82,29.82,77
2013-08-27,29.82,30.41,30.41,30.41,241
2013-08-29,30.41,30.41,29.82,30.41,507
2013-09-01,30.41,30.99,30.99,30.99,201
2013-09-02,30.99,30.48,29.9,29.9,412
2013-09-03,29.9,31.28,30.26,31.28,480
2013-09-04,31.28,30.77,30.48,30.48,1348
2013-09-05,30.48,31.65,30.92,31.36,1279
2013-09-08,31.36,32.52,31.87,32.52,241
2013-09-09,32.52,35.73,33.11,34.64,2537
2013-09-10,34.64,35.66,35.0,35.0,1468
2013-09-11,35.0,34.71,34.05,34.05,2056
2013-09-12,34.05,35.15,34.56,35.15,1314
2013-09-15,35.15,34.49,34.49,34.49,83
2013-09-17,34.49,35.0,34.27,35.0,650
2013-09-19,35.0,34.35,34.27,34.27,2057
2013-09-23,34.27,33.62,32.96,32.96,110
2013-09-24,32.96,32.3,32.3,32.3,423
2013-09-25,32.3,32.45,32.08,32.45,249
2013-09-29,32.45,32.08,32.08,32.08,199
2013-09-30,32.08,31.72,31.72,31.72,227
2013-10-01,31.72,31.79,31.79,31.79,572
2013-10-02,31.79,32.38,32.23,32.38,451
2013-10-03,32.38,32.96,32.96,32.96,73
2013-10-06,32.96,34.27,33.18,34.27,602
2013-10-07,34.27,34.64,33.98,34.64,1149
2013-10-09,34.64,35.29,34.64,35.29,1315
2013-10-10,35.29,34.64,34.64,34.64,572
2013-10-20,34.64,35.29,35.0,35.22,1050
2013-10-21,35.22,35.22,35.22,35.22,85
2013-10-22,35.22,35.37,34.78,34.78,1497
2013-10-23,34.78,35.37,35.37,35.37,572
2013-10-24,35.37,34.78,34.78,34.78,71
2013-10-28,34.78,35.22,33.91,33.91,2536
2013-10-29,33.91,33.25,33.25,33.25,500
2013-10-31,33.25,33.91,33.91,33.91,22
2013-11-06,33.91,35.15,34.49,35.07,937
2013-11-12,35.07,36.39,35.37,36.39,312
2013-11-13,36.39,39.96,37.04,39.96,11456
2013-11-14,39.96,42.22,40.62,40.69,3521
2013-11-21,40.69,42.29,41.49,42.29,342
2013-11-24,42.29,43.9,43.1,43.75,2865
2013-11-25,43.75,46.38,44.63,46.38,752
2013-11-26,46.38,48.05,47.25,47.4,425
2013-11-28,47.4,46.45,45.57,45.57,1009
2013-12-01,45.57,47.69,44.85,47.69,1508
2013-12-02,47.69,49.07,48.13,49.07,157
2013-12-03,49.07,50.97,50.02,50.97,696
2013-12-05,50.97,54.84,51.77,54.84,909
2013-12-08,54.84,56.15,55.93,56.15,251
2013-12-09,56.15,55.05,52.28,52.28,2206
2013-12-10,52.28,53.3,52.14,52.28,532
2013-12-11,52.28,51.99,51.99,51.99,500
2013-12-12,51.99,53.16,51.99,52.14,968
2013-12-15,52.14,57.31,53.16,57.31,1237
2013-12-16,57.31,61.98,58.41,61.98,4575
2013-12-18,61.98,64.46,63.22,64.17,1764
2013-12-19,64.17,63.44,62.71,63.08,2388
2013-12-22,63.08,64.17,63.08,63.8,1674
2014-01-12,76.57,62.65,62.65,62.65,329
2014-01-13,62.65,63.44,63.44,63.44,74
2014-01-14,63.44,64.67,64.67,64.67,504
2014-01-20,64.67,64.67,64.67,64.67,37
2014-01-22,64.67,65.98,65.89,65.98,86
2014-01-23,65.98,67.29,67.29,67.29,30
2014-01-26,67.29,68.6,68.6,68.6,135
2014-01-27,68.6,69.92,69.92,69.92,104
2014-01-28,69.92,71.23,71.23,71.23,12
2014-01-29,71.23,71.23,71.23,71.23,1211
2014-02-02,71.23,74.03,71.23,74.03,83
2014-02-03,74.03,81.38,75.43,81.38,1000
2014-02-04,81.38,89.52,82.95,89.52,866
2014-02-05,89.52,91.27,90.57,91.18,1682
2014-02-06,91.18,91.53,90.13,91.44,766
2014-02-09,91.44,91.79,91.35,91.7,484
2014-02-10,91.7,92.23,91.0,92.23,1408
2014-02-11,92.23,91.18,90.39,91.0,1956
2014-02-12,91.0,92.32,90.65,90.65,1548
2014-02-13,90.65,91.44,91.0,91.0,569
2014-02-16,91.0,92.75,88.82,88.82,813
2014-02-17,88.82,88.38,87.5,87.5,400
2014-02-18,87.5,91.0,87.5,87.5,977
2014-02-20,87.5,89.25,88.03,89.25,126
2014-02-24,89.25,89.69,89.25,89.69,957
2014-02-25,89.69,91.44,89.69,89.69,71
2014-03-05,89.69,87.94,86.19,87.07,575
2014-03-11,87.07,85.4,85.4,85.4,32
2014-03-12,85.4,83.74,80.5,82.08,418
2014-03-13,82.08,80.5,76.13,76.13,709
2014-03-17,76.13,76.57,74.38,74.38,963
2014-03-18,74.38,72.89,71.75,71.75,488
2014-03-19,71.75,72.45,71.05,72.45,645
2014-03-20,72.45,73.59,70.79,73.59,441
2014-03-23,73.59,74.99,73.5,74.99,366
2014-03-24,74.99,77.97,76.48,77.97,137
2014-03-25,77.97,79.45,78.75,78.75,353
2014-03-26,78.75,79.63,77.88,79.63,594
2014-03-27,79.63,79.63,78.32,78.32,246
2014-03-31,78.32,78.32,77.0,78.32,206
2014-04-01,78.32,81.47,78.4,81.47,1034
2014-04-02,81.47,82.25,80.5,80.5,1172
2014-04-03,80.5,82.95,80.94,82.95,1004
2014-04-06,82.95,84.79,81.55,84.53,593
2014-04-07,84.53,87.5,84.88,86.63,1702
2014-04-09,86.63,88.82,86.63,87.94,1199
2014-04-10,87.94,91.35,88.38,89.43,602
2014-04-13,89.43,92.32,89.25,89.25,953
2014-04-16,89.25,88.38,86.72,88.38,335
2014-04-17,88.38,89.69,88.38,88.38,727
2014-04-20,88.38,88.29,86.63,88.29,314
2014-04-21,88.29,91.0,88.38,91.0,7271
2014-04-22,91.0,92.75,90.13,92.75,3687
2014-04-23,92.75,95.29,93.63,93.63,1206
2014-04-27,93.63,96.25,92.75,94.5,2468
2014-04-28,94.5,95.47,93.63,94.94,419
2014-04-29,94.94,98.18,95.38,96.69,1324
2014-04-30,96.69,101.07,96.69,101.07,3645
2014-05-04,101.07,111.13,103.08,111.13,1666
2014-05-05,111.13,115.5,111.13,111.13,3039
2014-05-06,111.13,115.5,110.25,110.78,3925
2014-05-07,110.78,109.82,108.59,109.82,101
2014-05-08,109.82,109.38,107.19,107.63,1245
2014-05-11,107.63,107.19,101.42,101.42,477
2014-05-12,101.42,104.13,101.68,101.68,330
2014-05-13,101.68,102.47,98.0,98.0,3545
2014-05-15,98.0,96.87,96.25,96.69,973
2014-05-18,96.69,99.75,96.34,96.34,1796
2014-05-19,96.34,97.57,95.64,97.22,1653
2014-05-20,97.22,97.22,96.69,96.69,62
2014-05-21,96.69,98.44,97.57,97.57,830
2014-05-22,97.57,104.13,99.49,104.13,298
2014-05-25,104.13,108.24,105.0,105.88,1185
2014-05-26,105.88,104.13,102.38,104.13,1195
2014-06-01,104.13,102.12,101.5,101.5,358
2014-06-02,101.5,103.52,101.59,103.25,468
2014-06-03,103.25,102.38,101.24,102.38,457
2014-06-04,102.38,100.63,93.28,93.28,1543
2014-06-05,93.28,93.63,90.22,92.49,1581
2014-06-08,92.49,96.25,94.33,96.25,245
2014-06-09,96.25,99.75,97.83,97.83,766
2014-06-10,97.83,96.25,96.25,96.25,546
2014-06-11,96.25,99.23,97.13,99.23,1713
2014-06-12,99.23,100.19,98.88,98.88,347
2014-06-16,98.88,101.5,100.63,101.5,588
2014-06-17,101.5,99.49,99.49,99.49,118
2014-06-18,99.49,97.57,97.57,97.57,124
2014-06-19,97.57,97.65,97.57,97.65,187
2014-06-23,97.65,100.28,97.22,100.28,414
2014-06-24,100.28,102.29,98.35,102.29,445
2014-06-25,102.29,101.07,100.19,101.07,932
2014-06-26,101.07,101.07,99.05,100.63,342
2014-06-29,100.63,102.64,100.63,100.63,208
2014-06-30,100.63,105.27,100.8,105.27,1397
2014-07-01,105.27,114.63,107.28,114.63,1656
2014-07-02,114.63,116.9,109.38,109.38,3186
2014-07-03,109.38,111.13,107.28,107.28,678
2014-07-06,107.28,109.38,107.19,107.19,449
2014-07-07,107.19,109.29,109.29,109.29,51
2014-07-08,109.29,114.63,110.25,113.75,368
2014-07-09,113.75,112.88,112.88,112.88,125
2014-07-10,112.88,114.63,114.63,114.63,25
2014-07-13,114.63,113.75,112.35,113.75,417
2014-07-14,113.75,113.75,111.57,113.75,349
2014-07-16,113.75,116.38,113.75,113.75,2425
2014-07-17,113.75,115.94,114.19,114.63,519
2014-07-20,114.63,126.09,116.9,126.09,815
2014-07-21,126.09,138.69,128.54,138.69,4821
2014-07-22,138.69,138.26,129.51,132.48,1222
2014-07-23,132.48,135.11,131.26,135.11,2212
2014-07-24,135.11,140.09,137.38,140.09,91
2014-07-28,140.09,137.29,137.29,137.29,56
2014-07-30,137.29,134.76,134.58,134.58,111
2014-07-31,134.58,132.13,129.94,129.94,193
2014-08-03,129.94,127.76,123.38,124.69,762
2014-08-04,124.69,122.24,118.13,119.44,1185
2014-08-05,119.44,123.12,119.88,122.07,992
2014-08-06,122.07,134.23,124.43,134.23,3959
2014-08-07,134.23,140.09,131.34,140.09,2570
2014-08-12,140.09,145.61,140.01,141.84,3373
2014-08-13,141.84,142.19,140.88,142.19,3023
2014-08-14,142.19,142.19,140.01,140.01,2110
2014-08-18,140.01,141.76,138.52,138.52,977
2014-08-19,138.52,135.81,133.88,135.63,452
2014-08-20,135.63,134.32,131.69,131.69,2192
2014-08-21,131.69,129.51,129.07,129.51,842
2014-08-24,129.51,127.06,124.43,124.43,367
2014-08-26,124.43,122.94,121.98,121.98,146
2014-08-27,121.98,123.82,122.5,122.59,428
2014-08-28,122.59,125.04,122.59,122.94,683
2014-08-31,122.94,122.59,119.44,119.44,1286
2014-09-03,119.44,117.25,114.63,114.63,246
2014-09-04,114.63,112.35,110.34,110.34,305
2014-09-07,110.34,108.15,103.95,103.95,416
2014-09-09,103.95,106.84,102.82,104.74,563
2014-09-10,104.74,111.3,105.0,106.32,1891
2014-09-11,106.32,111.39,105.09,111.39,794
2014-09-14,111.39,113.58,113.58,113.58,300
2014-09-15,113.58,120.32,115.77,118.13,547
2014-09-16,118.13,126.44,120.49,124.69,1114
2014-09-17,124.69,129.68,127.06,127.06,1932
2014-09-21,122.5,122.33,122.33,122.33,63
2014-09-22,122.33,119.97,119.88,119.88,113
2014-09-23,119.88,119.53,118.13,118.13,888
2014-09-24,118.13,120.49,120.49,120.49,146
2014-09-29,120.49,125.31,122.85,125.13,1505
2014-09-30,125.13,124.25,123.38,123.38,268
2014-10-08,123.38,123.38,121.63,121.63,342
2014-10-09,121.63,119.7,119.27,119.27,695
2014-10-13,119.27,118.13,117.25,118.13,149
2014-10-14,118.13,119.88,119.0,119.0,215
2014-10-15,119.0,124.6,119.44,124.6,2080
2014-10-16,124.6,128.19,126.01,126.01,2193
2014-10-19,126.01,136.16,128.46,131.17,4585
2014-10-20,131.17,135.89,130.38,135.89,4881
2014-10-21,135.89,138.61,135.63,136.16,3136
2014-10-22,136.16,137.82,135.63,136.51,3401
2014-10-26,136.51,136.51,136.51,136.51,92
2014-10-27,136.51,137.64,136.51,136.94,749
2014-10-28,136.94,134.84,133.01,133.01,790
2014-10-30,133.01,135.54,134.76,135.54,180
2014-11-02,135.54,134.23,133.01,133.88,275
2014-11-04,133.88,131.26,127.32,127.32,491
2014-11-05,127.32,133.01,129.86,131.26,499
2014-11-09,131.26,131.26,131.26,131.26,898
2014-11-10,131.26,130.82,127.76,127.76,567
2014-11-11,127.76,133.01,129.51,133.01,764
2014-11-12,133.01,133.88,130.38,130.38,803
2014-11-13,130.38,130.38,129.24,130.38,285
2014-11-16,130.38,131.26,131.26,131.26,438
2014-11-17,131.26,129.51,126.97,126.97,276
2014-11-18,126.97,128.46,124.25,128.46,1157
2014-11-19,128.46,129.51,128.63,128.63,416
2014-11-20,128.63,131.26,128.63,129.51,687
2014-11-23,129.51,130.38,126.01,126.01,542
2014-12-01,126.01,133.01,128.46,133.01,461
2014-12-02,133.01,130.38,129.33,129.68,1782
2014-12-03,129.68,131.26,129.51,130.29,1501
2014-12-04,130.29,131.26,129.51,131.26,1906
2014-12-07,131.26,131.26,130.38,130.82,857
2014-12-08,130.82,129.77,127.23,127.58,1401
2014-12-09,127.58,130.82,127.76,130.38,1822
2014-12-10,130.35,127.77,127.77,127.77,30
2014-12-11,127.77,126.18,126.18,126.18,35
2014-12-14,126.18,130.1,128.63,130.1,89
2014-12-15,130.1,133.53,131.69,133.53,332
2014-12-18,133.53,133.53,133.53,133.53,57
2014-12-23,133.53,131.08,131.08,131.08,37
2014-12-24,131.08,140.15,132.31,140.15,671
2014-12-28,140.15,145.17,139.66,145.17,495
2014-12-29,145.17,147.99,145.78,147.99,132
2014-12-31,147.99,149.46,149.46,149.46,100
2015-01-01,149.46,151.05,148.11,148.11,356
2015-01-04,148.11,150.07,150.07,150.07,200
2015-01-05,150.07,159.01,153.01,156.44,2189
2015-01-06,156.44,159.26,156.19,159.26,97
2015-01-07,159.26,159.26,156.19,159.26,1212
2015-01-08,159.26,159.26,159.26,159.26,234
2015-01-12,159.26,161.71,159.26,159.26,464
2015-01-13,159.26,159.26,159.13,159.26,230
2015-01-14,159.26,160.48,159.75,160.48,282
2015-01-19,160.48,162.93,160.48,161.71,501
2015-01-25,161.71,161.71,159.26,159.26,264
2015-01-27,159.26,160.48,160.48,160.48,30
2015-01-29,160.48,160.48,160.48,160.48,402
2015-02-04,160.48,163.67,161.71,163.67,1355
2015-02-08,163.67,161.09,161.09,161.09,280
2015-02-09,161.09,164.65,164.16,164.65,585
2015-02-10,164.65,166.61,163.54,163.54,797
2015-02-11,163.54,162.93,160.48,160.85,3706
2015-02-12,160.85,166.48,161.71,166.48,3594
2015-02-15,166.48,169.67,169.06,169.06,412
2015-02-16,169.06,175.79,169.06,171.51,1326
2015-02-19,171.51,175.18,165.38,165.38,526
2015-02-22,165.38,165.38,162.07,162.07,1097
2015-02-23,162.07,163.18,155.83,163.18,1357
2015-02-24,163.18,160.48,160.48,160.48,315
2015-02-25,160.48,160.48,159.26,160.48,768
2015-02-26,160.48,158.03,158.03,158.03,311
2015-03-01,162.93,162.93,162.93,162.93,86
2015-03-02,162.93,164.16,164.16,164.16,205
2015-03-04,164.16,161.22,161.22,161.22,69
2015-03-09,161.22,164.16,164.16,164.16,167
2015-03-10,164.16,164.16,162.93,162.93,588
2015-03-11,162.93,162.32,161.71,162.32,565
2015-03-12,162.32,162.93,161.71,161.71,672
2015-03-15,161.71,162.32,162.32,162.32,131
2015-03-16,162.32,161.83,159.26,159.26,619
2015-03-17,159.26,159.87,158.03,158.64,1133
2015-03-18,158.64,159.26,159.26,159.26,500
2015-03-19,159.26,159.26,157.42,159.01,750
2015-03-22,159.01,155.95,155.95,155.95,88
2015-03-23,155.95,155.58,154.48,155.58,104
2015-03-26,155.58,158.03,155.58,158.03,369
2015-03-29,158.03,158.03,158.03,158.03,42
2015-03-30,158.03,154.97,154.97,154.97,533
2015-03-31,154.97,158.03,152.03,158.03,738
2015-04-01,158.03,154.97,153.13,153.13,611
2015-04-02,153.13,153.01,150.07,153.01,394
2015-04-08,153.01,153.25,151.42,151.42,272
2015-04-09,151.42,155.95,151.91,155.58,679
2015-04-12,155.58,155.58,155.58,155.58,130
2015-04-13,155.58,154.97,152.64,152.64,944
2015-04-15,152.64,152.15,151.42,151.42,494
2015-04-16,151.42,151.91,150.07,150.68,662
2015-04-20,150.68,147.74,147.74,147.74,175
2015-04-23,146.52,149.46,147.01,149.46,1729
2015-05-26,149.46,146.52,134.51,134.51,632
2015-05-27,134.51,131.94,126.18,126.3,828
2015-05-28,126.3,128.02,123.85,128.02,421
2015-05-31,128.02,135.61,128.02,135.61,593
2015-06-01,135.61,138.31,133.29,138.31,714
2015-06-02,138.31,138.31,138.31,138.31,100
2015-06-03,138.31,140.88,140.88,140.88,611
2015-06-04,140.88,144.56,142.23,144.56,75
2015-06-08,144.56,149.33,146.52,149.33,454
2015-06-09,149.33,152.27,143.7,143.82,1242
2015-06-10,143.82,146.64,141.0,143.82,2250
2015-06-11,143.82,141.25,141.25,141.25,10
2015-06-14,141.25,142.11,142.11,142.11,55
2015-06-16,142.11,143.33,140.51,140.51,1394
2015-06-17,140.51,140.88,138.55,140.88,340
2015-06-18,140.88,143.7,143.33,143.33,500
2015-06-21,143.33,147.01,145.78,147.01,351
2015-06-22,145.78,145.78,141.0,141.0,967
2015-06-23,141.0,142.11,140.88,140.88,1400
2015-06-24,139.04,140.76,139.04,140.27,1048
2015-06-25,140.64,143.33,140.64,143.33,689
2015-06-28,142.72,148.35,142.72,148.35,457
2015-06-29,148.23,150.68,147.01,150.68,1386
2015-06-30,150.68,153.62,150.07,153.13,866
2015-07-01,155.58,157.42,154.97,156.19,1502
2015-07-02,155.7,158.4,154.97,158.4,522
2015-07-05,155.7,155.7,155.58,155.58,303
2015-07-06,154.36,155.58,153.13,155.58,3632
2015-07-07,157.66,157.66,150.68,155.83,3156
2015-07-08,156.81,159.13,156.81,156.81,1210
2015-07-09,158.03,162.44,157.42,161.46,1668
2015-07-12,164.65,169.18,164.65,168.57,1588
2015-07-13,168.32,168.32,165.38,165.38,259
2015-07-14,165.5,166.61,164.16,165.38,971
2015-07-15,165.38,168.69,165.38,168.69,791
2015-07-16,168.69,171.63,169.06,171.63,2369
2015-07-22,174.57,185.59,174.57,185.59,2804
2015-07-23,185.59,189.27,183.76,189.27,5094
2015-07-26,189.27,192.95,192.95,192.95,311
2015-07-27,192.95,196.74,192.33,192.33,275
2015-07-28,192.33,189.88,178.86,178.86,690
2015-07-29,178.86,175.3,169.06,169.06,177
2015-07-30,169.06,175.79,171.51,175.79,356
2015-08-02,175.79,175.79,175.79,175.79,184
2015-08-03,175.79,177.39,175.06,175.06,383
2015-08-04,175.06,176.41,174.57,174.57,837
2015-08-05,174.57,174.81,174.69,174.69,310
2015-08-06,174.69,184.86,174.69,184.86,7816
2015-08-09,184.86,192.21,188.54,192.21,433
2015-08-10,192.21,199.07,194.78,199.07,976
2015-08-11,199.07,202.99,198.46,199.68,593
2015-08-12,200.91,200.91,200.91,200.91,153
2015-08-16,196.99,196.99,196.99,196.99,100
2015-08-17,200.91,200.91,196.99,197.85,650
2015-08-18,199.07,199.07,198.46,198.46,403
2015-08-20,202.38,206.42,202.38,206.42,150
2015-08-23,208.26,209.48,208.26,209.48,200
2015-08-24,213.65,218.67,213.65,218.67,510
2015-08-25,214.38,214.38,213.16,213.16,269
2015-08-27,217.32,217.32,217.32,217.32,50
2015-08-31,221.61,221.61,221.61,221.61,50
2015-09-01,221.61,230.43,222.96,230.43,120
2015-09-02,225.9,225.9,221.49,221.49,2000
2015-09-07,221.49,221.49,221.12,221.12,348
2015-09-08,218.06,218.06,217.45,217.45,150
2015-09-09,215.61,215.61,215.61,215.61,50
2015-09-13,215.61,215.61,211.32,211.32,371
2015-09-14,215.49,215.49,211.93,211.93,110
2015-09-15,216.1,216.1,216.1,216.1,20
2015-09-16,220.39,220.51,219.28,220.51,554
2015-09-17,221.73,226.14,220.51,226.14,873
2015-09-22,221.73,221.73,213.16,213.16,391
2015-09-28,210.83,211.32,210.83,211.32,260
2015-09-29,215.49,215.49,215.49,215.49,20
2015-09-30,215.61,217.45,215.61,217.45,97
2015-10-01,213.16,213.16,213.16,213.16,20
2015-10-04,208.99,213.16,208.99,213.16,70
2015-10-05,209.48,213.65,209.48,213.16,192
2015-10-06,217.32,230.43,217.32,230.43,98
2015-10-07,234.96,234.96,232.15,232.15,362
2015-10-08,232.15,232.15,222.96,222.96,891
2015-10-14,227.37,227.37,218.55,218.55,1343
2015-10-19,222.84,237.41,221.73,236.43,2532
2015-10-25,236.43,236.43,236.43,236.43,500
2015-10-27,235.21,235.45,235.21,235.21,554
2015-10-28,232.64,232.64,232.64,232.64,377
2015-11-01,232.76,232.76,227.86,227.86,347
2015-11-02,232.39,232.39,226.63,226.63,505
2015-11-03,222.96,222.96,222.96,222.96,55
2015-11-04,222.96,227.86,222.96,226.63,768
2015-11-05,226.63,230.43,226.63,229.7,525
2015-11-08,226.63,226.63,223.57,223.57,520
2015-11-09,225.41,230.31,225.41,230.31,607
2015-11-10,228.47,233.37,227.86,232.76,608
2015-11-15,232.76,232.76,227.86,227.86,472
2015-11-16,230.31,232.39,230.31,232.39,110
2015-11-18,228.59,236.43,228.59,231.9,1075
2015-11-19,231.9,231.9,230.31,230.31,542
2015-11-22,228.59,228.47,224.18,224.18,176
2015-11-23,223.45,223.57,220.51,220.51,542
2015-11-24,221.61,221.61,220.51,220.51,70
2015-11-25,218.06,218.67,211.93,211.93,290
2015-11-26,208.26,208.38,205.81,205.81,678
2015-11-29,201.77,202.13,198.09,198.46,433
2015-11-30,202.38,206.91,202.13,206.54,1790
2015-12-01,206.91,220.51,210.95,220.51,385
2015-12-02,221.12,228.72,218.55,228.72,5580
2015-12-03,232.76,246.72,232.76,246.23,2157
2015-12-04,249.91,256.65,241.33,256.65,5889
2015-12-07,257.26,259.1,252.36,257.26,3418
2015-12-08,259.1,264.0,254.81,263.39,8016
2015-12-09,263.42,289.67,268.53,286.21,5760
2015-12-10,280.74,282.56,275.27,276.37,990
2015-12-13,277.1,277.1,273.45,273.45,210
2015-12-14,267.98,267.98,266.16,266.16,427
2015-12-15,261.6,261.6,257.04,260.87,485
2015-12-16,257.04,257.04,253.4,255.22,1591
2015-12-17,260.32,260.32,260.32,260.32,250
2015-12-20,260.32,262.51,262.51,262.51,100
2015-12-22,260.69,260.69,260.69,260.69,25
2015-12-23,260.69,270.71,264.33,270.71,260
2015-12-24,271.63,275.27,267.07,267.07,1565
2015-12-25,272.36,277.64,272.36,276.18,756
2015-12-28,276.18,276.18,273.45,273.45,833
2015-12-29,273.45,287.85,273.45,287.85,1960
2015-12-31,288.03,292.41,288.03,292.41,1248
2016-01-03,292.96,304.8,292.59,301.71,2680
2016-01-04,301.71,308.09,304.44,307.72,996
2016-01-05,301.71,301.71,296.24,296.24,630
2016-01-06,294.96,294.96,294.96,294.96,436
2016-01-07,291.86,291.86,289.86,290.77,580
2016-01-10,290.77,289.86,287.12,289.86,500
2016-01-11,291.68,302.62,291.5,302.62,2174
2016-01-12,302.62,312.28,302.25,312.28,1387
2016-01-13,312.28,309.91,306.08,309.91,240
2016-01-14,309.73,309.73,306.26,306.26,650
2016-01-17,312.28,313.74,311.73,312.46,583
2016-01-18,306.26,309.91,306.26,309.91,262
2016-01-19,309.91,312.64,309.91,312.64,683
2016-01-20,309.91,313.56,309.91,313.56,466
2016-01-21,313.56,310.82,309.91,310.82,496
2016-01-24,310.82,335.43,313.56,335.43,1870
2016-01-25,339.08,341.99,319.02,324.49,3318
2016-01-26,324.49,328.14,324.49,326.32,1874
2016-01-27,326.32,326.32,326.32,326.32,100
2016-01-28,319.94,326.32,319.02,326.32,574
2016-01-31,321.76,328.14,321.21,326.32,5056
2016-02-01,326.32,338.35,327.96,329.05,1586
2016-02-02,329.05,339.08,328.14,335.25,1538
2016-02-03,335.43,353.3,335.43,353.3,6514
2016-02-04,353.3,360.04,350.02,350.02,1423
2016-02-07,350.02,344.55,338.17,338.17,337
2016-02-08,338.17,333.61,331.79,331.79,99
2016-02-11,331.79,326.32,323.58,323.58,410
2016-02-14,317.2,317.2,309.91,309.91,463
2016-02-15,308.27,314.28,308.27,313.56,415
2016-02-16,314.28,318.84,314.47,318.84,220
2016-02-18,318.84,315.38,314.47,315.38,1200
2016-02-21,319.02,320.85,318.11,320.85,895
2016-02-22,319.02,320.85,319.02,319.02,624
2016-02-23,319.02,320.85,315.38,320.85,788
2016-02-24,316.29,316.29,305.53,313.56,1283
2016-02-25,309.91,312.64,309.91,312.64,200
2016-02-28,312.64,313.19,309.91,312.64,869
2016-02-29,312.64,334.52,318.84,333.61,2411
2016-03-01,340.17,347.28,339.99,342.72,989
2016-03-02,349.47,349.47,342.91,346.37,670
2016-03-03,353.3,353.3,342.72,342.72,1262
2016-03-06,343.63,348.19,339.08,348.19,1382
2016-03-10,355.12,360.95,354.57,358.22,644
2016-03-13,351.11,351.11,351.11,351.11,94
2016-03-15,344.18,345.46,344.18,345.46,65
2016-03-16,339.08,339.08,332.15,332.15,376
2016-03-17,333.61,337.25,331.79,332.15,250
2016-03-20,325.59,334.52,325.59,334.52,1585
2016-03-21,328.14,329.96,321.76,329.96,474
2016-03-23,328.14,328.32,326.5,327.23,832
2016-03-24,327.23,332.7,326.32,332.7,1537
2016-03-27,332.7,328.14,328.14,328.14,50
2016-03-28,328.14,328.14,327.23,328.14,413
2016-03-29,328.14,331.6,328.14,331.6,580
2016-03-30,331.6,339.08,332.33,332.33,1129
2016-03-31,332.33,330.87,330.87,330.87,50
2016-04-03,330.87,324.49,313.74,319.02,4438
2016-04-04,319.02,329.96,319.02,329.96,150
2016-04-05,326.32,328.69,325.4,327.23,5234
2016-04-06,327.05,328.14,321.21,328.14,1062
2016-04-10,328.14,328.14,325.95,328.14,1532
2016-04-11,328.14,328.14,328.14,328.14,293
2016-04-12,328.14,324.31,319.94,319.94,2220
2016-04-14,319.94,334.52,324.31,334.34,1634
2016-04-17,337.25,337.25,328.5,331.79,973
2016-04-18,331.79,364.05,338.17,360.59,8067
2016-04-19,360.59,360.95,353.66,355.48,1085
2016-04-20,355.48,353.48,350.02,350.02,526
2016-04-21,350.02,346.55,341.26,344.36,1327
2016-04-24,344.36,341.63,339.08,341.63,1071
2016-04-25,341.63,348.19,341.63,348.19,2286
2016-04-26,348.19,350.93,349.47,349.47,867
2016-04-27,349.47,370.98,348.19,370.98,3294
2016-04-28,370.98,381.19,366.42,372.8,4983
2016-05-02,372.8,373.71,364.6,367.33,2343
2016-05-03,367.33,367.33,355.3,362.23,3720
2016-05-04,362.23,364.05,360.95,360.95,3154
2016-05-05,360.95,361.5,353.84,360.04,1905
2016-05-08,360.04,355.48,355.48,355.48,30
2016-05-09,357.31,364.6,356.58,364.6,2184
2016-05-10,371.89,372.8,362.78,362.78,543
2016-05-11,362.78,364.42,364.42,364.42,53
2016-05-12,359.13,359.13,359.13,359.13,82
2016-05-15,354.57,358.95,354.57,358.95,2038
2016-05-16,358.95,357.31,357.31,357.31,138
2016-05-17,351.84,360.04,351.84,360.04,1101
2016-05-18,360.04,363.69,360.04,360.04,842
2016-05-19,360.04,364.6,360.95,362.78,612
2016-05-22,362.78,373.71,364.6,366.42,1383
2016-05-23,366.42,373.35,352.02,373.35,340
2016-05-24,373.35,381.19,368.43,381.19,2669
2016-05-25,381.19,396.32,375.72,381.01,3025
2016-05-26,381.01,390.49,373.71,390.49,3388
2016-05-29,390.49,392.31,384.65,392.31,1293
2016-05-30,392.31,391.94,381.01,388.3,2824
2016-05-31,388.3,388.3,382.83,387.39,855
2016-06-01,387.39,392.86,384.65,388.3,3415
2016-06-02,388.3,383.19,381.01,383.19,621
2016-06-05,383.19,375.54,364.6,364.6,464
2016-06-06,364.6,371.89,368.25,368.43,667
2016-06-07,370.07,377.0,370.07,370.07,991
2016-06-08,370.07,378.27,373.71,378.27,897
2016-06-09,382.83,382.83,381.74,381.74,386
2016-06-12,381.92,398.14,388.3,393.77,829
2016-06-13,393.77,433.14,399.05,424.58,4896
2016-06-14,432.96,432.96,416.55,416.74,2489
2016-06-15,419.29,419.29,413.46,413.64,537
2016-06-16,413.64,419.29,408.35,408.35,726
2016-06-19,408.35,413.64,403.43,406.53,1757
2016-06-20,406.53,407.44,401.06,407.44,1184
2016-06-21,407.44,401.97,399.24,401.06,800
2016-06-22,397.41,419.29,394.68,419.29,2145
2016-06-23,419.29,419.29,415.64,419.29,2002
2016-06-26,419.29,427.49,419.11,419.29,1653
2016-06-27,419.29,427.67,412.0,419.29,2777
2016-06-28,419.29,427.67,419.29,426.58,734
2016-06-29,426.58,428.4,423.3,423.3,3033
2016-06-30,423.3,446.63,428.4,446.63,5014
2016-07-03,446.63,485.28,446.82,485.28,9905
2016-07-04,485.28,488.56,458.12,483.46,4745
2016-07-05,473.98,473.98,446.63,460.31,2996
2016-07-06,457.57,457.57,448.46,448.46,350
2016-07-10,448.46,457.39,439.34,439.34,4017
2016-07-11,439.34,439.34,424.39,433.87,919
2016-07-12,433.87,428.4,420.2,428.4,2473
2016-07-13,428.4,420.2,413.82,419.29,908
2016-07-14,426.58,441.16,419.29,441.16,2698
2016-07-19,432.41,432.41,397.05,397.05,380
2016-07-20,389.21,389.21,360.04,368.25,5397
2016-07-21,368.25,384.65,360.95,384.65,3154
2016-07-25,384.65,393.77,379.18,393.77,976
2016-07-26,393.77,401.97,393.77,401.06,279
2016-07-27,401.06,414.55,406.53,406.53,911
2016-07-28,406.53,415.64,406.53,406.53,1635
2016-07-31,406.53,414.55,401.06,410.17,2063
2016-08-01,410.17,410.17,399.24,399.24,2490
2016-08-02,399.24,399.24,391.94,392.13,873
2016-08-03,392.13,391.94,384.65,387.39,591
2016-08-04,387.39,382.83,379.18,379.18,1351
2016-08-07,379.18,412.0,386.66,393.77,2677
2016-08-08,393.77,386.48,379.18,379.18,300
2016-08-10,386.66,394.31,382.83,390.12,3371
2016-08-11,390.49,390.49,383.92,385.02,777
2016-08-14,378.27,382.83,377.36,381.92,1500
2016-08-15,369.89,369.89,366.42,366.42,215
2016-08-16,373.71,375.54,373.71,375.54,324
2016-08-17,368.06,382.83,368.06,376.45,1313
2016-08-21,370.07,371.89,369.34,370.07,428
2016-08-22,364.6,364.6,357.31,357.31,991
2016-08-23,350.2,364.6,350.2,360.04,1097
2016-08-24,353.66,374.44,353.66,374.44,882
2016-08-28,374.44,374.44,374.44,374.44,89
2016-08-29,379.0,402.15,379.0,401.06,560
2016-08-30,401.06,401.06,393.95,400.69,882
2016-08-31,394.68,395.59,393.77,395.59,150
2016-09-01,394.68,400.15,394.68,400.15,667
2016-09-04,397.05,398.32,397.05,398.32,1188
2016-09-05,406.16,406.16,399.24,401.06,461
2016-09-06,401.06,408.35,396.5,399.24,5592
2016-09-07,395.59,395.59,395.59,395.59,100
2016-09-08,397.41,397.41,388.84,391.94,999
2016-09-11,391.94,393.77,386.66,387.2,2805
2016-09-12,394.86,394.86,394.86,394.86,10
2016-09-14,395.59,395.59,391.94,391.94,180
2016-09-18,397.41,419.29,393.04,419.29,3685
2016-09-20,422.93,422.93,402.88,410.17,2626
2016-09-21,404.7,415.64,402.88,415.64,1952
2016-09-22,411.09,415.64,410.17,410.9,2664
2016-09-25,411.09,415.64,410.17,410.9,2664
2016-09-26,386.66,390.12,383.01,383.01,1121
2016-09-27,379.18,384.65,375.54,377.36,1715
2016-09-28,371.89,388.3,371.89,388.3,922
2016-09-29,380.64,380.64,349.47,349.47,1512
2016-10-02,342.54,342.54,317.2,317.2,1855
2016-10-03,317.2,323.4,317.2,322.49,467
2016-10-04,317.2,319.02,314.65,319.02,1090
2016-10-05,325.4,325.4,325.4,325.4,44
2016-10-18,325.4,325.4,319.21,319.21,166
2016-10-19,315.38,315.38,309.0,309.36,869
2016-10-20,303.53,317.2,303.53,314.47,911
2016-10-23,319.02,320.66,319.02,320.66,291
2016-10-25,315.38,315.38,315.38,315.38,50
2016-10-26,309.91,309.91,309.91,309.91,38
2016-10-27,309.91,309.91,309.91,309.91,27
2016-11-03,310.82,329.05,309.91,322.49,1493
2016-11-07,328.87,335.43,322.31,326.32,756
2016-11-08,324.49,324.49,315.38,315.38,1247
2016-11-09,309.36,311.73,308.09,308.09,1048
2016-11-10,314.1,336.71,314.1,328.87,2532
2016-11-13,329.05,333.79,324.49,333.79,2339
2016-11-14,333.61,334.52,326.32,328.14,2258
2016-11-15,328.14,343.45,328.14,336.89,1172
2016-11-16,330.98,333.61,330.33,333.61,545
2016-11-17,333.39,333.39,317.2,321.58,781
2016-11-20,315.23,317.2,302.98,302.98,1058
2016-11-21,306.26,306.26,297.51,300.79,659
2016-11-22,306.26,308.45,305.17,305.17,660
2016-11-23,311.08,311.08,297.51,297.51,889
2016-11-24,297.51,299.7,290.95,290.95,1057
2016-11-27,285.26,285.26,273.45,274.54,869
2016-11-28,269.07,283.07,252.01,283.07,789
2016-11-29,288.54,311.29,288.54,311.29,1455
2016-11-30,317.42,324.86,315.01,315.01,1296
2016-12-01,311.95,321.58,310.64,316.76,5292
2016-12-04,310.64,310.64,304.08,304.51,913
2016-12-05,298.17,299.7,295.33,297.51,1516
2016-12-06,301.89,307.36,300.79,306.26,579
2016-12-07,303.86,306.04,300.14,305.17,3210
2016-12-08,301.01,301.01,301.01,301.01,20
2016-12-11,297.51,299.7,295.33,296.42,1395
2016-12-12,290.51,290.95,284.82,284.82,808
2016-12-15,290.51,297.51,290.51,297.51,400
2016-12-18,293.14,294.23,292.04,294.23,1000
2016-12-19,290.95,290.95,280.45,285.48,1340
2016-12-20,285.48,286.57,284.39,284.82,1076
2016-12-21,284.39,290.95,284.39,285.26,550
2016-12-22,284.39,290.08,284.39,290.08,400
2016-12-26,284.39,284.39,267.98,267.98,1129
2016-12-27,267.98,271.26,267.98,271.26,280
2016-12-29,271.26,276.51,271.26,276.51,200
2017-01-01,277.82,277.82,271.26,275.64,3780
2017-01-02,281.11,286.57,273.45,283.29,5110
2017-01-03,277.82,277.82,270.39,270.39,1229
2017-01-04,266.23,271.48,266.23,271.48,550
2017-01-05,276.73,277.82,276.51,276.51,241
2017-01-08,274.54,277.82,272.36,277.82,630
2017-01-09,281.11,286.57,281.11,285.48,560
2017-01-10,284.39,292.04,284.39,292.04,450
2017-01-11,287.01,287.01,286.14,286.14,220
2017-01-12,286.57,286.57,281.11,282.2,170
2017-01-16,281.11,281.11,275.64,275.86,350
2017-01-17,275.64,287.45,275.64,287.45,401
2017-01-18,293.14,293.14,284.39,284.61,481
2017-01-19,284.39,284.39,280.01,280.01,59
2017-01-22,276.73,279.79,276.73,279.79,297
2017-01-23,275.64,275.64,275.64,275.64,338
2017-01-24,273.45,273.45,266.45,271.26,3798
2017-01-25,266.89,266.89,266.01,266.89,490
2017-01-26,262.51,271.26,253.1,263.61,1017
2017-01-31,258.35,258.35,258.35,258.35,19
2017-02-01,262.51,273.01,260.1,271.26,520
2017-02-02,267.76,267.76,262.51,267.76,955
2017-02-05,262.51,266.89,261.64,261.64,176
2017-02-06,257.04,265.79,257.04,264.7,993
2017-02-08,269.95,269.95,260.32,269.95,996
2017-02-09,275.2,280.67,260.32,260.32,2318
2017-02-12,260.32,260.32,247.2,253.1,1268
2017-02-13,248.07,252.89,248.07,249.39,1076
2017-02-14,249.39,259.23,249.39,250.7,2317
2017-02-15,255.51,265.36,255.51,264.92,1159
2017-02-16,270.17,275.42,267.98,271.26,1610
2017-02-19,273.67,284.61,273.45,284.61,2919
2017-02-20,290.29,295.98,274.54,274.54,5036
2017-02-21,273.45,278.92,273.45,273.67,1693
2017-02-22,268.42,282.2,263.39,278.92,1170
2017-02-23,273.45,277.82,273.45,274.54,1294
2017-02-26,273.45,274.54,264.04,266.23,1494
2017-02-28,262.51,269.51,253.76,269.51,4191
2017-03-01,271.26,271.26,266.89,271.04,1191
2017-03-02,271.26,272.36,266.23,271.92,1348
2017-03-05,277.17,288.11,277.17,284.17,1184
2017-03-06,288.54,288.54,275.64,282.2,2452
2017-03-07,277.82,277.82,275.64,275.64,830
2017-03-09,272.36,282.2,270.39,281.98,1024
2017-03-13,276.73,286.57,276.73,283.29,409
2017-03-14,287.67,287.67,281.11,283.29,2386
2017-03-15,278.92,284.39,278.92,284.39,1006
2017-03-16,288.54,288.54,284.39,284.39,1586
2017-03-19,284.39,295.11,284.39,295.11,1485
2017-03-20,295.54,310.42,293.14,306.26,4260
2017-03-21,300.79,333.61,295.33,332.51,5090
2017-03-22,339.08,357.02,326.17,331.42,11589
2017-03-23,331.42,337.98,321.58,330.33,5068
2017-03-26,332.51,347.61,332.51,345.86,3882
2017-03-28,345.86,378.45,352.64,378.45,9213
2017-03-29,378.45,385.89,360.95,365.33,6554
2017-03-30,365.33,372.11,351.11,366.42,2991
2017-04-02,373.64,391.58,371.89,391.58,4444
2017-04-03,399.24,423.08,365.33,372.55,5500
2017-04-04,365.11,379.55,365.11,377.36,3089
2017-04-06,377.36,376.27,363.36,375.17,5635
2017-04-09,372.11,389.83,372.11,382.83,3381
2017-04-10,390.49,421.11,385.89,413.24,18353
2017-04-11,407.99,433.14,407.99,432.49,8834
2017-04-12,441.68,470.99,433.14,433.14,13573
2017-04-13,432.05,454.58,423.96,440.8,6661
2017-04-16,432.05,448.46,424.39,425.49,12356
2017-04-18,417.17,423.74,393.77,413.46,9514
2017-04-19,413.46,435.11,407.11,435.11,2364
2017-04-20,443.64,443.64,422.42,423.96,6061
2017-04-23,432.27,441.89,432.27,439.71,6734
2017-04-24,435.33,446.27,428.99,435.33,4533
2017-04-25,437.52,448.46,435.33,435.77,2720
2017-04-26,437.3,442.55,437.08,437.74,6369
2017-04-27,437.52,445.18,432.05,445.18,4427
2017-04-30,436.43,444.08,430.96,432.27,3699
2017-05-02,434.24,444.08,434.02,436.43,3919
2017-05-03,443.86,462.68,441.89,442.99,8290
2017-05-04,443.43,445.18,440.8,443.86,3732
2017-05-07,437.52,437.74,431.17,431.39,2634
2017-05-08,439.71,439.71,433.14,437.52,2384
2017-05-09,437.52,439.71,435.33,435.33,1284
2017-05-11,443.86,443.86,437.52,439.05,701
2017-05-15,437.74,445.18,437.74,441.89,256
2017-05-16,441.89,441.89,437.52,437.52,2564
2017-05-17,437.52,441.68,436.43,436.43,1490
2017-05-18,436.43,437.74,433.14,433.14,1358
2017-05-21,433.14,435.33,430.08,435.33,690
2017-05-22,426.8,427.46,426.8,427.46,98
2017-05-23,435.99,435.99,435.33,435.33,510
2017-05-24,435.33,437.08,430.3,437.08,2811
2017-05-28,437.3,437.3,430.96,433.36,2098
2017-05-30,427.67,435.33,427.67,435.33,1310
2017-05-31,435.33,434.89,427.24,433.14,6437
2017-06-01,437.52,437.52,430.96,430.96,1784
2017-06-04,434.24,434.24,429.86,429.86,300
2017-06-05,433.14,433.58,426.58,433.58,5028
2017-06-06,437.52,446.27,437.3,446.27,7378
2017-06-07,444.08,444.08,435.55,435.55,1860
2017-06-08,437.52,439.71,431.61,431.61,2905
2017-06-11,424.83,434.24,424.83,429.21,2736
2017-06-12,429.86,433.14,425.49,430.96,1787
2017-06-13,433.14,433.14,427.02,427.24,811
2017-06-14,427.24,430.74,426.8,429.21,961
2017-06-15,422.42,433.14,422.21,430.96,737
2017-06-18,433.14,429.86,424.17,424.17,608
2017-06-19,432.49,432.49,419.8,420.46,1709
2017-06-20,421.11,424.39,413.46,415.86,3023
2017-06-21,407.11,421.99,407.11,421.99,895
2017-06-22,421.99,432.92,421.99,429.86,2687
2017-06-25,429.86,430.3,426.58,426.58,860
2017-06-27,429.86,432.05,428.77,432.05,527
2017-06-28,430.96,432.05,426.8,426.8,710
2017-07-02,418.92,424.39,416.08,420.02,1119
2017-07-03,425.49,426.58,420.02,420.02,950
2017-07-04,421.11,422.21,421.11,421.11,460
2017-07-05,422.21,422.21,422.21,422.21,100
2017-07-06,425.49,448.46,425.49,447.36,9147
2017-07-09,447.36,455.89,425.05,437.52,4790
2017-07-10,435.33,435.33,431.61,431.61,362
2017-07-11,428.77,439.71,428.77,436.43,1328
2017-07-12,437.52,437.52,426.8,434.24,848
2017-07-13,426.8,437.3,426.8,430.96,814
2017-07-16,428.11,436.64,428.11,436.43,1658
2017-07-17,433.14,454.58,432.05,453.93,3987
2017-07-18,462.68,466.18,453.49,461.58,11298
2017-07-19,452.83,470.33,452.83,461.58,3956
2017-07-20,459.39,459.39,453.93,459.18,6998
2017-07-23,458.3,459.39,455.24,455.24,1842
2017-07-24,455.46,460.49,455.46,459.39,3784
2017-07-25,459.61,459.61,457.21,459.39,1424
2017-07-26,457.21,462.02,457.21,461.58,2420
2017-07-27,462.24,478.86,459.39,465.96,3719
2017-07-30,465.96,481.05,462.68,480.61,5285
2017-07-31,486.52,486.52,470.33,476.9,3808
2017-08-01,475.8,480.83,469.46,474.93,2889
2017-08-02,483.46,489.36,479.08,487.83,6669
2017-08-03,487.83,485.65,479.08,479.08,1219
2017-08-06,479.3,481.05,472.74,480.83,1198
2017-08-07,483.46,483.46,472.52,473.83,465
2017-08-09,474.93,474.93,472.3,472.52,1530
2017-08-10,472.52,480.18,465.96,465.96,1351
2017-08-13,475.15,484.55,465.96,467.05,5359
2017-08-15,467.05,467.05,459.61,462.68,3033
2017-08-16,457.21,479.74,457.21,479.74,3112
2017-08-17,477.99,477.99,471.65,477.77,598
2017-08-20,473.61,475.8,468.15,472.52,10038
2017-08-21,470.33,470.33,463.11,463.33,683
2017-08-22,457.21,471.86,453.93,465.96,1735
2017-08-23,470.33,470.33,463.77,467.05,1060
2017-08-24,463.77,465.96,463.77,464.21,345
2017-08-27,464.21,472.52,465.96,468.15,5218
2017-08-28,469.24,479.74,469.24,478.21,4308
2017-08-30,478.21,487.83,481.27,486.3,11018
2017-08-31,486.3,507.52,487.83,507.52,12675
2017-09-04,497.68,511.9,491.99,497.46,9191
2017-09-06,507.08,514.08,497.9,510.37,12484
2017-09-07,514.08,532.24,514.08,522.4,17616
2017-09-10,532.68,574.46,532.68,545.8,43053
2017-09-11,546.9,546.9,538.15,541.43,12334
2017-09-12,540.99,540.99,521.74,525.02,3900
2017-09-13,526.12,532.68,514.08,522.84,4701
2017-09-14,522.84,529.18,516.27,526.12,4464
2017-09-17,529.4,529.62,522.84,524.37,5735
2017-09-18,525.02,526.12,520.65,521.74,5390
2017-09-20,523.93,525.02,522.84,523.49,1820
2017-09-24,522.84,527.21,522.84,523.93,2078
2017-09-25,522.84,525.02,522.18,525.02,2307
2017-09-26,527.21,529.4,527.21,529.4,1206
2017-10-03,530.49,530.49,530.49,530.49,200
2017-10-04,527.43,530.49,527.43,528.3,1574
2017-10-08,518.68,518.68,503.15,516.27,1801
2017-10-09,512.12,519.33,511.9,515.83,2644
2017-10-10,515.4,517.37,514.08,514.08,1160
2017-10-11,516.27,516.27,507.52,509.05,3069
2017-10-12,509.71,514.08,509.71,512.99,724
2017-10-15,514.08,517.37,512.99,514.74,1519
2017-10-16,522.84,524.37,521.74,522.84,477
2017-10-17,525.02,525.02,520.65,525.02,1120
2017-10-18,525.02,525.02,523.93,525.02,715
2017-10-22,531.59,533.77,524.59,525.02,1272
2017-10-23,525.02,525.02,519.55,519.55,407
2017-10-24,519.55,524.37,511.9,524.37,813
2017-10-25,523.93,523.93,516.27,517.37,295
2017-10-29,518.24,518.46,508.18,514.3,1153
2017-10-30,512.99,512.99,503.15,505.33,6005
2017-10-31,504.24,507.52,504.24,507.08,1153
2017-11-01,503.15,505.12,502.05,505.12,790
2017-11-02,505.12,505.33,504.24,504.24,948
2017-11-05,506.43,506.43,493.3,496.58,4018
2017-11-06,496.58,512.99,496.58,500.96,931
2017-11-07,500.96,500.96,497.68,498.77,370
2017-11-08,498.77,502.93,495.71,502.93,848
2017-11-09,503.15,503.15,493.08,495.05,1184
2017-11-12,494.83,499.87,497.68,497.68,510
2017-11-13,497.68,503.15,491.11,498.77,2446
2017-11-14,508.62,518.68,503.15,509.71,632
2017-11-15,509.71,509.71,500.52,500.52,2132
2017-11-16,509.27,509.27,497.68,497.68,573
2017-11-19,497.68,496.15,493.3,493.3,560
2017-11-20,492.21,492.21,486.52,486.74,3513
2017-11-21,483.68,493.3,483.68,491.99,780
2017-11-22,493.3,493.96,492.21,492.65,570
2017-11-23,492.21,500.74,496.58,500.74,130
2017-11-26,500.74,502.93,498.77,498.77,1045
2017-11-27,499.87,500.74,492.87,494.4,1879
2017-11-28,494.4,497.24,494.4,497.24,2120
2017-11-29,500.96,509.71,500.96,509.71,4330
2017-11-30,510.15,510.8,508.62,509.27,738
2017-12-04,506.43,506.43,500.96,501.4,1170
2017-12-05,502.05,503.15,502.05,503.15,480
2017-12-06,500.74,509.49,500.74,509.49,2298
2017-12-10,512.99,512.99,503.15,503.15,1965
2017-12-11,503.37,506.21,502.27,503.15,3245
2017-12-12,500.08,500.52,497.68,498.77,1691
2017-12-13,503.15,503.15,503.15,503.15,40
2017-12-14,503.15,503.15,503.15,503.15,100
2017-12-17,502.93,502.93,494.4,494.4,600
2017-12-18,503.15,504.02,497.68,502.93,3016
2017-12-19,494.4,502.49,493.52,502.49,560
2017-12-20,502.49,502.49,492.65,494.62,1542
2017-12-21,503.58,503.58,488.05,488.27,1951
2017-12-24,492.21,502.05,485.65,485.65,4717
2017-12-26,481.27,481.27,470.33,470.33,2339
2017-12-27,462.02,462.68,456.11,456.33,2742
2017-12-28,453.93,467.05,450.64,460.27,2985
2017-12-31,460.13,459.4,432.79,432.79,1796
2018-01-01,441.17,450.29,432.42,449.92,1504
2018-01-02,452.11,463.05,449.92,459.4,4480
2018-01-03,467.79,467.79,448.47,448.47,2885
2018-01-04,448.47,455.76,441.9,453.93,746
2018-01-07,462.69,464.87,461.23,462.69,628
2018-01-08,470.34,470.34,463.05,464.51,944
2018-01-09,464.51,468.52,459.77,467.79,2300
2018-01-10,460.13,463.05,459.4,461.23,1504
2018-01-14,455.76,455.76,452.11,453.21,791
2018-01-16,453.21,453.21,437.53,446.28,370
2018-01-17,450.29,452.11,446.64,451.38,632
2018-01-21,451.38,451.38,437.53,437.53,1969
2018-01-22,437.53,437.53,424.77,427.68,3040
2018-01-23,421.12,421.12,415.65,417.47,2334
2018-01-24,417.47,417.47,416.02,416.02,130
2018-01-25,424.04,424.04,424.04,424.04,100
2018-01-28,428.41,438.99,426.59,434.61,1689
2018-01-29,443.0,443.0,428.78,429.51,1630
2018-01-31,437.16,437.53,430.24,433.52,1979
2018-02-01,433.88,434.61,428.41,433.15,5625
2018-02-04,437.53,437.53,432.06,433.88,1634
2018-02-05,430.24,432.06,430.24,430.24,368
2018-02-06,428.41,437.16,428.41,428.78,617
2018-02-07,435.7,435.7,428.41,431.33,423
2018-02-08,433.88,433.88,430.24,430.24,460
2018-02-11,428.41,434.98,426.59,429.51,953
2018-02-12,430.24,432.06,430.24,431.33,986
2018-02-14,430.24,431.69,428.78,431.33,1084
2018-02-15,437.53,446.28,433.88,442.27,2083
2018-02-18,442.27,459.4,442.27,442.27,2830
2018-02-20,441.17,441.17,433.88,434.61,975
2018-02-21,433.88,436.07,428.78,433.88,318
2018-02-22,430.24,430.24,429.14,429.14,1335
2018-02-25,432.06,433.88,430.24,430.24,213
2018-02-26,430.96,437.53,430.96,431.69,563
2018-02-27,426.22,426.22,417.11,425.86,950
2018-02-28,421.12,421.12,413.1,415.65,939
2018-03-04,408.36,408.36,395.6,402.89,2961
2018-03-05,401.07,408.36,397.79,398.15,995
2018-03-06,392.32,407.63,391.95,399.61,1054
2018-03-07,413.46,414.92,410.18,414.92,650
2018-03-11,414.92,409.09,401.07,409.09,950
2018-03-12,409.09,409.09,401.07,401.07,675
2018-03-13,401.07,401.07,390.13,390.13,903
2018-03-14,392.68,392.68,388.31,388.31,407
2018-03-15,381.01,388.31,379.92,388.31,720
2018-03-18,388.31,390.13,387.21,390.13,620
2018-03-19,395.23,395.23,388.31,388.31,350
2018-03-20,388.31,389.04,381.74,387.58,775
2018-03-21,381.01,381.01,362.78,364.61,3175
2018-03-22,357.31,369.35,347.11,355.49,1225
2018-03-26,348.56,350.02,335.07,335.07,2581
2018-03-27,335.44,342.0,323.77,342.0,815
2018-03-28,340.91,344.19,335.07,342.37,2180
2018-03-29,342.73,346.38,342.73,342.73,1870
2018-04-01,337.26,342.73,336.17,342.73,269
2018-04-02,342.73,342.73,342.73,342.73,50
2018-04-03,342.73,342.73,335.44,335.44,1160
2018-04-04,342.0,344.55,342.0,344.55,2205
2018-04-05,350.39,358.04,346.38,355.49,4648
2018-04-08,360.23,390.86,357.68,390.86,6730
2018-04-09,398.51,404.71,391.22,397.42,3921
2018-04-10,390.13,404.35,375.54,388.31,3247
2018-04-11,382.84,388.31,381.01,381.01,955
2018-04-12,381.01,395.96,381.01,385.39,1914
2018-04-15,385.02,397.06,382.84,397.06,745
2018-04-16,389.76,413.83,389.76,409.82,3165
2018-04-17,409.82,450.65,410.18,444.46,4358
2018-04-18,453.21,461.96,444.82,448.47,4308
2018-04-19,455.76,456.85,447.01,447.01,2049
2018-04-22,447.01,473.99,448.47,473.99,2232
2018-04-23,483.47,502.79,457.58,464.87,5108
2018-04-24,464.87,470.34,455.76,461.23,1231
2018-04-25,452.11,452.11,444.82,446.28,2108
2018-04-26,446.64,446.64,429.87,429.87,1525
2018-04-29,438.26,446.64,431.69,431.69,804
2018-05-02,431.69,444.82,415.65,444.82,1654
2018-05-03,444.82,453.57,441.9,449.2,2313
2018-05-06,452.48,452.48,449.2,449.2,1430
2018-05-07,441.17,446.64,441.17,446.64,532
2018-05-08,448.47,451.38,430.96,451.38,765
2018-05-09,451.38,448.47,442.63,448.47,700
2018-05-10,448.47,456.85,441.17,441.17,1081
2018-05-14,437.89,437.89,436.07,436.07,938
2018-05-15,437.53,440.81,433.88,433.88,400
2018-05-16,437.53,440.44,437.53,437.89,1234
2018-05-17,437.89,441.17,432.42,441.17,1387
2018-05-20,439.72,441.9,438.62,438.62,2470
2018-05-21,439.35,442.63,439.35,441.17,861
2018-05-22,439.35,444.82,439.35,444.82,120
2018-05-23,441.17,441.17,435.7,439.35,580
2018-05-24,439.35,432.42,432.06,432.06,608
2018-05-27,432.06,432.06,428.41,428.41,193
2018-05-28,428.41,437.53,421.12,437.53,680
2018-05-29,437.53,439.35,437.53,437.53,195
2018-05-30,446.28,448.47,445.55,446.28,420
2018-05-31,437.53,437.89,437.53,437.89,60
2018-06-03,429.14,429.14,429.14,429.14,10
2018-06-04,425.86,430.24,414.56,414.56,850
2018-06-06,422.58,439.35,422.58,424.77,440
2018-06-07,424.77,424.77,419.3,419.3,520
2018-06-10,412.01,412.01,412.01,412.01,50
2018-06-11,404.71,419.3,403.98,419.3,420
2018-06-12,413.83,419.3,408.36,410.18,923
2018-06-13,401.07,417.11,401.07,409.45,1041
2018-06-14,412.37,420.03,412.01,412.37,210
2018-06-17,410.55,410.55,404.71,404.71,380
2018-06-18,401.07,406.54,401.07,404.71,1000
2018-06-19,406.9,406.9,406.9,406.9,10
2018-06-20,410.18,415.65,406.54,406.54,180
2018-06-21,399.24,406.54,397.42,404.71,450
2018-06-24,406.54,406.54,401.43,401.43,30
2018-06-25,401.07,401.07,399.24,399.24,757
2018-06-26,399.24,399.24,393.05,393.77,1723
2018-06-27,386.12,393.05,382.84,386.48,924
2018-06-28,386.48,394.14,386.48,393.77,100
2018-07-01,353.67,360.6,353.67,360.6,845
2018-07-02,354.4,359.87,352.94,354.03,605
2018-07-03,379.19,379.19,357.31,359.5,2562
2018-07-04,362.78,364.61,359.5,359.5,1913
2018-07-05,366.43,375.54,362.78,375.54,7005
2018-07-08,382.84,382.84,375.91,378.1,2382
2018-07-09,370.8,375.54,364.61,371.9,1256
2018-07-10,372.26,372.26,365.7,366.43,906
2018-07-11,371.9,381.01,370.8,370.8,1435
2018-07-12,377.37,377.73,368.62,371.17,2216
2018-07-15,371.17,375.54,368.25,368.25,422
2018-07-16,366.43,373.36,364.61,373.36,1205
2018-07-17,371.17,371.17,368.98,370.08,205
2018-07-18,364.61,365.34,364.61,364.61,157
2018-07-19,362.78,364.61,361.32,364.24,703
2018-07-22,357.31,363.51,357.31,359.87,783
2018-07-23,364.61,364.97,359.14,362.05,1271
2018-07-24,362.78,367.89,359.5,359.5,2075
2018-07-25,364.24,366.06,359.14,360.6,1171
2018-07-26,362.78,362.78,357.31,357.68,475
2018-07-29,359.14,359.14,353.67,355.49,514
2018-07-30,358.41,358.41,355.86,358.41,1181
2018-07-31,351.48,354.4,351.48,353.67,512
2018-08-01,353.67,360.6,353.67,360.6,845
2018-08-02,354.4,359.87,352.94,354.03,605
2018-08-05,352.57,353.67,352.21,353.67,571
2018-08-06,353.67,358.77,351.85,351.85,2352
2018-08-07,348.93,350.02,348.56,350.02,248
2018-08-08,353.67,355.49,350.02,355.49,188
2018-08-09,351.85,352.21,350.02,350.39,2201
2018-08-12,346.38,346.38,336.53,340.91,899
2018-08-13,342.73,347.11,340.91,342.73,1165
2018-08-14,342.73,353.3,342.73,353.3,1727
2018-08-15,352.94,359.5,351.85,359.5,1066
2018-08-16,360.23,360.23,351.85,357.31,1529
2018-08-19,352.94,352.94,350.39,350.39,2590
2018-08-20,346.38,346.38,344.92,346.38,255
2018-08-21,342.73,343.09,342.73,342.73,344
2018-08-22,344.55,346.38,343.09,343.09,181
2018-08-23,339.08,339.08,337.99,337.99,263
2018-08-26,337.99,344.55,337.99,342.73,397
2018-08-28,348.93,348.93,343.82,347.11,61
2018-08-29,344.92,345.28,342.73,343.46,955
2018-08-30,343.09,346.01,342.73,343.82,275
2018-09-02,344.55,350.39,344.55,350.39,932
2018-09-03,357.31,357.31,350.02,355.49,499
2018-09-04,355.49,355.49,350.75,350.75,842
2018-09-05,348.93,357.68,348.2,357.68,1043
2018-09-06,364.61,361.32,350.75,350.75,777
2018-09-09,350.02,350.02,346.38,346.38,120
2018-09-10,344.55,344.55,340.91,340.91,1135
2018-09-11,347.47,350.02,346.38,346.38,1415
2018-09-12,348.2,356.95,348.2,351.85,344
2018-09-13,358.77,359.14,353.67,353.67,1334
2018-09-16,360.6,360.96,355.49,355.49,1261
2018-09-17,355.13,360.23,354.76,360.23,1413
2018-09-18,367.16,366.79,363.15,365.7,1346
2018-09-20,364.61,366.79,364.61,366.43,426
2018-09-23,371.9,371.9,360.96,360.96,645
2018-09-25,367.89,369.35,364.61,364.61,860
2018-09-26,366.43,369.71,359.14,364.61,1083
2018-09-27,364.61,364.61,359.5,360.23,977
2018-09-30,371.9,377.37,370.08,372.99,4844
2018-10-01,374.09,374.09,368.25,368.25,2462
2018-10-02,368.98,370.08,360.96,364.61,609
2018-10-03,360.96,364.24,360.96,364.24,901
2018-10-04,360.96,361.69,357.31,360.96,1146
2018-10-07,354.76,354.76,354.03,354.03,200
2018-10-09,352.21,353.3,342.73,353.3,2154
2018-10-10,351.85,351.85,351.12,351.12,330
2018-10-11,351.12,353.67,349.29,353.67,2285
2018-10-14,357.31,358.41,352.57,352.57,2555
2018-10-15,358.77,358.77,350.39,350.39,1120
2018-10-21,350.75,353.67,350.02,350.02,280
2018-10-23,351.85,351.85,350.02,350.02,110
2018-10-24,350.02,350.02,349.29,349.29,530
2018-10-25,351.85,351.85,348.2,348.2,250
2018-10-28,348.2,348.56,348.2,348.56,100
2018-10-29,347.83,348.2,342.73,346.38,1185
2018-10-30,346.38,346.38,342.0,342.0,190
2018-10-31,342.73,342.73,339.81,339.81,379
2018-11-01,342.73,342.73,339.81,342.37,375
2018-11-04,344.55,344.55,337.99,337.99,60
2018-11-05,338.35,338.35,337.63,337.99,425
2018-11-15,346.38,353.3,346.38,346.38,335
2018-11-18,346.38,346.38,345.65,346.38,430
2018-11-19,346.38,359.87,346.38,352.94,1671
2018-11-20,352.94,360.23,348.56,348.56,2942
2018-11-21,350.02,353.67,350.02,351.48,1361
2018-11-22,351.85,355.49,350.39,355.49,2352
2018-11-25,355.49,360.96,349.66,349.66,2468
2018-11-26,349.66,351.85,346.38,346.38,12911
2018-11-27,415.69,415.69,328.15,334.71,5290
2018-11-28,334.71,334.71,317.65,317.65,2358
2018-11-29,317.65,323.77,313.27,313.27,1114
2018-12-02,313.65,313.65,307.58,308.46,744
2018-12-03,308.46,319.4,306.71,306.71,582
2018-12-04,306.71,310.64,305.39,306.27,535
2018-12-06,301.89,306.27,300.14,301.89,492
2018-12-09,301.89,302.33,301.89,301.89,431
2018-12-10,301.89,312.83,301.89,308.46,2855
2018-12-11,308.46,308.46,304.08,306.27,5941
2018-12-12,306.27,306.27,300.14,301.89,3520
2018-12-13,301.89,310.64,301.89,306.27,3155
2018-12-16,306.27,312.39,306.27,311.52,310
2018-12-17,311.52,315.02,306.27,306.27,6150
2018-12-18,306.27,311.96,306.27,306.27,5372
2018-12-19,306.27,308.46,306.27,308.46,340
2018-12-20,308.46,317.21,304.52,309.77,5760
2018-12-23,309.77,321.15,309.77,321.15,2942
2018-12-24,321.15,332.96,320.27,320.27,1126
2018-12-25,320.27,320.27,314.14,314.58,680
2018-12-26,314.58,323.77,314.58,323.33,2193
2018-12-27,323.33,342.15,323.33,329.46,5589
2018-12-30,329.46,336.02,325.08,330.77,910
2018-12-31,330.77,332.52,318.08,318.08,975
2019-01-01,318.08,320.27,315.89,319.4,633
2019-01-02,319.4,334.71,319.4,334.71,963
2019-01-03,334.71,336.46,328.15,336.46,2405
2019-01-06,336.46,336.9,327.27,327.27,1086
2019-01-08,327.27,335.15,327.27,335.15,2101
2019-01-09,335.15,336.02,330.33,336.02,677
2019-01-10,336.02,336.9,332.52,336.9,1190
2019-01-13,336.9,337.33,330.33,332.52,953
2019-01-14,332.52,339.08,332.52,334.71,470
2019-01-15,334.71,341.27,334.71,341.27,1896
2019-01-16,341.27,345.21,339.52,342.58,1090
2019-01-17,342.58,343.46,341.27,341.27,210
2019-01-20,341.27,341.27,341.27,341.27,270
2019-01-21,341.27,341.27,329.46,329.46,850
2019-01-22,329.46,334.71,329.46,332.52,386
2019-01-23,332.52,347.4,332.52,345.65,6600
2019-01-27,339.08,339.08,336.02,336.02,766
2019-01-28,336.02,341.27,336.02,341.27,947
2019-01-29,341.27,341.27,334.71,340.83,612
2019-01-31,340.83,340.83,335.15,335.15,708
2019-02-03,335.15,336.9,335.15,336.9,203
2019-02-04,332.96,336.9,330.77,330.77,1480
2019-02-05,332.08,332.52,326.4,327.27,671
2019-02-06,326.4,328.15,325.96,325.96,470
2019-02-07,330.33,330.33,325.96,326.83,286
2019-02-10,323.77,326.83,323.77,325.96,910
2019-02-11,323.77,325.96,321.58,325.96,686
2019-02-12,325.96,325.96,322.46,325.52,1231
2019-02-13,325.52,325.52,320.27,321.58,643
2019-02-14,318.52,321.58,313.27,313.27,1104
2019-02-17,315.02,315.02,312.39,313.27,791
2019-02-18,310.64,313.27,310.64,311.96,274
2019-02-19,313.27,319.4,311.96,319.4,110
2019-02-20,315.02,319.4,312.83,315.02,605
2019-02-21,315.46,315.89,312.83,314.58,1943
2019-02-24,314.58,314.58,311.52,311.52,1156
2019-02-25,310.64,311.52,306.27,310.64,2477
2019-02-26,306.71,310.64,306.71,307.14,1260
2019-02-27,307.58,312.83,303.21,303.21,1861
2019-03-03,304.08,309.77,303.21,306.71,326
2019-03-05,312.39,312.39,306.71,312.39,20
2019-03-06,315.02,316.77,311.52,316.77,841
2019-03-07,317.21,317.21,313.27,317.21,425
2019-03-11,321.58,336.02,317.21,336.02,1860
2019-03-12,338.65,339.08,328.15,331.65,2864
2019-03-13,325.96,331.65,323.77,323.77,669
2019-03-14,325.52,325.96,325.52,325.96,284
2019-03-17,328.15,328.15,322.9,325.96,596
2019-03-18,331.65,332.08,325.52,325.52,456
2019-03-19,325.52,325.96,317.21,317.21,980
2019-03-21,311.08,318.96,312.83,315.02,3557
2019-03-24,315.89,316.33,310.64,316.33,480
2019-03-25,317.21,323.33,316.77,322.9,1124
2019-03-26,320.27,323.77,319.83,319.83,1222
2019-03-28,323.77,325.08,319.4,319.4,533
2019-03-31,319.4,322.9,316.77,322.9,600
2019-04-01,323.77,325.96,320.71,323.77,2859
2019-04-02,324.21,325.96,323.33,325.96,1977
2019-04-03,325.96,329.46,325.96,327.27,1287
2019-04-04,325.96,328.15,321.58,321.58,559
2019-04-07,323.77,323.77,321.58,323.77,523
2019-04-09,339.08,339.08,328.58,329.46,8151
2019-04-10,325.96,332.52,320.27,332.52,596
2019-04-11,332.96,333.4,328.15,333.4,1565
2019-04-15,332.52,353.52,332.52,353.52,1811
2019-04-16,347.4,363.15,346.08,363.15,5509
2019-04-18,350.02,365.34,350.02,354.4,2868
2019-04-21,355.27,367.96,355.27,367.96,4433
2019-04-22,369.71,369.71,359.21,359.21,2663
2019-04-23,358.77,358.77,357.9,357.9,254
2019-04-24,364.9,364.9,358.77,358.77,390
2019-04-25,358.77,373.65,358.77,362.71,670
2019-04-28,369.71,398.59,369.71,393.77,8576
2019-04-29,401.65,404.71,383.71,395.53,9982
2019-04-30,391.59,391.59,386.77,386.77,1842
2019-05-02,385.02,387.21,382.84,385.02,10020
2019-05-05,385.02,385.46,378.02,378.02,2839
2019-05-06,378.46,384.15,377.59,380.65,1167
2019-05-07,388.09,388.09,381.09,383.27,2237
2019-05-08,390.71,390.71,377.15,377.15,1580
2019-05-09,370.15,378.9,370.15,378.9,1032
2019-05-12,378.9,384.15,377.15,377.59,613
2019-05-13,376.27,376.71,371.02,376.27,300
2019-05-14,378.46,389.4,376.71,385.02,2859
2019-05-15,391.59,391.59,384.15,384.15,751
2019-05-16,384.15,387.21,381.09,381.09,1189
2019-05-19,374.09,382.84,374.09,381.09,835
2019-05-20,378.46,378.9,378.46,378.9,320
2019-05-21,374.52,377.59,374.09,374.09,789
2019-05-22,374.09,376.27,374.09,376.27,568
2019-05-23,383.71,383.71,371.9,376.27,740
2019-05-26,372.34,374.09,371.9,372.77,594
2019-05-27,372.77,378.02,369.71,375.84,2474
2019-05-28,376.27,376.27,374.09,374.52,2370
2019-05-29,374.09,374.52,372.34,374.52,5328
2019-05-30,381.96,389.4,374.52,374.52,5039
2019-06-02,380.65,380.65,369.71,371.02,1060
2019-06-03,371.9,371.9,364.46,366.21,2312
2019-06-04,363.15,364.9,359.65,361.4,1762
2019-06-06,361.4,367.52,361.4,365.34,128
2019-06-10,362.71,365.34,362.71,363.59,1540
2019-06-11,367.52,368.4,367.52,368.4,558
2019-06-12,368.4,369.27,362.71,367.52,3508
2019-06-13,365.34,367.52,365.34,367.52,473
2019-06-16,360.52,362.71,356.59,362.71,549
2019-06-17,359.21,361.4,359.21,361.4,734
2019-06-18,354.4,364.46,361.4,363.15,10636
2019-06-19,367.52,367.52,363.15,364.02,3350
2019-06-20,364.02,366.21,364.02,364.02,476
2019-06-23,361.4,363.59,360.09,360.09,18550
2019-06-24,364.9,367.09,362.71,365.34,6870
2019-06-25,365.34,365.34,363.59,364.46,1337
2019-06-26,364.02,364.46,364.02,364.02,2020
2019-06-27,364.02,367.52,364.02,365.34,2566
2019-06-30,367.52,367.52,364.02,365.34,662
2019-07-01,363.15,366.65,363.15,365.34,1901
2019-07-02,363.15,366.21,363.15,366.21,2366
2019-07-03,367.09,374.09,367.09,371.46,916
2019-07-04,371.9,371.9,369.71,370.15,630
2019-07-07,365.34,367.96,365.34,367.96,150
2019-07-08,367.96,368.4,367.52,368.4,794
2019-07-09,367.52,369.71,367.52,368.4,943
2019-07-10,368.4,368.4,368.4,368.4,120
2019-07-11,368.4,368.84,367.96,368.4,1466
2019-07-14,367.96,367.96,367.52,367.52,360
2019-07-15,367.52,369.27,367.52,367.96,1048
2019-07-17,371.9,376.27,371.9,376.27,216
2019-07-18,376.27,381.96,376.27,376.27,410
2019-07-21,377.15,377.15,376.71,376.71,124
2019-07-22,380.65,380.65,378.02,380.65,1082
2019-07-23,385.02,391.59,385.02,391.59,1200
2019-07-24,392.9,395.96,392.46,392.46,4190
2019-07-25,389.84,393.77,388.09,389.4,5071
2019-07-28,386.77,386.77,381.52,381.52,2723
2019-07-29,388.96,388.96,388.96,388.96,10
2019-07-30,388.96,388.96,388.96,388.96,190
2019-07-31,385.02,395.53,385.02,395.53,934
2019-08-01,390.27,398.15,387.65,393.77,3260
2019-08-04,401.65,401.65,394.65,395.53,2658
2019-08-05,395.53,395.96,393.77,395.96,2166
2019-08-06,393.77,393.77,389.4,389.4,890
2019-08-07,388.09,393.77,385.02,391.59,2966
2019-08-08,391.59,391.59,385.9,385.9,550
2019-08-11,387.21,387.21,380.65,383.71,670
2019-08-12,382.84,390.27,381.09,390.27,610
2019-08-13,389.4,389.4,387.21,388.09,275
2019-08-14,395.53,395.53,382.84,382.84,495
2019-08-15,382.84,382.84,381.96,381.96,907
2019-08-18,382.84,382.84,380.65,380.65,1322
2019-08-19,380.65,388.09,380.65,384.59,890
2019-08-20,380.65,380.65,379.77,379.77,1296
2019-08-21,379.77,380.65,379.77,380.65,323
2019-08-22,381.52,382.84,380.65,380.65,2178
2019-08-25,380.65,382.84,379.77,380.65,1916
2019-08-26,377.59,380.65,377.59,380.65,1372
2019-08-27,382.84,382.84,379.77,379.77,131
2019-08-28,383.27,383.27,376.71,376.71,265
2019-08-29,380.65,380.65,377.59,377.59,800
2019-09-01,376.27,376.27,372.77,372.77,840
2019-09-02,378.9,378.9,363.15,363.15,910
2019-09-03,360.96,374.96,360.96,374.96,4144
2019-09-04,374.96,378.9,374.96,376.71,273
2019-09-05,376.71,377.15,374.52,374.52,1780
2019-09-08,374.52,378.46,372.77,372.77,2477
2019-09-09,368.84,368.84,368.84,368.84,230
2019-09-10,371.9,371.9,365.77,365.77,1336
2019-09-11,364.02,370.59,363.15,363.15,1139
2019-09-12,364.02,364.46,363.15,363.15,1033
2019-09-15,367.96,370.15,364.46,368.4,5439
2019-09-16,369.71,370.59,366.21,366.21,2175
2019-09-17,369.71,379.77,367.52,367.52,1715
2019-09-18,374.52,380.65,372.34,380.65,1072
2019-09-19,386.77,386.77,380.65,380.65,1299
2019-09-22,376.27,376.27,371.9,371.9,760
2019-09-23,371.9,371.9,367.52,371.9,2713
2019-09-24,368.4,371.9,367.52,368.84,1858
2019-09-26,367.96,371.9,367.52,371.9,398
2019-09-29,371.9,376.27,367.52,367.52,1000
2019-09-30,367.52,369.27,367.52,369.27,27
2019-10-01,371.46,371.9,371.02,371.02,140
2019-10-02,376.27,376.27,376.27,376.27,42
2019-10-03,374.09,380.65,374.09,380.65,628
2019-10-14,380.65,380.65,374.09,374.09,1009
2019-10-15,374.09,374.96,374.09,374.09,1952
2019-10-16,374.09,374.52,374.09,374.52,4510
2019-10-17,369.27,376.27,369.27,376.27,1093
2019-10-20,381.96,382.4,377.59,377.59,285
2019-10-21,378.46,380.21,375.84,380.21,1020
2019-10-22,380.21,381.09,378.46,381.09,395
2019-10-23,380.65,382.84,380.65,381.09,1277
2019-10-24,381.09,381.52,380.65,380.65,1691
2019-10-31,380.65,381.09,380.65,381.09,125
2019-11-03,387.21,387.21,382.84,384.59,380
2019-11-04,381.52,386.34,381.52,382.84,512
2019-11-05,384.15,384.15,376.27,376.27,834
2019-11-06,378.46,378.46,378.46,378.46,200
2019-11-07,380.65,380.65,378.46,378.46,1125
2019-11-10,384.59,388.09,381.09,387.21,5090
2019-11-11,387.21,399.9,387.21,398.15,10869
2019-11-12,398.15,399.9,387.21,395.96,10099
2019-11-13,392.46,394.21,390.27,394.21,91
2019-11-17,385.02,393.77,385.02,392.02,3254
2019-11-18,392.02,392.9,391.59,392.02,1224
2019-11-19,388.96,392.9,388.96,392.9,50
2019-11-20,392.9,392.9,389.84,390.27,663
2019-11-21,392.9,392.9,386.34,389.4,180
2019-11-24,390.71,390.71,385.46,387.65,559
2019-11-25,388.52,389.4,381.09,382.84,3348
2019-11-26,385.9,387.21,385.02,385.02,1023
2019-11-27,390.27,390.27,386.77,390.27,2837
2019-11-28,391.15,391.15,389.4,389.4,500
2019-12-01,385.02,389.4,385.02,387.21,762
2019-12-02,385.46,385.46,383.71,383.71,1122
2019-12-03,385.02,387.21,385.02,385.46,2310
2019-12-04,389.4,398.15,389.4,398.15,3141
2019-12-05,398.15,409.96,398.15,408.65,5939
2019-12-08,416.53,424.84,407.34,410.4,2489
2019-12-09,413.9,427.03,413.46,422.65,8805
2019-12-10,420.46,426.15,417.84,422.65,4808
2019-12-11,422.65,449.34,422.65,437.53,10184
2019-12-12,446.28,452.4,430.96,433.15,3890
2019-12-15,430.09,435.34,429.21,430.09,4127
2019-12-16,425.5,429.32,422.21,422.21,4744
2019-12-17,423.85,426.59,420.57,421.67,4305
2019-12-18,418.93,418.93,416.2,416.2,5754
2019-12-19,420.57,421.12,411.28,417.84,5180
2019-12-22,421.12,421.12,418.93,421.12,610
2019-12-23,429.32,429.32,426.04,429.32,894
2019-12-24,429.32,429.32,429.32,429.32,130
2019-12-25,429.32,429.32,418.93,426.59,1624
2019-12-26,424.95,424.95,421.12,422.76,6110
2019-12-29,422.76,422.76,418.93,421.12,62
2019-12-30,422.21,422.21,418.93,418.93,500
2019-12-31,418.93,424.95,418.93,424.95,2019
2020-01-01,422.21,432.06,421.12,432.06,7578
2020-01-02,432.06,437.53,432.06,436.98,2779
2020-01-05,443.0,448.47,438.62,444.64,8062
2020-01-06,444.64,451.2,444.64,449.56,6961
2020-01-07,450.65,468.7,450.65,468.15,3922
2020-01-08,464.87,475.81,464.87,468.7,7970
2020-01-09,464.87,487.84,464.87,472.53,8757
2020-01-12,481.28,490.58,479.64,487.84,8776
2020-01-13,497.14,504.8,487.3,492.22,12858
2020-01-14,489.48,494.95,482.37,494.41,6598
2020-01-15,500.42,504.25,493.86,494.41,5598
2020-01-16,497.69,508.63,496.05,508.63,7956
2020-01-19,512.45,522.3,511.36,511.36,8550
2020-01-20,501.52,511.36,497.69,497.69,3055
2020-01-21,493.86,493.86,484.01,492.22,4015
2020-01-22,492.77,503.16,485.66,503.16,1965
2020-01-23,500.97,503.16,489.48,492.22,3195
2020-01-26,492.22,497.69,484.01,484.56,1130
2020-01-27,491.12,502.06,491.12,500.42,2518
2020-01-28,508.63,535.97,508.63,520.11,9807
2020-01-29,530.5,541.44,525.03,537.61,12036
2020-01-30,537.61,558.39,537.07,541.44,10154
2020-02-02,551.83,557.3,541.44,544.72,6862
2020-02-03,555.11,555.11,535.97,545.82,7933
2020-02-04,549.64,549.64,535.42,540.35,5355
2020-02-05,533.24,541.44,523.39,532.14,5442
2020-02-06,540.89,540.89,521.75,526.13,5603
2020-02-09,526.13,526.13,516.28,516.83,7337
2020-02-10,516.83,523.94,511.91,514.64,2708
2020-02-11,524.49,543.08,522.3,541.44,7096
2020-02-12,541.99,564.41,541.99,560.58,20986
2020-02-13,571.52,578.08,560.58,566.6,20900
2020-02-16,576.99,581.36,566.05,579.18,11010
2020-02-17,580.27,584.65,568.24,573.71,11349
2020-02-18,571.52,597.23,564.96,573.16,11541
2020-02-19,566.05,601.05,563.32,587.93,8980
2020-02-20,587.93,633.87,599.41,633.87,16265
2020-02-23,645.35,666.68,624.57,642.62,16890
2020-02-24,642.62,650.82,623.48,624.57,13181
2020-02-25,615.27,648.09,607.62,640.98,8575
2020-02-26,648.09,682.54,648.09,657.39,19475
2020-02-27,661.76,661.76,634.42,644.26,10370
2020-03-01,644.26,645.35,628.95,631.68,19273
2020-03-02,619.1,628.95,595.04,595.04,11822
2020-03-03,595.04,585.74,535.97,557.3,31202
2020-03-04,546.36,556.75,533.24,533.24,11714
2020-03-05,523.39,567.69,519.56,555.11,8340
2020-03-10,544.18,544.18,514.1,523.39,5934
2020-03-11,533.78,556.75,528.31,556.75,7494
2020-03-12,545.82,558.94,520.11,521.2,8213
2020-03-15,531.6,531.6,508.63,508.63,16832
2020-03-16,503.16,529.96,499.88,514.1,10141
2020-03-17,519.02,519.02,495.5,500.97,19859
2020-03-18,491.12,510.27,475.81,492.22,5600
2020-03-19,484.01,498.78,474.17,497.69,4595
2020-06-29,497.69,497.69,497.69,478.55,1142
2020-06-30,475.81,497.14,475.81,497.14,1430
2020-07-01,506.99,506.99,506.99,506.99,100
2020-07-02,516.83,516.83,493.31,493.31,1120
2020-07-05,492.22,505.89,492.22,505.89,1784
2020-07-06,505.89,516.83,505.34,516.83,1953
2020-07-07,526.67,546.91,525.03,533.78,6402
2020-07-08,527.77,533.78,522.3,525.03,2872
2020-07-09,522.3,534.88,516.83,522.3,2582
2020-07-12,532.69,542.53,525.58,535.97,7096
2020-07-13,535.97,556.75,531.05,535.97,5185
2020-07-14,538.71,576.44,538.71,568.24,16911
2020-07-15,564.96,564.96,555.11,555.11,7587
2020-07-16,549.64,560.04,548.0,558.94,3909
2020-07-19,568.79,579.72,568.79,579.72,398
2020-07-20,608.71,608.71,544.18,544.18,7386
2020-07-21,534.33,546.91,534.33,546.36,2927
2020-07-22,546.36,546.36,537.07,538.71,2165
2020-07-23,535.97,546.91,535.97,546.36,3844
2020-07-26,556.75,565.5,547.46,549.64,3421
2020-07-27,549.64,566.05,546.91,552.38,6678
2020-07-28,552.38,554.57,544.72,549.1,10418
2020-07-29,552.38,552.38,538.71,543.63,20051
2020-07-30,543.63,549.1,536.52,546.91,3995
2020-08-02,535.97,545.82,531.05,539.25,6350
2020-08-03,538.71,541.44,535.97,541.44,1763
2020-08-05,531.05,531.05,520.66,528.31,7732
2020-08-06,527.77,530.5,522.3,527.22,15524
2020-08-09,516.83,527.77,516.83,523.94,9064
2020-08-10,530.5,535.42,527.77,534.88,8018
2020-08-11,535.97,535.97,530.5,531.6,7082
2020-08-12,537.07,537.07,531.05,531.05,4080
2020-08-13,526.67,530.5,522.3,528.31,6870
2020-08-16,524.49,528.31,519.56,525.03,1944
2020-08-17,514.64,514.64,495.5,510.81,14234
2020-08-18,514.64,517.92,508.63,517.92,4757
2020-08-19,514.1,517.92,509.17,511.36,1113
2020-08-20,516.83,518.47,509.72,509.72,952
2020-08-23,514.64,515.19,509.17,509.17,3792
2020-08-24,511.91,523.39,511.91,521.2,10954
2020-08-25,531.6,531.6,519.02,520.66,2011
2020-08-26,525.03,537.61,525.03,533.78,7824
2020-08-27,530.5,535.97,529.41,533.24,5891
2020-08-30,533.24,536.52,530.5,535.97,2693
2020-08-31,541.44,541.44,528.31,531.05,8436
2020-09-02,540.89,540.89,533.24,534.33,5789
2020-09-03,539.8,541.44,533.24,535.42,3211
2020-09-06,545.82,546.36,530.5,530.5,4272
2020-09-07,535.97,535.97,523.39,527.77,1490
2020-09-08,528.31,546.36,528.31,535.97,1457
2020-09-09,536.52,543.63,532.14,533.24,5305
2020-09-10,543.63,546.91,539.25,539.8,2634
2020-09-13,541.44,545.82,539.25,543.63,4549
2020-09-14,543.63,546.91,535.42,535.42,2573
2020-09-15,533.78,538.16,533.24,538.16,1776
2020-09-16,528.86,539.8,528.86,535.97,3203
2020-09-17,539.25,539.25,534.33,534.88,2242
2020-09-20,534.88,539.25,534.88,537.07,698
2020-09-21,535.97,537.07,534.88,535.97,2454
2020-09-22,534.88,535.97,530.5,531.05,8784
2020-09-23,530.5,535.97,528.86,535.97,1753
2020-09-24,546.36,546.36,535.97,535.97,4558
2020-09-27,538.71,539.25,534.33,534.33,4927
2020-09-28,530.5,533.24,530.5,531.6,502
2020-09-29,528.86,535.97,528.86,531.6,993
2020-09-30,530.5,530.5,527.77,530.5,1440
2020-10-01,530.5,534.33,528.31,528.31,2530
2020-10-04,523.39,535.97,523.39,526.67,3393
2020-10-05,533.24,537.07,525.58,527.77,7944
2020-10-06,529.41,538.16,527.77,531.05,1414
2020-10-07,531.6,532.14,525.03,525.03,3640
2020-10-08,525.58,531.6,519.56,531.6,4855
2020-10-11,525.58,531.05,525.03,531.05,1643
2020-10-12,530.5,531.6,529.96,530.5,2582
2020-10-13,522.85,530.5,522.3,529.96,351
2020-10-14,527.77,530.5,522.85,530.5,2345
2020-10-15,530.5,530.5,525.58,528.86,1643
2020-10-18,529.96,530.5,521.2,525.58,1533
2020-10-19,525.58,530.5,522.3,530.5,360
2020-10-20,531.6,534.88,531.6,534.88,2290
2020-10-21,534.88,535.97,533.78,534.88,1408
2020-10-22,534.88,535.97,533.78,535.97,1743
2020-10-28,537.07,542.53,537.07,541.99,1745
2020-10-29,542.53,543.08,538.71,541.44,3918
2020-11-01,544.18,546.91,538.71,546.91,8341
2020-11-02,547.46,568.79,546.91,560.58,12401
2020-11-03,566.05,574.26,560.58,563.32,6583
2020-11-04,560.58,562.22,556.21,557.85,3769
2020-11-05,555.66,557.3,552.38,553.47,5243
2020-11-08,553.47,557.85,551.83,553.47,10093
2020-11-09,554.02,568.24,542.53,563.32,14916
2020-11-10,564.41,567.69,556.75,562.77,6919
2020-11-11,534.88,549.1,514.64,546.91,57954
2020-11-12,541.99,545.27,538.16,540.89,14620
2020-11-18,538.16,546.36,538.16,544.72,5044
2020-11-19,549.64,549.64,541.99,546.36,10478
2020-11-22,546.91,566.05,541.44,544.72,27604
2020-11-23,541.99,545.27,538.71,540.35,12828
2020-11-24,540.35,551.83,539.8,546.91,13577
2020-11-25,546.91,568.24,546.91,567.15,16898
2020-11-26,573.71,612.54,571.52,571.52,22021
2020-11-29,571.52,585.74,568.79,585.74,19476
2020-11-30,585.74,601.6,585.19,588.47,15481
2020-12-01,596.68,603.79,585.19,601.6,19682
2020-12-02,612.54,661.76,607.07,660.67,33449
2020-12-03,693.48,710.98,661.76,679.81,43584
2020-12-06,680.9,680.9,623.48,628.95,19767
2020-12-07,628.95,661.76,620.2,660.12,21002
2020-12-08,672.7,685.82,643.17,653.56,21620
2020-12-09,666.14,666.14,626.76,628.95,16135
2020-12-10,624.02,641.52,623.48,625.12,9230
2020-12-13,628.95,655.74,616.37,650.28,18179
2020-12-14,659.03,706.61,659.03,701.68,40503
2020-12-15,714.81,719.19,691.84,698.4,40836
2020-12-16,695.12,721.92,690.2,709.89,28527
2020-12-17,709.34,721.92,688.01,697.31,16355
2020-12-20,709.34,709.34,651.92,656.29,36522
2020-12-21,643.17,680.9,618.55,656.29,22252
2020-12-22,669.42,680.9,656.29,680.9,15833
2020-12-23,693.48,693.48,678.17,680.9,15590
2020-12-24,668.32,689.11,667.78,685.82,9821
2020-12-27,687.47,696.76,665.04,665.59,9776
2020-12-28,672.7,683.09,660.12,667.23,8789
2020-12-29,680.36,680.36,667.78,674.34,5833
2020-12-30,666.68,721.92,666.68,716.45,35484
2020-12-31,730.12,744.89,703.33,705.51,18829
2021-01-03,705.51,724.66,705.51,721.92,31244
2021-01-04,730.12,738.33,710.44,721.92,40485
2021-01-05,685.82,743.8,685.82,731.77,17533
2021-01-06,695.67,744.89,695.67,744.89,24052
2021-01-07,754.74,757.47,738.33,749.27,21113
2021-01-10,738.33,738.33,696.76,717.0,62590
2021-01-11,705.51,718.64,702.78,710.44,25011
2021-01-12,707.15,735.59,707.15,732.86,31800
2021-01-13,738.33,743.25,728.48,735.05,38661
2021-01-17,735.59,768.41,731.22,766.22,38073
2021-01-18,768.41,827.47,766.77,820.36,42368
2021-01-19,820.36,836.77,794.66,816.54,34283
2021-01-20,817.08,821.46,815.44,820.36,15301
2021-01-21,820.36,836.77,819.27,834.58,23327
2021-01-24,834.58,844.98,833.49,843.33,19042
2021-01-25,844.98,847.71,815.44,828.02,21713
2021-01-26,811.61,819.82,798.49,808.88,12481
2021-01-27,801.22,814.9,797.39,809.97,27374
2021-01-28,820.36,878.34,814.9,832.4,47283
2021-01-31,834.04,834.04,790.83,792.47,31637
2021-02-01,803.96,820.36,773.88,784.82,21689
2021-02-02,800.13,820.36,793.02,812.71,21003
2021-02-03,820.36,835.13,800.68,809.43,19384
2021-02-04,799.58,817.63,799.58,814.9,23916
2021-02-07,825.83,896.38,820.36,896.38,74271
2021-02-08,940.68,940.68,879.43,893.65,56413
2021-02-09,849.35,875.06,832.4,841.69,59543
2021-02-10,836.77,844.43,826.38,831.3,36274
2021-02-11,847.71,847.71,803.96,806.69,23092
2021-02-14,795.21,814.9,790.28,792.47,56556
2021-02-15,801.22,871.23,801.22,871.23,464707
2021-02-16,891.46,929.75,875.06,894.2,67139
2021-02-17,894.2,902.95,866.85,894.74,37412
2021-02-18,897.48,898.03,878.88,892.56,45913
2021-02-21,896.93,910.6,888.73,896.93,103475
2021-02-22,924.28,924.28,888.73,889.82,188402
2021-02-23,934.43,934.43,867.68,899.2,30746
2021-02-24,893.02,907.24,889.93,898.58,16605
2021-02-25,893.02,893.02,877.57,880.66,10234
2021-02-28,865.21,868.3,846.67,846.67,22157
2021-03-01,838.02,868.92,832.46,860.27,13262
2021-03-02,876.34,876.34,828.75,837.4,14452
2021-03-03,825.66,840.49,813.3,818.86,20598
2021-03-04,834.31,894.88,819.48,894.88,21250
2021-03-08,894.88,904.15,866.45,894.26,16992
2021-03-09,893.64,906.62,884.99,889.31,16954
2021-03-10,889.31,889.31,877.57,877.57,8530
2021-03-14,865.21,883.75,865.21,870.16,12843
2021-03-15,868.3,877.57,865.83,868.92,15296
2021-03-16,868.92,878.19,865.21,873.86,16567
2021-03-17,874.48,905.38,874.48,902.91,16904
2021-03-18,914.65,944.93,908.47,937.52,18069
2021-03-21,942.46,1029.6,942.46,1019.71,49810
2021-03-22,1022.8,1028.98,987.58,987.58,46180
2021-03-23,971.51,1007.35,970.89,1001.17,77835
2021-03-24,1013.53,1020.95,994.99,1012.3,40017
2021-03-25,1025.27,1032.07,1001.17,1006.73,65501
2021-03-29,1025.89,1027.13,1007.35,1010.44,28740
2021-03-30,1011.68,1083.37,991.9,1066.68,267591
2021-03-31,1081.51,1085.22,1066.68,1069.15,46443
2021-04-01,1069.15,1069.15,1044.43,1066.06,29472
2021-04-04,1064.21,1090.78,1051.85,1077.19,82180
2021-04-05,1084.6,1091.4,1075.33,1078.42,57282
2021-04-06,1081.51,1087.08,1075.33,1080.9,21789
2021-04-07,1087.69,1153.2,1083.99,1126.01,58067
2021-04-08,1143.93,1143.93,1118.59,1123.54,25066
2021-04-12,1124.77,1185.96,1124.77,1155.67,93359
2021-04-13,1112.41,1179.78,1112.41,1155.06,21866
2021-04-15,1143.31,1161.24,1130.95,1134.04,34567
2021-04-18,1134.04,1138.37,1113.65,1133.43,22060
2021-04-19,1114.27,1130.34,1114.27,1116.74,28908
2021-04-20,1112.41,1130.95,1108.71,1113.65,16286
2021-04-21,1113.65,1125.39,1103.14,1112.41,35164
2021-04-22,1113.03,1115.5,1091.4,1115.5,22706
2021-04-25,1130.95,1131.57,1067.92,1069.15,31064
2021-04-26,1050.61,1078.42,1027.75,1028.98,22261
2021-04-27,1031.46,1087.08,1031.46,1080.9,26026
2021-04-28,1133.43,1133.43,1066.06,1072.24,16783
2021-04-29,1077.81,1089.55,1075.33,1083.99,10286
2021-05-02,1069.15,1100.05,1069.15,1090.17,16492
2021-05-03,1109.32,1112.41,1082.13,1092.64,17211
2021-05-04,1100.67,1118.59,1080.9,1096.96,38268
2021-05-05,1098.82,1111.18,1087.69,1088.31,14818
2021-05-06,1142.7,1142.7,1079.04,1084.6,58692
2021-05-09,1081.51,1082.13,1062.97,1066.06,12071
2021-05-10,1057.41,1081.51,1044.43,1081.51,11700
2021-05-11,1112.41,1112.41,1075.95,1081.51,15841
2021-05-12,1081.51,1081.51,1069.15,1074.72,7444
2021-05-13,1075.33,1079.04,1065.45,1072.24,8025
2021-05-16,1062.97,1100.05,1062.97,1088.93,37377
2021-05-17,1110.56,1110.56,1095.11,1095.11,27311
2021-05-18,1149.49,1149.49,1088.31,1100.05,22027
2021-05-19,1111.8,1112.41,1083.99,1094.49,13216
2021-05-20,1148.88,1148.88,1082.13,1092.02,6354
2021-05-23,1081.51,1093.87,1069.15,1079.66,13930
2021-05-24,1081.51,1092.64,1078.42,1079.04,14227
2021-05-25,1075.33,1087.08,1066.68,1074.72,12017
2021-05-27,1053.7,1053.7,1009.82,1040.11,33199
2021-05-30,1040.11,1040.11,1020.33,1022.8,13909
2021-05-31,1022.8,1047.52,1022.8,1035.78,17276
2021-06-01,1038.25,1047.52,1018.48,1040.73,15691
2021-06-02,1040.73,1050.61,1016.0,1035.16,202427
2021-06-03,991.9,1076.57,991.9,1050.61,38646
2021-06-06,1071.63,1092.64,1048.14,1062.36,36065
2021-06-07,1106.23,1106.23,1053.7,1067.3,23580
2021-06-08,1069.77,1072.24,1044.43,1048.76,36353
2021-06-09,1050.61,1056.79,1045.05,1046.29,18444
2021-06-10,1044.43,1050.61,1028.98,1032.07,16617
2021-06-13,1043.82,1044.43,1028.98,1032.69,20801
2021-06-14,1028.98,1038.25,1025.89,1031.46,19314
2021-06-15,1032.07,1032.07,1019.71,1025.89,20388
2021-06-16,1027.13,1105.62,1025.89,1053.09,37238
2021-06-17,1072.24,1090.78,1038.25,1040.11,12244
2021-06-20,1027.13,1050.61,1013.53,1019.71,11649
2021-06-21,1019.71,1038.25,1004.26,1004.26,17095
2021-06-22,1013.53,1019.71,984.49,1014.15,18121
2021-06-23,1016.62,1016.62,989.43,990.67,13809
2021-06-24,1009.21,1009.21,975.22,976.45,13223
2021-06-27,995.61,995.61,976.45,982.63,6044
2021-06-28,988.81,1012.3,988.81,998.08,10164
2021-06-29,1016.62,1036.4,998.7,1020.95,27687
2021-06-30,1007.35,1007.35,998.7,1004.26,3649
2021-07-01,1054.32,1054.32,1000.55,1005.5,7227
2021-07-04,1007.35,1024.04,988.81,997.46,11727
2021-07-05,992.52,994.99,985.72,989.43,7023
2021-07-06,982.63,991.28,975.83,979.54,29181
2021-07-07,930.72,998.7,930.72,988.19,91480
2021-07-08,970.27,988.81,969.65,985.72,14838
2021-07-11,1001.17,1016.62,988.81,1004.26,50969
2021-07-12,976.45,1013.53,976.45,988.19,296765
2021-07-13,1037.02,1037.02,982.63,986.34,124936
2021-07-14,984.49,992.52,976.45,984.49,102167
2021-07-15,1003.03,1003.03,982.63,988.81,46405
2021-07-18,1004.32,1033.31,1004.32,1025.89,67069
2021-07-19,1045.67,1062.97,1013.53,1017.24,77995
2021-07-20,1019.71,1025.27,1007.35,1019.71,47227
2021-07-22,1019.71,1022.8,1011.06,1014.15,47087
2021-07-25,1019.71,1032.07,1017.24,1026.51,78593
2021-07-26,1043.82,1058.03,1035.78,1050.0,118163
2021-07-27,1029.04,1041.34,1008.59,1035.16,89630
2021-07-28,1035.16,1048.76,1031.89,1038.25,58198
2021-07-29,1048.14,1056.79,1030.84,1030.84,36940
2021-08-01,1048.76,1050.61,1032.07,1041.34,55668
2021-08-02,1050.61,1086.46,1050.61,1086.46,103868
2021-08-03,1108.15,1158.76,1093.87,1148.88,161403
2021-08-04,1171.12,1171.12,1099.44,1118.59,138579
2021-08-05,1118.59,1123.54,1085.84,1095.11,121526
2021-08-08,1097.03,1100.05,1066.06,1066.81,42914
2021-08-09,1069.15,1069.15,1048.14,1061.12,65140
2021-08-10,1061.12,1081.51,1046.35,1066.06,49778
2021-08-11,1067.92,1075.33,1056.79,1057.41,23024
2021-08-12,1057.41,1062.97,1028.98,1055.56,59850
2021-08-15,1034.48,1113.65,1032.07,1079.04,104696
2021-08-16,1082.75,1093.87,1058.03,1059.88,88036
2021-08-17,1075.33,1096.35,1054.32,1061.12,71070
2021-08-18,1061.12,1065.45,1047.52,1051.85,72924
2021-08-19,1051.85,1067.86,1050.0,1056.79,43400
2021-08-24,1058.03,1062.97,1038.25,1050.61,59734
2021-08-25,1071.63,1071.63,1032.69,1033.99,17805
2021-08-26,1047.52,1047.52,1028.98,1035.78,23187
2021-08-29,1030.84,1043.82,1004.88,1010.44,28578
2021-08-31,1011.06,1011.06,979.54,993.14,42870
2021-09-01,988.81,1006.73,981.4,985.72,28812
2021-09-02,990.05,1017.24,967.18,982.01,37723
2021-09-05,988.81,988.81,948.64,969.65,35611
2021-09-06,969.65,999.94,957.91,993.76,28620
2021-09-07,998.08,998.08,977.26,980.78,26139
2021-09-08,982.63,985.1,958.65,962.86,18395
2021-09-09,962.86,979.85,960.38,970.27,15729
2021-09-12,976.45,989.43,970.27,978.92,27704
2021-09-13,982.63,990.05,973.36,973.42,21424
2021-09-14,982.01,982.01,967.74,970.89,7945
2021-09-15,961.13,982.63,961.06,972.13,9511
2021-09-16,991.53,991.53,939.43,944.32,20225
2021-09-20,948.64,948.64,899.82,909.71,35933
2021-09-21,899.82,933.81,891.79,914.65,19875
2021-09-22,932.94,948.64,926.39,938.14,10505
2021-09-23,956.68,957.91,934.43,934.43,14593
2021-09-26,941.84,941.84,911.5,918.36,9565
2021-09-27,903.53,907.24,888.08,888.08,15837
2021-09-28,872.63,896.73,860.33,876.95,23032
2021-09-29,892.4,893.02,856.56,883.75,18763
2021-09-30,884.37,891.17,874.48,876.34,9671
2021-10-03,876.34,876.34,860.27,863.36,9164
2021-10-04,856.56,878.81,849.76,870.16,20961
2021-10-05,875.72,909.09,873.25,905.38,22918
2021-10-06,912.18,970.27,908.47,970.27,109976
2021-10-10,988.81,1008.59,927.01,927.63,45778
2021-10-11,928.25,939.37,908.47,927.01,13160
2021-10-17,942.46,942.46,920.83,923.92,7404
2021-10-18,917.74,917.74,893.64,893.64,12878
2021-10-19,876.95,883.75,855.94,865.21,19008
2021-10-20,882.52,916.44,859.03,871.39,40345
2021-10-21,872.32,893.02,860.27,882.52,43563
2021-10-24,881.9,920.83,880.72,905.38,26537
2021-10-25,908.47,925.65,899.82,920.21,16411
2021-10-26,927.01,950.43,920.83,940.61,22950
2021-10-27,957.91,957.91,929.48,941.84,32501
2021-10-28,951.73,957.91,936.28,957.91,26768
2021-10-31,945.55,995.61,945.55,995.61,39707
2021-11-01,1013.47,1013.47,961.0,968.17,28568
2021-11-02,970.27,976.39,951.73,973.36,22476
2021-11-03,976.45,1016.0,976.45,1007.35,57625
2021-11-08,1007.35,1016.62,986.34,998.7,28687
2021-11-09,1001.17,1001.17,951.73,964.09,33307
2021-11-11,951.73,961.0,936.9,939.68,17414
2021-11-14,939.37,944.32,923.92,927.01,13187
2021-11-15,945.55,951.73,932.57,949.26,13856
2021-11-16,949.26,954.82,939.37,951.11,15938
2021-11-17,957.91,964.09,941.23,941.23,12034
2021-11-18,945.55,960.38,928.25,941.23,22089
2021-11-21,941.23,957.29,939.99,945.55,5710
2021-11-22,945.55,947.34,942.46,946.79,5373
2021-11-23,935.05,945.55,923.92,927.07,13435
2021-11-24,924.54,924.54,902.29,914.65,17021
2021-11-25,932.57,932.57,909.09,919.6,14266
2021-11-28,932.94,988.19,932.94,951.11,104670
2021-11-29,951.73,964.71,943.7,945.55,28319
2021-11-30,951.73,957.85,927.01,939.37,25179
2021-12-01,945.55,957.91,933.19,935.66,12153
2021-12-02,939.37,939.37,925.78,927.01,14448
2021-12-05,921.45,926.39,907.85,910.33,21927
2021-12-06,910.33,925.16,890.55,918.98,16612
2021-12-07,936.9,954.82,908.47,908.47,13481
2021-12-08,905.38,914.03,884.37,886.22,10811
2021-12-09,878.25,902.29,871.39,889.93,10714
2021-12-12,893.02,901.67,870.16,870.16,11514
2021-12-13,860.88,863.97,840.49,843.58,16364
2021-12-14,855.94,897.97,850.38,897.97,13438
2021-12-15,915.89,915.89,875.72,881.9,20780
2021-12-16,883.69,883.75,860.27,865.21,6306
2021-12-20,882.52,882.52,857.79,874.48,23236
2021-12-21,891.97,904.15,878.81,901.06,16931
2021-12-22,918.98,936.28,902.29,934.43,29120
2021-12-23,953.09,953.09,920.83,935.05,17450
2021-12-26,945.55,968.42,934.43,967.61,31514
2021-12-27,985.66,986.96,952.35,961.0,70144
2021-12-28,976.39,979.59,933.17,957.18,21859
2021-12-29,960.38,960.38,944.38,953.98,11561
2022-01-02,952.38,962.79,937.98,956.38,12339
2022-01-03,968.39,988.4,965.99,987.6,21263
2022-01-04,987.6,991.6,965.35,982.71,13203
2022-01-05,997.2,997.2,957.66,957.66,13872
2022-01-06,956.38,966.79,944.38,960.38,7532
2022-01-09,978.79,978.79,959.26,972.39,13604
2022-01-10,980.39,980.39,968.39,973.19,22744
2022-01-11,979.59,1030.01,974.79,1008.4,42272
2022-01-12,1026.81,1028.41,992.4,1000.4,29528
2022-01-13,981.19,1048.42,980.47,1044.42,32307
2022-01-16,1044.42,1076.43,1036.41,1048.42,30268
2022-01-17,1064.43,1064.43,1035.61,1044.42,20155
2022-01-18,1044.42,1044.42,1018.01,1024.41,18183
2022-01-19,1040.42,1040.42,1004.88,1006.8,11147
2022-01-20,1000.4,1024.41,1000.4,1024.41,14291
2022-01-23,1036.41,1043.62,1022.01,1026.01,20209
2022-01-24,1008.48,1017.21,982.79,983.67,24436
2022-01-25,986.87,1015.53,957.18,994.0,22459
2022-01-26,998.0,1004.4,973.19,975.59,8947
2022-01-27,977.19,1000.4,969.19,972.31,9907
2022-01-30,991.68,1011.44,988.4,1003.04,22174
2022-01-31,1016.41,1032.41,1003.6,1012.4,18739
2022-02-01,1009.2,1026.01,1005.2,1023.61,10744
2022-02-03,1028.41,1048.42,1008.4,1016.41,29445
2022-02-06,1008.4,1018.01,1000.48,1000.48,10032
2022-02-07,1000.4,1004.4,996.4,1004.32,7486
2022-02-08,1023.61,1028.41,988.4,990.0,13052
2022-02-09,990.0,992.4,976.55,990.0,4253
2022-02-10,977.27,993.92,970.79,981.19,5832
2022-02-13,1000.8,1000.8,952.38,955.58,22022
2022-02-14,955.58,972.39,952.38,956.46,8313
2022-02-15,960.38,992.4,956.38,992.4,13730
2022-02-16,995.6,995.6,969.19,972.39,5328
2022-02-17,968.39,972.39,960.38,960.38,6049
2022-02-20,952.38,976.39,940.38,949.18,9707
2022-02-21,953.98,961.18,944.38,953.18,5303
2022-02-22,965.99,971.59,957.98,960.38,7092
2022-02-23,960.38,964.39,949.98,958.78,4045
2022-02-24,944.38,952.38,926.85,933.17,15436
2022-02-27,933.17,944.38,926.77,929.17,4416
2022-02-28,943.58,943.58,912.44,916.37,7099
2022-03-02,916.37,916.37,888.36,888.36,6849
2022-03-06,888.36,898.76,872.35,889.16,9328
2022-03-07,889.16,895.56,873.95,881.15,9643
2022-03-09,896.36,896.36,872.43,875.55,7189
2022-03-10,868.35,888.36,868.35,887.15,6187
2022-03-13,896.36,920.37,892.44,920.37,12210
2022-03-14,929.17,937.9,910.6,932.37,1867
2022-03-15,933.17,941.98,916.37,920.37,7610
2022-03-16,920.37,928.29,916.37,920.37,4716
2022-03-20,936.37,937.98,914.77,917.17,4471
2022-03-21,935.49,935.49,910.76,923.57,2397
2022-03-22,941.98,941.98,924.37,925.17,4762
2022-03-23,943.58,943.58,916.37,917.17,3930
2022-03-24,920.37,930.77,912.44,913.17,5131
2022-03-27,923.17,923.17,895.96,897.16,5193
2022-03-28,915.09,915.09,880.35,892.36,3209
2022-03-29,880.35,894.76,880.35,892.36,4333
2022-03-30,909.96,916.37,879.55,897.16,5102
2022-03-31,915.09,915.09,886.75,891.56,4627
2022-04-03,874.75,893.96,874.75,880.35,2348
2022-04-04,897.96,897.96,870.75,879.55,7106
2022-04-05,873.15,877.15,856.34,875.55,6385
2022-04-06,859.54,872.35,842.74,852.34,7025
2022-04-07,860.26,876.35,851.54,864.35,6520
2022-04-11,881.63,896.36,865.15,865.15,4245
2022-04-12,853.94,865.95,847.54,862.75,4679
2022-04-13,849.14,884.35,845.94,884.35,4809
2022-04-17,901.96,901.96,870.75,870.75,3166
2022-04-18,854.34,871.55,848.34,854.02,4054
2022-04-19,845.14,864.35,845.14,860.34,1672
2022-04-20,860.34,866.75,852.34,853.94,2246
2022-04-21,848.34,864.35,840.34,862.75,3415
2022-04-24,877.95,914.21,859.54,896.36,5307
2022-04-25,881.15,911.56,880.35,880.35,3000
2022-04-26,892.36,892.36,876.35,882.75,803
2022-04-27,882.75,891.96,864.35,873.15,2541
2022-04-28,873.15,874.75,858.74,868.35,2542
2022-05-02,880.35,880.35,852.5,855.54,4540
2022-05-04,840.34,844.34,832.33,838.74,4614
2022-05-05,840.34,840.34,821.13,821.13,3817
2022-05-08,824.33,833.13,816.33,833.13,3435
2022-05-09,833.93,848.34,833.13,841.3,2458
2022-05-10,848.34,857.14,848.34,856.34,3041
2022-05-11,864.19,895.48,862.75,893.16,5952
2022-05-12,900.36,900.36,879.55,888.36,3743
2022-05-17,888.36,888.36,862.75,864.35,2095
2022-05-18,847.54,866.75,847.54,866.75,2549
2022-05-19,852.34,878.67,849.94,861.94,2211
2022-05-20,845.94,864.35,844.82,855.54,1263
2022-05-23,856.34,856.34,816.33,824.33,6989
2022-05-24,825.13,837.13,812.32,823.53,4728
2022-05-25,839.54,839.54,823.53,830.73,3312
2022-05-26,840.34,840.34,820.73,828.33,4543
2022-05-27,843.54,844.34,826.73,826.81,4619
2022-05-30,843.3,857.14,817.13,818.73,6443
2022-05-31,816.33,816.33,801.92,811.52,3673
2022-06-01,813.13,817.13,801.92,806.72,5372
2022-06-02,816.33,816.33,801.36,804.32,5564
2022-06-03,812.32,812.32,796.32,800.32,3770
2022-06-06,800.32,816.33,788.32,799.52,4505
2022-06-07,799.52,808.32,788.32,788.32,4565
2022-06-08,797.92,812.24,791.52,805.92,4411
2022-06-09,808.32,821.13,801.12,806.72,5911
2022-06-10,800.32,816.33,792.32,802.72,3886
2022-06-13,811.52,811.52,796.32,796.32,2851
2022-06-14,796.32,796.32,783.59,783.59,3893
2022-06-15,774.71,774.71,759.5,767.51,3878
2022-06-16,781.91,781.91,738.86,774.71,3174
2022-06-17,784.31,784.31,760.3,771.51,708
2022-06-19,764.31,764.31,756.3,757.1,3177
2022-06-20,742.7,742.7,726.29,736.29,7730
2022-06-21,751.02,751.02,731.49,748.3,5078
2022-06-22,748.3,756.3,740.3,740.3,2212
2022-06-23,729.09,729.09,703.48,716.29,8000
2022-06-24,716.29,746.7,700.28,720.29,6258
2022-06-26,734.69,776.31,734.69,776.31,7839
2022-06-27,776.31,790.72,752.38,768.31,7415
2022-06-28,753.1,765.91,744.3,765.11,2563
2022-06-29,764.31,779.51,756.3,772.39,3712
2022-06-30,784.31,812.32,784.31,812.24,9614
2022-07-01,808.32,828.41,808.32,821.29,4938
2022-07-03,823.53,864.43,823.53,864.35,16927
2022-07-04,868.35,892.36,832.33,856.34,12179
2022-07-05,856.34,865.95,828.25,833.93,12083
2022-07-06,818.81,867.55,801.12,844.34,6215
2022-07-07,849.14,855.54,821.13,832.33,10957
2022-07-08,816.33,832.33,815.69,824.33,4392
2022-07-11,816.33,816.33,781.11,788.32,12485
2022-07-12,796.32,799.52,774.15,774.15,13208
2022-07-13,789.6,800.16,773.11,797.92,9868
2022-07-14,801.12,840.02,788.32,838.74,23204
2022-07-15,822.73,889.16,800.32,879.55,19717
2022-07-17,868.35,868.35,836.33,844.42,12297
2022-07-18,832.33,836.33,818.73,832.33,9139
2022-07-19,820.33,852.34,820.33,837.94,10342
2022-07-20,840.34,847.54,828.41,846.74,5748
2022-07-21,832.33,843.54,832.33,833.13,5348
2022-07-22,833.13,833.93,808.32,825.93,8245
2022-07-24,809.44,845.14,809.44,844.26,12516
2022-07-25,856.26,897.96,856.26,894.76,35784
2022-07-26,898.76,904.36,868.35,871.55,23412
2022-07-27,860.34,888.92,856.34,888.36,8960
2022-07-28,904.36,923.57,886.35,897.16,36415
2022-07-29,889.96,910.76,889.16,896.36,7799
2022-07-31,897.16,916.37,896.36,911.56,16186
2022-08-01,920.37,920.37,893.32,897.96,14420
2022-08-02,896.36,908.36,881.15,888.36,10408
2022-08-03,888.36,899.56,880.35,892.36,11779
2022-08-04,900.36,900.36,876.35,878.75,10735
2022-08-05,864.35,872.35,848.34,850.74,7434
2022-08-07,867.55,867.55,852.34,853.94,7491
2022-08-08,856.34,872.35,841.14,841.14,11555
2022-08-09,844.34,846.74,819.69,819.69,14765
2022-08-10,820.33,831.53,804.4,811.52,8698
2022-08-11,816.33,817.93,800.32,801.12,11295
2022-08-14,800.32,800.32,783.51,784.31,12469
2022-08-15,797.12,811.52,788.32,808.4,8446
2022-08-16,812.32,821.13,798.72,800.32,12982
2022-08-17,797.92,808.32,797.92,800.32,3430
2022-08-18,800.32,812.32,799.52,808.32,9451
2022-08-21,820.33,840.34,813.93,815.53,6461
2022-08-22,815.53,815.53,806.8,806.96,6319
2022-08-23,812.32,812.32,800.4,801.92,5780
2022-08-24,815.53,816.33,801.92,805.92,8673
2022-08-25,812.32,820.33,806.72,810.72,7838
2022-08-26,801.12,807.52,800.32,807.52,2302
2022-08-28,801.12,806.72,788.4,790.72,10477
2022-08-29,794.72,800.32,790.72,798.72,4224
2022-08-30,800.32,806.64,793.92,794.72,3321
2022-08-31,785.11,797.12,777.11,777.91,9532
2022-09-01,779.51,800.32,769.91,792.32,7376
2022-09-02,792.32,797.12,785.91,788.32,4715
2022-09-04,803.52,803.52,788.4,789.92,5331
2022-09-05,802.72,803.52,793.12,797.12,3822
2022-09-06,794.72,797.84,790.16,794.72,6981
2022-09-07,794.72,795.52,784.31,785.19,3925
2022-09-08,788.32,789.12,773.11,780.31,3799
2022-09-11,780.39,792.32,776.31,778.31,2508
2022-09-12,777.11,777.11,768.31,773.11,3125
2022-09-13,787.52,787.52,773.11,776.31,2320
2022-09-14,791.52,796.24,784.31,789.44,4976
2022-09-15,803.28,803.28,761.98,761.98,8623
2022-09-16,756.3,768.31,748.3,760.38,2854
2022-09-18,757.1,758.7,741.5,742.7,5217
2022-09-20,736.29,736.29,713.89,714.69,7435
2022-09-21,724.29,727.89,713.89,724.29,3873
2022-09-22,724.29,724.29,711.48,711.48,4692
2022-09-25,712.28,720.29,700.44,701.88,5847
2022-09-27,708.28,715.41,700.28,708.28,5896
2022-09-28,704.28,721.49,704.28,715.49,1700
2022-09-29,721.89,726.69,716.37,725.89,4058
2022-10-09,732.29,768.31,728.29,768.31,4249
2022-10-10,768.31,775.51,744.3,745.1,8763
2022-10-11,744.3,756.3,726.69,741.1,4697
2022-10-12,741.1,752.3,741.1,744.38,1605
2022-10-13,744.3,749.1,732.29,736.29,3184
2022-10-16,736.29,744.3,724.29,728.29,7426
2022-10-17,722.69,734.69,721.89,729.17,2303
2022-10-19,742.54,742.54,721.09,721.09,2534
2022-10-20,720.29,728.29,717.09,724.29,3018
2022-10-23,723.49,732.21,723.49,730.61,1273
2022-10-31,730.69,740.3,728.29,732.29,2398
2022-11-01,732.29,752.22,732.29,745.1,4983
2022-11-02,748.3,767.51,747.5,757.1,4142
2022-11-03,768.31,768.31,743.5,749.1,2892
2022-11-06,752.3,779.43,752.3,775.91,8934
2022-11-07,780.31,800.32,777.91,780.31,9954
2022-11-08,792.32,792.32,780.31,787.92,2730
2022-11-09,787.52,799.52,760.38,760.46,4463
2022-11-10,768.31,768.31,749.9,750.7,2318
2022-11-13,736.29,736.29,693.08,702.68,27310
2022-11-14,701.88,711.48,693.16,710.68,8767
2022-11-15,710.68,714.69,701.88,701.88,6477
2022-11-16,701.16,709.88,699.48,701.88,6924
2022-11-17,708.28,710.68,704.36,708.84,4784
2022-11-22,708.68,720.29,708.68,710.68,2490
2022-11-23,710.76,710.76,705.32,706.84,1774
2022-11-24,709.08,709.08,701.88,703.48,3162
2022-11-27,710.68,726.69,702.68,726.69,4799
2022-11-28,728.93,733.89,717.09,717.09,4292
2022-11-29,712.28,729.89,705.88,717.89,3637
2022-11-30,708.28,721.09,708.28,721.09,3697
2022-12-01,713.09,725.89,709.88,725.09,6163
2022-12-04,733.89,736.29,720.29,725.89,6078
2022-12-05,740.3,740.3,716.29,716.29,5090
2022-12-06,720.29,724.29,704.36,717.81,4115
2022-12-07,722.69,724.29,709.08,716.29,3509
2022-12-11,705.08,716.29,704.28,710.28,2409
2022-12-12,710.68,720.29,701.16,713.97,4170
2022-12-13,710.68,718.69,706.28,706.68,1616
2022-12-14,700.84,713.09,700.76,710.68,1707
2022-12-15,704.28,709.08,700.84,704.28,3898
2022-12-18,696.28,707.48,692.28,696.28,3471
2022-12-19,704.28,707.48,692.28,696.28,1655
2022-12-20,696.28,704.2,693.08,699.48,3385
2022-12-21,704.28,706.68,694.68,696.28,3142
2022-12-22,696.28,703.56,692.28,698.68,2682
2022-12-26,712.28,726.69,704.28,722.69,7938
2022-12-27,736.29,741.1,720.29,732.29,11151
2022-12-28,721.89,730.61,712.28,719.49,5264
2022-12-29,726.69,730.69,719.49,724.29,6153
2023-01-01,732.29,747.5,722.69,731.49,8418
2023-01-02,731.49,752.3,731.49,752.3,8369
2023-01-03,752.3,812.24,752.3,797.12,19962
2023-01-04,797.12,876.35,796.32,875.79,43011
2023-01-05,893.16,905.96,860.34,865.95,27499
2023-01-08,872.35,872.35,833.13,853.94,27817
2023-01-09,856.34,867.55,844.34,853.14,9828
2023-01-10,853.14,876.35,836.17,841.94,22652
2023-01-12,858.74,860.34,814.17,814.81,9565
2023-01-17,810.08,826.73,810.08,820.33,7059
2023-01-18,820.41,845.94,809.92,832.33,14681
2023-01-19,820.33,836.33,820.33,826.73,4642
2023-01-23,840.34,840.34,804.4,807.52,5646
2023-01-24,808.32,808.32,792.32,800.32,7438
2023-01-25,816.33,816.33,792.32,800.32,7251
2023-01-26,800.32,808.32,800.32,804.32,3344
2023-01-29,800.32,808.32,792.32,798.72,4210
2023-01-30,785.11,800.32,785.11,788.32,6313
2023-01-31,784.31,784.31,772.31,772.31,6580
2023-02-01,773.91,780.31,772.31,776.31,1484
2023-02-02,790.72,800.24,776.39,779.51,7440
2023-02-05,780.31,792.32,776.31,780.31,4531
2023-02-06,780.31,788.32,774.79,780.31,3982
2023-02-07,791.52,807.52,776.31,805.92,9652
2023-02-08,816.33,828.33,800.32,805.92,7101
2023-02-09,789.92,804.32,784.31,801.92,8116
2023-02-12,786.79,805.12,781.99,794.72,18725
2023-02-14,810.57,810.57,771.43,775.24,13458
2023-02-15,780.95,780.95,759.81,760.95,4932
2023-02-16,761.9,761.9,743.81,744.76,4994
2023-02-20,752.38,752.38,723.81,724.76,6746
2023-02-22,728.57,733.33,715.24,721.9,6040
2023-02-23,707.52,707.52,649.71,651.43,42572
2023-02-26,639.05,677.14,603.81,671.43,30484
2023-02-27,682.76,682.76,635.24,667.62,18080
2023-02-28,676.19,676.19,647.62,648.57,7883
2023-03-01,645.71,647.62,626.67,626.67,8686
2023-03-02,628.57,628.57,602.1,607.81,11590
2023-03-05,595.71,607.52,585.71,591.43,14648
2023-03-07,602.86,609.52,588.67,590.48,11079
2023-03-09,600.0,617.14,595.24,617.14,8966
2023-03-12,628.57,628.57,609.52,609.52,5858
2023-03-13,609.52,613.33,600.0,604.76,3265
2023-03-14,600.95,607.52,595.52,600.0,7230
2023-03-15,600.0,600.0,577.14,585.71,9322
2023-03-16,586.67,586.67,576.19,583.81,5043
2023-03-19,581.81,581.9,560.0,568.38,11899
2023-03-20,571.43,571.43,561.9,565.71,13725
2023-03-22,566.67,571.43,561.9,571.43,9662
2023-03-23,571.43,571.43,562.86,566.67,5464
2023-03-26,566.67,566.67,546.76,563.81,8240
2023-03-27,553.33,562.86,542.86,561.9,10093
2023-03-28,562.86,580.95,557.14,570.48,9541
2023-03-29,579.05,579.05,552.38,571.43,5480
2023-03-30,579.9,579.9,552.76,566.67,7293
2023-04-02,566.67,570.48,560.95,564.76,2540
2023-04-03,564.76,564.76,546.67,556.95,4320
2023-04-04,545.9,561.9,544.76,554.29,5874
2023-04-05,549.52,570.48,549.52,557.14,4528
2023-04-06,561.9,565.71,542.86,550.48,6517
2023-04-09,552.38,557.14,535.33,542.76,6880
2023-04-10,544.67,551.43,534.29,544.76,2492
2023-04-11,552.38,557.14,538.1,554.29,4297
2023-04-12,561.9,592.57,559.05,592.38,11929
2023-04-13,580.95,597.14,572.38,595.24,6797
2023-04-16,602.86,602.86,574.29,582.86,3779
2023-04-17,585.71,591.43,568.57,574.29,4855
2023-04-18,566.67,574.19,566.67,573.33,1466
2023-04-19,568.57,580.0,565.24,578.95,3407
2023-04-20,586.67,586.67,553.33,555.24,6555
2023-04-23,554.29,554.29,548.57,552.38,1485
2023-04-24,543.9,563.43,542.95,561.9,2408
2023-04-25,572.38,572.38,552.86,566.67,3573
2023-04-26,571.43,573.33,551.81,561.9,8779
2023-04-27,571.43,571.43,557.14,564.76,2722
2023-04-30,554.29,563.81,552.38,556.19,3580
2023-05-02,545.81,556.19,536.29,544.76,5902
2023-05-03,545.71,549.52,531.43,533.33,11990
2023-05-04,536.29,539.05,523.33,532.38,7538
2023-05-07,523.9,541.9,523.81,528.67,3639
2023-05-08,518.1,523.81,506.86,510.95,16572
2023-05-09,509.52,519.52,507.81,508.57,3694
2023-05-10,499.14,508.57,499.14,504.76,5718
2023-05-11,503.81,510.48,501.9,506.67,4117
2023-05-14,497.14,514.29,487.71,513.24,6677
2023-05-15,503.81,522.76,503.81,516.1,3220
2023-05-16,516.1,532.38,508.57,526.67,10100
2023-05-17,523.9,539.05,520.95,538.1,9527
2023-05-18,541.9,555.62,540.95,552.38,7349
2023-05-21,562.86,574.19,551.43,563.71,13779
2023-05-22,568.57,568.57,547.62,563.81,4686
2023-05-23,571.43,590.48,566.67,589.52,11125
2023-05-24,591.43,615.24,579.14,600.1,13972
2023-05-28,604.76,619.05,590.48,600.0,12086
2023-05-30,590.48,600.0,572.76,579.05,16045
2023-05-31,579.05,582.86,561.9,568.29,11178
2023-06-01,570.48,571.43,546.95,564.76,7768
2023-06-04,576.0,599.05,576.0,580.95,10134
2023-06-05,588.57,599.05,583.05,583.05,8110
2023-06-06,584.76,592.38,582.86,591.43,7187
2023-06-07,582.0,604.76,582.0,595.24,21913
2023-06-08,587.62,600.0,586.0,597.14,12634
2023-06-11,607.62,612.38,597.62,609.52,22012
2023-06-12,609.52,636.19,609.52,636.19,32661
2023-06-13,637.14,664.57,626.67,650.48,24192
2023-06-14,661.9,665.71,640.95,652.38,19018
2023-06-15,639.43,652.38,626.67,640.38,17036
2023-06-18,640.48,674.29,636.29,671.43,26070
2023-06-19,671.43,679.05,661.9,663.81,20154
2023-06-20,671.43,680.95,652.38,652.86,9606
2023-06-21,647.62,660.67,634.76,634.76,10838
2023-06-22,638.1,666.38,638.1,640.38,12739
2023-06-25,638.1,660.0,638.1,652.38,17394
2023-06-26,644.76,690.48,643.33,688.57,21873
2023-06-27,700.0,757.43,693.33,757.43,44559
2023-06-28,772.38,776.19,723.81,724.76,25239
2023-07-02,712.38,724.76,692.38,692.38,21848
2023-07-03,680.95,706.1,679.05,687.62,18138
2023-07-04,701.33,701.33,677.24,693.24,11056
2023-07-05,706.67,706.67,680.0,683.81,8287
2023-07-06,675.24,683.81,665.81,678.1,14239
2023-07-09,685.71,690.48,666.67,682.86,14249
2023-07-10,681.9,709.52,669.24,692.38,12894
2023-07-11,681.24,697.14,681.24,684.0,4482
2023-07-12,683.81,700.86,683.81,699.52,7988
2023-07-13,712.38,714.19,689.62,694.29,13990
2023-07-16,693.33,728.57,683.71,728.57,15880
2023-07-17,725.71,740.95,706.67,739.05,12930
2023-07-18,742.86,743.81,724.38,735.24,9625
2023-07-19,737.14,737.14,723.81,728.38,9413
2023-07-20,732.38,732.38,712.38,712.38,7546
2023-07-23,712.38,733.33,701.9,723.81,7036
2023-07-24,715.24,725.71,704.95,713.33,8226
2023-07-25,713.33,725.71,697.33,725.71,8185
2023-07-26,714.29,720.95,697.33,699.05,5148
2023-07-27,693.33,698.1,676.19,684.76,5209
2023-07-30,685.71,690.48,665.71,676.19,10126
2023-07-31,688.48,688.48,675.24,675.24,4850
2023-08-01,671.43,680.0,658.1,658.1,3779
2023-08-02,652.38,659.05,634.86,637.14,7508
2023-08-03,649.81,659.05,634.38,645.62,6852
2023-08-06,645.71,647.62,632.76,638.19,5780
2023-08-07,625.81,650.48,625.43,634.29,5482
2023-08-08,622.95,625.81,612.86,615.24,6424
2023-08-09,605.71,623.81,602.95,623.81,5001
2023-08-10,615.24,625.71,610.48,619.05,6751
2023-08-13,619.05,623.81,607.71,619.05,4530
2023-08-14,628.57,635.24,620.67,626.57,4908
2023-08-15,614.1,614.1,579.05,594.29,32799
2023-08-16,585.71,589.9,578.19,582.86,11654
2023-08-17,582.86,591.43,580.95,580.95,3598
2023-08-20,577.14,588.57,571.43,580.86,16206
2023-08-21,578.1,580.86,571.43,580.86,5592
2023-08-22,578.1,584.76,576.19,579.9,3086
2023-08-23,580.0,614.29,580.0,588.57,10778
2023-08-24,595.24,595.24,577.62,579.05,5213
2023-08-27,571.43,579.05,567.62,579.05,4487
2023-08-28,588.57,590.48,574.48,585.62,2798
2023-08-29,580.95,585.71,576.19,582.86,1283
2023-08-30,571.43,592.38,571.43,584.19,3631
2023-09-03,573.33,576.19,564.0,567.62,3190
2023-09-04,568.57,569.52,557.14,565.71,3318
2023-09-05,562.0,571.43,554.48,560.86,7174
2023-09-07,552.38,555.24,541.33,545.71,7808
2023-09-10,547.62,552.38,537.14,552.38,4135
2023-09-11,552.38,583.81,542.86,556.19,5825
2023-09-12,567.24,576.19,546.67,548.57,2174
2023-09-13,559.05,566.67,546.67,561.9,3149
2023-09-17,552.57,561.81,552.57,554.38,7790
2023-09-18,554.29,567.81,545.9,562.86,1563
2023-09-19,573.33,573.33,552.38,567.14,4405
2023-09-21,578.48,596.29,571.43,590.48,19617
2023-09-24,580.95,604.76,580.95,598.1,9060
2023-09-25,590.48,595.24,581.9,588.48,11113
2023-09-26,600.0,608.57,594.29,600.0,18445
2023-09-27,611.43,611.43,593.33,598.19,10592
2023-10-01,595.24,595.24,586.67,590.48,8126
2023-10-02,585.71,593.33,584.38,591.43,2537
2023-10-03,583.81,590.48,579.62,587.62,2653
2023-10-04,598.1,598.1,584.76,590.1,2318
2023-10-05,582.86,594.29,582.86,588.57,2667
2023-10-08,584.37,589.43,572.86,577.14,6714
2023-10-09,567.9,583.81,567.81,573.43,4777
2023-10-10,573.43,574.29,566.67,566.67,2981
2023-10-11,561.9,575.24,561.9,573.33,2188
2023-10-12,573.33,580.95,562.95,580.95,4050
2023-10-16,576.19,576.19,564.76,571.43,2190
2023-10-17,580.95,594.29,560.0,580.0,5110
2023-10-18,588.57,595.24,580.95,593.33,6910
2023-10-19,587.62,604.76,581.52,604.76,3130
2023-10-29,593.33,595.24,574.95,594.29,3108
2023-10-30,582.95,605.62,580.95,605.62,4638
2023-10-31,598.1,598.1,586.19,590.48,322
2023-11-01,590.48,590.48,567.62,568.57,1190
2023-11-02,579.9,591.43,561.9,571.43,2164
2023-11-05,560.95,571.43,552.38,564.76,5456
2023-11-06,554.38,586.57,554.29,564.38,3192
2023-11-07,575.24,575.24,564.86,565.24,1653
2023-11-08,566.67,576.48,565.05,565.05,1292
2023-11-09,553.81,557.14,542.86,543.81,13027
2023-11-20,543.05,543.05,533.33,542.86,5394
2023-11-21,533.33,533.33,524.76,529.05,2786
2023-11-22,518.48,538.1,518.48,533.33,3421
2023-11-23,533.33,533.33,522.67,528.57,2936
2023-11-26,527.62,558.1,523.81,549.52,3741
2023-11-27,552.38,552.38,537.14,538.1,1898
2023-11-28,542.86,552.19,533.33,542.86,2908
2023-11-29,542.86,554.29,542.86,542.86,5270
2023-11-30,535.24,539.05,532.38,539.05,2757
2023-12-03,539.05,539.05,528.29,536.19,2312
2023-12-04,534.29,540.0,528.76,538.1,2372
2023-12-05,527.33,548.76,527.33,530.0,1207
2023-12-06,527.33,552.29,520.0,548.57,6038
2023-12-07,549.52,558.1,536.29,540.0,11910
2023-12-10,550.48,571.43,550.48,571.43,1010
2023-12-11,582.86,582.86,549.52,560.95,31641
2023-12-12,561.9,574.29,554.29,570.48,30458
2023-12-13,581.81,581.81,570.29,580.95,11434
2023-12-14,571.43,580.95,569.33,576.29,14047
2023-12-17,576.19,602.76,573.33,601.9,27356
2023-12-18,613.33,633.33,602.86,628.57,32673
2023-12-19,635.24,635.24,604.76,628.57,13311
2023-12-20,641.14,647.62,611.43,619.14,18703
2023-12-21,631.43,631.43,602.0,612.38,22642
2023-12-24,602.86,614.29,600.0,600.1,20814
2023-12-27,600.0,611.33,581.9,582.95,14238
2023-12-28,580.95,595.24,580.95,591.52,10045
2024-01-01,592.48,600.0,586.67,589.52,9203
2024-01-02,584.76,590.48,581.9,585.71,14199
2024-01-03,582.38,600.0,582.38,594.29,7074
2024-01-04,597.14,604.76,585.71,585.71,13370
2024-01-07,590.48,607.81,586.67,593.33,31231
2024-01-08,595.24,607.62,595.24,602.86,19415
2024-01-09,603.05,621.9,602.86,617.14,22345
2024-01-10,619.05,629.43,614.29,614.38,13653
2024-01-11,602.86,675.81,591.43,675.81,21313
2024-01-14,662.38,662.38,609.52,646.67,56173
2024-01-16,645.71,685.71,634.29,685.71,42944
2024-01-17,699.05,699.05,666.67,685.71,32000
2024-01-18,688.57,688.57,653.52,657.14,17244
2024-01-21,666.67,669.52,653.33,653.52,33867
2024-01-22,647.62,655.9,628.57,639.05,17446
2024-01-23,647.52,651.81,639.24,644.76,9753
2024-01-24,650.48,650.48,638.67,639.05,9569
2024-01-25,626.67,638.1,626.38,630.48,9405
2024-01-28,621.9,640.95,619.14,640.95,13822
2024-01-29,639.05,646.67,631.43,642.86,2375
2024-01-30,630.48,650.95,630.48,630.95,7080
2024-01-31,633.33,668.57,627.62,627.62,8311
2024-02-01,624.76,624.76,613.33,613.33,5755
2024-02-04,602.19,620.95,602.19,606.67,5707
2024-02-05,609.52,619.05,606.76,614.19,3005
2024-02-06,614.29,623.62,609.52,623.62,3378
2024-02-07,617.14,626.67,614.38,616.19,3610
2024-02-08,616.19,640.0,616.19,638.1,7841
2024-02-11,650.38,650.38,626.86,635.24,8667
2024-02-12,638.1,638.1,617.14,628.57,5204
2024-02-13,617.14,618.1,606.67,606.67,8540
2024-02-14,604.76,623.62,602.86,623.62,6038
2024-02-15,619.05,623.81,612.38,620.0,8803
2024-02-18,607.62,620.0,606.67,613.33,2900
2024-02-20,601.62,611.43,598.1,600.0,8219
2024-02-21,600.0,609.33,593.43,594.29,7777
2024-02-22,595.24,598.86,584.0,584.0,3871
2024-02-25,573.62,580.95,565.71,567.62,10134
2024-02-26,570.48,580.95,567.71,576.19,5513
2024-02-27,566.67,579.9,565.71,579.9,3191
2024-02-28,576.19,580.95,576.19,580.0,3367
2024-02-29,568.57,576.1,561.9,561.9,4869
2024-03-03,550.76,572.38,550.76,565.71,3361
2024-03-04,576.19,587.62,576.19,587.62,20
2024-03-05,599.33,599.33,575.71,585.52,7443
2024-03-06,574.1,590.57,574.1,577.33,6238
2024-03-07,571.43,585.62,571.43,583.33,569
2024-03-10,585.81,613.33,585.71,613.24,11948
2024-03-12,623.33,653.33,619.05,640.0,25150
2024-03-13,652.76,652.76,628.57,640.0,6830
2024-03-14,628.57,636.19,609.81,612.38,8203
2024-03-17,623.71,636.67,612.38,612.38,16086
2024-03-18,600.95,632.38,600.95,628.57,6652
2024-03-19,631.43,639.71,619.14,628.57,10620
2024-03-20,640.86,657.14,628.48,636.19,35068
2024-03-21,638.1,648.57,626.76,626.76,7629
2024-03-25,615.43,617.14,614.57,614.57,6918
2024-03-26,609.52,620.95,608.57,618.57,8049
2024-03-27,619.05,623.81,607.9,622.86,6971
2024-03-28,635.24,635.24,610.19,610.29,4547
2024-03-31,604.76,617.9,598.1,600.0,9533
2024-04-01,590.48,602.29,590.48,599.05,3299
2024-04-02,610.48,620.0,606.1,614.29,5377
2024-04-03,626.19,642.86,610.76,617.9,6045
2024-04-04,619.05,636.29,616.0,624.1,10987
2024-04-07,636.57,646.57,620.0,623.81,12688
2024-04-09,628.57,628.57,612.38,617.14,6984
2024-04-10,622.67,623.81,604.76,623.81,8814
2024-04-14,619.05,635.24,611.43,632.38,5626
2024-04-15,622.86,640.0,614.57,615.24,13898
2024-04-16,603.52,640.0,603.52,612.38,3369
2024-04-18,607.81,609.52,600.95,600.95,6058
2024-04-21,612.19,612.19,591.52,600.0,3637
2024-04-22,611.43,611.43,590.95,595.81,4084
2024-04-24,590.67,594.29,590.48,590.48,6098
2024-04-25,586.29,613.33,586.29,588.57,4416
2024-04-28,583.81,612.0,583.81,599.81,4731
2024-04-29,597.14,604.76,597.14,600.0,3507
2024-04-30,600.0,624.19,598.1,614.29,7195
2024-05-02,603.9,638.19,603.9,632.38,30577
2024-05-05,642.76,657.14,628.48,636.19,32699
2024-05-06,648.57,648.57,611.43,616.19,7017
2024-05-07,608.29,636.29,608.0,628.57,6123
2024-05-08,641.14,646.57,633.33,643.81,39178
2024-05-09,650.48,656.76,631.05,638.1,14540
2024-05-12,638.1,638.1,619.33,619.33,6884
2024-05-13,619.05,626.67,614.29,620.0,5463
2024-05-14,623.81,642.76,623.81,639.05,18718
2024-05-15,642.86,650.38,628.67,628.67,15761
2024-05-16,620.95,656.95,620.95,643.81,31875
2024-05-19,656.67,661.71,643.81,653.33,25340
2024-05-20,664.76,664.76,638.57,646.57,21467
2024-05-21,651.9,651.9,638.95,647.62,17823
2024-05-22,638.1,656.19,638.1,638.29,14410
2024-05-26,638.1,647.14,633.33,633.33,8932
2024-05-27,638.1,641.9,629.52,638.1,6140
2024-05-29,650.48,650.48,622.86,635.24,15123
2024-05-30,644.76,644.76,619.14,623.81,12256
2024-06-02,620.48,633.24,618.1,633.24,8549
2024-06-03,633.24,644.76,620.95,634.57,13680
2024-06-04,640.76,643.81,635.05,638.19,7700
2024-06-05,636.19,647.52,635.14,642.86,8034
2024-06-06,642.86,657.14,636.29,648.57,22186
2024-06-09,660.76,661.9,642.86,642.86,20206
2024-06-10,642.86,649.52,638.38,639.05,12310
2024-06-11,639.05,661.81,636.29,656.1,21358
2024-06-12,661.9,678.95,656.19,672.38,32205
2024-06-13,672.38,685.71,659.05,671.33,25937
2024-06-16,683.81,683.81,648.0,650.48,14248
2024-06-18,647.62,651.24,638.1,641.9,10495
2024-06-19,641.9,647.62,635.24,635.24,4787
2024-06-20,636.19,641.9,635.24,638.1,4891
2024-06-23,630.67,640.95,628.67,635.14,12254
2024-06-24,643.81,643.81,634.29,640.0,6793
2024-06-25,635.24,646.48,633.43,640.95,10438
2024-06-26,645.71,645.71,633.33,633.33,11803
2024-06-27,643.71,643.71,627.62,628.57,4194
2024-06-30,628.57,633.33,622.86,622.86,7489
2024-07-01,622.86,625.71,622.1,622.86,3387
2024-07-02,635.24,651.43,629.71,634.29,7024
2024-07-03,626.67,640.0,626.67,628.57,16899
2024-07-04,624.76,639.05,624.76,633.33,18021
2024-07-07,645.71,647.62,633.33,644.76,16322
2024-07-08,635.24,646.67,635.24,646.19,17469
2024-07-09,644.76,672.38,642.86,667.62,31646
2024-07-10,679.05,691.43,676.19,685.71,36012
2024-07-11,697.14,697.14,676.86,680.1,14717
2024-07-14,681.9,714.29,672.86,693.33,27072
2024-07-15,702.86,702.86,676.29,678.0,16534
2024-07-16,676.19,696.19,666.76,696.19,21439
2024-07-17,696.19,721.71,690.48,714.29,39830
2024-07-18,728.57,750.48,719.24,750.48,65629
2024-07-21,761.9,770.48,737.14,768.57,39999
2024-07-22,768.67,771.43,747.62,761.9,33191
2024-07-23,746.76,780.76,746.76,778.1,34308
2024-07-24,793.24,793.62,742.86,752.38,50247
2024-07-25,766.67,819.05,754.48,819.05,127819
2024-07-28,835.43,885.9,802.86,836.19,58248
2024-07-29,836.19,836.19,798.1,799.52,58490
2024-07-30,815.24,815.24,779.33,803.81,42990
2024-07-31,801.9,814.29,795.24,808.57,43059
2024-08-01,808.57,836.19,800.95,803.81,31934
2024-08-05,803.9,808.57,793.33,800.95,35844
2024-08-06,800.95,811.14,764.86,771.9,60285
2024-08-07,771.81,800.0,771.81,791.43,47264
2024-08-08,803.81,805.71,779.05,783.81,20745
2024-08-11,799.05,838.1,799.05,828.57,59136
2024-08-12,842.86,853.33,828.57,839.05,48081
2024-08-13,839.05,852.38,823.9,828.67,31344
2024-08-14,836.19,838.1,812.0,824.76,53983
2024-08-15,841.24,841.24,817.14,823.81,46552
2024-08-18,833.33,843.81,812.0,812.38,62705
2024-08-21,819.05,819.05,800.1,803.81,24626
2024-08-22,803.81,816.95,799.05,801.9,18489
2024-08-25,809.52,833.33,786.67,802.86,79506
2024-08-27,804.76,806.48,773.33,779.05,42641
2024-08-28,788.57,795.24,765.71,765.71,26310
2024-08-29,767.62,771.33,740.1,744.76,17800
2024-09-01,759.05,773.33,729.9,732.38,12792
2024-09-02,746.67,760.95,728.57,758.1,16506
2024-09-03,761.05,774.29,753.33,753.33,15757
2024-09-04,753.33,765.71,739.14,744.76,19473
2024-09-05,744.76,789.43,730.48,752.38,24864
2024-09-08,752.48,776.19,752.38,761.9,71102
2024-09-09,754.29,767.62,752.38,752.38,33189
2024-09-10,766.67,766.67,740.0,744.76,16193
2024-09-11,739.43,752.38,728.57,742.86,16122
2024-09-12,757.71,757.71,729.52,742.86,20894
2024-09-15,749.52,761.9,728.76,733.33,17563
2024-09-16,729.05,735.33,705.81,719.05,18370
2024-09-18,719.05,723.81,702.86,702.86,15564
2024-09-22,716.86,731.14,704.0,705.62,7492
2024-09-23,704.76,704.76,680.95,680.95,13756
2024-09-24,693.24,693.24,657.14,663.81,10530
2024-09-25,659.05,675.14,650.57,657.14,12991
2024-09-26,665.71,675.24,651.43,655.24,11903
2024-09-29,647.71,655.24,642.86,652.29,13294
2024-09-30,664.76,666.67,648.57,661.9,8438
2024-10-01,673.33,690.48,659.05,690.48,21122
2024-10-02,698.1,698.1,672.0,676.19,12132
2024-10-06,676.19,686.67,676.19,685.71,11008
2024-10-07,698.1,708.57,690.48,694.29,13700
2024-10-08,685.71,702.76,685.71,693.33,10289
2024-10-09,703.71,703.71,687.71,694.29,10230
2024-10-15,694.29,698.95,690.48,693.71,9109
2024-10-16,707.52,713.33,695.33,713.33,11143
2024-10-17,714.29,725.71,705.71,717.14,13356
2024-10-20,712.38,715.24,695.24,703.62,13509
2024-10-21,689.62,700.0,689.52,697.14,7171
2024-10-22,685.81,698.1,685.71,692.57,7974
2024-10-23,692.38,701.81,686.1,695.24,4911
2024-10-24,686.95,687.9,676.76,681.9,7713
2024-10-27,681.9,684.76,676.19,681.81,4848
2024-10-28,692.38,692.38,674.29,684.67,7342
2024-10-29,687.62,698.1,685.71,698.1,16745
2024-10-30,712.0,713.33,683.9,683.9,7836
2024-11-05,696.19,697.14,676.38,695.24,4067
2024-11-06,698.95,698.95,681.33,690.48,9009
2024-11-10,680.95,699.81,680.95,696.67,13779
2024-11-11,708.57,722.67,696.67,713.33,50949
2024-11-12,719.05,724.76,700.0,706.67,42627
2024-11-13,706.67,711.43,695.24,704.76,15653
2024-11-14,704.76,709.43,695.43,701.9,23067
2024-11-17,708.57,714.1,695.24,700.0,28457
2024-11-19,690.48,716.1,680.95,704.76,148557
2024-11-20,704.86,714.19,695.24,713.24,16958
2024-11-21,725.71,725.71,700.0,710.48,24034
2024-11-24,700.38,707.9,695.24,698.1,10208
2024-11-25,706.67,706.67,688.48,695.24,8208
2024-11-26,702.86,702.86,676.29,688.57,17615
2024-11-27,688.57,697.24,685.71,693.33,18324
2024-11-28,697.43,706.67,682.0,685.71,21254
2024-12-01,676.19,683.52,666.67,670.48,31634
2024-12-02,666.67,680.95,666.67,679.52,25148
2024-12-03,680.95,680.95,668.19,669.52,18929
2024-12-04,667.62,678.1,662.86,675.14,27769
2024-12-05,676.19,676.19,658.1,659.05,10659
2024-12-08,666.67,666.67,642.95,646.67,11252
2024-12-09,647.62,659.05,647.62,648.76,6707
2024-12-10,659.05,659.05,640.95,652.29,5492
2024-12-11,647.62,656.1,647.62,654.29,3118
2024-12-12,655.24,685.52,638.1,670.48,171169
2024-12-16,683.81,683.81,655.24,657.14,5045
2024-12-17,670.29,670.29,645.71,660.0,2932
2024-12-18,669.52,670.1,649.52,656.19,4084
2024-12-19,665.71,665.71,640.38,655.24,7634
2024-12-22,667.62,667.62,635.24,641.24,16038
2024-12-23,653.14,653.14,640.1,648.57,10939
2024-12-24,661.52,661.52,641.14,647.62,11008
2024-12-26,659.9,659.9,638.1,647.62,10727
2024-12-29,647.62,666.67,637.14,658.1,17405
2024-12-31,663.81,663.81,639.43,642.86,11508
2025-01-01,655.05,655.14,642.0,647.62,8914
2025-01-02,657.05,657.05,644.19,651.33,6671
2025-01-05,661.33,661.33,638.1,642.86,4092
2025-01-06,639.05,651.71,638.38,642.86,16704
2025-01-07,655.52,655.52,636.19,643.71,7852
2025-01-08,655.14,666.67,652.38,657.14,40635
2025-01-09,663.62,663.62,642.95,644.1,22715
2025-01-12,639.05,650.0,631.52,650.0,14508
2025-01-13,659.05,659.05,633.33,651.43,14556
2025-01-15,659.9,659.9,637.14,650.48,13928
2025-01-16,639.05,642.86,637.14,642.38,8327
2025-01-19,655.14,655.14,636.0,638.19,9171
2025-01-20,641.9,647.52,637.24,642.86,8600
2025-01-21,655.71,655.71,642.67,646.1,10256
2025-01-22,658.95,658.95,639.14,658.57,17889
2025-01-23,649.62,657.14,649.62,654.1,7776
2025-01-26,654.1,657.14,642.86,643.81,7632
2025-01-27,652.29,652.29,637.14,637.14,11352
2025-01-28,636.19,642.86,628.57,638.1,16582
2025-02-02,642.86,670.48,640.19,666.67,29956
2025-02-03,680.0,680.0,665.81,666.57,29084
2025-02-04,679.81,679.81,654.48,662.57,14661
2025-02-05,654.29,663.81,652.38,661.9,14967
2025-02-06,675.14,675.14,651.62,657.14,15385
2025-02-09,657.14,666.38,652.38,652.38,12874
2025-02-10,651.43,663.81,642.86,657.14,8889
2025-02-11,670.29,670.29,654.29,662.86,17494
2025-02-12,675.24,675.24,652.38,653.33,14190
2025-02-13,666.38,666.38,653.43,653.52,9598
2025-02-16,666.48,666.57,655.24,658.1,13602
2025-02-17,670.95,683.52,669.52,673.33,33580
2025-02-18,676.19,681.9,665.71,666.67,18382
2025-02-20,679.05,679.05,662.29,665.71,13440
2025-02-23,652.48,663.81,652.48,657.14,16435
2025-02-24,665.62,665.62,652.38,653.33,13878
2025-02-25,653.33,657.14,652.38,656.19,8827
2025-02-27,666.67,680.0,655.33,657.33,23615
2025-03-02,662.86,676.19,659.33,673.24,36293
2025-03-03,680.95,720.95,680.95,695.24,87801
2025-03-04,708.57,709.05,684.86,707.62,49798
2025-03-05,693.52,698.1,681.9,682.48,20783
2025-03-06,692.38,692.38,674.29,674.29,36408
2025-03-09,674.29,677.14,661.9,666.48,15114
2025-03-10,665.71,670.48,653.33,661.9,14370
2025-03-11,671.43,675.14,649.52,655.24,13211
2025-03-12,660.95,663.33,653.33,655.24,8569
2025-03-16,658.1,660.0,650.48,652.38,11019
2025-03-17,645.81,657.14,645.81,652.38,10786
2025-03-18,652.48,657.14,648.67,653.24,5867
2025-03-19,649.52,657.05,647.14,657.05,8961
2025-03-20,657.14,657.14,648.57,649.57,7157
2025-03-23,649.52,649.52,636.76,637.15,14348
2025-03-24,642.86,647.14,628.57,639.56,6812
2025-03-25,630.57,637.14,629.52,629.9,12989
2025-03-26,630.48,641.9,620.67,635.81,5061
2025-03-27,642.57,646.67,633.33,644.91,11514
2025-03-30,645.71,667.62,644.76,658.9,15238
2025-04-01,659.05,665.71,633.43,646.1,14887
2025-04-02,633.33,652.38,633.33,644.65,10442
2025-04-03,655.14,657.33,646.67,650.95,9710
2025-04-07,652.38,657.14,643.81,645.79,9559
2025-04-08,638.19,647.43,636.19,640.55,10550
2025-04-09,638.1,647.62,638.1,640.93,7592
2025-04-10,641.9,649.33,641.14,647.54,6260
2025-04-13,642.86,643.81,637.24,638.61,8683
2025-04-15,651.33,652.29,640.1,648.41,4683
2025-04-16,638.19,660.86,638.19,655.57,18452
2025-04-17,666.67,666.67,653.33,655.52,14823
2025-04-20,642.76,655.52,642.76,650.38,8003
2025-04-21,644.95,660.95,644.95,652.6,12488
2025-04-22,652.38,652.38,645.71,651.7,5275
2025-04-23,642.38,647.52,638.1,638.9,7689
2025-04-24,638.19,647.62,629.52,636.19,17578
2025-04-27,634.48,642.86,628.57,629.74,19244
2025-04-28,624.86,637.52,621.24,627.13,25276
2025-04-29,620.1,632.48,620.1,622.28,10163
2025-04-30,619.05,628.57,619.05,624.97,4278
2025-05-04,620.95,640.95,620.1,631.72,8241
2025-05-05,627.14,636.0,623.81,626.67,5269
2025-05-06,626.67,627.62,620.0,620.96,7520
2025-05-07,628.57,640.0,622.95,637.62,7556
2025-05-08,633.33,650.29,627.62,639.41,16433
2025-05-11,647.52,647.52,635.24,638.1,7002
2025-05-13,645.71,647.62,639.05,641.24,13516
2025-05-14,647.62,652.86,634.86,637.65,10975
2025-05-15,629.62,637.05,628.57,630.93,10927
2025-05-18,631.43,650.48,631.43,637.18,8124
2025-05-19,649.52,649.52,630.0,648.24,26272
2025-05-20,657.14,657.14,638.38,655.96,8965
2025-05-21,669.05,680.95,650.38,651.57,11711
2025-05-22,661.9,671.43,653.33,666.7,23483
2025-05-25,680.0,685.71,666.57,681.31,68780
2025-05-26,694.86,705.71,666.67,669.94,20165
2025-05-27,683.33,683.33,660.95,667.57,12857
2025-05-28,680.86,680.86,649.52,660.95,10399
2025-06-02,674.1,674.1,659.14,661.05,11368
2025-06-03,653.52,657.14,652.48,653.74,11993
2025-06-04,641.9,657.14,641.14,652.61,5698
2025-06-05,642.86,657.14,642.86,645.55,10204
2025-06-08,640.95,650.95,633.33,635.62,18362
2025-06-09,648.1,648.1,637.14,639.16,5055
2025-06-10,651.43,651.43,640.0,644.17,4247
2025-06-11,647.62,647.62,638.1,640.9,7133
2025-06-12,634.29,643.81,634.29,641.79,6837
2025-06-15,644.76,645.71,637.14,638.66,4663
2025-06-16,638.19,644.76,630.57,641.55,8606
2025-06-17,642.86,652.38,638.38,646.35,10459
2025-06-18,646.35,649.52,642.95,648.37,8190
2025-06-19,642.95,644.86,640.95,642.78,8722
2025-06-22,641.9,647.43,634.29,636.47,12789
2025-06-23,638.1,644.76,636.38,642.46,6164
2025-06-24,640.48,655.24,640.48,645.52,14121
2025-06-25,639.14,658.1,639.05,648.96,8364
2025-06-26,657.14,661.9,647.62,649.14,14316
2025-06-29,659.05,659.05,645.71,655.52,7368
2025-06-30,657.14,662.86,653.43,661.39,11525
2025-07-01,661.39,670.48,660.95,667.96,14977
2025-07-02,668.57,679.05,666.67,677.81,24068
2025-07-03,685.71,685.71,672.38,680.81,18810
2025-07-06,669.62,685.71,669.62,680.62,18826
2025-07-07,676.29,690.0,676.19,684.96,27981
2025-07-08,683.81,687.14,678.29,686.03,19439
2025-07-09,688.57,692.38,683.81,691.22,19113
2025-07-10,697.14,709.52,692.48,704.86,28880
2025-07-13,718.95,738.1,707.62,716.45,89186
2025-07-14,716.19,718.1,702.86,704.88,32000
2025-07-15,695.24,720.95,695.24,715.39,18857
2025-07-16,723.81,738.1,712.1,732.1,78066
2025-07-17,724.0,761.9,724.0,754.89,46177
2025-07-20,766.67,777.14,739.05,742.96,73618
2025-07-21,742.86,771.43,732.38,766.29,59793
2025-07-22,780.86,805.81,777.43,797.78,99582
2025-07-23,813.71,813.71,782.95,791.55,69784
2025-07-24,804.76,804.76,776.19,778.31,40100
2025-07-27,780.95,794.29,766.76,776.83,74508
2025-07-28,768.57,771.43,750.48,764.82,46849
2025-07-29,780.1,795.52,771.43,778.68,43756
2025-07-30,769.62,776.0,754.29,756.92,43834
2025-07-31,752.38,772.38,752.38,760.81,57085
2025-08-03,745.9,763.81,742.0,743.77,43362
2025-08-04,754.19,754.29,734.38,741.64,30670
2025-08-05,738.1,749.52,734.48,739.52,22704
2025-08-06,742.0,758.57,733.43,749.42,17735
2025-08-07,763.71,763.71,750.48,752.08,19920
2025-08-11,752.38,760.95,741.9,742.25,22611
2025-08-12,747.62,747.62,728.86,731.71,11820
2025-08-13,732.48,744.76,727.62,731.03,13652
2025-08-14,736.19,744.76,727.62,729.35,9902
2025-08-17,740.95,752.38,734.29,740.6,32135
2025-08-18,752.19,757.14,740.95,752.18,35541
2025-08-19,750.48,759.05,749.71,750.0,14565
2025-08-20,757.14,757.14,742.95,749.84,81093
2025-08-21,757.14,761.9,747.62,752.57,18024
2025-08-24,760.95,767.43,739.05,747.55,22075
2025-08-25,762.48,776.19,750.57,759.73,53031
2025-08-26,766.67,769.52,758.1,758.27,32095
2025-08-27,762.76,766.67,758.29,764.79,34680
2025-08-28,749.52,764.48,749.52,751.52,18404
2025-08-31,745.71,752.76,740.1,740.7,21258
2025-09-01,741.9,741.9,733.33,736.43,9954
2025-09-02,734.48,738.1,733.33,733.95,19954
2025-09-03,733.33,743.81,733.33,736.87,11320
2025-09-04,737.24,738.1,730.48,737.08,12751
2025-09-07,728.57,738.1,724.95,732.96,9305
2025-09-08,730.48,730.48,714.29,723.9,10827
2025-09-18,709.43,709.43,709.43,709.43,100
2025-09-21,696.29,727.62,696.19,721.45,19346
2025-09-23,721.9,739.05,715.24,739.05,10470
2025-09-24,728.57,739.33,725.71,739.33,9802
2025-09-25,739.33,739.33,728.67,733.24,2285
2025-09-28,742.86,742.86,729.52,733.33,3871
2025-10-07,728.57,733.33,710.48,718.95,5536
2025-10-08,709.71,714.29,704.95,709.52,9153
2025-10-09,723.71,738.1,714.48,720.95,6831
2025-10-12,725.52,725.52,684.95,684.95,9391
2025-10-13,672.67,698.57,671.52,687.62,11137
2025-10-14,685.71,695.24,682.38,695.24,4065
2025-10-15,704.76,708.57,681.43,687.81,1868
2025-10-16,697.14,697.14,677.14,685.62,2732
2025-10-19,685.71,695.24,685.71,688.57,1962
2025-10-26,676.19,685.62,676.19,683.71,1389
2025-10-28,672.38,702.67,672.38,700.0,7051
2025-10-29,709.52,711.43,691.43,695.24,3059
2025-10-30,685.9,712.95,685.9,709.52,4948
2025-11-02,714.19,728.48,710.48,720.0,10087
2025-11-03,728.57,728.57,716.76,719.05,4795
2025-11-04,719.05,719.05,707.71,707.71,5918
2025-11-05,711.43,714.29,707.71,714.29,5014
2025-11-06,714.29,723.71,709.52,714.29,4454
2025-11-09,714.29,714.29,700.1,701.05,10274
2025-11-10,700.1,714.29,693.43,703.81,3510
2025-11-11,700.0,704.76,693.43,696.29,4583
2025-11-12,709.52,709.52,689.52,689.52,8832
2025-11-13,690.48,700.0,689.52,690.48,6416
2025-11-16,687.62,708.57,687.62,699.9,13629
2025-11-17,713.14,723.81,698.1,701.9,3375
2025-11-18,704.76,713.33,701.9,703.14,9359
2025-11-19,697.9,701.9,697.9,700.95,7820
2025-11-20,700.48,709.52,698.29,701.9,8010
2025-11-23,710.48,724.67,710.48,718.1,9568
2025-11-24,718.1,731.43,718.1,731.43,7957
2025-11-25,719.05,742.86,719.05,733.33,14413
2025-11-26,720.1,763.81,720.1,733.33,9578
2025-11-27,729.52,740.95,728.57,740.0,4107
2025-11-30,727.62,744.76,726.76,726.76,8177
2025-12-01,726.76,744.76,726.76,734.29,21304
2025-12-02,725.71,747.62,725.71,739.05,7073
2025-12-03,739.05,743.81,721.9,724.76,8817
2025-12-07,724.76,724.76,713.33,713.33,4677
2025-12-08,711.43,720.95,708.1,714.48,2051
2025-12-09,714.29,726.67,709.14,714.29,4142
2025-12-10,714.29,714.29,706.67,712.48,2329
2025-12-11,714.29,715.24,708.57,711.43,5381
2025-12-14,723.81,723.81,709.52,709.52,6400
2025-12-15,709.62,716.19,709.62,713.62,6734
2025-12-16,713.33,728.57,713.33,728.57,6604
2025-12-17,742.86,742.86,720.95,721.05,6415
2025-12-18,723.71,723.81,707.62,709.33,13340
2025-12-21,700.48,708.57,695.24,695.24,10919
2025-12-22,695.24,700.0,690.48,696.19,8203
2025-12-23,687.81,699.9,687.62,699.9,3737
2025-12-24,705.71,708.57,695.24,696.76,2848
2025-12-28,696.19,708.57,694.29,708.57,12941
2025-12-29,719.05,719.05,701.14,701.14,4407
2025-12-31,709.52,717.9,704.76,710.48,19136
2026-01-01,720.0,720.0,705.2,705.4,5229
2026-01-04,706.0,710.0,698.2,698.2,5413
2026-01-05,687.2,712.1,687.0,700.1,6387
2026-01-06,700.0,710.6,696.0,707.0,3897
2026-01-07,700.0,713.0,700.0,705.0,1152
2026-01-08,701.1,712.0,701.0,710.0,4857
2026-01-12,702.0,714.5,702.0,709.0,12123
2026-01-13,720.0,720.0,706.0,707.5,7597
2026-01-14,706.0,714.0,700.0,708.0,7529
2026-01-18,710.0,715.0,710.0,714.0,3935
2026-01-20,720.0,732.0,720.0,732.0,8896
2026-01-21,738.9,738.9,728.0,729.0,13352
2026-01-22,725.0,730.0,716.0,730.0,7166
2026-01-25,731.1,744.6,731.0,740.0,13542
2026-01-26,735.0,740.6,726.0,728.0,16871
2026-01-27,739.9,740.9,725.2,727.0,18753
2026-01-28,729.0,729.0,716.1,722.0,8896
2026-01-29,730.0,735.0,720.0,723.0,15050
2026-02-01,716.0,720.0,714.1,715.0,4560
2026-02-02,729.0,729.0,710.1,716.0,4225
2026-02-03,708.0,721.0,708.0,712.1,5509
2026-02-04,712.1,715.0,705.0,705.0,3026
2026-02-05,703.0,710.0,703.0,709.0,5680
2026-02-08,712.0,716.0,710.7,710.7,7590
2026-02-09,721.0,724.9,697.0,707.0,21555
2026-02-10,705.0,705.0,701.1,702.0,1842
2026-02-11,710.0,710.0,696.0,696.0,10469
2026-02-12,697.0,705.0,696.0,699.0,9813
2026-02-16,700.3,700.3,676.5,687.0,10834
2026-02-17,688.0,688.0,677.0,681.0,8455
2026-02-22,688.0,688.0,680.0,683.0,4758
2026-02-23,690.9,690.9,680.1,685.0,4174
2026-02-24,683.0,698.7,676.0,688.0,6550
2026-02-25,688.0,688.0,680.0,680.0,1739
2026-02-26,687.0,687.0,670.0,671.0,12588
2026-03-01,671.0,700.1,667.5,668.0,17797
2026-03-03,675.0,703.8,675.0,692.0,11561
2026-03-10,705.8,733.0,705.8,722.0,29057
2026-03-11,725.0,729.0,700.1,701.6,44528
2026-03-12,703.0,725.0,702.2,712.1,9751
2026-03-15,713.1,719.0,705.0,714.5,7093
2026-03-16,714.5,719.0,706.0,715.0,6266
2026-03-17,725.8,725.8,702.1,713.0,4192
2026-03-19,713.0,727.0,712.2,724.0,25167
2026-03-22,725.0,760.0,720.0,749.0,70049
2026-03-23,759.9,760.0,736.0,740.0,26086
2026-03-24,740.0,748.9,733.0,740.0,17363
2026-03-25,740.0,750.0,703.5,728.0,41076
2026-03-26,728.0,733.0,718.0,725.0,16501
2026-03-29,727.0,727.0,715.0,715.0,13756
2026-03-30,705.3,717.0,705.3,711.0,8481
2026-03-31,702.2,712.0,700.0,707.5,7443
2026-04-01,707.0,707.0,686.0,697.0,7422
2026-04-02,685.0,700.0,685.0,691.1,4170
2026-04-05,685.0,695.0,660.0,671.0,12577
2026-04-06,684.4,691.9,671.0,681.0,10061
2026-04-07,685.0,696.9,680.0,680.0,16816
2026-04-08,693.5,695.0,681.1,691.0,10722
2026-04-09,682.0,702.0,682.0,700.0,7255
2026-04-10,695.0,700.0,687.2,694.0,1843
2026-04-13,700.0,700.0,687.0,694.8,2194
2026-04-15,695.0,703.0,687.0,700.0,7121
2026-04-16,700.0,700.0,689.0,690.2,2777
2026-04-17,691.0,692.0,677.0,691.8,6569
2026-04-20,691.0,691.0,676.2,684.0,1708
2026-04-21,670.0,691.9,670.0,684.0,5578
2026-04-22,670.3,689.9,670.2,682.0,7750
2026-04-23,675.0,687.8,671.0,687.8,4973
2026-04-24,680.0,688.0,675.4,679.0,2774
2026-04-27,675.1,680.0,672.1,678.0,2015
2026-04-28,678.0,680.0,675.2,678.0,3647
2026-04-29,670.1,679.0,670.1,678.7,2243
2026-04-30,672.0,680.0,672.0,678.0,5917
2026-05-04,670.3,677.0,670.3,675.0,1269
2026-05-05,670.1,673.0,665.1,672.0,2915
2026-05-06,671.0,675.0,671.0,673.0,1720
2026-05-07,673.0,679.0,670.5,673.0,2843
2026-05-08,676.0,676.0,668.2,668.2,4586
2026-05-11,669.0,674.0,667.2,670.6,4646
2026-05-12,670.0,675.9,669.2,670.0,5376
2026-05-13,653.2,674.0,653.2,666.0,2802
2026-05-14,665.0,668.0,657.1,662.0,2555
2026-05-15,659.1,661.5,657.0,661.0,3383
2026-05-18,660.0,661.0,650.0,651.0,8732
2026-05-19,659.9,660.0,649.2,655.0,6285
2026-05-20,650.2,661.0,643.1,661.0,4812
2026-05-21,651.0,657.0,650.0,650.3,3046
2026-05-22,645.0,660.0,645.0,660.0,3011
2026-05-25,665.0,665.0,656.0,659.0,3971
2026-05-26,655.0,665.0,653.0,658.0,1467
2026-05-27,658.0,667.9,658.0,665.0,2990
2026-06-01,669.0,670.0,652.0,655.0,2429
2026-06-02,655.0,664.9,655.0,660.0,992
2026-06-03,661.1,671.0,661.1,663.0,3064
2026-06-04,660.0,668.0,660.0,662.4,957
2026-06-05,661.0,666.0,655.0,666.0,3740
2026-06-08,655.0,670.0,655.0,661.0,5171
2026-06-09,657.0,663.0,655.0,660.0,786
2026-06-10,660.0,660.5,657.0,658.8,1339
2026-06-11,658.0,660.1,652.3,652.7,2754
2026-06-12,646.2,656.5,646.2,654.0,1782
2026-06-15,647.0,660.0,646.0,649.3,988
2026-06-16,655.0,655.0,643.0,643.0,5697
2026-06-17,650.0,651.9,637.0,641.1,5656
2026-06-18,649.8,650.0,645.0,645.0,2128
2026-06-19,646.0,646.1,645.0,646.0,996
2026-06-22,640.0,656.0,640.0,640.0,3398
2026-06-23,631.5,640.0,631.5,639.9,2036
2026-06-24,632.3,636.0,630.0,636.0,5983
2026-06-25,630.0,636.0,630.0,632.0,2294
2026-06-26,632.0,635.0,632.0,635.0,367
2026-06-29,635.9,635.9,621.0,626.0,1810
2026-06-30,635.0,635.0,617.0,617.0,3837
2026-07-01,626.9,626.9,620.1,625.0,2566
2026-07-02,615.2,629.0,615.2,624.0,3517
2026-07-03,620.1,627.0,618.2,626.0,2493
2026-07-06,626.0,626.0,615.0,618.0,982
2026-07-07,616.0,626.0,611.1,623.0,6328
2026-07-08,615.0,620.0,600.1,615.0,11164
2026-07-09,601.6,611.0,601.6,606.0,6643
2026-07-10,617.0,617.0,601.0,608.0,1771
2026-07-13,608.0,608.0,589.8,590.2,9618
2026-07-14,590.5,599.6,582.2,595.0,2612
2026-07-15,596.0,604.0,590.0,600.1,7036
2026-07-16,601.0,635.0,590.0,635.0,13871
2026-07-17,636.0,638.9,620.0,635.0,2774
2026-07-20,645.0,645.0,625.8,630.6,3349
2026-07-21,635.0,639.7,631.2,632.0,2532
2026-07-22,628.0,634.0,620.0,629.0,7278
2026-07-23,636.0,636.0,618.1,634.4,2126
2026-07-24,623.0,640.9,623.0,640.6,8629
2026-07-27,633.0,639.0,623.0,623.1,5929
2026-07-28,633.0,633.0,610.2,617.0,5909
2026-07-29,607.0,625.0,602.0,623.0,9183
2026-07-30,605.8,621.5,595.1,611.0,2374
2026-07-31,609.0,618.9,601.1,610.0,2862
2026-08-03,621.0,624.9,611.0,621.9,856
2026-08-04,620.0,620.0,610.0,610.0,2255
2026-08-05,617.8,617.9,606.0,610.0,992
2026-08-06,602.0,618.0,600.1,613.0,2259
2026-08-07,602.0,610.0,602.0,605.4,2996
2026-08-10,600.0,610.0,600.0,610.0,2805
2026-08-11,610.0,610.0,601.0,601.4,7597
2026-08-12,603.0,605.0,599.0,600.1,4091
2026-08-13,600.1,607.0,598.0,601.2,1128
2026-08-14,595.4,605.0,595.4,602.0,6130
2026-08-17,599.0,602.5,599.0,600.0,2656
2026-08-18,595.1,600.0,583.1,599.9,5719
2026-08-19,595.9,604.0,595.0,595.0,1883
2026-08-20,595.0,596.0,590.0,590.0,3064
2026-08-21,590.0,590.0,585.0,587.0,5635
2026-08-24,590.0,592.0,586.0,586.0,4450
2026-08-25,585.1,586.2,576.0,586.2,7825
2026-08-26,572.3,588.9,572.1,575.0,5332
2026-08-27,568.1,583.0,568.1,574.0,3191
2026-08-31,574.0,574.0,570.0,571.0,1706
2026-09-01,575.0,578.9,570.0,570.0,6741
2026-09-02,570.0,580.0,570.0,575.0,2234
2026-09-03,564.1,575.0,564.1,570.0,2889
