timestamp,open,high,low,close,volume
2012-01-01,37.1,38.03,36.79,38.03,2109
2012-01-02,38.03,38.96,37.56,38.34,4247
2012-01-03,38.34,39.9,38.34,38.81,6446
2012-01-04,38.81,38.65,37.41,37.41,1119
2012-01-05,37.41,37.56,36.94,37.41,2289
2012-01-08,37.41,37.87,37.41,37.72,2656
2012-01-09,37.72,38.03,37.56,38.03,3658
2012-01-10,38.03,38.5,37.56,37.72,1240
2012-01-11,37.72,37.87,37.56,37.56,4325
2012-01-12,37.56,37.87,37.1,37.72,2003
2012-01-16,37.72,37.87,37.25,37.41,1320
2012-01-17,37.41,37.87,37.41,37.41,879
2012-01-18,37.1,37.25,37.1,37.25,99
2012-01-22,37.25,37.41,36.79,36.94,1378
2012-01-23,36.94,37.25,36.47,36.94,2453
2012-01-25,36.94,36.94,36.79,36.79,995
2012-01-26,36.79,37.1,36.63,36.94,900
2012-01-29,36.94,36.94,36.32,36.94,4568
2012-01-31,36.94,36.94,36.32,36.32,7767
2012-02-01,36.32,37.1,36.32,36.94,1722
2012-02-02,36.94,37.25,36.16,36.63,3895
2012-02-05,36.63,36.79,36.16,36.16,2630
2012-02-06,36.16,36.63,36.16,36.32,2313
2012-02-07,36.32,36.79,35.85,36.32,2703
2012-02-08,36.32,36.94,35.39,36.32,1467
2012-02-09,36.32,36.32,35.85,35.85,1363
2012-02-12,35.85,36.01,35.54,35.54,788
2012-02-13,35.54,36.63,34.92,36.63,3916
2012-02-14,36.63,37.25,35.54,36.01,1141
2012-02-15,36.01,36.01,35.23,35.39,1394
2012-02-16,35.39,35.7,34.92,35.54,1919
2012-02-21,35.54,35.7,35.54,35.7,480
2012-02-23,35.7,36.16,35.39,35.85,1742
2012-02-26,35.85,36.01,34.92,35.08,2627
2012-02-27,35.08,35.85,35.54,35.7,512
2012-02-28,35.7,36.16,35.54,35.85,1597
2012-02-29,35.85,36.32,35.85,35.85,1299
2012-03-01,35.85,36.32,35.39,36.32,1754
2012-03-04,36.32,36.47,36.01,36.32,1518
2012-03-05,36.32,36.63,36.32,36.32,1621
2012-03-06,36.32,36.63,35.85,36.32,1199
2012-03-11,36.32,36.47,35.54,35.85,1233
2012-03-12,35.85,36.16,35.85,35.85,2710
2012-03-13,35.85,35.85,35.54,35.54,1393
2012-03-14,35.54,35.39,35.08,35.39,1115
2012-03-15,35.39,35.39,35.08,35.39,1410
2012-03-18,35.39,35.54,34.76,35.08,2153
2012-03-19,35.08,35.08,34.45,34.76,4344
2012-03-20,34.76,35.08,34.45,34.76,1141
2012-03-21,34.76,34.92,34.3,34.61,1315
2012-03-25,34.61,34.61,33.99,34.45,774
2012-03-26,34.45,34.14,33.83,33.83,1256
2012-03-27,33.83,34.14,33.36,33.52,5684
2012-03-28,33.52,33.99,33.36,33.68,4734
2012-03-29,33.68,33.99,33.68,33.99,2119
2012-04-01,33.99,34.61,33.21,33.21,39275
2012-04-02,33.21,34.76,33.68,34.76,1263
2012-04-03,34.76,36.16,34.3,36.16,4305
2012-04-04,36.16,36.47,35.39,35.39,1872
2012-04-05,35.39,35.54,35.23,35.39,3482
2012-04-08,35.39,36.32,34.92,35.7,2104
2012-04-09,35.7,36.63,35.7,36.01,1698
2012-04-10,36.01,36.47,35.39,35.54,3568
2012-04-11,35.54,37.87,35.08,36.32,11983
2012-04-12,36.32,38.5,36.32,38.19,19367
2012-04-15,38.19,39.58,38.65,39.58,44
2012-04-16,39.58,41.45,40.21,41.45,181
2012-04-17,41.45,44.72,40.21,40.21,12152
2012-04-18,40.21,43.16,38.03,41.3,15402
2012-04-19,41.3,43.63,41.92,42.85,13511
2012-04-22,42.85,45.49,43.32,45.49,19147
2012-04-24,45.49,49.07,46.12,49.07,2654
2012-04-25,49.07,52.18,49.85,52.18,3933
2012-04-26,52.18,55.29,49.54,54.67,35292
2012-04-29,54.67,55.45,51.72,53.58,21596
2012-04-30,53.58,52.8,50.0,50.94,11217
2012-05-02,50.94,50.16,46.74,46.74,5686
2012-05-03,46.74,50.47,47.36,50.47,3630
2012-05-07,50.47,54.67,51.25,54.67,6214
2012-05-08,54.67,55.76,52.8,54.2,21840
2012-05-09,54.2,54.98,50.32,51.72,17098
2012-05-10,51.72,51.87,48.76,51.72,12655
2012-05-13,51.72,50.94,50.94,50.94,500
2012-05-14,50.94,50.16,46.74,46.74,2087
2012-05-15,46.74,50.47,46.74,50.47,7867
2012-05-16,50.47,54.67,51.25,54.67,12414
2012-05-17,54.67,59.18,51.09,53.58,25494
2012-05-20,53.58,52.8,49.07,49.85,25485
2012-05-21,49.85,52.03,48.6,50.94,11633
2012-05-22,50.94,50.94,47.36,50.0,8756
2012-05-23,50.0,49.23,45.96,46.43,2189
2012-05-24,46.43,50.16,44.56,50.16,10418
2012-05-27,50.16,52.8,49.23,52.03,19862
2012-05-29,52.03,51.25,47.67,47.67,706
2012-05-30,47.67,46.89,43.78,43.78,1983
2012-05-31,43.78,44.41,40.36,43.47,27382
2012-06-03,43.47,46.89,44.09,46.89,4418
2012-06-04,46.89,47.52,44.87,46.12,16911
2012-06-05,46.12,45.49,43.32,44.72,10471
2012-06-06,44.72,44.09,42.54,44.09,5159
2012-06-07,44.09,46.12,43.47,43.94,10002
2012-06-10,43.94,44.56,42.23,42.54,6992
2012-06-11,42.54,45.03,43.16,43.63,5104
2012-06-12,43.63,45.34,43.47,43.47,6751
2012-06-13,43.47,44.09,43.01,43.47,3572
2012-06-14,43.47,44.09,42.7,43.01,4205
2012-06-17,43.01,43.01,41.45,42.23,1873
2012-06-18,42.23,43.63,42.23,43.01,1590
2012-06-19,43.01,43.94,42.38,42.7,3075
2012-06-20,42.7,45.18,42.7,43.16,3280
2012-06-21,43.16,44.41,43.63,44.41,6284
2012-06-25,44.41,46.27,43.47,45.65,8785
2012-06-26,45.65,45.03,43.78,44.09,3148
2012-06-27,44.09,45.18,43.47,44.87,10915
2012-06-28,44.87,46.89,44.41,45.18,6827
2012-07-01,45.18,45.81,43.47,45.81,7223
2012-07-02,45.81,45.81,43.78,45.34,2593
2012-07-03,45.34,45.49,44.87,45.49,1835
2012-07-04,45.49,45.96,45.49,45.65,2344
2012-07-05,45.65,45.81,43.47,43.47,7022
2012-07-08,43.47,45.18,43.47,44.41,6083
2012-07-09,44.41,45.34,44.25,45.03,4079
2012-07-10,45.03,47.21,45.18,45.81,6784
2012-07-11,45.81,46.27,44.87,45.34,6298
2012-07-12,45.34,45.34,44.87,45.34,4056
2012-07-15,45.34,45.49,44.72,45.18,1039
2012-07-16,45.18,45.65,44.41,45.03,2656
2012-07-17,45.03,45.34,44.09,44.72,2915
2012-07-18,44.72,45.65,44.09,45.65,6786
2012-07-19,45.65,46.89,45.03,45.65,8316
2012-07-22,45.65,47.36,45.65,47.05,5575
2012-07-23,47.05,48.14,46.58,47.52,7716
2012-07-24,47.52,47.52,45.96,47.21,3785
2012-07-25,47.21,47.98,46.43,46.58,8085
2012-07-26,46.58,46.43,45.65,45.65,4048
2012-07-29,45.65,45.34,44.25,45.03,2561
2012-07-30,45.03,46.12,44.41,45.65,2747
2012-07-31,45.65,46.12,45.03,45.34,3132
2012-08-01,45.34,45.81,44.72,45.65,3365
2012-08-05,45.65,46.27,45.34,46.27,5470
2012-08-06,46.27,46.43,45.96,46.12,4655
2012-08-07,46.12,46.89,45.65,45.65,6247
2012-08-08,45.65,45.81,44.87,44.87,8064
2012-08-12,44.87,45.18,44.09,44.56,3922
2012-08-13,44.56,44.87,43.94,44.87,2928
2012-08-14,44.87,44.87,43.63,43.78,4422
2012-08-15,43.78,44.41,41.76,41.92,8011
2012-08-16,41.92,43.16,41.76,42.7,14866
2012-08-19,42.7,43.63,42.38,43.63,3945
2012-08-21,43.63,43.16,42.38,42.54,2119
2012-08-22,42.54,43.16,42.38,43.16,2134
2012-08-23,43.16,43.32,42.38,43.01,1722
2012-08-26,43.01,43.32,42.07,42.38,1864
2012-08-27,42.38,43.78,42.54,43.01,2867
2012-08-28,43.01,43.63,42.54,43.63,2560
2012-08-29,43.63,43.78,42.54,43.78,2086
2012-08-30,43.78,44.25,43.01,43.78,3757
2012-09-02,43.78,44.87,43.63,44.72,4356
2012-09-03,44.72,45.18,44.09,44.72,5631
2012-09-04,44.72,44.72,43.78,44.09,911
2012-09-05,44.09,44.09,43.32,43.63,5591
2012-09-06,43.63,44.09,43.47,43.94,1489
2012-09-09,43.94,43.78,42.7,43.63,4519
2012-09-10,43.63,43.94,42.85,43.78,2990
2012-09-11,43.78,43.47,42.7,43.32,6035
2012-09-12,43.32,44.09,43.47,43.47,618
2012-09-13,43.47,44.41,42.85,44.41,2842
2012-09-16,44.41,44.56,44.09,44.09,1606
2012-09-17,44.09,44.25,43.47,44.25,1594
2012-09-18,44.25,45.96,44.09,45.49,11492
2012-09-19,45.49,45.34,44.56,44.56,1125
2012-09-20,44.56,44.87,43.47,43.47,3514
2012-09-23,43.47,42.85,41.61,42.38,2306
2012-09-24,42.38,42.07,41.76,41.76,1101
2012-09-25,41.76,42.23,41.92,42.07,3980
2012-09-26,42.07,42.07,41.45,41.76,2421
2012-09-27,41.76,42.54,41.92,42.54,4767
2012-09-30,42.54,42.38,41.76,42.23,4672
2012-10-01,42.23,42.85,41.76,42.85,3252
2012-10-02,42.85,42.23,41.45,41.92,3744
2012-10-03,41.92,42.23,41.76,42.07,6488
2012-10-04,42.07,42.7,41.76,42.7,7556
2012-10-07,42.7,43.32,42.54,43.16,2256
2012-10-08,43.16,43.47,42.7,42.7,3693
2012-10-09,42.7,43.78,42.7,43.01,3918
2012-10-10,43.01,43.01,42.7,42.7,537
2012-10-11,42.7,43.01,42.54,42.85,1470
2012-10-14,42.85,43.16,42.7,42.85,610
2012-10-15,42.85,43.16,42.7,43.16,1563
2012-10-17,43.16,44.25,43.32,44.25,1879
2012-10-18,44.25,44.09,43.63,44.09,2739
2012-10-30,44.09,45.65,44.72,45.65,1296
2012-10-31,45.65,47.05,45.34,46.89,10910
2012-11-01,46.89,46.58,45.03,46.12,6066
2012-11-04,46.12,46.89,45.81,46.74,4524
2012-11-05,46.74,48.6,46.74,47.98,11795
2012-11-06,47.98,48.6,47.21,47.52,7758
2012-11-07,47.52,49.85,47.98,49.54,17565
2012-11-08,49.54,52.34,48.92,49.38,9366
2012-11-11,49.38,49.54,46.89,48.29,8683
2012-11-12,48.29,49.23,47.52,49.23,18685
2012-11-18,49.23,51.09,48.6,50.32,13257
2012-11-20,50.32,54.51,51.09,52.8,15877
2012-11-21,52.8,52.8,48.92,51.87,19713
2012-11-22,51.87,52.03,50.32,51.09,20800
2012-11-25,51.09,53.43,51.4,51.56,10716
2012-11-26,51.56,52.03,50.32,51.87,116064
2012-11-27,51.87,51.72,50.32,50.63,13333
2012-11-28,50.63,52.03,50.0,51.4,15555
2012-11-29,51.4,52.03,50.0,50.63,12612
2012-12-02,50.63,51.09,49.69,50.0,29836
2012-12-03,51.67,51.19,48.76,48.92,691
2012-12-04,48.92,52.16,49.57,51.19,4240
2012-12-05,51.19,54.42,51.67,54.42,5457
2012-12-06,54.42,54.42,52.0,53.45,3435
2012-12-09,53.45,52.8,52.8,52.8,12
2012-12-10,52.8,52.16,50.38,52.0,4073
2012-12-11,52.0,52.8,51.67,52.8,1596
2012-12-13,52.8,53.61,52.32,52.97,2281
2012-12-16,52.97,56.04,53.77,56.04,2004
2012-12-17,56.04,59.43,56.85,59.43,17806
2012-12-18,59.43,58.63,56.52,58.63,9663
2012-12-19,58.63,60.73,58.46,59.43,17008
2012-12-20,59.43,60.41,58.63,59.43,8974
2012-12-23,59.43,60.73,59.11,60.08,10475
2012-12-24,60.08,61.86,59.43,61.7,8417
2012-12-26,61.7,63.8,61.7,63.32,6725
2012-12-27,63.32,64.93,63.32,63.48,4073
2012-12-31,63.48,63.48,60.41,61.7,2927
2013-01-01,61.7,61.38,59.43,60.08,6060
2013-01-02,60.08,61.05,58.14,61.05,3203
2013-01-03,61.05,61.38,60.24,60.24,3024
2013-01-06,60.24,60.41,59.43,59.43,1989
2013-01-07,59.43,59.43,58.14,58.95,5259
2013-01-08,58.95,59.6,57.33,57.49,7013
2013-01-09,57.49,58.14,56.85,57.33,6159
2013-01-10,57.33,59.76,56.69,59.76,7575
2013-01-13,59.76,59.27,57.33,59.11,4150
2013-01-15,59.11,59.27,58.3,58.63,5069
2013-01-16,58.63,58.79,57.49,58.14,6289
2013-01-17,58.14,58.3,57.01,57.17,6365
2013-01-20,57.17,56.36,54.91,55.23,1903
2013-01-21,55.23,58.14,54.74,56.85,8660
2013-01-22,56.85,58.79,56.52,58.3,12295
2013-01-23,58.3,59.27,57.66,57.66,2130
2013-01-24,57.66,58.46,56.85,57.66,5475
2013-01-27,57.66,59.27,57.66,58.3,3314
2013-01-28,58.3,57.82,56.69,57.33,5094
2013-01-30,57.33,57.33,56.52,56.52,3817
2013-01-31,56.52,57.17,56.36,57.17,2991
2013-02-03,57.17,59.92,57.33,57.98,13118
2013-02-04,57.98,58.79,57.82,57.98,3632
2013-02-05,57.98,57.98,57.01,57.49,8536
2013-02-06,57.49,57.98,56.85,56.85,11429
2013-02-07,56.85,57.33,56.52,57.01,13026
2013-02-10,57.01,57.98,56.69,57.17,9966
2013-02-12,57.17,60.57,56.85,60.57,24486
2013-02-13,60.57,59.92,58.46,59.43,9109
2013-02-14,59.43,60.41,58.46,59.76,11927
2013-02-17,59.76,64.77,60.73,63.96,4861
2013-02-19,63.96,68.33,60.89,63.32,28061
2013-02-20,63.32,62.35,60.08,61.21,25992
2013-02-21,61.21,63.15,59.6,61.7,15045
2013-02-24,61.7,61.86,59.6,61.86,6371
2013-02-25,61.86,63.48,61.21,62.51,19077
2013-02-26,62.51,64.13,61.54,62.51,17762
2013-02-27,62.51,62.02,60.24,61.05,12342
2013-02-28,61.05,62.51,60.41,62.35,10867
2013-03-03,62.35,62.51,61.7,62.51,4833
2013-03-04,62.51,62.99,61.54,62.18,7891
2013-03-05,62.18,61.7,60.89,61.54,11010
2013-03-06,61.54,64.29,60.89,64.29,6848
2013-03-07,64.29,63.32,61.54,61.7,7777
2013-03-11,61.7,62.67,61.05,62.18,3594
2013-03-13,62.18,63.64,62.18,63.64,11684
2013-03-14,63.64,66.55,63.15,63.64,33395
2013-03-17,63.64,64.13,61.7,62.02,9770
2013-03-18,62.02,62.67,60.89,60.89,12097
2013-03-19,60.89,62.51,60.89,61.7,6973
2013-03-20,61.7,61.7,60.89,61.05,8547
2013-03-21,61.05,61.38,60.08,61.05,8066
2013-03-24,61.05,61.05,59.92,60.24,11006
2013-03-25,60.24,61.38,58.63,61.05,6655
2013-03-27,61.05,61.05,59.76,61.05,4575
2013-03-28,61.05,61.05,59.27,60.24,25160
2013-03-31,60.24,59.76,58.46,59.6,7782
2013-04-01,59.6,60.73,57.98,60.08,5018
2013-04-02,60.08,60.89,59.43,60.57,10349
2013-04-03,60.57,61.7,59.6,60.73,8046
2013-04-04,60.73,60.73,60.08,60.57,3460
2013-04-07,60.57,61.21,60.08,61.21,4032
2013-04-08,61.21,62.18,60.73,61.21,7204
2013-04-09,61.21,62.02,60.57,61.21,5348
2013-04-11,61.21,62.67,61.7,62.02,10361
2013-04-15,62.02,62.51,61.7,62.18,9072
2013-04-16,62.18,61.86,61.05,61.38,3414
2013-04-17,61.38,61.38,60.89,61.05,2034
2013-04-18,61.05,61.38,60.89,61.21,2769
2013-04-21,61.21,60.57,59.92,60.08,5309
2013-04-22,60.08,59.43,56.85,58.79,15800
2013-04-23,58.79,61.38,58.63,59.76,6437
2013-04-25,59.76,59.76,59.11,59.43,2688
2013-04-28,59.43,58.63,57.66,58.14,3636
2013-04-29,58.14,59.27,57.33,59.27,4169
2013-04-30,59.27,58.79,57.98,58.79,6727
2013-05-02,58.79,58.46,57.66,57.82,10963
2013-05-05,57.82,60.57,58.63,59.27,14952
2013-05-06,59.27,59.76,57.98,59.43,16449
2013-05-07,59.43,62.51,59.43,61.7,35177
2013-05-08,61.7,61.7,60.73,60.89,7839
2013-05-09,60.89,61.38,60.24,60.57,7594
2013-05-12,60.57,61.38,60.57,60.57,4706
2013-05-13,60.57,61.54,60.08,60.89,5461
2013-05-14,60.89,61.7,60.73,61.7,6911
2013-05-15,61.7,63.8,62.18,62.67,13470
2013-05-16,62.67,63.15,62.35,62.83,7832
2013-05-19,62.83,62.51,61.7,62.02,2647
2013-05-20,62.02,62.83,61.21,62.02,4581
2013-05-21,62.02,62.18,61.7,61.86,2483
2013-05-22,61.86,62.18,61.7,62.18,5726
2013-05-23,62.18,62.18,61.05,62.02,2480
2013-05-26,62.02,62.02,61.7,61.86,2080
2013-05-27,61.86,62.18,61.54,62.18,5766
2013-05-28,62.18,62.18,61.7,61.7,3663
2013-05-30,61.7,61.7,61.38,61.7,3371
2013-06-02,61.7,61.54,60.08,60.73,4169
2013-06-03,60.73,61.54,60.73,61.21,5517
2013-06-04,61.21,61.21,60.41,60.73,8058
2013-06-05,60.73,61.21,60.41,61.21,3317
2013-06-06,61.21,61.54,60.89,61.38,2843
2013-06-09,61.38,61.38,60.57,61.05,3687
2013-06-10,61.05,61.21,60.24,61.05,5455
2013-06-11,61.05,61.54,60.57,60.89,3526
2013-06-12,60.89,61.38,60.24,60.73,4407
2013-06-13,60.73,61.05,60.08,60.89,3445
2013-06-16,60.89,61.7,60.73,61.05,3632
2013-06-17,61.05,60.89,60.08,60.24,5602
2013-06-18,60.24,60.08,59.76,59.76,2175
2013-06-19,59.76,59.76,59.27,59.27,3335
2013-06-20,59.27,59.76,59.11,59.27,4827
2013-06-23,59.27,59.92,58.14,59.11,4344
2013-06-24,59.11,61.05,58.63,61.05,8810
2013-06-25,61.05,61.21,59.43,60.73,3378
2013-06-26,60.73,62.18,60.89,62.18,6543
2013-06-27,62.18,61.7,59.43,61.05,4261
2013-06-30,61.05,60.08,59.11,59.43,6256
2013-07-01,59.43,60.24,59.43,59.6,3311
2013-07-02,59.6,60.08,58.79,59.76,4916
2013-07-03,59.76,59.76,58.95,59.43,4728
2013-07-04,59.43,60.08,59.27,60.08,5483
2013-07-07,60.08,60.41,59.43,60.24,5363
2013-07-08,60.24,61.05,60.08,60.89,1900
2013-07-09,60.89,62.18,59.27,60.89,6935
2013-07-10,60.89,62.02,60.89,61.54,4417
2013-07-11,61.54,60.89,60.08,60.08,12008
2013-07-14,60.08,61.05,59.92,60.73,6196
2013-07-15,60.73,61.05,60.73,60.73,2053
2013-07-16,60.73,61.7,59.76,60.41,3749
2013-07-17,60.41,60.73,60.08,60.08,3699
2013-07-18,60.08,61.38,60.24,60.89,7222
2013-07-21,60.89,62.83,60.08,61.7,16274
2013-07-22,61.7,62.51,60.57,60.73,10889
2013-07-23,60.73,60.89,59.92,60.24,7425
2013-07-24,60.24,60.41,59.76,60.24,4345
2013-07-25,60.24,60.08,59.6,60.08,4832
2013-07-28,60.08,60.08,59.6,60.08,5868
2013-07-29,60.08,60.41,59.27,59.92,8073
2013-07-30,59.92,60.89,59.6,59.92,7273
2013-07-31,59.92,60.89,59.6,59.92,12419
2013-08-01,59.92,60.41,59.27,59.76,8308
2013-08-04,59.76,60.24,59.6,59.92,11569
2013-08-05,59.92,61.38,59.76,59.92,11916
2013-08-06,59.92,60.24,57.98,59.92,6575
2013-08-07,59.92,60.08,58.79,58.79,1500
2013-08-08,58.79,59.43,58.63,59.27,6887
2013-08-11,59.27,59.11,58.14,59.11,4229
2013-08-12,59.11,59.27,58.3,58.46,6053
2013-08-13,58.46,59.43,58.46,58.63,4361
2013-08-14,58.63,59.6,57.82,57.98,3129
2013-08-15,57.98,58.79,57.82,58.3,6631
2013-08-18,58.3,59.11,57.98,58.63,3010
2013-08-19,58.63,59.27,57.98,58.79,3891
2013-08-20,58.79,60.41,59.27,59.6,3050
2013-08-25,59.6,59.76,58.14,58.95,4637
2013-08-26,58.95,58.95,57.98,58.3,2842
2013-08-27,58.3,59.6,58.3,58.95,5395
2013-08-29,58.95,59.6,58.14,58.63,906
2013-09-01,58.63,58.79,57.49,58.14,3215
2013-09-02,58.14,58.14,57.49,57.98,10437
2013-09-03,57.98,58.46,56.85,57.98,6387
2013-09-04,57.98,58.63,56.85,57.33,7048
2013-09-05,57.33,57.66,56.52,57.01,11176
2013-09-08,57.01,58.46,56.85,58.46,1941
2013-09-09,58.46,58.14,57.33,57.66,3257
2013-09-10,57.66,57.82,57.01,57.01,4262
2013-09-11,57.01,57.01,56.85,57.01,917
2013-09-12,57.01,56.85,56.04,56.85,1518
2013-09-15,56.85,56.52,55.23,55.71,8308
2013-09-16,55.71,56.04,54.91,56.04,2293
2013-09-17,56.04,56.04,54.58,55.23,5069
2013-09-19,55.23,55.07,54.1,54.58,3251
2013-09-22,54.58,54.91,53.77,54.1,2186
2013-09-23,54.1,53.61,52.8,53.29,4163
2013-09-24,53.29,54.91,52.64,54.26,3252
2013-09-25,54.26,55.07,53.61,55.07,2123
2013-09-26,55.07,55.23,53.61,54.1,10284
2013-09-29,54.1,53.77,53.45,53.61,2739
2013-09-30,53.61,54.74,52.97,54.42,4618
2013-10-01,54.42,56.85,55.07,55.55,3452
2013-10-02,55.55,58.46,56.04,57.66,18910
2013-10-03,57.66,57.33,56.85,56.85,3985
2013-10-06,56.85,61.7,57.82,61.54,41984
2013-10-07,61.54,61.7,58.95,59.6,12132
2013-10-08,59.6,60.08,59.27,60.08,11206
2013-10-09,60.08,60.24,59.92,60.08,7122
2013-10-10,60.08,61.7,60.08,60.57,4308
2013-10-17,60.57,61.38,60.08,61.21,1457
2013-10-20,61.21,62.99,61.7,62.18,7730
2013-10-21,62.18,63.96,61.38,61.7,10021
2013-10-22,61.7,61.7,61.21,61.54,8644
2013-10-23,61.54,61.7,61.05,61.05,4472
2013-10-24,61.05,60.89,60.08,60.41,8744
2013-10-27,60.41,61.05,59.27,59.76,2081
2013-10-28,59.76,60.24,59.6,59.92,5102
2013-10-29,59.92,60.57,59.6,60.08,4059
2013-10-30,60.08,60.89,59.27,60.89,3446
2013-10-31,60.89,61.38,60.24,61.05,7876
2013-11-06,61.05,60.24,60.08,60.08,1766
2013-11-07,60.08,61.38,59.6,60.41,2452
2013-11-10,60.41,60.41,59.6,60.08,7536
2013-11-11,60.08,61.86,60.08,61.86,7133
2013-11-12,61.86,64.61,61.7,62.18,12550
2013-11-13,62.18,64.29,62.67,62.83,16466
2013-11-14,62.83,63.8,62.35,63.15,16857
2013-11-21,63.15,68.49,64.13,68.49,763
2013-11-24,68.49,74.48,68.49,71.24,28984
2013-11-25,71.24,72.37,67.85,68.17,19643
2013-11-26,68.17,73.02,68.17,69.46,6692
2013-11-27,69.46,70.59,68.98,69.46,15743
2013-11-28,69.46,69.79,68.49,69.14,9139
2013-12-01,69.14,69.79,68.01,69.79,14470
2013-12-02,69.79,70.92,69.79,70.43,10918
2013-12-03,70.43,73.34,71.24,73.02,20644
2013-12-04,73.02,79.17,73.02,77.39,17174
2013-12-05,77.39,81.92,74.8,76.26,18580
2013-12-08,76.26,78.68,76.26,77.71,15294
2013-12-09,77.71,79.49,77.23,79.33,15588
2013-12-10,79.33,79.81,77.87,78.03,15234
2013-12-11,78.03,82.4,78.68,79.98,13992
2013-12-12,79.98,82.72,79.49,82.72,28492
2013-12-15,82.72,90.16,81.92,89.19,17144
2013-12-16,89.19,97.28,90.81,97.28,10690
2013-12-18,97.28,102.94,99.06,101.16,16234
2013-12-19,101.16,102.94,91.94,101.32,29579
2013-12-22,101.32,101.97,96.47,98.9,32578
2013-12-23,98.9,97.28,92.43,92.43,20130
2013-12-24,92.43,95.99,85.47,92.43,31410
2013-12-26,92.43,97.6,92.43,94.05,60170
2013-12-29,102.62,99.59,92.83,97.28,11478
2013-12-31,97.28,97.28,94.97,94.97,6967
2014-01-01,94.97,93.37,89.45,91.05,4201
2014-01-02,91.05,97.1,88.39,95.86,7710
2014-01-05,95.86,95.68,94.61,94.61,3156
2014-01-06,94.61,94.79,92.3,93.9,979
2014-01-07,93.9,95.5,93.37,94.61,3730
2014-01-08,94.61,97.28,94.79,94.79,5311
2014-01-09,94.79,95.86,93.9,94.61,2703
2014-01-12,94.61,98.17,95.86,98.17,7572
2014-01-13,98.17,98.7,96.39,96.57,1820
2014-01-14,96.57,99.95,96.39,98.7,7461
2014-01-16,98.7,99.95,97.81,98.17,6419
2014-01-19,98.17,97.99,96.57,97.99,5196
2014-01-20,97.99,97.28,95.5,95.5,6269
2014-01-21,95.5,97.1,93.9,97.1,3100
2014-01-22,97.1,97.28,95.5,95.68,5512
2014-01-23,95.68,96.21,94.08,94.79,2141
2014-01-26,94.79,95.5,93.72,93.72,3985
2014-01-27,93.72,94.08,92.3,93.19,3254
2014-01-28,93.19,95.32,91.05,93.9,3605
2014-01-29,93.9,94.43,92.3,92.83,6037
2014-02-02,92.83,92.83,90.16,91.41,5732
2014-02-03,91.41,92.3,90.16,91.77,4270
2014-02-04,91.77,94.61,88.56,92.3,5060
2014-02-05,92.3,94.61,92.83,94.61,3649
2014-02-06,94.61,95.5,93.72,95.5,5236
2014-02-09,95.5,94.61,92.83,93.37,3312
2014-02-10,93.37,101.19,94.97,98.17,7135
2014-02-11,98.17,97.28,95.5,96.21,3646
2014-02-12,96.21,98.7,94.97,97.1,6594
2014-02-13,97.1,99.95,96.93,98.17,10242
2014-02-16,98.17,97.99,95.86,97.28,4209
2014-02-17,97.28,98.7,96.57,97.81,5714
2014-02-18,97.81,98.17,96.93,97.1,8560
2014-02-20,97.1,101.73,98.17,99.06,6062
2014-02-23,99.06,103.51,99.77,100.66,7141
2014-02-24,100.66,104.22,98.88,98.88,6313
2014-02-25,98.88,99.95,97.28,99.06,8077
2014-02-26,99.06,101.19,97.28,98.17,7776
2014-03-03,98.17,96.39,94.61,95.15,5836
2014-03-04,95.15,94.97,90.7,94.43,5802
2014-03-05,94.43,96.75,93.19,93.19,5654
2014-03-06,93.19,95.5,91.94,93.37,4103
2014-03-09,93.37,93.19,91.05,91.94,4508
2014-03-10,91.94,93.37,90.52,91.59,4114
2014-03-11,91.59,91.77,90.16,90.52,4667
2014-03-12,90.52,90.34,88.39,90.34,4886
2014-03-13,90.34,92.83,90.16,91.41,5726
2014-03-17,91.41,91.41,87.14,88.39,5891
2014-03-18,88.39,88.39,85.36,87.67,7494
2014-03-19,87.67,92.66,86.61,88.39,4420
2014-03-20,88.39,91.59,88.39,90.16,4273
2014-03-23,90.16,90.52,88.03,89.28,3102
2014-03-24,89.28,91.41,90.16,90.7,1797
2014-03-25,90.7,92.66,90.34,91.23,3867
2014-03-26,91.23,91.05,88.74,90.16,5759
2014-03-27,90.16,91.94,90.16,91.94,4909
2014-03-31,91.94,93.37,91.94,92.12,5366
2014-04-01,92.12,95.5,91.05,94.61,5971
2014-04-02,94.61,96.04,93.01,95.86,18421
2014-04-03,95.86,96.39,93.9,94.61,10574
2014-04-06,94.61,94.97,91.23,91.77,4166
2014-04-07,91.77,91.94,91.05,91.94,2716
2014-04-09,91.94,92.83,90.52,92.83,5289
2014-04-10,92.83,94.61,91.23,91.23,9320
2014-04-13,91.23,93.37,90.7,90.7,5370
2014-04-15,90.7,93.01,90.34,91.94,9966
2014-04-16,91.94,92.83,90.34,91.59,4004
2014-04-17,91.59,92.3,90.16,92.3,10529
2014-04-20,92.3,92.12,90.88,91.05,8225
2014-04-21,91.05,91.59,89.81,90.52,9325
2014-04-22,90.52,92.83,90.7,91.05,10840
2014-04-23,91.05,92.12,90.34,91.59,21904
2014-04-27,91.59,91.59,89.81,89.81,10357
2014-04-28,89.81,90.16,88.39,88.56,8488
2014-04-29,88.56,89.63,88.39,88.92,9345
2014-04-30,88.92,89.99,88.21,88.92,5864
2014-05-04,88.92,90.16,88.39,88.92,8440
2014-05-05,88.92,96.21,87.67,94.08,8258
2014-05-06,94.08,100.84,94.97,97.1,26694
2014-05-07,97.1,99.77,96.39,97.28,13957
2014-05-08,97.28,97.46,94.43,94.61,4721
2014-05-11,94.61,94.43,91.23,93.01,2381
2014-05-12,93.01,97.1,93.01,96.39,18377
2014-05-13,96.39,96.21,93.72,93.72,4369
2014-05-15,93.72,94.97,92.12,92.48,3481
2014-05-18,92.48,93.01,91.59,91.94,2189
2014-05-19,91.94,92.66,90.34,91.77,5553
2014-05-20,91.77,91.94,90.16,91.94,5290
2014-05-21,91.94,95.32,91.59,94.61,7111
2014-05-22,94.61,94.79,93.01,93.01,10750
2014-05-25,93.01,94.61,92.66,94.08,3870
2014-05-26,94.08,94.61,91.94,93.37,4435
2014-05-27,93.37,93.37,90.88,93.37,4839
2014-05-28,93.37,93.54,91.94,91.94,5012
2014-06-01,91.94,93.54,91.59,93.54,5035
2014-06-02,93.54,94.61,92.12,94.08,7519
2014-06-03,94.08,98.17,94.61,95.5,10211
2014-06-04,95.5,96.39,94.97,95.5,9286
2014-06-05,95.5,95.15,93.72,94.79,5417
2014-06-08,94.79,95.68,95.15,95.32,7760
2014-06-09,95.32,96.39,94.79,95.5,6244
2014-06-10,95.5,97.46,95.5,96.93,24106
2014-06-11,96.93,99.06,96.75,96.93,21738
2014-06-12,96.93,97.99,95.68,97.1,19354
2014-06-15,97.1,101.73,97.28,101.37,26424
2014-06-16,101.37,109.2,100.84,109.2,71103
2014-06-17,109.2,108.85,104.4,106.53,31674
2014-06-18,106.53,110.27,106.18,106.18,16567
2014-06-19,106.18,107.07,104.4,104.93,10895
2014-06-23,104.93,106.18,99.77,105.64,3707
2014-06-24,105.64,106.0,103.69,105.82,9452
2014-06-25,105.82,107.07,104.4,104.93,4020
2014-06-26,104.93,105.29,103.51,103.69,7470
2014-06-29,103.69,106.35,104.75,105.29,8613
2014-06-30,105.29,106.18,103.51,103.86,8773
2014-07-01,103.86,106.0,103.86,104.93,10143
2014-07-02,104.93,106.71,104.4,106.53,15790
2014-07-03,106.53,107.6,104.75,106.35,16491
2014-07-06,106.35,107.24,104.58,106.89,14097
2014-07-07,106.89,109.2,105.46,108.13,10451
2014-07-08,108.13,110.8,108.85,109.91,13359
2014-07-09,109.91,111.51,107.24,111.51,8344
2014-07-10,111.51,113.47,107.6,112.4,11488
2014-07-13,112.4,118.45,111.51,114.18,14335
2014-07-14,114.18,115.07,109.56,110.09,9633
2014-07-15,110.09,111.51,108.85,110.62,5678
2014-07-16,110.62,112.58,109.02,112.05,7691
2014-07-17,112.05,114.72,111.51,114.72,14663
2014-07-20,114.72,118.63,114.72,116.67,22184
2014-07-21,116.67,119.88,116.67,117.74,19674
2014-07-22,117.74,118.63,113.83,117.21,19403
2014-07-23,117.21,119.88,116.32,117.74,18403
2014-07-24,117.74,120.41,116.85,118.63,26881
2014-07-27,118.63,122.19,118.63,119.52,18721
2014-07-28,119.52,120.76,118.45,120.59,5892
2014-07-30,120.59,121.3,115.43,117.38,16150
2014-07-31,117.38,118.81,116.14,118.81,17387
2014-08-03,118.81,120.94,116.14,117.21,13658
2014-08-04,117.21,117.21,113.65,114.54,10561
2014-08-05,114.54,118.81,114.18,114.89,15051
2014-08-06,114.89,116.5,113.29,115.43,24571
2014-08-07,115.43,116.85,112.94,115.78,16197
2014-08-12,115.78,115.07,110.45,111.51,8804
2014-08-13,111.51,114.18,107.96,112.76,14304
2014-08-14,112.76,112.76,109.73,112.76,11203
2014-08-18,112.76,114.36,108.13,109.91,10022
2014-08-19,109.91,114.18,108.67,110.8,16948
2014-08-20,110.8,110.8,107.96,107.96,11813
2014-08-21,107.96,112.94,104.22,110.09,15775
2014-08-24,110.09,109.73,107.24,108.67,10517
2014-08-25,108.67,106.71,101.19,101.73,15649
2014-08-26,101.73,107.07,99.06,100.66,16871
2014-08-27,100.66,107.07,102.44,104.4,25027
2014-08-28,104.4,109.02,104.93,105.64,14196
2014-08-31,105.64,105.82,99.95,100.84,14023
2014-09-01,100.84,102.44,97.64,102.26,13160
2014-09-03,102.26,102.26,98.7,99.06,3994
2014-09-04,99.06,99.06,96.57,97.28,14481
2014-09-07,97.28,98.17,92.66,94.61,13799
2014-09-09,94.61,100.84,94.79,100.84,14364
2014-09-10,100.84,102.62,95.5,96.93,14376
2014-09-11,96.93,98.35,94.26,96.57,5519
2014-09-14,96.57,96.93,94.26,96.57,3274
2014-09-15,96.57,98.17,93.54,96.75,7270
2014-09-16,96.75,105.46,95.86,105.46,15742
2014-09-17,105.46,107.24,99.06,100.84,10216
2014-09-18,100.84,101.02,100.84,101.02,148
2014-09-21,99.42,99.42,93.37,94.79,8621
2014-09-22,94.79,96.21,94.26,95.86,2521
2014-09-23,95.86,99.77,95.5,98.53,6018
2014-09-24,98.53,99.59,97.1,99.06,3357
2014-09-28,99.06,102.62,99.06,102.44,3633
2014-09-29,102.44,104.22,100.66,101.73,9500
2014-09-30,101.73,103.33,100.84,101.02,6918
2014-10-08,101.02,99.95,97.28,99.95,3391
2014-10-09,99.95,100.48,98.53,99.42,4023
2014-10-12,99.42,99.95,97.28,97.64,5538
2014-10-13,97.64,100.66,97.28,99.06,2204
2014-10-14,99.06,100.66,97.81,97.99,5028
2014-10-15,97.99,99.95,97.28,99.06,7323
2014-10-16,99.06,101.02,99.24,99.42,5475
2014-10-19,99.42,100.13,99.06,99.95,11099
2014-10-20,99.95,101.55,99.06,99.06,3691
2014-10-21,99.06,97.99,93.9,95.68,12049
2014-10-22,95.68,97.1,95.15,95.15,10276
2014-10-26,95.15,96.57,93.9,95.86,2951
2014-10-27,95.86,98.17,96.39,97.64,4731
2014-10-28,97.64,98.88,96.39,96.39,8027
2014-10-30,96.39,98.53,96.75,97.1,6645
2014-11-02,97.1,97.46,94.61,95.5,8851
2014-11-03,95.5,96.93,93.9,94.79,4614
2014-11-04,94.79,94.61,92.66,94.61,4863
2014-11-05,94.61,95.32,93.37,93.9,4173
2014-11-06,93.9,95.32,93.72,94.61,3443
2014-11-09,94.61,94.61,93.37,94.08,7895
2014-11-10,94.08,94.43,91.94,93.54,15451
2014-11-11,93.54,97.28,90.7,95.5,5124
2014-11-12,95.5,95.5,91.23,93.72,7378
2014-11-13,93.72,96.39,93.01,94.79,15109
2014-11-16,94.79,95.32,93.72,94.08,8077
2014-11-17,94.08,93.37,89.99,91.94,8771
2014-11-18,91.94,92.83,86.07,90.7,7630
2014-11-19,90.7,93.72,89.81,92.3,7351
2014-11-20,92.3,95.15,92.12,92.83,8633
2014-11-23,92.83,97.1,92.66,94.61,8552
2014-11-24,94.61,94.61,90.34,94.43,4696
2014-11-25,94.43,94.61,92.83,93.9,7024
2014-11-30,93.9,94.61,92.48,93.72,2928
2014-12-01,93.72,95.86,91.94,95.86,2145
2014-12-02,95.86,95.86,91.41,93.37,5880
2014-12-03,93.37,94.97,92.66,93.54,9525
2014-12-04,93.54,94.61,93.01,94.43,10431
2014-12-07,94.43,96.93,93.9,93.9,7142
2014-12-08,93.9,95.32,93.72,95.32,1784
2014-12-09,95.32,96.39,93.9,96.39,4957
2014-12-10,96.39,97.28,94.79,97.1,2190
2014-12-11,97.1,98.7,96.57,98.17,6979
2014-12-14,98.17,104.22,99.95,103.51,19396
2014-12-15,103.51,106.18,99.95,104.22,21640
2014-12-16,104.22,105.11,100.31,103.69,7291
2014-12-17,103.69,102.8,100.84,101.91,7998
2014-12-18,101.91,102.26,99.95,102.26,6529
2014-12-21,102.26,101.91,99.59,101.37,7372
2014-12-22,101.37,103.15,100.84,101.02,18308
2014-12-23,101.02,102.26,98.88,100.48,30312
2014-12-24,100.48,102.08,99.95,100.84,29737
2014-12-28,100.84,105.71,101.06,103.17,5485
2014-12-29,103.17,103.17,99.57,102.96,2605
2014-12-31,102.96,101.9,101.27,101.48,1281
2015-01-01,101.48,101.9,100.21,100.21,4721
2015-01-04,100.21,102.96,98.73,102.96,3416
2015-01-05,102.96,104.23,101.48,101.69,5703
2015-01-06,101.69,102.96,100.21,102.11,5515
2015-01-07,102.11,102.96,101.48,101.69,1815
2015-01-08,101.69,104.23,101.9,101.9,3344
2015-01-11,101.9,102.75,101.06,102.75,4699
2015-01-12,102.75,103.6,101.48,102.54,1535
2015-01-13,102.54,103.17,101.69,102.54,3496
2015-01-14,102.54,103.81,101.9,103.38,2935
2015-01-18,103.38,105.08,101.48,104.44,12325
2015-01-19,104.44,113.97,106.35,109.74,8284
2015-01-20,109.74,110.58,106.14,107.83,5749
2015-01-22,107.83,107.62,105.29,105.93,2243
2015-01-25,105.93,110.16,105.71,107.41,3011
2015-01-26,107.41,110.16,108.04,109.74,8925
2015-01-27,109.74,110.16,108.89,110.16,4340
2015-01-28,110.16,111.85,110.16,111.85,2932
2015-01-29,111.85,113.12,110.37,110.58,7572
2015-02-01,110.58,114.18,110.79,112.91,4773
2015-02-02,112.91,114.82,111.43,113.12,4650
2015-02-03,113.12,115.03,110.79,111.01,2048
2015-02-04,111.01,112.07,109.95,109.95,4879
2015-02-05,109.95,109.95,107.83,108.89,2925
2015-02-08,108.89,110.79,107.62,109.52,2095
2015-02-09,109.52,110.16,107.83,108.25,2713
2015-02-10,108.25,107.41,105.71,106.98,2717
2015-02-11,106.98,107.83,106.98,107.41,1289
2015-02-12,107.41,107.83,106.14,107.83,4129
2015-02-15,107.83,106.98,105.93,106.77,1876
2015-02-16,106.77,106.98,105.93,106.56,4009
2015-02-19,106.56,107.41,105.71,106.56,9157
2015-02-22,106.56,105.93,104.66,105.08,6574
2015-02-23,105.08,106.56,103.17,106.56,7936
2015-02-24,106.56,105.71,104.44,105.08,3729
2015-02-25,105.08,105.29,103.38,104.66,7295
2015-02-26,104.66,104.02,104.02,104.02,215
2015-03-01,105.5,104.66,103.6,103.6,4985
2015-03-02,103.6,106.77,104.02,105.93,2623
2015-03-03,105.93,105.71,104.66,105.71,1714
2015-03-04,105.71,107.2,104.66,105.71,3315
2015-03-09,105.71,107.2,105.29,105.71,4109
2015-03-10,105.71,105.71,102.54,103.17,6338
2015-03-11,103.17,103.38,101.9,103.17,18473
2015-03-12,103.17,104.44,102.96,103.38,4955
2015-03-15,103.38,102.96,101.9,102.33,4475
2015-03-16,102.33,102.33,101.06,101.48,2866
2015-03-17,101.48,102.54,101.27,101.48,5029
2015-03-18,101.48,101.06,97.67,100.42,22265
2015-03-19,100.42,102.54,100.42,101.9,9180
2015-03-22,101.9,103.6,101.48,102.75,6721
2015-03-23,102.75,101.69,100.84,101.27,5368
2015-03-24,101.27,101.27,99.36,99.36,9231
2015-03-25,99.36,100.42,96.19,99.15,18119
2015-03-26,99.15,99.79,97.25,99.79,31606
2015-03-29,99.79,100.0,96.4,99.79,11593
2015-03-30,99.79,99.79,97.88,99.79,5642
2015-03-31,99.79,102.11,99.36,100.63,7398
2015-04-01,100.63,101.06,100.21,101.06,2992
2015-04-02,101.06,102.11,100.21,100.21,8988
2015-04-05,100.21,100.21,98.3,99.57,6234
2015-04-06,99.57,100.21,98.09,100.21,5496
2015-04-07,100.21,100.21,99.15,99.79,4297
2015-04-08,99.79,102.54,100.42,101.48,2876
2015-04-09,101.48,103.38,101.06,101.48,3849
2015-04-12,101.48,103.6,102.11,103.6,9838
2015-04-13,103.6,103.81,102.75,102.96,2980
2015-04-15,102.96,102.96,101.48,102.54,4449
2015-04-16,102.54,101.9,101.06,101.9,3975
2015-04-19,101.9,101.9,100.42,101.27,3083
2015-04-20,101.27,102.75,101.48,102.75,10151
2015-04-21,102.75,104.02,101.48,102.54,10106
2015-04-22,102.54,102.11,101.06,102.11,1326
2015-04-23,102.33,102.75,101.9,102.54,4556
2015-05-26,102.54,100.84,97.46,97.46,30
2015-05-28,97.46,95.76,90.26,90.89,3988
2015-05-31,90.89,94.07,90.47,93.01,5466
2015-06-01,93.01,97.25,94.07,95.76,9951
2015-06-02,95.76,96.19,94.49,95.76,6455
2015-06-03,95.76,99.36,95.98,98.3,6007
2015-06-04,98.3,101.69,98.73,100.0,7841
2015-06-07,100.0,101.9,98.52,101.48,18224
2015-06-08,101.48,105.08,102.11,103.6,18006
2015-06-09,103.6,111.22,105.5,109.95,36662
2015-06-10,109.95,109.95,104.87,108.25,18585
2015-06-11,108.25,106.56,102.75,104.66,12288
2015-06-14,104.66,105.71,103.81,105.08,48608
2015-06-15,105.08,106.77,102.54,106.77,10756
2015-06-16,106.77,106.77,104.23,104.66,10395
2015-06-17,104.66,106.77,103.17,106.77,8171
2015-06-18,106.77,105.71,104.44,104.44,9844
2015-06-21,104.44,104.02,101.9,102.75,3846
2015-06-22,101.48,103.6,101.48,102.75,11221
2015-06-23,102.75,103.6,101.9,102.75,4742
2015-06-24,101.48,103.6,101.48,103.6,9313
2015-06-25,103.81,104.23,101.69,102.96,7336
2015-06-28,103.6,104.02,102.11,102.96,5566
2015-06-29,104.23,104.66,102.75,103.17,4809
2015-06-30,103.38,103.6,101.9,103.6,6125
2015-07-01,104.66,104.66,102.75,102.96,5080
2015-07-02,101.69,102.54,101.48,101.48,6850
2015-07-05,101.48,101.69,100.42,100.84,4353
2015-07-06,100.0,101.48,100.0,100.63,5657
2015-07-07,100.0,101.69,99.79,101.27,2898
2015-07-08,102.96,102.96,100.63,101.27,6270
2015-07-09,101.27,101.69,100.84,101.48,11096
2015-07-12,101.69,101.9,100.84,100.84,7229
2015-07-13,100.84,101.06,100.63,100.84,4666
2015-07-14,99.36,102.54,99.36,102.54,21458
2015-07-15,102.54,103.38,101.69,101.9,2372
2015-07-16,101.9,104.66,101.27,104.66,6634
2015-07-22,104.66,106.56,103.81,106.35,10663
2015-07-23,106.35,113.97,107.2,112.07,39511
2015-07-26,112.07,122.44,113.97,122.44,15343
2015-07-27,122.44,129.0,114.18,114.39,34235
2015-07-28,114.39,115.24,107.83,112.07,19337
2015-07-29,112.07,111.85,108.25,111.85,7495
2015-07-30,111.85,113.76,110.37,111.01,23698
2015-08-02,111.01,112.07,109.74,112.07,10041
2015-08-03,112.07,112.07,109.74,111.01,11836
2015-08-04,111.01,111.85,109.52,110.58,22486
2015-08-05,110.58,111.22,109.31,110.37,28617
2015-08-06,111.01,113.34,110.16,111.01,72860
2015-08-09,111.01,119.26,112.91,118.42,28943
2015-08-10,118.42,122.23,118.42,120.53,11504
2015-08-11,120.53,127.1,120.53,122.86,16108
2015-08-12,121.59,127.1,119.48,124.77,10577
2015-08-13,124.77,129.64,124.77,128.58,18841
2015-08-16,130.06,136.41,130.06,136.41,13683
2015-08-17,138.95,144.88,135.35,141.7,28380
2015-08-18,141.7,141.7,133.45,136.84,22981
2015-08-19,139.16,142.76,137.68,141.49,22754
2015-08-20,142.76,152.29,141.7,142.76,40074
2015-08-23,140.22,143.82,133.02,138.95,15292
2015-08-24,141.49,142.13,135.35,137.26,15694
2015-08-25,135.35,138.11,134.51,136.2,8797
2015-08-26,137.68,137.89,135.99,136.41,5495
2015-08-27,138.32,138.53,135.57,136.2,7547
2015-08-31,135.35,138.53,135.35,137.47,9483
2015-09-01,137.47,137.47,133.24,135.14,16556
2015-09-02,135.35,135.57,131.12,135.35,10332
2015-09-03,134.08,135.78,132.81,135.35,16681
2015-09-06,133.02,138.11,132.81,134.93,9842
2015-09-07,135.57,135.57,134.29,134.51,2072
2015-09-08,135.35,135.57,134.72,134.72,5309
2015-09-09,133.24,134.29,133.02,134.29,4690
2015-09-10,132.39,135.35,132.39,134.29,55915
2015-09-13,135.35,136.62,134.93,136.41,13793
2015-09-14,138.53,138.74,136.62,138.53,28712
2015-09-15,135.99,145.94,135.99,145.94,56915
2015-09-16,148.06,149.11,144.88,145.94,48203
2015-09-17,148.69,148.69,144.88,145.94,73535
2015-09-22,143.19,145.3,138.11,138.95,25985
2015-09-23,141.49,145.52,141.49,143.19,14702
2015-09-24,143.82,143.82,140.86,142.76,24955
2015-09-28,140.22,141.7,135.57,139.59,19889
2015-09-29,140.43,141.28,139.8,140.43,10539
2015-09-30,142.76,143.61,140.22,140.65,13421
2015-10-01,141.7,141.7,139.38,140.65,16960
2015-10-04,141.7,141.7,139.59,140.22,8943
2015-10-05,139.16,139.59,137.89,139.16,9872
2015-10-06,140.65,140.65,136.62,137.05,7300
2015-10-07,135.78,135.78,131.97,135.35,11906
2015-10-08,136.41,136.41,133.24,135.78,15512
2015-10-11,135.57,135.57,132.39,134.08,9502
2015-10-14,135.35,135.35,133.02,133.02,14537
2015-10-15,133.24,135.14,133.02,135.14,2572
2015-10-18,135.35,135.35,132.18,132.18,6974
2015-10-19,131.97,135.14,131.97,134.93,11840
2015-10-27,132.6,132.6,125.83,127.1,9772
2015-10-28,124.34,126.88,121.8,126.88,8783
2015-10-29,126.88,130.06,126.88,128.79,6266
2015-11-01,127.94,129.43,127.31,128.58,4307
2015-11-02,127.31,131.12,127.31,128.58,6191
2015-11-03,126.88,128.58,126.88,128.16,2598
2015-11-04,126.88,129.21,126.88,129.0,5916
2015-11-05,126.88,128.79,126.88,127.1,4827
2015-11-08,127.1,128.58,124.77,124.98,13256
2015-11-09,127.31,132.39,127.31,131.12,6579
2015-11-10,130.91,134.93,130.06,134.93,24836
2015-11-15,133.24,133.24,129.85,132.81,3435
2015-11-16,135.14,142.13,129.85,131.12,5989
2015-11-18,133.45,134.93,132.18,133.24,9581
2015-11-19,131.12,131.33,129.21,131.12,4649
2015-11-22,128.79,129.0,126.67,126.88,14772
2015-11-23,124.77,129.0,123.92,127.31,9104
2015-11-24,125.83,127.94,125.83,127.31,6809
2015-11-25,126.88,126.88,123.71,124.13,4888
2015-11-26,122.65,123.71,120.96,122.86,13485
2015-11-29,121.59,121.59,117.78,119.48,14510
2015-11-30,121.59,123.71,119.48,121.59,9567
2015-12-01,121.59,127.94,123.5,127.94,6695
2015-12-02,125.61,126.46,121.59,126.46,3361
2015-12-03,124.77,130.27,122.65,127.94,8257
2015-12-04,129.0,132.6,128.58,130.91,14424
2015-12-07,132.39,134.29,130.48,130.7,24076
2015-12-08,133.02,133.02,130.7,130.91,14005
2015-12-09,129.0,133.66,129.0,133.24,22204
2015-12-10,133.45,133.66,131.54,132.18,11979
2015-12-13,132.39,132.81,131.33,132.18,14495
2015-12-14,130.06,131.12,129.0,131.12,8188
2015-12-15,131.12,131.12,126.88,128.79,2912
2015-12-16,127.1,129.0,126.88,129.0,4611
2015-12-17,129.0,133.02,128.37,131.12,5781
2015-12-20,131.12,133.24,130.48,132.39,9424
2015-12-21,132.39,139.16,131.97,138.53,60690
2015-12-22,141.07,141.49,136.84,138.74,30138
2015-12-23,138.74,139.59,134.29,135.35,21335
2015-12-24,135.35,136.84,135.35,136.62,15119
2015-12-25,136.62,137.47,135.35,135.99,20306
2015-12-28,135.99,136.62,133.24,133.24,30997
2015-12-29,133.24,137.47,133.87,134.29,45928
2015-12-31,134.24,135.73,131.74,131.74,6015
2016-01-03,129.49,131.99,129.49,130.74,14640
2016-01-04,130.74,132.99,129.49,130.74,4224
2016-01-05,131.99,131.99,127.74,127.99,10221
2016-01-06,128.24,131.99,128.24,129.74,8379
2016-01-07,128.24,130.24,128.24,130.24,7230
2016-01-10,130.24,131.74,128.24,131.74,2138
2016-01-11,129.99,129.99,129.49,129.49,977
2016-01-12,129.99,129.99,127.74,128.24,7484
2016-01-13,128.24,129.49,128.24,129.24,4373
2016-01-14,129.49,131.99,129.49,130.99,11899
2016-01-17,132.99,135.98,132.99,135.73,8497
2016-01-18,138.48,141.98,133.74,136.98,15863
2016-01-19,136.73,136.98,134.49,136.73,7012
2016-01-20,136.98,136.98,134.74,135.98,5345
2016-01-21,135.98,136.98,134.74,136.73,3869
2016-01-24,136.73,136.23,135.23,135.73,11259
2016-01-25,136.98,138.23,135.48,136.48,12492
2016-01-26,136.48,137.23,135.73,135.98,6778
2016-01-27,135.98,136.73,134.74,134.99,9645
2016-01-28,135.23,135.23,133.24,133.24,11040
2016-01-31,132.74,134.24,132.74,133.99,6272
2016-02-01,133.99,136.23,133.24,136.23,20737
2016-02-02,136.48,139.48,135.48,136.98,13321
2016-02-03,136.98,138.23,135.73,136.23,8805
2016-02-04,138.23,138.23,136.23,136.23,13158
2016-02-07,136.23,140.73,136.48,136.48,13558
2016-02-08,136.48,140.73,135.73,135.73,12864
2016-02-11,135.73,138.23,136.48,137.98,17653
2016-02-14,135.48,139.73,135.48,138.98,29357
2016-02-15,136.48,137.48,135.73,136.98,2523
2016-02-16,136.98,137.73,136.23,136.98,7224
2016-02-17,136.98,138.73,135.73,138.73,16122
2016-02-18,138.73,142.98,138.23,140.98,41041
2016-02-21,142.98,145.48,140.73,141.98,19521
2016-02-22,142.23,142.23,140.73,140.98,15391
2016-02-23,140.73,143.23,140.73,140.73,19102
2016-02-24,141.98,141.98,139.48,141.23,6269
2016-02-25,139.48,141.98,139.48,140.98,12202
2016-02-28,140.98,142.73,137.98,139.98,8945
2016-02-29,139.98,140.73,136.48,139.73,16639
2016-03-01,140.73,140.73,139.48,140.73,12249
2016-03-02,140.48,142.98,139.73,140.73,9241
2016-03-03,140.98,141.98,140.23,141.98,13492
2016-03-06,140.73,145.73,140.73,143.23,17347
2016-03-10,148.48,148.48,143.23,144.23,7628
2016-03-13,144.48,144.48,141.98,141.98,10959
2016-03-14,143.23,144.48,141.98,142.23,8018
2016-03-15,140.98,141.98,140.98,141.73,4921
2016-03-16,142.23,142.98,140.73,142.23,2544
2016-03-17,142.23,142.73,140.98,141.98,15389
2016-03-20,142.48,145.23,141.98,143.48,17573
2016-03-21,145.73,145.73,143.48,143.48,9526
2016-03-23,143.23,144.73,143.23,144.48,13067
2016-03-24,144.48,148.23,144.48,147.98,29937
2016-03-27,147.98,155.72,149.72,155.47,49443
2016-03-28,155.47,156.97,152.22,153.22,21638
2016-03-29,151.97,154.72,150.47,153.47,10096
2016-03-30,153.47,153.47,149.97,150.72,12418
2016-03-31,150.72,150.72,148.23,148.23,8898
2016-04-03,148.23,149.47,145.73,148.48,9308
2016-04-04,148.48,152.22,148.23,149.97,10826
2016-04-05,150.72,151.97,150.22,151.97,3397
2016-04-06,151.97,151.97,150.72,151.72,8262
2016-04-10,151.72,151.72,149.47,149.72,3971
2016-04-11,149.72,148.73,146.73,148.48,16082
2016-04-12,148.48,151.22,148.48,150.72,3670
2016-04-14,150.72,156.22,150.97,154.47,14627
2016-04-17,157.22,158.22,155.47,155.72,18153
2016-04-18,155.72,158.47,155.72,156.97,23894
2016-04-19,156.97,160.72,154.72,158.22,25820
2016-04-20,158.22,161.72,155.22,159.22,27079
2016-04-21,159.22,165.71,159.72,163.21,36586
2016-04-24,163.21,168.21,165.21,166.96,22769
2016-04-25,166.96,169.96,166.96,168.21,22233
2016-04-26,168.21,169.46,165.71,165.71,32764
2016-04-27,165.71,166.71,160.72,165.96,24357
2016-04-28,165.96,166.21,164.46,164.71,17614
2016-05-02,164.71,166.46,162.22,163.71,20703
2016-05-03,163.71,165.71,161.47,165.21,56431
2016-05-04,165.21,163.71,161.47,162.72,15664
2016-05-05,162.72,164.46,158.72,164.46,17312
2016-05-08,164.46,168.21,163.21,168.21,19299
2016-05-09,165.96,171.21,165.96,170.96,27204
2016-05-10,170.96,172.71,168.96,171.71,26414
2016-05-11,171.71,169.71,167.71,168.21,15337
2016-05-12,168.21,168.71,165.21,165.71,10337
2016-05-15,165.96,168.21,165.71,166.46,18705
2016-05-16,165.96,166.46,164.46,165.71,11449
2016-05-17,165.71,170.71,165.71,170.46,35869
2016-05-18,170.46,171.96,170.46,171.71,32178
2016-05-19,171.71,173.21,166.96,171.71,30199
2016-05-22,171.71,173.21,169.71,172.96,24188
2016-05-23,172.96,179.2,173.46,178.2,59566
2016-05-24,178.2,186.45,180.7,184.45,73594
2016-05-25,184.45,184.45,175.71,178.2,41528
2016-05-26,178.2,180.7,169.96,178.45,44835
2016-05-29,178.45,178.7,173.46,173.46,13930
2016-05-30,173.46,180.2,174.71,174.71,18440
2016-05-31,174.71,177.95,174.71,174.96,20537
2016-06-01,174.96,178.2,173.21,173.46,23427
2016-06-02,173.46,175.71,170.71,173.71,21118
2016-06-05,173.71,173.21,163.21,166.96,35828
2016-06-06,166.96,172.71,165.71,172.71,23997
2016-06-07,175.96,179.45,172.71,179.45,71324
2016-06-08,179.45,183.2,179.95,181.95,41117
2016-06-09,182.95,184.45,181.45,182.45,48249
2016-06-12,182.45,185.7,181.2,185.2,68626
2016-06-13,185.2,188.7,183.45,186.45,45249
2016-06-14,185.7,188.95,185.7,187.95,39729
2016-06-15,188.2,188.2,184.45,185.95,24205
2016-06-16,185.7,188.2,184.7,186.95,30664
2016-06-19,186.95,185.7,183.2,183.95,23568
2016-06-20,183.95,184.95,183.2,184.7,9752
2016-06-21,184.7,185.95,183.45,185.7,11942
2016-06-22,189.2,191.19,185.7,186.45,25149
2016-06-23,186.45,186.95,185.2,185.7,22461
2016-06-26,185.7,189.95,183.95,189.45,55244
2016-06-27,189.45,196.94,188.2,194.69,55479
2016-06-28,194.69,201.69,193.94,197.69,49996
2016-06-29,197.69,199.44,196.19,198.69,28645
2016-06-30,198.69,198.94,194.69,198.19,27312
2016-07-03,198.19,198.19,194.44,195.69,13761
2016-07-04,195.69,196.44,192.44,194.44,16742
2016-07-05,194.44,197.94,191.19,194.94,21557
2016-07-06,195.19,196.44,194.44,196.44,19851
2016-07-10,196.44,198.94,193.94,197.19,20401
2016-07-11,197.19,198.19,195.69,197.94,14363
2016-07-12,197.94,197.94,186.95,193.69,16302
2016-07-13,193.69,193.44,186.7,193.44,13453
2016-07-14,193.44,198.19,193.44,194.69,17448
2016-07-17,194.69,203.19,193.19,203.19,31012
2016-07-18,203.19,212.18,206.68,209.93,59302
2016-07-19,213.18,217.18,208.93,214.18,49476
2016-07-20,215.68,218.18,208.18,211.18,47120
2016-07-21,210.68,214.43,206.68,212.43,21998
2016-07-25,212.43,229.42,215.68,229.42,123893
2016-07-26,229.42,236.66,230.67,231.92,106531
2016-07-27,231.92,241.16,233.16,236.66,88624
2016-07-28,236.66,239.41,231.42,234.41,72212
2016-07-31,234.41,235.66,228.17,228.67,69801
2016-08-01,228.67,230.67,224.42,224.42,137880
2016-08-02,224.42,229.17,223.42,225.67,225769
2016-08-03,225.83,236.49,227.16,232.49,69087
2016-08-04,232.49,232.49,217.5,223.17,36724
2016-08-07,223.17,233.16,218.84,219.84,25280
2016-08-08,219.84,218.5,203.18,203.18,18592
2016-08-09,207.18,223.5,207.18,223.5,1234
2016-08-10,227.83,236.49,216.84,224.83,32373
2016-08-11,223.83,231.83,220.84,229.83,26458
2016-08-14,225.5,225.5,217.17,221.17,9742
2016-08-15,216.84,216.84,208.18,211.51,34395
2016-08-16,210.18,221.5,207.84,217.5,19880
2016-08-17,216.84,219.84,215.84,216.84,21288
2016-08-21,221.17,221.17,211.51,211.51,13148
2016-08-22,210.18,210.51,208.51,209.84,11439
2016-08-23,205.85,212.84,205.85,209.51,10838
2016-08-24,213.17,214.84,206.51,214.84,13020
2016-08-28,216.5,218.17,213.17,215.84,9815
2016-08-29,215.84,225.83,213.17,219.84,18072
2016-08-30,223.83,236.16,223.17,233.16,60999
2016-08-31,233.16,233.16,226.83,231.83,19704
2016-09-01,229.83,234.82,229.83,234.16,30565
2016-09-04,233.83,237.49,233.16,234.49,18384
2016-09-05,236.49,241.82,234.82,240.15,42423
2016-09-06,244.82,246.48,234.82,243.15,42678
2016-09-07,239.82,243.15,235.49,238.16,26980
2016-09-08,238.49,238.49,233.49,237.49,12687
2016-09-11,239.82,239.82,230.16,230.16,11187
2016-09-12,229.83,231.83,228.16,230.83,20790
2016-09-14,231.49,232.83,227.83,230.16,18942
2016-09-18,233.16,230.16,221.5,224.83,22551
2016-09-20,228.16,228.16,220.17,220.17,13918
2016-09-21,216.5,224.83,214.51,221.5,14243
2016-09-22,221.5,221.5,216.5,216.5,14520
2016-09-25,221.5,221.5,216.5,216.5,14520
2016-09-26,208.84,216.5,208.84,213.51,22667
2016-09-27,214.51,219.84,213.17,214.84,11033
2016-09-28,213.17,214.84,212.17,212.17,14664
2016-09-29,214.84,214.84,210.84,210.84,19907
2016-10-02,208.18,213.17,208.18,213.17,8708
2016-10-03,214.84,216.5,213.17,215.17,8573
2016-10-04,218.17,218.17,213.17,214.84,11531
2016-10-05,216.5,218.17,216.5,217.17,7377
2016-10-06,218.84,221.5,218.17,220.5,12905
2016-10-16,220.5,222.5,218.84,219.17,5069
2016-10-17,214.84,221.83,213.17,217.5,3500
2016-10-18,216.5,216.5,214.17,215.51,7404
2016-10-19,215.51,215.51,213.17,214.84,6076
2016-10-20,214.51,217.5,213.51,217.17,8073
2016-10-23,213.51,216.17,213.17,213.51,9189
2016-10-24,213.17,214.51,211.18,213.17,8679
2016-10-25,211.51,219.84,210.51,217.5,10563
2016-10-26,219.84,224.17,213.17,216.5,27121
2016-10-27,214.84,218.17,213.84,215.17,12038
2016-11-03,213.17,217.5,211.51,215.51,3668
2016-11-07,216.17,216.17,206.51,207.18,10812
2016-11-08,207.51,208.18,201.85,204.85,12446
2016-11-09,200.85,205.85,193.19,198.19,15407
2016-11-10,198.19,203.85,196.52,197.52,15279
2016-11-13,201.18,201.18,196.52,196.52,8893
2016-11-14,197.85,199.85,197.85,199.85,4880
2016-11-15,201.52,202.85,199.18,199.85,9017
2016-11-16,197.19,199.85,193.86,194.85,13817
2016-11-17,193.86,194.19,189.53,191.52,13522
2016-11-20,189.86,189.86,175.2,180.53,34356
2016-11-21,179.87,185.53,177.2,183.2,13069
2016-11-22,179.87,184.86,176.53,179.2,18647
2016-11-23,179.2,179.87,171.54,176.53,13491
2016-11-24,179.87,179.87,171.54,174.87,11937
2016-11-27,177.87,177.87,164.88,166.54,18530
2016-11-28,163.88,176.53,157.55,173.54,18104
2016-11-29,173.54,182.86,168.21,181.53,21905
2016-11-30,183.2,190.52,183.2,187.53,17909
2016-12-01,186.53,189.86,178.87,183.53,18796
2016-12-04,179.87,183.2,173.2,178.53,10314
2016-12-05,175.54,178.53,174.54,174.54,8505
2016-12-06,171.54,182.53,171.54,178.2,15276
2016-12-07,179.87,180.86,179.2,180.86,9148
2016-12-08,180.2,180.2,178.2,178.2,6403
2016-12-11,176.53,179.53,175.87,176.53,5402
2016-12-12,173.2,174.87,169.87,172.87,7171
2016-12-14,173.54,176.53,170.87,172.54,11550
2016-12-15,169.87,174.87,169.87,173.2,8071
2016-12-18,173.2,173.2,170.21,171.54,10397
2016-12-19,168.21,171.21,168.21,169.87,9162
2016-12-20,168.21,168.54,165.54,165.88,20251
2016-12-21,163.21,165.88,162.55,163.54,25937
2016-12-22,160.21,165.21,160.21,164.21,6268
2016-12-26,161.55,163.21,159.55,161.55,11990
2016-12-27,159.21,161.55,156.88,158.88,23886
2016-12-28,159.88,164.88,159.88,162.88,8350
2016-12-29,164.88,166.88,163.21,165.21,18061
2017-01-01,166.54,171.54,166.54,166.54,12533
2017-01-02,169.87,173.2,163.21,171.87,21524
2017-01-03,172.2,172.2,163.54,166.54,36549
2017-01-04,166.54,169.87,165.88,167.54,14104
2017-01-05,166.54,171.54,166.54,168.54,12262
2017-01-08,166.88,167.87,162.55,163.21,30923
2017-01-09,163.21,169.21,163.21,169.21,9553
2017-01-10,169.21,172.54,168.87,171.21,39028
2017-01-11,171.54,171.54,168.54,169.87,27554
2017-01-15,169.89,166.76,160.9,162.07,6437
2017-01-16,162.07,164.03,160.12,163.64,6113
2017-01-17,164.03,164.03,160.9,162.07,1610
2017-01-18,160.12,162.07,160.12,161.29,3477
2017-01-19,162.07,162.07,160.51,161.68,4579
2017-01-22,162.07,164.03,160.51,161.29,6096
2017-01-23,161.29,162.07,158.95,158.95,4526
2017-01-24,158.56,158.56,154.65,154.65,7410
2017-01-25,152.31,156.61,150.75,152.31,7342
2017-01-26,150.36,152.31,142.16,144.11,16241
2017-01-30,142.94,143.33,137.47,138.25,10714
2017-01-31,135.52,144.5,133.17,143.33,12215
2017-02-01,146.06,157.39,146.06,157.0,12873
2017-02-02,160.12,162.86,155.05,156.61,17319
2017-02-05,158.17,158.17,145.28,149.58,16533
2017-02-06,150.36,150.36,143.33,147.62,13343
2017-02-07,147.62,148.02,143.33,146.45,9933
2017-02-08,146.45,146.45,143.33,144.5,17406
2017-02-09,144.11,144.89,139.42,140.6,25009
2017-02-12,138.64,139.81,132.78,135.91,22165
2017-02-13,136.69,140.6,129.27,140.2,30905
2017-02-14,142.94,142.94,133.57,137.86,24659
2017-02-15,140.6,144.5,136.69,143.72,38667
2017-02-16,146.45,149.19,139.81,147.23,26278
2017-02-19,148.8,152.31,142.55,150.36,25983
2017-02-20,153.09,156.22,148.41,148.41,21945
2017-02-21,151.14,153.87,143.72,145.28,23431
2017-02-22,148.02,153.87,142.94,146.84,19778
2017-02-23,144.5,147.23,144.5,144.89,9270
2017-02-26,142.94,147.62,139.81,140.2,9407
2017-02-28,138.25,141.77,137.08,140.6,8319
2017-03-01,141.38,145.28,140.6,145.28,4557
2017-03-02,146.06,148.02,144.11,145.28,9543
2017-03-05,146.45,149.19,144.89,147.23,9928
2017-03-06,149.97,152.7,147.62,148.41,12844
2017-03-07,148.41,148.41,144.89,146.06,18990
2017-03-09,148.41,148.41,147.62,147.62,2248
2017-03-13,147.62,147.62,144.5,146.06,6546
2017-03-14,144.89,146.45,144.89,145.28,3258
2017-03-15,142.55,147.62,142.16,146.84,3051
2017-03-16,146.84,147.62,144.5,144.5,6121
2017-03-19,144.5,148.02,144.5,146.84,4892
2017-03-20,149.19,151.14,148.41,151.14,14586
2017-03-21,152.31,157.78,144.5,154.65,68652
2017-03-22,157.39,163.64,156.22,158.56,54503
2017-03-23,157.39,160.12,157.0,158.17,27435
2017-03-26,158.17,165.2,158.17,163.25,24056
2017-03-28,163.25,176.52,165.98,172.62,51050
2017-03-29,172.62,186.29,168.71,169.89,64275
2017-03-30,169.89,173.4,165.59,169.89,31673
2017-04-02,172.62,179.65,172.62,179.65,37040
2017-04-03,183.16,196.83,175.74,178.09,65577
2017-04-04,181.21,183.55,173.79,177.7,20674
2017-04-06,179.65,181.6,174.18,179.65,18788
2017-04-09,181.6,181.6,175.74,175.74,50374
2017-04-10,176.52,183.55,174.18,183.16,27346
2017-04-11,183.16,190.19,183.16,187.07,43598
2017-04-12,188.24,196.83,184.34,187.07,49768
2017-04-13,183.55,191.37,180.43,187.07,19787
2017-04-16,187.46,189.41,177.7,179.65,27513
2017-04-18,176.13,177.7,168.71,171.06,48374
2017-04-19,171.06,179.26,171.84,179.26,20330
2017-04-20,180.82,185.9,176.52,177.31,25775
2017-04-23,180.82,194.1,180.82,182.77,28749
2017-04-24,181.99,185.51,177.31,179.26,14389
2017-04-25,179.65,181.6,177.7,178.09,15643
2017-04-26,176.52,181.6,176.52,181.6,8140
2017-04-27,178.48,180.04,174.96,178.87,12400
2017-04-30,175.35,176.52,174.57,175.35,10305
2017-05-02,174.18,181.6,174.18,177.31,14519
2017-05-03,179.65,183.16,176.13,177.7,13280
2017-05-04,177.7,177.7,175.35,175.74,12499
2017-05-07,172.62,174.57,172.62,173.79,4641
2017-05-08,171.06,175.74,170.67,173.79,7291
2017-05-09,173.79,175.74,171.84,173.4,7860
2017-05-11,173.79,175.74,173.79,174.57,16409
2017-05-15,177.31,178.87,174.96,176.52,6006
2017-05-16,176.13,176.13,172.62,173.01,5839
2017-05-17,173.79,173.79,171.45,172.62,8989
2017-05-18,172.62,173.01,170.28,171.84,8894
2017-05-21,171.84,171.84,167.54,168.32,7789
2017-05-22,169.89,169.89,165.59,165.98,14775
2017-05-23,164.03,171.06,164.03,167.15,6898
2017-05-24,167.15,171.06,165.2,168.32,10859
2017-05-28,167.93,167.93,164.03,164.81,15483
2017-05-30,165.2,165.2,160.12,160.12,19289
2017-05-31,160.12,166.37,157.39,161.29,39955
2017-06-01,164.42,164.81,160.12,164.03,38847
2017-06-04,165.2,165.2,161.29,161.68,11413
2017-06-05,163.64,163.64,160.12,162.86,19962
2017-06-06,165.98,167.54,162.07,167.15,37161
2017-06-07,170.28,172.23,163.64,164.03,19551
2017-06-08,164.03,164.03,160.51,160.9,28791
2017-06-11,163.25,166.37,157.78,160.51,37184
2017-06-12,160.51,161.29,157.39,159.73,18946
2017-06-13,157.39,164.03,157.39,159.73,21140
2017-06-14,159.73,162.07,158.17,162.07,22168
2017-06-15,160.12,164.03,158.95,161.68,16867
2017-06-18,161.68,164.81,157.78,158.56,11000
2017-06-19,158.95,158.95,156.22,156.22,24287
2017-06-20,155.44,160.12,153.48,158.17,26989
2017-06-21,156.61,158.17,156.22,158.17,15951
2017-06-22,158.56,158.56,157.0,157.78,19906
2017-06-25,158.95,159.73,157.0,158.17,18820
2017-06-27,158.17,159.73,158.17,159.34,11403
2017-06-28,159.34,160.12,156.61,159.34,10466
2017-07-02,157.0,158.17,155.83,155.83,13749
2017-07-03,156.22,157.78,155.83,156.61,19276
2017-07-04,153.48,158.17,153.48,157.0,10718
2017-07-05,156.61,160.51,156.22,160.12,18567
2017-07-06,157.0,165.98,157.0,165.59,17429
2017-07-09,165.59,170.67,160.12,165.59,52643
2017-07-10,165.59,166.37,162.86,163.64,16262
2017-07-11,161.29,168.71,161.29,163.64,20136
2017-07-12,166.37,166.37,163.64,165.98,12014
2017-07-13,165.98,166.37,164.03,164.81,14403
2017-07-16,165.98,165.98,162.86,164.81,5229
2017-07-17,165.98,167.93,164.81,166.76,12039
2017-07-18,167.93,173.4,167.15,173.4,17362
2017-07-19,170.28,176.52,170.28,173.4,20966
2017-07-20,170.67,172.62,169.89,170.28,16486
2017-07-23,171.84,172.62,165.98,166.76,23593
2017-07-24,164.03,166.76,164.03,165.98,26437
2017-07-25,166.76,168.71,164.81,166.37,20135
2017-07-26,165.59,166.76,165.2,165.59,16792
2017-07-27,165.98,169.5,165.59,167.54,30557
2017-07-30,167.93,170.28,165.98,167.93,30873
2017-07-31,167.93,171.45,167.93,169.89,50975
2017-08-01,169.89,175.35,169.89,171.45,22338
2017-08-02,171.84,173.79,171.06,172.23,30908
2017-08-03,172.23,173.79,170.67,171.45,36534
2017-08-06,174.57,180.82,174.18,178.87,138194
2017-08-07,178.87,181.21,177.31,177.7,54293
2017-08-09,179.65,179.65,173.79,175.35,35058
2017-08-10,175.35,176.13,173.01,174.96,25147
2017-08-13,178.09,179.65,175.74,176.13,40317
2017-08-15,173.79,176.13,172.62,175.74,25198
2017-08-16,175.74,177.7,174.96,176.13,23349
2017-08-17,175.74,177.31,174.18,177.31,20287
2017-08-20,176.92,177.31,170.67,175.35,23960
2017-08-21,173.79,174.18,171.84,172.23,31543
2017-08-22,173.01,175.74,171.84,174.18,24795
2017-08-23,171.84,176.52,171.84,173.4,11483
2017-08-24,173.4,175.35,173.01,174.57,17634
2017-08-27,174.57,179.65,173.79,175.35,19980
2017-08-28,175.35,175.35,172.23,173.01,21460
2017-08-30,173.01,173.4,171.45,171.45,20251
2017-08-31,171.45,170.67,167.93,168.71,34447
2017-09-04,168.71,169.89,163.25,164.81,38470
2017-09-06,165.2,168.71,165.2,166.37,31140
2017-09-07,168.32,169.1,164.81,164.81,16957
2017-09-10,167.93,167.93,162.86,164.03,30412
2017-09-11,162.47,166.37,161.68,164.42,28356
2017-09-12,165.2,164.81,162.47,162.86,19571
2017-09-13,162.47,164.03,160.12,162.86,22331
2017-09-14,161.68,168.32,160.51,166.76,30809
2017-09-17,169.5,170.67,166.37,169.1,28022
2017-09-18,171.06,171.06,167.54,168.71,23653
2017-09-20,167.93,168.71,165.2,167.93,25599
2017-09-24,167.93,168.32,165.98,167.54,11746
2017-09-25,167.54,171.06,167.54,169.89,14858
2017-09-26,171.84,171.84,168.32,169.5,18974
2017-10-03,169.89,176.13,169.89,176.13,9110
2017-10-04,173.4,174.57,172.23,173.4,19822
2017-10-08,173.4,173.4,164.42,170.67,12924
2017-10-09,168.32,168.71,164.81,167.93,9206
2017-10-10,166.37,169.5,166.37,168.32,13864
2017-10-11,165.2,169.5,165.2,167.54,8315
2017-10-12,167.54,168.71,167.15,167.93,15225
2017-10-15,165.98,171.06,165.98,169.89,16880
2017-10-16,170.28,173.79,170.28,173.79,25586
2017-10-17,174.96,176.13,171.06,173.4,45917
2017-10-18,172.62,174.96,171.84,174.57,13554
2017-10-22,172.23,177.7,172.23,174.96,25407
2017-10-23,174.96,176.52,174.96,175.74,28749
2017-10-24,175.74,177.7,175.74,177.31,33149
2017-10-25,176.13,176.92,174.57,174.96,16387
2017-10-29,176.13,176.13,172.62,173.79,9244
2017-10-30,173.4,173.79,172.23,172.23,15979
2017-10-31,173.01,176.13,171.45,176.13,13127
2017-11-01,176.13,176.13,171.45,172.23,15735
2017-11-02,172.23,174.18,171.84,172.23,19105
2017-11-05,171.84,172.62,167.15,167.93,33649
2017-11-06,167.93,171.84,166.76,168.71,20897
2017-11-07,171.84,172.23,167.93,169.1,9404
2017-11-08,165.98,170.67,164.03,165.98,19960
2017-11-09,164.42,168.71,164.42,167.93,24533
2017-11-12,167.93,169.89,165.59,169.89,20905
2017-11-13,172.62,173.79,168.32,171.84,49802
2017-11-14,174.96,174.96,172.23,172.62,75163
2017-11-15,174.57,174.57,171.84,171.84,31641
2017-11-16,169.5,171.84,168.71,169.89,20020
2017-11-19,169.89,170.67,168.32,169.5,12895
2017-11-20,169.5,170.67,167.93,167.93,14464
2017-11-21,167.93,171.06,167.93,169.5,11640
2017-11-22,169.89,171.45,169.89,169.89,12010
2017-11-23,169.89,171.84,170.67,171.45,17122
2017-11-26,171.45,173.4,171.45,172.23,16112
2017-11-27,173.79,173.79,171.06,171.84,20192
2017-11-28,172.62,172.62,170.67,171.84,14375
2017-11-29,171.84,174.18,171.45,172.62,37112
2017-11-30,173.01,173.4,170.28,172.23,18317
2017-12-04,173.79,173.79,171.06,171.06,20228
2017-12-05,170.67,171.84,170.28,171.06,12865
2017-12-06,170.28,172.62,170.28,171.84,14645
2017-12-10,174.96,178.09,171.84,172.62,24193
2017-12-11,172.23,172.62,171.06,171.06,8413
2017-12-12,171.84,171.84,169.89,169.89,11868
2017-12-13,171.84,171.84,170.28,171.45,43712
2017-12-14,173.79,173.79,171.06,171.84,18444
2017-12-17,172.23,172.23,169.1,169.89,23949
2017-12-18,169.89,171.06,165.59,166.76,54860
2017-12-19,166.76,167.54,164.03,164.03,143300
2017-12-20,164.17,161.2,155.24,158.72,24058
2017-12-21,157.23,157.23,153.26,156.24,12623
2017-12-24,158.72,158.72,154.75,155.24,9262
2017-12-26,153.26,155.24,153.26,154.75,8636
2017-12-27,153.76,156.73,149.79,153.26,15272
2017-12-28,150.78,152.76,147.8,152.27,12322
2017-12-31,150.28,151.77,148.8,150.28,11674
2018-01-01,150.28,155.74,150.28,155.24,19259
2018-01-02,156.24,156.73,153.76,154.75,17715
2018-01-03,154.75,154.75,151.28,152.27,5910
2018-01-04,152.76,153.26,149.79,150.28,9950
2018-01-07,151.28,152.76,148.8,150.28,7946
2018-01-08,151.77,151.77,149.79,151.28,13084
2018-01-09,151.28,153.76,151.28,153.76,9362
2018-01-10,151.28,153.76,151.28,152.27,13346
2018-01-14,149.79,152.27,149.79,150.78,10382
2018-01-16,149.79,150.78,148.8,149.29,5908
2018-01-17,149.79,150.78,148.3,150.28,13059
2018-01-21,150.28,152.27,149.29,150.28,12962
2018-01-22,149.29,151.77,147.8,148.8,15699
2018-01-23,148.8,150.78,148.8,148.8,9498
2018-01-24,148.8,149.29,148.3,148.8,6482
2018-01-25,148.8,150.28,148.8,150.28,5246
2018-01-28,151.28,152.27,151.28,151.77,3059
2018-01-29,151.28,151.77,150.78,151.28,4734
2018-01-31,151.28,154.25,149.79,152.76,7076
2018-02-01,152.76,154.75,152.27,152.27,8858
2018-02-04,152.76,153.26,151.77,151.77,14467
2018-02-05,150.28,152.27,150.28,151.28,5925
2018-02-06,150.28,151.77,149.79,150.78,5436
2018-02-07,150.78,150.78,148.8,149.79,9860
2018-02-08,152.27,152.27,149.29,151.77,6156
2018-02-11,150.28,151.28,149.79,150.28,9107
2018-02-12,150.28,151.77,150.28,150.28,4264
2018-02-14,150.78,152.27,150.28,152.27,4486
2018-02-15,153.76,156.24,151.77,155.24,29740
2018-02-18,155.24,158.22,153.76,155.74,21906
2018-02-20,156.24,157.72,152.76,152.76,12810
2018-02-21,151.28,152.27,151.28,151.77,12622
2018-02-22,151.28,152.27,150.28,152.27,5461
2018-02-25,151.77,151.77,148.8,150.28,21466
2018-02-26,153.26,153.26,149.29,150.28,6386
2018-02-27,153.26,153.26,149.79,150.28,8549
2018-02-28,150.28,150.28,148.8,149.79,16223
2018-03-04,146.81,148.8,144.33,146.32,13268
2018-03-05,146.32,147.31,144.83,146.32,11716
2018-03-06,143.84,148.3,142.84,147.8,20524
2018-03-07,147.8,148.8,146.32,147.8,18736
2018-03-11,147.8,147.8,145.32,146.81,8797
2018-03-12,146.81,147.31,143.84,144.83,11397
2018-03-13,145.82,146.32,144.83,146.32,7048
2018-03-14,147.31,147.8,146.32,147.8,6821
2018-03-15,146.81,147.31,145.32,145.32,9242
2018-03-18,147.8,148.3,144.33,144.83,2376
2018-03-19,145.82,146.32,144.33,144.83,7950
2018-03-20,144.33,144.33,142.35,143.34,9680
2018-03-21,141.85,142.84,136.89,139.87,12607
2018-03-22,139.87,140.86,137.39,138.88,10580
2018-03-26,136.4,136.4,131.44,136.4,25121
2018-03-27,133.92,146.32,131.93,141.36,12378
2018-03-28,143.84,143.84,136.4,141.36,17418
2018-03-29,143.34,143.84,139.87,143.84,7204
2018-04-01,143.84,143.84,136.4,138.38,14088
2018-04-02,140.86,143.34,137.39,137.88,13541
2018-04-03,136.4,139.37,136.4,138.88,13274
2018-04-04,139.87,143.84,139.87,143.84,9847
2018-04-05,144.33,147.8,142.84,145.82,16870
2018-04-08,146.32,150.78,144.33,150.28,38363
2018-04-09,153.26,152.27,147.31,148.8,39089
2018-04-10,148.8,148.8,143.84,146.81,10145
2018-04-11,144.83,147.8,144.83,147.31,2568
2018-04-12,146.81,148.3,146.32,146.32,8158
2018-04-15,146.32,146.32,141.85,144.83,15412
2018-04-16,143.84,147.8,143.84,145.32,5098
2018-04-17,145.32,148.8,143.84,148.3,11201
2018-04-18,150.28,161.69,147.8,148.8,23615
2018-04-19,151.77,159.21,151.77,157.23,50024
2018-04-22,157.23,172.6,157.23,171.12,71300
2018-04-23,173.6,173.6,161.2,165.66,57368
2018-04-24,166.16,170.62,163.18,164.67,44639
2018-04-25,167.64,167.64,163.68,163.68,22325
2018-04-26,165.16,168.14,159.71,160.2,23001
2018-04-29,158.72,161.69,157.72,161.69,16834
2018-05-02,161.69,163.68,155.74,162.19,39859
2018-05-03,162.68,164.67,160.7,161.2,29052
2018-05-06,158.72,161.2,158.72,155.74,9917
2018-05-07,157.72,160.2,157.72,158.72,10575
2018-05-08,160.7,160.7,156.24,160.2,17489
2018-05-09,160.2,161.2,158.72,159.21,18608
2018-05-10,159.21,160.7,158.22,158.72,21698
2018-05-14,158.72,158.72,156.73,158.22,7818
2018-05-15,157.72,158.72,155.74,156.24,6496
2018-05-16,156.24,158.72,156.24,157.72,7699
2018-05-17,157.72,159.21,157.72,158.22,18525
2018-05-20,158.72,161.69,158.72,158.72,18558
2018-05-21,161.2,161.2,157.72,158.72,10836
2018-05-22,158.72,158.72,156.24,157.72,12008
2018-05-23,157.72,157.72,155.74,156.73,14298
2018-05-24,156.73,156.73,153.26,155.24,18364
2018-05-27,153.76,153.76,152.27,152.27,13828
2018-05-28,152.27,158.22,151.77,158.22,13139
2018-05-29,157.72,159.71,156.24,157.23,10571
2018-05-30,153.76,159.71,153.76,156.24,9426
2018-05-31,155.74,156.24,154.75,155.74,4206
2018-06-03,152.76,156.24,151.28,151.77,8502
2018-06-04,151.28,154.75,149.79,151.28,10697
2018-06-06,154.25,154.25,152.27,153.76,4203
2018-06-07,153.76,153.76,149.29,149.29,20457
2018-06-10,148.8,149.29,145.82,146.32,26537
2018-06-11,144.33,150.78,144.33,146.32,21271
2018-06-12,146.32,147.31,145.32,145.82,14957
2018-06-13,146.81,146.81,145.32,145.82,11374
2018-06-14,148.3,148.8,146.32,146.81,19243
2018-06-17,146.32,147.31,144.33,144.33,5052
2018-06-18,144.33,145.82,143.84,145.32,8551
2018-06-19,143.84,144.83,143.84,144.33,5601
2018-06-20,141.85,144.83,141.85,143.84,9336
2018-06-21,141.36,145.32,140.36,143.34,3365
2018-06-24,143.84,145.82,141.85,143.84,6120
2018-06-25,143.34,144.83,143.34,143.34,8085
2018-06-26,141.85,143.84,139.37,139.37,12818
2018-06-27,140.36,141.36,138.88,138.88,24517
2018-06-28,138.38,140.36,138.38,139.37,16515
2018-07-01,139.87,141.36,139.87,141.36,7761
2018-07-02,139.37,139.37,136.89,138.38,5841
2018-07-03,138.88,138.88,135.4,137.88,42138
2018-07-04,137.88,140.36,136.89,138.38,16488
2018-07-05,140.86,145.82,137.88,144.83,78120
2018-07-08,147.8,147.8,142.84,142.84,30337
2018-07-09,142.84,143.34,140.36,141.36,10557
2018-07-10,142.35,143.84,137.88,140.86,20926
2018-07-11,142.35,143.84,140.36,141.36,16006
2018-07-12,141.36,142.35,138.38,140.86,16169
2018-07-15,141.36,143.84,138.88,141.36,4328
2018-07-16,140.86,143.34,140.86,142.35,6304
2018-07-17,141.85,143.84,141.85,143.84,4866
2018-07-18,143.84,143.84,141.85,143.34,1413
2018-07-19,142.84,142.84,140.36,141.85,18931
2018-07-22,141.36,142.35,139.87,140.36,6411
2018-07-23,140.86,143.84,140.36,140.86,4951
2018-07-24,140.86,143.84,140.86,142.35,8290
2018-07-25,142.35,142.84,141.36,142.35,8411
2018-07-26,143.84,143.84,140.86,141.85,4870
2018-07-29,140.86,141.85,140.36,140.36,5892
2018-07-30,140.36,142.84,140.36,141.36,2312
2018-07-31,141.36,142.35,140.86,141.85,6113
2018-08-01,139.87,141.36,139.87,141.36,7761
2018-08-02,142.35,142.35,141.36,141.85,5644
2018-08-05,141.85,143.84,141.36,143.84,6491
2018-08-06,141.85,143.34,141.85,143.34,8511
2018-08-07,141.36,143.84,141.36,142.84,6235
2018-08-08,142.35,143.84,140.36,140.36,7063
2018-08-09,140.36,141.36,139.87,140.86,7956
2018-08-12,138.88,139.87,136.89,138.38,7586
2018-08-13,138.88,140.36,138.88,139.37,16910
2018-08-14,141.36,144.33,141.36,143.34,24323
2018-08-15,143.84,147.8,143.84,147.8,39036
2018-08-16,148.8,150.28,146.32,148.8,43107
2018-08-19,148.8,149.79,145.82,145.82,22341
2018-08-20,145.82,146.32,144.33,144.83,18049
2018-08-21,144.83,144.83,142.35,143.84,9908
2018-08-22,143.84,145.32,143.34,143.34,8993
2018-08-23,142.35,143.84,142.35,143.34,12291
2018-08-26,140.86,143.84,140.86,142.84,2811
2018-08-28,143.84,143.84,141.85,142.84,7436
2018-08-29,140.86,142.84,140.86,142.35,3845
2018-08-30,143.34,146.81,142.35,146.32,11478
2018-09-02,146.32,151.77,145.32,148.3,22168
2018-09-03,148.8,152.76,148.3,151.77,30173
2018-09-04,151.28,152.27,148.8,151.77,36307
2018-09-05,152.27,159.71,151.28,156.73,56434
2018-09-06,159.71,162.68,155.24,157.72,79917
2018-09-09,158.22,159.71,155.24,155.74,22606
2018-09-10,154.25,154.75,153.26,154.25,28084
2018-09-11,153.76,157.72,153.76,156.24,20204
2018-09-12,154.75,162.19,154.75,161.2,39951
2018-09-13,161.2,167.15,161.2,164.17,90634
2018-09-16,167.15,169.63,164.17,166.65,106397
2018-09-17,165.66,167.64,164.17,165.16,38645
2018-09-18,164.17,165.16,161.69,161.69,15928
2018-09-20,166.16,166.16,162.68,163.18,25217
2018-09-23,163.18,166.65,163.18,165.66,24613
2018-09-25,165.66,173.1,165.66,170.62,120303
2018-09-26,167.15,174.59,167.15,169.63,53239
2018-09-27,167.64,170.12,167.15,168.64,18935
2018-09-30,167.64,168.14,164.17,166.65,20586
2018-10-01,166.16,166.65,162.68,162.68,25588
2018-10-02,163.68,164.67,161.69,163.18,13273
2018-10-03,161.69,163.68,160.7,161.2,24690
2018-10-04,161.2,164.17,159.71,160.2,26060
2018-10-07,159.71,160.7,158.72,160.2,25157
2018-10-08,161.2,161.69,159.71,160.7,20625
2018-10-09,160.7,161.2,158.72,158.72,17100
2018-10-10,158.22,159.21,158.22,158.72,11748
2018-10-11,158.72,162.68,158.72,162.68,12955
2018-10-14,164.67,166.16,162.68,166.16,27995
2018-10-15,166.16,166.65,164.17,164.67,20950
2018-10-21,165.16,167.64,165.16,167.15,14197
2018-10-22,167.64,167.64,164.67,167.15,6602
2018-10-23,168.14,168.14,166.16,166.16,9441
2018-10-24,166.65,167.64,165.66,167.64,17192
2018-10-25,168.14,168.14,165.66,166.16,14869
2018-10-28,164.67,165.66,164.17,164.17,14101
2018-10-29,164.17,164.17,161.69,162.19,14529
2018-10-30,162.19,165.16,161.69,165.16,10449
2018-10-31,162.68,164.67,162.68,164.67,5600
2018-11-01,162.68,164.17,162.19,163.68,10154
2018-11-04,161.69,162.68,161.2,161.2,9391
2018-11-05,158.22,165.66,158.22,163.68,9110
2018-11-14,164.67,164.67,163.68,164.67,6457
2018-11-15,164.67,166.65,164.17,166.16,20730
2018-11-18,166.16,166.16,163.68,163.68,5951
2018-11-19,164.17,164.17,162.19,163.18,6603
2018-11-20,162.68,163.68,161.69,161.69,8917
2018-11-21,161.69,161.69,160.2,161.2,7936
2018-11-22,161.2,162.68,160.7,161.2,4118
2018-11-25,161.2,161.2,159.21,159.21,6637
2018-11-26,159.21,161.2,157.72,159.71,14716
2018-11-27,159.71,160.7,159.21,160.2,7443
2018-11-28,160.06,161.2,158.72,159.71,6554
2018-11-29,158.99,159.21,157.23,157.23,11040
2018-12-02,157.23,157.23,154.75,156.24,23727
2018-12-03,156.24,158.72,155.24,156.24,10076
2018-12-04,156.24,158.22,156.24,157.72,6203
2018-12-06,154.75,156.24,153.76,156.24,7716
2018-12-09,156.24,156.24,153.76,155.24,7237
2018-12-10,155.24,158.22,155.24,157.23,5827
2018-12-11,157.23,157.72,155.74,157.72,3782
2018-12-12,157.72,158.22,156.24,157.23,19107
2018-12-13,157.23,159.71,157.23,158.72,17006
2018-12-16,158.72,162.19,158.72,161.2,23119
2018-12-17,161.2,163.18,159.21,163.18,12821
2018-12-18,163.18,163.18,159.21,160.7,17191
2018-12-19,160.7,161.2,158.22,160.7,10360
2018-12-20,160.7,165.16,160.7,164.17,55462
2018-12-23,164.17,173.6,164.17,168.64,86281
2018-12-24,168.64,171.12,165.66,167.64,33377
2018-12-25,167.64,168.14,166.16,167.64,8428
2018-12-26,167.64,171.61,167.64,170.62,54439
2018-12-27,170.62,171.12,168.64,169.13,36710
2018-12-30,169.13,170.12,167.64,168.64,12031
2018-12-31,168.64,168.64,167.15,167.64,11556
2019-01-01,167.64,170.62,165.66,165.66,12856
2019-01-02,165.66,166.65,164.17,166.16,7491
2019-01-03,166.16,167.64,164.67,165.16,5040
2019-01-06,165.16,166.16,163.18,163.18,22628
2019-01-07,163.18,167.64,163.18,167.64,8315
2019-01-08,167.64,167.64,165.16,166.65,7741
2019-01-09,166.65,166.65,164.17,164.17,11633
2019-01-10,164.17,166.16,164.17,165.66,16997
2019-01-13,165.66,166.16,163.68,163.68,10262
2019-01-14,163.68,165.16,162.68,162.68,3894
2019-01-15,162.68,165.16,162.68,163.18,14981
2019-01-16,163.18,163.68,161.69,162.19,8803
2019-01-17,162.19,162.68,161.2,162.68,14432
2019-01-20,162.68,163.68,160.2,161.69,2057
2019-01-21,161.69,161.69,159.71,161.2,6922
2019-01-22,161.2,161.2,159.71,160.7,24115
2019-01-23,160.7,161.2,160.7,160.7,3977
2019-01-24,160.7,161.69,160.7,161.69,10729
2019-01-27,161.69,161.69,158.72,161.2,10850
2019-01-28,161.2,161.69,159.71,161.2,22642
2019-01-29,161.2,161.2,160.2,160.7,22596
2019-01-30,160.7,160.7,158.72,159.21,25680
2019-01-31,159.21,159.71,158.22,158.72,18401
2019-02-03,159.71,159.71,156.73,157.72,14524
2019-02-04,157.72,158.72,156.73,156.73,29221
2019-02-05,156.73,160.7,155.74,160.7,7927
2019-02-06,157.72,160.7,157.23,157.23,12495
2019-02-07,156.73,159.71,155.74,157.23,13470
2019-02-10,159.21,159.71,155.74,155.74,19892
2019-02-11,155.24,158.72,155.24,156.73,7309
2019-02-12,156.73,157.72,156.24,156.24,13455
2019-02-13,157.23,157.23,155.24,155.74,12444
2019-02-14,155.24,155.74,153.26,154.75,9867
2019-02-17,157.72,157.72,153.26,153.26,9588
2019-02-18,153.26,153.26,151.77,151.77,11054
2019-02-19,153.26,155.24,151.77,155.24,13421
2019-02-20,156.24,156.24,152.76,153.26,7738
2019-02-21,155.24,155.24,152.27,153.26,4994
2019-02-24,153.26,153.26,149.79,151.28,11991
2019-02-25,151.28,152.76,150.28,152.27,13893
2019-02-26,152.27,152.27,150.28,150.78,10313
2019-02-27,150.78,153.26,150.78,151.77,13990
2019-03-03,151.77,152.76,150.28,151.28,15552
2019-03-05,151.28,152.27,150.78,151.77,16621
2019-03-06,153.26,153.26,151.28,152.76,10152
2019-03-07,153.76,154.75,152.76,154.75,12191
2019-03-09,154.75,154.75,152.76,154.75,4266
2019-03-10,154.75,154.75,152.76,154.75,4266
2019-03-11,155.74,157.72,154.25,156.73,18318
2019-03-12,157.23,159.71,156.73,159.71,32710
2019-03-13,157.72,161.2,157.72,158.72,16531
2019-03-14,157.72,160.2,156.73,158.72,29144
2019-03-17,158.72,161.2,157.72,160.7,24253
2019-03-18,159.21,160.7,156.73,157.72,14419
2019-03-19,157.72,157.72,156.73,157.72,2472
2019-03-21,158.72,158.72,156.24,157.23,11194
2019-03-24,158.22,158.22,154.75,157.72,10349
2019-03-25,155.74,157.23,155.74,156.73,5142
2019-03-26,156.73,158.72,155.24,158.22,20295
2019-03-27,158.22,159.21,157.72,158.72,16556
2019-03-28,158.72,158.72,156.73,157.72,9512
2019-03-31,157.23,158.22,156.24,157.72,11000
2019-04-01,154.75,159.71,157.23,158.72,31034
2019-04-02,159.71,162.19,158.72,161.2,50430
2019-04-03,161.69,162.68,160.2,160.7,60448
2019-04-04,160.2,161.69,159.71,160.2,18343
2019-04-07,160.2,167.64,159.71,163.68,62106
2019-04-08,163.68,166.65,163.68,164.67,59046
2019-04-09,165.16,165.16,162.68,162.68,46081
2019-04-10,161.69,165.16,161.69,163.68,14422
2019-04-11,163.68,165.16,163.68,163.68,22566
2019-04-15,163.68,166.65,163.68,164.17,5021
2019-04-16,166.16,169.13,165.16,169.13,43560
2019-04-17,169.13,172.11,167.64,169.13,61429
2019-04-18,168.64,172.11,168.64,172.11,47905
2019-04-21,173.6,174.09,171.12,173.6,55003
2019-04-22,176.08,177.07,170.62,171.61,72652
2019-04-23,173.1,175.08,169.63,170.62,25113
2019-04-24,169.13,180.54,169.13,180.04,88548
2019-04-25,181.04,182.52,178.06,180.04,60892
2019-04-28,180.54,183.52,178.06,178.56,214406
2019-04-29,177.56,178.56,174.09,177.56,49371
2019-04-30,177.56,177.56,175.08,175.08,44064
2019-05-02,174.59,176.57,174.09,176.08,25823
2019-05-05,174.59,175.08,173.6,173.6,24973
2019-05-06,176.57,177.56,173.1,177.07,24179
2019-05-07,179.05,179.05,176.08,177.07,20581
2019-05-08,178.56,178.56,175.58,175.58,27955
2019-05-09,178.56,178.56,175.08,176.08,30210
2019-05-12,175.08,176.08,173.6,176.08,21038
2019-05-13,176.08,185.5,176.08,184.51,169691
2019-05-14,185.5,189.96,183.52,188.97,128508
2019-05-15,188.48,190.96,184.51,187.98,98503
2019-05-16,196.91,196.91,184.01,186.99,78999
2019-05-19,186.99,186.99,181.04,183.02,45649
2019-05-20,183.52,183.52,180.54,181.53,44565
2019-05-21,181.53,182.03,179.55,180.04,67717
2019-05-22,181.04,183.52,180.04,183.52,174150
2019-05-23,181.81,185.84,181.81,183.54,40832
2019-05-26,185.84,192.17,179.51,180.08,33503
2019-05-27,179.51,179.51,177.78,178.36,17343
2019-05-28,178.36,179.51,177.78,178.36,10920
2019-05-29,179.51,179.51,176.63,177.78,18975
2019-05-30,181.23,184.69,178.36,178.36,43962
2019-06-02,178.93,179.51,176.63,176.63,32103
2019-06-03,176.63,177.21,174.91,175.48,5919
2019-06-04,174.33,175.48,173.75,173.75,18040
2019-06-06,182.38,182.38,171.45,172.6,29944
2019-06-10,172.6,173.75,169.73,170.3,22821
2019-06-11,172.6,172.6,169.15,172.03,13256
2019-06-12,169.73,170.3,168.0,168.58,14871
2019-06-13,167.43,168.58,166.85,168.0,7439
2019-06-16,170.88,170.88,165.7,167.43,23682
2019-06-17,165.7,166.85,164.55,166.85,13195
2019-06-18,166.85,166.85,164.55,164.55,19585
2019-06-19,164.55,166.27,163.97,164.55,19843
2019-06-20,164.55,166.85,164.55,165.7,13314
2019-06-23,166.27,168.58,164.55,164.55,12383
2019-06-24,165.7,165.7,163.97,164.55,20380
2019-06-25,164.55,166.85,163.97,165.12,19462
2019-06-26,165.7,165.7,164.55,165.12,5662
2019-06-27,163.97,166.85,163.4,163.4,15368
2019-06-30,162.82,162.82,158.22,158.22,27186
2019-07-01,159.37,159.95,156.49,157.07,18322
2019-07-02,155.92,161.1,155.92,161.1,46130
2019-07-03,161.1,164.55,158.22,163.97,12495
2019-07-04,163.97,166.27,161.67,163.4,14437
2019-07-07,162.82,163.4,158.22,158.22,15833
2019-07-08,157.07,158.22,156.49,158.22,12103
2019-07-09,158.8,158.8,157.07,157.64,16818
2019-07-10,156.49,158.8,155.92,157.64,16518
2019-07-11,157.64,158.22,156.49,158.22,13541
2019-07-14,158.22,158.22,156.49,157.07,2282
2019-07-15,157.64,159.37,157.07,157.07,21109
2019-07-16,164.55,164.55,157.07,159.95,15411
2019-07-17,159.37,165.12,159.37,163.4,10277
2019-07-18,163.4,165.7,160.52,163.97,12995
2019-07-21,163.97,163.97,161.1,163.97,6228
2019-07-22,166.85,166.85,161.1,165.7,3624
2019-07-23,166.85,168.0,165.12,168.0,15025
2019-07-24,168.58,168.58,165.7,167.43,11274
2019-07-25,168.0,168.0,161.67,165.7,13542
2019-07-28,163.4,163.4,160.52,163.4,10278
2019-07-29,164.55,164.55,161.67,162.25,2518
2019-07-30,161.67,163.4,161.67,163.4,4509
2019-07-31,162.82,163.97,162.25,163.4,6494
2019-08-01,163.4,163.4,161.67,162.82,7887
2019-08-04,163.97,163.97,161.1,161.67,6242
2019-08-05,161.1,162.25,160.52,161.1,6358
2019-08-06,161.1,161.1,159.37,159.95,11577
2019-08-07,158.22,161.67,156.49,160.52,8674
2019-08-08,160.52,161.67,158.22,159.37,10819
2019-08-11,159.95,161.1,157.07,158.22,7570
2019-08-12,157.64,159.37,157.07,157.64,10146
2019-08-13,158.22,158.22,156.49,157.64,8973
2019-08-14,156.49,159.37,156.49,158.22,8545
2019-08-15,157.64,160.52,157.64,158.8,5024
2019-08-18,158.8,159.37,158.22,158.8,38803
2019-08-19,159.37,161.1,158.22,159.95,12788
2019-08-20,159.37,159.37,158.22,158.8,11267
2019-08-21,158.8,159.95,158.22,159.37,4251
2019-08-22,159.37,159.95,158.8,159.37,7740
2019-08-25,159.37,159.37,157.07,158.22,7351
2019-08-26,157.07,158.8,157.07,157.64,13592
2019-08-27,158.22,159.37,157.64,158.22,6717
2019-08-28,157.64,158.8,157.64,158.22,13063
2019-08-29,158.22,158.8,157.07,158.22,8097
2019-09-01,158.22,158.8,157.07,157.07,22994
2019-09-02,155.92,157.64,153.04,153.62,21073
2019-09-03,152.47,155.92,151.32,155.92,31969
2019-09-04,157.64,159.37,154.19,157.07,12897
2019-09-05,157.07,158.8,157.07,157.07,6883
2019-09-08,157.64,157.64,155.34,155.34,5892
2019-09-09,154.77,155.34,153.62,154.19,4097
2019-09-10,154.19,155.34,154.19,154.19,6775
2019-09-11,154.19,154.77,154.19,154.19,4026
2019-09-12,154.19,154.19,152.47,153.62,7596
2019-09-15,152.47,153.04,150.17,150.17,9156
2019-09-16,149.59,150.17,147.29,147.86,13505
2019-09-17,149.59,154.77,147.86,150.17,7779
2019-09-18,153.04,155.34,151.89,154.77,8177
2019-09-19,155.92,156.49,153.62,153.62,15304
2019-09-22,151.32,151.89,150.74,150.74,7675
2019-09-23,150.74,151.89,148.44,151.32,8230
2019-09-24,151.89,152.47,149.01,151.32,4248
2019-09-26,150.17,151.89,149.59,150.17,10717
2019-09-29,149.59,150.74,149.59,149.59,3718
2019-09-30,146.71,154.19,149.59,152.47,3753
2019-10-01,153.04,155.92,153.04,153.62,8131
2019-10-02,156.49,156.49,153.62,154.77,5118
2019-10-03,155.34,155.92,152.47,154.77,8044
2019-10-10,151.89,159.37,150.74,154.19,3509
2019-10-14,153.04,153.62,151.32,151.32,26174
2019-10-15,150.74,153.04,150.74,151.89,8752
2019-10-16,150.74,154.19,150.74,152.47,4451
2019-10-17,151.89,153.04,150.74,150.74,20907
2019-10-20,151.89,152.47,150.74,151.89,5285
2019-10-21,151.32,153.62,150.74,152.47,3958
2019-10-22,152.47,153.62,151.89,153.62,21242
2019-10-23,154.77,154.77,152.47,152.47,8236
2019-10-24,151.89,153.62,151.32,152.47,20869
2019-10-31,152.47,155.34,151.32,151.32,18711
2019-11-03,150.74,151.89,150.17,150.17,9308
2019-11-04,151.32,151.89,150.17,150.17,8002
2019-11-05,151.32,151.89,149.59,149.59,23706
2019-11-06,150.74,151.32,150.17,151.32,5659
2019-11-07,154.19,154.19,150.17,150.74,6159
2019-11-10,153.62,153.62,150.17,150.74,7595
2019-11-11,153.62,154.77,151.32,154.77,13313
2019-11-12,156.49,157.64,151.32,154.19,34177
2019-11-13,154.19,154.77,153.04,154.77,25882
2019-11-14,154.77,156.49,154.77,155.34,13646
2019-11-17,155.92,158.22,153.62,153.62,41842
2019-11-18,154.19,156.49,154.19,156.49,22173
2019-11-19,156.49,158.22,156.49,157.64,16381
2019-11-20,158.22,161.67,158.22,158.8,44242
2019-11-21,158.22,159.37,157.07,158.8,27694
2019-11-24,158.8,158.8,156.49,157.07,20223
2019-11-25,157.64,159.95,155.34,155.92,36620
2019-11-26,157.64,157.64,156.49,157.07,14437
2019-11-27,156.49,157.64,156.49,157.07,12440
2019-11-28,157.64,158.22,156.49,157.07,17325
2019-12-01,157.07,157.64,155.34,155.92,24822
2019-12-02,155.34,156.49,154.77,154.77,19738
2019-12-03,155.34,155.92,154.77,155.34,14184
2019-12-04,158.22,160.52,154.77,155.34,9761
2019-12-05,155.92,157.64,155.92,155.92,15284
2019-12-08,156.49,157.64,155.92,157.07,11187
2019-12-09,157.07,159.37,155.92,158.22,11352
2019-12-10,159.95,159.95,158.22,158.8,14437
2019-12-11,159.37,160.52,158.8,160.52,12279
2019-12-12,162.82,163.4,159.95,161.67,25451
2019-12-15,161.1,164.55,161.1,163.4,8756
2019-12-16,162.25,163.97,160.52,160.52,31957
2019-12-17,160.52,160.52,158.8,158.8,9952
2019-12-18,159.95,160.52,158.8,160.52,11009
2019-12-19,160.52,161.1,158.8,161.1,111182
2019-12-22,161.67,162.25,161.1,161.1,10544
2019-12-23,162.82,162.82,160.52,161.1,9971
2019-12-24,161.1,162.25,161.1,161.1,27215
2019-12-25,161.67,161.67,159.37,160.52,165021
2019-12-26,161.1,162.25,159.95,161.1,19073
2019-12-29,161.1,161.1,159.95,160.52,72244
2019-12-30,160.18,160.52,156.84,158.17,20643
2019-12-31,160.18,160.18,156.17,156.84,8522
2020-01-01,156.84,158.84,156.84,157.51,5468
2020-01-02,157.51,158.17,156.84,156.84,7058
2020-01-05,155.5,160.18,155.5,160.18,13795
2020-01-06,161.51,165.52,161.51,163.51,16990
2020-01-07,163.51,168.19,163.51,166.85,27960
2020-01-08,166.85,168.85,164.85,166.85,13631
2020-01-09,164.85,166.85,164.18,165.52,16734
2020-01-12,166.85,170.19,165.52,170.19,19507
2020-01-13,172.86,180.2,170.85,175.53,159773
2020-01-14,176.86,176.86,172.86,173.52,21293
2020-01-15,173.52,180.2,173.52,180.2,55286
2020-01-16,183.54,191.54,182.2,188.21,138623
2020-01-19,191.54,193.55,188.21,189.54,105361
2020-01-20,189.54,190.88,180.87,183.54,58455
2020-01-21,183.54,185.54,180.2,182.87,51765
2020-01-22,184.2,184.87,179.53,180.87,27743
2020-01-23,184.2,184.2,176.86,178.2,23693
2020-01-26,180.87,180.87,174.86,177.53,29587
2020-01-27,175.53,180.2,175.53,180.2,9381
2020-01-28,183.54,183.54,180.2,183.54,39302
2020-01-29,186.87,186.87,178.2,179.53,26276
2020-01-30,182.2,185.54,178.2,182.2,55461
2020-02-02,185.54,191.54,185.54,189.54,128066
2020-02-03,190.21,192.21,188.21,190.21,82232
2020-02-04,190.21,190.88,186.87,188.87,43304
2020-02-05,186.87,188.87,186.2,188.21,32098
2020-02-06,188.21,189.54,184.87,184.87,41046
2020-02-09,184.87,186.87,180.2,186.87,48441
2020-02-10,186.2,186.2,182.87,183.54,23299
2020-02-11,183.54,188.21,181.53,186.2,39997
2020-02-12,187.54,189.54,183.54,186.2,25222
2020-02-13,187.54,187.54,182.87,182.87,39815
2020-02-16,186.2,186.87,182.2,185.54,44491
2020-02-17,188.87,192.21,185.54,189.54,98326
2020-02-18,192.88,194.21,188.87,190.21,88623
2020-02-19,189.54,193.55,188.87,191.54,83724
2020-02-20,191.54,195.55,190.88,192.21,111683
2020-02-23,194.88,210.9,194.21,206.89,234341
2020-02-24,206.89,222.91,208.23,212.23,197984
2020-02-25,214.24,214.9,208.23,211.57,102585
2020-02-26,215.57,220.24,212.23,219.58,141821
2020-02-27,216.91,230.25,210.9,223.58,238135
2020-03-01,223.58,234.93,222.91,222.91,217121
2020-03-02,225.58,225.58,209.56,209.56,132614
2020-03-03,209.56,219.58,194.88,209.56,142651
2020-03-04,208.9,213.57,202.22,202.22,110526
2020-03-05,198.89,207.56,198.22,200.89,87606
2020-03-10,196.88,199.55,190.88,192.88,51213
2020-03-11,196.22,204.22,190.21,198.89,161625
2020-03-12,200.22,202.89,190.21,191.54,119834
2020-03-15,191.54,192.21,185.54,185.54,90547
2020-03-16,183.54,191.54,181.53,185.54,66785
2020-03-17,185.54,185.54,180.2,180.87,78402
2020-03-18,178.2,182.2,172.86,176.19,67512
2020-03-19,171.52,182.87,163.51,176.19,81674
2020-03-22,174.19,174.19,166.18,168.19,33352
2020-05-12,164.85,164.85,163.51,163.51,310
2020-06-29,160.84,160.84,147.5,155.5,39260
2020-06-30,155.5,162.18,155.5,161.51,9841
2020-07-01,162.18,172.86,162.18,169.52,16540
2020-07-02,172.86,177.53,152.83,152.83,23561
2020-07-05,154.84,160.84,151.5,154.17,64685
2020-07-06,154.17,160.84,152.17,157.51,51876
2020-07-07,160.18,169.52,146.29,166.18,107194
2020-07-08,166.18,170.19,162.85,165.52,37231
2020-07-09,164.85,170.85,162.85,170.19,40240
2020-07-12,170.85,175.53,166.18,166.85,57791
2020-07-13,170.19,172.19,166.85,168.19,50013
2020-07-14,166.85,169.52,166.85,168.19,34171
2020-07-15,170.85,173.52,168.85,170.19,36890
2020-07-16,172.86,178.86,172.86,178.86,58738
2020-07-19,182.2,192.21,182.2,192.21,1060
2020-07-20,201.56,210.9,186.87,195.55,243058
2020-07-21,196.88,199.55,190.21,190.21,100567
2020-07-22,191.54,193.55,186.87,187.54,74878
2020-07-23,184.87,188.87,183.54,188.21,63471
2020-07-26,188.21,192.21,185.54,189.54,69893
2020-07-27,189.54,193.55,186.87,189.54,98139
2020-07-28,192.21,193.55,186.87,189.54,45079
2020-07-29,186.87,188.87,186.2,186.2,70413
2020-07-30,185.54,187.54,182.87,186.87,66300
2020-08-02,185.54,185.54,176.86,178.86,85827
2020-08-03,176.86,182.87,172.19,179.53,33914
2020-08-05,180.2,180.2,173.52,176.19,59580
2020-08-06,175.53,176.19,172.86,173.52,50179
2020-08-09,174.86,175.53,171.52,175.53,67141
2020-08-10,178.86,181.53,175.53,180.2,83057
2020-08-11,183.54,183.54,179.53,180.2,59823
2020-08-12,180.2,181.53,178.86,180.87,38076
2020-08-13,178.86,180.87,178.86,178.86,36352
2020-08-16,178.86,182.2,176.19,180.2,126215
2020-08-17,180.2,184.2,179.53,183.54,64669
2020-08-18,183.54,186.2,183.54,184.87,94988
2020-08-19,188.21,188.21,178.2,181.53,53704
2020-08-20,180.2,182.2,178.86,181.53,25387
2020-08-23,182.2,182.87,179.53,182.87,25081
2020-08-24,183.54,186.87,181.53,186.87,75789
2020-08-25,188.87,189.54,186.2,187.54,93355
2020-08-26,190.21,194.88,186.87,190.88,109326
2020-08-27,194.21,194.21,189.54,190.21,73116
2020-08-30,190.21,192.88,186.87,190.21,37843
2020-08-31,191.54,191.54,187.54,189.54,67271
2020-09-02,190.88,193.55,189.54,190.21,94560
2020-09-03,199.55,199.55,188.87,190.88,95315
2020-09-06,196.88,200.22,188.21,188.21,110768
2020-09-07,188.87,188.87,184.2,185.54,73791
2020-09-08,184.87,185.54,182.2,183.54,61253
2020-09-09,183.54,185.54,182.87,183.54,40924
2020-09-10,183.54,187.54,183.54,185.54,57708
2020-09-13,182.87,188.21,182.87,186.87,73039
2020-09-14,186.87,193.55,186.87,189.54,116855
2020-09-15,191.54,192.88,186.87,187.54,62704
2020-09-16,190.21,190.21,186.87,188.21,36648
2020-09-17,188.21,196.88,186.87,194.21,132598
2020-09-20,203.56,203.56,193.55,199.55,174156
2020-09-21,196.88,200.22,195.55,196.88,133887
2020-09-22,196.88,197.55,190.21,192.21,92294
2020-09-23,193.55,193.55,190.88,192.21,45551
2020-09-24,191.54,192.21,190.21,191.54,67246
2020-09-27,191.54,199.55,190.88,193.55,110079
2020-09-28,193.55,197.55,192.88,193.55,77444
2020-09-29,194.21,196.22,190.21,190.88,46853
2020-09-30,200.22,200.22,188.87,190.88,58060
2020-10-01,190.88,194.88,190.88,194.88,83947
2020-10-04,198.22,200.22,194.88,196.88,84885
2020-10-05,196.88,198.22,194.88,195.55,50159
2020-10-06,193.55,196.22,193.55,194.21,36188
2020-10-07,193.55,197.55,193.55,197.55,108025
2020-10-08,198.22,200.22,192.88,193.55,81704
2020-10-11,195.55,195.55,190.88,192.88,48619
2020-10-12,193.55,193.55,190.21,192.21,38496
2020-10-13,192.21,193.55,191.54,192.21,45958
2020-10-14,191.54,193.55,190.21,191.54,32428
2020-10-15,193.55,194.88,190.21,191.54,118394
2020-10-18,192.21,192.88,190.21,190.88,46614
2020-10-19,191.54,192.21,190.21,192.21,23247
2020-10-20,195.55,195.55,192.21,192.88,21376
2020-10-21,200.22,200.22,193.55,196.22,58706
2020-10-22,198.89,204.22,197.55,202.22,264311
2020-10-28,203.56,222.24,203.56,222.24,540824
2020-10-29,226.92,229.59,218.91,222.91,410848
2020-11-01,222.91,229.59,220.91,228.25,466755
2020-11-02,228.25,231.59,224.91,230.25,360890
2020-11-03,230.25,232.92,227.58,227.58,234003
2020-11-04,222.24,231.59,222.24,230.92,263974
2020-11-05,240.26,242.27,233.59,234.26,589728
2020-11-08,236.93,236.93,229.59,230.92,213012
2020-11-09,230.92,232.26,225.58,225.58,150100
2020-11-10,236.26,236.26,226.25,227.58,141470
2020-11-11,228.25,232.92,227.58,231.59,139191
2020-11-12,233.59,233.59,230.92,230.92,129561
2020-11-18,233.59,240.26,232.92,233.59,189120
2020-11-19,238.26,238.26,231.59,232.92,142539
2020-11-22,236.93,246.94,234.93,242.93,417521
2020-11-23,246.27,256.95,243.6,254.28,456664
2020-11-24,254.95,260.95,253.61,260.95,243397
2020-11-25,264.96,265.63,258.95,264.29,148771
2020-11-26,266.96,271.63,259.62,265.63,407324
2020-11-29,266.96,290.99,265.63,282.98,445068
2020-11-30,286.98,289.65,266.96,272.3,400061
2020-12-01,273.63,274.3,261.62,262.96,364905
2020-12-02,266.96,268.96,258.28,262.96,210581
2020-12-03,266.29,277.64,263.62,275.64,550156
2020-12-06,275.64,278.31,261.62,262.29,226943
2020-12-07,262.29,273.63,258.28,266.96,177942
2020-12-08,280.31,280.31,261.62,263.62,116846
2020-12-09,259.62,266.96,256.95,258.28,130577
2020-12-10,254.95,260.95,254.95,256.95,100356
2020-12-13,269.63,269.63,254.28,267.63,139608
2020-12-14,269.63,274.3,267.63,272.97,272901
2020-12-15,286.32,286.32,269.63,270.3,123805
2020-12-16,283.65,283.65,263.62,274.97,265020
2020-12-17,273.63,276.97,267.63,271.63,162011
2020-12-20,266.29,276.97,257.62,262.29,325747
2020-12-21,249.61,270.3,249.61,266.96,288726
2020-12-22,267.63,284.31,267.63,281.64,476589
2020-12-23,286.98,293.66,280.31,284.31,319621
2020-12-24,285.65,285.65,276.97,279.64,138484
2020-12-27,280.31,280.31,272.3,273.63,120693
2020-12-28,273.63,278.97,266.96,272.97,220285
2020-12-29,270.3,275.64,269.63,272.97,122596
2020-12-30,270.3,284.31,270.3,283.65,359277
2020-12-31,286.98,286.98,280.98,284.31,360868
2021-01-03,286.98,312.34,286.32,312.34,1118100
2021-01-04,327.73,328.49,307.0,312.38,298594
2021-01-05,312.38,312.38,305.47,306.24,148221
2021-01-06,306.24,310.07,303.93,307.77,167716
2021-01-07,313.91,318.52,311.61,313.91,207973
2021-01-10,316.98,344.61,316.98,340.78,472081
2021-01-11,345.38,351.52,330.8,334.64,321824
2021-01-12,337.71,338.47,330.03,333.87,176874
2021-01-13,349.99,349.99,336.17,339.24,308865
2021-01-17,340.78,346.15,337.71,338.47,141933
2021-01-18,340.78,342.31,336.94,340.01,168424
2021-01-19,340.78,343.08,334.64,339.24,182096
2021-01-20,339.24,342.31,334.64,337.71,148376
2021-01-21,342.31,342.31,334.64,336.17,122390
2021-01-24,340.78,364.57,338.47,355.36,499864
2021-01-25,360.73,368.41,349.99,363.8,276786
2021-01-26,366.87,368.41,353.82,355.36,178847
2021-01-27,358.43,369.94,349.99,356.89,810899
2021-01-28,360.73,363.8,345.38,350.75,301051
2021-01-31,346.92,348.45,336.94,339.24,426922
2021-02-01,345.38,346.15,340.01,343.08,204036
2021-02-02,345.38,349.22,341.54,343.85,189104
2021-02-03,347.68,355.36,346.15,349.22,342116
2021-02-04,366.1,366.1,341.54,345.38,115552
2021-02-07,352.29,352.29,340.78,343.08,199332
2021-02-08,353.06,356.13,340.78,354.59,342810
2021-02-09,359.2,362.27,346.92,351.52,132617
2021-02-10,356.89,359.96,343.85,354.59,193146
2021-02-11,356.89,365.34,356.13,358.43,344149
2021-02-14,360.73,363.8,350.75,353.06,121398
2021-02-15,356.89,361.5,351.52,359.2,266035
2021-02-16,359.2,373.01,359.2,365.34,305953
2021-02-17,368.41,379.92,358.43,366.87,212179
2021-02-18,365.34,369.94,363.03,368.41,224965
2021-02-21,372.24,372.24,366.1,368.41,210584
2021-02-22,368.41,368.41,354.59,356.13,146108
2021-02-23,356.13,359.2,344.61,359.2,241727
2021-02-24,360.73,371.48,349.99,359.96,124906
2021-02-25,353.06,356.89,346.92,350.75,106551
2021-02-28,354.59,356.89,334.64,334.64,201439
2021-03-01,340.78,342.31,329.26,340.01,105401
2021-03-02,344.61,344.61,326.19,330.03,155147
2021-03-03,313.91,330.03,313.91,325.42,156847
2021-03-04,330.03,343.08,330.03,342.31,135291
2021-03-08,342.31,343.85,337.71,338.47,116996
2021-03-09,337.71,337.71,333.1,334.64,66177
2021-03-10,336.94,336.94,330.8,334.64,54184
2021-03-14,334.64,334.64,324.66,326.96,122874
2021-03-15,322.35,330.03,318.52,323.89,89015
2021-03-16,322.35,325.42,315.45,322.35,132153
2021-03-17,322.35,324.66,314.68,324.66,106283
2021-03-18,324.66,332.33,324.66,328.49,64084
2021-03-21,344.61,344.61,326.96,333.87,80869
2021-03-22,337.71,338.47,328.49,334.64,87843
2021-03-23,330.03,333.1,328.49,333.1,81036
2021-03-24,333.1,340.01,330.03,340.01,100060
2021-03-25,342.31,342.31,330.03,332.33,55500
2021-03-29,332.33,332.33,327.73,330.03,35217
2021-03-30,326.19,331.56,326.19,330.03,51065
2021-03-31,337.71,337.71,328.49,335.4,78074
2021-04-01,340.78,341.54,335.4,336.17,82803
2021-04-04,342.31,343.85,337.71,338.47,67983
2021-04-05,338.47,339.24,334.64,336.94,85930
2021-04-06,333.87,337.71,333.87,336.94,65474
2021-04-07,336.94,338.47,336.17,336.17,44081
2021-04-08,333.87,337.71,333.87,335.4,45479
2021-04-12,337.71,338.47,334.64,336.94,61266
2021-04-13,338.47,346.92,336.17,346.15,159917
2021-04-15,349.22,353.82,346.92,353.82,177352
2021-04-18,371.48,371.48,343.08,343.85,104916
2021-04-19,346.15,346.15,333.87,337.71,127549
2021-04-20,339.24,339.24,333.87,337.71,75743
2021-04-21,336.17,339.24,330.8,333.1,74836
2021-04-22,330.8,334.64,328.49,332.33,60597
2021-04-25,332.33,332.33,322.35,324.66,111488
2021-04-26,326.19,326.19,316.98,319.28,129570
2021-04-27,323.12,328.49,320.05,328.49,67928
2021-04-28,334.64,334.64,326.19,330.03,82002
2021-04-29,331.56,333.1,327.73,329.26,39551
2021-05-02,341.54,341.54,329.26,337.71,94511
2021-05-03,345.38,345.38,330.8,334.64,86877
2021-05-04,334.64,334.64,327.73,330.8,31948
2021-05-05,346.92,346.92,327.73,332.33,69014
2021-05-06,332.33,338.47,326.19,338.47,60829
2021-05-09,332.33,336.94,329.26,333.1,50619
2021-05-10,331.56,336.17,329.26,333.1,75635
2021-05-11,322.35,335.4,322.35,330.03,86047
2021-05-12,330.03,331.56,326.19,328.49,83003
2021-05-13,328.49,333.87,326.96,330.03,46353
2021-05-16,332.33,336.17,330.03,335.4,94836
2021-05-17,336.94,339.24,333.1,336.17,188948
2021-05-18,336.17,337.71,333.87,335.4,75158
2021-05-19,336.94,349.22,336.17,340.78,117445
2021-05-20,343.08,343.85,336.94,341.54,92506
2021-05-23,341.54,344.61,332.33,344.61,117120
2021-05-24,332.33,357.66,332.33,348.45,322893
2021-05-25,351.52,353.06,341.54,343.85,117149
2021-05-27,343.85,349.22,333.1,346.92,164454
2021-05-30,353.06,353.06,344.61,349.99,224917
2021-05-31,349.99,354.59,345.38,345.38,211098
2021-06-01,343.85,345.38,338.47,343.08,94769
2021-06-02,343.08,346.15,340.78,345.38,121039
2021-06-03,345.38,359.2,344.61,355.36,351617
2021-06-06,372.24,379.92,366.1,369.94,605343
2021-06-07,376.85,382.22,360.73,366.87,414938
2021-06-08,368.41,371.48,361.5,366.87,264286
2021-06-09,372.24,372.24,361.5,363.8,218650
2021-06-10,364.57,364.57,353.82,359.96,201416
2021-06-13,359.96,366.87,353.82,356.89,280039
2021-06-14,357.66,375.31,357.66,371.48,376606
2021-06-15,371.48,378.38,366.87,368.41,269062
2021-06-16,372.24,378.38,364.57,369.17,247563
2021-06-17,370.71,373.78,365.34,368.41,165892
2021-06-20,368.41,369.94,356.89,359.96,177050
2021-06-21,372.24,372.24,350.75,351.52,159889
2021-06-22,360.73,362.27,345.38,362.27,117654
2021-06-23,364.57,366.1,353.06,353.82,110610
2021-06-24,356.89,357.66,349.22,351.52,109271
2021-06-27,356.89,361.5,349.99,360.73,114981
2021-06-28,364.57,368.41,360.73,363.03,123506
2021-06-29,368.41,369.17,356.89,358.43,61534
2021-06-30,356.89,357.66,352.29,354.59,68597
2021-07-01,356.89,359.2,353.82,356.89,82690
2021-07-04,359.96,359.96,353.82,354.59,66128
2021-07-05,356.13,360.73,351.52,353.06,67252
2021-07-06,353.06,355.36,352.29,353.06,49687
2021-07-07,353.06,355.36,352.29,353.06,75031
2021-07-08,353.06,358.43,351.52,358.43,67760
2021-07-11,363.8,368.41,360.73,367.64,131273
2021-07-12,369.94,376.08,363.8,367.64,216398
2021-07-13,364.57,370.71,361.5,368.41,160006
2021-07-14,363.8,369.94,363.8,366.87,57149
2021-07-15,366.87,369.94,366.1,367.64,78065
2021-07-18,368.41,386.67,368.41,384.52,288766
2021-07-19,391.43,399.87,382.22,387.59,227042
2021-07-20,391.43,391.43,381.45,386.83,106157
2021-07-22,386.83,396.8,383.99,391.05,254024
2021-07-25,398.34,406.78,395.35,406.01,278834
2021-07-26,406.78,410.62,394.5,395.27,264856
2021-07-27,387.36,399.87,381.45,395.27,239489
2021-07-28,394.12,399.11,389.9,393.73,222044
2021-07-29,393.73,396.04,388.28,390.66,136093
2021-08-01,392.97,395.27,388.28,389.13,146372
2021-08-02,391.43,391.43,387.59,390.66,85626
2021-08-03,390.66,394.5,389.13,390.66,72769
2021-08-04,395.27,396.8,389.13,391.43,95879
2021-08-05,395.27,395.27,389.51,390.66,78774
2021-08-08,393.73,397.57,390.66,391.51,122819
2021-08-09,392.2,395.27,389.21,390.59,90765
2021-08-10,395.27,402.94,389.13,395.27,192126
2021-08-11,399.11,402.94,390.66,391.43,156294
2021-08-12,391.43,398.34,389.13,395.27,119827
2021-08-15,402.94,411.39,395.27,402.94,498080
2021-08-16,411.0,411.0,399.11,401.41,202401
2021-08-17,405.25,405.25,395.27,399.11,311620
2021-08-18,396.8,405.25,393.73,400.56,194221
2021-08-19,406.78,406.78,395.27,395.65,116010
2021-08-24,403.56,414.46,399.11,399.11,374928
2021-08-25,399.18,401.41,390.66,394.12,158476
2021-08-26,394.12,399.11,392.2,393.73,172563
2021-08-29,399.11,399.87,386.83,388.36,224254
2021-08-31,391.43,391.43,379.92,382.6,221733
2021-09-01,383.76,387.52,380.69,385.29,159382
2021-09-02,385.29,389.9,377.62,379.92,127736
2021-09-05,379.15,379.92,360.73,372.24,178563
2021-09-06,369.94,386.06,365.8,384.52,203835
2021-09-07,384.52,389.13,377.16,382.22,119102
2021-09-08,381.45,381.45,371.48,374.55,91549
2021-09-09,378.38,379.15,372.24,373.78,73412
2021-09-12,381.07,382.22,373.01,379.84,133071
2021-09-13,385.29,386.06,379.15,379.92,113635
2021-09-14,383.76,383.76,376.85,379.15,77386
2021-09-15,379.15,379.92,374.55,377.62,46183
2021-09-16,374.55,376.08,365.03,368.41,137696
2021-09-20,368.41,369.17,353.82,354.59,139009
2021-09-21,349.22,369.94,337.78,359.2,204219
2021-09-22,360.73,371.48,360.73,370.71,158775
2021-09-23,378.08,399.11,376.08,383.76,415560
2021-09-26,391.43,395.27,375.31,378.38,199723
2021-09-27,374.55,375.31,366.87,369.25,82569
2021-09-28,364.57,372.63,360.73,363.8,102778
2021-09-29,370.94,376.08,355.36,376.08,93793
2021-09-30,377.62,377.62,363.88,365.34,89140
2021-10-03,366.1,366.87,356.89,360.73,76330
2021-10-04,354.67,363.8,353.52,358.81,72276
2021-10-05,364.57,365.34,359.2,363.8,57721
2021-10-06,368.41,373.78,366.1,372.17,70687
2021-10-10,372.17,379.15,369.17,371.48,63718
2021-10-11,371.48,375.31,364.57,366.1,66731
2021-10-17,373.01,373.01,360.73,367.64,36364
2021-10-18,369.94,369.94,355.36,358.43,67527
2021-10-19,353.82,353.82,338.47,343.77,100706
2021-10-20,349.99,370.71,347.68,356.89,49186
2021-10-21,357.66,364.57,349.99,360.73,75140
2021-10-24,356.89,359.96,352.29,355.36,51371
2021-10-25,361.5,361.5,355.36,361.5,53495
2021-10-26,361.5,370.71,361.5,368.41,114206
2021-10-27,368.41,374.55,366.1,368.41,70690
2021-10-28,372.24,372.24,366.87,369.17,56027
2021-10-31,369.17,373.78,367.64,368.41,74841
2021-11-01,361.04,372.24,359.2,360.73,94854
2021-11-02,363.42,363.42,356.89,360.73,62476
2021-11-03,361.5,366.95,360.73,364.49,59284
2021-11-08,363.8,368.41,357.66,360.73,44529
2021-11-09,367.95,382.22,361.5,366.41,437988
2021-11-11,368.41,372.24,360.73,363.03,94095
2021-11-14,361.5,364.57,356.89,358.43,63324
2021-11-15,364.57,364.57,357.66,359.89,79457
2021-11-16,365.34,365.34,356.89,360.35,76123
2021-11-17,363.03,365.34,359.96,360.73,53862
2021-11-18,366.79,366.79,357.66,358.04,51189
2021-11-21,358.04,359.96,353.98,355.36,35109
2021-11-22,357.66,359.2,353.06,357.58,41654
2021-11-23,356.13,356.89,353.82,353.82,31187
2021-11-24,353.82,353.82,346.92,352.06,40911
2021-11-25,351.6,354.59,349.22,351.52,47985
2021-11-28,351.6,353.82,346.92,347.68,54441
2021-11-29,352.29,353.06,346.92,351.52,49911
2021-11-30,351.52,353.06,345.53,348.45,42865
2021-12-01,346.92,353.06,346.92,351.52,41681
2021-12-02,353.06,353.06,344.61,347.3,103574
2021-12-05,346.92,346.99,336.94,339.24,79490
2021-12-06,335.4,340.78,326.19,339.24,93876
2021-12-07,345.99,351.52,339.24,340.01,275645
2021-12-08,339.21,339.21,321.14,321.31,99067
2021-12-09,319.62,319.62,306.27,310.54,72587
2021-12-12,305.38,308.94,292.02,292.91,72485
2021-12-13,289.35,292.91,276.0,278.67,100471
2021-12-14,278.67,298.25,278.67,296.47,29681
2021-12-15,301.82,313.3,292.02,296.47,71161
2021-12-16,296.47,296.47,291.13,292.91,48320
2021-12-20,298.7,298.7,284.9,288.46,41010
2021-12-21,293.8,294.16,290.24,292.91,30211
2021-12-22,298.7,309.83,293.89,308.05,69172
2021-12-23,314.19,316.06,299.59,306.53,55715
2021-12-26,311.61,312.32,308.05,311.61,49918
2021-12-27,316.06,316.06,301.99,302.71,58443
2021-12-28,302.71,304.49,294.07,298.17,46094
2021-12-29,301.82,301.82,294.69,297.36,38209
2022-01-02,302.71,302.71,293.8,298.25,65670
2022-01-03,304.22,308.05,297.36,307.16,61211
2022-01-04,307.16,322.2,306.27,321.23,79037
2022-01-05,327.64,327.64,316.95,320.51,71257
2022-01-06,314.1,325.85,314.1,324.07,47157
2022-01-09,330.48,338.23,329.42,334.76,65117
2022-01-10,341.44,341.44,334.76,337.43,93993
2022-01-11,344.11,344.11,332.09,337.78,76413
2022-01-12,344.46,344.46,330.31,330.75,50969
2022-01-13,332.98,335.65,324.96,331.2,53303
2022-01-16,331.2,341.88,332.09,332.98,80095
2022-01-17,336.54,340.99,332.09,334.58,87700
2022-01-18,334.76,343.66,334.76,338.32,178434
2022-01-19,345.09,346.33,338.32,338.32,77328
2022-01-20,338.32,349.0,334.85,341.79,59291
2022-01-23,342.77,342.77,331.2,333.87,54766
2022-01-24,332.98,332.98,318.82,324.96,102636
2022-01-25,320.51,326.75,314.1,320.51,63483
2022-01-26,320.51,320.51,313.39,313.39,40440
2022-01-27,312.59,318.73,311.61,314.28,35661
2022-01-30,320.51,329.42,316.06,324.96,46977
2022-01-31,331.2,331.2,317.84,320.51,26856
2022-02-01,320.51,320.51,314.37,320.42,34702
2022-02-03,322.29,327.19,318.38,319.62,43183
2022-02-06,320.51,325.94,315.26,317.84,35819
2022-02-07,313.39,319.09,313.39,316.06,25817
2022-02-08,322.38,328.53,312.5,313.39,45561
2022-02-09,313.39,313.39,309.83,311.52,21709
2022-02-10,314.28,314.28,308.05,309.83,26462
2022-02-13,306.27,307.16,297.72,299.15,79596
2022-02-14,302.71,304.22,297.36,300.04,20128
2022-02-15,304.49,304.49,298.25,300.04,44681
2022-02-16,304.49,304.49,298.25,299.15,43063
2022-02-17,300.93,300.93,293.89,300.04,66781
2022-02-20,298.25,298.25,293.8,294.34,41446
2022-02-21,295.58,300.93,294.69,300.04,22747
2022-02-22,305.38,305.38,296.47,298.25,39989
2022-02-23,300.21,300.21,293.89,295.58,45278
2022-02-24,293.8,293.8,285.79,289.35,80217
2022-02-27,284.9,290.24,284.01,284.01,49848
2022-02-28,285.79,289.35,280.45,281.34,80272
2022-03-02,280.45,284.9,277.15,280.45,72127
2022-03-06,284.9,284.9,280.45,284.1,33421
2022-03-07,281.07,287.57,281.07,284.81,20734
2022-03-09,284.9,284.9,278.67,280.45,35349
2022-03-10,280.45,283.12,276.0,281.43,28979
2022-03-13,284.9,296.47,284.9,296.3,39733
2022-03-14,301.82,302.17,293.8,293.8,21165
2022-03-15,293.8,296.47,290.24,293.8,30423
2022-03-16,289.8,295.58,289.8,292.02,25509
2022-03-20,292.02,296.47,286.24,289.35,25023
2022-03-21,289.35,289.35,284.99,287.75,33985
2022-03-22,289.8,291.13,286.68,290.24,26716
2022-03-23,289.35,290.24,286.59,288.46,20486
2022-03-24,284.9,288.46,284.19,284.46,41640
2022-03-27,284.9,284.9,279.29,279.56,41139
2022-03-28,277.78,280.45,276.89,277.78,29965
2022-03-29,283.12,283.12,276.89,277.07,22809
2022-03-30,277.07,280.36,275.11,278.67,38829
2022-03-31,283.12,283.12,276.0,277.15,29349
2022-04-03,278.67,278.67,273.33,274.22,27572
2022-04-04,279.65,279.65,271.55,275.11,47026
2022-04-05,280.54,280.54,267.98,269.76,177379
2022-04-06,267.98,268.87,263.53,265.31,58037
2022-04-07,269.76,272.44,265.49,268.87,221014
2022-04-11,268.96,278.67,263.53,265.31,67637
2022-04-12,268.87,268.87,262.38,262.55,35107
2022-04-13,262.64,268.87,262.64,268.87,38142
2022-04-17,274.22,274.22,264.42,267.09,30927
2022-04-18,267.0,267.0,261.93,261.93,40626
2022-04-19,267.09,267.09,258.19,260.86,38009
2022-04-20,266.03,266.03,257.3,259.08,49468
2022-04-21,264.25,264.25,254.63,259.08,58400
2022-04-24,264.25,268.87,257.39,267.98,71487
2022-04-25,273.33,273.33,262.64,266.2,51909
2022-04-26,266.2,268.87,259.97,264.87,19541
2022-04-27,265.31,265.31,260.86,264.87,15346
2022-04-28,270.12,270.12,257.75,263.53,65103
2022-05-02,259.17,261.31,256.41,256.41,36913
2022-05-04,258.19,258.19,253.74,255.07,21222
2022-05-05,256.41,256.41,247.51,250.98,106672
2022-05-08,255.52,255.52,244.84,252.4,47997
2022-05-09,257.39,257.39,251.07,255.52,62212
2022-05-10,255.52,258.19,251.96,257.3,52929
2022-05-11,258.19,259.08,252.94,259.08,78958
2022-05-12,259.97,263.8,255.16,260.86,67614
2022-05-17,265.31,265.31,251.78,251.96,35396
2022-05-18,248.04,253.74,248.04,253.56,38737
2022-05-19,258.19,258.19,248.66,252.85,66460
2022-05-20,252.85,256.41,249.29,251.96,27320
2022-05-23,256.94,256.94,246.62,251.07,70794
2022-05-24,251.07,255.16,247.51,248.84,48120
2022-05-25,253.74,254.27,248.4,251.96,26849
2022-05-26,251.07,255.52,250.27,253.74,52371
2022-05-27,258.19,259.97,249.29,255.52,41934
2022-05-30,255.52,255.52,247.51,252.85,47292
2022-05-31,249.73,249.82,241.45,243.95,83122
2022-06-01,247.86,250.18,239.49,244.84,43789
2022-06-02,247.51,247.51,237.71,242.17,65223
2022-06-03,246.62,246.62,236.82,238.6,31414
2022-06-06,242.17,242.17,230.59,237.71,55031
2022-06-07,237.71,238.6,231.48,235.93,36922
2022-06-08,237.71,243.06,235.04,242.17,80752
2022-06-09,239.49,245.73,239.49,241.27,72651
2022-06-10,244.84,244.84,236.82,242.17,20976
2022-06-13,240.47,240.47,234.15,237.71,44216
2022-06-14,235.93,236.82,231.48,236.82,24578
2022-06-15,233.26,234.15,228.81,231.93,30543
2022-06-16,232.37,234.15,227.03,234.15,41999
2022-06-17,234.15,234.95,229.61,231.48,12758
2022-06-19,227.92,227.92,222.58,225.07,62786
2022-06-20,222.58,222.58,217.24,222.49,63725
2022-06-21,219.02,229.7,218.13,225.87,29572
2022-06-22,226.94,226.94,221.69,222.58,34640
2022-06-23,221.69,221.69,215.54,220.8,39806
2022-06-24,219.02,227.03,215.72,222.4,25363
2022-06-26,226.76,228.81,222.58,226.94,71207
2022-06-27,231.39,231.39,221.24,225.25,52029
2022-06-28,229.61,229.7,218.3,225.25,24482
2022-06-29,229.52,229.52,219.02,224.63,62733
2022-06-30,229.08,229.08,224.36,227.92,64450
2022-07-01,232.28,232.28,225.16,227.03,24457
2022-07-03,223.47,228.81,222.49,227.03,42829
2022-07-04,231.39,231.57,224.45,227.03,129754
2022-07-05,231.39,231.48,222.58,225.25,23742
2022-07-06,229.7,229.7,220.8,227.03,43785
2022-07-07,231.39,231.39,221.69,224.36,68552
2022-07-08,228.72,228.72,217.33,222.13,64617
2022-07-11,221.69,221.69,216.35,218.13,45127
2022-07-12,218.13,218.13,212.34,213.68,66966
2022-07-13,214.57,217.24,212.78,214.57,76647
2022-07-14,218.84,222.58,217.24,221.6,43893
2022-07-15,225.61,235.93,218.13,235.93,53728
2022-07-17,235.93,236.82,222.67,233.97,50235
2022-07-18,233.97,233.97,227.03,232.28,43817
2022-07-19,231.48,240.38,230.77,233.26,56023
2022-07-20,231.57,234.15,230.15,233.26,32033
2022-07-21,233.26,235.93,229.7,235.49,45560
2022-07-22,231.48,235.04,228.9,230.59,19446
2022-07-24,228.81,235.04,227.92,233.26,40452
2022-07-25,233.44,242.08,229.7,235.04,71269
2022-07-26,232.37,235.84,227.92,229.26,56995
2022-07-27,228.9,229.7,225.34,227.92,91909
2022-07-28,228.81,230.59,224.27,227.03,112552
2022-07-29,227.92,229.7,222.85,226.14,41178
2022-07-31,224.36,233.26,222.58,233.26,173315
2022-08-01,236.82,237.71,229.79,233.0,175473
2022-08-02,235.04,235.04,229.7,232.37,66962
2022-08-03,233.26,234.95,224.36,227.03,163745
2022-08-04,227.03,227.03,220.98,221.15,78884
2022-08-05,219.02,220.8,216.88,218.13,54343
2022-08-07,219.91,222.58,215.46,219.02,85497
2022-08-08,220.8,221.51,214.57,219.02,90156
2022-08-09,215.46,218.13,213.41,213.68,61310
2022-08-10,213.68,215.46,211.63,212.61,55738
2022-08-11,212.16,215.46,211.72,213.68,37052
2022-08-14,211.0,213.68,209.22,212.61,63861
2022-08-15,215.46,216.44,209.31,213.59,60103
2022-08-16,212.87,217.77,211.0,211.89,68607
2022-08-17,213.68,213.68,211.0,211.89,37708
2022-08-18,211.89,213.68,210.11,211.89,63791
2022-08-21,215.46,215.9,210.83,213.68,111432
2022-08-22,213.68,215.46,211.89,214.39,349842
2022-08-23,213.68,217.15,211.89,216.88,168433
2022-08-24,219.02,219.91,213.68,216.35,118053
2022-08-25,213.05,216.35,212.52,213.59,49851
2022-08-26,217.77,217.77,210.2,212.7,27056
2022-08-28,211.89,213.68,209.31,210.02,43456
2022-08-29,209.22,211.45,207.71,209.31,42012
2022-08-30,210.11,211.0,207.44,210.83,71366
2022-08-31,210.11,210.92,207.09,209.22,46615
2022-09-01,206.82,209.22,206.55,208.78,36565
2022-09-02,207.0,210.11,206.55,206.55,34159
2022-09-04,205.75,208.78,205.75,208.16,38710
2022-09-05,208.33,209.05,205.93,208.33,35005
2022-09-06,206.55,207.35,204.77,206.55,40124
2022-09-07,205.66,206.55,203.88,206.46,31692
2022-09-08,203.88,204.77,200.32,204.77,129181
2022-09-11,204.77,206.29,200.94,203.7,43432
2022-09-12,202.99,204.5,199.43,202.1,58877
2022-09-13,200.32,203.88,200.32,202.37,47850
2022-09-14,205.93,207.44,201.83,207.18,79301
2022-09-15,206.55,210.11,201.12,203.97,57346
2022-09-16,199.96,205.13,197.65,202.9,26388
2022-09-18,198.9,201.21,195.42,197.65,91601
2022-09-20,194.09,197.65,191.06,193.2,65119
2022-09-21,189.37,194.8,189.37,193.64,49014
2022-09-22,190.97,195.87,190.97,194.09,34621
2022-09-25,190.26,192.31,186.52,190.53,70772
2022-09-27,186.79,194.09,186.79,193.2,30317
2022-09-28,189.37,196.67,189.37,194.09,27709
2022-09-29,190.26,198.54,190.26,198.54,25902
2022-10-09,201.21,202.1,196.76,201.3,66566
2022-10-10,197.29,202.46,197.29,199.88,31944
2022-10-11,200.32,200.32,194.53,195.42,43104
2022-10-12,191.6,198.45,191.6,198.36,56526
2022-10-13,198.36,200.32,192.84,197.65,64645
2022-10-16,193.73,199.43,193.73,196.76,33002
2022-10-17,192.84,198.54,192.84,197.2,73724
2022-10-19,193.29,197.65,193.29,196.58,47055
2022-10-20,196.58,197.56,193.55,196.58,36444
2022-10-23,196.76,200.77,194.98,200.32,28383
2022-10-31,197.65,202.99,197.65,202.01,39880
2022-11-01,205.66,213.32,193.64,210.92,63882
2022-11-02,213.68,216.35,209.4,215.01,74439
2022-11-03,219.28,219.28,202.72,213.14,28789
2022-11-06,217.33,217.33,207.0,213.68,82503
2022-11-07,217.24,217.24,209.49,212.61,65554
2022-11-08,216.79,216.79,207.89,208.33,25063
2022-11-09,204.24,210.11,202.46,204.59,32976
2022-11-10,203.88,205.22,200.32,203.88,44317
2022-11-13,199.88,206.55,198.99,202.9,32582
2022-11-14,202.9,202.99,199.43,202.9,29617
2022-11-15,202.9,202.99,199.43,200.32,42742
2022-11-16,200.32,202.99,200.32,202.46,26326
2022-11-17,202.46,206.55,202.46,206.37,36575
2022-11-22,202.28,212.78,202.28,204.77,36290
2022-11-23,200.68,204.77,200.32,204.77,13378
2022-11-24,204.77,207.89,203.08,206.55,19868
2022-11-27,202.46,208.42,202.46,208.33,35192
2022-11-28,212.34,212.34,203.44,203.44,63058
2022-11-29,203.88,207.44,200.68,203.7,31923
2022-11-30,203.88,204.77,200.32,202.72,47219
2022-12-01,202.99,204.77,199.52,202.99,42357
2022-12-04,202.99,206.55,201.83,203.35,31683
2022-12-05,204.77,206.55,200.68,202.9,55716
2022-12-06,198.9,202.99,198.9,202.9,26183
2022-12-07,198.9,202.9,198.9,202.01,22302
2022-12-11,201.66,204.77,198.54,201.03,30410
2022-12-12,200.32,202.99,197.65,200.32,34871
2022-12-13,201.21,202.01,198.09,200.14,9302
2022-12-14,204.06,204.06,197.65,201.21,17005
2022-12-15,198.18,201.12,198.18,199.88,15037
2022-12-18,199.43,199.43,188.48,190.35,97623
2022-12-19,187.14,190.53,186.61,189.99,324602
2022-12-20,188.03,190.53,186.97,190.44,43886
2022-12-21,188.75,191.42,187.86,189.73,24235
2022-12-22,187.05,189.64,187.05,189.64,24193
2022-12-26,193.38,197.2,189.64,194.09,63390
2022-12-27,197.92,203.44,195.87,202.01,67018
2022-12-28,203.79,206.02,199.43,203.79,261707
2022-12-29,203.7,207.31,200.0,206.57,55284
2023-01-01,207.41,210.19,202.5,206.85,60584
2023-01-02,203.7,208.33,203.7,206.3,28433
2023-01-03,210.37,214.81,201.85,204.63,39925
2023-01-04,207.41,207.41,201.85,205.56,68085
2023-01-05,209.63,209.63,201.94,202.78,80660
2023-01-08,206.76,206.76,199.17,202.78,113131
2023-01-09,206.76,212.04,202.13,212.04,150542
2023-01-10,216.2,228.7,212.41,215.74,193698
2023-01-12,219.44,227.78,210.19,212.96,88043
2023-01-17,217.22,217.22,209.44,210.19,70219
2023-01-18,213.89,213.89,206.2,208.33,93346
2023-01-19,212.5,212.5,204.17,209.17,56414
2023-01-23,213.33,213.89,206.57,209.07,73897
2023-01-24,206.48,210.19,206.48,210.0,52537
2023-01-25,214.17,214.17,205.74,205.74,53263
2023-01-26,209.81,209.81,205.46,207.22,44181
2023-01-29,211.3,211.3,202.69,206.39,53496
2023-01-30,210.46,210.46,201.94,203.61,49490
2023-01-31,207.59,207.59,199.81,203.61,66386
2023-02-01,207.59,207.59,199.35,202.69,32821
2023-02-02,200.93,203.7,197.22,199.72,65939
2023-02-05,203.7,203.7,196.3,198.8,45965
2023-02-06,198.15,201.94,195.56,198.15,35721
2023-02-07,198.15,203.43,198.15,203.43,41084
2023-02-08,207.41,207.41,196.3,200.93,142631
2023-02-09,200.93,204.63,197.22,199.91,87284
2023-02-12,203.89,203.89,194.44,197.22,81252
2023-02-14,201.11,201.11,194.44,197.04,55566
2023-02-15,200.93,200.93,194.44,195.74,94733
2023-02-16,192.59,202.78,192.59,194.35,41811
2023-02-20,198.15,198.15,190.74,192.5,81289
2023-02-22,196.3,196.39,191.2,196.3,48682
2023-02-23,200.19,200.19,189.81,191.85,118893
2023-02-26,191.67,193.43,188.52,191.2,42195
2023-02-27,191.2,195.0,188.98,192.13,33557
2023-02-28,192.13,192.59,188.89,190.65,22353
2023-03-01,192.59,192.59,188.7,188.8,70896
2023-03-02,187.96,189.72,186.67,188.61,36926
2023-03-05,189.81,189.81,186.11,187.04,52122
2023-03-07,185.28,190.46,185.28,187.87,27389
2023-03-09,189.81,191.48,186.94,188.89,37121
2023-03-12,191.67,191.67,186.67,188.8,41068
2023-03-13,185.37,188.89,184.26,186.94,40714
2023-03-14,184.26,187.41,184.26,186.85,29243
2023-03-15,185.28,193.52,183.89,187.5,47060
2023-03-16,184.72,188.8,183.8,188.24,61458
2023-03-19,189.81,189.81,184.35,186.94,35576
2023-03-20,185.19,188.7,185.19,187.59,15898
2023-03-22,187.96,187.96,183.33,185.19,74868
2023-03-23,185.19,188.24,181.57,184.26,46834
2023-03-26,184.26,184.72,180.65,184.72,51194
2023-03-27,184.72,185.09,181.11,184.26,34599
2023-03-28,185.19,186.11,183.33,184.54,34914
2023-03-29,181.67,185.19,181.57,182.5,28760
2023-03-30,184.26,184.26,181.48,181.57,25478
2023-04-02,181.57,184.26,180.37,180.56,27676
2023-04-03,180.56,180.56,177.5,180.37,41056
2023-04-04,180.56,181.2,175.93,179.63,46956
2023-04-05,177.78,179.63,176.3,179.54,16825
2023-04-06,182.41,182.41,176.94,179.54,34442
2023-04-09,177.78,178.7,175.83,178.61,54819
2023-04-10,179.63,180.0,176.85,179.63,31792
2023-04-11,181.02,181.48,176.11,179.91,59508
2023-04-12,181.48,190.74,180.56,189.35,66159
2023-04-13,188.98,192.59,185.19,187.78,44610
2023-04-16,188.43,189.81,183.43,185.19,16517
2023-04-17,185.19,187.04,181.94,183.24,19368
2023-04-18,182.41,185.09,181.48,182.59,17870
2023-04-19,184.26,185.09,181.48,183.43,24764
2023-04-20,187.04,187.04,179.91,182.31,27890
2023-04-23,182.31,182.41,178.7,179.54,35960
2023-04-24,178.7,182.22,177.78,182.22,25208
2023-04-25,183.33,185.19,180.56,185.19,63905
2023-04-26,185.19,187.78,181.48,182.41,26142
2023-04-27,181.02,183.24,180.56,183.24,18857
2023-04-30,180.56,183.33,180.56,181.85,28649
2023-05-02,180.56,182.41,179.35,181.39,24888
2023-05-03,183.33,183.33,178.61,180.56,25360
2023-05-04,180.56,183.33,177.31,181.48,37228
2023-05-07,178.89,181.48,176.85,179.72,24796
2023-05-08,178.7,180.09,177.87,179.54,13939
2023-05-09,178.8,180.65,177.78,179.72,21153
2023-05-10,180.56,180.56,178.33,179.63,21402
2023-05-11,178.7,178.8,176.76,178.7,34019
2023-05-14,178.7,178.7,175.83,178.52,39229
2023-05-15,176.85,178.61,175.19,178.52,27082
2023-05-16,180.19,180.19,175.46,176.85,17348
2023-05-17,176.85,179.35,176.11,177.78,27399
2023-05-18,175.93,180.56,175.93,180.09,40428
2023-05-21,179.63,182.22,178.7,179.81,24884
2023-05-22,178.7,179.81,177.87,179.17,22941
2023-05-23,179.63,182.41,178.8,182.31,37957
2023-05-24,184.26,184.91,180.56,183.06,24634
2023-05-28,180.56,186.11,180.56,182.96,54531
2023-05-30,180.09,181.39,177.78,178.24,43503
2023-05-31,176.02,179.54,175.0,177.31,56394
2023-06-01,178.7,178.7,175.0,177.78,34004
2023-06-04,175.93,183.24,175.93,178.7,17980
2023-06-05,177.87,181.48,177.78,179.35,30326
2023-06-06,176.94,179.17,176.02,177.5,32927
2023-06-07,180.93,180.93,176.67,177.69,27506
2023-06-08,176.48,177.78,175.93,176.67,29142
2023-06-11,176.85,179.91,176.39,178.52,49344
2023-06-12,177.04,181.3,177.04,178.15,36195
2023-06-13,178.7,180.56,177.04,178.7,77329
2023-06-14,182.22,182.87,178.7,182.22,80833
2023-06-15,179.26,185.83,179.26,180.56,44790
2023-06-18,179.17,181.48,177.78,180.09,55272
2023-06-19,178.7,180.09,177.41,179.17,64837
2023-06-20,179.72,180.56,177.78,178.7,47053
2023-06-21,180.46,180.46,176.85,178.15,40183
2023-06-22,181.67,181.67,176.57,178.61,43231
2023-06-25,176.39,178.7,175.93,178.61,103456
2023-06-26,176.39,180.09,176.2,177.5,74094
2023-06-27,177.5,186.11,177.5,183.33,193861
2023-06-28,186.76,186.94,180.83,181.94,79101
2023-07-02,185.56,185.56,177.31,178.43,45885
2023-07-03,180.19,180.19,175.93,176.85,89831
2023-07-04,175.93,177.78,174.07,175.74,65001
2023-07-05,175.93,176.85,172.22,175.37,96627
2023-07-06,175.0,175.93,172.69,175.46,41312
2023-07-09,175.93,176.85,174.07,175.93,45936
2023-07-10,176.85,177.78,174.07,176.76,50155
2023-07-11,174.07,176.39,173.33,174.44,59896
2023-07-12,177.78,181.39,174.81,178.15,46886
2023-07-13,174.63,181.48,174.63,177.5,50993
2023-07-16,177.5,181.02,175.93,180.56,76059
2023-07-17,179.63,185.65,178.7,185.09,85478
2023-07-18,185.19,187.96,184.26,186.02,170561
2023-07-19,185.19,194.44,183.52,194.44,208423
2023-07-20,194.44,197.96,192.59,192.87,141018
2023-07-23,196.48,206.48,191.39,204.63,251637
2023-07-24,206.48,208.15,194.44,194.44,346728
2023-07-25,198.33,198.33,190.83,193.43,60303
2023-07-26,190.56,197.13,190.56,193.52,69381
2023-07-27,195.37,196.3,190.56,190.74,65452
2023-07-30,190.74,192.59,186.11,191.11,120376
2023-07-31,188.89,194.35,185.19,192.22,106722
2023-08-01,188.89,194.54,186.11,188.89,77807
2023-08-02,190.19,190.19,186.11,189.72,126436
2023-08-03,189.81,192.59,186.94,187.04,227181
2023-08-06,187.04,187.04,175.93,178.98,299693
2023-08-07,178.7,178.7,172.22,175.83,132594
2023-08-08,174.07,174.91,168.7,170.65,119316
2023-08-09,168.52,170.83,166.57,169.44,95414
2023-08-10,167.59,170.37,166.76,169.81,71646
2023-08-13,169.54,172.04,167.04,169.44,98756
2023-08-14,169.54,174.07,168.98,171.3,68939
2023-08-15,173.61,173.61,168.52,171.3,70679
2023-08-16,170.46,171.67,166.67,171.67,69212
2023-08-17,170.37,171.94,168.7,171.94,44618
2023-08-20,171.3,173.06,167.22,171.3,97310
2023-08-21,171.2,171.2,167.96,170.37,36722
2023-08-22,169.44,171.39,167.69,171.39,36302
2023-08-23,171.3,173.89,168.15,171.3,44684
2023-08-24,171.76,172.69,169.07,170.83,64226
2023-08-27,170.37,170.83,166.67,170.83,47498
2023-08-28,170.83,171.2,167.59,169.44,28107
2023-08-29,167.69,171.02,167.69,168.52,52564
2023-08-30,170.37,170.37,166.67,168.52,62298
2023-09-03,167.59,168.52,166.2,168.52,65660
2023-09-04,168.8,169.91,165.74,167.87,71576
2023-09-05,170.37,170.37,166.39,166.67,38798
2023-09-07,168.52,168.52,163.33,166.11,66626
2023-09-10,165.74,166.67,163.61,166.67,45699
2023-09-11,168.52,168.52,164.26,168.06,56971
2023-09-12,170.37,170.37,165.74,166.67,36684
2023-09-13,168.52,168.52,165.0,167.5,41031
2023-09-17,164.54,167.59,164.54,167.22,58603
2023-09-18,166.67,167.13,164.44,167.04,26328
2023-09-19,165.74,170.37,165.28,169.91,60926
2023-09-21,168.52,172.78,168.52,171.02,63666
2023-09-24,171.3,172.04,165.46,170.09,54054
2023-09-25,167.78,172.22,167.13,170.37,51398
2023-09-26,167.41,172.22,167.41,171.67,46976
2023-09-27,171.76,171.76,168.98,170.37,24241
2023-10-01,170.37,170.37,167.69,168.89,36622
2023-10-02,165.74,169.44,165.74,169.35,67042
2023-10-03,167.59,169.44,166.57,169.26,36784
2023-10-04,167.59,171.3,166.67,170.37,35616
2023-10-05,167.59,170.37,167.22,170.37,34648
2023-10-08,170.37,170.37,166.3,168.06,68261
2023-10-09,168.52,168.52,165.83,167.13,32406
2023-10-10,165.74,167.13,165.56,166.67,30585
2023-10-11,166.67,166.67,164.17,165.74,41750
2023-10-12,166.67,166.67,163.06,165.19,62924
2023-10-16,163.06,165.19,162.96,164.35,30374
2023-10-17,167.59,167.59,163.8,166.67,25464
2023-10-18,166.67,170.65,165.74,170.65,30252
2023-10-19,170.56,170.74,164.26,170.37,51266
2023-10-29,171.2,171.2,166.67,168.52,13782
2023-10-30,168.52,168.52,166.67,167.59,22897
2023-10-31,166.67,169.44,166.67,167.59,26183
2023-11-01,168.52,168.52,166.67,168.33,47547
2023-11-02,166.76,167.59,166.67,167.59,44473
2023-11-05,170.93,171.48,167.59,170.09,88148
2023-11-06,168.61,170.93,167.69,169.72,51449
2023-11-07,168.52,170.65,168.43,170.09,51628
2023-11-08,170.37,171.2,169.44,171.02,28781
2023-11-09,169.44,176.57,169.44,173.98,43763
2023-11-20,177.41,180.46,176.85,177.78,41236
2023-11-21,176.85,177.78,175.09,176.3,26361
2023-11-22,175.93,175.93,173.15,175.83,14412
2023-11-23,175.83,180.0,173.15,179.07,32840
2023-11-26,175.93,181.48,175.93,181.48,40275
2023-11-27,179.17,180.56,175.74,179.63,54727
2023-11-28,176.39,183.15,175.93,177.78,64351
2023-11-29,177.78,178.7,175.0,177.78,32577
2023-11-30,175.19,178.7,174.91,178.61,31478
2023-12-03,175.09,176.85,173.61,176.85,27200
2023-12-04,177.31,177.78,174.26,175.93,18321
2023-12-05,174.07,175.0,172.13,173.06,26938
2023-12-06,173.15,173.61,171.3,173.61,24336
2023-12-07,171.3,174.07,171.3,174.07,23044
2023-12-10,174.07,186.2,174.07,185.09,3478
2023-12-11,185.19,185.19,177.78,182.41,181810
2023-12-12,182.41,184.26,180.46,183.33,81200
2023-12-13,180.09,185.19,179.72,183.15,90063
2023-12-14,179.81,184.07,179.63,180.56,47374
2023-12-17,179.63,181.39,175.0,179.63,133374
2023-12-18,178.7,186.11,178.7,185.09,204114
2023-12-19,183.33,191.67,181.48,190.83,244973
2023-12-20,191.67,195.83,190.37,195.46,234805
2023-12-21,199.07,199.07,189.81,192.5,101152
2023-12-24,194.54,194.54,188.06,188.8,123000
2023-12-27,191.2,191.2,185.28,186.11,87417
2023-12-28,185.19,187.96,184.26,187.04,71854
2024-01-01,185.19,187.96,184.35,186.57,60007
2024-01-02,186.11,186.11,183.52,185.93,57276
2024-01-03,183.43,186.11,183.33,186.11,36681
2024-01-04,186.11,187.96,183.33,183.33,44113
2024-01-07,185.19,185.19,179.81,180.74,72631
2024-01-08,178.8,186.94,178.8,185.09,67831
2024-01-09,186.11,188.7,182.5,186.3,91050
2024-01-10,187.04,190.74,186.11,190.28,126852
2024-01-11,187.04,190.56,187.04,188.61,60434
2024-01-14,188.89,188.89,187.04,187.96,47556
2024-01-16,190.74,195.46,188.89,194.35,161145
2024-01-17,190.74,202.87,190.74,195.28,210558
2024-01-18,191.76,198.98,191.76,196.67,90273
2024-01-21,196.67,204.63,195.37,197.22,136749
2024-01-22,196.3,198.33,193.43,193.7,95435
2024-01-23,193.52,196.3,189.91,192.41,72324
2024-01-24,190.74,194.54,189.81,192.5,41989
2024-01-25,194.35,194.35,190.74,193.89,53900
2024-01-28,193.89,196.3,192.59,193.43,61070
2024-01-29,194.44,194.44,191.39,192.04,85710
2024-01-30,190.74,193.52,188.89,192.04,112210
2024-01-31,188.43,192.41,188.43,189.81,101547
2024-02-01,189.81,189.81,186.11,186.39,39960
2024-02-04,186.11,188.8,184.26,186.39,62821
2024-02-05,185.19,187.96,183.33,186.11,39920
2024-02-06,184.35,189.81,184.35,188.89,57205
2024-02-07,192.59,192.59,185.19,187.96,41433
2024-02-08,186.11,189.81,186.11,189.35,34818
2024-02-11,192.59,192.59,187.13,189.54,51568
2024-02-12,187.96,188.7,186.2,187.5,47185
2024-02-13,185.19,187.31,185.19,187.13,44433
2024-02-14,185.19,187.13,184.81,186.57,27797
2024-02-15,185.19,187.04,184.63,187.04,48390
2024-02-18,185.19,186.94,184.26,185.19,29920
2024-02-20,184.26,185.19,183.33,184.17,36650
2024-02-21,186.11,186.11,182.04,183.15,30078
2024-02-22,179.72,183.24,179.72,182.41,61988
2024-02-25,182.41,184.26,179.26,179.26,34448
2024-02-26,178.7,181.48,176.94,178.8,25343
2024-02-27,178.8,179.63,177.5,178.33,35432
2024-02-28,177.78,179.26,175.65,175.93,44139
2024-02-29,175.09,177.78,175.0,175.93,38926
2024-03-03,176.02,176.02,172.22,174.91,42333
2024-03-04,178.33,181.48,175.93,181.39,4490
2024-03-05,184.26,184.26,175.09,178.15,56868
2024-03-06,178.15,179.63,172.5,177.78,72958
2024-03-07,178.7,178.89,176.11,178.52,44273
2024-03-10,182.04,185.09,178.8,180.56,43012
2024-03-12,180.56,186.02,180.56,186.02,46529
2024-03-13,184.26,189.54,183.33,185.93,63033
2024-03-14,185.19,186.11,183.33,183.43,37556
2024-03-17,184.26,185.09,181.48,183.33,26373
2024-03-18,183.33,184.26,179.72,184.17,67795
2024-03-19,183.33,185.19,180.65,182.41,29968
2024-03-20,186.02,186.02,180.65,181.39,45323
2024-03-21,181.48,182.13,179.26,181.39,47460
2024-03-25,181.48,181.48,177.31,178.7,33302
2024-03-26,177.31,180.46,177.13,178.7,49926
2024-03-27,177.78,177.78,175.37,177.22,74803
2024-03-28,174.26,178.7,174.26,178.61,30210
2024-03-31,181.48,181.48,175.93,179.54,34351
2024-04-01,178.7,178.7,175.0,177.59,40916
2024-04-02,174.07,177.31,174.07,175.83,70247
2024-04-03,179.26,179.26,173.7,175.0,37825
2024-04-04,172.69,175.0,172.22,174.91,56740
2024-04-07,174.91,175.93,172.22,175.93,92205
2024-04-09,175.93,178.43,173.33,175.83,157645
2024-04-10,175.93,178.43,174.81,175.93,149139
2024-04-14,178.52,179.35,176.11,178.61,83041
2024-04-15,179.35,179.63,175.83,176.57,44169
2024-04-16,175.19,176.85,173.06,175.93,40914
2024-04-18,175.93,175.93,173.33,174.81,30041
2024-04-21,175.0,177.69,173.7,177.59,93050
2024-04-22,181.02,182.41,176.39,177.69,74562
2024-04-24,177.78,180.46,177.78,179.17,23293
2024-04-25,179.63,181.02,179.07,180.83,44570
2024-04-28,184.44,184.44,177.78,179.63,48184
2024-04-29,183.15,183.15,176.85,180.09,23275
2024-04-30,183.61,183.61,180.0,180.83,54627
2024-05-02,184.44,184.44,177.22,178.7,45475
2024-05-05,178.06,178.7,175.09,178.52,59845
2024-05-06,175.93,177.59,175.0,175.65,23554
2024-05-07,175.0,177.59,174.35,176.67,17988
2024-05-08,175.0,178.43,175.0,177.78,33374
2024-05-09,175.0,177.78,175.0,176.85,22547
2024-05-12,180.37,180.37,176.02,178.7,35760
2024-05-13,176.76,187.78,176.76,182.41,100285
2024-05-14,178.8,186.11,178.8,183.24,71915
2024-05-15,179.63,185.19,179.63,181.39,38428
2024-05-16,185.0,185.0,178.98,180.46,61989
2024-05-19,183.98,185.19,180.65,183.7,82005
2024-05-20,185.19,201.85,184.63,190.65,224862
2024-05-21,192.59,194.44,189.81,191.67,96136
2024-05-22,191.57,200.0,188.89,197.13,236179
2024-05-26,199.07,200.93,193.52,196.39,173416
2024-05-27,196.76,196.76,192.59,193.52,108465
2024-05-29,197.31,200.0,188.89,188.89,121252
2024-05-30,189.81,189.81,185.19,185.37,58976
2024-06-02,183.7,187.04,183.7,186.76,35246
2024-06-03,188.89,188.89,184.26,185.28,80888
2024-06-04,185.28,187.22,185.19,187.22,48031
2024-06-05,186.2,186.2,184.26,184.26,39827
2024-06-06,183.33,186.39,183.33,185.19,58157
2024-06-09,188.89,188.89,183.33,184.17,31290
2024-06-10,187.78,187.78,182.41,183.15,49279
2024-06-11,186.76,187.96,181.57,187.96,51029
2024-06-12,187.96,194.44,185.19,189.81,85425
2024-06-13,190.74,190.74,185.46,186.94,38988
2024-06-16,183.8,188.8,183.8,186.48,38783
2024-06-18,182.87,184.72,182.87,183.43,42409
2024-06-19,181.48,183.8,181.48,182.96,30497
2024-06-20,186.57,186.57,181.48,183.33,42427
2024-06-23,184.26,184.26,180.09,181.02,33667
2024-06-24,180.56,182.04,180.19,181.48,30750
2024-06-25,181.48,184.07,178.7,180.56,80527
2024-06-26,177.96,181.39,177.96,180.46,77862
2024-06-27,183.98,183.98,178.7,182.69,63448
2024-06-30,180.65,182.31,177.41,178.7,46047
2024-07-01,176.85,181.3,176.02,181.3,131954
2024-07-02,184.91,195.46,184.91,187.04,106105
2024-07-03,188.89,188.89,182.87,186.48,51762
2024-07-04,187.96,188.89,184.35,187.04,46171
2024-07-07,185.19,188.89,183.43,187.96,77556
2024-07-08,187.96,188.89,185.19,187.04,53437
2024-07-09,185.28,189.44,185.28,189.17,54457
2024-07-10,192.87,192.87,186.11,191.85,76963
2024-07-11,195.65,196.3,192.59,195.37,128334
2024-07-14,199.26,208.33,198.15,208.24,365788
2024-07-15,212.31,212.31,204.63,205.37,237100
2024-07-16,207.5,213.89,199.07,213.8,165154
2024-07-17,215.74,218.52,211.11,217.87,218228
2024-07-18,222.22,239.63,218.52,236.11,712480
2024-07-21,236.11,256.85,233.33,256.02,548184
2024-07-22,261.11,261.11,244.44,247.22,617987
2024-07-23,247.22,251.39,242.5,251.3,299030
2024-07-24,254.63,254.63,244.35,244.72,336036
2024-07-25,244.72,252.78,240.74,249.07,412595
2024-07-28,253.98,273.98,253.98,273.98,942315
2024-07-29,278.7,288.89,272.22,274.91,878708
2024-07-30,275.0,277.78,256.94,274.91,605669
2024-07-31,278.7,280.93,272.22,277.78,494134
2024-08-01,273.15,277.78,272.22,273.15,401417
2024-08-05,277.78,296.3,272.5,272.69,662783
2024-08-06,276.76,276.76,250.93,252.78,558087
2024-08-07,248.15,268.52,245.37,258.7,295934
2024-08-08,263.7,263.89,251.85,255.56,317619
2024-08-11,259.26,270.19,254.63,270.19,392998
2024-08-12,270.19,283.33,270.19,274.44,387386
2024-08-13,275.0,280.56,272.22,275.0,389373
2024-08-14,275.0,277.78,270.37,275.0,188001
2024-08-15,269.63,293.43,269.63,287.96,855443
2024-08-18,293.7,304.63,286.11,290.74,742001
2024-08-21,290.74,296.48,284.26,286.11,412725
2024-08-22,287.04,293.15,287.04,289.81,338060
2024-08-25,288.89,294.44,278.89,281.48,429044
2024-08-27,277.78,280.56,266.57,267.13,432552
2024-08-28,268.52,285.19,266.67,271.3,359225
2024-08-29,265.93,271.76,261.11,264.81,178461
2024-09-01,269.44,269.44,260.46,262.96,154595
2024-09-02,259.35,273.15,259.35,273.15,260587
2024-09-03,276.76,279.54,269.07,271.3,120741
2024-09-04,276.67,276.67,259.07,260.19,252162
2024-09-05,262.04,262.04,254.63,262.04,169875
2024-09-08,265.37,265.37,251.85,257.41,123227
2024-09-09,254.81,255.65,248.24,249.07,206783
2024-09-10,253.7,254.63,246.3,247.13,106758
2024-09-11,248.15,250.19,243.52,244.44,103203
2024-09-12,249.26,250.93,240.74,250.0,117569
2024-09-15,253.06,261.11,248.24,250.0,171749
2024-09-16,252.78,252.78,244.26,250.0,104435
2024-09-18,250.0,253.7,245.19,252.78,124556
2024-09-22,257.78,261.2,253.7,253.7,115259
2024-09-23,258.7,258.7,250.0,250.93,102181
2024-09-24,246.48,250.93,246.3,248.15,104673
2024-09-25,246.3,250.0,241.02,249.54,67930
2024-09-26,250.93,254.35,248.15,248.15,66627
2024-09-29,245.37,249.07,243.24,244.54,76841
2024-09-30,243.52,249.35,241.02,248.15,61403
2024-10-01,251.85,258.33,249.07,258.15,132242
2024-10-02,258.33,262.04,254.63,256.67,119874
2024-10-06,256.48,265.28,256.48,264.17,93775
2024-10-07,264.17,272.22,263.89,271.2,156469
2024-10-08,275.0,275.0,267.87,273.06,86444
2024-10-09,268.52,272.96,268.52,272.31,58129
2024-10-15,275.46,275.46,269.07,273.24,58684
2024-10-16,276.85,278.7,272.41,275.09,151109
2024-10-17,277.78,279.63,272.41,275.93,141846
2024-10-20,270.46,277.78,268.52,273.15,127422
2024-10-21,269.54,272.22,262.31,262.31,110793
2024-10-22,265.74,273.15,265.65,272.22,123926
2024-10-23,277.59,283.06,269.35,270.37,216886
2024-10-24,270.83,273.15,266.76,268.52,91239
2024-10-27,268.52,268.52,255.65,257.31,251590
2024-10-28,254.63,260.09,253.7,258.33,110747
2024-10-29,261.94,266.67,259.26,265.74,102067
2024-10-30,266.67,266.67,261.11,263.24,110808
2024-11-05,263.89,265.28,259.63,259.63,36732
2024-11-06,259.26,260.19,257.87,258.8,44704
2024-11-10,259.26,263.89,257.5,263.43,169948
2024-11-11,263.89,270.28,258.33,262.96,355776
2024-11-12,262.96,266.94,261.57,262.04,72738
2024-11-13,262.41,263.89,256.94,257.69,105984
2024-11-14,259.26,262.22,254.63,261.67,123185
2024-11-17,263.89,266.57,259.26,262.87,132426
2024-11-19,261.11,262.04,254.63,254.63,127272
2024-11-20,255.65,257.41,252.96,256.48,86148
2024-11-21,254.63,258.33,252.41,255.56,167567
2024-11-24,260.65,260.65,248.33,250.0,95633
2024-11-25,250.0,253.7,246.85,250.93,80889
2024-11-26,255.93,255.93,248.24,251.48,61755
2024-11-27,256.48,256.48,250.19,253.7,66517
2024-11-28,251.94,253.7,248.61,251.85,76631
2024-12-01,256.85,256.85,244.44,245.46,115647
2024-12-02,250.0,250.0,242.69,242.78,75063
2024-12-03,247.22,247.22,238.89,239.44,107390
2024-12-04,244.17,244.17,238.33,240.74,81810
2024-12-05,242.59,242.59,238.06,239.81,69962
2024-12-08,238.06,238.89,234.26,237.22,123922
2024-12-09,234.26,238.89,233.33,235.28,97197
2024-12-10,235.19,237.96,233.52,234.91,46268
2024-12-11,236.57,244.44,234.44,242.78,97233
2024-12-12,247.59,247.59,240.28,245.28,106705
2024-12-16,244.44,244.44,236.3,239.81,74897
2024-12-17,237.04,240.74,235.83,238.89,44126
2024-12-18,240.74,240.74,236.11,239.26,56912
2024-12-19,237.5,239.63,234.63,235.09,72250
2024-12-22,230.46,239.63,230.46,234.26,43174
2024-12-23,231.48,237.87,230.56,237.87,48580
2024-12-24,237.04,240.74,235.09,239.72,62220
2024-12-26,240.46,250.0,235.65,241.76,105595
2024-12-29,246.57,248.15,238.06,239.07,64692
2024-12-31,243.8,243.8,231.48,239.81,70142
2025-01-01,236.3,240.74,236.3,237.96,30102
2025-01-02,237.04,237.96,234.26,236.11,46266
2025-01-05,236.94,236.94,232.41,233.33,56099
2025-01-06,233.8,240.65,233.33,237.13,58083
2025-01-07,234.26,239.91,234.26,235.19,31400
2025-01-08,233.33,237.04,233.33,235.19,46242
2025-01-09,234.26,238.89,231.57,232.41,50189
2025-01-12,237.04,237.04,228.7,230.56,32966
2025-01-13,231.48,233.33,227.04,228.7,53563
2025-01-15,230.56,231.48,225.09,225.83,25796
2025-01-16,225.65,228.7,220.46,223.15,95192
2025-01-19,221.3,223.15,220.37,221.57,47725
2025-01-20,221.76,226.85,219.07,225.46,80335
2025-01-21,229.44,229.44,219.44,224.07,62290
2025-01-22,224.07,227.78,220.46,227.78,78550
2025-01-23,229.63,230.56,223.33,224.07,50042
2025-01-26,222.31,224.07,220.37,221.76,48189
2025-01-27,221.3,223.98,218.98,221.3,42498
2025-01-28,218.52,222.22,218.52,219.44,74818
2025-02-02,219.44,229.35,219.44,227.78,76640
2025-02-03,232.31,234.26,227.69,227.78,77550
2025-02-04,232.31,232.31,225.74,225.93,46191
2025-02-05,225.93,228.7,224.07,225.0,41551
2025-02-06,224.17,226.85,224.07,225.93,52674
2025-02-09,221.48,227.78,221.48,224.26,31311
2025-02-10,220.37,226.85,220.37,222.78,26308
2025-02-11,222.22,225.93,222.22,222.5,33350
2025-02-12,222.5,225.74,220.37,222.41,54733
2025-02-13,220.37,223.61,220.37,221.3,50854
2025-02-16,222.22,227.78,221.48,227.69,88750
2025-02-17,227.96,236.11,226.85,234.26,100293
2025-02-18,234.26,246.39,234.26,236.02,78535
2025-02-20,231.48,236.11,231.48,234.72,75856
2025-02-23,230.09,236.11,226.85,230.74,88400
2025-02-24,226.2,237.04,226.2,232.41,56560
2025-02-25,231.48,243.52,229.63,232.22,55738
2025-02-27,236.85,250.0,236.85,240.74,108508
2025-03-02,245.56,256.48,239.63,256.48,247339
2025-03-03,259.26,259.26,247.41,251.85,199335
2025-03-04,250.0,251.85,243.52,247.22,168751
2025-03-05,250.46,250.46,243.52,246.76,112164
2025-03-06,246.3,246.3,242.59,246.2,60151
2025-03-09,242.59,247.22,240.74,241.11,72012
2025-03-10,243.52,249.91,237.13,238.89,95764
2025-03-11,236.11,241.11,235.37,236.11,88080
2025-03-12,240.65,240.74,236.11,239.81,60011
2025-03-16,238.61,240.65,237.04,237.96,55250
2025-03-17,237.96,239.26,235.46,236.2,33183
2025-03-18,240.74,240.74,229.63,231.48,153771
2025-03-19,227.78,236.11,226.94,233.98,70662
2025-03-20,233.33,235.19,231.57,233.79,48521
2025-03-23,231.48,234.26,230.28,230.56,71599
2025-03-24,226.94,236.11,226.94,232.71,43584
2025-03-25,237.31,237.31,228.7,228.79,67977
2025-03-26,232.41,235.0,228.98,233.2,68348
2025-03-27,237.78,237.78,228.7,233.12,90166
2025-03-30,236.11,237.87,232.69,234.52,62804
2025-04-01,234.72,235.19,231.48,232.88,76707
2025-04-02,237.5,237.5,231.76,234.47,44496
2025-04-03,238.61,240.74,234.26,237.79,66654
2025-04-07,237.04,237.04,232.5,233.46,29537
2025-04-08,232.41,232.5,227.78,231.88,30127
2025-04-09,236.11,240.74,232.41,234.28,61771
2025-04-10,237.96,237.96,233.33,233.9,210182
2025-04-13,233.33,234.26,230.56,231.49,33844
2025-04-15,236.11,236.11,231.48,232.93,39266
2025-04-16,237.04,237.04,232.41,233.83,42784
2025-04-17,234.26,244.44,232.22,242.81,167898
2025-04-20,247.22,247.22,235.09,235.27,113491
2025-04-21,235.19,236.11,232.22,233.53,64021
2025-04-22,236.11,236.11,230.65,231.0,55903
2025-04-23,228.8,231.48,227.69,227.79,27237
2025-04-24,227.13,230.56,224.35,226.83,72775
2025-04-27,224.17,228.06,223.15,223.44,87866
2025-04-28,222.22,227.78,222.22,226.2,56368
2025-04-29,228.7,228.7,222.31,223.71,43348
2025-04-30,221.39,224.07,220.37,221.69,51043
2025-05-04,222.31,225.0,220.65,221.13,65896
2025-05-05,220.37,222.22,212.96,216.8,97053
2025-05-06,216.67,219.44,216.39,216.65,31000
2025-05-07,214.63,228.52,214.07,226.04,64612
2025-05-08,225.0,226.76,221.02,224.27,49630
2025-05-11,225.93,225.93,219.63,220.34,31412
2025-05-13,223.8,224.07,219.81,220.24,50988
2025-05-14,217.59,222.22,217.59,219.38,32268
2025-05-15,216.76,220.93,216.2,217.13,55877
2025-05-18,220.37,220.37,215.74,216.81,21062
2025-05-19,212.5,227.59,212.5,225.63,65099
2025-05-20,224.07,233.33,218.61,232.16,97425
2025-05-21,236.76,240.74,228.7,229.03,90536
2025-05-22,229.63,238.43,227.87,235.43,230406
2025-05-25,236.39,238.7,228.7,231.61,126039
2025-05-26,236.2,240.93,228.7,231.38,174960
2025-05-27,229.54,234.26,227.13,232.78,136483
2025-05-28,229.63,241.76,229.63,238.74,72000
2025-06-02,241.67,242.59,233.33,235.54,121478
2025-06-03,239.72,239.72,225.93,226.23,102642
2025-06-04,230.74,230.74,221.02,222.28,92040
2025-06-05,222.22,225.0,219.63,222.44,39663
2025-06-08,222.22,225.93,219.44,222.7,32352
2025-06-09,222.22,225.46,222.22,224.61,20219
2025-06-10,224.07,228.15,222.22,226.41,39392
2025-06-11,224.07,227.78,221.3,223.36,52255
2025-06-12,222.22,225.0,220.65,222.03,54935
2025-06-15,217.59,224.07,217.59,221.25,29109
2025-06-16,220.37,225.65,220.37,222.69,64529
2025-06-17,225.93,225.93,220.37,220.72,28388
2025-06-18,220.56,222.22,220.56,220.81,29848
2025-06-19,221.2,221.39,219.44,219.88,40306
2025-06-22,223.15,223.15,216.85,217.57,79374
2025-06-23,215.83,219.91,215.83,217.74,35075
2025-06-24,216.2,221.85,213.89,219.34,49312
2025-06-25,221.76,221.76,217.59,220.18,30471
2025-06-26,222.22,222.22,218.61,220.2,33937
2025-06-29,218.7,226.85,217.69,226.11,67110
2025-06-30,226.85,227.78,225.93,226.46,94305
2025-07-01,222.31,230.56,222.31,229.97,82872
2025-07-02,231.48,234.26,226.85,233.09,105996
2025-07-03,237.69,237.69,229.63,235.64,112544
2025-07-06,236.2,239.72,233.33,237.93,143362
2025-07-07,242.59,242.59,231.67,237.44,128209
2025-07-08,240.65,240.65,236.11,238.17,80545
2025-07-09,242.5,244.44,237.69,240.94,228172
2025-07-10,244.35,251.85,243.98,249.42,231818
2025-07-13,254.35,264.35,248.7,254.24,398835
2025-07-14,250.09,254.54,245.65,248.04,239205
2025-07-15,247.22,254.44,245.0,252.24,222580
2025-07-16,253.7,259.17,253.7,255.84,328750
2025-07-17,255.56,264.81,255.56,264.19,318486
2025-07-20,259.26,268.52,254.07,255.81,345519
2025-07-21,258.33,260.09,254.63,255.59,241586
2025-07-22,255.56,267.13,255.56,260.64,200146
2025-07-23,256.48,262.04,254.72,258.92,154567
2025-07-24,259.26,260.19,256.02,259.12,134872
2025-07-27,260.19,262.04,255.56,257.56,162297
2025-07-28,254.72,258.8,250.56,257.15,154451
2025-07-29,253.7,262.96,253.7,258.06,157172
2025-07-30,262.96,262.96,251.2,252.74,111218
2025-07-31,250.09,253.24,246.48,249.51,121170
2025-08-03,249.07,249.07,239.81,242.06,137076
2025-08-04,239.81,250.28,237.04,242.71,235063
2025-08-05,244.44,254.07,240.74,241.23,153765
2025-08-06,239.16,243.43,234.35,236.84,97353
2025-08-07,240.74,242.59,237.04,239.23,115608
2025-08-11,242.59,243.98,235.93,236.72,89338
2025-08-12,237.04,238.8,234.72,234.89,64430
2025-08-13,231.67,235.65,231.48,233.33,93571
2025-08-14,231.48,234.26,230.56,232.17,70525
2025-08-17,235.0,244.54,233.33,235.78,143307
2025-08-18,235.28,239.17,234.44,236.67,112884
2025-08-19,238.8,240.28,235.74,236.4,45727
2025-08-20,238.89,238.89,235.28,236.03,60011
2025-08-21,234.35,238.43,232.41,235.84,88099
2025-08-24,237.96,239.63,236.11,237.31,44751
2025-08-25,239.63,239.81,235.28,238.67,31787
2025-08-26,234.35,239.63,234.35,237.25,25994
2025-08-27,241.94,241.94,236.39,241.24,67388
2025-08-28,238.89,242.13,236.11,236.2,59344
2025-08-31,238.89,238.89,232.41,232.76,51024
2025-09-01,237.04,237.04,230.56,235.22,98334
2025-09-02,239.91,239.91,233.8,235.21,58899
2025-09-03,231.57,237.96,231.57,234.47,43599
2025-09-04,236.11,236.11,231.85,233.11,47924
2025-09-07,237.69,237.69,231.48,233.53,31916
2025-09-08,236.02,237.04,227.87,230.22,57987
2025-09-18,225.93,225.93,209.26,216.67,9387
2025-09-21,216.67,227.78,212.5,227.09,85682
2025-09-23,230.56,232.69,227.78,232.69,68899
2025-09-24,236.11,237.04,229.63,229.81,43061
2025-09-25,226.85,232.31,226.85,230.46,59963
2025-09-28,232.41,234.26,230.09,234.26,22288
2025-10-07,234.26,234.26,226.76,227.78,61656
2025-10-08,226.76,230.56,218.52,222.22,106173
2025-10-09,226.67,234.17,223.15,224.91,82383
2025-10-12,223.15,223.15,214.91,217.5,88642
2025-10-13,221.3,221.3,211.11,220.28,49008
2025-10-14,220.37,220.37,216.3,216.3,42759
2025-10-15,217.59,217.59,213.89,214.81,41327
2025-10-16,217.59,217.59,212.69,215.56,26930
2025-10-19,218.52,220.37,215.74,220.37,45380
2025-10-26,218.52,220.37,216.67,219.44,21105
2025-10-28,219.44,223.15,218.52,221.3,25918
2025-10-29,222.22,223.89,220.37,221.48,35141
2025-10-30,219.44,222.96,218.52,221.3,55606
2025-11-02,221.3,224.91,217.78,223.15,28877
2025-11-03,220.37,225.83,219.44,223.15,45704
2025-11-04,223.15,223.15,220.83,221.3,38535
2025-11-05,221.3,242.59,219.44,225.0,95327
2025-11-06,227.78,241.67,224.44,226.85,74360
2025-11-09,225.0,226.85,222.22,222.31,64122
2025-11-10,222.22,225.0,222.22,222.78,50056
2025-11-11,225.0,225.0,219.91,222.69,56842
2025-11-12,222.22,224.07,220.83,222.41,30724
2025-11-13,221.3,228.98,220.83,228.98,76113
2025-11-16,228.7,229.54,224.26,229.54,80809
2025-11-17,228.7,233.24,226.85,230.56,85088
2025-11-18,231.48,236.11,228.7,232.41,59959
2025-11-19,232.41,233.15,226.85,233.15,72945
2025-11-20,232.41,232.41,227.69,228.7,37558
2025-11-23,225.0,236.11,225.0,233.33,73399
2025-11-24,237.04,237.96,233.43,234.07,59663
2025-11-25,233.33,236.94,230.65,234.63,38899
2025-11-26,231.48,235.93,230.65,235.0,36962
2025-11-27,236.11,238.7,232.41,237.96,107302
2025-11-30,238.89,238.89,233.7,234.17,66433
2025-12-01,233.33,234.07,230.19,231.57,58068
2025-12-02,228.89,231.48,228.89,230.0,25659
2025-12-03,231.48,231.48,227.5,227.69,46299
2025-12-07,226.85,228.7,225.56,226.85,40407
2025-12-08,225.09,227.78,224.44,224.63,25957
2025-12-09,224.17,226.39,224.07,224.54,33808
2025-12-10,226.76,226.76,224.17,225.83,23827
2025-12-11,222.59,226.85,222.59,224.81,32783
2025-12-14,222.31,229.26,222.31,229.26,54799
2025-12-15,225.28,230.56,225.28,230.56,44753
2025-12-16,231.48,232.31,227.96,231.48,48617
2025-12-17,234.26,234.44,229.91,233.33,75655
2025-12-18,229.91,234.17,228.98,230.0,17618
2025-12-21,234.54,235.19,232.41,234.07,97091
2025-12-22,232.41,234.26,231.76,232.5,52282
2025-12-23,236.94,236.94,232.31,235.19,49377
2025-12-24,234.26,238.8,234.26,237.96,64555
2025-12-28,237.04,244.44,237.04,242.69,136492
2025-12-29,243.52,244.44,241.39,242.96,80011
2025-12-31,245.28,245.37,242.59,243.8,155355
2026-01-01,245.28,245.28,241.39,242.22,126378
2026-01-04,242.22,243.52,239.35,239.72,216102
2026-01-05,239.0,240.0,237.0,238.5,57737
2026-01-06,239.0,241.0,238.0,239.0,73824
2026-01-07,238.0,240.0,236.1,236.2,38625
2026-01-08,236.0,239.0,235.0,237.0,38576
2026-01-12,235.2,240.0,235.2,237.1,54810
2026-01-13,237.0,240.7,236.7,239.9,38664
2026-01-14,240.0,240.8,239.0,239.0,45991
2026-01-18,241.0,243.5,239.0,240.0,39906
2026-01-20,244.8,249.6,241.2,245.6,48091
2026-01-21,247.0,248.0,243.0,246.4,32317
2026-01-22,246.4,247.8,244.0,245.0,57855
2026-01-25,248.9,248.9,243.1,246.2,363868
2026-01-26,248.2,251.2,244.7,247.0,63219
2026-01-27,248.0,248.0,242.0,243.0,36048
2026-01-28,243.0,243.0,239.1,241.0,55480
2026-01-29,239.5,242.0,238.8,239.1,73422
2026-02-01,242.0,242.0,237.5,238.0,77146
2026-02-02,238.0,240.0,236.0,237.0,56722
2026-02-03,239.8,239.8,235.8,235.8,37331
2026-02-04,232.0,239.7,232.0,235.8,36116
2026-02-05,234.4,237.0,234.4,235.8,42945
2026-02-08,234.0,238.0,234.0,235.4,38599
2026-02-09,235.8,235.8,230.0,232.0,67871
2026-02-10,233.0,235.5,230.2,232.3,52288
2026-02-11,234.0,241.6,234.0,234.0,50133
2026-02-12,235.0,237.8,234.6,236.0,35174
2026-02-16,239.0,239.0,232.2,233.0,22437
2026-02-17,233.0,233.0,231.0,231.5,29731
2026-02-22,231.0,232.0,230.0,230.8,41796
2026-02-23,231.0,232.1,230.0,230.5,26446
2026-02-24,234.0,234.0,231.0,233.5,22631
2026-02-25,233.0,235.0,232.0,233.0,26283
2026-02-26,237.6,237.6,232.1,234.8,28965
2026-03-01,239.4,239.4,230.0,236.3,72292
2026-03-03,241.0,242.2,236.4,242.2,116670
2026-03-09,247.0,256.9,247.0,256.9,370
2026-03-10,262.0,265.1,246.0,255.0,223749
2026-03-11,255.0,256.0,246.0,248.0,121184
2026-03-12,245.2,256.0,245.2,253.0,141893
2026-03-15,258.0,258.0,250.2,252.0,148169
2026-03-16,247.0,252.8,247.0,249.0,69617
2026-03-17,249.0,251.7,247.5,251.7,73975
2026-03-19,256.7,261.5,252.0,260.0,382563
2026-03-22,264.0,271.0,261.3,269.0,428251
2026-03-23,274.3,274.3,262.0,265.0,143172
2026-03-24,265.0,267.0,262.1,266.9,113650
2026-03-25,262.0,275.9,261.0,264.0,134630
2026-03-26,260.1,265.0,257.9,262.9,169546
2026-03-29,262.0,264.0,253.0,254.0,206161
2026-03-30,250.0,257.0,243.0,246.9,170385
2026-03-31,250.0,251.9,243.0,250.0,87573
2026-04-01,255.0,255.0,238.0,242.1,206199
2026-04-02,238.0,245.9,238.0,244.0,74939
2026-04-05,240.0,242.0,235.2,238.0,130743
2026-04-06,236.0,246.7,235.1,242.0,95068
2026-04-07,242.7,246.0,241.0,243.0,114872
2026-04-08,245.1,247.8,241.2,247.8,75742
2026-04-09,249.9,252.9,244.0,252.9,95824
2026-04-10,255.9,255.9,247.2,247.5,65934
2026-04-13,246.0,249.8,243.0,245.5,65073
2026-04-15,245.0,249.8,245.0,248.0,67663
2026-04-16,250.0,250.0,243.2,245.0,60821
2026-04-17,245.0,246.0,242.5,245.0,37403
2026-04-20,233.0,247.0,233.0,242.2,24066
2026-04-21,242.2,244.0,240.4,242.2,25963
2026-04-22,246.0,246.0,239.0,244.0,63663
2026-04-23,244.0,245.0,238.0,241.0,29723
2026-04-24,237.0,243.4,237.0,242.5,58022
2026-04-27,243.0,245.0,241.0,244.0,37096
2026-04-28,244.0,244.5,240.7,241.5,35174
2026-04-29,242.0,243.0,237.0,238.9,49765
2026-04-30,236.2,239.0,235.3,238.0,40022
2026-05-04,235.0,239.0,234.5,236.6,40104
2026-05-05,235.5,238.9,234.2,235.9,47137
2026-05-06,234.3,237.9,234.2,237.9,22656
2026-05-07,238.8,238.8,236.1,238.5,26903
2026-05-08,238.5,242.0,238.0,240.9,31788
2026-05-11,240.9,243.0,240.2,241.0,39039
2026-05-12,243.0,243.0,237.0,238.4,77628
2026-05-13,238.0,240.0,235.0,238.0,58952
2026-05-14,237.9,239.7,236.0,238.3,21867
2026-05-15,237.0,240.3,237.0,239.5,23344
2026-05-18,240.0,240.0,236.0,239.8,28123
2026-05-19,239.9,240.0,237.3,239.5,30204
2026-05-20,236.5,240.9,236.5,240.5,31319
2026-05-21,241.9,241.9,238.3,239.0,18507
2026-05-22,239.0,240.5,237.5,240.5,23859
2026-05-25,240.5,244.9,239.0,244.9,63543
2026-05-26,244.9,246.0,241.5,245.7,41581
2026-05-27,246.0,247.6,242.5,247.0,49594
2026-06-01,247.0,247.0,239.7,240.9,37497
2026-06-02,241.0,243.4,238.5,243.4,37249
2026-06-03,241.9,243.0,239.5,242.0,29234
2026-06-04,239.2,242.0,238.0,241.0,24205
2026-06-05,240.0,242.0,239.0,240.0,33577
2026-06-08,238.4,239.0,237.8,237.8,43555
2026-06-09,238.3,238.9,236.5,238.5,45960
2026-06-10,233.8,239.9,233.8,239.0,29651
2026-06-11,239.0,239.5,237.2,237.4,27764
2026-06-12,238.5,238.6,236.0,238.6,38035
2026-06-15,241.9,241.9,235.0,239.0,46539
2026-06-16,235.3,239.9,235.2,237.0,26361
2026-06-17,239.0,239.0,235.0,236.0,46650
2026-06-18,233.0,238.9,233.0,236.3,18640
2026-06-19,233.9,237.9,233.8,235.5,52013
2026-06-22,240.0,240.0,234.1,235.5,39949
2026-06-23,234.0,237.5,233.3,236.9,56305
2026-06-24,234.0,235.5,233.0,234.6,30395
2026-06-25,232.5,235.0,232.3,233.0,25326
2026-06-26,235.9,235.9,232.7,233.0,30850
2026-06-29,233.0,234.5,230.1,233.3,32246
2026-06-30,231.0,236.0,231.0,232.4,34867
2026-07-01,231.5,236.4,231.5,233.9,64115
2026-07-02,232.1,237.0,232.1,236.4,30982
2026-07-03,233.0,238.5,233.0,236.0,58482
2026-07-06,233.0,236.0,233.0,234.0,36817
2026-07-07,235.0,237.0,233.6,236.7,25718
2026-07-08,237.0,237.0,231.2,234.0,40443
2026-07-09,231.2,233.5,231.0,231.0,54301
2026-07-10,233.0,236.0,230.0,231.0,50684
2026-07-13,232.0,232.9,230.0,231.6,54916
2026-07-14,231.0,232.6,229.1,229.2,46844
2026-07-15,231.0,235.0,230.4,232.0,25011
2026-07-16,231.0,239.9,231.0,239.9,64646
2026-07-17,238.8,242.1,236.7,242.0,32748
2026-07-20,248.2,248.2,242.0,242.5,33893
2026-07-21,243.0,245.0,239.5,242.7,47015
2026-07-22,243.0,243.0,238.0,239.0,19541
2026-07-23,234.1,244.9,234.1,239.0,29928
2026-07-24,239.0,245.0,238.0,243.0,92403
2026-07-27,241.7,248.9,241.7,243.0,107176
2026-07-28,243.0,245.0,241.3,242.0,66306
2026-07-29,238.5,244.4,238.5,241.9,142194
2026-07-30,236.9,244.0,236.9,241.5,40879
2026-07-31,240.1,247.0,240.1,247.0,100424
2026-08-03,247.5,249.8,245.2,246.5,71311
2026-08-04,245.0,248.5,242.1,242.6,48350
2026-08-05,242.2,243.9,241.1,242.5,39909
2026-08-06,240.0,246.0,239.2,240.1,44619
2026-08-07,244.5,244.5,238.2,240.0,41391
2026-08-10,243.8,243.8,237.4,239.0,21138
2026-08-11,239.1,241.0,238.2,240.0,66626
2026-08-12,240.0,242.5,238.5,240.0,28515
2026-08-13,238.2,243.0,238.2,240.0,40163
2026-08-14,239.2,242.5,239.2,241.9,29726
2026-08-17,243.3,244.6,239.0,244.6,80028
2026-08-18,244.0,244.0,238.3,240.3,53111
2026-08-19,240.0,242.0,237.0,240.5,46783
2026-08-20,240.0,240.9,238.1,240.0,16616
2026-08-21,240.0,241.0,238.0,241.0,42617
2026-08-24,241.0,242.0,237.0,239.7,50938
2026-08-25,241.0,241.7,238.1,239.0,31052
2026-08-26,237.9,239.0,236.7,237.8,40466
2026-08-27,237.0,237.4,233.3,235.5,23140
2026-08-31,235.0,236.0,232.0,233.5,33319
