timestamp,open,high,low,close,volume
2015-06-04,95.26,94.01,94.01,94.01,10
2015-06-07,94.01,95.61,94.01,94.19,3130
2015-06-08,94.19,93.47,91.52,91.69,794
2015-06-09,91.69,93.83,92.58,93.83,548
2015-06-11,93.83,92.76,92.76,92.76,10
2015-06-23,91.52,91.52,90.27,90.27,412
2015-06-24,91.52,91.52,89.02,89.02,600
2015-06-29,89.02,95.08,89.02,95.08,2733
2015-06-30,96.33,99.71,96.15,99.71,5305
2015-07-01,100.6,102.56,99.71,100.24,3482
2015-07-02,100.07,100.07,95.08,95.08,634
2015-07-06,94.9,95.43,94.9,95.43,732
2015-07-07,94.37,94.37,94.37,94.37,155
2015-07-08,93.12,93.12,93.12,93.12,61
2015-07-09,94.37,94.37,94.37,94.37,200
2015-07-12,93.47,94.37,93.12,93.12,530
2015-07-13,91.87,92.94,90.8,92.94,2385
2015-07-14,91.69,91.69,91.69,91.69,310
2015-07-15,90.8,92.58,89.91,92.58,4147
2015-07-16,92.58,92.58,89.91,89.91,3017
2015-07-22,89.91,89.91,87.95,89.02,990
2015-07-23,89.02,89.2,89.02,89.02,385
2015-07-26,89.02,91.34,90.09,91.34,23
2015-07-27,91.34,92.58,91.69,91.69,257
2015-07-28,91.69,90.8,89.02,89.02,1313
2015-07-29,89.02,89.56,89.56,89.56,200
2015-07-30,89.56,90.62,89.02,90.62,583
2015-08-03,90.62,89.38,87.24,87.24,1003
2015-08-04,87.24,88.13,88.13,88.13,300
2015-08-05,88.13,87.95,87.06,87.95,1094
2015-08-06,87.95,89.02,88.13,88.13,547
2015-08-09,88.13,88.13,87.6,87.6,1795
2015-08-12,88.13,89.38,88.13,89.38,853
2015-08-13,90.45,90.45,90.45,90.45,31
2015-08-16,91.69,93.83,91.69,93.83,727
2015-08-17,95.08,100.42,95.08,100.42,6482
2015-08-18,101.49,104.52,100.6,104.52,12961
2015-08-19,105.05,112.18,105.05,112.18,7292
2015-08-20,113.78,115.39,113.07,113.07,3177
2015-08-23,111.47,113.78,111.29,113.78,3301
2015-08-24,115.39,116.99,113.07,113.07,4238
2015-08-25,111.47,112.18,109.69,111.29,1073
2015-08-26,112.18,113.43,111.29,112.71,4575
2015-08-27,113.96,116.63,113.96,115.92,12853
2015-08-31,115.03,116.63,113.96,116.63,5463
2015-09-01,116.63,114.85,112.36,112.36,689
2015-09-02,110.75,110.75,109.51,109.51,840
2015-09-03,107.9,107.9,107.9,107.9,100
2015-09-06,109.51,109.51,107.9,108.08,868
2015-09-07,106.66,106.66,106.48,106.48,1139
2015-09-08,107.19,107.19,107.01,107.01,893
2015-09-09,108.44,108.79,107.01,107.01,2315
2015-09-10,107.01,107.01,105.41,106.84,5503
2015-09-13,105.94,106.3,105.94,106.3,605
2015-09-14,105.94,105.94,105.77,105.77,3300
2015-09-16,105.94,107.19,104.52,107.19,2075
2015-09-17,108.62,108.62,106.84,106.84,1720
2015-09-22,106.12,106.12,104.7,104.7,537
2015-09-23,103.27,103.27,102.38,102.38,656
2015-09-24,102.74,103.27,102.74,103.27,210
2015-09-28,102.38,102.38,102.38,102.38,454
2015-09-30,102.38,102.38,102.38,102.38,2493
2015-10-01,101.49,101.49,101.49,101.49,17
2015-10-05,100.42,100.6,100.42,100.6,411
2015-10-06,100.6,100.6,100.6,100.6,161
2015-10-08,99.18,99.18,97.75,99.0,1172
2015-10-11,97.57,97.57,96.33,96.33,1593
2015-10-14,97.57,97.57,97.57,97.57,385
2015-10-15,96.5,97.39,96.5,97.39,1044
2015-10-28,96.15,96.15,96.15,96.15,580
2015-10-29,95.26,95.26,94.37,94.37,547
2015-11-01,93.12,93.12,92.58,92.58,719
2015-11-02,93.83,93.83,92.76,92.76,1758
2015-11-04,92.41,92.41,92.41,92.41,55
2015-11-05,93.65,93.65,93.65,93.65,14
2015-11-09,93.65,94.9,93.65,94.9,176
2015-11-16,96.15,96.15,96.15,96.15,110
2015-11-18,94.9,98.64,94.9,98.11,1542
2015-11-19,98.11,98.82,98.11,98.28,1546
2015-11-23,97.04,97.04,95.79,96.15,408
2015-11-24,96.15,96.15,95.61,95.61,251
2015-11-25,95.79,96.86,95.61,96.86,327
2015-11-26,95.61,95.61,95.61,95.61,220
2015-12-01,95.61,98.82,95.97,98.82,1830
2015-12-02,97.39,98.64,96.33,98.46,2351
2015-12-04,92.05,94.37,92.05,94.37,323
2015-12-07,93.65,94.37,93.47,94.37,398
2015-12-08,93.3,94.54,93.3,94.54,593
2015-12-09,95.79,97.04,95.79,97.04,1297
2015-12-10,96.15,96.15,96.15,96.15,133
2015-12-13,97.04,97.39,97.04,97.39,477
2015-12-14,96.15,97.04,96.15,97.04,753
2015-12-15,98.28,103.99,98.28,103.99,9766
2015-12-16,105.41,111.11,103.27,104.16,6112
2015-12-17,103.27,108.26,103.27,106.66,2592
2015-12-20,107.55,109.33,108.97,109.33,228
2015-12-21,109.33,107.73,106.12,106.12,906
2015-12-22,107.55,107.55,104.7,104.7,476
2015-12-23,104.7,103.27,103.27,103.27,254
2015-12-24,104.7,110.75,104.7,110.75,13615
2015-12-25,109.15,116.28,109.15,113.43,6755
2015-12-28,113.43,115.03,111.29,115.03,4369
2015-12-29,115.03,119.31,116.28,118.41,9773
2015-12-31,120.2,127.5,119.84,127.5,17000
2016-01-03,129.46,137.48,129.46,137.48,22068
2016-01-04,137.48,139.61,132.67,135.34,17659
2016-01-05,133.2,133.2,129.99,130.17,5747
2016-01-06,128.21,129.1,125.36,129.1,8299
2016-01-07,130.88,134.45,129.1,129.82,4227
2016-01-10,129.82,129.1,125.54,127.5,14912
2016-01-11,125.54,125.54,124.65,124.83,3152
2016-01-12,126.61,126.61,123.58,125.01,2327
2016-01-13,125.01,126.79,126.79,126.79,200
2016-01-14,128.75,131.77,128.75,131.77,220
2016-03-02,133.73,142.11,133.73,142.11,70
2016-03-03,144.24,153.51,144.24,153.51,446
2016-03-06,156.0,165.98,156.0,165.98,1353
2016-03-10,168.65,179.69,168.65,179.69,470
2016-03-13,182.72,194.84,179.69,194.84,46543
2016-03-14,195.55,195.55,183.44,188.6,12331
2016-03-15,185.39,187.53,177.2,186.11,12907
2016-03-16,187.0,187.0,180.05,181.3,3614
2016-03-17,178.27,181.65,176.31,177.73,13574
2016-03-20,180.05,180.05,176.31,176.31,891
2016-03-21,177.2,181.65,176.31,176.31,5307
2016-03-23,174.53,174.53,167.58,168.29,1673
2016-03-24,168.29,167.4,160.46,166.51,6757
2016-03-27,166.51,166.33,158.67,161.17,14104
2016-03-28,161.17,166.51,157.78,163.84,8180
2016-03-29,166.51,170.97,165.62,168.29,6657
2016-03-30,168.29,169.36,165.62,165.62,1376
2016-03-31,165.62,162.95,161.17,161.17,440
2016-04-03,161.17,162.41,156.0,162.41,1419
2016-04-04,162.41,161.52,161.35,161.52,308
2016-04-05,164.2,166.51,164.2,164.73,1401
2016-04-10,164.73,162.95,160.28,160.28,159
2016-04-11,160.28,159.39,155.29,159.39,1530
2016-04-12,159.39,160.28,157.07,160.28,2969
2016-04-14,160.28,165.62,160.28,162.95,2564
2016-04-17,161.17,165.62,160.28,165.62,2866
2016-04-18,165.62,171.68,167.4,171.68,5411
2016-04-19,171.68,169.9,167.94,167.94,1777
2016-04-20,167.94,171.86,168.29,168.29,1044
2016-04-24,168.29,170.07,165.62,170.07,4704
2016-04-25,170.07,173.46,167.22,173.46,12863
2016-04-26,173.46,172.92,165.62,170.07,3599
2016-04-27,170.07,170.07,167.58,167.58,1305
2016-04-28,167.58,170.07,166.51,170.07,8781
2016-05-02,170.07,169.01,166.69,169.01,1097
2016-05-03,169.01,166.33,164.73,164.73,1360
2016-05-04,164.73,167.4,164.73,164.73,2188
2016-05-05,164.73,166.51,162.95,166.33,4008
2016-05-10,169.01,174.53,169.01,173.46,19005
2016-05-11,173.64,180.76,175.24,178.09,20127
2016-05-12,180.76,184.5,180.76,182.54,4305
2016-05-15,183.79,196.08,183.79,196.08,43374
2016-05-16,196.08,207.48,196.08,200.36,60785
2016-05-17,202.14,202.14,195.01,195.01,28317
2016-05-18,195.01,204.81,196.8,203.21,24902
2016-05-19,203.21,212.83,203.74,210.87,33535
2016-05-22,210.87,229.04,214.43,229.04,30687
2016-05-23,229.04,246.5,221.73,244.89,39261
2016-05-24,244.89,250.24,237.77,240.44,21164
2016-05-25,240.44,243.11,232.42,235.1,21199
2016-05-26,235.1,242.76,227.08,239.55,26145
2016-05-29,239.55,260.75,243.65,256.47,22889
2016-05-30,256.47,259.14,248.63,250.24,14122
2016-05-31,250.24,253.8,241.33,241.33,13329
2016-06-01,241.33,242.4,234.2,241.33,17032
2016-06-02,241.33,243.11,237.23,239.55,6048
2016-06-05,239.55,241.33,228.33,228.33,14298
2016-06-06,228.33,238.66,232.25,235.1,18078
2016-06-07,238.66,248.46,238.48,244.18,12768
2016-06-08,244.18,261.82,247.57,260.93,34226
2016-06-09,265.56,284.26,265.38,284.08,52481
2016-06-12,284.08,294.77,269.83,282.48,31705
2016-06-13,282.48,287.47,276.96,280.7,11709
2016-06-14,280.52,289.25,280.34,289.25,15256
2016-06-15,290.32,309.2,290.32,309.02,28301
2016-06-16,309.02,337.17,314.37,337.17,38607
2016-06-19,337.17,336.46,314.37,328.62,32210
2016-06-20,328.62,327.01,314.55,317.4,21800
2016-06-21,317.4,323.27,319.71,320.07,10848
2016-06-22,325.77,331.65,323.27,329.15,13301
2016-06-23,329.15,344.65,331.29,339.13,26268
2016-06-26,339.13,337.53,325.59,330.22,8317
2016-06-27,330.22,329.15,321.49,326.66,8919
2016-06-28,326.66,329.51,316.15,323.99,10042
2016-06-29,323.99,330.93,322.21,323.27,16589
2016-06-30,323.27,324.16,319.71,321.49,7209
2016-07-03,321.49,321.49,316.5,318.46,9964
2016-07-04,318.46,316.15,312.59,312.76,8359
2016-07-05,314.37,320.6,310.8,318.82,11233
2016-07-06,311.87,314.01,303.68,303.68,7232
2016-07-10,303.68,313.48,301.9,305.64,18915
2016-07-11,305.64,311.16,300.12,300.12,5468
2016-07-12,300.12,300.12,279.27,294.95,8486
2016-07-13,294.95,294.77,277.85,294.77,3469
2016-07-14,296.55,296.55,288.54,289.43,10147
2016-07-17,289.43,294.77,281.06,281.06,4968
2016-07-18,281.06,306.35,276.07,306.35,7614
2016-07-19,311.87,328.44,296.02,305.46,9633
2016-07-20,305.46,309.74,302.79,304.93,12556
2016-07-21,304.75,315.44,305.46,310.63,5244
2016-07-25,310.63,321.49,313.48,317.93,11795
2016-07-26,317.93,325.95,317.75,324.7,11692
2016-07-27,324.7,323.27,316.15,318.82,6643
2016-07-28,318.82,329.15,313.12,329.15,11622
2016-07-31,329.15,330.4,321.49,321.85,8644
2016-08-01,321.85,320.25,310.8,320.25,3158
2016-08-02,320.25,317.4,307.6,307.6,6297
2016-08-03,307.6,314.37,304.39,309.02,3940
2016-08-04,309.02,305.46,291.21,292.99,9841
2016-08-07,292.99,310.98,291.21,292.1,15001
2016-08-08,292.1,294.77,282.66,282.66,3964
2016-08-09,287.65,297.98,287.65,297.98,3000
2016-08-10,303.32,308.67,289.43,297.27,14658
2016-08-11,298.87,298.87,290.5,295.66,9515
2016-08-14,290.5,290.5,280.88,280.88,4448
2016-08-15,276.07,294.59,268.05,276.07,6885
2016-08-16,279.63,284.8,275.0,280.52,17246
2016-08-17,285.51,297.44,285.51,295.13,18126
2016-08-21,295.13,303.5,293.88,293.88,3291
2016-08-22,293.88,293.88,283.55,286.76,3341
2016-08-23,288.54,294.77,283.19,285.86,2030
2016-08-24,291.03,311.7,289.43,311.7,18515
2016-08-28,317.22,334.67,312.59,328.62,40381
2016-08-29,328.97,334.5,321.49,324.34,18515
2016-08-30,325.06,326.48,313.48,320.25,10455
2016-08-31,319.71,330.22,319.71,325.06,12695
2016-09-01,325.41,326.84,319.18,326.66,9311
2016-09-04,326.84,327.01,321.49,325.06,3066
2016-09-05,325.06,325.06,322.38,322.92,2809
2016-09-06,326.84,331.82,321.49,325.06,11909
2016-09-07,329.51,344.65,328.44,343.76,43234
2016-09-08,349.1,349.82,341.09,342.87,30563
2016-09-11,340.2,349.99,340.2,348.21,18186
2016-09-12,349.99,358.19,348.21,356.94,31464
2016-09-14,362.29,366.92,358.9,360.68,32540
2016-09-18,361.4,367.1,353.56,355.34,15188
2016-09-20,361.75,361.75,345.72,347.32,15998
2016-09-21,341.09,347.32,339.13,346.43,11376
2016-09-22,342.87,342.87,339.48,339.48,7635
2016-09-25,342.87,342.87,339.48,339.48,7635
2016-09-26,332.18,338.77,330.22,335.74,9927
2016-09-27,340.2,340.2,333.96,335.57,4389
2016-09-28,332.18,333.96,329.51,332.36,2153
2016-09-29,332.18,335.74,328.62,332.54,14715
2016-10-02,334.85,341.09,333.96,339.13,4300
2016-10-03,344.65,352.49,344.65,344.65,7833
2016-10-04,350.89,357.3,344.65,353.2,20004
2016-10-05,357.12,357.12,348.21,355.34,25467
2016-10-06,356.94,360.33,356.23,359.61,21963
2016-10-16,366.38,366.38,332.18,346.61,29688
2016-10-17,348.21,352.67,341.8,351.78,31880
2016-10-18,351.87,364.79,352.7,356.87,4136
2016-10-19,358.54,358.75,354.37,354.58,1708
2016-10-20,354.79,358.54,354.79,354.79,3930
2016-10-23,361.25,361.25,354.58,360.0,4602
2016-10-24,364.17,364.17,357.08,360.0,6205
2016-10-25,362.08,362.08,357.29,358.12,3944
2016-10-26,358.12,358.12,355.0,356.87,2523
2016-10-27,361.04,361.04,354.79,354.79,2282
2016-11-03,349.58,355.83,349.58,353.74,1930
2016-11-07,350.62,350.62,346.45,346.45,1248
2016-11-08,345.62,347.49,340.2,340.2,1184
2016-11-09,340.2,346.45,334.99,337.9,2070
2016-11-10,340.2,340.2,334.15,335.82,2844
2016-11-13,334.99,337.07,328.11,328.11,3595
2016-11-14,327.9,342.28,327.69,342.28,1850
2016-11-15,340.2,340.2,333.11,333.94,3001
2016-11-16,336.03,336.03,330.82,330.82,303
2016-11-17,329.78,329.78,322.06,323.52,3103
2016-11-20,317.69,326.65,303.31,306.85,2229
2016-11-21,302.68,315.19,298.3,299.55,7097
2016-11-22,295.39,304.35,294.14,299.55,4058
2016-11-23,295.59,300.6,282.88,287.67,4428
2016-11-24,291.84,297.05,277.67,278.09,4935
2016-11-27,273.5,274.54,253.08,253.08,8006
2016-11-28,248.7,273.5,240.15,273.5,7850
2016-11-29,268.92,287.05,259.54,283.92,12393
2016-11-30,287.05,303.93,287.05,301.64,11692
2016-12-01,307.06,312.48,286.01,301.85,9722
2016-12-04,298.51,302.68,291.43,291.43,5200
2016-12-05,286.42,289.34,280.8,281.01,5542
2016-12-06,285.59,291.01,281.84,282.88,5155
2016-12-07,283.92,288.09,282.88,283.92,1310
2016-12-08,280.8,281.84,277.67,280.8,1935
2016-12-11,281.84,281.84,272.67,272.88,935
2016-12-12,274.54,274.54,260.58,271.42,11888
2016-12-14,278.3,278.3,268.71,269.33,10397
2016-12-15,273.5,278.09,269.13,269.13,4932
2016-12-18,273.92,275.17,270.38,275.17,959
2016-12-19,275.38,275.38,266.42,266.42,2410
2016-12-20,266.83,269.33,266.21,266.21,4967
2016-12-21,261.62,269.13,257.66,259.95,2947
2016-12-22,264.33,264.54,256.83,256.83,2471
2016-12-26,253.08,253.08,242.24,242.24,6628
2016-12-27,238.07,241.2,230.78,234.74,6285
2016-12-28,235.99,243.28,233.9,235.36,2175
2016-12-29,239.32,255.99,237.24,245.37,3700
2017-01-01,249.53,256.83,249.53,252.87,5207
2017-01-02,257.25,261.83,250.99,258.91,3630
2017-01-03,255.79,256.83,249.95,250.58,1468
2017-01-04,246.41,254.33,246.41,246.62,2480
2017-01-05,249.53,249.53,249.53,249.53,100
2017-01-08,250.58,250.58,246.82,250.37,276
2017-01-09,250.58,254.74,249.53,250.58,2010
2017-01-10,252.66,257.25,252.66,256.83,3516
2017-01-11,255.79,255.79,250.58,254.95,1379
2017-01-12,259.33,259.33,254.74,254.74,1118
2017-01-15,256.83,256.83,252.87,252.87,166
2017-01-16,248.49,251.2,244.11,251.2,2083
2017-01-17,250.58,261.41,250.58,256.83,2015
2017-01-18,259.95,259.95,255.79,255.79,2475
2017-01-19,259.95,264.54,258.91,262.66,2083
2017-01-22,261.0,261.0,255.79,256.83,2304
2017-01-23,255.79,256.83,250.58,256.83,3747
2017-01-24,252.66,252.66,246.2,246.41,2135
2017-01-25,242.24,245.16,235.99,236.82,3328
2017-01-26,232.86,240.99,228.9,236.4,2800
2017-01-30,232.23,232.23,215.56,215.56,9567
2017-01-31,213.06,219.31,204.93,214.94,4462
2017-02-01,218.48,233.48,214.73,233.48,2870
2017-02-02,237.44,241.61,225.56,229.52,2297
2017-02-05,225.56,226.61,220.35,222.44,1130
2017-02-06,219.31,219.31,213.48,215.14,4586
2017-02-07,213.06,215.14,212.02,212.02,2189
2017-02-08,210.98,210.98,205.76,208.89,2004
2017-02-09,205.35,206.81,198.47,198.47,3318
2017-02-12,195.34,195.34,181.38,181.38,5139
2017-02-13,178.46,187.84,170.12,187.84,4451
2017-02-14,184.92,192.22,182.84,182.84,3285
2017-02-15,185.76,198.26,185.76,198.26,4785
2017-02-16,201.6,215.14,198.47,215.14,9403
2017-02-19,215.14,233.9,208.89,231.61,10699
2017-02-20,235.57,251.83,235.57,240.15,22604
2017-02-21,244.32,252.87,233.9,240.99,12481
2017-02-22,245.16,246.41,234.94,240.15,7594
2017-02-23,235.99,244.32,231.82,241.2,5124
2017-02-26,238.28,239.95,235.99,238.07,4286
2017-02-28,233.9,235.99,230.78,235.78,3717
2017-03-01,239.74,243.91,235.99,241.2,5199
2017-03-02,241.2,245.16,238.07,244.53,4844
2017-03-05,246.41,252.66,244.74,249.95,6374
2017-03-06,253.08,253.08,245.99,249.53,7075
2017-03-07,245.16,249.33,236.82,243.07,6051
2017-03-09,245.37,253.49,244.95,250.58,8341
2017-03-13,254.95,256.41,248.7,249.53,9787
2017-03-14,251.2,251.2,247.03,247.03,5748
2017-03-15,244.32,248.28,240.15,245.37,5177
2017-03-16,246.41,250.16,244.32,246.41,15177
2017-03-19,246.3,269.13,250.68,269.13,10031
2017-03-20,274.13,294.14,274.13,294.14,12953
2017-03-21,299.45,321.34,291.01,318.83,25665
2017-03-22,324.77,329.78,301.95,301.95,13046
2017-03-23,307.58,312.89,296.32,307.89,11423
2017-03-26,313.52,324.46,313.52,321.96,12498
2017-03-28,321.96,342.91,325.09,342.28,9028
2017-03-29,342.28,364.17,342.28,342.28,25395
2017-03-30,342.28,353.22,339.16,339.78,10465
2017-04-02,346.03,371.98,346.03,371.98,3828
2017-04-03,378.86,407.31,378.86,389.18,35154
2017-04-04,392.3,404.18,380.42,394.8,18087
2017-04-06,394.8,402.31,384.8,392.3,13964
2017-04-09,399.81,401.68,384.17,390.74,6360
2017-04-10,392.3,417.0,386.05,401.68,12000
2017-04-11,409.19,415.75,395.74,410.12,13831
2017-04-12,412.62,441.7,407.93,407.93,29707
2017-04-13,407.93,418.88,392.62,408.25,9309
2017-04-16,411.06,411.06,380.11,381.67,6043
2017-04-18,376.67,387.61,362.6,370.42,12830
2017-04-19,370.42,389.49,368.86,389.18,12944
2017-04-20,396.37,411.37,395.43,396.99,11375
2017-04-23,404.5,434.82,404.5,411.06,9931
2017-04-24,414.19,414.19,401.68,402.62,7167
2017-04-25,410.12,410.12,396.68,396.68,2858
2017-04-26,404.18,404.18,389.18,391.05,3630
2017-04-27,385.42,399.81,385.42,392.3,5990
2017-04-30,384.8,392.3,384.8,385.11,3782
2017-05-02,377.92,391.68,377.92,383.24,6067
2017-05-03,389.49,392.3,384.49,386.05,3555
2017-05-04,386.05,386.05,374.48,378.23,3517
2017-05-07,371.36,371.36,367.29,367.29,567
2017-05-08,361.04,381.67,361.04,371.98,1660
2017-05-09,371.98,382.92,370.42,381.36,3483
2017-05-11,384.49,384.49,373.54,379.8,2013
2017-05-15,379.8,386.99,376.67,376.67,2182
2017-05-16,376.67,376.67,362.6,376.67,1062
2017-05-17,376.67,376.98,372.29,372.92,1609
2017-05-18,372.92,375.11,371.04,373.54,3494
2017-05-21,367.29,369.48,363.23,364.17,11112
2017-05-22,365.73,366.98,361.35,364.79,15130
2017-05-23,361.66,378.23,361.66,371.67,8113
2017-05-24,371.67,373.54,367.29,370.42,1075
2017-05-28,363.54,368.86,361.66,365.42,5994
2017-05-30,365.42,365.42,357.29,361.04,2968
2017-05-31,361.04,374.8,351.66,368.86,12544
2017-06-01,371.98,371.98,361.04,364.48,4506
2017-06-04,364.17,365.73,359.16,360.1,4388
2017-06-05,361.04,367.92,360.73,361.04,3785
2017-06-06,367.29,368.86,361.04,368.86,6963
2017-06-07,370.42,372.92,363.54,364.79,4370
2017-06-08,361.04,365.73,361.04,363.85,3362
2017-06-11,361.04,362.6,353.22,353.22,5960
2017-06-12,346.66,355.41,340.09,351.66,4440
2017-06-13,351.66,355.1,346.97,350.1,10460
2017-06-14,350.1,351.35,350.1,351.35,223
2017-06-15,345.1,361.04,337.59,356.35,15513
2017-06-18,356.35,359.48,351.66,351.66,830
2017-06-19,346.03,350.1,341.03,350.1,960
2017-06-20,345.41,346.97,342.28,344.47,1570
2017-06-21,343.84,343.84,340.72,341.03,1135
2017-06-22,342.28,342.91,334.47,336.03,4199
2017-06-25,339.78,340.41,338.53,339.16,2849
2017-06-27,341.66,341.66,339.16,339.16,808
2017-06-28,336.65,339.16,335.4,336.03,1700
2017-07-02,330.09,336.03,329.78,331.34,1165
2017-07-03,332.9,339.16,329.78,331.34,1290
2017-07-04,330.09,331.34,330.09,331.34,2126
2017-07-05,331.34,331.34,323.52,328.21,2222
2017-07-06,334.15,340.09,334.15,340.09,4698
2017-07-09,340.09,348.53,325.4,340.72,10993
2017-07-10,342.28,342.28,329.78,332.9,4583
2017-07-11,329.78,335.72,329.78,334.47,3746
2017-07-12,340.72,340.72,330.09,334.78,7018
2017-07-13,330.4,332.59,328.53,329.78,7212
2017-07-16,329.78,339.16,326.65,334.15,1952
2017-07-17,336.03,338.84,333.53,338.84,4694
2017-07-18,345.1,351.66,339.47,351.66,10564
2017-07-19,354.79,374.8,351.66,361.04,28204
2017-07-20,367.29,373.54,359.48,371.67,41998
2017-07-23,376.67,392.3,375.73,380.11,39975
2017-07-24,380.11,391.99,374.17,381.05,32122
2017-07-25,382.92,387.3,379.8,382.61,33393
2017-07-26,387.61,412.0,381.05,409.5,78874
2017-07-27,414.19,414.19,395.74,398.24,47476
2017-07-30,396.99,417.0,389.18,415.75,72095
2017-07-31,414.19,417.0,405.43,406.06,31415
2017-08-01,407.0,407.93,397.31,403.25,18618
2017-08-02,403.25,407.93,398.87,401.68,7957
2017-08-03,401.68,409.19,398.56,402.31,12073
2017-08-06,400.12,401.68,395.74,396.68,11508
2017-08-07,395.43,395.43,390.74,392.93,12593
2017-08-09,396.68,400.12,392.93,393.87,14712
2017-08-10,392.3,397.93,392.3,395.74,9574
2017-08-13,394.8,397.62,392.3,393.55,12149
2017-08-15,390.74,392.3,389.18,392.3,7489
2017-08-16,391.99,396.99,391.05,394.8,8429
2017-08-17,390.74,392.3,389.49,392.3,6144
2017-08-20,394.8,394.8,389.18,389.18,3767
2017-08-21,390.74,390.74,386.68,389.18,4509
2017-08-22,389.8,398.56,384.49,386.05,11328
2017-08-23,387.61,390.43,378.86,382.92,23915
2017-08-24,382.92,390.74,382.92,390.74,18820
2017-08-27,390.74,393.87,382.92,386.68,9152
2017-08-28,386.99,387.61,383.86,387.61,3020
2017-08-30,387.61,389.18,379.8,379.8,9445
2017-08-31,379.8,381.36,375.11,377.92,12796
2017-09-04,373.54,381.36,368.86,368.86,12443
2017-09-06,375.73,381.36,371.04,379.17,6295
2017-09-07,379.8,379.8,372.29,375.73,5126
2017-09-10,376.36,376.36,361.04,361.04,8370
2017-09-11,362.6,379.8,361.04,373.54,6397
2017-09-12,370.42,371.98,361.04,361.66,7312
2017-09-13,361.04,371.36,354.16,357.91,12757
2017-09-14,351.66,371.98,351.66,370.42,10202
2017-09-17,376.67,376.67,367.29,373.54,5722
2017-09-18,376.67,376.67,372.29,372.61,3999
2017-09-20,370.42,382.3,363.85,375.73,9292
2017-09-24,373.54,373.86,370.42,371.04,1170
2017-09-25,373.54,376.05,371.67,373.86,2351
2017-09-26,369.17,374.8,369.17,374.8,2716
2017-10-04,375.11,376.67,370.11,370.11,810
2017-10-08,363.23,363.23,351.66,359.48,4841
2017-10-09,356.35,364.17,355.41,363.85,3984
2017-10-10,358.54,367.29,358.23,361.35,2239
2017-10-11,365.73,366.98,361.04,364.48,4706
2017-10-12,361.04,364.48,361.04,364.48,6186
2017-10-15,363.23,363.23,361.04,361.66,2510
2017-10-16,368.54,385.74,368.54,384.49,16658
2017-10-17,390.74,391.99,378.23,386.05,25891
2017-10-18,387.61,389.18,381.36,387.61,12248
2017-10-22,389.18,392.3,380.42,381.36,7190
2017-10-23,380.42,386.99,379.8,379.8,19046
2017-10-24,379.74,386.82,373.4,374.9,7660
2017-10-25,371.54,372.29,369.31,371.17,3904
2017-10-29,365.95,366.7,364.46,365.58,1994
2017-10-30,369.31,369.31,358.5,358.5,5106
2017-10-31,353.28,359.62,353.28,354.77,3319
2017-11-01,353.65,355.89,351.42,354.77,6744
2017-11-02,352.54,358.13,352.54,352.54,4139
2017-11-05,354.4,354.4,345.08,346.57,4010
2017-11-06,346.57,352.54,343.22,343.22,6789
2017-11-07,349.55,349.55,343.59,345.08,4868
2017-11-08,343.96,344.71,338.75,342.1,3843
2017-11-09,338.37,346.95,336.14,341.36,2803
2017-11-12,341.36,347.69,339.49,346.2,1488
2017-11-13,350.67,352.54,345.08,352.54,8838
2017-11-14,352.91,361.85,348.81,361.48,8474
2017-11-15,361.48,361.85,352.54,354.77,7280
2017-11-16,352.54,352.54,347.32,347.69,5101
2017-11-19,347.32,346.95,336.14,343.22,1635
2017-11-20,349.55,355.14,339.49,339.49,2445
2017-11-21,344.34,345.83,342.1,345.08,2074
2017-11-22,339.87,348.81,339.87,348.44,2900
2017-11-23,348.81,353.28,346.95,349.93,1800
2017-11-26,349.93,357.75,349.93,352.91,4587
2017-11-27,352.91,356.26,350.67,350.67,3595
2017-11-28,352.54,352.54,348.81,352.54,3035
2017-11-29,352.54,360.36,346.2,356.26,3643
2017-11-30,353.28,359.99,351.42,358.13,3557
2017-12-04,355.89,356.26,350.67,351.79,2457
2017-12-05,352.91,352.91,348.81,350.67,4400
2017-12-06,352.54,356.26,352.54,356.26,4917
2017-12-10,362.97,362.97,348.81,348.81,6500
2017-12-11,353.65,353.65,346.95,352.54,4380
2017-12-12,352.16,352.16,345.83,346.95,2782
2017-12-13,348.81,352.54,348.81,348.81,1373
2017-12-14,348.81,348.81,345.08,348.06,195
2017-12-17,345.08,345.08,342.47,345.08,4590
2017-12-18,341.36,344.71,340.98,342.85,10273
2017-12-19,340.24,343.22,339.49,340.61,1312
2017-12-20,337.26,339.49,330.18,330.18,8781
2017-12-21,330.18,333.53,328.31,331.29,2884
2017-12-24,333.53,335.77,330.18,330.18,4791
2017-12-26,324.59,324.59,318.25,321.61,8682
2017-12-27,315.64,324.59,311.54,314.9,13343
2017-12-28,309.68,322.72,305.95,316.76,9424
2017-12-31,311.54,320.86,308.93,316.02,6399
2018-01-01,320.11,332.04,311.54,330.18,9764
2018-01-02,326.45,328.69,313.03,323.47,15232
2018-01-03,322.72,322.72,314.15,314.52,9750
2018-01-04,315.27,317.13,315.27,315.64,5698
2018-01-07,315.27,321.23,315.27,318.25,1363
2018-01-08,320.86,323.1,319.0,321.23,3371
2018-01-09,321.23,327.2,321.98,322.72,6513
2018-01-10,319.0,320.86,317.13,317.88,3302
2018-01-14,317.51,317.51,313.78,314.52,600
2018-01-16,312.29,313.41,308.93,311.54,6176
2018-01-17,310.05,321.23,307.82,317.13,1485
2018-01-21,311.54,313.41,307.44,309.68,6044
2018-01-22,307.82,307.82,306.7,306.7,1453
2018-01-23,306.7,306.7,302.23,302.97,2469
2018-01-24,297.38,304.09,294.77,304.09,1162
2018-01-25,303.34,309.68,303.34,309.68,1410
2018-01-28,309.68,309.68,306.33,307.82,1474
2018-01-29,307.82,311.17,305.21,305.21,169
2018-01-31,299.62,307.07,299.62,307.07,1714
2018-02-01,307.82,308.19,306.33,307.82,1270
2018-02-04,307.82,308.56,304.84,305.21,1135
2018-02-05,302.6,302.97,301.11,302.23,2478
2018-02-06,305.95,305.95,300.36,304.09,678
2018-02-07,304.09,304.09,297.01,299.25,1444
2018-02-08,296.64,300.36,295.15,300.36,868
2018-02-11,298.5,299.62,296.64,297.75,780
2018-02-12,296.64,296.64,292.54,294.03,4292
2018-02-14,294.77,304.46,294.77,304.46,2319
2018-02-15,304.46,315.27,299.25,307.44,11109
2018-02-18,307.44,315.27,302.97,304.09,14175
2018-02-20,305.21,306.7,299.25,299.25,8024
2018-02-21,298.87,298.87,298.87,298.87,17
2018-02-22,302.97,302.97,297.38,297.38,1020
2018-02-25,302.97,302.97,293.28,294.77,4138
2018-02-26,292.91,298.13,289.18,291.05,4450
2018-02-27,292.91,296.64,287.32,294.03,4032
2018-02-28,289.93,289.93,279.49,288.81,4837
2018-03-04,288.81,288.81,268.31,272.41,9447
2018-03-05,277.26,277.26,263.1,263.1,6931
2018-03-06,263.1,267.94,248.19,256.39,10696
2018-03-07,260.86,265.71,251.92,261.61,6002
2018-03-11,261.61,263.47,248.19,250.05,5878
2018-03-12,250.05,257.88,248.19,251.92,3229
2018-03-13,248.56,251.92,247.82,251.92,4096
2018-03-14,248.19,251.17,244.46,251.17,1724
2018-03-15,251.92,254.15,251.55,253.41,2213
2018-03-18,252.66,252.66,250.05,251.92,2170
2018-03-19,250.05,250.05,246.33,248.19,1550
2018-03-20,244.46,244.46,240.74,242.6,5590
2018-03-21,242.6,242.6,232.91,237.01,7081
2018-03-22,236.64,244.46,231.79,233.28,7372
2018-03-26,228.07,228.07,216.52,216.52,10233
2018-03-27,212.79,232.91,197.14,220.24,7849
2018-03-28,223.97,229.56,214.65,218.38,13938
2018-03-29,222.11,225.83,217.63,225.83,8107
2018-04-01,223.97,223.97,213.91,220.24,4578
2018-04-02,221.36,222.11,217.26,218.38,2098
2018-04-03,220.61,223.97,218.38,220.61,1560
2018-04-04,224.34,231.42,223.22,230.3,5685
2018-04-05,234.4,242.6,226.58,241.86,22599
2018-04-08,240.74,264.96,240.74,262.72,42860
2018-04-09,267.57,272.41,257.88,259.74,34454
2018-04-10,264.22,269.43,251.17,257.51,14860
2018-04-11,254.15,259.37,251.17,258.63,7535
2018-04-12,261.23,265.71,259.37,264.22,9647
2018-04-15,264.22,268.31,255.64,268.31,9179
2018-04-16,264.96,287.69,264.96,287.32,40735
2018-04-17,287.32,306.7,287.32,304.09,24080
2018-04-18,307.07,311.54,292.91,296.64,28049
2018-04-19,296.64,307.44,292.91,296.64,15580
2018-04-22,294.77,317.13,293.28,315.27,28531
2018-04-23,320.86,324.59,308.56,309.31,31539
2018-04-24,304.09,318.62,304.09,310.8,20120
2018-04-25,304.84,314.9,304.09,308.19,8119
2018-04-26,313.78,313.78,297.01,297.38,14821
2018-04-29,296.64,305.95,294.77,298.87,9938
2018-05-02,298.87,307.82,294.03,304.09,6086
2018-05-03,309.68,311.92,305.95,307.07,14972
2018-05-06,307.07,312.66,307.07,308.19,3770
2018-05-07,305.95,307.44,304.84,304.84,6071
2018-05-08,310.43,310.43,304.09,308.56,6565
2018-05-09,308.56,309.68,307.07,307.44,4733
2018-05-10,307.44,307.82,300.36,305.95,10280
2018-05-14,307.82,310.05,302.6,305.95,6578
2018-05-15,306.33,306.33,304.09,305.95,1464
2018-05-16,302.6,304.09,301.11,302.6,3541
2018-05-17,302.6,311.54,301.11,309.68,11584
2018-05-20,314.9,317.13,310.05,311.54,19315
2018-05-21,311.54,311.54,308.19,309.68,4353
2018-05-22,314.9,314.9,304.46,304.46,5983
2018-05-23,305.21,305.58,303.34,305.21,5715
2018-05-24,305.58,305.95,299.99,302.23,16811
2018-05-27,302.97,302.97,289.93,293.66,37350
2018-05-28,293.8,305.23,281.29,305.23,20168
2018-05-29,305.23,312.3,299.25,308.49,21052
2018-05-30,307.95,316.11,299.79,307.95,8556
2018-05-31,307.41,312.3,304.69,304.69,8278
2018-06-03,299.25,307.41,288.91,295.98,10968
2018-06-04,291.08,305.23,285.64,290.0,10918
2018-06-06,295.44,306.32,291.08,295.44,6132
2018-06-07,296.53,302.51,288.36,288.36,10363
2018-06-10,293.26,293.26,279.66,279.66,6465
2018-06-11,275.85,292.72,272.04,285.64,10692
2018-06-12,282.92,291.08,277.48,283.47,3392
2018-06-13,285.64,288.91,281.83,285.1,3289
2018-06-14,285.64,288.36,282.92,287.28,3892
2018-06-17,281.83,288.36,281.83,284.56,1338
2018-06-18,280.2,287.82,278.57,287.82,1800
2018-06-19,283.47,283.47,277.48,282.92,1333
2018-06-20,282.92,282.92,278.57,279.11,250
2018-06-21,280.2,284.01,275.31,278.57,3386
2018-06-24,280.2,289.45,280.2,280.2,712
2018-06-25,282.92,282.92,275.31,275.85,2592
2018-06-26,274.76,275.31,273.67,275.31,2100
2018-06-27,276.94,282.38,274.22,279.66,3077
2018-06-28,274.76,277.48,274.22,276.94,4653
2018-07-01,273.13,273.13,270.95,270.95,4211
2018-07-02,266.6,276.39,266.6,267.69,4676
2018-07-03,272.59,274.76,272.04,272.04,1352
2018-07-04,269.87,279.66,269.32,279.11,1621
2018-07-05,282.38,293.8,277.48,293.26,13040
2018-07-08,298.7,299.25,285.64,286.19,9285
2018-07-09,284.01,288.36,282.92,284.56,4677
2018-07-10,288.91,289.45,285.1,285.1,5959
2018-07-11,285.1,297.07,285.1,285.64,6596
2018-07-12,282.92,282.92,279.11,280.2,3207
2018-07-15,285.64,285.64,280.75,282.92,221
2018-07-16,282.92,291.08,282.92,291.08,3167
2018-07-17,291.08,291.08,283.47,283.47,2450
2018-07-18,278.57,283.47,278.57,280.75,1405
2018-07-19,280.75,280.75,272.04,276.94,26542
2018-07-22,274.76,274.76,272.04,273.13,5222
2018-07-23,274.76,280.2,274.76,280.2,6236
2018-07-24,282.38,285.1,277.48,278.57,11480
2018-07-25,272.04,277.48,272.04,276.94,12444
2018-07-26,274.76,275.85,272.59,275.85,5426
2018-07-29,275.85,279.66,274.22,274.22,1995
2018-07-30,274.22,276.39,272.04,272.04,2921
2018-07-31,272.04,274.76,272.04,272.04,3892
2018-08-01,271.5,276.39,270.95,276.39,3467
2018-08-02,274.76,274.76,270.95,271.5,1664
2018-08-05,269.32,274.22,269.32,270.41,473
2018-08-06,270.41,272.04,270.41,270.41,3141
2018-08-07,270.41,270.41,266.06,266.06,1947
2018-08-08,263.88,270.95,262.25,267.69,3575
2018-08-09,265.51,266.6,261.7,261.7,4517
2018-08-12,261.7,262.79,256.81,259.53,8973
2018-08-13,258.98,263.88,258.98,259.53,5475
2018-08-14,256.81,268.78,256.81,268.78,3719
2018-08-15,267.14,281.29,263.34,276.39,9840
2018-08-16,277.48,280.2,272.59,273.67,7667
2018-08-19,272.59,272.59,264.42,264.42,2387
2018-08-20,266.6,266.6,261.7,261.7,2797
2018-08-21,258.44,267.14,258.44,263.34,14768
2018-08-22,260.07,261.16,258.44,258.44,9708
2018-08-23,263.34,263.34,258.44,260.07,5496
2018-08-26,258.44,263.34,257.35,263.34,1790
2018-08-28,260.07,260.07,256.81,258.98,5134
2018-08-29,258.98,258.98,256.26,256.26,3455
2018-08-30,255.72,261.16,255.17,257.9,1971
2018-09-02,257.9,263.34,257.9,261.16,3043
2018-09-03,266.06,268.23,261.16,262.79,7498
2018-09-04,261.16,267.14,258.98,263.34,1738
2018-09-05,261.16,275.85,261.16,272.04,9197
2018-09-06,277.48,280.2,267.14,271.5,12098
2018-09-09,269.32,270.41,263.34,263.34,3965
2018-09-10,263.34,263.34,261.16,262.25,1651
2018-09-11,266.6,268.23,263.88,263.88,695
2018-09-12,263.88,263.88,263.88,263.88,114
2018-09-13,263.88,269.32,263.88,265.51,2482
2018-09-16,265.51,280.2,264.97,274.76,10854
2018-09-17,274.76,288.36,272.04,282.38,19540
2018-09-18,287.82,289.45,278.57,286.73,20027
2018-09-20,282.92,287.28,279.66,279.66,4797
2018-09-23,274.76,280.2,274.76,278.57,3035
2018-09-25,277.48,285.1,275.85,285.1,4387
2018-09-26,290.54,290.54,280.2,282.92,6757
2018-09-27,280.75,280.75,276.94,277.48,5805
2018-09-30,274.76,276.94,273.67,276.94,1050
2018-10-01,272.59,274.22,267.69,267.69,5095
2018-10-02,269.32,274.22,269.32,269.87,2747
2018-10-03,269.32,273.67,264.97,264.97,2538
2018-10-04,266.6,269.32,262.25,262.79,4397
2018-10-07,267.69,267.69,258.44,262.25,1011
2018-10-08,267.14,267.14,263.34,263.34,1258
2018-10-09,263.34,268.23,262.25,265.51,3440
2018-10-10,261.16,266.06,260.62,266.06,286
2018-10-11,261.16,263.88,261.16,263.88,1273
2018-10-14,268.78,273.67,267.69,273.67,442
2018-10-15,274.76,274.76,266.6,268.78,3390
2018-10-22,272.04,272.59,272.04,272.04,576
2018-10-23,272.04,272.04,261.7,267.69,2111
2018-10-24,265.51,266.6,262.25,264.42,9190
2018-10-25,262.25,267.14,261.16,261.7,4866
2018-10-28,257.35,258.98,254.09,254.09,8967
2018-10-29,251.37,254.09,245.38,245.38,6886
2018-10-30,250.28,255.17,249.19,251.91,7911
2018-10-31,250.28,252.45,249.73,250.82,2489
2018-11-01,250.28,253.54,250.28,252.45,6091
2018-11-04,250.28,250.28,250.28,250.28,2523
2018-11-05,251.37,254.63,251.37,253.0,1296
2018-11-14,248.65,255.72,245.93,249.73,3393
2018-11-15,249.73,250.28,248.1,249.19,3599
2018-11-18,249.19,249.19,243.75,244.84,3392
2018-11-19,245.38,245.93,239.94,244.84,2577
2018-11-20,244.84,245.38,241.03,243.21,3842
2018-11-21,243.21,243.21,238.85,239.4,2354
2018-11-22,239.4,239.4,235.59,237.22,3485
2018-11-25,237.22,237.22,224.16,224.16,2320
2018-11-26,224.29,229.6,224.29,227.43,4369
2018-11-27,227.69,232.87,224.16,229.06,2607
2018-11-28,229.06,229.06,223.07,223.07,2849
2018-11-29,223.07,223.07,218.72,220.9,2394
2018-12-02,220.9,220.9,212.74,213.28,7340
2018-12-03,213.28,224.71,213.28,218.18,5727
2018-12-04,218.18,221.99,218.18,219.81,1806
2018-12-06,210.02,215.46,206.75,214.91,3150
2018-12-09,214.91,218.72,212.19,218.72,1385
2018-12-10,218.72,221.99,216.54,217.63,4764
2018-12-11,217.63,221.44,214.91,214.91,2090
2018-12-12,214.91,217.63,213.82,214.91,753
2018-12-13,214.91,223.07,214.91,219.81,2843
2018-12-16,219.81,227.97,219.81,227.97,4206
2018-12-17,227.97,239.4,226.34,239.4,4432
2018-12-18,239.4,243.75,226.34,231.78,13121
2018-12-19,231.78,236.68,227.43,231.78,3131
2018-12-20,231.78,236.68,230.15,233.41,4723
2018-12-23,233.41,250.28,233.41,247.56,17720
2018-12-24,247.56,256.81,238.31,242.66,26425
2018-12-25,243.21,247.56,238.85,243.21,6549
2018-12-26,243.21,260.07,243.21,260.07,32206
2018-12-27,260.07,273.67,256.81,258.98,39559
2018-12-30,258.98,268.78,255.72,259.53,12020
2018-12-31,259.53,261.16,250.28,253.0,12206
2019-01-01,253.0,258.44,251.37,252.45,7011
2019-01-02,252.45,253.0,245.38,245.38,5638
2019-01-03,245.38,255.17,242.12,249.19,3754
2019-01-06,249.19,251.91,241.57,244.84,10701
2019-01-07,244.84,250.28,243.75,245.93,15902
2019-01-08,245.93,249.19,245.93,248.65,7585
2019-01-09,248.65,251.37,246.47,249.73,10080
2019-01-10,249.73,250.28,247.01,250.28,4479
2019-01-13,250.28,250.28,245.93,245.93,1524
2019-01-14,245.93,247.56,243.21,243.21,5126
2019-01-15,243.21,255.17,243.21,254.63,19171
2019-01-16,254.63,259.53,248.65,249.19,10902
2019-01-17,249.19,253.0,246.47,247.56,4775
2019-01-20,247.56,247.56,242.12,246.47,3332
2019-01-21,246.47,246.47,242.12,243.75,4950
2019-01-22,243.75,247.01,242.66,245.93,4138
2019-01-23,245.93,246.47,243.75,246.47,3733
2019-01-24,246.47,246.47,244.29,244.29,3971
2019-01-27,244.29,244.29,239.4,242.66,6567
2019-01-28,242.66,249.19,239.4,249.19,1704
2019-01-29,249.19,249.19,241.03,243.21,3547
2019-01-30,243.21,244.84,241.57,243.75,1499
2019-01-31,243.75,243.75,239.94,239.94,4562
2019-02-03,238.85,239.94,237.22,237.22,2602
2019-02-04,234.5,237.22,232.87,233.96,9258
2019-02-05,233.96,237.22,233.41,235.59,2176
2019-02-06,234.5,236.13,232.87,233.96,2566
2019-02-07,232.87,236.68,231.78,233.96,2821
2019-02-10,233.41,233.96,228.51,229.06,4391
2019-02-11,233.41,233.96,229.06,229.06,1007
2019-02-12,229.6,229.6,224.71,226.88,3962
2019-02-13,226.88,226.88,221.99,223.07,6308
2019-02-14,219.27,223.07,217.63,219.27,5499
2019-02-17,223.62,227.97,219.27,220.9,3421
2019-02-18,221.99,221.99,219.27,220.9,4209
2019-02-19,224.71,231.78,220.9,231.78,6357
2019-02-20,235.04,235.59,220.35,220.35,4739
2019-02-21,217.63,225.79,217.63,225.25,1711
2019-02-24,221.99,225.25,218.18,218.72,2339
2019-02-25,219.81,224.71,217.63,221.99,1675
2019-02-26,226.34,226.34,218.72,218.72,3064
2019-02-27,220.35,225.25,218.72,221.99,1484
2019-03-03,223.07,223.07,219.27,219.27,3306
2019-03-05,217.63,222.53,217.63,220.9,2388
2019-03-06,220.35,223.07,217.63,223.07,9348
2019-03-07,225.25,227.43,221.44,227.43,9901
2019-03-09,223.07,227.43,218.18,227.43,3764
2019-03-10,223.07,227.43,218.18,227.43,3764
2019-03-11,223.62,229.06,223.62,228.51,16022
2019-03-12,237.22,237.22,226.88,230.69,12171
2019-03-13,230.69,233.96,226.88,226.88,11217
2019-03-14,222.53,231.24,222.53,230.69,4804
2019-03-17,231.24,231.24,227.43,228.51,3990
2019-03-18,232.87,232.87,225.25,227.43,4368
2019-03-19,223.62,227.43,223.07,227.43,6234
2019-03-21,223.07,224.71,223.07,223.07,4807
2019-03-24,220.9,223.07,220.35,220.35,3411
2019-03-25,220.9,224.71,220.35,223.07,2068
2019-03-26,223.62,225.79,223.07,225.79,419
2019-03-27,225.79,223.07,222.53,223.07,1224
2019-03-28,222.53,223.62,221.44,221.44,1900
2019-03-31,221.44,223.07,220.35,220.35,1001
2019-04-01,220.35,222.53,220.35,221.99,5955
2019-04-02,222.53,226.34,222.53,225.25,3127
2019-04-03,225.79,227.97,221.44,221.44,3974
2019-04-04,223.07,223.07,220.9,221.44,5150
2019-04-07,220.35,221.44,219.27,220.35,6606
2019-04-08,220.35,239.94,220.9,234.5,19977
2019-04-09,231.24,235.59,225.79,225.79,9469
2019-04-10,223.07,228.51,223.07,228.51,1372
2019-04-11,228.51,228.51,225.25,227.43,2463
2019-04-15,227.43,227.43,225.79,225.79,600
2019-04-16,223.07,228.51,223.07,226.34,15264
2019-04-17,226.34,236.13,226.34,227.43,4728
2019-04-18,224.16,230.69,223.62,230.15,6277
2019-04-21,231.24,231.24,223.62,227.97,7304
2019-04-22,228.51,236.68,227.43,227.43,10870
2019-04-23,231.24,233.96,226.88,232.32,4896
2019-04-24,231.24,233.41,229.6,232.32,6905
2019-04-25,233.96,239.4,232.32,233.96,14171
2019-04-28,238.31,255.17,237.22,250.82,30808
2019-04-29,253.0,255.72,239.94,242.12,20592
2019-04-30,239.4,239.4,235.59,236.68,8299
2019-05-02,234.5,237.22,232.32,236.68,4208
2019-05-05,232.87,232.87,229.06,229.06,5662
2019-05-06,226.34,233.41,226.34,232.32,2388
2019-05-07,231.24,233.96,228.51,232.32,2810
2019-05-08,236.68,236.68,225.25,225.79,10989
2019-05-09,229.6,233.96,227.43,230.69,4396
2019-05-12,232.87,232.87,226.88,230.15,4889
2019-05-13,226.88,228.51,226.34,226.88,5563
2019-05-14,227.43,228.51,226.88,228.51,4008
2019-05-15,225.79,227.97,225.79,226.88,7166
2019-05-16,225.79,228.51,225.25,228.51,7226
2019-05-19,224.16,227.43,223.07,227.43,4010
2019-05-20,223.07,223.07,221.99,222.53,4461
2019-05-21,221.99,227.43,219.81,223.62,6944
2019-05-22,226.34,231.24,220.9,225.25,4876
2019-05-23,223.62,224.71,223.07,224.16,5380
2019-05-26,225.25,225.79,221.99,221.99,3499
2019-05-27,219.81,223.07,219.81,221.44,1687
2019-05-28,218.18,222.53,217.63,220.35,3072
2019-05-29,221.44,223.07,219.81,221.99,5717
2019-05-30,226.34,230.15,220.35,220.35,11053
2019-06-02,221.44,222.53,218.18,218.72,4609
2019-06-03,223.07,223.07,217.63,219.27,6889
2019-06-04,216.54,218.72,216.54,218.72,5388
2019-06-06,217.63,217.63,214.91,215.46,2838
2019-06-10,214.91,217.63,213.28,214.91,3030
2019-06-11,214.91,215.46,212.19,213.82,3160
2019-06-12,213.28,213.82,210.56,211.1,3484
2019-06-13,210.02,212.74,207.84,207.84,4549
2019-06-16,206.21,211.1,206.21,210.56,8346
2019-06-17,206.75,212.19,202.94,205.66,2735
2019-06-18,207.3,209.47,207.3,207.84,804
2019-06-19,211.1,211.1,203.49,206.75,4651
2019-06-20,217.09,217.09,206.75,209.47,6110
2019-06-23,207.3,208.93,204.58,205.12,12603
2019-06-24,205.12,206.75,204.58,205.12,738
2019-06-25,204.03,205.12,204.03,204.03,2685
2019-06-26,204.03,205.12,203.49,203.49,2773
2019-06-27,204.03,204.03,202.94,204.03,2670
2019-06-30,207.84,207.84,198.59,198.59,2634
2019-07-01,198.59,200.22,198.59,198.59,3028
2019-07-02,198.59,201.31,198.59,201.31,2383
2019-07-03,204.03,207.3,201.85,205.12,9902
2019-07-04,207.84,207.84,201.31,205.12,4666
2019-07-07,202.4,206.21,201.31,202.94,10172
2019-07-08,203.49,203.49,201.31,201.31,3658
2019-07-09,198.05,201.31,198.05,199.13,2288
2019-07-10,196.41,198.59,195.87,198.05,5452
2019-07-11,195.87,195.87,194.78,194.78,4870
2019-07-14,198.59,198.59,194.78,196.41,1874
2019-07-15,198.05,198.59,196.96,198.05,958
2019-07-16,198.59,199.13,198.05,198.05,1863
2019-07-17,199.13,203.49,199.13,203.49,999
2019-07-18,203.49,205.12,202.4,204.58,10880
2019-07-21,208.38,208.38,204.58,204.58,60
2019-07-22,201.31,202.4,200.22,202.4,2270
2019-07-23,202.94,205.12,202.4,202.4,2576
2019-07-24,202.94,206.75,202.94,206.75,3628
2019-07-25,205.12,205.12,199.68,200.77,2498
2019-07-28,196.96,198.59,193.15,195.87,6975
2019-07-29,195.33,199.68,193.69,193.69,6480
2019-07-30,192.06,195.87,192.06,193.69,3903
2019-07-31,194.24,201.31,194.24,196.41,2728
2019-08-01,200.22,204.03,199.68,202.4,6492
2019-08-04,199.68,202.94,199.68,202.4,4871
2019-08-05,200.22,204.03,200.22,201.31,3269
2019-08-06,201.31,201.85,200.22,200.22,717
2019-08-07,198.05,198.59,198.05,198.59,456
2019-08-08,198.59,198.59,196.41,196.41,734
2019-08-11,192.61,192.61,191.52,191.52,1843
2019-08-12,190.43,193.15,190.43,191.52,1130
2019-08-13,190.43,190.43,188.8,189.88,4148
2019-08-14,190.43,193.15,189.88,190.97,1836
2019-08-15,189.34,190.97,188.8,189.34,841
2019-08-18,190.43,194.24,189.88,189.88,7021
2019-08-19,189.34,192.06,188.25,188.8,4229
2019-08-20,192.06,193.15,188.8,189.34,3761
2019-08-21,187.71,190.43,186.62,187.71,1691
2019-08-22,189.88,190.43,188.25,189.88,1017
2019-08-25,187.71,187.71,187.16,187.71,899
2019-08-26,189.34,189.34,184.44,186.62,3021
2019-08-27,186.62,187.16,183.36,183.36,4758
2019-08-28,184.44,186.62,180.09,180.09,3032
2019-08-29,180.09,183.36,179.55,179.55,2800
2019-09-01,177.92,179.55,177.92,179.55,1407
2019-09-02,179.55,179.55,176.83,178.46,2399
2019-09-03,179.55,183.9,171.93,183.9,2931
2019-09-04,182.27,187.16,181.18,181.18,1589
2019-09-05,181.18,184.44,179.0,179.0,4362
2019-09-08,179.0,179.0,176.28,178.46,1720
2019-09-09,175.19,175.74,175.19,175.19,738
2019-09-10,173.02,174.65,171.39,171.39,6821
2019-09-11,169.75,171.93,169.75,170.3,4057
2019-09-12,170.3,170.3,166.49,167.58,4594
2019-09-15,167.58,167.58,162.14,162.14,7390
2019-09-16,163.77,163.77,157.78,158.87,10081
2019-09-17,161.59,167.58,161.59,164.86,4323
2019-09-18,168.12,174.11,168.12,174.11,6001
2019-09-19,171.39,173.56,165.95,165.95,8085
2019-09-22,163.22,166.49,161.59,161.59,1810
2019-09-23,161.05,167.58,161.05,163.22,3701
2019-09-24,165.95,166.49,163.22,166.49,3306
2019-09-26,164.31,165.4,163.22,163.22,2931
2019-09-29,161.05,164.86,161.05,164.86,869
2019-09-30,164.86,170.84,164.86,169.75,1948
2019-10-01,168.67,171.93,167.03,170.84,5487
2019-10-02,169.75,169.75,169.21,169.21,567
2019-10-03,171.39,171.93,168.12,169.75,3284
2019-10-10,171.39,171.39,169.75,169.75,35
2019-10-14,169.75,169.75,165.4,165.4,659
2019-10-15,164.31,170.3,164.31,170.3,1328
2019-10-16,167.58,167.58,166.49,167.58,957
2019-10-17,166.49,167.03,165.95,166.49,1779
2019-10-21,163.22,171.93,163.22,166.49,1886
2019-10-22,164.31,168.67,164.31,168.67,1999
2019-10-23,167.58,171.39,167.03,167.03,1843
2019-10-24,170.3,171.39,170.3,171.39,1880
2019-10-31,171.39,171.39,168.67,169.75,1855
2019-11-03,168.67,169.75,168.67,168.67,2121
2019-11-04,167.58,168.67,167.58,168.67,1381
2019-11-05,171.39,171.39,169.21,169.75,603
2019-11-06,169.21,169.21,168.67,168.67,1201
2019-11-07,171.93,171.93,168.67,168.67,2759
2019-11-10,168.67,171.93,168.67,171.93,5414
2019-11-11,169.21,171.39,169.21,171.39,552
2019-11-12,169.21,169.21,168.67,168.67,410
2019-11-13,169.21,169.21,168.67,168.67,410
2019-11-14,168.67,169.21,168.67,169.21,3875
2019-11-17,169.75,169.75,168.67,168.67,3085
2019-11-18,169.21,169.75,168.67,169.75,3665
2019-11-19,170.3,170.3,169.75,169.75,150
2019-11-20,170.3,170.3,168.67,169.21,913
2019-11-21,169.21,169.21,166.49,166.49,6407
2019-11-24,165.95,168.67,165.95,168.67,3840
2019-11-25,168.67,168.67,163.22,163.22,6665
2019-11-26,163.77,165.95,163.22,163.22,655
2019-11-27,163.77,163.77,163.22,163.77,1635
2019-11-28,165.95,165.95,163.22,164.31,106
2019-12-01,161.59,163.22,159.42,159.42,1908
2019-12-02,161.05,161.05,158.87,159.96,1296
2019-12-03,160.5,163.22,159.96,159.96,2994
2019-12-04,160.5,173.56,160.5,173.56,2894
2019-12-05,173.56,174.65,170.3,173.02,15588
2019-12-08,170.3,170.3,167.03,169.75,1429
2019-12-09,173.02,178.46,173.02,174.11,11792
2019-12-10,177.37,177.92,171.39,174.11,5799
2019-12-11,174.11,183.36,174.11,183.36,5478
2019-12-12,184.44,198.59,178.46,192.61,36654
2019-12-15,193.15,194.78,182.27,187.16,35286
2019-12-16,184.99,186.08,179.55,180.64,9126
2019-12-17,179.55,184.99,177.92,183.36,5094
2019-12-18,180.09,183.36,180.09,182.27,3140
2019-12-19,182.27,182.27,177.92,179.0,6290
2019-12-22,176.83,176.83,175.19,176.83,3167
2019-12-23,180.09,188.25,176.83,182.81,5485
2019-12-24,182.81,185.53,181.18,183.9,3340
2019-12-25,182.27,186.08,179.0,181.18,11308
2019-12-26,182.27,183.36,181.18,181.18,5530
2019-12-29,181.18,181.18,179.55,181.18,2704
2019-12-30,182.27,186.62,180.64,182.27,5104
2019-12-31,184.99,184.99,179.55,179.55,4730
2020-01-01,179.55,181.18,179.0,181.18,687
2020-01-02,180.09,181.72,179.0,179.0,6294
2020-01-05,181.18,186.08,180.09,181.72,7248
2020-01-06,182.81,186.08,181.18,183.36,5186
2020-01-07,183.9,187.71,183.36,184.99,11320
2020-01-08,187.71,188.8,182.81,183.9,9559
2020-01-09,186.08,192.06,186.08,190.43,27642
2020-01-12,194.24,209.47,194.24,208.93,50470
2020-01-13,213.28,218.72,202.94,209.47,36448
2020-01-14,212.74,214.91,202.94,207.84,21865
2020-01-15,211.65,212.19,206.21,206.75,7200
2020-01-16,210.56,214.37,205.66,212.74,27465
2020-01-19,212.74,233.96,212.74,233.96,58173
2020-01-20,237.22,239.4,221.44,223.07,71098
2020-01-21,224.71,237.22,220.9,231.24,29025
2020-01-22,231.24,233.96,226.88,231.78,21808
2020-01-23,229.06,236.68,226.88,229.06,67372
2020-01-26,224.52,228.51,219.95,219.95,14336
2020-01-27,217.66,227.37,217.09,226.8,14294
2020-01-28,230.23,237.08,228.51,235.37,32843
2020-01-29,239.37,239.94,230.23,233.09,10984
2020-01-30,237.66,253.65,233.09,245.65,79979
2020-02-02,244.51,259.36,241.65,259.36,103404
2020-02-03,259.36,265.08,255.37,260.51,72863
2020-02-04,264.51,264.51,254.22,256.51,48316
2020-02-05,261.08,261.08,252.51,258.79,21616
2020-02-06,254.22,259.94,249.65,251.94,18758
2020-02-09,247.37,254.79,243.37,248.51,22722
2020-02-10,243.94,254.22,243.94,251.37,14367
2020-02-11,255.94,258.22,251.94,255.37,30458
2020-02-12,259.94,265.08,254.79,262.79,61400
2020-02-13,267.36,279.36,266.79,273.08,88829
2020-02-16,276.5,292.5,276.5,291.36,70354
2020-02-17,296.5,299.93,285.64,286.21,67242
2020-02-18,287.93,288.5,276.5,282.22,41125
2020-02-19,279.36,286.79,277.07,285.07,21761
2020-02-20,285.07,303.35,281.64,302.21,61420
2020-02-23,307.35,313.07,290.21,302.78,42633
2020-02-24,302.78,305.64,292.5,293.07,26233
2020-02-25,298.21,303.35,291.36,303.35,58503
2020-02-26,309.07,314.21,297.07,307.35,55487
2020-02-27,301.64,308.49,294.21,296.5,41000
2020-03-01,296.5,299.93,286.79,286.79,42037
2020-03-02,281.07,291.36,258.22,258.22,20265
2020-03-03,258.22,281.64,244.51,269.65,42376
2020-03-04,268.5,279.36,249.08,254.22,35361
2020-03-05,250.22,269.65,246.8,255.94,31526
2020-03-10,251.37,251.37,235.37,237.08,14185
2020-03-11,241.65,254.22,237.66,254.22,16928
2020-03-12,258.79,263.93,239.94,239.94,34527
2020-03-15,237.08,238.8,223.94,225.09,24039
2020-03-16,221.09,237.66,213.66,224.52,24538
2020-03-17,221.66,221.66,209.66,211.38,25202
2020-03-18,210.23,217.66,199.95,205.66,17547
2020-03-19,196.52,212.52,193.1,207.95,19961
2020-03-22,205.66,205.66,199.95,205.66,730
2020-05-12,201.66,201.66,199.95,199.95,20
2020-05-13,195.95,195.95,194.24,194.24,30
2020-06-29,190.81,195.38,177.1,194.24,7574
2020-06-30,194.24,197.67,194.24,197.67,570
2020-07-01,201.09,217.09,201.09,217.09,100
2020-07-02,221.09,225.66,210.23,213.09,7932
2020-07-05,213.09,231.37,211.38,223.94,11994
2020-07-06,226.8,237.08,224.52,237.08,12264
2020-07-07,241.65,260.51,241.65,260.51,22740
2020-07-08,261.08,273.65,251.37,260.51,17530
2020-07-09,255.37,272.5,254.22,265.08,9438
2020-07-12,270.22,271.36,261.65,268.5,12304
2020-07-13,265.65,268.5,263.36,265.65,12761
2020-07-14,268.5,270.79,263.36,266.79,13791
2020-07-15,271.93,274.22,267.36,271.36,14363
2020-07-16,271.93,282.22,271.36,275.36,11299
2020-07-19,280.5,285.64,280.5,285.64,20
2020-07-20,291.36,302.78,274.79,279.93,36188
2020-07-21,284.5,292.5,279.36,285.07,42213
2020-07-22,284.5,289.64,283.93,285.64,35987
2020-07-23,291.36,296.5,284.5,293.64,40710
2020-07-26,295.36,302.78,293.64,300.5,27815
2020-07-27,295.36,305.64,291.36,291.36,23062
2020-07-28,289.07,295.93,287.93,291.36,15966
2020-07-29,296.5,296.5,279.36,281.64,23566
2020-07-30,276.5,286.79,276.5,283.36,21756
2020-08-02,279.93,282.22,264.51,273.65,43250
2020-08-03,277.65,281.64,269.65,275.93,10109
2020-08-05,270.79,273.65,265.65,267.36,13055
2020-08-06,271.36,276.5,261.65,271.36,34916
2020-08-09,268.5,273.65,263.36,273.08,11350
2020-08-10,286.21,286.21,273.08,285.64,33600
2020-08-11,283.36,291.36,279.93,282.79,34210
2020-08-12,282.79,295.36,279.93,290.21,60234
2020-08-13,285.07,294.21,283.36,285.64,16243
2020-08-16,299.93,299.93,282.22,287.36,23880
2020-08-17,301.64,301.64,285.64,296.5,59091
2020-08-18,296.5,302.78,294.21,299.93,47455
2020-08-19,294.21,297.07,288.5,293.07,47160
2020-08-20,289.64,295.36,289.64,293.64,6653
2020-08-23,294.78,308.49,293.07,307.35,80251
2020-08-24,311.35,318.78,308.49,311.92,107911
2020-08-25,316.49,317.64,305.07,317.64,68498
2020-08-26,314.21,325.63,311.92,319.92,78058
2020-08-27,335.92,335.92,316.49,323.92,95536
2020-08-30,323.92,342.2,318.21,342.2,60523
2020-08-31,348.49,352.48,339.34,349.63,134630
2020-09-02,359.91,359.91,331.35,334.2,110307
2020-09-03,328.49,350.2,328.49,340.49,66570
2020-09-06,351.34,351.34,325.06,337.06,64826
2020-09-07,331.92,337.06,326.78,330.78,35400
2020-09-08,331.35,342.2,325.63,337.06,30522
2020-09-09,339.34,346.2,338.77,345.63,57552
2020-09-10,346.2,356.48,346.2,351.34,34227
2020-09-13,357.05,366.19,349.63,359.91,88085
2020-09-14,359.91,366.77,349.63,351.34,47507
2020-09-15,344.49,356.48,344.49,350.77,45906
2020-09-16,353.63,362.2,348.49,358.2,58449
2020-09-17,362.77,363.34,355.34,355.91,29255
2020-09-20,357.05,357.05,350.2,351.91,14554
2020-09-21,351.34,355.34,349.63,351.91,26745
2020-09-22,348.49,353.63,343.91,348.49,45976
2020-09-23,349.06,350.2,341.63,348.49,18871
2020-09-24,350.77,351.34,345.06,345.06,13239
2020-09-27,351.34,351.34,342.77,342.77,24685
2020-09-28,348.49,348.49,342.2,343.34,11501
2020-09-29,342.77,347.34,336.49,337.06,29753
2020-09-30,343.34,343.34,331.35,337.06,29640
2020-10-01,341.63,352.48,337.63,351.91,51144
2020-10-04,355.34,362.2,350.2,351.91,33152
2020-10-05,335.35,355.91,335.35,348.49,22211
2020-10-06,365.62,365.62,342.77,346.2,14181
2020-10-07,342.2,351.34,340.49,350.77,15313
2020-10-08,357.63,357.63,345.63,348.49,18072
2020-10-11,342.77,346.77,341.06,342.77,14837
2020-10-12,341.06,345.06,340.49,342.77,7897
2020-10-13,342.77,342.77,339.34,340.49,7709
2020-10-14,337.06,343.34,335.92,339.92,13822
2020-10-15,341.63,345.63,336.49,336.49,16827
2020-10-18,334.2,335.92,333.06,334.2,7348
2020-10-19,335.92,338.77,334.2,335.35,7148
2020-10-20,340.49,341.06,335.92,336.49,6975
2020-10-21,342.2,342.2,336.49,338.77,3078
2020-10-22,338.2,341.06,336.49,336.49,8585
2020-10-28,342.77,342.77,335.35,342.2,12056
2020-10-29,342.77,348.49,341.63,345.06,14968
2020-11-01,341.06,347.34,341.06,343.91,7752
2020-11-02,350.77,350.77,341.06,341.06,9450
2020-11-03,345.63,351.34,341.63,341.63,11123
2020-11-04,342.77,346.2,338.2,340.49,9432
2020-11-05,340.49,340.49,335.92,337.06,8991
2020-11-08,337.06,345.63,337.06,341.06,20335
2020-11-09,339.34,347.34,339.34,341.06,16359
2020-11-10,342.77,351.34,342.77,350.77,40239
2020-11-11,350.77,357.63,350.77,355.34,59694
2020-11-12,358.77,362.2,347.91,349.06,15926
2020-11-18,352.48,363.91,348.49,363.91,54434
2020-11-19,365.62,384.48,365.62,377.05,92554
2020-11-22,379.91,382.19,356.48,371.34,91733
2020-11-23,365.05,366.19,361.05,362.77,30718
2020-11-24,365.62,377.05,362.77,371.34,84753
2020-11-25,377.05,387.33,371.34,379.91,65164
2020-11-26,387.33,389.62,369.05,377.05,96829
2020-11-29,376.48,378.76,366.77,374.19,64989
2020-11-30,371.34,391.33,371.34,379.91,77095
2020-12-01,374.19,385.62,373.05,374.19,50090
2020-12-02,381.62,401.61,374.76,388.48,100176
2020-12-03,395.9,399.9,374.76,385.05,66098
2020-12-06,385.05,385.05,359.91,359.91,52273
2020-12-07,359.91,383.9,359.91,379.91,36966
2020-12-08,386.76,387.33,368.48,375.34,41122
2020-12-09,371.34,371.34,362.77,363.34,26584
2020-12-10,365.62,371.34,363.34,367.91,29270
2020-12-13,371.34,374.19,364.48,371.91,32235
2020-12-14,377.05,382.76,371.34,381.62,30839
2020-12-15,385.62,395.9,378.19,381.62,34966
2020-12-16,382.76,383.9,372.48,380.48,29803
2020-12-17,399.33,399.33,369.62,375.91,32659
2020-12-20,377.05,377.05,354.2,354.2,40410
2020-12-21,353.06,370.19,340.49,358.2,36992
2020-12-22,365.05,371.34,362.77,368.48,21753
2020-12-23,371.34,382.76,365.62,365.62,15206
2020-12-24,365.62,365.62,359.91,363.91,25578
2020-12-27,357.05,368.48,351.34,351.34,16326
2020-12-28,354.2,361.05,348.49,356.48,9435
2020-12-29,356.48,361.05,355.34,355.34,11879
2020-12-30,353.06,357.05,353.06,356.48,10228
2020-12-31,355.91,363.34,355.34,355.34,14301
2021-01-03,373.05,373.05,359.91,365.05,20746
2021-01-04,371.34,378.76,365.62,367.91,21541
2021-01-05,371.34,371.91,367.34,370.77,17074
2021-01-06,371.34,384.48,365.62,380.48,59831
2021-01-07,380.48,397.04,380.48,386.76,70533
2021-01-10,394.19,401.61,387.33,388.48,33154
2021-01-11,391.33,395.9,389.62,392.47,24985
2021-01-12,391.33,407.33,385.62,406.76,77719
2021-01-13,407.9,419.9,406.19,410.18,52910
2021-01-17,415.33,418.18,409.61,416.47,60183
2021-01-18,437.03,457.03,412.47,447.32,129121
2021-01-19,457.03,465.6,442.18,457.03,111470
2021-01-20,459.31,459.89,449.6,457.03,66359
2021-01-21,454.17,488.45,450.75,473.03,100808
2021-01-24,479.88,497.02,469.03,477.02,109000
2021-01-25,486.17,488.45,470.74,474.17,61706
2021-01-26,474.17,514.16,463.89,494.16,150939
2021-01-27,493.59,517.01,493.59,515.87,98118
2021-01-28,524.44,553.58,522.73,547.29,102708
2021-01-31,547.29,547.29,515.3,533.01,105725
2021-02-01,531.3,547.86,528.44,543.29,99328
2021-02-02,554.15,579.29,542.15,578.71,127127
2021-02-03,605.56,605.56,554.15,562.72,116070
2021-02-04,567.86,576.43,546.72,570.14,69967
2021-02-07,580.43,592.42,563.86,590.14,90450
2021-02-08,594.14,594.14,571.29,582.71,71793
2021-02-09,582.14,582.14,568.43,574.14,50494
2021-02-10,574.14,577.57,566.72,575.86,71397
2021-02-11,574.14,585.57,564.43,567.29,43570
2021-02-14,570.72,570.72,530.15,539.29,109799
2021-02-15,566.15,571.29,542.72,559.86,106078
2021-02-16,565.57,570.14,539.87,553.58,53674
2021-02-17,558.15,558.15,531.3,550.72,79246
2021-02-18,550.72,556.43,541.01,545.58,41535
2021-02-21,571.29,571.29,534.15,534.15,33846
2021-02-22,560.43,560.43,521.01,525.58,33281
2021-02-23,519.3,519.87,497.02,518.16,86283
2021-02-24,528.44,538.72,521.01,530.73,35211
2021-02-25,539.87,539.87,519.87,523.87,28646
2021-02-28,524.44,524.44,504.45,504.45,48911
2021-03-01,504.45,524.44,502.73,514.16,40418
2021-03-02,539.87,539.87,497.02,502.73,34659
2021-03-03,493.59,507.87,489.02,489.02,40334
2021-03-04,498.73,517.01,498.73,509.59,29553
2021-03-07,505.59,514.16,498.16,499.3,22077
2021-03-09,502.73,503.3,493.02,497.59,16326
2021-03-10,491.31,500.45,490.74,496.45,10620
2021-03-14,491.31,494.16,479.88,481.02,21498
2021-03-15,475.31,499.88,474.17,475.31,14180
2021-03-16,479.88,484.45,471.88,477.02,12364
2021-03-17,477.02,486.17,474.17,485.59,11849
2021-03-18,485.59,501.02,485.59,497.02,16560
2021-03-21,497.02,514.16,497.02,513.59,24658
2021-03-22,522.73,528.44,499.88,501.59,15164
2021-03-24,508.45,513.59,501.59,502.73,22548
2021-03-25,511.87,521.01,502.16,506.73,21025
2021-03-29,505.59,514.16,502.16,509.02,15694
2021-03-30,517.01,535.87,517.01,534.15,54215
2021-03-31,559.86,559.86,538.15,552.43,52395
2021-04-01,552.43,565.57,546.15,551.86,84156
2021-04-04,579.29,588.43,559.86,579.86,184032
2021-04-05,596.99,596.99,566.15,568.43,93042
2021-04-06,563.86,570.72,553.01,554.15,33116
2021-04-07,559.86,559.86,541.58,545.01,39804
2021-04-08,545.58,555.29,545.58,547.86,22277
2021-04-12,554.15,566.72,549.58,559.86,54114
2021-04-13,559.86,570.72,552.43,553.58,24085
2021-04-15,557.0,564.43,548.44,552.43,17923
2021-04-18,552.43,555.29,542.72,545.58,18389
2021-04-19,554.15,554.15,537.01,537.58,28034
2021-04-20,532.44,547.86,531.87,535.3,26897
2021-04-21,539.87,542.72,525.58,527.3,16635
2021-04-22,522.73,537.01,517.01,537.01,21167
2021-04-25,537.01,537.01,513.59,514.16,36242
2021-04-26,503.88,521.59,497.59,501.59,26377
2021-04-27,508.45,529.01,505.59,527.87,26338
2021-04-28,527.87,532.44,517.59,519.3,7102
2021-04-29,529.58,540.44,519.87,539.87,52580
2021-05-02,559.86,567.86,541.01,564.43,57632
2021-05-03,571.29,577.0,554.15,557.0,37056
2021-05-04,559.86,559.86,549.58,553.01,24214
2021-05-05,553.01,559.86,547.86,554.15,25487
2021-05-06,554.15,563.86,550.15,555.29,153690
2021-05-23,547.35,565.57,546.09,559.29,24356
2021-05-24,560.55,564.32,554.89,556.78,21208
2021-05-25,551.12,566.83,549.86,566.2,31614
2021-05-27,553.01,575.0,549.86,556.15,28254
2021-05-30,566.83,578.14,559.29,564.95,28041
2021-05-31,574.37,574.37,553.63,554.26,31603
2021-06-01,544.21,559.92,543.58,551.12,17889
2021-06-02,551.12,573.74,551.12,564.95,45017
2021-06-03,578.14,578.77,558.66,564.32,37840
2021-06-06,571.86,571.86,558.03,558.03,37982
2021-06-07,531.01,568.72,531.01,559.29,20458
2021-06-08,564.95,598.25,558.03,595.11,107055
2021-06-09,624.65,654.18,603.28,652.3,352311
2021-06-10,684.34,685.6,652.3,653.55,140224
2021-06-13,659.84,659.84,622.76,652.92,137681
2021-06-14,654.18,703.83,644.13,703.83,175369
2021-06-15,691.26,730.22,691.26,692.51,103955
2021-06-16,697.54,697.54,651.04,659.84,81888
2021-06-17,659.84,681.83,646.64,658.58,63797
2021-06-20,666.12,673.03,623.39,639.1,95442
2021-06-21,642.24,642.24,607.68,615.85,86905
2021-06-22,615.85,639.73,603.91,628.42,47584
2021-06-23,640.98,640.98,605.16,625.27,47457
2021-06-24,634.7,634.7,605.16,610.19,27285
2021-06-27,621.5,621.5,608.31,615.22,11367
2021-06-28,625.9,625.9,609.56,610.82,13707
2021-06-29,621.5,621.5,595.74,603.91,16949
2021-06-30,592.6,605.79,591.34,595.11,21973
2021-07-01,593.22,616.48,593.22,603.28,17508
2021-07-04,603.28,609.56,596.37,605.16,9849
2021-07-05,605.16,609.56,594.48,600.14,9919
2021-07-06,590.71,609.56,590.71,593.22,10376
2021-07-07,604.54,615.85,590.71,596.37,10902
2021-07-08,591.34,602.65,590.71,602.65,13616
2021-07-11,603.91,612.71,602.02,602.65,10228
2021-07-12,609.56,609.56,587.57,602.02,19738
2021-07-13,631.56,631.56,593.85,602.65,9637
2021-07-14,613.96,613.96,590.71,590.71,9713
2021-07-15,590.71,603.28,590.71,603.28,41730
2021-07-18,615.34,627.79,605.16,627.79,44798
2021-07-19,634.7,647.9,627.79,633.44,67439
2021-07-20,637.84,637.84,622.76,637.84,31784
2021-07-22,639.73,647.39,629.04,640.98,62569
2021-07-25,641.61,659.84,640.98,653.62,69350
2021-07-26,652.92,659.84,647.9,652.92,35364
2021-07-27,644.38,705.08,644.38,702.57,78535
2021-07-28,691.89,716.39,683.72,716.39,111698
2021-07-29,717.65,721.42,693.77,700.68,69638
2021-08-01,714.7,718.91,673.1,678.69,57402
2021-08-02,672.47,678.69,657.32,665.49,76162
2021-08-03,669.26,680.07,662.98,672.4,87333
2021-08-04,678.06,683.72,664.24,668.01,55696
2021-08-05,670.52,674.92,654.81,656.07,57301
2021-08-08,644.44,656.07,634.7,638.47,59060
2021-08-09,641.61,651.67,638.47,639.73,25413
2021-08-10,640.98,662.98,639.73,655.44,38923
2021-08-11,668.51,668.63,651.67,653.55,33338
2021-08-12,653.55,669.26,640.98,652.92,32857
2021-08-15,639.92,658.27,622.13,628.42,51048
2021-08-16,631.56,636.59,625.27,628.35,29300
2021-08-17,628.42,628.42,618.99,620.25,21429
2021-08-18,616.48,647.27,609.56,628.42,42947
2021-08-19,637.21,678.69,628.42,652.92,113504
2021-08-24,653.55,678.06,639.98,642.24,45017
2021-08-25,640.98,640.98,616.48,621.5,35968
2021-08-26,633.44,633.44,616.48,618.99,30956
2021-08-29,628.42,630.93,601.39,607.05,29019
2021-08-31,596.37,606.42,584.43,589.77,43635
2021-09-01,589.45,615.85,578.14,598.88,42700
2021-09-02,610.76,610.82,576.89,581.28,24503
2021-09-05,569.97,578.14,550.49,558.03,32301
2021-09-06,568.72,596.37,548.61,593.85,20470
2021-09-07,584.43,600.14,571.86,578.14,20544
2021-09-08,566.83,570.6,556.15,559.29,20449
2021-09-09,562.43,565.57,551.75,563.69,13358
2021-09-12,571.23,571.23,556.15,566.2,11409
2021-09-13,576.89,580.03,559.42,565.57,19021
2021-09-14,571.86,571.86,556.15,558.03,7291
2021-09-15,567.46,568.09,546.97,547.35,7655
2021-09-16,539.81,543.58,514.67,521.59,37324
2021-09-20,521.59,521.59,495.82,502.73,24648
2021-09-21,493.31,519.7,473.64,502.73,19399
2021-09-22,512.79,527.24,503.36,523.97,10605
2021-09-23,528.5,533.59,504.99,515.93,10928
2021-09-26,525.98,525.98,497.71,497.71,13140
2021-09-27,488.91,497.08,480.74,483.88,7320
2021-09-28,474.33,502.73,467.54,473.2,19662
2021-09-29,482.62,492.05,463.96,491.99,14810
2021-09-30,500.85,501.79,475.71,475.71,7739
2021-10-03,476.34,476.34,459.37,465.59,10087
2021-10-04,465.03,471.31,461.32,468.11,6884
2021-10-05,476.97,476.97,465.03,473.83,5655
2021-10-06,468.8,508.95,468.8,496.39,15919
2021-10-10,502.73,512.16,483.88,488.91,8516
2021-10-11,479.48,482.62,471.31,482.62,6876
2021-10-17,482.62,498.96,473.2,490.16,6929
2021-10-18,481.43,481.43,464.4,469.43,6201
2021-10-19,460.13,487.78,455.6,468.8,11807
2021-10-20,477.6,483.88,473.07,478.22,4943
2021-10-21,475.08,477.6,468.8,468.8,5819
2021-10-24,468.8,477.6,468.8,471.94,8005
2021-10-25,466.28,504.62,466.28,504.62,8845
2021-10-26,504.62,535.41,503.36,524.1,13524
2021-10-27,515.3,554.45,505.87,533.46,17246
2021-10-28,524.73,537.3,515.93,532.27,2582
2021-10-31,530.38,563.69,530.38,559.29,12850
2021-11-01,569.97,569.97,544.9,549.86,14213
2021-11-02,546.09,581.28,530.26,553.01,13308
2021-11-03,563.37,563.37,544.21,546.72,5016
2021-11-08,557.28,557.4,527.93,529.75,5228
2021-11-09,531.01,531.01,509.02,516.56,8363
2021-11-11,506.5,512.16,496.45,501.79,7251
2021-11-14,493.31,510.9,493.31,497.71,4457
2021-11-15,502.73,511.53,499.59,507.76,6562
2021-11-16,512.79,556.15,509.65,556.15,13261
2021-11-17,561.8,561.8,540.44,544.84,12010
2021-11-18,533.96,541.69,525.36,527.87,8521
2021-11-21,517.88,536.67,517.88,529.13,4188
2021-11-22,519.26,560.86,519.26,532.9,7184
2021-11-23,537.3,537.3,509.02,517.81,5090
2021-11-24,509.65,527.87,509.65,524.73,3946
2021-11-25,516.62,525.98,515.3,515.93,4702
2021-11-28,509.08,509.08,496.45,498.33,11825
2021-11-29,490.16,502.73,489.85,492.68,7389
2021-11-30,501.48,501.48,483.88,498.96,5454
2021-12-01,501.48,501.48,493.31,493.93,2037
2021-12-02,484.51,496.45,480.74,482.75,8363
2021-12-05,474.52,487.02,452.46,464.4,10545
2021-12-06,457.49,471.31,446.8,470.05,6917
2021-12-07,461.26,488.84,461.26,465.03,2853
2021-12-08,457.8,467.42,449.32,452.46,3243
2021-12-09,452.46,458.74,447.12,458.12,2746
2021-12-12,452.46,452.46,433.61,433.61,5360
2021-12-13,425.0,429.21,410.92,412.24,17033
2021-12-14,420.41,438.63,420.41,433.61,2379
2021-12-15,441.78,459.56,429.21,431.09,7517
2021-12-16,427.32,427.32,412.62,420.35,7113
2021-12-20,411.99,435.49,411.99,421.04,1651
2021-12-21,429.4,434.86,424.81,430.46,3776
2021-12-22,439.07,461.26,437.38,449.95,4168
2021-12-23,458.74,470.56,440.96,463.77,13880
2021-12-26,466.91,510.15,465.03,510.15,36238
2021-12-27,519.7,520.33,477.6,485.14,28777
2021-12-28,475.71,494.56,471.31,484.01,5792
2021-12-29,474.45,498.65,471.94,490.16,11770
2022-01-02,493.56,515.3,490.16,514.67,22315
2022-01-03,524.73,524.73,505.87,506.5,18694
2022-01-04,506.5,516.49,506.5,509.65,6340
2022-01-05,515.24,515.24,492.68,505.25,13931
2022-01-06,507.13,507.13,496.45,501.54,4858
2022-01-09,503.36,521.59,503.36,515.93,20642
2022-01-10,516.56,525.98,515.3,525.98,31995
2022-01-11,534.15,552.38,526.17,546.66,29129
2022-01-12,551.75,553.01,524.73,532.27,35054
2022-01-13,521.65,555.52,515.3,551.94,31392
2022-01-16,551.94,582.54,559.29,569.34,33120
2022-01-17,580.66,591.97,558.03,568.72,22035
2022-01-18,577.51,577.51,551.12,551.75,18756
2022-01-19,553.01,566.83,545.46,550.49,18797
2022-01-20,545.46,561.18,543.52,559.86,13861
2022-01-23,565.57,576.89,560.55,563.69,22126
2022-01-24,570.6,570.6,534.15,540.44,24524
2022-01-25,537.36,553.01,535.41,541.69,21865
2022-01-26,534.91,540.44,524.1,529.82,12504
2022-01-27,537.92,546.09,531.64,537.3,8248
2022-01-30,547.98,568.72,544.52,549.86,28484
2022-01-31,549.86,556.15,546.78,551.75,8402
2022-02-01,546.72,561.8,546.72,559.23,15124
2022-02-03,559.92,564.32,548.61,548.61,28383
2022-02-06,544.21,551.12,537.74,543.27,12620
2022-02-07,534.78,559.29,534.78,553.01,8837
2022-02-08,553.01,569.66,553.01,559.29,53361
2022-02-09,551.18,553.01,541.07,552.38,9877
2022-02-10,556.15,556.15,545.65,545.65,4497
2022-02-13,534.78,534.78,521.59,530.38,10477
2022-02-14,531.58,533.46,518.44,522.84,4963
2022-02-15,514.11,532.27,514.11,530.38,4932
2022-02-16,537.3,540.44,520.39,520.39,6917
2022-02-17,520.33,527.24,520.33,523.47,5581
2022-02-20,513.42,521.59,512.79,513.42,11810
2022-02-21,523.47,523.47,503.42,510.27,4057
2022-02-22,510.27,520.33,510.27,515.93,6901
2022-02-23,509.08,512.16,509.08,510.27,4391
2022-02-24,503.11,505.25,496.45,496.45,9442
2022-02-27,502.73,506.38,488.28,489.54,7869
2022-02-28,499.28,499.28,474.2,482.62,7722
2022-03-02,475.71,475.71,469.43,470.05,8152
2022-03-06,463.77,480.74,463.77,480.11,2711
2022-03-07,487.02,487.02,474.45,477.6,3287
2022-03-09,470.05,486.96,449.63,486.9,14488
2022-03-10,477.6,487.15,471.31,483.25,4649
2022-03-13,492.87,504.62,487.02,502.73,12128
2022-03-14,507.76,521.59,503.36,517.81,3243
2022-03-15,509.02,517.19,509.02,515.3,8395
2022-03-16,515.3,518.38,512.79,515.3,10727
2022-03-20,520.2,524.73,512.16,518.44,4575
2022-03-21,512.22,519.7,509.71,519.7,1822
2022-03-22,524.1,524.1,512.79,519.2,1932
2022-03-23,515.3,524.73,515.3,521.59,4182
2022-03-24,515.99,537.3,512.16,526.61,17730
2022-03-27,537.11,561.18,519.2,519.2,77438
2022-03-28,521.59,524.1,512.16,521.59,16851
2022-03-29,521.59,521.59,509.02,511.53,8459
2022-03-30,521.46,521.52,504.05,518.44,16392
2022-03-31,528.81,535.71,509.9,509.9,6173
2022-04-03,510.6,510.6,500.83,504.32,5120
2022-04-04,502.23,504.32,484.09,484.09,13908
2022-04-05,481.3,482.7,465.26,465.26,16155
2022-04-06,463.87,474.54,463.87,474.33,5150
2022-04-07,483.81,488.28,474.33,479.91,7205
2022-04-11,482.0,482.7,464.84,464.84,4064
2022-04-12,464.84,467.28,456.19,456.19,3614
2022-04-13,460.38,469.45,458.98,458.98,3026
2022-04-17,468.12,476.42,459.68,459.68,5739
2022-04-18,460.38,460.38,446.43,452.7,4193
2022-04-19,447.12,470.14,445.03,449.91,3953
2022-04-20,450.61,458.91,443.01,443.01,5191
2022-04-21,435.27,448.73,434.64,448.73,3272
2022-04-24,446.43,480.61,446.43,477.82,7143
2022-04-25,468.75,477.82,460.38,467.35,5460
2022-04-26,470.84,470.84,461.77,470.0,1325
2022-04-27,462.47,463.17,461.07,463.17,614
2022-04-28,470.84,472.24,457.17,468.05,676
2022-05-02,459.68,459.68,450.61,452.7,3826
2022-05-04,444.33,448.52,440.15,446.43,2520
2022-05-05,438.06,446.43,432.48,433.17,3250
2022-05-08,425.57,433.03,425.5,430.38,1161
2022-05-09,438.06,446.43,431.78,435.96,2810
2022-05-10,442.94,457.59,435.96,452.7,2028
2022-05-11,452.7,460.38,447.82,456.89,3171
2022-05-12,465.89,465.89,447.12,449.22,3296
2022-05-17,440.85,446.5,414.13,419.71,5131
2022-05-18,411.62,415.73,396.48,408.06,8824
2022-05-19,401.09,409.11,385.74,400.39,3952
2022-05-20,397.6,397.6,387.21,393.41,3325
2022-05-23,387.62,387.62,372.49,373.18,4792
2022-05-24,367.6,382.25,366.21,379.25,1490
2022-05-25,374.58,387.48,374.58,384.76,740
2022-05-26,384.28,390.62,376.6,385.67,1252
2022-05-27,380.16,381.56,373.18,378.07,3397
2022-05-30,373.18,373.18,363.56,369.7,3101
2022-05-31,362.72,369.7,348.77,350.17,8086
2022-06-01,343.19,358.4,343.19,351.21,1360
2022-06-02,351.56,351.56,341.8,348.77,4323
2022-06-03,342.49,345.98,333.7,334.26,3365
2022-06-06,340.89,341.24,331.33,336.15,1823
2022-06-07,329.45,329.45,321.57,325.75,4753
2022-06-08,331.33,343.89,324.01,334.75,6167
2022-06-09,340.4,348.7,322.4,333.42,5962
2022-06-10,326.8,333.63,320.87,329.17,1378
2022-06-13,322.96,331.33,322.68,324.36,988
2022-06-14,320.87,324.36,305.59,317.31,2060
2022-06-15,311.1,317.38,303.43,313.06,4593
2022-06-16,313.89,317.17,307.69,317.03,915
2022-06-17,320.52,320.52,307.96,317.38,1705
2022-06-19,317.38,317.38,304.2,309.71,2068
2022-06-20,305.52,308.03,302.04,308.03,1255
2022-06-21,313.89,316.68,306.85,312.5,1941
2022-06-22,312.5,312.5,310.41,310.41,629
2022-06-23,304.83,306.92,291.57,293.11,3463
2022-06-24,289.48,304.83,289.48,304.83,2241
2022-06-26,310.89,317.1,308.31,313.89,4977
2022-06-27,317.38,317.38,301.13,306.92,3669
2022-06-28,301.34,306.92,289.55,303.36,3412
2022-06-29,309.36,320.87,296.46,305.52,5722
2022-06-30,311.59,326.45,305.38,320.87,14157
2022-07-01,324.36,326.45,313.89,320.87,3765
2022-07-03,314.59,323.73,310.41,323.66,5785
2022-07-04,327.15,342.49,320.17,320.87,15709
2022-07-05,314.59,325.75,311.87,317.38,6106
2022-07-06,323.52,323.52,312.5,319.33,1919
2022-07-07,317.38,317.38,309.08,311.8,3257
2022-07-08,306.22,309.08,302.04,302.04,2792
2022-07-11,302.04,302.04,286.62,294.36,3157
2022-07-12,293.66,296.46,288.08,289.48,3698
2022-07-13,292.97,302.73,292.97,294.36,1754
2022-07-14,299.94,305.52,287.39,292.9,8461
2022-07-15,296.46,298.62,293.66,298.55,3029
2022-12-04,292.62,302.31,286.83,295.2,6042
2022-12-05,295.2,304.41,292.27,292.27,5434
2022-12-06,292.97,294.71,289.62,290.18,1318
2022-12-07,288.22,293.66,288.08,292.27,1106
2022-12-11,287.46,289.48,279.02,285.29,7018
2022-12-12,282.5,288.08,278.32,283.2,3864
2022-12-13,277.55,293.6,275.04,289.48,2477
2022-12-14,283.76,287.39,279.02,287.39,407
2022-12-15,287.39,287.39,278.32,278.32,1782
2022-12-18,278.32,279.09,278.32,278.32,944
2022-12-19,278.32,279.02,272.88,279.02,1548
2022-12-20,273.44,279.71,273.44,278.32,513
2022-12-21,273.44,275.53,269.25,274.13,3686
2022-12-22,268.76,274.27,263.67,270.65,1867
2022-12-26,274.83,288.01,272.04,285.92,2505
2022-12-27,291.57,303.5,291.57,299.25,13585
2022-12-28,303.43,314.59,296.46,307.48,8789
2022-12-29,301.34,326.1,301.34,324.29,16703
2023-01-01,330.63,352.96,330.63,344.31,25290
2023-01-02,341.8,378.7,337.89,375.28,13524
2023-01-03,375.28,385.04,366.21,378.07,26178
2023-01-04,383.65,414.76,373.18,414.76,15557
2023-01-05,406.53,414.27,398.99,404.57,17024
2023-01-08,397.6,428.99,394.11,428.99,42600
2023-01-09,435.96,460.38,422.01,440.15,28299
2023-01-10,439.45,457.59,420.62,424.8,33788
2023-01-12,416.43,426.2,403.32,415.73,47194
2023-01-17,418.52,433.87,413.78,423.34,11465
2023-01-18,423.41,428.29,410.15,411.69,7369
2023-01-19,408.06,420.62,407.02,412.94,14665
2023-01-23,411.55,442.17,408.06,411.55,13399
2023-01-24,418.52,419.78,398.99,406.67,5469
2023-01-25,414.34,422.64,408.83,408.83,11087
2023-01-26,416.99,433.17,416.99,417.83,11533
2023-01-29,417.83,426.9,409.53,417.13,8779
2023-01-30,411.62,416.99,401.78,401.78,8361
2023-01-31,394.18,409.46,394.11,396.9,5914
2023-02-01,391.39,401.09,391.39,401.09,6097
2023-02-02,396.2,405.97,396.2,397.6,8706
2023-02-05,391.32,408.06,387.14,390.62,8274
2023-02-06,390.62,394.11,383.86,387.14,3257
2023-02-07,394.81,402.48,393.41,402.48,8095
2023-02-08,404.57,417.83,404.57,405.41,7140
2023-02-09,410.85,410.85,397.6,408.06,4059
2023-02-12,399.97,407.99,390.62,390.83,7305
2023-02-14,385.95,397.6,385.88,389.23,5438
2023-02-15,390.62,390.62,378.76,386.44,6090
2023-02-16,380.16,385.74,378.76,385.74,5315
2023-02-20,378.28,383.65,378.07,378.76,3864
2023-02-22,380.86,393.41,378.83,392.02,3083
2023-02-23,387.14,394.11,383.65,387.76,5516
2023-02-26,380.33,394.47,359.56,394.47,9848
2023-02-27,394.47,400.42,379.58,386.28,5110
2023-02-28,381.07,387.02,379.28,379.28,1754
2023-03-01,375.86,381.81,369.16,369.16,2029
2023-03-02,362.61,368.42,360.97,360.97,1612
2023-03-05,368.19,368.19,344.6,349.44,4431
2023-03-07,353.53,355.02,346.46,350.55,5001
2023-03-09,357.25,368.42,353.53,368.42,8293
2023-03-12,372.14,372.14,358.74,370.65,5797
2023-03-13,363.28,369.91,348.32,357.25,2389
2023-03-14,350.55,364.32,349.81,356.51,3373
2023-03-15,363.21,369.91,350.18,351.37,1100
2023-03-16,351.3,358.0,349.81,356.51,1870
2023-03-19,356.51,356.51,351.3,352.04,3256
2023-03-20,354.28,358.74,351.67,358.74,5905
2023-03-22,360.97,364.7,355.76,360.97,8442
2023-03-23,353.83,360.23,346.91,360.23,1476
2023-03-26,353.53,358.67,346.83,353.53,5047
2023-03-27,353.53,356.73,346.83,355.02,2209
2023-03-28,361.72,364.7,357.55,360.97,6979
2023-03-29,358.74,364.7,356.51,360.97,2946
2023-03-30,368.12,368.12,356.14,360.97,1543
2023-04-02,360.97,355.99,342.37,352.04,1898
2023-04-03,345.05,354.28,341.03,352.79,3375
2023-04-04,353.53,353.53,342.14,349.07,2993
2023-04-05,349.81,355.02,341.03,345.34,3130
2023-04-06,349.81,352.19,338.72,343.86,4265
2023-04-09,340.88,340.88,328.3,331.95,3225
2023-04-10,331.95,331.95,323.76,330.24,2264
2023-04-11,334.85,334.92,328.23,334.92,2996
2023-04-12,334.92,354.95,334.92,353.53,2944
2023-04-13,353.53,355.02,344.3,346.83,4773
2023-04-16,352.79,358.74,344.6,351.22,6441
2023-04-17,344.82,348.32,341.62,346.09,3488
2023-04-18,339.17,349.07,337.98,349.07,867
2023-04-19,353.01,360.01,346.83,350.55,4266
2023-04-20,349.88,349.88,342.37,349.07,4553
2023-04-23,349.07,349.07,337.98,339.46,2774
2023-04-24,335.22,343.86,334.92,338.65,2722
2023-04-25,336.79,348.32,333.81,346.09,5229
2023-04-26,346.09,346.09,342.66,342.66,1278
2023-04-27,342.37,347.65,340.13,340.13,1946
2023-04-30,335.67,345.34,334.92,336.49,3214
2023-05-02,334.92,341.47,334.92,341.47,1516
2023-05-03,336.41,343.04,331.2,343.04,6831
2023-05-04,336.49,349.81,334.92,349.81,3253
2023-05-07,343.86,343.86,335.97,341.62,5929
2023-05-08,341.62,341.62,333.44,334.92,3951
2023-05-09,328.97,339.39,324.73,330.46,2603
2023-05-10,330.46,337.01,330.46,334.92,396
2023-05-11,329.34,334.92,329.27,331.95,1261
2023-05-14,329.34,330.83,327.48,330.83,1199
2023-05-15,334.55,334.55,333.36,333.36,60
2023-05-16,327.56,339.91,327.56,338.2,2396
2023-05-17,344.9,349.96,343.11,348.4,8007
2023-05-18,355.02,369.16,354.28,364.7,14545
2023-05-21,371.99,378.84,361.72,364.7,13007
2023-05-22,360.38,375.86,360.23,366.18,12712
2023-05-23,373.25,387.02,372.88,381.07,19860
2023-05-24,381.07,386.28,375.86,384.79,22246
2023-05-28,391.49,391.49,369.24,375.86,17397
2023-05-30,377.35,377.35,360.97,361.35,13640
2023-05-31,354.42,374.37,351.3,353.53,7081
2023-06-01,350.7,360.97,342.81,357.25,13639
2023-06-04,363.95,381.81,363.95,377.35,16365
2023-06-05,372.96,379.58,368.42,370.65,13167
2023-06-06,372.14,402.58,363.43,400.27,39349
2023-06-07,407.12,417.54,401.91,413.07,35305
2023-06-08,413.82,434.66,401.17,427.44,31672
2023-06-11,435.92,444.63,424.24,429.45,27126
2023-06-12,429.45,429.45,415.31,424.24,36424
2023-06-13,427.07,451.78,422.0,434.66,58157
2023-06-14,433.99,442.77,425.73,427.21,32561
2023-06-15,429.45,446.57,428.18,446.57,30384
2023-06-18,455.5,487.5,448.05,487.5,61315
2023-06-19,496.13,496.13,472.76,472.76,41872
2023-06-20,469.12,486.76,457.73,458.47,32186
2023-06-21,458.47,478.94,457.73,465.55,31582
2023-06-22,465.25,486.76,465.17,486.76,62110
2023-06-25,496.43,533.65,491.97,532.16,91085
2023-06-26,539.6,550.39,523.23,529.18,69324
2023-06-27,536.62,536.62,528.44,529.18,47086
2023-06-28,520.99,554.41,518.76,539.6,52154
2023-07-02,538.86,553.74,532.16,532.16,58867
2023-07-03,527.69,553.67,526.95,533.65,82442
2023-07-04,544.29,558.21,538.78,553.37,69087
2023-07-05,564.16,564.16,531.79,538.11,43865
2023-07-06,544.07,544.81,517.35,534.32,58904
2023-07-09,528.44,553.0,528.44,550.02,42989
2023-07-10,558.95,566.02,553.74,558.21,56802
2023-07-11,566.02,566.02,555.97,556.72,24063
2023-07-12,556.72,570.12,556.72,566.39,24016
2023-07-13,574.58,574.58,550.76,550.76,22531
2023-07-16,561.78,565.72,552.33,555.97,34501
2023-07-17,553.15,578.3,553.0,578.23,38862
2023-07-18,587.76,593.93,576.07,580.54,41396
2023-07-19,573.17,586.19,568.63,571.6,21572
2023-07-20,573.09,576.81,562.0,564.91,22421
2023-07-24,576.14,579.79,563.42,572.27,47255
2023-07-25,561.33,573.09,561.26,564.16,14889
2023-07-26,565.65,570.86,553.82,558.21,12894
2023-07-27,568.63,568.63,539.82,539.82,15730
2023-07-30,539.6,539.6,512.29,517.27,25347
2023-07-31,517.5,538.11,517.27,527.69,19773
2023-08-01,532.16,532.16,509.83,513.55,9924
2023-08-02,506.85,519.13,503.88,518.76,4573
2023-08-03,520.99,526.95,515.04,517.27,11733
2023-08-06,509.83,517.05,494.94,498.67,16436
2023-08-07,492.12,518.02,491.22,502.76,15989
2023-08-08,512.06,512.06,498.67,498.67,5953
2023-08-09,504.62,512.81,494.94,512.81,6501
2023-08-10,512.81,520.99,503.73,520.25,11847
2023-08-13,517.27,528.44,517.27,528.44,8630
2023-08-14,528.44,528.44,517.27,518.09,8686
2023-08-15,524.72,524.72,506.48,508.34,6058
2023-08-16,499.48,514.97,499.48,506.11,2489
2023-08-17,502.39,520.92,502.39,511.32,6043
2023-08-20,511.32,514.3,502.16,504.62,5140
2023-08-21,495.09,513.55,495.09,503.13,3632
2023-08-22,503.13,505.29,496.43,503.88,4839
2023-08-23,506.11,517.27,506.11,515.78,5889
2023-08-24,506.93,524.57,502.76,509.46,5043
2023-08-27,519.28,519.28,499.41,500.23,2929
2023-08-28,499.48,509.76,499.41,500.45,4062
2023-08-29,492.04,509.01,492.04,502.31,1143
2023-08-30,511.17,511.17,492.26,492.79,8717
2023-09-03,502.61,502.61,485.27,488.99,2471
2023-09-04,483.85,507.97,483.85,491.97,11438
2023-09-05,501.64,501.64,487.65,491.22,4045
2023-09-07,500.15,500.15,474.85,476.34,12248
2023-09-10,485.27,494.94,480.13,483.78,7295
2023-09-11,493.46,503.28,491.22,501.57,6452
2023-09-12,506.11,506.85,492.19,492.19,2339
2023-09-13,501.64,511.32,489.06,509.83,17269
2023-09-17,500.15,509.83,490.78,490.78,9262
2023-09-18,494.94,510.42,481.7,497.18,1143
2023-09-19,488.47,509.83,488.47,509.09,3868
2023-09-21,517.27,534.39,509.9,520.99,12503
2023-09-24,530.67,532.9,513.7,513.7,6909
2023-09-25,503.43,523.97,503.43,513.55,7246
2023-09-26,523.82,523.82,515.04,516.53,5353
2023-09-27,514.97,514.97,506.41,511.32,6035
2023-10-01,506.11,509.83,500.15,506.03,9671
2023-10-02,497.92,516.08,497.92,503.88,7639
2023-10-03,512.81,512.81,496.43,502.39,9790
2023-10-04,502.39,509.09,502.39,506.85,2294
2023-10-05,499.48,502.39,498.0,502.39,3362
2023-10-08,494.2,502.39,491.67,494.13,12375
2023-10-09,491.22,503.95,484.52,499.48,5220
2023-10-10,491.22,497.92,489.51,497.47,6569
2023-10-11,507.37,507.37,488.25,494.94,3760
2023-10-12,494.13,496.43,483.93,483.93,5778
2023-10-16,477.08,502.39,472.76,480.06,4680
2023-10-17,488.25,488.99,482.66,485.19,4911
2023-10-18,483.78,513.55,481.03,500.15,3779
2023-10-19,491.22,497.62,487.65,488.25,4863
2023-10-29,481.17,488.25,480.43,480.43,2628
2023-10-30,482.29,506.03,480.8,491.97,2491
2023-10-31,491.22,491.22,477.08,482.29,3923
2023-11-01,472.84,484.52,472.84,478.57,3608
2023-11-02,477.83,483.78,470.53,476.34,3869
2023-11-05,467.41,474.77,462.2,474.77,1426
2023-11-06,472.62,481.55,472.62,477.83,2993
2023-11-07,480.06,488.25,477.08,487.5,2894
2023-11-08,495.69,495.69,480.06,484.52,1104
2023-11-09,476.49,483.78,476.49,483.78,610
2023-11-20,486.01,486.01,476.41,480.06,1732
2023-11-21,472.69,474.85,469.19,469.19,1276
2023-11-22,459.96,478.27,459.96,478.27,2888
2023-11-23,478.27,501.64,476.34,491.22,3093
2023-11-26,481.55,507.6,481.55,505.36,7601
2023-11-27,506.85,506.85,490.11,497.18,7227
2023-11-28,502.39,502.46,487.72,494.5,2523
2023-11-29,494.27,494.27,485.27,485.34,9808
2023-11-30,494.94,504.62,476.34,485.27,6685
2023-12-03,485.27,486.76,476.49,486.76,1166
2023-12-04,496.43,496.43,478.27,483.78,7610
2023-12-05,493.46,497.85,476.34,481.55,3326
2023-12-06,481.55,488.99,476.56,484.52,400
2023-12-07,491.22,514.3,480.06,499.41,30998
2023-12-10,509.38,545.55,509.38,545.55,2492
2023-12-11,550.02,561.93,526.95,560.44,60952
2023-12-12,554.49,595.12,554.49,576.81,58024
2023-12-13,576.81,587.98,560.44,565.72,24972
2023-12-14,555.3,593.86,554.49,590.21,55983
2023-12-17,576.29,619.98,576.29,607.85,91039
2023-12-18,618.42,618.42,595.42,595.5,71620
2023-12-19,607.33,610.31,592.44,608.07,51387
2023-12-20,620.21,632.56,608.07,611.2,87790
2023-12-21,622.22,622.22,596.17,609.56,58075
2023-12-24,597.73,635.61,597.73,616.63,96128
2023-12-27,618.49,649.08,612.17,640.0,105627
2023-12-28,640.08,663.89,640.08,654.96,87508
2024-01-01,658.68,667.54,633.38,633.38,57397
2024-01-02,634.12,634.12,610.31,615.52,55818
2024-01-03,622.96,654.96,617.75,649.01,67971
2024-01-04,660.92,661.66,640.08,651.24,85826
2024-01-07,650.5,650.5,632.71,634.05,31195
2024-01-08,646.03,646.03,627.28,638.51,27237
2024-01-09,640.82,667.62,640.82,646.78,70720
2024-01-10,658.68,659.65,643.8,650.5,44237
2024-01-11,654.96,658.68,643.8,644.54,31202
2024-01-14,654.89,654.89,633.53,643.72,21804
2024-01-16,654.96,659.65,640.08,656.45,92221
2024-01-17,662.41,667.62,641.19,645.29,47671
2024-01-18,637.1,643.06,630.63,632.71,27530
2024-01-21,645.29,645.29,621.47,627.35,27715
2024-01-22,615.22,637.85,610.31,621.84,16573
2024-01-23,610.31,623.7,610.31,610.31,25915
2024-01-24,622.22,622.22,595.5,605.77,13180
2024-01-25,596.91,621.47,596.91,615.52,15650
2024-01-28,605.84,624.45,605.84,617.75,12529
2024-01-29,605.84,628.91,605.84,617.01,9382
2024-01-30,624.45,624.45,609.34,616.19,9270
2024-01-31,625.19,625.19,595.42,599.89,20332
2024-02-01,588.72,611.8,588.72,599.14,20257
2024-02-04,595.42,614.03,594.68,614.03,7897
2024-02-05,617.75,617.75,599.89,605.84,10122
2024-02-06,595.5,613.28,595.5,603.61,8372
2024-02-07,614.03,614.03,599.96,610.31,17245
2024-02-08,605.84,606.59,603.09,603.39,11764
2024-02-11,613.28,617.75,602.86,603.83,21173
2024-02-12,615.52,617.01,605.84,614.03,12952
2024-02-13,602.19,611.72,591.7,600.63,23574
2024-02-14,600.63,601.3,588.72,595.42,12739
2024-02-15,590.21,594.68,582.02,582.02,22503
2024-02-18,573.09,579.05,570.12,574.58,15169
2024-02-20,565.72,594.68,565.72,576.81,19061
2024-02-21,584.26,584.26,574.58,579.72,9326
2024-02-22,582.77,589.47,570.86,574.58,8321
2024-02-25,569.45,578.3,569.45,571.01,7666
2024-02-26,573.02,573.02,562.75,573.02,4610
2024-02-27,578.3,600.63,565.72,585.0,8534
2024-02-28,576.81,583.51,569.37,569.37,3085
2024-02-29,566.39,569.37,565.87,566.39,4821
2024-03-03,577.56,577.56,547.04,550.69,14260
2024-03-04,558.21,594.68,558.21,594.68,2170
2024-03-05,606.51,606.51,541.83,543.32,22292
2024-03-06,541.83,551.51,524.72,547.04,39609
2024-03-07,554.04,569.22,543.02,568.48,10489
2024-03-10,576.81,583.51,569.37,573.84,10594
2024-03-12,576.81,612.54,573.17,601.38,36227
2024-03-13,593.93,604.28,585.75,590.96,19831
2024-03-14,582.4,593.19,580.68,580.68,12273
2024-03-17,573.91,585.75,573.09,575.33,13666
2024-03-18,583.51,583.51,575.4,583.14,3922
2024-03-19,585.75,587.61,576.07,576.07,8291
2024-03-20,580.54,599.22,573.09,581.28,5445
2024-03-21,584.26,584.26,573.09,573.09,5570
2024-03-25,569.37,570.12,565.65,567.88,5658
2024-03-26,573.09,573.09,565.05,573.09,2677
2024-03-27,566.39,584.55,566.39,573.09,2304
2024-03-28,561.93,576.81,561.93,569.37,7310
2024-03-31,558.21,584.11,558.21,577.56,12410
2024-04-01,588.72,588.72,569.37,572.35,4168
2024-04-02,576.07,576.81,567.51,574.58,8072
2024-04-03,563.42,575.25,563.42,575.18,7200
2024-04-04,567.14,586.64,567.14,581.95,12913
2024-04-07,576.89,595.42,574.8,595.27,10996
2024-04-09,605.84,606.44,596.31,598.47,32981
2024-04-10,587.98,599.14,580.54,591.7,11263
2024-04-14,580.54,595.42,578.3,579.05,4832
2024-04-15,578.3,580.39,573.99,573.99,3092
2024-04-16,567.14,576.81,566.47,574.58,4895
2024-04-18,573.09,575.33,569.45,574.95,9263
2024-04-21,576.93,608.35,576.93,608.35,13628
2024-04-22,612.01,619.81,596.42,599.54,6195
2024-04-24,596.42,601.87,592.83,600.24,4380
2024-04-25,612.01,622.14,588.85,597.2,2627
2024-04-28,591.04,607.33,591.04,607.33,7588
2024-04-29,602.65,603.36,594.08,601.41,3101
2024-04-30,602.65,627.06,601.41,619.57,31621
2024-05-02,631.89,633.06,615.91,615.91,15371
2024-05-05,627.6,629.55,608.27,612.01,18136
2024-05-06,601.87,610.45,593.3,594.94,6264
2024-05-07,606.55,615.91,600.31,604.84,6394
2024-05-08,615.91,615.91,596.42,602.65,7003
2024-05-09,608.11,612.01,595.64,604.37,7595
2024-05-12,610.45,633.06,609.75,613.57,31982
2024-05-13,616.69,616.69,606.94,609.67,5185
2024-05-14,605.77,619.81,605.77,616.69,8168
2024-05-15,627.6,627.6,606.01,612.01,16219
2024-05-16,615.05,615.13,598.13,598.13,5952
2024-05-19,610.06,639.3,610.06,623.7,42867
2024-05-20,629.94,636.18,615.91,622.14,15856
2024-05-21,625.65,626.82,618.32,622.92,6392
2024-05-22,623.0,629.16,618.32,619.81,7962
2024-05-26,631.5,631.5,611.23,612.4,12657
2024-05-27,608.11,627.29,604.21,604.21,9374
2024-05-29,615.91,619.81,608.11,608.81,2298
2024-05-30,612.01,619.65,601.87,601.95,7386
2024-06-02,613.96,613.96,597.98,610.37,5930
2024-06-03,603.51,611.23,602.11,602.11,7919
2024-06-04,601.87,611.23,600.47,605.77,15683
2024-06-05,607.33,612.09,600.63,600.7,4177
2024-06-06,600.31,600.31,595.64,596.42,6085
2024-06-09,598.76,601.8,596.42,596.49,9601
2024-06-10,599.54,603.82,596.42,596.49,6381
2024-06-11,607.33,623.7,600.39,623.7,30511
2024-06-12,624.48,636.96,622.22,622.22,27486
2024-06-13,613.49,626.04,610.53,610.53,11538
2024-06-16,608.97,619.03,600.31,601.72,13115
2024-06-18,610.45,610.45,602.65,603.36,11005
2024-06-19,615.36,615.36,600.31,604.21,3885
2024-06-20,600.31,607.33,598.76,599.54,3628
2024-06-23,597.2,608.11,597.2,600.31,5587
2024-06-24,600.31,612.01,593.3,603.36,6471
2024-06-25,603.36,612.79,595.72,599.07,8971
2024-06-26,610.45,610.45,596.42,600.31,5460
2024-06-27,594.16,604.99,593.3,595.64,2413
2024-06-30,594.86,603.43,589.4,596.34,4519
2024-07-01,590.18,599.93,590.18,596.42,6319
2024-07-02,608.35,627.6,607.33,627.6,68002
2024-07-03,627.6,631.5,612.79,622.14,23843
2024-07-04,631.5,640.08,619.03,635.4,28322
2024-07-07,644.75,652.55,637.74,645.53,43385
2024-07-08,658.4,658.4,629.01,641.95,15047
2024-07-09,639.3,641.48,630.72,641.48,11961
2024-07-10,647.09,653.33,639.3,642.41,26518
2024-07-11,647.09,654.11,644.13,644.83,32871
2024-07-14,657.7,657.7,647.09,650.76,37702
2024-07-15,662.61,662.61,640.86,643.97,48417
2024-07-16,631.11,663.46,631.11,662.61,16652
2024-07-17,674.38,682.18,662.69,680.62,49851
2024-07-18,685.29,697.77,674.54,689.11,45333
2024-07-21,692.31,699.64,672.82,693.87,33757
2024-07-22,691.69,700.5,675.16,684.51,38925
2024-07-23,693.79,709.46,684.67,707.9,65746
2024-07-24,701.74,717.96,686.07,699.33,33724
2024-07-25,693.87,721.16,686.85,717.26,75020
2024-07-28,731.6,740.65,704.01,724.28,45673
2024-07-29,713.75,727.39,699.33,701.67,34686
2024-07-30,701.67,711.02,677.5,704.79,39759
2024-07-31,709.46,752.34,709.46,752.34,125146
2024-08-01,756.24,795.22,745.33,787.43,143170
2024-08-05,802.24,803.02,771.68,795.22,72211
2024-08-06,806.84,806.84,745.33,748.44,85280
2024-08-07,762.48,793.66,740.73,793.66,57155
2024-08-08,778.93,810.82,771.83,794.29,64646
2024-08-11,794.44,812.3,793.9,812.3,77045
2024-08-12,826.41,834.2,806.92,828.75,69796
2024-08-13,834.2,838.1,803.8,813.15,69812
2024-08-14,828.75,859.93,811.67,824.07,55133
2024-08-15,834.2,856.81,810.04,831.87,57112
2024-08-18,848.47,848.47,790.54,802.08,76342
2024-08-21,807.7,817.13,803.02,803.8,37845
2024-08-22,810.82,817.83,801.85,802.24,33307
2024-08-25,803.1,817.05,785.87,799.12,34757
2024-08-27,800.68,803.02,768.72,770.27,42187
2024-08-28,779.63,781.97,760.14,771.05,15858
2024-08-29,767.94,771.83,748.52,760.14,31395
2024-09-01,767.94,767.94,748.44,748.44,21552
2024-09-02,751.56,814.71,741.51,786.65,26106
2024-09-03,787.43,858.37,787.43,835.06,112272
2024-09-04,849.8,867.73,786.96,797.56,46518
2024-09-05,781.66,845.9,781.66,788.21,25664
2024-09-08,783.53,799.9,781.19,790.39,34394
2024-09-09,790.39,790.39,774.64,775.81,28172
2024-09-10,791.32,791.32,764.89,764.89,16138
2024-09-11,764.82,771.83,757.88,763.26,11881
2024-09-12,767.94,783.53,762.48,781.97,16532
2024-09-15,797.56,797.56,756.24,759.36,22480
2024-09-16,750.0,764.04,744.55,744.55,20334
2024-09-18,742.99,768.72,732.85,755.46,32817
2024-09-22,770.2,770.27,757.96,767.94,23361
2024-09-23,768.09,768.09,744.55,748.44,14531
2024-09-24,748.44,748.44,733.63,733.63,10888
2024-09-25,746.89,746.89,719.05,743.77,10956
2024-09-26,735.5,748.44,721.55,725.06,12810
2024-09-29,725.06,785.79,711.02,743.69,12759
2024-09-30,743.77,755.46,731.37,755.31,10273
2024-10-01,763.18,779.63,755.85,777.29,20524
2024-10-02,776.51,792.88,762.56,762.71,21692
2024-10-06,764.89,779.24,764.89,778.07,8161
2024-10-07,783.53,783.92,771.91,774.41,10511
2024-10-08,773.39,787.43,764.04,767.16,10743
2024-10-09,759.36,774.48,759.36,771.05,6544
2024-10-15,756.24,779.47,756.24,775.73,2072
2024-10-16,778.85,779.63,772.69,778.77,7423
2024-10-17,791.32,791.32,775.5,778.38,8553
2024-10-20,764.12,777.29,751.56,759.36,12429
2024-10-21,748.52,770.2,748.44,750.78,13818
2024-10-22,750.78,753.9,746.11,751.56,10947
2024-10-23,736.98,766.38,736.98,754.68,3688
2024-10-24,743.07,754.68,740.65,744.55,6633
2024-10-27,744.55,754.68,741.82,741.82,13894
2024-10-28,744.55,748.44,744.47,747.67,3527
2024-10-29,762.48,783.37,752.42,782.75,14061
2024-10-30,779.63,782.75,768.72,778.07,4396
2024-11-05,792.03,792.03,774.56,781.19,10056
2024-11-06,779.63,787.43,775.81,785.87,16908
2024-11-10,780.41,810.04,780.41,810.04,35014
2024-11-11,810.04,814.71,787.43,799.12,19726
2024-11-12,815.1,815.1,795.22,799.12,21840
2024-11-13,802.16,802.16,791.32,795.22,10195
2024-11-14,796.78,801.46,791.4,792.1,6047
2024-11-17,802.24,802.24,785.63,785.94,11011
2024-11-19,781.19,781.19,760.14,760.14,19726
2024-11-20,767.94,775.73,753.12,761.7,10120
2024-11-21,776.75,776.75,758.03,758.03,16056
2024-11-24,773.16,773.16,748.44,759.2,6565
2024-11-25,773.31,773.31,756.24,760.06,6993
2024-11-26,764.04,774.95,755.46,771.05,10712
2024-11-27,771.05,783.53,771.05,779.55,9178
2024-11-28,785.87,786.49,767.16,771.83,9443
2024-12-01,787.04,787.04,760.14,772.61,22491
2024-12-02,757.88,785.79,757.88,775.58,9637
2024-12-03,777.99,783.53,764.04,779.63,27937
2024-12-04,775.73,782.67,769.49,782.67,11123
2024-12-05,791.25,797.48,771.83,774.64,19578
2024-12-08,763.26,775.34,760.14,775.34,16324
2024-12-09,764.04,776.51,752.42,755.77,9048
2024-12-10,753.36,767.16,753.28,763.26,6741
2024-12-11,756.24,766.38,756.24,764.04,3033
2024-12-12,757.8,767.94,756.32,760.14,9206
2024-12-16,760.14,760.14,745.33,752.26,5487
2024-12-17,740.73,754.68,739.95,750.0,6614
2024-12-18,735.27,763.96,735.27,750.78,9220
2024-12-19,739.09,753.82,739.09,751.1,8253
2024-12-22,756.24,756.24,732.07,732.93,5783
2024-12-23,729.73,739.09,728.95,733.63,9046
2024-12-24,736.75,743.77,729.73,736.67,6514
2024-12-26,730.05,744.55,728.25,733.63,4300
2024-12-29,747.59,748.21,732.85,738.31,7988
2024-12-31,729.81,739.01,729.81,739.01,5253
2025-01-01,747.2,748.44,733.01,748.44,7891
2025-01-02,740.41,754.99,737.53,752.34,5424
2025-01-05,750.78,760.14,749.22,758.58,13474
2025-01-06,758.58,765.75,750.78,762.71,7319
2025-01-07,762.48,774.87,760.14,767.86,3764
2025-01-08,779.55,779.55,756.63,756.71,9899
2025-01-09,750.94,760.84,750.78,759.98,11492
2025-01-12,745.4,760.3,745.33,754.99,14758
2025-01-13,762.48,762.48,740.73,752.19,19774
2025-01-15,741.43,764.04,737.22,764.04,4161
2025-01-16,770.27,770.27,749.3,758.5,3603
2025-01-19,757.8,760.14,748.52,758.58,2194
2025-01-20,771.05,771.05,749.38,759.28,8687
2025-01-21,756.24,795.22,756.24,778.07,30513
2025-01-22,791.25,791.25,773.63,778.07,22298
2025-01-23,778.07,785.09,768.72,769.34,8551
2025-01-26,772.61,779.63,764.04,764.04,11727
2025-01-27,771.83,771.83,757.8,757.8,15117
2025-01-28,771.83,771.83,756.55,757.96,12254
2025-02-02,773.08,784.31,754.68,780.57,20719
2025-02-03,780.8,793.66,779.63,790.47,50970
2025-02-04,794.36,794.36,778.07,778.07,31759
2025-02-05,771.83,783.53,771.83,774.95,17596
2025-02-06,778.07,786.65,767.16,779.71,13667
2025-02-09,776.51,784.31,775.73,781.19,8388
2025-02-10,786.65,786.65,768.4,775.73,9084
2025-02-11,781.19,786.65,772.22,786.65,15003
2025-02-12,794.44,802.24,770.98,781.58,3966
2025-02-13,766.53,781.81,766.53,769.65,8553
2025-02-16,756.4,786.8,756.4,778.85,8978
2025-02-17,776.51,782.75,771.83,781.19,9786
2025-02-18,787.43,789.77,779.63,783.53,12133
2025-02-20,794.44,795.22,779.63,783.53,6342
2025-02-23,768.01,783.29,766.84,780.41,10254
2025-02-24,790.54,790.54,770.27,772.07,7856
2025-02-25,772.07,780.41,768.72,771.83,6942
2025-02-27,785.87,786.65,754.84,777.29,12978
2025-03-02,787.43,814.71,779.63,810.04,50370
2025-03-03,823.29,839.74,799.28,799.59,25628
2025-03-04,813.93,813.93,783.14,786.65,48150
2025-03-05,784.31,799.12,778.07,779.63,12669
2025-03-06,794.75,794.75,763.41,777.29,10893
2025-03-09,763.49,791.32,763.49,771.05,24646
2025-03-10,771.83,785.87,764.04,767.78,11261
2025-03-11,764.82,775.73,764.51,771.76,8384
2025-03-12,756.4,848.86,756.4,832.64,42293
2025-03-16,816.04,816.04,771.91,779.63,19709
2025-03-17,764.04,843.33,764.04,779.63,23668
2025-03-18,764.04,778.85,764.04,774.17,8304
2025-03-19,758.74,775.65,754.68,762.48,8508
2025-03-20,756.32,757.8,743.77,746.59,16771
2025-03-23,737.53,744.55,725.06,726.05,11423
2025-03-24,736.75,736.75,719.6,722.03,13963
2025-03-25,731.99,732.07,700.89,704.05,9866
2025-03-26,718.04,719.6,707.9,716.53,7754
2025-03-27,717.26,731.29,711.8,725.45,11147
2025-03-30,735.89,742.99,725.06,727.8,8145
2025-04-01,741.43,746.11,717.26,732.07,14860
2025-04-02,745.33,745.33,726.69,729.81,3034
2025-04-03,740.57,740.65,726.54,732.22,7116
2025-04-07,744.55,744.55,718.04,719.01,5732
2025-04-08,715.86,719.44,700.11,708.45,10089
2025-04-09,722.48,725.06,710.24,712.43,4280
2025-04-10,725.6,725.84,709.54,710.43,3327
2025-04-13,705.95,713.36,701.67,711.27,11069
2025-04-15,724.98,724.98,704.24,718.77,14266
2025-04-16,732.85,732.85,711.41,713.64,6968
2025-04-17,714.14,727.86,713.36,715.93,9051
2025-04-20,714.92,717.26,706.34,714.49,16456
2025-04-21,717.26,717.26,701.67,704.32,18746
2025-04-22,703.23,711.02,703.23,704.26,14288
2025-04-23,702.45,707.9,697.77,698.27,22020
2025-04-24,697.85,700.81,684.51,691.83,23485
2025-04-27,693.87,701.51,686.07,688.94,9999
2025-04-28,679.06,701.67,678.51,685.24,7029
2025-04-29,686.07,686.07,675.16,676.81,5269
2025-04-30,687.63,687.63,666.66,668.15,11599
2025-05-04,681.47,693.01,662.84,670.2,5890
2025-05-05,669.7,673.21,665.96,672.31,10313
2025-05-06,678.28,684.51,674.38,682.05,9073
2025-05-07,689.19,693.87,682.18,686.72,7299
2025-05-08,689.97,689.97,679.06,685.92,13260
2025-05-11,696.13,696.13,671.81,676.38,21373
2025-05-13,666.9,686.07,666.9,678.36,8743
2025-05-14,689.11,689.11,676.72,676.78,10901
2025-05-15,676.72,682.1,667.83,669.55,8289
2025-05-18,681.4,681.4,661.44,662.76,4972
2025-05-19,675.86,675.86,662.69,671.49,3328
2025-05-20,677.5,686.07,670.48,681.16,4787
2025-05-21,694.73,716.48,682.18,684.02,17651
2025-05-22,696.13,696.99,671.57,674.94,8831
2025-05-25,687.48,687.48,674.46,675.35,8187
2025-05-26,688.8,701.67,670.72,671.14,9831
2025-05-27,670.48,679.06,662.92,666.15,6531
2025-05-28,678.12,678.12,659.1,662.35,12658
2025-06-02,675.55,675.55,658.79,659.57,6848
2025-06-03,669.7,669.7,656.37,657.22,5928
2025-06-04,651.77,664.79,647.87,656.59,3703
2025-06-05,649.43,662.37,639.3,646.26,8802
2025-06-08,654.89,654.89,643.19,644.57,3153
2025-06-09,643.19,650.99,642.49,644.64,10554
2025-06-10,654.11,657.23,647.09,651.5,6347
2025-06-11,645.92,654.89,635.87,639.56,11589
2025-06-12,628.38,652.55,628.38,641.42,7548
2025-06-15,647.09,652.55,643.35,646.18,19902
2025-06-16,633.29,677.5,633.29,659.96,42588
2025-06-17,672.74,672.74,653.33,656.47,3992
2025-06-18,661.13,661.91,651.38,652.43,10130
2025-06-19,654.81,661.91,647.09,652.6,14209
2025-06-22,652.55,658.01,649.82,650.48,10770
2025-06-23,663.46,690.75,654.89,658.39,62467
2025-06-24,671.5,672.04,656.99,658.19,29157
2025-06-25,662.69,667.36,658.79,662.05,8459
2025-06-26,675.16,675.16,660.58,661.63,8861
2025-06-29,664.32,666.19,661.91,664.48,11574
2025-06-30,677.73,677.73,662.69,668.13,67118
2025-07-01,674.38,681.4,668.92,679.51,16691
2025-07-02,692.31,719.6,678.28,691.38,65797
2025-07-03,705.18,721.16,698.16,716.83,102202
2025-07-06,717.26,742.6,717.26,734.99,113782
2025-07-07,732.85,734.41,713.36,717.94,42278
2025-07-08,730.9,730.9,703.23,720.82,78448
2025-07-09,731.06,736.75,724.35,730.19,79551
2025-07-10,744.78,744.78,728.95,733.23,77417
2025-07-13,747.82,747.82,720.38,723.47,70776
2025-07-14,728.56,728.56,707.59,709.59,66175
2025-07-15,717.26,717.26,705.8,709.54,70841
2025-07-16,713.36,727.39,710.24,718.24,51407
2025-07-17,725.06,748.68,725.06,743.14,149443
2025-07-20,757.96,800.37,757.96,761.96,58347
2025-07-21,756.3,770.84,756.21,761.87,29515
2025-07-22,776.45,777.37,764.49,775.75,39804
2025-07-23,790.25,790.25,770.93,773.1,24404
2025-07-24,776.45,836.61,770.84,783.17,38862
2025-07-27,798.53,798.53,773.87,776.03,39545
2025-07-28,772.77,775.53,758.97,768.09,28848
2025-07-29,783.44,783.44,766.33,774.26,39402
2025-07-30,781.97,781.97,759.98,763.42,20438
2025-07-31,759.34,766.33,754.37,758.63,21092
2025-08-03,758.51,762.65,745.17,747.87,23938
2025-08-04,758.88,758.88,741.49,748.24,16405
2025-08-05,748.39,754.37,735.05,736.09,26635
2025-08-06,740.57,740.57,731.37,735.86,10576
2025-08-07,745.17,745.17,735.97,736.48,11797
2025-08-11,749.77,749.77,726.77,733.55,23096
2025-08-12,733.55,735.79,721.34,723.88,18292
2025-08-13,726.77,730.45,722.17,722.62,7516
2025-08-14,722.63,723.09,716.65,718.02,7016
2025-08-17,718.58,718.58,705.61,710.19,7926
2025-08-18,710.21,710.21,703.77,706.29,12976
2025-08-19,715.73,715.73,706.53,709.02,13441
2025-08-20,703.86,708.37,702.85,706.45,18683
2025-08-21,701.01,711.96,701.01,705.2,3381
2025-08-24,702.85,715.73,700.09,703.8,6919
2025-08-25,701.01,708.37,700.09,707.33,3761
2025-08-26,703.86,710.21,702.85,709.32,3662
2025-08-27,717.57,724.2,710.21,721.23,15067
2025-08-28,732.29,732.29,709.29,725.39,30377
2025-08-31,713.98,720.33,713.98,717.57,9777
2025-09-01,712.97,725.76,711.13,719.06,8975
2025-09-02,722.17,722.17,708.37,710.54,8419
2025-09-03,712.97,712.97,700.28,702.4,7060
2025-09-04,701.93,702.48,694.76,698.22,8497
2025-09-07,698.25,707.45,694.57,699.37,7808
2025-09-08,707.45,708.37,690.43,692.65,8694
2025-09-18,678.84,678.84,665.32,665.32,250
2025-09-21,652.25,652.25,605.43,636.57,38865
2025-09-23,625.57,658.69,625.57,656.39,14999
2025-09-24,656.39,662.37,653.17,662.37,9908
2025-09-25,650.41,651.33,637.9,640.29,14262
2025-09-28,643.97,643.97,631.09,636.61,6201
2025-10-07,625.67,633.85,620.98,631.09,7008
2025-10-08,620.98,641.67,592.46,592.46,12739
2025-10-09,604.23,639.93,604.23,613.62,27145
2025-10-12,609.94,609.94,591.72,597.98,20352
2025-10-13,608.1,608.1,588.78,607.18,10535
2025-10-14,607.08,607.08,587.4,600.55,6996
2025-10-15,590.62,600.55,588.78,597.88,3517
2025-10-16,608.83,608.83,586.94,594.3,2219
2025-10-19,606.16,606.16,588.78,588.78,2278
2025-10-26,579.67,588.78,579.58,586.84,2205
2025-10-28,590.62,637.53,583.35,607.18,7386
2025-10-29,619.14,628.98,604.42,604.51,2667
2025-10-30,616.38,616.38,585.1,603.77,18507
2025-11-02,607.18,629.25,607.18,629.25,44450
2025-11-03,634.77,639.37,614.54,620.98,12244
2025-11-04,620.98,624.2,605.34,612.7,7822
2025-11-05,623.74,623.74,607.54,614.54,3322
2025-11-06,610.95,620.98,607.18,611.78,19384
2025-11-09,603.5,611.78,591.81,591.81,13183
2025-11-10,602.58,602.58,586.02,597.98,10183
2025-11-11,608.92,608.92,594.57,600.74,7467
2025-11-12,600.74,609.94,596.96,602.58,20910
2025-11-13,598.9,602.48,592.46,600.74,2308
2025-11-16,609.02,609.02,589.88,596.96,6350
2025-11-17,607.18,607.18,586.29,601.56,9289
2025-11-18,600.74,610.76,600.74,609.66,4426
2025-11-19,620.7,620.7,603.59,603.59,6735
2025-11-20,611.68,611.68,594.39,596.14,7730
2025-11-23,597.98,625.57,597.98,609.02,16993
2025-11-24,620.06,657.77,617.3,623.37,54914
2025-11-25,632.93,632.93,620.42,632.01,29400
2025-11-26,634.77,639.37,624.66,625.57,15315
2025-11-27,634.77,634.77,624.66,627.6,9834
2025-11-30,630.17,643.97,626.59,628.33,22462
2025-12-01,639.37,639.37,624.66,630.17,18594
2025-12-02,634.22,634.22,625.57,628.43,7770
2025-12-03,640.94,640.94,612.7,627.41,11949
2025-12-07,621.9,623.64,619.14,620.98,6423
2025-12-08,620.06,620.98,616.38,616.65,4337
2025-12-09,608.74,616.19,608.28,615.46,6250
2025-12-10,626.49,626.49,609.66,612.7,4657
2025-12-11,607.27,619.14,607.27,614.54,4819
2025-12-14,611.78,619.78,611.78,612.7,11378
2025-12-15,608.1,616.28,608.1,615.27,4409
2025-12-16,617.3,619.78,609.02,616.38,2490
2025-12-17,614.54,620.06,614.54,617.3,5745
2025-12-18,626.49,626.59,616.38,616.38,7537
2025-12-21,608.56,616.38,608.56,610.86,8192
2025-12-22,607.27,615.36,595.03,597.98,16162
2025-12-23,607.18,607.18,597.06,598.53,4924
2025-12-24,591.63,617.3,591.63,604.42,3865
2025-12-28,604.51,629.25,604.42,625.57,17252
2025-12-29,633.85,634.77,620.98,625.39,18009
2025-12-31,623.74,630.17,623.74,628.33,9848
2026-01-01,640.85,640.85,620.06,629.25,10947
2026-01-04,630.17,633.85,620.98,633.85,13960
2026-01-05,625.57,637.53,623.74,637.53,16390
2026-01-06,650.05,650.05,634.77,639.37,11844
2026-01-07,639.37,649.31,635.69,639.37,12278
2026-01-08,646.73,646.73,635.69,641.21,8867
2026-01-12,651.24,651.24,638.45,648.11,9201
2026-01-13,648.57,653.17,637.53,643.97,9030
2026-01-14,653.08,653.08,640.29,641.21,12469
2026-01-18,654.0,667.07,646.0,667.07,33410
2026-01-20,678.01,680.77,666.05,669.73,13810
2026-01-21,666.97,675.62,663.39,671.57,20541
2026-01-22,681.69,681.69,658.23,674.33,19878
2026-01-25,686.84,686.84,669.73,678.93,26272
2026-01-26,681.6,694.57,677.09,694.57,48074
2026-01-27,680.77,708.1,674.33,675.25,25343
2026-01-28,672.49,702.3,666.05,677.18,14337
2026-01-29,689.97,689.97,666.05,676.17,16088
2026-02-01,689.05,689.05,657.96,661.45,17042
2026-02-02,673.41,673.41,659.89,663.29,14202
2026-02-03,671.02,671.02,652.25,654.09,8799
2026-02-04,641.03,672.4,641.03,657.77,10096
2026-02-05,666.05,679.85,653.17,679.67,25754
2026-02-08,689.88,692.73,667.16,667.89,12464
2026-02-09,660.72,671.57,644.62,651.33,36722
2026-02-10,656.85,657.77,637.17,643.97,45939
2026-02-11,656.85,666.97,643.97,664.77,26662
2026-02-12,678.01,678.01,657.77,665.13,11602
2026-02-16,678.01,678.01,655.01,661.45,12639
2026-02-17,673.87,673.87,645.17,646.92,19382
2026-02-22,652.25,657.77,643.97,643.97,29157
2026-02-23,656.85,656.85,644.07,655.84,13388
2026-02-24,648.57,662.37,648.57,658.69,9992
2026-02-25,667.89,667.89,655.01,660.07,22108
2026-02-26,664.21,668.81,657.77,661.45,15859
2026-03-01,670.65,670.65,635.42,661.45,30768
2026-03-03,672.4,672.4,658.97,671.57,20636
2026-03-09,684.91,698.53,684.91,698.53,65
2026-03-10,712.05,724.01,689.05,714.81,67703
2026-03-11,716.65,726.77,703.77,704.69,38234
2026-03-12,716.65,716.65,697.06,704.6,18328
2026-03-15,690.71,718.58,690.71,700.09,30098
2026-03-16,708.28,708.37,694.57,697.42,12031
2026-03-17,708.37,708.37,689.97,697.33,10425
2026-03-19,708.28,708.28,695.49,702.12,20152
2026-03-22,715.46,722.17,703.77,717.57,25607
2026-03-23,731.28,731.28,705.61,717.57,11004
2026-03-24,725.76,725.76,708.37,714.26,6324
2026-03-25,717.57,717.57,699.17,701.56,17512
2026-03-26,714.81,714.81,690.06,699.17,9444
2026-03-29,712.79,712.79,680.77,680.77,35718
2026-03-30,676.17,685.28,671.57,671.85,20325
2026-03-31,672.49,680.77,662.37,680.77,16807
2026-04-01,671.57,686.84,662.37,666.97,16984
2026-04-02,671.57,679.76,664.21,664.77,11770
2026-04-05,659.61,666.05,643.97,644.89,22762
2026-04-06,644.89,676.17,644.89,669.73,14678
2026-04-07,678.93,679.85,666.97,668.81,9041
2026-04-08,679.85,688.13,672.49,688.13,23869
2026-04-09,701.8,714.0,686.0,697.0,34086
2026-04-10,700.0,700.0,687.0,695.3,7946
2026-04-13,690.0,696.0,689.1,694.0,6305
2026-04-15,688.0,694.9,685.0,690.6,23735
2026-04-16,685.0,685.5,680.0,680.0,7835
2026-04-17,693.6,693.6,671.0,671.0,11754
2026-04-20,675.0,679.9,666.3,669.0,3695
2026-04-21,666.0,674.0,650.0,669.0,6464
2026-04-22,652.2,669.0,649.0,667.9,11529
2026-04-23,666.0,670.0,655.0,664.8,8815
2026-04-24,679.0,679.0,640.0,659.9,10519
2026-04-27,659.9,669.0,649.0,662.0,1652
2026-04-28,662.0,674.7,645.1,645.1,11500
2026-04-29,645.1,646.0,638.0,646.0,7930
2026-04-30,641.7,650.0,637.0,646.7,6676
2026-05-04,646.0,646.0,636.3,637.1,4762
2026-05-05,635.5,648.0,630.0,636.0,4451
2026-05-06,635.9,636.0,633.1,633.7,8098
2026-05-07,635.0,635.0,630.0,634.9,5341
2026-05-08,637.0,648.0,636.1,642.0,2152
2026-05-11,642.2,656.7,642.2,650.6,4956
2026-05-12,650.0,656.8,645.1,648.0,3398
2026-05-13,680.0,680.0,645.0,653.8,3884
2026-05-14,654.0,654.9,645.0,654.0,6964
2026-05-15,645.1,653.0,637.7,648.0,3587
2026-05-18,645.1,650.0,645.0,646.0,2639
2026-05-19,640.1,659.9,640.0,655.0,5625
2026-05-20,654.9,662.0,650.5,657.7,6468
2026-05-21,660.0,668.0,655.0,660.0,5447
2026-05-22,646.1,665.0,646.1,662.0,1089
2026-05-25,669.9,669.9,656.0,665.0,4007
2026-05-26,665.0,667.0,660.0,664.9,7881
2026-05-27,669.0,669.0,661.1,667.8,4490
2026-06-01,700.0,700.0,668.0,682.9,25728
2026-06-02,691.0,691.0,677.2,688.8,10356
2026-06-03,692.0,720.0,689.0,719.0,70734
2026-06-04,719.0,719.6,707.0,709.0,34446
2026-06-05,720.0,720.0,699.0,703.0,30446
2026-06-08,710.0,710.0,696.1,704.9,8610
2026-06-09,703.0,703.0,684.0,695.0,9400
2026-06-10,706.9,707.0,690.0,697.0,10986
2026-06-11,695.0,717.0,695.0,703.0,28027
2026-06-12,702.0,713.9,702.0,710.0,25328
2026-06-15,710.0,720.0,706.1,710.0,9145
2026-06-16,709.0,710.0,703.0,704.7,21023
2026-06-17,700.5,707.0,700.0,702.4,8960
2026-06-18,700.5,708.0,697.0,708.0,14920
2026-06-19,743.4,743.4,697.1,703.0,9210
2026-06-22,708.0,708.0,700.0,707.0,5609
2026-06-23,695.6,705.0,694.7,699.0,14791
2026-06-24,682.1,695.0,681.0,686.0,9834
2026-06-25,681.0,694.0,680.0,688.0,2201
2026-06-26,691.1,691.1,680.0,680.1,7689
2026-06-29,677.1,697.0,677.0,680.2,7216
2026-06-30,699.0,699.0,672.0,679.7,7156
2026-07-01,690.0,696.0,681.0,691.0,5819
2026-07-02,682.0,690.0,681.0,689.0,1837
2026-07-03,697.0,700.0,677.4,700.0,7843
2026-07-06,701.0,701.0,685.0,689.9,17880
2026-07-07,683.0,695.0,682.0,692.0,2927
2026-07-08,692.0,692.0,675.2,685.0,6422
2026-07-09,680.0,685.0,676.2,680.1,4913
2026-07-10,681.0,689.0,675.5,683.0,17699
2026-07-13,683.8,683.8,672.1,676.8,3349
2026-07-14,676.8,679.0,669.1,678.0,2449
2026-07-15,680.0,689.0,675.0,676.1,5128
2026-07-16,676.1,694.7,665.5,668.1,1666
2026-07-17,701.4,701.4,685.0,690.0,6967
2026-07-20,698.0,705.0,692.5,702.4,5527
2026-07-21,709.8,709.8,686.2,692.0,6285
2026-07-22,685.1,689.9,681.1,685.0,4288
2026-07-23,685.0,690.0,680.0,688.0,5611
2026-07-24,697.0,702.8,689.0,695.0,8742
2026-07-27,697.0,697.0,680.1,680.4,4966
2026-07-28,678.6,689.0,678.3,679.0,3693
2026-07-29,674.0,688.3,668.3,676.6,4698
2026-07-30,680.0,688.9,671.2,679.0,1156
2026-07-31,671.3,680.0,671.3,680.0,931
2026-08-03,682.0,682.0,671.0,673.2,1453
2026-08-04,675.0,682.0,663.1,674.0,3819
2026-08-05,661.0,675.0,661.0,670.0,809
2026-08-06,661.1,675.0,661.1,670.5,1869
2026-08-07,668.0,673.0,665.1,666.0,3998
2026-08-10,664.0,669.0,663.0,668.0,941
2026-08-11,668.0,680.0,663.8,669.3,1425
2026-08-12,669.5,670.0,663.7,666.9,4500
2026-08-13,656.0,668.9,656.0,664.5,1177
2026-08-14,665.0,670.0,661.2,662.0,5491
2026-08-17,663.0,665.0,658.1,658.1,971
2026-08-18,660.0,664.0,658.1,660.0,4200
2026-08-19,652.2,659.8,652.1,656.0,2403
2026-08-20,649.0,657.8,648.1,652.0,5322
2026-08-21,665.0,665.0,648.0,650.0,4800
2026-08-24,650.0,659.0,640.0,643.0,9309
2026-08-25,642.1,642.1,633.0,640.0,6724
2026-08-26,633.0,633.0,596.0,600.0,34021
2026-08-27,595.0,600.0,579.1,599.6,6616
2026-08-31,583.0,590.0,573.0,573.2,7325
2026-09-01,571.0,585.0,564.4,584.9,18237
2026-09-02,583.0,606.0,575.0,594.0,21512
2026-09-03,585.2,595.0,583.6,593.0,1668
