timestamp,open,high,low,close,volume
2012-01-18,81.38,80.51,79.64,79.64,180
2012-04-01,79.64,78.77,78.77,78.77,170
2012-04-30,78.77,77.91,77.04,77.04,270
2012-05-07,77.04,76.34,76.34,76.34,20
2012-05-20,76.34,74.26,74.26,74.26,1240
2012-05-29,74.26,73.05,73.05,73.05,1240
2012-07-10,73.05,71.14,71.14,71.14,50
2012-07-12,71.14,69.4,69.4,69.4,50
2012-07-16,69.4,68.71,68.71,68.71,70
2012-07-17,68.71,68.02,68.02,68.02,270
2012-07-26,68.02,67.49,67.49,67.49,20
2012-08-12,67.49,66.98,66.98,66.98,500
2012-08-19,66.98,65.42,65.42,65.42,1320
2012-08-26,65.42,63.85,63.85,63.85,110
2012-09-09,63.85,63.33,60.9,60.9,60
2012-09-25,60.9,60.39,59.52,59.52,30
2012-09-26,59.52,59.17,58.82,58.82,70
2012-09-27,58.82,58.47,57.78,57.78,60
2012-10-02,57.78,57.43,55.52,55.52,200
2012-10-03,55.52,55.18,53.45,53.45,4850
2012-10-04,53.45,53.62,52.4,53.27,4670
2012-10-07,53.27,53.62,52.4,53.45,3980
2012-10-08,53.45,53.79,53.09,53.79,2710
2012-10-09,53.79,53.62,53.27,53.45,2770
2012-10-10,53.45,53.79,53.45,53.45,390
2012-10-11,53.45,53.79,53.79,53.79,50
2012-10-14,53.79,53.62,53.27,53.27,2020
2012-10-15,53.27,54.49,53.45,54.49,820
2012-10-18,54.49,54.83,54.49,54.83,1090
2012-10-30,54.83,54.66,54.49,54.66,780
2012-10-31,54.66,55.18,54.83,55.18,760
2012-11-01,55.18,55.0,54.66,54.83,550
2012-11-04,54.83,55.18,54.49,54.83,660
2012-11-05,54.83,55.52,55.18,55.52,1440
2012-11-06,55.52,56.22,55.7,56.22,490
2012-11-07,56.22,56.39,56.22,56.22,220
2012-11-21,56.22,56.56,56.56,56.56,720
2012-11-22,56.56,56.22,55.87,55.87,470
2012-11-25,55.87,55.52,54.14,54.14,660
2012-11-26,54.14,54.49,54.14,54.14,5040
2012-11-27,54.14,54.31,54.31,54.31,2530
2012-11-28,54.31,54.66,54.66,54.66,520
2012-11-29,54.66,54.31,54.31,54.31,750
2012-12-03,54.31,54.14,54.14,54.14,80
2012-12-04,54.14,54.49,54.14,54.49,310
2012-12-05,54.49,54.49,54.31,54.31,730
2012-12-06,54.31,54.66,54.31,54.49,1180
2012-12-09,54.49,54.49,54.14,54.14,1430
2012-12-10,54.14,54.49,54.14,54.14,200
2012-12-11,54.14,54.49,53.79,54.49,910
2012-12-13,54.49,54.31,54.31,54.31,360
2012-12-17,54.31,54.31,54.31,54.31,120
2012-12-18,54.31,54.14,54.14,54.14,430
2012-12-19,54.14,54.14,54.14,54.14,50
2012-12-20,54.14,54.83,54.49,54.83,160
2012-12-24,54.83,55.18,55.18,55.18,200
2012-12-31,55.18,55.0,54.83,54.83,1010
2013-01-01,54.83,54.49,54.49,54.49,80
2013-01-03,54.49,54.49,54.49,54.49,50
2013-01-06,54.49,54.49,54.49,54.49,60
2013-01-08,54.49,54.31,54.14,54.14,1690
2013-01-10,54.14,53.96,53.96,53.96,50
2013-01-16,53.96,54.14,53.96,53.96,690
2013-01-20,53.96,53.96,53.96,53.96,320
2013-01-22,53.96,55.7,54.31,55.7,1280
2013-01-24,55.7,56.56,56.05,56.56,2080
2013-01-27,56.56,56.91,56.22,56.22,3060
2013-01-28,56.22,56.05,55.7,55.7,670
2013-01-30,55.7,55.7,55.35,55.7,1440
2013-01-31,55.7,56.05,56.05,56.05,620
2013-02-03,56.05,56.39,56.05,56.05,780
2013-02-04,56.05,56.74,56.05,56.56,1340
2013-02-05,56.56,56.22,56.05,56.05,250
2013-02-06,56.05,56.56,56.22,56.39,1030
2013-02-07,56.39,56.39,56.05,56.39,440
2013-02-12,56.39,56.56,56.56,56.56,100
2013-02-13,56.56,56.39,56.39,56.39,450
2013-02-14,56.39,56.74,56.56,56.74,380
2013-02-19,56.74,57.09,57.09,57.09,430
2013-02-20,57.09,57.09,56.74,56.74,390
2013-02-21,56.74,56.39,56.39,56.39,200
2013-02-24,56.39,56.22,56.05,56.05,240
2014-09-07,56.05,58.12,56.39,58.12,60
2014-09-09,58.12,60.21,59.17,60.21,40
2014-09-10,60.21,62.82,60.73,62.82,50
2014-09-11,62.82,65.59,63.33,65.59,60
2014-09-14,65.59,68.71,67.15,68.71,40
2014-09-15,68.71,72.18,70.45,72.18,160
2014-09-30,72.18,74.78,74.09,74.78,260
2014-10-08,74.78,77.56,75.48,77.56,460
2014-10-09,77.56,80.16,78.43,80.16,430
2014-10-12,80.16,84.5,81.03,84.5,130
2014-10-13,84.5,89.53,85.36,89.53,21003
2014-10-14,89.53,90.92,86.23,89.53,6800
2014-10-15,89.53,90.4,88.49,89.53,4750
2014-10-16,89.53,90.57,88.66,89.7,4661
2014-10-19,89.7,90.74,89.7,89.87,756
2014-10-20,89.87,89.53,87.97,88.49,1573
2014-10-21,88.49,89.53,88.66,88.66,570
2014-10-22,88.66,90.74,89.7,90.4,1559
2014-10-26,90.4,90.23,89.18,89.18,1270
2014-10-27,89.18,89.53,88.14,89.18,1683
2014-10-28,89.18,90.4,88.66,89.36,2480
2014-10-30,89.36,89.7,88.49,89.7,969
2014-11-02,89.7,88.66,87.62,87.62,150
2014-11-03,87.62,87.45,86.75,87.45,990
2014-11-04,87.45,86.4,86.4,86.4,92
2014-11-05,86.4,87.1,85.02,86.23,6349
2014-11-06,86.23,88.31,86.58,88.31,321
2014-11-09,88.31,87.97,87.27,87.97,810
2014-11-10,87.97,87.97,86.93,87.1,773
2014-11-11,87.1,86.75,85.02,85.71,2101
2014-11-12,85.71,86.93,86.06,86.93,4673
2014-11-13,86.93,85.89,85.02,85.02,170
2014-11-16,85.02,84.5,83.63,84.33,910
2014-11-17,84.33,84.33,83.46,84.33,973
2014-11-18,84.33,83.46,81.73,81.73,671
2014-11-19,81.73,82.93,82.59,82.93,220
2014-11-20,82.93,82.07,82.07,82.07,500
2014-11-23,82.07,83.46,82.59,83.46,1820
2014-11-24,83.46,83.46,82.59,82.59,6980
2014-11-30,82.59,83.98,81.73,83.98,2433
2014-12-01,83.98,84.33,83.46,83.63,2250
2014-12-02,83.63,83.29,83.11,83.11,627
2014-12-03,83.11,83.46,82.59,83.11,2666
2014-12-04,83.11,84.33,82.93,82.93,1751
2014-12-07,82.93,83.29,82.07,83.11,1833
2014-12-09,83.11,82.24,82.24,82.24,440
2014-12-11,82.24,83.11,83.11,83.11,200
2014-12-14,83.11,86.58,83.98,86.58,707
2014-12-15,86.58,85.54,85.54,85.54,443
2014-12-16,85.54,84.67,84.67,84.67,120
2014-12-17,84.67,85.19,84.33,85.19,2190
2014-12-18,85.19,84.33,84.33,84.33,170
2014-12-21,84.33,83.46,83.46,83.46,170
2014-12-22,83.46,83.46,83.46,83.46,5050
2014-12-23,83.46,83.46,82.59,83.46,1074
2014-12-24,83.46,84.33,84.33,84.33,170
2014-12-28,84.33,87.1,85.19,86.06,4549
2014-12-29,86.06,85.89,85.19,85.71,260
2014-12-31,85.71,85.19,84.84,85.19,710
2015-01-01,85.19,85.89,85.02,85.02,320
2015-01-04,85.02,86.06,85.02,85.36,1030
2015-01-05,85.36,86.06,85.36,86.06,2325
2015-01-06,86.06,86.06,85.19,85.19,690
2015-01-07,85.19,87.27,86.06,87.27,1600
2015-01-08,87.27,87.8,86.06,86.06,2567
2015-01-12,86.06,89.01,85.54,89.01,20003
2015-01-13,89.01,93.35,89.01,93.0,9930
2015-01-14,93.0,95.08,93.0,94.73,22886
2015-01-18,94.73,96.13,93.87,94.56,14079
2015-01-19,94.56,97.51,94.56,95.43,12544
2015-01-20,95.43,97.68,94.04,96.64,11439
2015-01-22,96.64,98.55,95.43,97.33,8400
2015-01-25,97.33,98.38,96.3,98.38,7097
2015-01-26,98.38,99.24,97.33,97.33,7029
2015-01-27,97.33,98.73,97.33,98.55,5922
2015-01-28,98.55,99.42,98.55,99.42,7188
2015-01-29,99.42,101.33,99.59,100.63,8904
2015-02-01,100.63,101.84,100.63,100.8,3261
2015-02-02,100.8,101.84,100.98,101.67,3710
2015-02-03,101.67,102.19,101.67,101.84,1877
2015-02-04,101.84,103.4,101.84,101.84,8356
2015-02-05,101.84,102.89,99.94,101.84,3510
2015-02-08,101.84,102.89,100.46,100.8,3290
2015-02-09,100.8,101.84,100.46,101.84,4222
2015-02-10,101.84,102.54,100.8,102.54,2406
2015-02-11,102.54,103.4,102.02,102.89,4136
2015-02-12,102.89,103.75,100.98,102.54,4890
2015-02-15,102.54,103.58,101.84,103.58,7798
2015-02-16,103.58,105.32,103.93,103.93,3507
2015-02-19,103.93,107.05,104.27,104.27,8307
2015-02-22,104.27,105.67,103.4,103.4,2793
2015-02-23,103.4,103.4,102.19,102.71,1850
2015-02-24,102.71,103.06,101.84,103.06,640
2015-02-26,103.06,104.45,102.02,104.45,3400
2015-03-01,102.89,105.14,100.46,105.14,2860
2015-03-02,105.14,105.14,103.4,104.1,1146
2015-03-03,104.1,104.1,103.75,103.75,425
2015-03-04,103.75,103.75,103.4,103.75,450
2015-03-09,103.75,104.97,103.4,103.93,3683
2015-03-10,103.93,106.53,105.14,106.01,1127
2015-03-11,106.01,106.7,105.14,105.14,3150
2015-03-12,105.14,106.01,105.14,105.14,813
2015-03-15,105.14,105.14,103.4,103.4,1350
2015-03-16,103.4,103.75,102.54,102.71,1230
2015-03-17,102.71,105.32,102.54,103.4,2230
2015-03-18,103.4,104.8,102.37,102.37,1291
2015-03-19,102.37,104.27,102.37,103.06,2442
2015-03-22,103.06,104.62,103.75,104.27,12560
2015-03-23,104.27,106.53,104.27,104.62,2693
2015-03-24,104.62,104.1,103.58,103.93,3077
2015-03-25,103.93,104.97,104.1,104.45,1640
2015-03-26,104.45,104.8,103.4,104.1,5167
2015-03-31,104.04,102.64,101.84,101.84,220
2015-04-01,101.84,100.65,97.86,97.86,676
2015-04-02,97.86,99.85,99.05,99.05,2893
2015-04-16,99.05,98.25,98.25,98.25,193
2015-04-19,98.25,97.46,97.46,97.46,980
2015-04-20,97.46,96.26,96.26,96.26,919
2015-04-21,96.26,97.66,96.46,97.66,1179
2015-04-23,98.85,99.85,98.85,99.85,798
2015-05-28,99.85,98.66,93.27,93.27,1500
2015-05-31,93.27,93.66,92.27,93.66,2962
2015-06-01,93.66,93.87,93.47,93.87,360
2015-06-02,93.87,96.06,94.66,95.86,1040
2015-06-03,95.86,97.06,96.86,97.06,400
2015-06-04,97.06,100.25,97.86,100.25,1841
2015-06-07,100.25,99.85,99.45,99.45,270
2015-06-08,99.45,101.05,99.45,100.45,2433
2015-06-09,100.45,104.04,101.65,101.84,1760
2015-06-10,101.84,103.04,102.84,102.84,836
2015-06-11,102.84,102.25,101.65,102.25,190
2015-06-14,102.25,101.05,99.85,99.85,349
2015-06-15,99.85,98.66,98.46,98.46,1234
2015-06-16,98.46,99.85,97.86,97.86,1170
2015-06-17,97.86,96.66,95.86,95.86,2400
2015-06-18,95.86,96.06,96.06,96.06,50
2015-06-22,96.06,96.06,96.06,96.06,110
2015-06-28,97.26,98.46,97.26,97.46,2310
2015-06-29,98.25,98.25,98.25,98.25,348
2015-06-30,99.45,99.45,99.45,99.45,269
2015-07-01,99.45,99.45,98.85,99.45,1100
2015-07-02,98.66,98.66,98.25,98.25,1200
2015-07-05,97.06,97.06,95.86,95.86,2649
2015-07-06,96.66,96.66,96.06,96.06,163
2015-07-07,96.86,97.26,96.46,96.86,1506
2015-07-08,96.86,97.06,96.86,97.06,63
2015-07-09,96.46,96.86,96.46,96.86,496
2015-07-12,95.66,95.66,95.66,95.66,120
2015-07-13,95.86,96.86,95.66,96.86,1051
2015-07-14,97.26,97.66,97.26,97.66,423
2015-07-15,97.66,97.86,97.66,97.86,816
2015-07-16,97.86,96.66,96.66,96.66,57
2015-07-22,97.86,99.05,97.86,99.05,210
2015-07-23,99.05,102.64,100.25,102.64,500
2015-07-26,102.64,105.24,103.84,105.24,20
2015-07-27,105.24,108.23,105.04,105.04,3678
2015-07-28,105.04,103.64,103.04,103.04,269
2015-07-29,103.04,104.64,102.84,104.64,3657
2015-07-30,104.64,107.83,105.84,105.84,3637
2015-08-02,105.84,110.23,106.84,110.23,2911
2015-08-03,110.23,110.43,106.84,106.84,4395
2015-08-04,106.84,108.03,105.44,108.03,1097
2015-08-05,108.03,108.83,107.83,107.83,1575
2015-08-06,107.83,109.83,106.63,108.43,4223
2015-08-09,108.43,109.83,107.03,108.43,3294
2015-08-10,108.43,107.43,107.43,107.43,70
2015-08-11,107.43,106.04,106.04,106.04,369
2015-08-12,106.04,106.63,105.24,105.24,1076
2015-08-13,106.43,107.83,106.43,107.03,2510
2015-08-16,105.64,107.03,104.24,107.03,1264
2015-08-17,106.84,106.84,106.43,106.84,396
2015-08-18,107.83,108.83,107.23,107.83,3992
2015-08-19,107.83,110.63,107.83,109.63,1643
2015-08-20,110.82,112.22,109.43,109.43,4246
2015-08-23,110.82,112.22,109.43,111.82,3219
2015-08-24,110.82,112.02,110.43,111.43,2869
2015-08-25,111.43,115.41,111.43,114.61,3003
2015-08-26,113.82,113.82,109.63,109.63,2148
2015-08-27,111.02,111.82,110.23,111.82,810
2015-08-31,110.43,113.22,110.43,113.22,673
2015-09-01,113.22,111.82,111.82,111.82,501
2015-09-02,110.43,110.82,110.43,110.82,1304
2015-09-03,109.43,109.43,108.03,108.63,627
2015-09-06,107.43,108.23,107.43,107.83,1105
2015-09-07,108.83,112.22,108.83,111.02,1279
2015-09-08,112.42,112.42,110.63,111.23,4913
2015-09-09,111.23,112.82,111.23,111.82,823
2015-09-10,111.82,111.82,111.82,111.82,595
2015-09-13,112.82,113.02,111.62,112.82,1712
2015-09-14,113.62,114.61,112.82,112.82,960
2015-09-15,114.22,114.81,113.02,114.42,3431
2015-09-16,116.01,116.21,115.02,116.01,3243
2015-09-17,114.81,114.81,114.01,114.42,545
2015-09-22,112.82,112.82,110.43,110.43,1263
2015-09-23,109.03,111.82,109.03,111.82,4000
2015-09-24,111.82,112.42,111.02,111.02,1025
2015-09-28,109.63,109.83,109.63,109.83,372
2015-09-29,110.82,110.82,109.23,109.43,1559
2015-09-30,110.82,112.22,110.82,112.22,910
2015-10-01,113.62,114.01,112.82,113.22,5188
2015-10-04,113.82,114.81,113.42,113.82,2049
2015-10-05,112.82,113.42,112.82,113.02,3645
2015-10-06,112.62,115.02,112.22,115.02,9541
2015-10-07,113.42,113.82,112.42,113.82,2475
2015-10-08,113.82,113.82,113.22,113.82,1207
2015-10-11,114.22,114.22,112.62,112.62,1100
2015-10-14,112.42,112.42,111.62,111.82,1676
2015-10-15,112.02,112.42,109.63,109.63,978
2015-10-18,109.43,109.63,108.43,108.83,899
2015-10-19,110.23,113.02,110.23,113.02,592
2015-11-01,113.02,113.02,113.02,113.02,421
2015-11-03,111.62,111.62,111.62,111.62,471
2015-11-04,110.23,110.23,110.23,110.23,360
2015-11-08,110.23,110.23,110.23,110.23,157
2015-11-22,109.83,109.83,108.83,109.03,700
2015-11-23,108.63,108.63,108.63,108.63,277
2015-11-24,107.23,107.23,106.04,106.04,357
2015-11-25,104.84,105.04,104.84,105.04,251
2015-11-26,103.84,104.04,103.84,104.04,525
2015-11-29,102.64,102.64,102.64,102.64,1500
2015-11-30,103.84,103.84,99.65,99.65,2598
2015-12-01,99.65,106.04,100.85,102.64,3336
2015-12-02,101.84,101.84,101.84,101.84,1227
2015-12-03,101.84,102.84,101.84,102.84,2138
2015-12-07,103.84,104.44,103.84,104.44,400
2015-12-08,104.64,107.23,104.64,107.23,2037
2015-12-09,108.63,110.02,108.63,110.02,1376
2015-12-10,111.43,111.43,109.83,109.83,1036
2015-12-13,108.83,109.83,107.43,109.83,417
2015-12-15,110.82,110.82,108.03,108.03,505
2015-12-16,108.03,108.03,106.84,106.84,183
2015-12-20,106.84,108.23,107.83,108.23,1553
2015-12-21,108.23,110.82,108.83,110.82,830
2015-12-22,111.02,111.02,110.23,110.82,200
2015-12-23,110.23,113.42,111.62,112.82,1632
2015-12-24,112.62,112.62,112.62,112.62,50
2015-12-28,112.62,112.82,111.62,111.62,283
2015-12-29,111.62,110.63,110.23,110.63,518
2015-12-31,109.23,109.83,109.23,109.83,671
2016-01-03,109.83,110.02,109.83,109.83,1095
2016-01-04,109.83,109.83,108.83,109.43,657
2016-01-05,108.83,109.83,108.83,109.63,4621
2016-01-06,108.83,109.23,107.83,107.83,5883
2016-01-07,106.43,107.83,106.43,107.83,2659
2016-01-10,107.83,111.82,105.84,111.82,3232
2016-01-11,113.22,114.42,112.62,114.42,7505
2016-01-12,113.82,113.82,113.22,113.82,6256
2016-01-13,113.82,113.22,111.82,112.42,2751
2016-01-14,112.42,113.22,110.23,111.43,4626
2016-01-24,111.43,112.82,112.82,112.82,100
2016-01-25,114.22,120.6,114.22,120.6,670
2016-01-26,120.6,127.38,122.19,127.38,837
2016-01-27,127.38,134.16,129.18,134.16,3107
2016-01-28,135.96,144.14,135.96,144.14,7042
2016-01-31,142.75,142.75,133.17,135.76,9306
2016-02-01,135.76,136.76,134.77,134.77,6412
2016-02-02,135.96,135.96,131.77,132.77,9231
2016-02-03,132.77,138.56,132.77,136.76,22511
2016-02-04,139.5,145.83,141.61,145.83,230
2016-02-07,145.83,151.56,147.34,147.34,897
2016-02-08,147.34,147.93,145.52,147.63,1100
2016-02-11,147.63,145.52,142.51,142.51,756
2016-02-14,144.62,144.62,140.4,140.4,250
2016-02-16,140.4,139.5,139.5,139.5,200
2016-02-17,139.5,137.99,137.39,137.69,1043
2016-02-18,137.69,137.39,133.77,133.77,855
2016-02-21,133.47,134.67,131.96,134.67,220
2016-02-22,136.48,136.48,134.67,136.19,2390
2016-02-23,136.19,134.67,134.67,134.67,103
2016-03-01,136.78,136.78,136.78,136.78,100
2016-03-02,138.89,136.78,136.78,136.78,20
2016-03-03,138.89,138.89,138.89,138.89,10
2016-03-06,139.5,143.72,139.5,143.72,2698
2016-03-10,145.83,145.22,145.22,145.22,10
2016-03-13,147.34,147.34,147.34,147.34,310
2016-03-14,149.45,149.45,149.45,149.45,10
2016-03-15,147.03,147.03,144.93,144.93,100
2016-03-16,142.82,142.82,141.0,141.91,700
2016-03-21,138.89,138.89,136.78,136.78,120
2016-03-23,134.98,137.99,133.77,137.99,747
2016-03-24,137.99,137.99,136.48,137.69,3937
2016-03-27,137.69,136.48,136.19,136.48,1080
2016-03-29,136.19,136.48,134.98,134.98,357
2016-03-30,134.98,136.48,134.37,134.37,914
2016-03-31,134.37,135.88,133.47,135.88,1452
2016-04-03,135.88,135.28,133.47,134.08,1890
2016-04-04,134.08,132.87,132.56,132.56,242
2016-04-05,134.37,135.28,134.37,135.28,1311
2016-04-06,135.28,136.48,134.67,134.67,1100
2016-04-11,134.67,133.47,131.36,131.36,271
2016-04-14,131.36,134.98,133.17,134.98,20
2016-04-17,137.09,137.09,136.48,136.48,913
2016-04-18,136.48,141.91,136.48,141.61,1416
2016-04-19,141.61,140.1,139.5,139.5,926
2016-04-20,139.5,139.5,136.78,136.78,1019
2016-04-21,136.78,135.88,135.88,135.88,1000
2016-04-24,135.88,136.48,133.47,136.48,1700
2016-04-25,136.48,140.1,136.48,139.5,2503
2016-04-26,139.5,150.65,141.61,149.14,11144
2016-04-27,149.14,148.54,147.63,148.54,1906
2016-04-28,148.54,148.54,145.52,145.52,1693
2016-05-02,145.52,150.04,147.03,150.04,7068
2016-05-03,150.04,149.74,147.63,148.24,10826
2016-05-04,148.24,149.74,147.93,148.54,7232
2016-05-05,148.54,147.03,147.03,147.03,100
2016-05-08,147.03,146.13,145.83,145.83,1450
2016-05-09,147.93,147.93,147.93,147.93,100
2016-05-10,148.54,148.54,144.02,146.13,1377
2016-05-11,146.13,145.83,144.93,144.93,2400
2016-05-15,145.52,145.52,145.52,145.52,500
2016-05-16,145.52,147.63,145.52,146.73,3152
2016-05-17,147.03,147.03,144.02,145.52,2077
2016-05-18,144.32,144.32,144.02,144.02,1226
2016-05-19,144.02,145.52,143.41,144.93,1251
2016-05-22,144.93,144.32,140.71,142.51,2030
2016-05-23,142.51,142.51,140.4,141.0,849
2016-05-24,141.0,147.93,141.61,146.13,2791
2016-05-25,146.13,147.63,145.22,147.63,1341
2016-05-26,147.63,145.52,145.52,145.52,300
2016-05-29,145.52,144.32,142.51,144.32,1200
2016-05-30,144.32,144.02,142.51,142.51,1841
2016-05-31,142.51,147.03,143.11,147.03,3047
2016-06-01,147.03,147.03,142.51,142.82,985
2016-06-02,142.82,141.61,141.0,141.0,1280
2016-06-05,141.0,141.0,139.5,140.1,1104
2016-06-06,140.1,143.11,140.1,140.1,1100
2016-06-07,137.99,139.5,135.88,139.5,440
2016-06-08,139.5,143.41,141.61,143.41,1041
2016-06-09,144.32,146.43,141.91,141.91,2020
2016-06-12,141.91,144.02,142.82,143.41,2087
2016-06-13,143.41,143.72,139.5,139.5,1142
2016-06-14,141.61,143.72,140.4,142.51,3150
2016-06-15,144.02,144.62,142.82,142.82,1418
2016-06-16,142.82,151.56,144.02,148.54,3793
2016-06-19,148.54,149.14,147.03,147.03,1125
2016-06-20,147.03,151.56,147.03,148.54,3478
2016-06-21,148.54,148.54,147.03,147.34,3729
2016-06-22,149.45,150.04,147.03,147.03,3258
2016-06-23,147.03,151.56,147.34,148.54,2986
2016-06-26,148.54,150.04,148.54,148.54,2586
2016-06-27,148.54,149.74,147.63,149.74,868
2016-06-28,149.74,150.04,149.14,149.45,1802
2016-06-29,149.45,151.56,149.14,149.14,9394
2016-06-30,149.14,153.97,150.04,152.15,3664
2016-07-03,152.15,154.57,151.56,154.57,2635
2016-07-04,154.57,165.41,156.08,163.61,4162
2016-07-05,161.2,161.2,158.19,158.48,2450
2016-07-06,160.3,165.41,159.09,160.6,5750
2016-07-10,160.6,161.2,157.58,157.88,9743
2016-07-11,157.88,159.09,158.78,159.09,1025
2016-07-12,159.09,157.58,155.17,155.17,850
2016-07-13,155.17,156.08,154.57,154.57,1203
2016-07-14,156.08,156.08,155.77,155.77,600
2016-07-17,156.08,160.3,156.08,159.09,3031
2016-07-18,159.09,171.74,160.6,171.14,8165
2016-07-19,173.86,179.28,169.63,175.36,11079
2016-07-20,178.08,179.88,175.67,176.26,17336
2016-07-21,176.26,179.88,177.17,177.17,16786
2016-07-25,177.17,191.94,178.68,191.94,10323
2016-07-26,191.94,207.31,194.95,207.31,20850
2016-07-27,207.31,211.83,195.25,202.49,9144
2016-07-28,202.49,199.78,193.15,193.15,5343
2016-07-31,193.15,197.06,191.94,191.94,7984
2016-08-01,191.94,189.23,185.91,186.21,1075
2016-08-02,186.21,189.23,178.98,183.2,4331
2016-08-03,183.2,183.2,178.68,179.58,2315
2016-08-04,179.58,179.28,174.76,175.67,5568
2016-08-07,175.67,181.09,178.37,178.68,2536
2016-08-08,178.68,175.67,171.45,171.45,2153
2016-08-10,174.15,180.19,174.15,177.47,8009
2016-08-11,180.19,181.69,175.67,179.28,6279
2016-08-14,178.68,179.28,172.65,172.65,2513
2016-08-15,169.94,169.94,161.8,166.93,1389
2016-08-16,166.93,170.84,166.93,170.84,2146
2016-08-17,171.14,179.28,171.14,172.65,2436
2016-08-21,173.25,173.25,171.14,172.65,1500
2016-08-22,169.94,169.94,169.94,169.94,100
2016-08-23,167.23,169.94,167.23,169.63,1833
2016-08-24,170.54,173.25,169.63,169.63,1665
2016-08-28,172.35,172.35,165.11,167.83,1025
2016-08-29,166.62,174.15,165.72,174.15,1199
2016-08-30,176.87,179.28,173.56,173.56,2239
2016-08-31,172.65,178.98,172.65,175.97,1992
2016-09-01,173.25,173.25,173.25,173.25,100
2016-09-05,175.97,187.72,175.97,187.72,8358
2016-09-06,190.73,199.78,190.73,198.27,24033
2016-09-07,196.76,196.76,190.73,193.75,6016
2016-09-08,197.06,197.06,193.15,194.05,3555
2016-09-11,198.57,202.79,194.05,196.76,4114
2016-09-12,198.27,198.27,194.05,194.65,4673
2016-09-14,193.75,195.86,192.54,192.54,3119
2016-09-18,191.64,191.64,187.12,187.12,3204
2016-09-20,187.72,187.72,184.41,184.71,1275
2016-09-21,181.69,186.82,181.69,186.82,1189
2016-09-22,184.71,184.71,181.39,184.1,3240
2016-09-25,184.71,184.71,181.39,184.1,3240
2016-09-26,180.19,183.2,178.68,178.68,4621
2016-09-27,181.69,184.71,181.69,184.71,20
2016-09-28,187.72,187.72,178.68,178.68,806
2016-09-29,178.68,178.68,178.68,178.68,114
2016-10-02,181.69,181.69,172.65,172.65,2829
2016-10-03,175.36,178.68,175.36,175.97,2146
2016-10-04,178.08,186.82,178.08,186.82,177
2016-10-05,189.83,189.83,182.3,183.2,1296
2016-10-06,183.2,183.2,183.2,183.2,100
2016-10-16,180.19,180.19,180.19,180.19,100
2016-10-17,181.39,181.39,181.39,181.39,300
2016-10-18,178.68,178.68,178.68,178.68,100
2016-10-19,181.69,181.69,176.57,176.57,605
2016-10-20,176.57,176.57,176.57,176.57,69
2016-10-23,173.86,176.26,172.65,176.26,2722
2016-10-24,177.17,177.17,177.17,177.17,152
2016-10-25,175.67,175.67,174.46,174.46,700
2016-10-26,172.95,172.95,171.74,172.05,2150
2016-10-27,172.95,175.36,172.35,173.25,4165
2016-11-03,171.45,174.15,171.45,174.15,1701
2016-11-07,174.15,174.15,169.04,169.04,2900
2016-11-08,167.52,167.83,166.62,166.62,797
2016-11-09,166.62,169.34,166.62,167.23,1791
2016-11-10,167.23,170.24,164.82,168.13,8686
2016-11-13,165.41,166.62,163.61,166.62,2682
2016-11-14,165.11,165.11,163.61,163.61,1003
2016-11-15,163.61,163.61,162.1,163.61,2829
2016-11-16,162.1,162.1,161.2,162.1,190
2016-11-17,159.39,160.6,157.58,158.19,2051
2016-11-20,157.28,157.58,157.28,157.58,1407
2016-11-21,155.47,157.28,151.56,153.36,4144
2016-11-22,153.36,153.36,147.63,147.63,2985
2016-11-23,145.52,147.03,140.4,140.4,3520
2016-11-24,142.51,144.62,141.3,143.41,3279
2016-11-27,142.51,142.51,134.67,134.98,1794
2016-11-28,132.56,138.89,130.76,138.89,6310
2016-11-29,141.0,145.83,139.5,145.83,2452
2016-11-30,147.93,157.28,147.03,155.17,705
2016-12-01,153.97,153.97,150.35,150.35,1157
2016-12-04,147.93,147.93,143.11,143.11,1672
2016-12-05,141.0,142.51,141.0,141.0,1990
2016-12-06,141.0,142.51,138.89,142.51,3570
2016-12-07,142.51,143.11,142.51,143.11,164
2016-12-08,141.91,142.51,141.91,142.51,2053
2016-12-11,142.51,142.51,138.29,138.29,1100
2016-12-12,138.89,138.89,134.08,134.37,2053
2016-12-14,136.19,136.19,136.19,136.19,280
2016-12-15,138.29,141.0,137.99,141.0,897
2016-12-18,139.5,139.5,135.58,137.69,905
2016-12-19,137.69,137.69,137.69,137.69,83
2016-12-20,139.8,139.8,136.19,137.99,1437
2016-12-21,136.78,136.78,134.37,134.37,460
2016-12-22,133.47,136.48,133.47,134.37,1514
2016-12-26,134.08,134.08,132.56,132.56,313
2016-12-27,132.56,132.56,130.46,130.76,3680
2016-12-28,130.76,130.76,128.95,128.95,3141
2016-12-29,130.46,130.46,130.46,130.46,500
2017-01-01,130.46,132.26,130.46,130.46,699
2017-01-02,129.55,134.08,129.55,134.08,2460
2017-01-03,133.47,134.98,132.56,132.56,3875
2017-01-04,132.56,132.56,128.35,128.95,3606
2017-01-05,130.76,130.76,130.46,130.46,428
2017-01-08,128.65,128.65,126.84,127.14,4278
2017-01-09,127.45,129.25,127.45,128.04,783
2017-01-10,128.65,128.65,128.65,128.65,2351
2017-01-11,127.45,130.46,127.14,129.25,1624
2017-01-12,127.45,127.45,127.45,127.45,46
2017-01-16,129.25,129.25,129.25,129.25,78
2017-01-17,128.95,129.25,128.95,129.25,288
2017-01-18,130.46,134.08,130.46,134.08,548
2017-01-22,131.96,131.96,131.06,131.06,311
2017-01-23,130.15,131.66,129.85,131.66,384
2017-01-24,131.96,131.96,125.03,125.33,1453
2017-01-25,125.93,125.93,122.02,122.92,1714
2017-01-26,120.21,121.41,120.21,120.51,618
2017-01-30,120.51,120.51,112.37,112.37,2666
2017-01-31,113.88,115.39,113.88,115.39,200
2017-02-01,115.99,122.02,115.99,120.81,807
2017-02-02,120.21,122.02,118.4,121.11,2389
2017-02-05,119.3,119.3,118.4,118.4,270
2017-02-06,116.89,118.1,116.89,118.1,1127
2017-02-07,118.4,118.4,118.4,118.4,285
2017-02-08,117.5,118.4,115.39,117.5,2888
2017-02-09,115.99,115.99,114.48,114.48,877
2017-02-12,112.98,113.88,110.26,110.26,3551
2017-02-13,108.76,113.58,107.55,113.58,1548
2017-02-14,113.58,116.59,113.58,115.39,779
2017-02-15,115.39,123.22,115.39,123.22,746
2017-02-16,121.41,121.41,119.0,119.0,2311
2017-02-19,124.73,125.93,122.92,125.93,1700
2017-02-20,127.74,127.74,125.93,125.93,450
2017-02-21,127.74,131.36,125.93,125.93,489
2017-02-22,125.93,125.93,124.13,125.93,733
2017-02-23,125.93,125.93,121.41,121.41,1673
2017-02-26,120.21,120.21,119.91,120.21,253
2017-02-28,118.7,118.7,118.4,118.4,600
2017-03-01,119.91,119.91,117.8,118.4,6666
2017-03-02,119.91,119.91,116.59,117.5,5249
2017-03-05,119.0,119.3,117.5,119.0,2384
2017-03-06,119.91,120.51,119.91,119.91,698
2017-03-07,119.61,119.61,119.61,119.61,50
2017-03-09,118.1,118.4,116.89,117.8,4410
2017-03-13,117.19,119.0,116.89,118.4,1137
2017-03-14,118.4,118.4,118.4,118.4,108
2017-03-15,118.4,118.4,115.99,115.99,7575
2017-03-16,117.5,117.5,117.19,117.19,2400
2017-03-19,117.19,119.91,117.5,119.0,2070
2017-03-20,119.3,122.62,119.0,122.62,5778
2017-03-21,124.43,126.24,121.41,125.63,2330
2017-03-22,127.45,134.67,125.63,130.76,6454
2017-03-23,128.95,131.66,127.14,131.66,2524
2017-03-26,133.47,135.88,133.47,134.08,3186
2017-03-28,134.08,137.99,136.19,136.48,1054
2017-03-29,136.48,140.71,136.48,136.78,9915
2017-03-30,136.78,139.5,135.58,139.5,5638
2017-04-02,141.0,142.82,140.71,142.82,812
2017-04-03,144.93,149.14,140.71,140.71,2639
2017-04-04,142.82,145.52,142.51,144.32,4866
2017-04-06,144.32,150.04,145.52,150.04,8508
2017-04-09,152.46,153.06,150.04,153.06,7010
2017-04-10,155.47,159.39,153.06,158.19,12945
2017-04-11,159.09,165.41,158.48,165.41,13599
2017-04-12,166.62,178.68,166.62,173.56,20783
2017-04-13,170.24,175.67,170.24,171.14,6771
2017-04-16,172.65,173.86,166.62,166.62,4550
2017-04-18,163.91,165.11,162.1,162.1,11740
2017-04-19,162.1,171.74,160.6,171.74,9534
2017-04-20,174.46,174.46,166.93,169.63,2861
2017-04-23,169.63,172.35,166.93,166.93,3066
2017-04-24,165.11,167.83,165.11,165.41,1094
2017-04-25,165.41,166.62,162.1,163.31,10795
2017-04-26,165.41,166.62,165.11,165.11,6300
2017-04-27,163.61,170.54,163.61,167.23,2126
2017-04-30,164.51,166.32,163.61,165.11,3589
2017-05-02,165.11,168.13,163.61,164.21,6614
2017-05-03,166.62,166.93,163.61,165.11,13991
2017-05-04,163.61,173.86,163.61,171.74,4041
2017-05-07,176.57,176.57,166.93,166.93,5185
2017-05-08,166.62,172.65,165.41,172.65,11699
2017-05-09,172.65,175.97,172.65,175.97,14658
2017-05-11,178.68,185.31,177.17,184.1,55841
2017-05-15,184.71,184.71,175.67,178.68,35425
2017-05-16,178.68,178.68,175.67,175.67,10254
2017-05-17,178.08,178.08,175.06,176.26,31692
2017-05-18,176.31,179.1,172.11,172.81,3594
2017-05-21,173.86,173.86,171.76,171.76,2243
2017-05-22,170.01,170.71,170.01,170.36,2566
2017-05-23,171.41,174.91,170.71,174.91,6401
2017-05-24,174.91,177.01,171.41,177.01,2920
2017-05-28,177.01,177.01,171.41,172.81,4000
2017-05-30,171.41,174.21,167.91,167.91,4570
2017-05-31,167.91,174.56,166.86,174.56,732
2017-06-01,174.91,174.91,172.46,173.51,3372
2017-06-04,175.96,176.66,171.41,171.41,6756
2017-06-05,174.21,178.4,173.86,177.01,7744
2017-06-06,178.4,180.51,176.66,180.51,9757
2017-06-07,183.3,183.3,175.61,175.61,11921
2017-06-08,178.4,179.46,175.96,177.71,6211
2017-06-11,177.71,177.71,174.91,174.91,2410
2017-06-12,172.11,172.11,171.41,171.41,900
2017-06-13,171.41,173.16,171.41,172.81,5841
2017-06-14,172.81,172.81,169.66,170.71,6856
2017-06-15,171.06,174.21,171.06,173.16,4025
2017-06-18,174.21,174.56,174.56,174.56,50
2017-06-19,174.91,174.91,171.41,171.76,270
2017-06-20,169.66,169.66,167.22,168.61,7987
2017-06-21,169.66,170.71,167.22,167.22,4440
2017-06-22,169.66,172.11,167.22,170.01,2490
2017-06-25,172.46,172.46,166.86,167.91,3160
2017-06-27,167.22,167.91,163.71,163.71,4702
2017-06-28,166.16,169.66,166.16,167.91,1210
2017-07-02,166.16,166.16,164.41,166.16,3430
2017-07-03,164.77,164.77,162.66,162.66,5700
2017-07-04,165.11,165.11,161.62,161.62,1626
2017-07-05,159.17,160.57,158.82,159.87,11874
2017-07-06,163.02,165.81,158.82,165.81,7324
2017-07-09,165.81,168.61,160.92,164.07,8833
2017-07-10,166.51,166.51,162.66,164.41,2060
2017-07-11,166.86,166.86,165.11,165.81,2698
2017-07-12,165.81,167.91,164.41,167.91,4969
2017-07-13,167.91,167.91,163.71,165.11,2125
2017-07-16,164.41,166.16,164.41,164.41,3944
2017-07-17,166.86,169.31,166.16,167.56,4780
2017-07-18,169.66,172.11,167.91,170.71,5075
2017-07-19,173.51,176.31,173.16,173.16,5194
2017-07-20,171.06,172.81,171.06,171.41,4120
2017-07-23,168.61,171.76,168.61,169.66,2358
2017-07-24,170.01,174.91,170.01,174.91,742
2017-07-25,174.91,175.61,172.46,175.61,3993
2017-07-26,174.91,174.91,171.41,171.41,5493
2017-07-27,173.86,175.26,171.41,171.76,8265
2017-07-30,171.41,172.11,171.06,172.11,852
2017-07-31,172.11,173.16,172.11,172.46,2907
2017-08-01,172.81,174.91,172.46,174.56,4949
2017-08-02,174.56,175.61,172.46,175.61,2060
2017-08-03,174.56,174.91,173.16,173.16,5120
2017-08-06,175.96,177.01,173.86,173.86,11935
2017-08-07,176.66,176.66,173.16,173.86,6326
2017-08-09,174.91,175.26,173.16,173.16,4290
2017-08-10,173.86,174.21,171.41,171.41,5582
2017-08-13,174.21,174.21,170.36,170.36,5720
2017-08-15,167.91,171.06,167.91,170.71,3233
2017-08-16,170.71,170.71,168.96,168.96,3031
2017-08-17,169.66,169.66,167.91,167.91,3829
2017-08-20,167.22,167.91,161.96,161.96,4304
2017-08-21,164.41,167.91,163.36,166.16,1210
2017-08-22,166.51,167.91,156.37,160.92,15076
2017-08-23,161.27,165.46,160.92,165.46,2720
2017-08-24,165.46,167.91,163.02,167.91,8003
2017-08-27,167.91,168.26,162.66,165.11,3677
2017-08-28,163.02,164.41,162.66,163.36,3131
2017-08-30,163.36,162.66,160.21,160.21,9177
2017-08-31,160.21,161.62,158.47,159.17,5339
2017-09-04,158.12,160.92,156.37,156.72,16651
2017-09-06,158.82,160.92,156.72,156.72,14687
2017-09-07,157.42,157.77,156.72,156.72,2175
2017-09-10,157.07,159.17,153.92,153.92,7520
2017-09-11,152.52,155.67,151.47,153.92,6039
2017-09-12,153.92,153.92,150.77,151.82,4860
2017-09-13,149.37,156.02,149.37,151.12,11860
2017-09-14,150.42,153.92,150.42,152.87,5739
2017-09-17,155.32,157.77,153.92,155.67,3130
2017-09-18,156.72,160.21,156.72,157.42,8080
2017-09-20,159.87,159.87,154.27,156.72,2202
2017-09-24,155.67,156.72,154.97,155.67,2397
2017-09-25,156.72,159.87,155.67,157.07,2910
2017-09-26,157.77,159.17,157.77,158.47,1638
2017-10-03,156.02,160.21,156.02,160.21,82
2017-10-04,162.66,162.66,158.12,158.12,1126
2017-10-08,156.72,156.72,151.47,154.97,7604
2017-10-09,157.07,157.77,152.87,157.77,1707
2017-10-10,157.77,157.77,155.67,157.42,6577
2017-10-11,157.42,158.47,153.22,155.67,1672
2017-10-12,155.67,156.72,153.92,156.02,5612
2017-10-15,158.47,158.47,157.07,157.07,638
2017-10-16,159.17,164.41,158.47,164.41,5156
2017-10-17,162.66,164.41,160.57,162.66,7517
2017-10-18,161.27,164.07,160.92,163.02,2385
2017-10-22,161.62,165.46,161.62,164.41,2005
2017-10-23,165.46,167.56,163.71,164.07,2296
2017-10-24,164.07,164.77,162.66,164.77,654
2017-10-25,163.02,164.77,160.92,160.92,4651
2017-10-29,158.47,160.92,158.47,160.21,1450
2017-10-30,160.92,162.66,159.17,159.17,3291
2017-10-31,158.82,159.17,157.42,157.42,1960
2017-11-01,155.32,155.67,154.62,155.67,1840
2017-11-02,153.22,155.67,153.22,155.32,3223
2017-11-05,152.52,156.37,151.12,153.92,3786
2017-11-06,156.37,158.82,152.17,152.17,2278
2017-11-07,153.92,153.92,148.67,153.92,12591
2017-11-08,152.17,152.17,146.92,150.07,2070
2017-11-09,148.33,153.92,146.92,149.02,3270
2017-11-12,149.02,152.87,148.67,152.87,2445
2017-11-13,152.17,152.52,147.97,151.47,12727
2017-11-14,151.47,153.92,149.02,152.17,13007
2017-11-15,152.17,152.17,150.42,150.77,14542
2017-11-16,153.22,153.22,150.42,150.42,10814
2017-11-19,150.42,152.87,147.27,149.72,2445
2017-11-20,151.12,151.82,149.72,150.42,1189
2017-11-21,148.33,149.72,147.97,148.67,2223
2017-11-22,147.97,150.77,147.62,147.62,2761
2017-11-23,147.62,149.72,147.62,149.72,18375
2017-11-26,149.72,150.77,147.97,147.97,4759
2017-11-27,149.37,151.47,149.37,150.77,1385
2017-11-28,150.42,152.17,149.37,151.47,3864
2017-11-29,152.17,153.92,148.67,152.52,2820
2017-11-30,150.07,152.17,149.37,151.47,2681
2017-12-04,152.17,152.52,150.42,151.12,3415
2017-12-05,152.17,152.17,150.42,152.17,7168
2017-12-06,153.22,155.32,153.22,154.62,16170
2017-12-10,153.92,154.97,152.17,153.92,5406
2017-12-11,155.32,154.97,149.02,149.37,16426
2017-12-12,149.37,149.37,143.43,144.82,59380
2017-12-13,144.82,144.82,140.42,142.94,8458
2017-12-14,141.05,141.05,138.53,139.16,2699
2017-12-17,141.05,141.05,136.01,138.53,2283
2017-12-18,136.01,136.01,133.49,134.75,2836
2017-12-19,137.27,139.16,134.12,134.75,475
2017-12-20,132.23,134.75,132.23,133.49,570
2017-12-21,132.23,134.75,132.23,133.49,932
2017-12-24,136.01,136.01,132.86,133.49,2730
2017-12-26,130.97,130.97,125.3,125.3,4276
2017-12-27,123.42,125.3,122.79,123.42,3070
2017-12-28,121.53,121.53,116.49,119.64,6751
2017-12-31,117.75,123.42,117.75,118.38,3214
2018-01-01,120.27,124.05,118.38,123.42,5287
2018-01-02,124.05,127.82,122.16,125.93,3030
2018-01-03,127.19,127.19,124.67,125.93,4663
2018-01-04,123.42,129.71,123.42,124.67,1140
2018-01-07,123.42,125.93,123.42,125.93,1639
2018-01-08,128.45,128.45,124.67,125.3,2688
2018-01-09,125.3,127.82,125.93,125.93,3007
2018-01-10,125.3,125.3,124.05,124.05,3190
2018-01-14,122.79,124.05,122.79,123.42,209
2018-01-16,121.53,125.3,118.38,125.3,2297
2018-01-17,123.42,123.42,121.53,122.16,1091
2018-01-21,120.27,122.16,119.01,119.01,2861
2018-01-22,120.9,120.9,116.49,117.12,5446
2018-01-23,117.12,117.12,115.23,116.49,4214
2018-01-24,116.49,119.64,116.49,119.64,2334
2018-01-25,117.75,117.75,117.75,117.75,500
2018-01-28,119.64,121.53,116.49,117.75,1415
2018-01-29,119.01,119.01,115.23,115.23,6177
2018-01-31,116.49,119.01,116.49,118.38,4016
2018-02-01,117.12,120.27,117.12,119.64,2512
2018-02-04,119.64,121.53,119.64,121.53,4602
2018-02-05,120.27,122.16,119.64,119.64,3132
2018-02-06,119.64,121.53,118.38,118.38,760
2018-02-07,120.27,120.27,115.23,115.23,5201
2018-02-08,117.12,120.27,117.12,117.75,3900
2018-02-11,115.86,117.75,115.23,117.75,1882
2018-02-12,117.75,119.01,117.12,119.01,1868
2018-02-14,117.12,119.01,115.23,119.01,4657
2018-02-15,120.9,122.16,119.64,121.53,6909
2018-02-18,121.53,125.3,120.9,122.79,7842
2018-02-20,122.79,124.05,119.01,119.64,2316
2018-02-21,119.64,119.64,117.75,117.75,1456
2018-02-22,117.75,119.64,117.12,119.01,1741
2018-02-25,119.01,121.53,119.01,119.64,655
2018-02-26,119.01,119.01,117.12,119.01,1250
2018-02-27,118.38,119.64,117.12,117.75,29278
2018-02-28,117.75,118.38,113.34,113.34,1727
2018-03-04,112.71,112.71,105.16,105.78,1368
2018-03-05,107.67,109.56,106.41,106.41,2530
2018-03-06,106.41,110.19,104.53,109.56,2053
2018-03-07,110.19,113.97,109.56,113.34,5137
2018-03-11,113.34,115.23,107.67,107.67,2112
2018-03-12,107.67,115.23,109.56,115.23,198
2018-03-13,117.12,113.34,108.93,112.71,1509
2018-03-14,114.6,115.86,110.19,110.19,5100
2018-03-15,110.19,113.97,110.19,112.08,3625
2018-03-18,112.08,115.23,112.08,112.08,977
2018-03-19,113.34,113.34,108.3,108.3,3029
2018-03-20,107.04,107.04,103.9,105.16,4776
2018-03-21,105.78,105.78,104.53,105.16,4042
2018-03-22,103.27,106.41,101.38,103.27,7394
2018-03-26,101.38,103.27,98.86,98.86,4847
2018-03-27,97.6,105.16,96.97,105.16,990
2018-03-28,105.78,108.3,103.9,103.9,2379
2018-03-29,103.9,106.41,103.9,106.41,1694
2018-04-01,104.53,105.78,100.75,102.64,5146
2018-04-02,101.38,101.38,98.23,98.23,6434
2018-04-03,99.49,102.01,99.49,102.01,1680
2018-04-04,100.75,107.67,100.75,107.67,3280
2018-04-05,109.56,110.19,105.78,108.93,5994
2018-04-08,110.19,113.34,107.04,110.19,8356
2018-04-09,111.45,112.71,108.3,108.93,2790
2018-04-10,106.41,110.19,106.41,107.04,1797
2018-04-11,108.93,109.56,105.78,108.93,2639
2018-04-12,110.82,111.45,108.93,109.56,2405
2018-04-15,109.56,112.71,111.45,112.71,179
2018-04-16,114.6,117.75,110.82,114.6,5900
2018-04-17,114.6,118.38,114.6,117.12,1389
2018-04-18,119.01,125.93,116.49,124.05,14599
2018-04-19,125.3,127.19,123.42,125.3,14472
2018-04-22,125.3,132.23,125.93,130.34,14576
2018-04-23,132.86,132.86,126.56,129.08,10555
2018-04-24,131.6,131.6,122.16,122.16,16698
2018-04-25,122.16,124.05,119.64,119.64,7474
2018-04-26,121.53,121.53,115.86,115.86,5309
2018-04-29,115.23,120.27,115.23,120.27,450
2018-05-02,120.27,124.05,115.86,124.05,3096
2018-05-03,125.93,125.93,120.9,120.9,3503
2018-05-06,119.01,119.01,110.82,113.34,50581
2018-05-07,112.71,113.97,112.08,113.34,10337
2018-05-08,115.23,115.23,110.19,113.34,22913
2018-05-09,113.34,115.23,111.45,112.71,7245
2018-05-10,112.71,114.6,112.08,112.08,4806
2018-05-14,110.19,113.34,108.93,109.56,9064
2018-05-15,110.19,110.19,109.56,110.19,889
2018-05-16,110.19,112.08,108.93,110.82,4806
2018-05-17,112.71,112.71,108.3,110.82,14037
2018-05-20,110.82,112.71,108.93,109.56,4265
2018-05-21,110.19,110.19,107.67,109.56,8267
2018-05-22,107.67,109.56,107.67,108.3,913
2018-05-23,108.3,108.93,107.04,108.3,15359
2018-05-24,108.3,110.19,105.16,105.16,11654
2018-05-27,105.16,107.04,105.16,105.16,3446
2018-05-28,105.16,112.71,103.27,110.19,8215
2018-05-29,112.08,112.08,106.41,107.67,11502
2018-05-30,108.93,109.56,107.04,107.04,9977
2018-05-31,106.41,107.67,106.41,107.04,4477
2018-06-03,105.78,108.93,102.64,102.64,17523
2018-06-04,101.38,105.78,101.38,104.53,5290
2018-06-06,102.64,104.53,101.38,101.38,69870
2018-06-07,102.64,104.53,101.38,101.38,69870
2018-06-10,103.27,103.27,100.12,100.75,5507
2018-06-11,102.64,102.64,100.75,102.01,7274
2018-06-12,102.01,103.27,102.01,102.01,3414
2018-06-13,102.64,102.64,101.38,102.64,1995
2018-06-14,104.53,105.16,102.64,102.64,3857
2018-06-17,102.64,103.9,102.01,102.64,6078
2018-06-18,102.62,102.62,98.1,100.04,10450
2018-06-19,100.04,100.04,98.75,98.75,1753
2018-06-20,97.46,100.04,97.46,98.1,3563
2018-06-21,98.75,98.75,95.52,96.17,4250
2018-06-24,96.81,98.1,96.81,98.1,873
2018-06-25,96.81,97.46,94.23,94.23,5234
2018-06-26,94.88,96.81,94.88,96.81,3908
2018-06-27,96.81,96.81,96.17,96.81,4100
2018-06-28,96.17,96.81,96.17,96.81,3960
2018-07-01,96.17,96.17,95.52,96.17,3050
2018-07-02,94.88,97.46,94.88,97.46,1386
2018-07-03,97.46,98.1,96.81,96.81,1480
2018-07-04,94.88,100.04,94.88,100.04,4738
2018-07-05,98.75,100.04,96.81,100.04,4708
2018-07-08,100.04,100.04,96.81,96.81,5936
2018-07-09,96.17,97.46,95.52,96.81,2618
2018-07-10,96.17,96.81,95.52,96.17,12778
2018-07-11,97.46,97.46,93.58,94.88,3400
2018-07-12,95.52,96.81,93.58,93.58,17487
2018-07-15,94.88,96.17,94.23,96.17,896
2018-07-16,96.17,101.33,94.88,101.33,7571
2018-07-17,101.33,101.33,94.88,99.39,18284
2018-07-18,97.46,98.75,91.65,98.75,18562
2018-07-19,96.81,96.81,95.52,96.17,8255
2018-07-22,96.17,96.17,93.58,94.88,10042
2018-07-23,95.52,96.17,94.88,94.88,1705
2018-07-24,96.17,97.46,94.88,96.17,8028
2018-07-25,94.88,96.81,93.58,96.81,1073
2018-07-26,98.75,98.75,95.52,95.52,1236
2018-07-29,96.17,96.17,94.23,95.52,8670
2018-07-30,94.23,98.1,91.65,94.23,29200
2018-07-31,94.88,96.17,94.23,96.17,2803
2018-08-01,94.88,95.52,94.88,94.88,2372
2018-08-02,95.52,95.52,92.94,92.94,3070
2018-08-05,93.58,94.23,92.94,93.58,10421
2018-08-06,93.58,93.58,92.94,93.58,5454
2018-08-07,94.88,94.88,91.65,92.94,3822
2018-08-08,92.94,93.58,92.29,93.58,6987
2018-08-09,94.88,94.88,93.58,94.88,761
2018-08-12,93.58,94.23,92.29,93.58,23670
2018-08-13,92.29,93.58,91.0,92.94,3912
2018-08-14,93.58,94.88,91.0,94.23,10953
2018-08-15,95.52,96.17,94.23,95.52,7841
2018-08-16,96.81,96.81,94.23,96.17,15995
2018-08-19,96.17,96.17,94.88,94.88,4311
2018-08-20,94.88,94.88,93.58,93.58,460
2018-08-21,93.58,93.58,92.94,92.94,3236
2018-08-22,92.94,93.58,92.94,92.94,870
2018-08-23,93.58,93.58,92.94,93.58,2096
2018-08-26,92.94,92.94,91.65,92.29,9085
2018-08-28,92.94,93.58,91.65,92.29,4035
2018-08-29,92.29,92.94,92.29,92.29,1914
2018-08-30,93.58,94.88,92.94,94.88,1807
2018-09-02,93.58,94.88,92.29,94.23,10692
2018-09-03,94.23,96.81,94.23,95.52,19944
2018-09-04,95.52,96.17,94.23,94.23,4804
2018-09-05,94.23,98.75,94.23,96.81,21222
2018-09-06,96.81,98.75,95.52,96.81,27318
2018-09-09,94.88,95.52,94.88,95.52,6476
2018-09-10,94.88,94.88,94.23,94.23,711
2018-09-11,93.58,95.52,93.58,94.23,2811
2018-09-12,95.52,96.81,94.88,96.81,668
2018-09-13,96.81,98.75,95.52,96.17,11856
2018-09-16,97.46,100.68,96.81,98.75,28401
2018-09-17,96.81,100.04,96.17,98.1,21884
2018-09-18,98.75,98.75,97.46,98.1,3586
2018-09-20,98.1,101.33,97.46,99.39,6099
2018-09-23,98.75,98.75,97.46,98.75,4205
2018-09-25,100.68,105.2,100.04,101.33,13992
2018-09-26,103.27,106.49,101.33,106.49,26382
2018-09-27,106.49,106.49,101.98,105.85,28106
2018-09-30,105.85,105.85,100.68,105.2,2932
2018-10-01,103.27,103.27,98.75,100.04,10396
2018-10-02,100.04,100.68,98.75,100.04,7492
2018-10-03,100.04,100.04,98.75,98.75,5101
2018-10-04,99.39,99.39,97.46,98.1,9975
2018-10-07,97.46,98.1,96.17,96.81,10633
2018-10-08,95.52,98.1,95.52,98.1,8406
2018-10-09,96.17,98.75,96.17,98.75,2249
2018-10-10,98.1,98.1,97.46,98.1,636
2018-10-11,96.81,96.81,96.81,96.81,3667
2018-10-14,96.81,98.1,96.81,98.1,800
2018-10-15,99.39,100.04,98.75,100.04,4495
2018-10-21,101.98,101.98,100.04,100.04,1400
2018-10-22,98.75,99.39,98.75,98.75,906
2018-10-23,98.75,99.39,98.75,98.75,1474
2018-10-24,100.68,100.68,98.75,98.75,448
2018-10-25,98.75,98.75,98.75,98.75,103
2018-10-28,98.1,98.75,96.81,96.81,3299
2018-10-29,96.81,96.81,95.52,96.81,2626
2018-10-30,96.81,97.46,96.17,97.46,1938
2018-10-31,96.81,99.39,96.17,96.81,3066
2018-11-01,96.81,98.1,96.17,96.81,2770
2018-11-04,94.88,96.17,94.88,95.52,4184
2018-11-05,94.23,96.81,94.23,96.81,1500
2018-11-14,96.81,96.81,93.58,93.58,16247
2018-11-15,93.58,94.23,91.65,92.29,12634
2018-11-18,92.29,92.94,90.36,90.36,7073
2018-11-19,90.36,91.65,90.36,90.36,2220
2018-11-20,90.36,91.0,90.36,90.36,3786
2018-11-21,90.36,94.23,90.36,94.23,10744
2018-11-22,94.23,94.23,91.65,91.65,1480
2018-11-25,91.65,93.58,90.36,90.36,6467
2018-11-26,90.36,92.94,90.36,92.94,4171
2018-11-27,92.94,92.94,91.65,92.94,3625
2018-11-28,92.94,94.88,91.65,94.88,10151
2018-11-29,94.33,94.33,91.65,91.65,842
2018-12-02,91.65,91.65,89.07,89.71,2073
2018-12-03,89.71,91.0,88.42,89.71,2870
2018-12-04,89.71,91.0,89.07,89.71,1429
2018-12-06,90.36,91.0,88.42,89.71,5730
2018-12-09,89.71,90.36,89.07,90.36,3768
2018-12-10,90.36,92.29,90.36,91.65,2305
2018-12-11,91.65,91.65,89.07,90.36,293
2018-12-12,90.36,91.0,89.07,89.07,2642
2018-12-13,89.07,90.36,87.78,90.36,458
2018-12-16,90.36,91.65,90.36,91.65,7090
2018-12-17,91.65,92.29,90.36,92.29,2402
2018-12-18,92.29,92.29,88.42,88.42,9690
2018-12-19,88.42,93.58,88.42,91.65,16525
2018-12-20,91.65,98.75,90.36,98.75,19201
2018-12-23,98.75,100.68,94.88,98.75,15753
2018-12-24,98.75,98.75,93.58,93.58,6651
2018-12-25,93.58,96.81,93.58,94.88,5940
2018-12-26,94.88,100.04,94.88,97.46,11882
2018-12-27,97.46,98.1,93.58,93.58,6146
2018-12-30,93.58,96.17,92.29,92.29,5036
2018-12-31,92.29,96.17,92.29,96.17,18002
2019-01-01,96.17,96.17,93.3,93.3,3821
2019-01-02,93.3,93.3,92.63,92.63,400
2019-01-03,92.63,93.97,91.29,91.29,3167
2019-01-06,91.29,91.96,90.62,90.62,7363
2019-01-07,90.62,93.3,90.62,93.3,640
2019-01-08,93.3,93.3,91.96,91.96,1472
2019-01-09,91.96,93.3,91.96,92.63,2208
2019-01-10,92.63,92.63,91.96,92.63,3377
2019-01-13,92.63,92.63,90.62,90.62,1005
2019-01-14,90.62,93.3,90.62,93.3,3896
2019-01-15,91.96,98.67,91.96,98.67,14478
2019-01-16,98.67,107.4,95.31,104.04,52832
2019-01-17,104.04,104.04,98.67,100.01,15421
2019-01-20,100.01,100.01,95.99,95.99,340
2019-01-21,95.99,97.33,94.64,95.31,3274
2019-01-22,95.31,99.34,93.97,98.0,170
2019-01-23,98.0,98.0,92.63,95.99,36714
2019-01-24,95.99,97.33,95.31,97.33,5119
2019-01-27,97.33,97.33,94.64,95.99,480
2019-01-28,95.99,97.33,94.64,95.99,10360
2019-01-29,95.99,96.66,93.97,96.66,10528
2019-01-30,96.66,96.66,95.31,95.31,363
2019-01-31,95.31,95.31,93.97,94.64,2677
2019-02-03,93.3,94.64,93.3,94.64,894
2019-02-04,93.3,93.3,91.29,91.29,6799
2019-02-05,92.63,93.97,91.29,93.97,916
2019-02-06,93.97,95.31,92.63,93.3,979
2019-02-07,91.96,93.3,91.96,91.96,2966
2019-02-10,91.96,92.63,91.29,91.96,955
2019-02-11,91.96,93.3,91.29,93.3,5630
2019-02-12,93.3,93.3,91.96,91.96,1770
2019-02-13,91.29,93.3,91.29,91.96,2785
2019-02-14,90.62,93.3,90.62,91.96,1360
2019-02-17,92.63,92.63,91.29,91.29,689
2019-02-18,90.62,91.29,90.62,91.29,3524
2019-02-19,91.96,94.64,91.29,93.3,1764
2019-02-20,92.63,93.3,92.63,93.3,546
2019-02-21,91.96,93.3,91.96,91.96,1560
2019-02-24,91.29,92.63,91.29,92.63,928
2019-02-25,91.29,92.63,90.62,92.63,2085
2019-02-26,92.63,92.63,90.62,90.62,3216
2019-02-27,90.62,91.29,90.62,90.62,402
2019-03-03,90.62,92.63,90.62,90.62,1092
2019-03-05,91.96,91.96,90.62,90.62,160
2019-03-06,91.29,91.96,90.62,91.96,6197
2019-03-07,93.3,93.3,91.29,92.63,4499
2019-03-09,91.96,92.63,91.96,91.96,386
2019-03-10,91.96,92.63,91.96,91.96,386
2019-03-11,93.97,95.99,93.3,95.31,5507
2019-03-12,95.31,98.0,94.64,95.31,24418
2019-03-13,95.31,96.66,94.64,94.64,4944
2019-03-14,95.99,98.0,95.99,98.0,9221
2019-03-17,97.33,97.33,96.66,97.33,1112
2019-03-18,98.67,98.67,95.99,95.99,7967
2019-03-19,94.64,94.64,94.64,94.64,2650
2019-03-21,94.64,98.0,93.3,98.0,3013
2019-03-24,96.66,96.66,94.64,94.64,2254
2019-03-25,93.97,95.99,93.97,95.31,3416
2019-03-26,94.64,98.0,93.97,96.66,6243
2019-03-27,96.66,97.33,95.31,97.33,3224
2019-03-28,97.33,98.67,96.66,96.66,3657
2019-03-31,97.33,98.67,95.31,95.99,4771
2019-04-01,95.31,98.67,95.31,98.67,5342
2019-04-02,97.33,98.67,95.99,95.99,2753
2019-04-03,97.33,98.67,97.33,98.67,5558
2019-04-04,97.33,98.67,96.66,96.66,9692
2019-04-07,97.33,99.34,96.66,99.34,4443
2019-04-08,99.34,100.01,96.66,96.66,16612
2019-04-09,96.66,98.0,96.66,97.33,5697
2019-04-10,95.99,97.33,95.99,96.66,1318
2019-04-11,97.33,98.0,94.64,95.31,6297
2019-04-15,96.66,96.66,95.31,96.66,5096
2019-04-16,96.66,99.34,96.66,98.0,7475
2019-04-17,98.0,98.0,96.66,98.0,5612
2019-04-18,96.66,99.34,95.31,98.0,5850
2019-04-21,98.0,101.36,97.33,99.34,10728
2019-04-22,100.68,102.7,98.67,98.67,9984
2019-04-23,100.01,100.68,98.0,98.0,4360
2019-04-24,97.33,102.7,97.33,102.7,13075
2019-04-25,104.71,110.08,100.68,108.74,54677
2019-04-28,110.75,110.75,102.7,105.38,17479
2019-04-29,103.37,106.73,100.68,102.7,10476
2019-04-30,102.7,106.73,101.36,106.73,6257
2019-05-02,104.71,104.71,100.68,104.04,10238
2019-05-05,104.71,106.73,99.34,101.36,3599
2019-05-06,101.36,102.7,100.01,102.7,7732
2019-05-07,102.7,102.7,101.36,102.03,12113
2019-05-08,100.68,104.04,100.68,101.36,2935
2019-05-09,101.36,103.37,100.68,100.68,1273
2019-05-12,98.67,101.36,98.67,100.68,6390
2019-05-13,98.67,100.68,98.67,100.68,6176
2019-05-14,102.7,103.37,100.01,100.68,33514
2019-05-15,102.03,105.38,100.68,104.04,38359
2019-05-16,105.38,107.4,104.04,106.05,48443
2019-05-19,106.05,106.05,102.7,106.05,10228
2019-05-20,104.71,104.71,100.68,101.36,6035
2019-05-21,102.7,102.7,101.36,102.7,8358
2019-05-22,104.71,104.71,101.36,102.03,3551
2019-05-23,100.68,102.7,100.01,101.36,9925
2019-05-26,101.36,101.36,99.34,100.01,7178
2019-05-27,101.36,103.37,100.68,101.36,3376
2019-05-28,100.68,102.7,100.68,101.36,4649
2019-05-29,104.04,106.05,102.03,106.05,22423
2019-05-30,108.07,112.1,102.7,102.7,31838
2019-06-02,104.04,106.05,103.37,103.37,10359
2019-06-03,102.03,104.71,102.03,102.7,7453
2019-06-04,102.7,102.7,100.68,102.03,5367
2019-06-06,104.04,106.05,101.36,102.7,7805
2019-06-10,104.71,104.71,100.68,102.03,8672
2019-06-11,101.36,103.37,101.36,102.03,5669
2019-06-12,104.04,104.04,101.36,101.36,6124
2019-06-13,100.68,103.37,100.01,100.68,10841
2019-06-16,102.7,102.7,100.68,100.68,8111
2019-06-17,99.34,102.03,99.34,101.36,5617
2019-06-18,101.36,101.36,100.68,100.68,1842
2019-06-19,100.68,104.71,100.01,104.71,6421
2019-06-20,102.7,102.7,100.68,102.7,5615
2019-06-23,100.68,102.7,100.01,102.7,1104
2019-06-24,100.68,101.36,98.67,101.36,4351
2019-06-25,101.36,101.36,100.01,101.36,5818
2019-06-26,101.36,101.36,100.68,100.68,4188
2019-06-27,102.03,102.7,101.36,102.03,9054
2019-06-30,102.7,102.7,100.68,100.68,9909
2019-07-01,100.68,100.68,99.34,100.68,5357
2019-07-02,100.68,103.37,98.67,103.37,12719
2019-07-03,102.7,105.38,102.7,103.37,6502
2019-07-04,103.37,104.04,102.03,102.03,4866
2019-07-07,104.04,108.07,104.04,106.05,61457
2019-07-08,107.4,107.4,104.71,105.38,42974
2019-07-09,106.05,108.07,106.05,107.4,35260
2019-07-10,107.4,107.4,106.05,107.4,9895
2019-07-11,106.05,106.73,104.71,106.05,12169
2019-07-14,104.71,107.4,104.71,106.73,3372
2019-07-15,106.73,107.4,106.05,106.73,11949
2019-07-16,107.4,107.4,106.05,106.73,1338
2019-07-17,107.4,108.07,106.73,107.4,912
2019-07-18,106.73,107.4,106.73,106.73,1000
2019-07-21,104.71,106.73,104.71,106.73,3083
2019-07-22,106.73,106.73,106.05,106.05,2510
2019-07-23,105.38,105.38,104.71,104.71,3412
2019-07-24,105.38,106.05,104.71,106.05,3086
2019-07-25,106.05,106.05,104.71,104.71,7789
2019-07-28,103.37,104.71,102.7,102.7,6898
2019-07-29,103.37,103.37,102.03,102.7,2739
2019-07-30,102.7,103.37,102.03,103.37,738
2019-07-31,102.03,105.38,102.03,102.03,2115
2019-08-01,104.04,104.04,102.03,102.03,1763
2019-08-04,104.04,106.05,102.03,102.03,11476
2019-08-05,102.03,102.7,102.03,102.03,2778
2019-08-06,102.03,102.03,101.36,102.03,4578
2019-08-07,102.03,102.7,100.68,102.03,2990
2019-08-08,100.68,100.68,100.01,100.68,3710
2019-08-11,100.01,102.03,100.01,102.03,1247
2019-08-12,102.03,102.03,100.68,101.36,1397
2019-08-13,101.36,101.36,100.68,100.68,143
2019-08-14,100.68,100.68,99.34,100.68,1668
2019-08-15,99.34,100.01,98.67,98.67,5463
2019-08-18,98.0,98.67,98.0,98.0,1600
2019-08-19,99.34,100.68,96.66,96.66,6330
2019-08-20,98.0,100.01,97.33,100.01,6970
2019-08-21,98.67,98.67,98.67,98.67,140
2019-08-22,100.01,100.01,97.33,98.0,974
2019-08-25,96.66,96.66,95.99,95.99,592
2019-08-26,96.66,97.33,94.64,94.64,10555
2019-08-27,95.99,95.99,94.64,95.99,3257
2019-08-28,95.99,95.99,95.31,95.31,772
2019-08-29,94.64,96.66,94.64,95.31,1465
2019-09-01,95.31,95.31,94.64,94.64,2766
2019-09-02,95.99,95.99,93.3,93.97,7636
2019-09-03,94.64,95.99,93.97,95.99,4166
2019-09-04,97.33,98.67,97.33,97.33,941
2019-09-05,97.33,97.33,97.33,97.33,400
2019-09-08,95.99,95.99,94.64,94.64,350
2019-09-09,95.31,95.31,93.3,93.97,2499
2019-09-10,95.31,98.0,95.31,98.0,2010
2019-09-11,96.66,96.66,94.64,94.64,403
2019-09-12,93.3,94.64,91.96,93.3,8052
2019-09-15,93.97,93.97,92.63,93.3,1193
2019-09-16,92.63,94.64,92.63,93.3,320
2019-09-17,93.3,95.99,91.96,91.96,1762
2019-09-18,93.3,97.33,93.3,93.97,8088
2019-09-19,93.97,93.97,92.63,92.63,2000
2019-09-22,92.63,92.63,92.63,92.63,300
2019-09-23,93.3,93.3,93.3,93.3,453
2019-09-24,91.96,93.3,91.96,93.3,594
2019-09-26,93.3,93.3,91.96,92.63,552
2019-09-29,92.63,92.63,92.63,92.63,2744
2019-09-30,93.3,93.97,92.63,93.97,931
2019-10-01,93.97,93.97,93.3,93.3,366
2019-10-02,92.63,93.97,92.63,93.97,2478
2019-10-03,92.63,93.97,92.63,93.97,900
2019-10-10,93.97,95.31,93.97,95.31,305
2019-10-14,93.97,96.66,93.97,93.97,1823
2019-10-15,93.97,95.31,93.97,95.31,1061
2019-10-16,93.97,94.64,92.63,93.3,3578
2019-10-17,94.64,94.64,93.3,93.3,3865
2019-10-20,92.63,93.97,91.96,91.96,4119
2019-10-21,91.29,91.96,91.29,91.29,4111
2019-10-22,91.96,93.97,91.96,92.63,2011
2019-10-23,93.97,93.97,91.96,91.96,4354
2019-10-24,93.3,93.3,91.96,93.3,2856
2019-10-31,93.97,93.97,92.63,93.3,3410
2019-11-03,91.96,92.63,91.96,91.96,2902
2019-11-04,91.96,93.97,91.96,93.97,24562
2019-11-05,93.97,93.97,93.97,93.97,2700
2019-11-06,93.97,93.97,93.3,93.3,1838
2019-11-07,93.3,93.3,91.96,93.3,5356
2019-11-10,92.63,93.3,91.96,93.3,2832
2019-11-11,92.63,93.97,91.96,93.3,1515
2019-11-12,91.96,91.96,91.29,91.29,2786
2019-11-13,91.96,93.3,91.96,93.3,2190
2019-11-14,93.3,92.63,91.96,91.96,1824
2019-11-17,91.29,91.96,90.62,91.96,7117
2019-11-18,92.63,92.63,91.29,91.29,233
2019-11-19,91.29,93.3,90.62,92.63,3075
2019-11-20,93.3,93.3,91.96,91.96,1300
2019-11-21,91.96,93.3,91.29,91.29,2700
2019-11-24,92.63,92.63,90.62,90.62,1434
2019-11-25,91.29,91.29,89.27,89.94,7723
2019-11-26,89.27,89.94,88.6,89.94,642
2019-11-27,89.94,91.96,89.27,91.96,253
2019-11-28,90.62,92.63,90.62,91.29,402
2019-12-01,91.29,91.29,89.94,89.94,3438
2019-12-02,89.94,91.29,89.94,90.62,784
2019-12-03,90.62,94.64,90.62,93.97,775
2019-12-04,92.63,92.63,91.96,92.63,4843
2019-12-05,92.63,92.63,91.29,91.29,7500
2019-12-08,91.29,92.63,91.29,92.63,1048
2019-12-09,93.3,95.31,93.3,95.31,2927
2019-12-10,96.66,96.66,93.97,94.64,17208
2019-12-11,93.97,95.99,93.97,95.99,3254
2019-12-12,95.31,97.33,94.64,97.33,10062
2019-12-15,98.67,98.67,96.66,97.33,3770
2019-12-16,95.31,95.31,93.3,95.31,20383
2019-12-17,94.64,95.31,93.97,93.97,1406
2019-12-18,93.3,96.66,93.3,95.31,4819
2019-12-19,95.31,95.31,93.97,94.64,2595
2019-12-22,93.3,95.99,91.96,95.99,8449
2019-12-23,97.33,97.33,95.31,95.99,3264
2019-12-24,97.33,98.0,95.31,95.31,16470
2019-12-25,94.64,98.0,94.64,95.99,11916
2019-12-26,100.68,100.68,94.64,95.31,8985
2019-12-29,94.64,98.0,94.64,96.66,13481
2019-12-30,96.66,96.66,95.31,95.99,15070
2019-12-31,95.31,95.31,91.29,92.63,7009
2020-01-01,92.63,93.97,90.62,91.96,5937
2020-01-02,90.62,91.96,90.62,91.96,2511
2020-01-05,92.63,97.33,92.63,97.33,45283
2020-01-06,96.66,100.01,96.66,100.01,21687
2020-01-07,98.67,100.68,98.0,100.01,19025
2020-01-08,101.36,101.36,98.0,100.01,14555
2020-01-09,101.36,101.36,98.0,98.0,851
2020-01-12,98.67,101.36,96.66,100.68,12627
2020-01-13,98.67,102.7,98.67,98.67,11588
2020-01-14,97.33,98.67,96.66,96.66,9886
2020-01-15,98.0,100.68,98.0,99.34,12140
2020-01-16,103.37,109.41,103.37,106.05,36514
2020-01-19,108.07,116.12,106.73,116.12,48252
2020-01-20,114.11,114.11,106.05,106.73,38240
2020-01-21,107.4,113.44,105.38,110.75,12576
2020-01-22,108.74,108.74,105.38,106.05,2776
2020-01-23,105.38,106.05,104.04,104.04,5151
2020-01-26,106.05,106.05,101.36,101.36,4063
2020-01-27,100.68,104.71,100.68,104.71,5258
2020-01-28,106.73,112.77,103.37,108.74,1432
2020-01-29,106.73,107.4,102.7,104.71,3690
2020-01-30,105.38,108.74,103.37,105.38,5977
2020-02-02,107.4,113.44,107.4,107.4,26032
2020-02-03,109.41,113.44,105.38,109.41,14498
2020-02-04,109.41,114.78,108.07,108.74,41187
2020-02-05,108.74,109.41,107.4,109.41,6510
2020-02-06,109.41,109.41,106.73,107.4,5780
2020-02-09,107.4,107.4,103.37,103.37,16340
2020-02-10,104.04,106.05,102.7,105.38,12093
2020-02-11,106.73,109.41,106.73,107.4,38633
2020-02-12,107.4,112.1,107.4,110.75,44546
2020-02-13,112.1,112.77,108.07,110.08,17166
2020-02-16,109.41,110.75,108.74,109.41,17180
2020-02-17,110.75,116.12,110.75,112.1,56603
2020-02-18,114.11,116.12,112.77,114.11,54514
2020-02-19,112.77,114.78,112.77,113.44,17682
2020-02-20,113.44,118.14,112.77,117.47,26625
2020-02-23,119.48,126.19,114.78,126.19,70694
2020-02-24,126.19,126.19,118.81,119.48,34122
2020-02-25,117.47,126.19,117.47,124.85,38135
2020-02-26,122.83,124.85,120.82,121.49,50528
2020-02-27,120.82,126.86,118.81,126.19,46897
2020-03-01,126.19,130.22,122.16,122.83,8288
2020-03-02,120.82,120.82,115.45,115.45,4196
2020-03-03,115.45,121.49,112.1,118.14,13762
2020-03-04,116.12,118.14,111.42,111.42,23578
2020-03-05,113.44,116.79,109.41,114.11,21589
2020-03-10,112.77,112.77,105.38,105.38,4357
2020-03-11,107.4,112.77,106.05,112.77,26753
2020-03-12,110.75,110.75,107.4,107.4,22745
2020-03-15,105.38,108.07,102.7,104.04,44061
2020-03-16,102.03,106.73,102.03,104.04,15736
2020-03-17,102.03,104.04,98.67,99.34,26513
2020-03-18,98.0,100.01,93.97,95.99,32253
2020-03-19,94.64,100.01,93.3,95.31,43094
2020-03-22,96.66,96.66,95.99,95.99,1079
2020-05-13,94.64,94.64,94.64,94.64,10
2020-06-29,94.64,94.64,94.64,91.96,1078
2020-06-30,93.3,93.3,93.3,93.3,840
2020-07-01,94.64,95.99,94.64,95.99,3553
2020-07-02,97.33,97.33,93.97,93.97,2410
2020-07-05,93.97,94.64,93.3,93.3,4358
2020-07-06,92.63,94.64,91.96,93.3,14619
2020-07-07,93.3,98.67,93.3,97.33,8801
2020-07-08,96.66,97.33,94.64,97.33,5855
2020-07-09,97.33,98.67,95.99,96.66,1547
2020-07-12,98.0,98.0,95.31,95.99,2786
2020-07-13,94.64,96.66,94.64,96.66,4621
2020-07-14,97.33,97.33,96.66,96.66,4279
2020-07-15,97.33,97.33,94.64,94.64,6352
2020-07-16,94.64,102.03,94.64,100.68,12188
2020-07-20,105.38,109.41,102.03,103.37,24903
2020-07-21,103.37,108.07,101.36,103.37,14167
2020-07-22,104.71,106.73,101.36,102.03,14419
2020-07-23,103.37,104.04,100.68,102.7,7044
2020-07-26,102.03,104.71,98.67,102.03,16582
2020-07-27,104.04,104.04,101.36,102.03,15335
2020-07-28,100.01,101.36,100.01,100.01,18866
2020-07-29,100.68,101.36,97.33,98.67,19667
2020-07-30,99.34,100.68,98.67,100.01,6856
2020-08-02,98.67,99.34,96.66,96.66,11647
2020-08-03,98.0,99.34,95.31,97.33,8586
2020-08-05,95.99,97.33,94.64,94.64,3273
2020-08-06,95.99,97.33,93.3,96.66,21359
2020-08-09,95.31,96.66,93.97,95.99,6984
2020-08-10,97.33,104.04,96.66,104.04,15661
2020-08-11,104.04,104.04,97.33,101.36,18376
2020-08-12,101.36,101.36,98.0,98.67,7276
2020-08-13,98.67,99.34,96.66,99.34,7477
2020-08-16,98.0,98.0,93.97,95.31,18934
2020-08-17,96.66,96.66,93.97,96.66,6947
2020-08-18,95.31,98.0,95.31,96.66,2283
2020-08-19,95.31,95.99,93.97,94.64,8485
2020-08-20,95.99,98.0,94.64,95.99,2115
2020-08-23,95.31,97.33,95.31,97.33,12000
2020-08-24,96.66,97.33,96.66,97.33,6893
2020-08-25,95.99,98.0,95.99,96.66,7195
2020-08-26,98.0,99.34,96.66,98.67,9895
2020-08-27,98.0,98.67,97.33,97.33,6710
2020-08-30,97.33,97.33,95.99,95.99,10504
2020-08-31,97.33,98.0,95.31,96.66,9120
2020-09-02,98.0,102.7,97.33,98.67,16825
2020-09-03,98.67,98.67,97.33,98.0,5685
2020-09-06,102.7,102.7,95.31,95.99,34779
2020-09-07,100.68,100.68,95.99,97.33,2951
2020-09-08,96.66,97.33,95.99,95.99,3398
2020-09-09,100.68,100.68,95.31,97.33,6472
2020-09-10,95.99,98.67,95.31,97.33,4570
2020-09-13,98.0,98.0,94.64,95.99,11364
2020-09-14,95.31,98.67,95.31,95.99,19777
2020-09-15,97.33,97.33,95.31,95.99,3236
2020-09-16,100.68,100.68,95.99,96.66,9749
2020-09-17,98.0,104.71,98.0,102.7,55174
2020-09-20,104.71,108.74,102.03,104.71,45969
2020-09-21,104.71,104.71,101.36,102.7,12465
2020-09-22,102.7,103.37,98.0,100.01,20266
2020-09-23,101.36,102.7,97.33,102.7,36036
2020-09-24,102.7,102.7,100.68,101.36,16976
2020-09-27,102.7,104.71,100.01,103.37,50540
2020-09-28,104.71,106.73,103.37,103.37,28374
2020-09-29,104.04,106.73,102.7,106.05,45009
2020-09-30,106.05,112.77,104.04,112.1,102180
2020-10-01,114.11,121.49,110.08,118.81,119268
2020-10-04,120.82,122.83,114.11,114.78,82647
2020-10-05,116.12,118.81,114.11,117.47,51424
2020-10-06,119.48,120.82,117.47,117.47,55578
2020-10-07,118.81,128.88,118.14,128.88,140005
2020-10-08,134.92,137.6,125.52,127.53,134195
2020-10-11,125.52,128.88,121.49,126.86,86841
2020-10-12,124.85,131.56,120.82,126.86,97741
2020-10-13,128.2,132.23,125.52,126.19,118140
2020-10-14,127.53,132.23,122.83,124.18,23260
2020-10-15,129.55,129.55,122.83,123.51,20401
2020-10-18,122.16,123.51,119.48,120.15,27829
2020-10-19,118.81,121.49,117.47,120.15,27531
2020-10-20,122.16,124.18,118.81,122.16,31293
2020-10-21,124.18,127.53,120.15,127.53,51409
2020-10-22,126.86,128.2,125.52,125.52,43156
2020-10-28,127.53,131.56,124.85,128.2,26811
2020-10-29,130.22,132.23,125.52,128.88,83156
2020-11-01,128.88,128.88,126.19,126.19,22984
2020-11-02,130.22,130.22,124.85,125.52,30592
2020-11-03,125.52,125.52,122.83,123.51,23533
2020-11-04,122.16,124.18,122.16,123.51,7878
2020-11-05,124.85,125.52,122.83,124.85,25920
2020-11-08,126.19,126.19,122.83,125.52,38302
2020-11-09,127.53,128.2,122.16,127.53,18218
2020-11-10,129.55,129.55,123.51,124.85,9568
2020-11-11,124.18,126.86,123.51,124.85,21708
2020-11-12,126.19,126.19,122.83,122.83,13016
2020-11-18,122.83,123.51,120.82,122.16,33799
2020-11-19,122.16,134.25,122.16,130.89,198305
2020-11-22,136.93,136.93,126.86,130.89,78976
2020-11-23,131.56,134.92,127.53,128.2,44493
2020-11-24,130.22,136.93,126.86,135.59,135213
2020-11-25,138.27,140.96,135.59,136.93,103795
2020-11-26,144.99,144.99,129.55,130.89,96151
2020-11-29,132.9,140.29,130.89,136.26,156125
2020-11-30,137.6,140.96,132.23,132.23,82086
2020-12-01,133.57,133.57,128.88,129.55,54828
2020-12-02,129.55,131.56,127.53,129.55,30510
2020-12-03,131.56,132.23,124.85,126.86,30042
2020-12-06,132.9,132.9,118.14,118.14,74218
2020-12-07,120.15,123.51,116.12,120.82,51992
2020-12-08,122.83,124.85,117.47,119.48,34990
2020-12-09,120.82,123.51,118.81,120.15,16285
2020-12-10,120.15,120.82,117.47,118.81,13499
2020-12-13,120.82,120.82,119.48,120.82,15440
2020-12-14,122.16,126.19,120.15,124.18,25400
2020-12-15,124.18,124.85,122.16,122.83,13959
2020-12-16,124.18,124.18,120.82,122.16,17147
2020-12-17,120.82,122.83,120.15,120.82,22650
2020-12-20,119.48,120.82,114.78,114.78,28252
2020-12-21,113.44,116.12,110.08,115.45,18862
2020-12-22,117.47,122.16,114.11,119.48,24447
2020-12-23,121.49,121.49,116.79,118.81,16181
2020-12-24,117.47,118.81,114.78,116.12,15133
2020-12-27,116.79,118.14,114.78,116.79,6314
2020-12-28,116.79,117.47,115.45,116.79,8638
2020-12-29,114.78,118.81,113.44,116.79,9749
2020-12-30,115.45,116.79,114.78,116.79,6030
2020-12-31,114.78,117.47,114.78,117.47,16631
2021-01-03,117.47,119.48,116.79,118.81,28483
2021-01-04,120.82,122.16,117.47,117.47,28442
2021-01-05,118.14,120.15,117.47,120.15,6170
2021-01-06,120.15,120.82,118.81,120.82,12442
2021-01-07,122.83,124.85,121.49,122.83,47398
2021-01-10,124.85,128.88,124.18,128.2,70545
2021-01-11,134.25,136.93,126.19,131.56,95387
2021-01-12,137.6,137.6,129.55,136.26,134518
2021-01-13,142.97,142.97,133.57,134.92,37257
2021-01-17,137.6,148.34,134.25,147.67,309017
2021-01-18,147.67,153.04,140.96,142.3,78509
2021-01-19,142.3,144.99,135.59,140.96,99792
2021-01-20,139.62,144.99,139.62,144.31,74164
2021-01-21,145.66,149.01,144.31,144.99,139257
2021-01-24,144.31,152.37,144.31,144.99,49835
2021-01-25,147.0,147.0,140.29,142.3,39127
2021-01-26,144.31,144.31,139.62,139.62,41378
2021-01-27,146.33,146.33,139.62,142.3,32927
2021-01-28,144.31,144.31,138.27,138.94,57716
2021-01-31,136.93,138.27,133.57,134.92,72377
2021-02-01,136.26,139.62,134.25,137.6,47573
2021-02-02,139.62,141.63,136.26,138.27,26972
2021-02-03,140.29,140.96,136.26,139.62,28003
2021-02-04,140.29,140.29,137.6,138.94,20960
2021-02-07,138.94,140.29,136.26,138.94,38132
2021-02-08,138.94,144.99,138.27,144.31,59359
2021-02-09,143.64,146.33,139.62,142.3,20382
2021-02-10,146.33,146.33,135.59,143.64,92992
2021-02-11,144.31,147.67,142.3,145.66,140955
2021-02-14,146.33,147.67,142.3,144.31,47972
2021-02-15,143.64,151.7,142.97,151.03,123117
2021-02-16,158.41,158.41,145.66,147.67,84021
2021-02-17,145.66,149.01,145.66,148.34,32348
2021-02-18,155.73,155.73,147.0,152.37,97005
2021-02-21,152.37,153.04,149.68,149.68,49756
2021-02-22,149.68,152.37,145.66,147.67,58272
2021-02-23,147.67,147.67,142.97,146.33,37175
2021-02-24,147.0,150.36,145.66,147.0,19211
2021-02-25,149.01,149.01,142.3,145.66,48797
2021-02-28,147.0,147.0,140.29,140.29,21214
2021-03-02,142.97,144.31,137.6,139.62,73402
2021-03-03,138.27,143.64,136.26,138.94,50355
2021-03-04,140.96,142.3,138.27,140.29,39964
2021-03-08,141.63,141.63,137.6,140.29,25282
2021-03-09,140.29,140.96,136.93,138.27,18478
2021-03-10,136.93,138.94,136.93,138.27,7621
2021-03-14,136.26,138.94,132.23,134.92,37917
2021-03-15,137.6,140.29,133.57,136.26,38908
2021-03-16,136.93,138.27,133.57,136.93,26597
2021-03-17,136.93,136.93,134.25,136.93,21505
2021-03-18,138.94,138.94,136.26,138.27,28682
2021-03-21,138.27,142.3,138.27,140.96,28398
2021-03-22,142.3,144.31,140.96,142.3,70861
2021-03-23,143.78,144.48,140.25,141.66,19102
2021-03-24,143.78,143.78,140.96,143.78,12564
2021-03-25,142.37,143.78,141.66,141.66,25839
2021-03-29,143.07,143.07,140.25,140.96,26018
2021-03-30,143.78,143.78,140.96,141.66,17465
2021-03-31,148.71,148.71,142.37,142.37,33582
2021-04-01,145.19,150.83,143.78,148.01,71438
2021-04-04,150.83,150.83,145.89,149.42,81921
2021-04-05,152.94,152.94,148.71,149.42,54489
2021-04-06,148.71,151.53,148.01,151.53,64446
2021-04-07,152.23,155.05,152.23,153.64,104996
2021-04-08,155.76,163.51,155.05,162.81,116838
2021-04-12,162.1,164.22,158.58,162.1,79688
2021-04-13,164.92,169.85,162.1,167.04,88527
2021-04-15,168.45,174.79,168.45,174.08,152865
2021-04-18,176.2,176.2,165.63,166.33,99715
2021-04-19,169.15,171.26,161.4,165.63,49317
2021-04-20,163.51,172.67,161.4,167.04,35212
2021-04-21,169.15,169.15,159.28,163.51,38388
2021-04-22,166.33,166.33,160.69,164.22,59743
2021-04-25,166.33,166.33,157.17,159.28,46701
2021-04-26,156.46,159.28,153.64,155.05,51048
2021-04-27,157.17,164.22,155.05,159.28,29244
2021-04-28,160.69,167.74,159.28,162.81,61264
2021-04-29,163.51,169.85,162.81,168.45,67347
2021-05-02,171.26,171.97,167.74,171.97,70585
2021-05-03,174.08,174.08,167.04,168.45,43342
2021-05-04,171.26,171.26,164.92,167.74,18824
2021-05-05,164.92,169.15,164.92,167.04,23664
2021-05-06,169.15,169.15,164.92,166.33,39772
2021-05-09,163.51,167.74,163.51,166.33,17031
2021-05-10,169.15,169.15,164.92,167.04,5701
2021-05-11,167.04,167.74,165.63,167.04,13622
2021-05-12,169.15,169.15,165.63,165.63,17464
2021-05-13,165.63,181.84,165.63,181.84,257874
2021-05-16,181.84,193.82,181.84,186.06,93338
2021-05-17,186.77,188.88,181.13,184.66,99505
2021-05-18,184.66,200.16,183.25,200.16,221017
2021-05-19,204.39,204.39,192.41,193.82,105203
2021-05-20,195.93,201.57,192.41,198.75,115789
2021-05-23,190.29,218.49,190.29,218.49,345277
2021-05-24,229.06,229.06,208.62,216.37,208161
2021-05-25,218.49,221.3,210.03,210.73,134391
2021-05-27,219.89,225.53,203.68,218.49,169484
2021-05-30,222.71,240.33,218.49,239.63,435511
2021-05-31,243.15,251.61,232.58,234.7,302872
2021-06-01,231.17,243.86,229.76,237.51,237064
2021-06-02,237.51,260.07,233.29,256.54,291398
2021-06-03,260.77,279.1,259.36,259.36,408527
2021-06-06,264.3,269.23,255.13,265.0,333474
2021-06-07,269.23,288.96,265.71,288.96,571726
2021-06-08,299.54,317.86,296.01,317.86,309477
2021-06-09,333.37,333.37,296.01,300.95,290130
2021-06-10,286.15,317.16,286.15,305.17,404835
2021-06-13,310.11,335.48,305.17,333.37,498448
2021-06-14,339.0,353.81,322.09,325.61,279325
2021-06-15,341.82,341.82,304.47,309.4,276667
2021-06-16,306.58,317.16,284.74,294.6,246568
2021-06-17,308.7,308.7,287.55,298.83,223045
2021-06-20,303.06,304.47,284.03,288.96,178717
2021-06-21,303.06,303.06,272.05,273.46,171939
2021-06-22,274.87,300.24,266.41,296.72,210030
2021-06-23,292.49,304.47,284.03,287.55,162494
2021-06-24,291.78,291.78,279.1,279.8,76680
2021-06-27,293.19,293.19,272.05,278.39,77355
2021-06-28,281.21,281.21,268.53,270.64,71570
2021-06-29,257.25,276.98,257.25,263.59,133045
2021-06-30,263.59,272.75,251.61,269.23,168324
2021-07-01,274.16,284.03,264.3,278.39,160370
2021-07-04,284.74,284.74,272.05,274.87,126762
2021-07-05,261.48,279.1,261.48,266.41,83461
2021-07-06,271.34,271.34,264.3,266.41,48101
2021-07-07,269.23,269.93,262.18,265.0,35304
2021-07-08,265.0,272.75,261.48,269.93,80319
2021-07-11,283.33,296.72,272.75,296.72,254810
2021-07-12,301.65,312.22,288.26,293.9,312859
2021-07-13,293.19,307.29,292.49,300.95,167869
2021-07-14,306.58,306.58,296.72,299.54,100291
2021-07-15,284.74,305.88,284.74,298.83,94408
2021-07-18,299.54,316.31,296.01,311.52,209685
2021-07-19,313.63,320.68,304.47,310.11,143427
2021-07-20,313.63,313.63,303.06,303.06,90507
2021-07-22,304.47,306.58,301.65,302.99,90271
2021-07-25,305.17,308.63,300.24,302.36,105244
2021-07-26,300.95,305.88,300.24,300.95,98157
2021-07-27,300.95,312.22,290.37,305.88,169978
2021-07-28,310.11,315.04,306.58,307.99,122591
2021-07-29,314.13,319.98,310.11,315.04,266519
2021-08-01,321.31,334.07,321.31,326.32,369064
2021-08-02,332.8,332.8,318.57,320.68,136653
2021-08-03,320.68,324.2,319.27,320.68,105381
2021-08-04,314.34,331.25,314.34,325.12,184398
2021-08-05,331.6,341.82,325.61,335.34,456206
2021-08-08,337.59,341.82,332.66,334.78,212726
2021-08-09,338.3,339.71,327.94,329.14,120645
2021-08-10,334.07,362.05,331.53,361.56,664400
2021-08-11,368.75,376.08,349.58,355.78,283672
2021-08-12,355.78,387.63,348.87,380.73,595240
2021-08-15,373.12,377.06,351.69,365.08,544519
2021-08-16,365.08,377.77,353.81,367.9,251346
2021-08-17,372.13,394.68,366.49,386.23,302412
2021-08-18,391.16,419.35,382.7,405.25,496824
2021-08-19,405.25,412.87,391.16,398.21,390172
2021-08-24,390.45,398.91,377.77,379.18,252780
2021-08-25,384.11,384.11,366.49,367.9,177348
2021-08-26,374.95,396.73,367.9,386.23,292118
2021-08-29,393.2,400.96,375.65,377.77,254938
2021-08-31,371.42,377.06,359.44,360.36,213825
2021-09-01,366.49,373.54,355.92,359.44,167743
2021-09-02,352.4,369.31,346.76,351.06,140984
2021-09-05,344.64,348.17,316.45,322.09,225229
2021-09-06,322.09,354.3,316.45,354.3,175229
2021-09-07,359.44,366.28,340.55,354.51,152158
2021-09-08,348.17,351.69,337.59,338.3,128953
2021-09-09,338.3,348.87,335.48,338.3,65211
2021-09-12,345.07,360.85,338.3,359.44,157540
2021-09-13,366.49,374.24,359.51,361.49,145261
2021-09-14,368.68,368.68,355.21,356.62,65323
2021-09-15,356.62,356.62,346.05,348.17,94858
2021-09-16,342.53,343.23,329.91,335.48,156558
2021-09-20,328.78,334.78,309.4,310.81,136575
2021-09-21,305.17,326.32,300.95,311.87,132899
2021-09-22,318.07,339.71,317.16,338.3,114442
2021-09-23,344.64,355.92,324.27,327.87,106649
2021-09-26,331.25,336.19,312.22,313.63,64755
2021-09-27,313.63,315.75,299.54,300.38,80006
2021-09-28,295.31,310.11,285.37,288.96,93860
2021-09-29,294.6,303.06,283.33,299.54,101016
2021-09-30,303.06,309.12,284.74,285.44,94952
2021-10-03,291.08,291.08,273.46,278.39,56376
2021-10-04,273.88,285.44,270.64,275.57,46270
2021-10-05,280.51,285.44,276.35,281.21,54597
2021-10-06,281.92,289.67,276.98,289.6,71814
2021-10-10,295.38,295.38,276.28,277.69,47348
2021-10-11,274.87,275.57,270.08,273.46,60824
2021-10-17,278.89,283.96,271.34,279.1,25761
2021-10-18,274.16,274.16,264.58,267.82,70722
2021-10-19,267.82,267.82,249.5,252.88,77849
2021-10-20,257.88,272.05,257.88,266.41,45328
2021-10-21,271.7,276.28,258.8,259.36,101356
2021-10-24,263.75,263.75,251.5,261.27,32690
2021-10-25,261.27,287.39,260.72,287.39,105622
2021-10-26,293.13,312.36,288.4,310.11,127370
2021-10-27,316.31,321.5,296.39,310.03,108438
2021-10-28,310.11,317.86,303.91,314.76,50471
2021-10-31,320.19,333.37,310.11,332.98,107582
2021-11-01,339.57,345.54,319.64,321.74,108229
2021-11-02,315.61,351.04,314.76,341.04,139830
2021-11-03,347.32,347.32,331.97,332.59,40806
2021-11-08,338.02,340.81,330.19,330.26,50650
2021-11-09,333.29,333.29,310.11,312.43,72643
2021-11-11,306.23,317.78,301.97,302.36,63413
2021-11-14,306.23,313.98,298.48,306.23,42076
2021-11-15,312.36,321.74,310.96,316.31,59429
2021-11-16,322.43,328.87,316.31,326.39,54141
2021-11-17,332.59,344.22,322.36,327.94,116657
2021-11-18,322.51,333.37,317.86,319.41,46496
2021-11-21,325.23,325.61,316.31,317.94,28752
2021-11-22,324.3,324.3,316.08,317.09,52571
2021-11-23,311.58,323.37,306.23,308.95,65864
2021-11-24,306.23,313.98,302.36,309.33,56976
2021-11-25,310.11,315.53,300.11,310.11,73619
2021-11-28,310.11,310.11,293.44,293.44,78129
2021-11-29,299.25,309.95,286.85,294.6,51133
2021-11-30,299.95,300.03,289.18,296.08,26515
2021-12-01,291.5,302.36,291.5,297.7,22066
2021-12-02,302.36,302.36,285.3,285.3,42946
2021-12-05,285.3,286.85,269.02,271.34,46456
2021-12-06,271.34,286.07,260.65,281.42,98123
2021-12-07,286.85,298.4,268.24,270.57,48202
2021-12-08,267.47,282.97,259.79,259.95,19523
2021-12-09,255.99,267.47,254.29,262.43,61267
2021-12-12,258.94,262.82,248.09,248.09,38343
2021-12-13,243.43,251.96,227.93,232.81,73368
2021-12-14,237.47,256.07,237.23,256.07,27192
2021-12-15,261.19,274.45,246.54,262.12,120802
2021-12-16,258.94,263.59,248.47,248.86,28874
2021-12-20,244.21,248.86,239.56,244.21,22432
2021-12-21,248.86,255.06,243.43,255.06,28104
2021-12-22,260.1,272.12,255.84,272.12,94896
2021-12-23,277.55,277.55,261.27,263.59,56648
2021-12-26,266.69,271.27,258.94,263.67,59190
2021-12-27,268.24,268.24,251.96,251.96,38257
2021-12-28,247.39,255.84,245.84,252.04,40971
2021-12-29,248.09,256.61,247.16,251.96,30676
2022-01-02,251.96,262.04,250.8,260.49,39791
2022-01-03,263.59,271.34,259.72,267.47,59130
2022-01-04,264.44,285.3,264.37,285.3,110555
2022-01-05,286.85,291.66,277.55,280.65,91005
2022-01-06,276.0,290.73,276.0,288.4,71914
2022-01-09,293.05,310.26,293.05,307.78,143547
2022-01-10,313.21,320.19,307.01,318.64,142246
2022-01-11,318.64,333.37,308.17,324.84,152934
2022-01-12,321.74,331.04,315.53,317.86,162748
2022-01-13,313.98,328.71,313.98,323.29,88967
2022-01-16,323.29,341.89,326.39,329.49,118704
2022-01-17,332.59,336.47,321.81,328.02,111707
2022-01-18,329.49,333.37,321.81,325.61,135114
2022-01-19,321.74,343.99,321.74,339.57,298017
2022-01-20,346.31,346.31,336.54,345.77,224339
2022-01-23,348.87,352.67,335.69,341.12,193071
2022-01-24,334.92,338.02,320.19,323.13,166968
2022-01-25,322.51,331.04,320.19,322.51,101849
2022-01-26,321.74,324.06,309.33,316.31,94948
2022-01-27,319.41,322.51,313.98,315.22,46527
2022-01-30,321.5,338.02,321.5,338.02,129993
2022-01-31,344.22,344.22,327.94,327.94,81066
2022-02-01,327.94,336.0,325.61,332.13,81330
2022-02-03,338.02,343.44,330.26,331.04,96366
2022-02-06,324.68,333.37,324.68,326.39,68814
2022-02-07,326.39,333.37,325.61,326.39,42801
2022-02-08,332.9,339.49,320.96,321.74,72039
2022-02-09,322.51,325.61,311.66,320.19,63791
2022-02-10,324.76,325.61,315.77,317.86,43850
2022-02-13,311.66,311.66,300.8,305.84,83125
2022-02-14,311.66,317.86,302.51,305.46,34342
2022-02-15,310.11,315.53,307.08,315.53,24641
2022-02-16,317.86,318.48,307.01,307.78,43432
2022-02-17,307.78,310.11,307.01,308.56,23349
2022-02-20,302.43,307.39,296.93,300.8,43585
2022-02-21,306.77,306.77,300.88,302.36,25811
2022-02-22,300.8,311.66,300.8,307.78,34329
2022-02-23,307.78,312.43,303.05,303.91,29027
2022-02-24,303.52,303.52,293.28,296.15,39755
2022-02-27,302.05,303.91,290.73,294.6,35304
2022-02-28,300.03,300.49,285.3,290.73,32975
2022-03-02,294.6,294.6,281.04,281.04,42606
2022-03-06,286.07,290.65,279.1,283.75,34144
2022-03-07,289.18,289.95,281.42,281.42,26292
2022-03-09,286.85,288.4,274.14,275.22,25596
2022-03-10,272.9,290.65,271.42,289.95,37303
2022-03-13,294.21,305.46,290.73,300.8,73745
2022-03-14,296.93,307.94,294.84,304.68,46719
2022-03-15,304.68,316.23,299.25,310.88,181829
2022-03-16,317.09,317.09,307.78,309.02,52175
2022-03-20,310.11,310.19,301.04,302.36,47952
2022-03-21,304.68,320.03,303.91,317.09,81314
2022-03-22,321.74,327.86,315.53,324.84,176568
2022-03-23,321.04,326.39,318.87,324.06,76874
2022-03-24,322.51,324.06,316.31,320.19,60613
2022-03-27,324.84,324.84,303.91,306.15,60275
2022-03-28,300.8,307.55,296.23,300.8,55212
2022-03-29,300.8,306.31,297.7,300.8,22969
2022-03-30,300.8,313.98,299.41,310.88,35782
2022-03-31,315.53,315.53,303.98,305.46,35497
2022-04-03,303.13,307.78,297.7,299.02,33346
2022-04-04,296.15,308.17,293.83,298.87,29620
2022-04-05,294.76,298.48,290.73,296.15,41823
2022-04-06,293.05,300.03,291.5,292.74,26930
2022-04-07,298.56,304.53,293.05,297.7,31360
2022-04-11,303.13,307.63,291.5,292.28,45826
2022-04-12,288.79,297.7,288.56,292.2,21609
2022-04-13,292.2,303.13,289.18,293.83,20909
2022-04-17,298.48,299.41,288.71,292.28,14327
2022-04-18,287.63,290.73,282.2,286.0,35075
2022-04-19,291.66,293.83,280.73,286.07,30632
2022-04-20,286.85,286.85,272.9,276.0,25800
2022-04-21,271.73,285.3,268.63,279.1,24780
2022-04-24,284.52,306.77,279.1,296.15,50838
2022-04-25,302.05,302.05,286.85,287.63,46884
2022-04-26,287.63,291.5,282.97,283.83,18831
2022-04-27,282.97,292.28,281.42,291.5,18040
2022-04-28,292.28,294.6,283.9,284.52,28182
2022-05-02,279.17,282.2,272.2,277.39,31530
2022-05-04,276.77,279.87,270.57,271.73,19649
2022-05-05,266.31,273.59,259.72,262.04,62662
2022-05-08,263.59,276.77,253.9,276.77,50512
2022-05-09,271.42,280.57,269.02,272.9,46338
2022-05-10,275.22,280.57,269.79,276.38,17823
2022-05-11,280.65,286.85,275.22,285.3,58723
2022-05-12,288.32,289.95,274.52,275.22,46861
2022-05-17,269.87,274.45,262.82,262.89,17320
2022-05-18,258.16,277.55,258.16,272.12,20516
2022-05-19,267.47,274.45,263.59,263.59,21255
2022-05-20,259.72,269.02,259.72,263.2,10076
2022-05-23,258.16,263.59,253.51,256.61,22205
2022-05-24,258.94,265.92,253.9,258.16,14693
2022-05-25,262.04,268.24,259.87,260.49,18322
2022-05-26,265.14,265.14,258.16,260.49,16566
2022-05-27,262.04,264.91,255.84,258.94,17358
2022-05-30,257.39,257.39,248.09,250.41,34843
2022-05-31,249.64,252.74,246.3,248.09,20581
2022-06-01,252.66,253.51,248.09,250.41,10814
2022-06-02,253.51,253.51,248.09,248.86,11105
2022-06-03,248.86,248.86,243.43,244.21,31698
2022-06-06,247.31,248.09,242.81,245.76,20076
2022-06-07,242.74,245.76,236.46,238.71,16556
2022-06-08,241.88,251.19,239.56,244.99,35255
2022-06-09,246.54,249.56,239.4,242.66,35719
2022-06-10,242.66,243.82,237.85,238.01,10586
2022-06-13,242.74,242.74,235.68,238.63,10148
2022-06-14,236.53,236.53,229.48,232.5,18899
2022-06-15,232.58,236.46,227.15,229.48,25174
2022-06-16,233.36,237.23,229.01,231.03,23937
2022-06-17,231.81,232.58,227.93,230.26,21765
2022-06-19,227.15,228.7,217.08,219.94,31934
2022-06-20,215.6,217.08,209.17,212.35,56258
2022-06-21,215.53,222.5,211.65,221.57,19675
2022-06-22,224.67,224.67,210.87,212.42,11934
2022-06-23,208.55,208.55,198.7,199.24,39660
2022-06-24,196.84,212.42,189.94,205.21,40395
2022-06-26,209.25,219.4,205.45,217.08,54278
2022-06-27,219.4,225.37,209.32,209.32,69978
2022-06-28,205.45,210.1,203.12,207.69,18070
2022-06-29,210.87,218.86,207.07,217.08,33494
2022-06-30,220.18,236.46,217.08,231.03,85967
2022-07-01,231.03,235.68,226.38,232.58,63414
2022-07-03,228.7,245.76,224.83,242.74,62747
2022-07-04,243.43,249.64,228.7,230.41,126083
2022-07-05,228.7,239.56,223.28,227.85,95804
2022-07-06,224.83,235.68,221.03,231.81,40858
2022-07-07,236.38,241.03,224.83,224.83,45649
2022-07-08,220.95,227.15,219.87,220.18,17672
2022-07-11,215.84,215.84,208.94,210.1,44089
2022-07-12,213.97,219.01,207.07,216.3,35469
2022-07-13,220.18,230.88,213.97,228.7,34825
2022-07-14,230.26,233.28,224.83,227.15,31201
2022-07-15,226.46,228.63,220.95,224.83,20044
2022-07-17,225.6,228.7,222.58,227.15,35614
2022-07-18,224.83,231.03,223.36,230.26,37568
2022-07-19,234.13,236.3,230.26,231.81,64620
2022-07-20,230.26,240.26,229.48,234.13,43438
2022-07-21,234.13,238.01,227.15,234.91,37301
2022-07-22,232.58,232.58,226.38,226.38,36727
2022-07-24,230.26,242.66,224.83,239.56,67135
2022-07-25,241.88,255.06,238.78,251.19,145026
2022-07-26,247.31,254.29,241.11,243.43,85388
2022-07-27,238.78,249.79,235.68,248.86,115864
2022-07-28,252.74,263.59,247.7,251.96,157937
2022-07-29,256.61,270.57,246.92,267.47,174519
2022-07-31,272.12,277.55,264.44,271.34,143607
2022-08-01,274.37,274.37,263.59,264.75,83494
2022-08-02,260.57,268.48,258.94,263.59,72041
2022-08-03,265.14,275.22,262.04,263.59,77728
2022-08-04,258.94,264.37,256.85,256.85,86232
2022-08-05,261.27,267.47,251.96,255.06,94571
2022-08-07,259.72,263.51,255.84,258.94,43737
2022-08-08,263.51,266.46,256.61,256.61,82698
2022-08-09,253.59,258.16,248.09,250.41,62268
2022-08-10,245.92,255.06,245.92,248.16,31684
2022-08-11,251.19,252.74,244.21,245.76,34400
2022-08-14,248.86,250.41,243.43,244.21,27321
2022-08-15,246.54,258.16,244.21,256.61,69357
2022-08-16,254.6,261.19,248.16,248.47,48540
2022-08-17,244.68,255.84,244.68,251.19,25537
2022-08-18,254.29,260.49,251.34,259.72,49322
2022-08-21,263.28,264.37,254.52,254.52,49009
2022-08-22,254.91,258.71,249.87,254.29,37200
2022-08-23,250.41,255.84,250.41,254.29,21708
2022-08-24,258.16,258.16,252.74,253.51,16532
2022-08-25,257.39,257.39,249.64,250.1,29091
2022-08-26,248.09,249.64,245.3,248.09,69597
2022-08-28,244.21,248.01,240.41,241.88,33662
2022-08-29,241.88,246.61,239.33,242.66,16953
2022-08-30,247.31,251.89,242.43,243.05,15440
2022-08-31,242.12,247.85,238.78,239.02,20049
2022-09-01,238.78,242.5,234.13,239.56,50210
2022-09-02,243.43,243.43,234.83,239.56,8747
2022-09-04,238.78,243.82,238.78,243.43,12226
2022-09-05,247.7,247.7,242.04,244.13,12748
2022-09-06,243.43,243.43,238.09,238.09,11331
2022-09-07,236.46,239.56,235.14,235.84,13413
2022-09-08,238.78,243.43,234.91,240.33,14791
2022-09-11,237.23,241.96,234.91,234.91,8806
2022-09-12,234.91,235.68,233.59,235.06,17975
2022-09-13,238.01,241.11,236.92,239.71,20028
2022-09-14,242.97,249.64,240.33,247.31,53799
2022-09-15,247.39,248.09,235.68,235.76,65626
2022-09-16,231.19,238.78,224.44,233.43,29141
2022-09-18,232.58,232.58,224.83,226.38,28251
2022-09-20,224.83,224.83,218.08,219.4,19891
2022-09-21,220.95,227.15,220.33,220.33,20260
2022-09-22,222.5,224.05,217.08,218.63,14833
2022-09-25,216.3,218.63,212.42,213.59,17419
2022-09-27,217.08,222.5,214.21,220.18,6887
2022-09-28,223.28,224.05,218.7,220.18,7691
2022-09-29,220.18,223.67,217.08,220.95,12649
2022-10-09,224.83,230.26,220.33,228.7,26015
2022-10-10,232.5,232.58,221.03,224.05,12798
2022-10-11,223.28,223.28,218.08,223.2,9623
2022-10-12,226.3,230.72,218.01,226.92,16852
2022-10-13,226.38,228.7,225.68,227.93,16957
2022-10-16,223.74,230.18,222.5,224.83,18333
2022-10-17,224.83,226.38,221.03,222.89,9169
2022-10-19,222.89,223.2,216.53,217.85,16965
2022-10-20,217.08,220.95,214.75,218.55,8192
2022-10-23,218.55,220.95,217.08,219.4,9245
2022-10-31,217.08,221.34,215.06,221.34,20719
2022-11-01,224.05,231.03,220.18,231.03,17799
2022-11-02,232.58,238.01,227.93,234.83,27929
2022-11-03,230.18,236.46,227.15,228.7,13668
2022-11-06,232.5,235.68,229.48,235.45,21493
2022-11-07,234.91,239.56,232.58,235.29,45449
2022-11-08,234.91,237.16,232.19,232.35,10015
2022-11-09,234.91,235.29,225.84,227.08,28525
2022-11-10,229.4,229.48,221.03,221.03,36103
2022-11-13,220.95,224.83,220.95,221.73,13443
2022-11-14,220.18,228.7,220.18,228.7,8853
2022-11-15,231.57,232.58,227.08,227.15,23403
2022-11-16,228.7,231.65,228.7,230.26,9332
2022-11-17,232.5,236.46,231.81,234.91,34514
2022-11-22,238.01,238.01,231.11,232.5,28973
2022-11-23,228.86,232.5,228.86,232.5,8223
2022-11-24,232.58,241.88,231.03,238.78,52013
2022-11-27,240.33,246.46,240.33,242.27,31250
2022-11-28,242.27,246.46,235.68,239.56,21385
2022-11-29,236.46,241.73,236.46,240.33,11822
2022-11-30,237.7,240.26,237.23,239.09,9616
2022-12-01,238.78,244.21,236.53,241.88,17864
2022-12-04,238.78,244.21,238.78,242.66,20636
2022-12-05,241.88,241.88,234.91,236.38,16094
2022-12-06,234.13,238.01,233.74,234.36,6004
2022-12-07,234.36,238.71,230.26,230.49,11083
2022-12-11,228.08,232.58,228.08,231.73,8524
2022-12-12,232.5,236.46,227.54,234.91,14741
2022-12-13,236.3,236.46,231.03,235.91,5995
2022-12-14,231.88,234.91,231.81,232.58,6422
2022-12-15,231.03,231.03,227.93,230.95,7350
2022-12-18,227.15,228.7,222.66,223.28,10279
2022-12-19,222.5,231.81,222.5,227.93,5412
2022-12-20,231.19,231.19,226.46,229.48,11011
2022-12-21,226.38,230.26,224.91,225.6,4889
2022-12-22,225.6,227.93,221.18,224.05,14184
2022-12-26,226.38,236.46,225.68,236.46,34307
2022-12-27,240.33,245.61,238.78,242.66,57873
2022-12-28,239.56,246.54,238.01,241.88,34494
2022-12-29,246.54,249.48,240.33,249.09,34338
2023-01-01,251.96,253.51,243.2,245.76,71420
2023-01-02,246.54,251.96,243.43,248.09,38352
2023-01-03,248.09,253.44,245.76,245.99,23826
2023-01-04,246.61,260.49,246.61,260.49,68509
2023-01-05,260.49,264.37,253.59,259.72,72868
2023-01-08,255.84,268.24,254.52,263.59,70566
2023-01-09,263.59,275.14,260.72,273.67,94725
2023-01-10,278.32,284.68,268.24,268.79,135142
2023-01-12,274.14,279.56,262.82,263.59,109770
2023-01-17,268.86,275.14,261.27,271.89,47350
2023-01-18,276.38,280.65,271.34,272.51,80867
2023-01-19,269.1,278.32,269.02,269.79,63818
2023-01-23,267.47,269.79,262.82,264.37,62270
2023-01-24,261.11,264.91,259.48,263.59,42043
2023-01-25,263.59,282.2,261.27,266.15,46185
2023-01-26,271.27,271.34,266.07,266.93,15149
2023-01-29,261.65,267.39,256.85,263.59,29948
2023-01-30,259.1,264.37,255.84,257.39,38592
2023-01-31,252.35,266.62,252.35,258.16,24598
2023-02-01,258.16,259.72,256.61,258.16,22964
2023-02-02,254.37,261.27,253.13,254.29,16910
2023-02-05,253.51,259.72,253.51,256.61,24187
2023-02-06,259.72,259.72,255.84,257.7,11812
2023-02-07,259.64,274.29,259.64,274.29,70491
2023-02-08,275.22,276.69,269.02,272.04,59901
2023-02-09,266.77,275.22,266.77,273.67,41601
2023-02-12,268.24,271.34,265.14,267.31,55494
2023-02-14,263.59,267.47,263.59,264.91,15455
2023-02-15,263.59,266.69,260.8,262.82,29462
2023-02-16,266.69,266.69,258.4,259.72,31808
2023-02-20,255.99,262.04,255.06,255.84,12535
2023-02-22,260.96,265.76,257.39,263.59,10485
2023-02-23,262.82,262.82,255.84,256.77,27132
2023-02-26,252.04,261.73,248.86,261.19,27390
2023-02-27,261.73,263.59,252.35,263.59,33182
2023-02-28,267.39,267.47,259.72,262.04,9943
2023-03-01,260.49,260.49,255.84,258.94,8057
2023-03-02,254.68,255.84,252.74,254.06,9115
2023-03-05,255.84,258.16,251.26,251.26,12353
2023-03-07,256.23,257.39,251.96,254.13,9604
2023-03-09,259.17,262.58,255.84,262.04,33018
2023-03-12,267.24,267.24,259.16,259.5,9765
2023-03-13,262.53,262.53,255.71,257.31,5663
2023-03-14,260.84,260.84,254.95,258.91,6777
2023-03-15,263.2,263.2,254.11,254.11,7984
2023-03-16,258.24,258.24,252.43,253.27,11421
2023-03-19,250.16,256.55,248.22,249.99,11082
2023-03-20,249.91,259.75,249.91,254.95,12574
2023-03-22,257.48,257.48,251.0,252.43,7444
2023-03-23,255.8,255.8,245.87,248.14,17000
2023-03-26,245.87,248.22,239.81,239.81,32256
2023-03-27,244.02,250.41,238.13,248.22,10979
2023-03-28,251.59,261.6,244.86,249.82,12192
2023-03-29,247.38,252.43,247.38,249.06,4761
2023-03-30,253.19,254.03,246.54,249.48,7061
2023-04-02,249.48,254.11,244.94,248.64,9508
2023-04-03,247.38,247.38,240.65,245.7,11730
2023-04-04,249.91,249.91,240.65,242.33,3059
2023-04-05,239.81,244.6,238.13,244.6,5197
2023-04-06,248.81,248.81,237.37,238.88,24248
2023-04-09,234.84,238.13,233.92,233.92,12012
2023-04-10,237.7,242.25,233.75,234.34,6070
2023-04-11,237.28,242.0,234.76,240.65,6062
2023-04-12,245.45,258.15,244.77,254.95,20494
2023-04-13,252.43,255.8,247.38,247.38,17712
2023-04-16,249.06,249.06,243.17,245.7,5296
2023-04-17,244.02,247.38,240.82,244.02,4363
2023-04-18,240.23,248.9,238.13,238.63,4692
2023-04-19,243.34,251.76,241.91,245.7,5823
2023-04-20,250.58,250.58,240.14,240.14,2095
2023-04-23,239.81,239.81,231.65,236.53,5600
2023-04-24,232.4,243.51,232.4,237.54,3356
2023-04-25,242.25,246.96,239.81,243.51,7282
2023-04-26,243.17,244.35,239.81,239.81,4171
2023-04-27,237.28,244.6,236.44,239.81,2215
2023-04-30,236.44,239.81,235.1,238.97,3462
2023-05-02,243.68,247.8,235.18,235.6,4812
2023-05-03,232.32,239.81,229.71,235.6,9616
2023-05-04,235.6,238.55,234.76,234.76,2828
2023-05-07,230.55,239.39,229.79,229.88,4930
2023-05-08,231.39,233.92,225.34,233.92,8436
2023-05-09,232.15,235.68,229.71,233.92,3191
2023-05-10,230.13,233.67,227.19,230.47,5385
2023-05-11,227.27,230.55,226.01,228.11,3587
2023-05-14,232.24,232.24,224.66,225.5,4683
2023-05-15,229.88,229.88,221.72,228.79,2492
2023-05-16,233.24,233.24,227.19,231.14,2415
2023-05-17,231.39,237.28,227.35,235.6,8945
2023-05-18,238.97,244.86,236.61,242.33,19624
2023-05-21,239.81,247.13,239.81,244.02,10721
2023-05-22,244.02,246.54,235.68,244.52,9850
2023-05-23,244.02,254.87,244.02,252.43,20767
2023-05-24,247.38,258.15,247.38,254.95,14520
2023-05-28,249.91,258.32,246.54,246.54,23155
2023-05-30,241.91,246.62,237.37,237.37,12811
2023-05-31,236.44,241.15,230.55,233.08,16110
2023-06-01,235.6,249.99,231.65,237.87,7460
2023-06-04,242.58,250.66,242.33,244.1,6777
2023-06-05,239.81,248.22,239.81,243.59,11518
2023-06-06,239.39,247.21,238.97,246.54,6401
2023-06-07,245.7,254.11,245.7,248.98,21388
2023-06-08,245.7,253.27,244.02,250.75,30460
2023-06-11,254.11,268.33,252.51,265.05,89858
2023-06-12,266.73,269.26,262.53,267.91,57106
2023-06-13,263.45,273.47,263.37,268.58,41349
2023-06-14,268.58,273.47,263.37,264.21,39057
2023-06-15,261.69,265.89,261.1,261.69,22121
2023-06-18,266.9,270.94,264.21,270.94,42761
2023-06-19,270.94,282.3,266.73,275.57,84942
2023-06-20,278.51,291.14,275.15,275.15,95869
2023-06-21,280.2,281.04,270.52,270.94,35018
2023-06-22,275.15,277.67,270.1,272.2,26612
2023-06-25,272.2,288.61,270.94,284.32,75312
2023-06-26,286.17,291.05,280.2,286.93,56591
2023-06-27,291.56,293.49,276.49,289.45,61451
2023-06-28,294.5,294.5,280.36,281.04,35886
2023-07-02,281.04,284.4,269.26,269.26,56325
2023-07-03,274.31,274.31,265.05,265.05,30714
2023-07-04,270.35,270.35,264.21,268.42,18238
2023-07-05,267.58,272.62,261.69,263.37,21345
2023-07-06,263.37,266.73,259.25,262.02,18635
2023-07-09,267.24,270.1,264.21,268.67,38921
2023-07-10,267.58,272.88,265.89,269.17,29728
2023-07-11,272.62,281.04,267.58,275.15,81731
2023-07-12,277.67,282.3,276.07,278.51,37731
2023-07-13,280.2,281.46,275.23,276.83,56565
2023-07-16,275.99,276.75,270.18,270.94,31223
2023-07-17,273.47,291.89,272.62,286.09,123501
2023-07-18,288.61,290.29,281.04,281.04,60242
2023-07-19,278.09,286.59,277.67,284.99,36873
2023-07-20,288.61,288.61,281.54,283.56,50857
2023-07-23,282.72,296.94,282.72,291.98,113154
2023-07-24,286.93,292.82,282.72,284.4,67199
2023-07-25,290.04,290.04,278.51,278.51,31263
2023-07-26,278.51,282.72,275.99,276.83,24961
2023-07-27,282.3,282.3,270.1,272.62,52752
2023-07-30,276.83,276.83,263.45,268.33,42943
2023-07-31,273.63,273.63,265.89,268.42,12013
2023-08-01,269.26,272.03,261.69,264.13,26070
2023-08-02,267.58,268.42,260.0,264.97,26733
2023-08-03,264.21,270.94,264.21,265.05,25567
2023-08-06,259.75,270.1,252.43,254.11,35551
2023-08-07,250.75,259.92,250.75,257.9,15588
2023-08-08,261.69,262.53,252.43,254.95,15463
2023-08-09,252.43,262.61,251.59,260.0,18618
2023-08-10,260.84,268.0,258.82,262.95,51283
2023-08-13,265.05,267.58,262.78,265.14,10246
2023-08-14,269.09,270.1,262.53,269.09,37782
2023-08-15,264.29,268.42,261.18,261.69,18525
2023-08-16,264.8,265.89,259.16,261.52,15614
2023-08-17,259.16,266.73,259.16,264.21,10127
2023-08-20,259.58,263.37,256.8,259.16,7780
2023-08-21,259.16,260.84,254.95,255.04,15696
2023-08-22,260.09,260.09,253.27,260.0,3942
2023-08-23,260.84,265.05,256.64,264.97,16615
2023-08-24,259.75,264.21,254.95,254.95,32357
2023-08-27,260.0,260.0,252.43,257.31,6048
2023-08-28,253.27,260.68,252.51,259.75,6964
2023-08-29,255.12,257.9,254.7,257.39,1829
2023-08-30,259.16,260.84,252.43,254.95,8315
2023-09-03,252.43,254.95,249.91,252.43,13123
2023-09-04,252.43,254.95,248.47,252.51,12591
2023-09-05,256.64,256.64,249.15,252.43,3045
2023-09-07,252.43,256.64,247.38,251.59,2753
2023-09-10,256.55,259.16,248.31,252.43,10182
2023-09-11,256.64,257.81,251.59,257.81,10638
2023-09-12,258.32,258.32,254.95,254.95,7148
2023-09-13,259.16,265.89,257.48,265.05,34401
2023-09-17,265.05,265.05,254.62,254.62,9086
2023-09-18,251.76,257.56,251.76,256.47,3167
2023-09-19,252.77,260.0,251.59,260.0,14069
2023-09-21,264.97,272.88,260.0,271.78,64834
2023-09-24,269.26,269.26,263.37,267.41,24654
2023-09-25,263.45,270.94,263.45,265.89,22322
2023-09-26,268.42,270.86,265.05,269.26,28599
2023-09-27,265.05,267.74,260.84,261.1,13487
2023-10-01,256.72,265.05,256.64,260.76,9343
2023-10-02,256.72,264.13,256.64,261.94,5873
2023-10-03,256.72,261.69,256.64,258.32,6586
2023-10-04,263.28,264.13,258.24,260.84,9882
2023-10-05,257.06,258.32,256.8,257.48,13270
2023-10-08,252.51,256.22,252.35,254.95,19864
2023-10-09,252.51,256.64,250.75,253.27,6074
2023-10-10,252.43,252.43,249.32,251.59,6519
2023-10-11,248.31,253.27,248.31,249.91,28799
2023-10-12,252.43,252.43,246.12,246.2,18914
2023-10-16,241.49,247.38,241.49,246.46,7095
2023-10-17,250.66,250.75,242.33,242.5,10740
2023-10-18,246.54,249.91,245.45,245.7,7073
2023-10-19,245.7,249.91,244.94,244.94,7438
2023-10-29,249.74,249.74,239.81,240.23,3826
2023-10-30,245.02,245.02,240.14,241.49,6032
2023-10-31,244.02,244.02,238.97,239.05,4134
2023-11-01,243.76,246.29,239.81,239.81,3384
2023-11-02,239.81,242.75,238.38,239.72,3947
2023-11-05,235.01,236.44,234.76,236.44,5400
2023-11-06,236.44,239.56,236.44,238.13,4602
2023-11-07,239.39,240.23,236.53,239.64,12945
2023-11-08,243.93,244.02,233.08,238.8,12154
2023-11-09,238.97,241.41,234.76,234.76,5025
2023-11-20,235.6,239.72,235.6,236.44,6064
2023-11-21,240.65,240.65,226.01,231.39,12639
2023-11-22,228.87,235.6,228.45,234.76,3987
2023-11-23,230.3,239.72,230.22,238.97,8929
2023-11-26,236.61,252.43,235.94,248.22,24823
2023-11-27,250.91,250.91,243.94,246.06,10788
2023-11-28,250.91,250.91,244.73,247.38,4692
2023-11-29,247.38,251.36,246.41,247.38,2458
2023-11-30,242.96,243.41,237.84,241.2,14572
2023-12-03,237.75,241.2,237.75,238.9,3502
2023-12-04,243.67,243.67,237.66,237.66,7054
2023-12-05,242.34,244.55,235.9,238.55,3558
2023-12-06,238.55,241.99,235.01,238.55,2794
2023-12-07,242.43,242.96,235.01,237.66,30410
2023-12-10,242.34,256.22,242.34,256.22,1989
2023-12-11,259.75,261.34,251.18,257.98,48079
2023-12-12,252.86,269.47,252.86,266.82,33521
2023-12-13,270.35,274.77,265.05,268.58,25119
2023-12-14,263.28,274.77,263.28,274.77,25820
2023-12-17,269.47,280.95,269.47,280.07,38977
2023-12-18,284.49,295.97,283.6,291.56,65447
2023-12-19,286.34,295.44,285.37,293.32,42637
2023-12-20,295.97,295.97,287.14,291.56,44302
2023-12-21,287.14,291.56,278.92,278.92,47157
2023-12-24,273.44,280.95,271.24,271.24,39270
2023-12-27,272.21,275.65,268.05,269.47,21076
2023-12-28,269.47,274.77,267.44,269.47,13863
2024-01-01,269.65,278.3,269.47,269.47,20369
2024-01-02,265.05,270.18,264.79,265.14,22388
2024-01-03,265.85,272.91,263.37,272.91,11740
2024-01-04,273.89,273.89,265.4,265.4,9733
2024-01-07,270.35,270.71,262.4,266.82,20707
2024-01-08,272.12,272.12,261.52,270.35,17661
2024-01-09,273.0,288.38,273.0,284.49,52097
2024-01-10,288.91,289.79,279.19,281.84,40512
2024-01-11,276.54,285.37,273.97,276.45,11918
2024-01-14,280.95,285.37,279.19,282.72,29575
2024-01-16,286.25,298.54,285.37,292.44,65780
2024-01-17,292.44,302.42,288.02,288.02,106024
2024-01-18,284.49,290.67,278.3,286.08,62550
2024-01-21,280.51,280.95,273.0,274.68,73668
2024-01-22,274.68,278.22,266.02,269.47,27320
2024-01-23,272.12,277.33,265.93,266.82,16799
2024-01-24,272.12,272.12,265.05,265.23,26774
2024-01-25,266.38,268.58,262.49,264.17,25667
2024-01-28,266.82,272.12,264.43,270.26,12770
2024-01-29,270.35,273.89,267.7,270.88,21831
2024-01-30,271.68,275.21,271.68,274.77,36497
2024-01-31,274.77,274.77,265.05,267.7,18793
2024-02-01,265.05,268.58,262.49,262.49,24392
2024-02-04,261.61,267.7,261.61,265.93,12884
2024-02-05,271.24,271.24,265.85,268.5,19364
2024-02-06,271.24,275.56,268.67,271.24,12215
2024-02-07,276.45,276.45,270.35,273.89,15412
2024-02-08,272.12,278.22,268.58,274.77,39599
2024-02-11,277.42,277.42,269.82,273.0,28408
2024-02-12,270.53,273.71,269.56,272.12,21821
2024-02-13,273.89,273.89,265.23,266.82,26505
2024-02-14,269.47,285.28,264.26,277.42,101992
2024-02-15,278.3,279.19,269.47,273.0,20938
2024-02-18,268.85,273.89,264.17,265.05,25923
2024-02-20,266.82,269.47,265.23,268.94,18079
2024-02-21,273.0,273.0,263.73,266.64,20285
2024-02-22,266.82,266.82,262.49,264.08,20498
2024-02-25,269.29,269.29,258.16,258.16,25991
2024-02-26,262.4,265.05,259.04,262.4,13470
2024-02-27,262.4,265.05,260.37,261.69,10402
2024-02-28,261.78,263.02,258.25,259.75,9746
2024-02-29,256.3,260.63,253.74,256.22,16650
2024-03-03,256.22,256.22,251.8,255.33,19085
2024-03-04,260.37,273.89,260.37,273.89,460
2024-03-05,268.41,272.12,260.63,262.4,28487
2024-03-06,263.28,269.47,257.1,261.43,21152
2024-03-07,265.93,269.47,261.69,263.28,8190
2024-03-10,268.5,273.0,264.17,270.35,19654
2024-03-12,271.24,274.77,268.85,274.5,31619
2024-03-13,271.24,278.3,270.79,273.0,22430
2024-03-14,273.0,273.0,267.61,270.18,12751
2024-03-17,265.23,284.49,265.23,271.24,37982
2024-03-18,276.54,278.3,272.21,276.89,49654
2024-03-19,281.84,281.84,272.12,276.36,40487
2024-03-20,277.42,277.42,270.88,272.03,56465
2024-03-21,273.89,273.89,267.08,269.47,20763
2024-03-25,273.89,273.89,263.46,265.4,17676
2024-03-26,264.17,271.24,264.17,265.93,17976
2024-03-27,271.24,271.24,262.49,262.49,8446
2024-03-28,262.49,267.7,260.19,264.08,21943
2024-03-31,260.63,266.82,258.87,260.63,13319
2024-04-01,261.52,262.31,259.75,259.75,9948
2024-04-02,258.07,264.87,258.07,258.87,15039
2024-04-03,258.16,262.4,253.83,257.1,19523
2024-04-04,257.54,259.75,254.63,254.63,18978
2024-04-07,259.66,270.35,258.42,266.82,26585
2024-04-09,272.12,273.0,265.14,270.18,44700
2024-04-10,268.58,269.47,263.28,263.28,25238
2024-04-14,267.7,267.7,259.13,264.17,12457
2024-04-15,259.04,268.41,259.04,261.52,22650
2024-04-16,261.52,266.55,258.87,258.87,19564
2024-04-18,254.71,263.28,254.71,256.22,7590
2024-04-21,256.48,261.43,255.33,261.08,19920
2024-04-22,257.81,260.63,256.22,258.87,16477
2024-04-24,254.63,263.11,254.45,259.66,24628
2024-04-25,257.98,264.17,255.6,255.6,12646
2024-04-28,259.84,265.67,258.87,264.87,25932
2024-04-29,269.29,273.89,264.26,270.35,52459
2024-04-30,275.56,293.32,273.89,284.49,322394
2024-05-02,289.79,289.79,277.6,278.3,56737
2024-05-05,278.3,279.19,267.7,267.7,90483
2024-05-06,266.02,275.65,266.02,269.47,52925
2024-05-07,273.8,276.62,269.47,272.12,29466
2024-05-08,270.53,275.65,269.47,271.24,13631
2024-05-09,269.38,278.22,269.38,275.56,65723
2024-05-12,275.65,288.38,274.77,281.04,328418
2024-05-13,286.25,290.67,280.07,280.07,191356
2024-05-14,281.84,289.08,281.31,287.14,153735
2024-05-15,291.47,296.86,285.46,287.23,241897
2024-05-16,287.14,290.32,280.07,280.95,101463
2024-05-19,286.52,286.52,280.07,281.22,99966
2024-05-20,285.37,288.82,278.3,279.36,100761
2024-05-21,282.72,286.17,276.54,281.84,76867
2024-05-22,278.39,290.67,278.39,285.02,98137
2024-05-26,287.14,288.02,278.3,278.3,72385
2024-05-27,278.48,283.6,278.3,282.72,58361
2024-05-29,281.04,286.52,276.18,277.42,81937
2024-05-30,277.42,280.95,276.18,277.42,51074
2024-06-02,278.3,281.66,276.54,280.07,27007
2024-06-03,285.37,285.37,276.8,277.42,65641
2024-06-04,282.28,282.28,278.22,281.84,53943
2024-06-05,276.27,281.84,276.27,279.98,24909
2024-06-06,280.07,280.87,276.54,279.1,34586
2024-06-09,275.74,279.01,271.68,272.3,61659
2024-06-10,273.0,277.42,272.12,273.89,21497
2024-06-11,279.36,280.87,273.97,279.19,44864
2024-06-12,283.43,283.43,276.62,278.39,43628
2024-06-13,283.6,294.21,276.54,282.72,133745
2024-06-16,282.72,291.56,279.19,279.28,42062
2024-06-18,278.3,280.95,276.71,276.71,27801
2024-06-19,271.59,279.36,271.59,277.33,21024
2024-06-20,277.33,278.22,271.85,272.38,41310
2024-06-23,271.32,277.51,271.32,273.0,10150
2024-06-24,275.65,280.95,274.42,279.98,46838
2024-06-25,284.49,287.93,277.07,281.4,77229
2024-06-26,280.95,282.72,276.62,277.42,16104
2024-06-27,277.42,280.87,274.15,275.39,22696
2024-06-30,278.3,278.3,268.58,272.12,48329
2024-07-01,269.12,284.93,268.05,284.93,38535
2024-07-02,290.58,300.04,279.19,281.84,89172
2024-07-03,279.19,291.56,279.19,290.58,119066
2024-07-04,284.84,310.46,284.84,309.23,448682
2024-07-07,310.11,313.64,303.04,307.46,214387
2024-07-08,307.46,307.46,298.71,307.46,170867
2024-07-09,309.23,325.13,308.34,317.18,200598
2024-07-10,320.09,324.42,313.64,316.29,139461
2024-07-11,319.03,325.31,313.64,317.18,170290
2024-07-14,323.45,329.9,310.99,313.64,138858
2024-07-15,319.92,319.92,308.34,308.34,112788
2024-07-16,309.23,325.13,306.58,324.16,154165
2024-07-17,328.66,336.61,318.15,330.96,194114
2024-07-18,332.73,353.4,326.9,338.38,298428
2024-07-21,335.73,349.6,331.76,342.71,312440
2024-07-22,349.51,349.51,332.2,334.94,200367
2024-07-23,335.91,355.17,334.85,351.63,266887
2024-07-24,356.94,356.94,335.73,341.83,269417
2024-07-25,339.27,346.95,336.61,340.24,171545
2024-07-28,345.45,360.47,339.27,358.7,316398
2024-07-29,358.7,364.89,349.16,352.52,391067
2024-07-30,353.4,374.61,348.98,371.95,298463
2024-07-31,377.26,409.15,377.17,404.2,585291
2024-08-01,406.41,424.96,397.58,410.39,510724
2024-08-05,418.52,418.52,397.66,410.83,324441
2024-08-06,414.36,418.78,388.92,389.54,396075
2024-08-07,390.51,409.95,385.21,408.36,235307
2024-08-08,416.48,421.43,397.66,404.47,389724
2024-08-11,409.95,416.75,401.99,414.36,262202
2024-08-12,422.31,423.2,410.83,418.78,371446
2024-08-13,418.78,423.64,404.64,407.29,213150
2024-08-14,407.29,432.03,403.85,424.08,255144
2024-08-15,432.56,438.22,424.08,428.5,324012
2024-08-18,427.62,428.41,408.27,410.83,228318
2024-08-21,415.25,415.25,401.82,405.09,160462
2024-08-22,413.13,439.1,413.13,424.08,507078
2024-08-25,425.85,431.15,410.56,412.6,217862
2024-08-27,404.73,411.71,382.56,393.16,163349
2024-08-28,393.16,408.0,381.67,382.73,145112
2024-08-29,384.32,391.39,379.91,380.79,98991
2024-09-01,380.79,387.86,364.89,367.54,138651
2024-09-02,371.07,395.81,364.0,391.39,103632
2024-09-03,397.58,408.62,385.21,406.32,178154
2024-09-04,404.64,417.01,386.97,388.74,188430
2024-09-05,381.94,400.14,373.72,392.28,120672
2024-09-08,390.51,393.16,377.7,380.79,61284
2024-09-09,375.58,379.02,367.54,371.16,96500
2024-09-10,371.95,379.38,366.65,368.42,66965
2024-09-11,372.22,378.49,361.53,366.65,68032
2024-09-12,373.99,384.32,366.21,381.67,62211
2024-09-15,389.18,389.27,372.84,372.84,84716
2024-09-16,373.72,373.72,363.38,363.38,50410
2024-09-18,370.63,370.63,359.59,362.06,39468
2024-09-22,369.22,376.55,363.12,367.45,50441
2024-09-23,360.47,374.61,353.4,355.17,65452
2024-09-24,360.47,360.47,344.65,346.33,66855
2024-09-25,346.33,365.77,346.33,358.7,55464
2024-09-26,353.4,369.3,353.4,359.59,47428
2024-09-29,352.52,357.73,344.65,352.52,52899
2024-09-30,351.63,362.24,351.63,362.24,22333
2024-10-01,368.42,379.91,357.91,378.14,98900
2024-10-02,385.65,385.65,366.65,368.42,63286
2024-10-06,375.75,382.56,365.77,376.9,32470
2024-10-07,384.41,386.8,377.26,385.21,81239
2024-10-08,392.89,392.89,375.58,380.7,32395
2024-10-09,388.3,388.3,373.01,373.55,15472
2024-10-15,380.97,380.97,371.95,377.17,20481
2024-10-16,378.23,390.51,378.23,385.21,40391
2024-10-17,387.77,390.51,381.67,385.21,38703
2024-10-20,380.79,385.21,375.49,375.75,42209
2024-10-21,370.63,378.14,365.77,366.65,42681
2024-10-22,372.75,372.75,364.89,371.07,22389
2024-10-23,369.3,373.9,367.54,368.42,35463
2024-10-24,368.42,369.3,358.7,361.35,29244
2024-10-27,361.35,368.51,357.82,364.0,15814
2024-10-28,361.35,372.84,361.35,371.07,32082
2024-10-29,371.16,379.91,371.07,379.02,23177
2024-10-30,382.47,382.47,373.01,377.26,16656
2024-11-05,377.17,377.26,369.83,373.63,8064
2024-11-06,371.07,379.91,369.39,373.72,20005
2024-11-10,371.6,390.51,371.51,388.74,45966
2024-11-11,392.28,394.04,382.56,388.74,75513
2024-11-12,388.74,394.93,384.32,390.51,58511
2024-11-13,384.59,395.81,384.32,394.75,86214
2024-11-14,397.58,408.18,394.93,401.82,145371
2024-11-17,409.77,415.25,402.88,402.88,188940
2024-11-19,407.29,412.6,391.39,392.28,111237
2024-11-20,393.16,413.48,391.39,406.41,141881
2024-11-21,412.6,421.43,404.73,407.29,289692
2024-11-24,413.48,413.57,397.58,397.58,99604
2024-11-25,402.88,405.53,396.52,396.6,81281
2024-11-26,404.47,404.56,395.81,400.23,78209
2024-11-27,401.99,409.95,399.34,407.29,162868
2024-11-28,412.6,428.5,407.03,414.36,404868
2024-12-01,407.29,424.08,402.97,421.43,268699
2024-12-02,413.04,435.48,408.18,410.74,242419
2024-12-03,418.78,418.78,402.88,411.62,112801
2024-12-04,406.41,412.51,396.69,399.34,143856
2024-12-05,406.32,407.29,393.16,395.19,133406
2024-12-08,401.91,402.88,390.15,391.39,68846
2024-12-09,393.16,398.46,386.09,389.62,48150
2024-12-10,389.71,396.69,389.71,392.28,31294
2024-12-11,397.66,400.23,389.01,400.23,41158
2024-12-12,404.2,404.2,389.62,389.62,39506
2024-12-16,385.21,387.86,371.95,371.95,49157
2024-12-17,371.95,379.38,367.8,370.19,43889
2024-12-18,373.72,374.61,368.77,370.19,33705
2024-12-19,368.42,370.19,363.12,365.77,40720
2024-12-22,369.3,369.3,353.4,357.73,35499
2024-12-23,362.24,366.65,357.82,364.89,44931
2024-12-24,372.13,374.61,364.89,364.89,30861
2024-12-26,364.0,365.77,359.32,359.59,26419
2024-12-29,356.85,359.59,353.49,355.17,45558
2024-12-31,354.28,355.08,338.38,341.03,50885
2025-01-01,341.12,352.47,341.03,347.99,17234
2025-01-02,345.24,358.06,345.05,357.23,24065
2025-01-05,358.06,361.72,351.65,354.4,20045
2025-01-06,358.88,368.13,355.95,368.13,25543
2025-01-07,368.13,375.37,366.3,368.96,21514
2025-01-08,366.3,378.21,364.47,376.37,45723
2025-01-09,381.87,381.87,363.55,366.3,50633
2025-01-12,366.3,366.3,359.16,361.72,17166
2025-01-13,357.14,363.55,356.23,359.89,31446
2025-01-15,365.38,365.38,355.31,358.97,23017
2025-01-16,352.66,359.71,347.99,353.21,41962
2025-01-19,353.21,353.21,347.99,351.56,26827
2025-01-20,356.23,356.23,349.18,353.94,23324
2025-01-21,353.94,358.97,347.07,357.14,30352
2025-01-22,358.97,372.71,357.14,367.22,52638
2025-01-23,370.88,371.79,359.98,362.64,27186
2025-01-26,357.14,362.64,355.31,355.4,33045
2025-01-27,350.73,357.14,350.73,354.3,21208
2025-01-28,355.68,371.7,355.68,371.7,65065
2025-02-02,371.79,386.45,368.13,385.44,67606
2025-02-03,385.44,389.19,376.47,381.04,65712
2025-02-04,381.04,383.7,371.61,375.18,42118
2025-02-05,375.46,378.21,369.14,371.34,28016
2025-02-06,368.5,375.37,368.5,372.53,34914
2025-02-09,373.63,374.54,366.3,368.13,23873
2025-02-10,375.46,375.46,363.64,365.38,20946
2025-02-11,362.64,370.7,362.36,369.51,16027
2025-02-12,375.46,385.53,371.06,380.04,82123
2025-02-13,372.71,383.7,370.88,371.89,40568
2025-02-16,369.05,376.37,369.05,373.53,20371
2025-02-17,379.12,379.12,372.44,376.28,66378
2025-02-18,379.12,380.04,373.81,375.46,45570
2025-02-20,382.97,382.97,370.05,373.9,49983
2025-02-23,366.58,381.87,366.48,378.11,99443
2025-02-24,370.6,386.45,370.6,377.29,61217
2025-02-25,377.29,381.87,376.37,380.95,53917
2025-02-27,385.53,395.6,383.7,384.71,63559
2025-03-02,390.11,404.76,388.28,404.76,104726
2025-03-03,412.82,412.82,390.11,391.21,79912
2025-03-04,398.35,416.67,390.2,400.18,152558
2025-03-05,408.15,408.15,392.31,397.16,54731
2025-03-06,401.1,407.51,393.77,402.93,112964
2025-03-09,410.99,410.99,387.55,388.1,58977
2025-03-10,395.6,395.6,382.78,385.53,58305
2025-03-11,382.33,413.92,381.96,397.53,241096
2025-03-12,402.93,408.42,397.62,397.8,61539
2025-03-16,391.94,394.69,383.79,385.53,47073
2025-03-17,381.87,390.02,380.13,384.62,31217
2025-03-18,392.31,392.31,378.39,382.69,30868
2025-03-19,375.09,382.78,371.79,377.2,22817
2025-03-20,384.62,384.62,371.25,374.34,18889
2025-03-23,377.29,377.29,364.93,365.78,45598
2025-03-24,362.64,373.08,362.64,371.42,24698
2025-03-25,364.1,366.39,357.05,358.06,39481
2025-03-26,364.47,370.88,358.24,367.91,25249
2025-03-27,360.71,374.54,360.71,372.54,30129
2025-03-30,370.88,384.34,366.3,377.61,49065
2025-04-01,373.63,379.12,369.41,373.3,27518
2025-04-02,368.59,377.11,368.59,373.65,25175
2025-04-03,366.21,380.04,366.21,372.17,43633
2025-04-07,370.88,371.79,367.22,367.55,36444
2025-04-08,366.3,368.96,362.36,367.91,20340
2025-04-09,366.03,374.36,365.48,370.34,17111
2025-04-10,368.5,374.54,366.39,367.88,24385
2025-04-13,371.79,371.79,364.38,365.48,33886
2025-04-15,363.0,376.65,363.0,372.08,22612
2025-04-16,367.4,377.2,364.65,372.78,40805
2025-04-17,378.21,379.58,372.71,375.34,50653
2025-04-20,375.46,379.12,370.97,371.06,36991
2025-04-21,363.64,375.37,363.64,369.91,30054
2025-04-22,362.55,370.79,362.55,366.17,27521
2025-04-23,363.55,366.3,357.42,362.8,111731
2025-04-24,362.73,366.3,360.81,361.58,40269
2025-04-27,366.3,366.3,358.97,359.51,40735
2025-04-28,352.38,366.3,352.38,360.95,24170
2025-04-29,361.72,363.37,356.23,356.98,24710
2025-04-30,356.23,361.72,355.77,357.0,25036
2025-05-04,355.31,361.72,355.31,355.85,28712
2025-05-05,353.3,356.23,349.82,352.62,18487
2025-05-06,346.15,359.89,346.15,357.31,20627
2025-05-07,352.66,369.51,351.65,366.35,63170
2025-05-08,359.43,375.46,359.43,362.37,17889
2025-05-11,363.55,375.37,360.81,372.59,66986
2025-05-13,365.57,386.36,365.57,372.39,82473
2025-05-14,375.37,388.28,375.37,377.59,139763
2025-05-15,375.46,380.04,368.13,371.78,46817
2025-05-18,364.47,379.12,359.16,362.03,42579
2025-05-19,369.05,373.63,362.82,369.72,26146
2025-05-20,362.36,385.53,362.36,382.37,95941
2025-05-21,390.02,412.82,384.71,398.62,533627
2025-05-22,406.5,407.51,390.11,391.7,167041
2025-05-25,399.27,399.27,385.62,387.18,139730
2025-05-26,394.87,402.01,379.67,380.25,127841
2025-05-27,376.37,387.36,376.37,385.25,91160
2025-05-28,377.56,394.69,377.56,384.73,70015
2025-06-02,388.28,390.93,381.41,383.86,86369
2025-06-03,387.36,387.36,375.55,377.44,35226
2025-06-04,379.12,381.59,373.63,376.34,81543
2025-06-05,377.29,378.21,370.51,371.24,92717
2025-06-08,368.13,374.91,365.38,366.19,48602
2025-06-09,362.64,375.46,359.07,367.31,83050
2025-06-10,368.13,380.77,368.13,376.79,58100
2025-06-11,377.29,381.78,372.71,373.57,86782
2025-06-12,368.77,375.46,368.13,369.48,54844
2025-06-15,362.64,378.21,362.64,373.23,72985
2025-06-16,366.3,379.76,366.3,370.87,37979
2025-06-17,376.37,376.37,367.22,369.62,25203
2025-06-18,371.79,375.27,368.13,369.28,41886
2025-06-19,362.64,372.25,362.64,365.77,68033
2025-06-22,363.83,368.96,357.42,358.21,66091
2025-06-23,363.55,363.55,358.15,361.08,19946
2025-06-24,362.64,366.3,360.9,361.07,25963
2025-06-25,361.72,365.38,359.89,360.2,24756
2025-06-26,365.38,365.38,358.97,359.47,33983
2025-06-29,359.43,366.21,358.97,363.33,45927
2025-06-30,370.51,370.51,360.9,365.25,28118
2025-07-01,368.13,374.54,366.3,373.01,28230
2025-07-02,374.36,379.12,369.32,377.73,46919
2025-07-03,385.26,385.26,375.92,379.7,86134
2025-07-06,382.69,382.69,370.88,373.81,55880
2025-07-07,377.29,377.29,371.79,373.08,61023
2025-07-08,373.08,375.37,370.97,372.66,22680
2025-07-09,372.71,380.04,371.61,378.1,69101
2025-07-10,381.68,393.77,378.3,392.78,150929
2025-07-13,400.55,414.84,393.77,403.55,258881
2025-07-14,401.1,404.3,394.78,396.4,172009
2025-07-15,402.01,409.89,400.37,407.52,184143
2025-07-16,413.0,427.66,408.42,423.83,380039
2025-07-17,432.23,432.23,419.87,420.53,258250
2025-07-20,423.08,431.32,413.0,416.54,345699
2025-07-21,417.58,443.22,417.58,434.14,439163
2025-07-22,426.74,453.02,426.74,443.73,308168
2025-07-23,439.56,446.89,434.98,441.89,283885
2025-07-24,444.14,455.13,430.4,451.47,441084
2025-07-27,453.3,461.54,440.29,447.13,401602
2025-07-28,448.53,476.01,444.87,472.75,892420
2025-07-29,482.14,482.14,459.71,463.66,360840
2025-07-30,469.69,470.7,443.22,446.35,329124
2025-07-31,455.22,455.22,431.32,436.32,319678
2025-08-03,439.56,439.56,428.57,430.05,187679
2025-08-04,438.64,443.22,423.08,429.1,125772
2025-08-05,435.81,435.81,413.1,414.72,104304
2025-08-06,408.42,421.25,407.51,415.21,63250
2025-08-07,421.25,423.9,413.92,417.36,55668
2025-08-11,424.82,424.82,403.02,404.55,106421
2025-08-12,399.73,407.51,396.98,398.5,106571
2025-08-13,404.76,406.41,398.9,401.47,47692
2025-08-14,409.25,409.25,401.37,402.69,55634
2025-08-17,407.51,410.71,400.18,400.54,79034
2025-08-18,406.59,407.33,402.01,406.28,64783
2025-08-19,410.26,413.46,407.51,408.26,40858
2025-08-20,407.51,412.09,398.44,399.18,50646
2025-08-21,394.78,402.93,394.78,398.42,46619
2025-08-24,396.06,402.01,392.03,392.17,67018
2025-08-25,397.44,399.27,384.62,394.29,61441
2025-08-26,402.01,402.01,391.39,394.02,15758
2025-08-27,397.44,412.09,394.69,410.94,100510
2025-08-28,407.51,414.84,393.77,395.05,120640
2025-08-31,397.89,397.89,387.18,388.86,88547
2025-09-01,389.19,394.69,385.16,393.36,43948
2025-09-02,401.19,401.19,387.45,388.2,32799
2025-09-03,388.28,392.77,385.71,386.16,32977
2025-09-04,380.95,389.65,380.95,385.83,50053
2025-09-07,389.19,391.76,384.62,385.16,35812
2025-09-08,384.62,391.03,377.47,381.13,44821
2025-09-18,373.53,373.53,351.65,364.47,9510
2025-09-21,358.97,381.87,358.97,379.11,119080
2025-09-23,371.89,389.29,371.79,389.01,54309
2025-09-24,382.78,387.36,375.64,375.73,45994
2025-09-25,380.04,383.7,376.37,376.65,35263
2025-09-28,383.7,384.62,377.38,383.61,20712
2025-10-07,390.11,390.11,373.63,374.73,30620
2025-10-08,381.87,381.87,366.48,371.25,60695
2025-10-09,378.66,398.26,371.79,372.71,62178
2025-10-12,365.38,375.46,352.84,358.88,85007
2025-10-13,357.14,364.38,352.66,361.54,33673
2025-10-14,356.14,364.47,355.49,357.97,27802
2025-10-15,357.14,357.14,352.66,353.75,17791
2025-10-16,354.4,354.49,348.08,350.73,36262
2025-10-19,357.69,363.37,351.65,353.48,8367
2025-10-26,348.9,357.14,347.99,352.11,12766
2025-10-28,357.14,375.46,357.14,370.88,44847
2025-10-29,368.32,379.03,367.4,368.13,60231
2025-10-30,363.46,375.37,361.9,373.63,51353
2025-11-02,373.63,384.62,372.71,379.03,43769
2025-11-03,375.46,384.52,371.79,375.92,35765
2025-11-04,375.46,379.12,368.13,369.05,39288
2025-11-05,363.74,372.71,363.74,370.88,25385
2025-11-06,376.37,376.37,366.3,370.88,19534
2025-11-09,370.88,370.88,361.72,363.46,43017
2025-11-10,358.06,366.3,357.23,359.98,10252
2025-11-11,362.64,362.64,356.23,358.7,25334
2025-11-12,360.81,363.55,357.14,360.16,23545
2025-11-13,354.4,361.72,353.21,358.15,32606
2025-11-16,361.72,363.46,357.14,358.97,28047
2025-11-17,363.55,364.93,358.97,361.72,20371
2025-11-18,364.47,370.6,364.01,364.93,19557
2025-11-19,368.13,368.13,363.55,365.38,18799
2025-11-20,365.38,366.3,361.81,362.64,17384
2025-11-23,366.3,374.54,366.3,372.71,58035
2025-11-24,374.54,380.95,374.54,379.12,48774
2025-11-25,375.46,380.04,375.46,379.12,41350
2025-11-26,379.12,383.61,377.29,381.78,26277
2025-11-27,382.23,382.23,376.92,381.87,50083
2025-11-30,383.7,383.7,374.18,374.18,36836
2025-12-01,374.18,375.46,371.98,375.27,18305
2025-12-02,367.86,390.11,367.86,379.03,48818
2025-12-03,382.78,382.78,372.71,375.37,30941
2025-12-07,378.21,378.21,372.71,375.37,25143
2025-12-08,372.89,376.37,369.05,371.61,70282
2025-12-09,370.19,372.6,365.38,369.23,26575
2025-12-10,368.94,372.12,367.79,369.23,16535
2025-12-11,362.5,367.31,362.5,365.19,15586
2025-12-14,364.42,368.27,363.46,365.38,10069
2025-12-15,365.38,365.38,361.54,365.29,34562
2025-12-16,363.46,375.0,363.27,374.81,46270
2025-12-17,374.81,381.63,373.56,377.69,31729
2025-12-18,378.85,379.81,372.12,373.94,14602
2025-12-21,371.15,375.0,369.23,372.69,8989
2025-12-22,365.38,372.69,365.38,370.19,8996
2025-12-23,366.35,370.19,364.62,365.67,17245
2025-12-24,365.38,372.12,365.38,366.35,12495
2025-12-28,370.19,379.71,369.23,379.71,42425
2025-12-29,379.81,382.69,377.88,377.88,27686
2025-12-31,383.56,388.17,378.37,382.69,77938
2026-01-01,380.29,386.54,379.9,384.62,39691
2026-01-04,383.65,383.65,378.27,379.9,18172
2026-01-05,384.62,394.23,379.81,392.31,47142
2026-01-06,396.15,399.04,390.38,392.31,45154
2026-01-07,389.13,396.15,387.5,388.46,39567
2026-01-08,388.56,391.25,387.5,389.42,17744
2026-01-12,390.58,392.31,384.9,387.31,35806
2026-01-13,382.69,394.04,382.69,388.94,18403
2026-01-14,381.73,396.06,381.73,386.15,31866
2026-01-18,392.31,400.87,390.38,400.0,41157
2026-01-20,401.92,413.46,401.92,408.65,74422
2026-01-21,409.81,409.81,400.0,401.92,70214
2026-01-22,403.85,403.85,396.73,402.88,27800
2026-01-25,410.87,418.27,405.77,415.38,103429
2026-01-26,422.6,422.6,405.48,411.54,96826
2026-01-27,408.65,413.46,394.23,402.88,75964
2026-01-28,400.0,404.71,394.71,402.79,42356
2026-01-29,396.15,405.77,395.19,400.0,63922
2026-02-01,392.98,397.12,391.44,392.31,39605
2026-02-02,399.04,399.04,391.35,394.23,33445
2026-02-03,389.52,395.19,389.52,393.75,20980
2026-02-04,399.04,399.04,391.35,394.04,23207
2026-02-05,390.38,400.0,389.33,400.0,36425
2026-02-08,401.06,407.69,396.25,399.04,48148
2026-02-09,398.94,399.04,391.63,396.15,35138
2026-02-10,389.62,398.08,389.52,389.52,24588
2026-02-11,390.38,399.04,389.62,397.12,30261
2026-02-12,394.42,407.69,393.37,401.92,62079
2026-02-16,400.1,403.85,396.15,400.96,35402
2026-02-17,405.77,405.77,392.31,396.15,31720
2026-02-22,390.58,395.77,390.38,390.87,17630
2026-02-23,398.65,398.65,389.42,392.6,9436
2026-02-24,400.38,400.38,392.4,395.67,8404
2026-02-25,402.4,402.4,390.48,400.0,18741
2026-02-26,407.98,407.98,396.15,400.48,14325
2026-03-01,408.46,408.46,392.6,406.25,41848
2026-03-03,398.46,410.48,398.46,408.65,34983
2026-03-09,416.83,427.88,416.83,427.88,1350
2026-03-10,427.88,427.88,407.79,421.06,128374
2026-03-11,421.06,423.08,408.85,411.15,39750
2026-03-12,410.58,425.96,406.35,424.04,177029
2026-03-15,432.5,432.5,422.4,424.04,87418
2026-03-16,424.04,425.0,413.46,413.75,103496
2026-03-17,418.27,423.94,411.73,423.08,85147
2026-03-19,427.88,437.5,426.15,434.62,175628
2026-03-22,440.38,443.27,430.77,442.31,243594
2026-03-23,445.1,445.19,427.88,432.69,114412
2026-03-24,440.1,442.31,429.52,437.5,150347
2026-03-25,432.69,439.33,426.06,427.88,128575
2026-03-26,427.88,436.35,426.92,436.35,126166
2026-03-29,427.69,435.48,423.08,425.29,144215
2026-03-30,419.52,427.88,416.63,418.27,71422
2026-03-31,421.06,425.0,413.46,419.23,60233
2026-04-01,419.42,421.06,409.13,410.58,109634
2026-04-02,403.94,415.38,403.94,410.38,72649
2026-04-05,403.85,403.85,394.23,396.15,87960
2026-04-06,403.37,409.13,395.19,408.17,108230
2026-04-07,414.42,414.42,400.96,404.13,23359
2026-04-08,403.85,412.4,403.85,410.58,48180
2026-04-09,413.46,416.35,406.54,415.38,38450
2026-04-10,416.35,417.31,407.21,410.58,40520
2026-04-13,406.25,414.42,406.25,408.65,19442
2026-04-15,408.85,420.67,408.75,417.21,36576
2026-04-16,419.71,419.71,410.58,410.58,30155
2026-04-17,415.38,418.27,405.19,408.75,22947
2026-04-20,407.69,413.46,402.02,407.4,58734
2026-04-21,387.5,422.12,387.5,406.73,24397
2026-04-22,408.65,410.48,396.25,403.85,154781
2026-04-23,408.65,415.38,398.08,399.52,25357
2026-04-24,395.19,401.92,395.19,398.08,15700
2026-04-27,400.0,404.81,399.13,400.0,10254
2026-04-28,408.65,409.52,397.21,400.0,25220
2026-04-29,396.15,401.92,395.19,399.04,19843
2026-04-30,401.92,403.85,394.23,397.88,20093
2026-05-04,395.19,400.96,394.23,398.08,25203
2026-05-05,400.29,400.29,392.31,396.63,4936
2026-05-06,396.15,399.04,392.31,392.88,12499
2026-05-07,391.44,398.85,391.44,395.19,18472
2026-05-08,395.29,401.35,395.19,401.35,19299
2026-05-11,400.96,406.63,400.96,405.67,11219
2026-05-12,407.21,407.21,397.12,398.08,12101
2026-05-13,398.08,398.08,392.4,397.98,16674
2026-05-14,397.12,397.88,393.27,394.71,8603
2026-05-15,396.15,402.79,394.23,397.98,26736
2026-05-18,396.35,397.69,394.23,395.19,18879
2026-05-19,395.29,397.69,394.23,396.15,8511
2026-05-20,395.19,401.92,394.62,399.13,5564
2026-05-21,400.0,402.79,397.12,398.65,13950
2026-05-22,393.75,401.92,393.75,400.0,14899
2026-05-25,400.0,405.29,400.0,404.71,19441
2026-05-26,410.38,410.38,396.15,398.08,40333
2026-05-27,402.98,403.85,393.27,398.94,35172
2026-06-01,401.35,401.83,393.27,396.15,16579
2026-06-02,400.0,400.0,390.96,397.02,30281
2026-06-03,400.0,404.81,396.25,401.83,35217
2026-06-04,403.85,406.73,400.0,406.25,25264
2026-06-05,413.75,413.75,399.52,403.85,18508
2026-06-08,407.4,407.4,396.25,396.63,21794
2026-06-09,396.15,397.12,394.23,396.63,18852
2026-06-10,396.63,401.92,394.42,395.67,12040
2026-06-11,402.88,402.88,394.23,397.02,23259
2026-06-12,394.81,397.12,392.6,394.23,26539
2026-06-15,399.04,399.04,394.23,394.52,8219
2026-06-16,400.19,400.19,390.48,393.27,14738
2026-06-17,396.15,397.12,393.85,395.1,6120
2026-06-18,396.15,396.15,392.6,394.23,12856
2026-06-19,390.38,395.19,388.46,392.31,22587
2026-06-22,392.31,397.12,389.42,391.73,4561
2026-06-23,392.31,392.31,386.54,392.31,9533
2026-06-24,389.42,389.42,380.77,388.08,31613
2026-06-25,381.15,397.12,381.06,388.17,135989
2026-06-26,392.31,392.31,382.79,387.5,18749
2026-06-29,384.62,387.4,378.85,384.52,11212
2026-06-30,386.54,386.54,381.15,382.69,115722
2026-07-01,388.46,392.21,386.54,391.35,199292
2026-07-02,387.6,394.23,385.58,394.13,8023
2026-07-03,392.31,396.83,389.42,392.31,15582
2026-07-06,386.54,389.42,384.62,386.06,8689
2026-07-07,389.42,392.31,384.62,387.98,27263
2026-07-08,384.62,389.42,384.62,384.62,12300
2026-07-09,384.62,389.33,382.69,385.1,10933
2026-07-10,392.31,392.31,382.12,383.65,12586
2026-07-13,382.12,388.46,380.77,382.69,8990
2026-07-14,380.0,388.85,375.0,380.87,11565
2026-07-15,381.73,389.42,381.73,384.62,6211
2026-07-16,375.0,391.73,375.0,388.46,9045
2026-07-17,394.23,398.08,388.46,397.79,25726
2026-07-20,397.98,405.77,392.31,405.77,27336
2026-07-21,406.54,408.65,397.21,408.65,36314
2026-07-22,406.83,412.4,405.48,408.65,60018
2026-07-23,408.65,410.58,403.85,410.58,21539
2026-07-24,407.69,414.42,405.87,409.9,48901
2026-07-27,405.87,412.4,401.06,401.54,29119
2026-07-28,400.96,403.85,398.37,400.1,13423
2026-07-29,400.48,404.81,399.04,401.92,13565
2026-07-30,399.04,402.88,397.4,397.69,17721
2026-07-31,399.04,403.37,394.23,401.44,40797
2026-08-03,404.71,408.56,400.0,400.0,28169
2026-08-04,406.73,406.73,397.6,397.88,30192
2026-08-05,397.12,401.54,394.33,395.19,9807
2026-08-06,395.19,399.04,393.27,393.27,20287
2026-08-07,395.19,395.19,392.69,392.69,3960
2026-08-10,392.31,396.15,389.71,392.31,15687
2026-08-11,399.04,399.04,389.52,394.23,19081
2026-08-12,397.12,397.12,388.75,394.13,25395
2026-08-13,392.31,403.37,391.35,397.6,13051
2026-08-14,399.04,399.04,394.42,397.6,6438
2026-08-17,392.4,395.96,387.88,395.1,9857
2026-08-18,395.1,400.77,386.54,388.46,38397
2026-08-19,384.9,391.35,384.62,388.46,10013
2026-08-20,389.42,389.52,387.5,389.42,11179
2026-08-21,394.23,394.23,387.02,392.31,10127
2026-08-24,398.94,398.94,387.69,393.27,9326
2026-08-25,392.31,396.15,388.56,391.35,10233
2026-08-26,388.56,389.42,384.62,388.46,48471
2026-08-27,384.62,393.27,383.17,389.42,4270
2026-08-31,389.42,398.08,385.19,388.17,13115
2026-09-01,388.46,394.23,387.6,389.42,15889
2026-09-02,395.19,399.04,387.12,390.38,18209
2026-09-03,390.38,394.23,387.02,390.87,11628
2026-09-07,392.31,398.94,392.31,394.62,7784
2026-09-09,391.15,400.0,391.15,393.27,8412
2026-09-10,384.9,394.13,384.9,392.21,4518
2026-09-11,391.35,395.19,385.96,395.19,15136
2026-09-14,398.56,399.9,395.19,396.15,16077
2026-09-15,403.85,407.98,397.12,402.6,48862
2026-09-16,399.04,403.85,399.04,401.54,19994
2026-09-17,401.35,406.54,401.35,404.71,37707
2026-09-18,403.85,406.73,394.23,404.42,32577
2026-09-22,407.69,415.38,406.83,412.5,61420
2026-09-23,412.5,419.23,411.54,411.54,371863
2026-09-24,411.5,413.0,400.0,404.5,41043
