timestamp,open,high,low,close,volume
2012-01-01,92.96,94.82,93.7,94.82,1032
2012-01-02,94.82,97.42,95.93,97.42,592
2012-01-03,97.42,100.39,98.9,99.09,1124
2012-01-04,99.09,97.6,97.6,97.6,86
2012-01-05,97.6,97.42,96.12,96.12,484
2012-01-08,96.12,96.49,95.75,95.93,600
2012-01-09,95.93,97.42,97.05,97.05,503
2012-01-10,97.05,98.53,96.49,98.53,1052
2012-01-11,98.53,100.02,100.02,100.02,20
2012-01-12,100.02,99.83,98.35,99.09,384
2012-01-18,99.09,100.02,100.02,100.02,50
2012-01-22,100.2,100.39,98.9,100.2,1780
2012-01-23,100.2,99.27,99.27,99.27,109
2012-01-25,99.27,97.79,95.19,95.19,268
2012-01-26,95.19,93.7,91.85,91.85,65867
2012-01-29,91.85,96.3,93.33,95.0,293
2012-01-31,95.0,96.86,96.3,96.86,593
2012-02-01,96.86,96.49,96.49,96.49,1569
2012-02-05,96.49,97.79,96.49,96.68,325
2012-02-06,96.68,96.49,95.56,95.56,576
2012-02-07,95.56,97.05,95.56,95.93,491
2012-02-08,95.93,92.03,92.03,92.03,28000
2012-02-12,92.03,95.56,93.52,95.0,925
2012-02-13,95.0,95.93,94.82,95.75,254
2012-02-14,95.75,96.49,95.56,95.75,462
2012-02-15,95.75,94.82,94.82,94.82,328
2012-02-16,94.82,93.33,93.33,93.33,2286
2012-02-21,93.33,94.82,93.33,94.45,2792
2012-02-23,94.45,94.82,93.33,94.82,2130
2012-02-26,94.82,97.05,95.56,95.93,710
2012-02-27,95.93,96.49,94.08,95.93,2776
2012-02-28,95.93,97.42,96.68,97.42,644
2012-02-29,97.42,98.9,96.49,98.9,2511
2012-03-01,98.9,98.35,96.68,98.35,3453
2012-03-04,98.35,98.16,96.3,97.79,3314
2012-03-05,97.79,99.46,96.49,99.46,2697
2012-03-06,99.46,99.27,97.97,99.27,2150
2012-03-11,99.27,98.35,95.75,96.49,3241
2012-03-12,96.49,97.97,95.75,95.93,1486
2012-03-13,95.93,96.12,96.12,96.12,120
2012-03-14,96.12,97.42,96.49,97.23,573
2012-03-15,97.23,96.49,96.3,96.49,564
2012-03-18,96.49,97.23,96.12,96.68,1180
2012-03-19,96.68,97.23,96.49,97.23,238
2012-03-20,97.23,98.35,96.86,96.86,586
2012-03-21,96.86,97.23,95.38,97.23,527
2012-03-25,97.23,95.93,95.93,95.93,730
2012-03-26,95.93,96.68,96.68,96.68,27
2012-03-27,96.68,96.49,95.38,96.49,568
2012-03-29,96.49,96.68,95.93,95.93,200
2012-04-01,95.93,96.86,95.93,96.49,597
2012-04-02,96.49,96.49,96.3,96.3,340
2012-04-03,96.3,97.05,95.93,97.05,658
2012-04-04,97.05,97.42,96.49,96.86,262
2012-04-05,96.86,96.86,96.86,96.86,33
2012-04-08,96.86,99.65,97.05,98.35,1169
2012-04-09,98.35,99.27,99.09,99.09,265
2012-04-10,99.09,103.73,96.49,103.73,2534
2012-04-11,103.73,107.26,102.06,102.06,1562
2012-04-12,102.06,107.07,102.25,105.77,1874
2012-04-15,105.77,112.64,107.44,112.64,1354
2012-04-16,112.64,119.89,114.13,119.89,4480
2012-04-17,119.89,126.01,114.13,114.13,3510
2012-04-18,114.13,120.63,108.56,118.77,2143
2012-04-19,118.77,124.71,118.77,122.49,5585
2012-04-22,122.49,127.87,123.04,127.13,3173
2012-04-24,127.13,138.08,129.17,138.08,3245
2012-04-25,138.08,149.97,140.31,149.97,1132
2012-04-26,149.97,159.44,140.13,149.78,10322
2012-04-29,149.78,151.27,144.02,146.81,5553
2012-04-30,146.81,144.77,138.64,141.61,1541
2012-05-02,141.61,139.2,135.11,135.11,467
2012-05-03,135.11,146.81,137.34,146.81,4084
2012-05-07,146.81,149.22,149.22,149.22,100
2012-05-08,149.22,158.69,141.98,146.81,3949
2012-05-09,146.81,145.7,141.98,142.35,2445
2012-05-10,142.35,142.35,135.3,141.8,6955
2012-05-13,141.8,139.38,131.77,133.44,1522
2012-05-14,133.44,131.21,121.93,123.41,1243
2012-05-15,123.41,134.0,125.46,134.0,925
2012-05-16,134.0,145.51,136.23,145.51,2575
2012-05-17,145.51,152.01,140.5,140.5,6778
2012-05-20,140.5,142.91,136.04,139.75,3350
2012-05-21,139.75,144.77,136.78,143.65,6153
2012-05-22,143.65,141.8,138.27,139.57,5153
2012-05-23,139.57,137.15,128.98,128.98,964
2012-05-24,128.98,140.13,128.98,135.3,4405
2012-05-27,135.3,144.77,133.63,143.84,2938
2012-05-29,143.84,141.43,132.14,132.14,50
2012-05-30,132.14,126.57,120.81,120.81,291
2012-05-31,120.81,124.53,110.6,124.53,6445
2012-06-03,124.53,135.11,126.57,133.63,2391
2012-06-04,133.63,132.7,123.79,126.01,2792
2012-06-05,126.01,123.97,116.73,123.6,2074
2012-06-06,123.6,121.56,119.14,119.14,781
2012-06-07,119.14,123.6,120.44,121.56,823
2012-06-10,121.56,121.56,117.84,118.59,2614
2012-06-11,118.59,121.19,120.44,120.81,512
2012-06-12,120.81,125.27,116.91,122.49,1766
2012-06-13,122.49,122.3,120.44,120.81,906
2012-06-14,120.81,119.89,118.96,119.89,118
2012-06-17,119.89,119.7,117.84,118.21,1497
2012-06-18,118.21,120.63,116.91,120.63,1232
2012-06-19,120.63,120.07,118.59,120.07,2322
2012-06-20,120.07,122.11,120.44,120.44,697
2012-06-21,120.44,121.56,120.63,121.56,744
2012-06-25,121.56,127.13,121.93,127.13,901
2012-06-26,127.13,125.83,123.79,125.83,468
2012-06-27,125.83,130.66,127.5,128.98,2122
2012-06-28,128.98,135.3,130.84,132.14,2758
2012-07-01,132.14,130.84,129.91,130.84,2068
2012-07-02,130.84,132.51,129.91,132.51,976
2012-07-03,132.51,131.77,129.54,129.91,1264
2012-07-04,129.91,133.07,128.98,131.4,1983
2012-07-05,131.4,133.44,131.4,133.44,764
2012-07-08,133.44,134.55,131.77,134.55,1102
2012-07-09,134.55,134.0,132.33,133.07,1236
2012-07-10,133.07,135.3,131.77,134.55,2732
2012-07-11,134.55,137.15,134.55,137.15,1444
2012-07-12,137.15,135.48,133.26,135.48,2910
2012-07-16,135.48,136.41,133.26,133.26,640
2012-07-17,133.26,135.48,134.18,135.48,232
2012-07-18,135.48,135.67,133.26,135.67,222
2012-07-19,135.67,137.9,133.81,133.81,433
2012-07-22,133.81,139.75,133.81,138.08,6510
2012-07-23,138.08,142.91,140.13,140.5,3215
2012-07-24,140.5,140.13,136.41,137.15,3427
2012-07-25,137.15,137.34,136.23,136.23,917
2012-07-26,136.23,137.15,135.48,136.41,2199
2012-07-29,136.41,136.04,134.18,134.55,974
2012-07-30,134.55,134.93,132.7,134.37,1215
2012-07-31,134.37,136.04,131.77,136.04,1911
2012-08-01,136.04,136.41,136.41,136.41,19
2012-08-05,136.41,135.48,132.7,135.48,1702
2012-08-06,135.48,136.04,135.48,135.48,350
2012-08-07,135.48,137.34,135.48,135.48,326
2012-08-08,135.48,134.74,132.51,132.51,514
2012-08-12,132.51,132.51,128.98,131.03,1252
2012-08-13,131.03,133.07,130.47,133.07,390
2012-08-14,133.07,130.84,127.68,128.06,1030
2012-08-15,128.06,128.06,123.23,123.23,1008
2012-08-16,123.23,128.24,121.19,128.06,1398
2012-08-22,128.06,128.8,124.71,124.71,398
2012-08-23,124.71,126.01,124.53,125.27,2921
2012-08-26,125.27,123.6,122.3,122.3,10526
2012-08-27,122.3,126.01,124.16,126.01,445
2012-08-28,126.01,127.13,125.27,127.13,780
2012-08-29,127.13,126.2,125.08,126.2,546
2012-08-30,126.2,124.53,123.23,123.41,782
2012-09-02,123.41,125.27,121.74,125.27,1468
2012-09-03,125.27,123.41,122.11,123.41,309
2012-09-04,123.41,125.46,124.34,124.34,607
2012-09-05,124.34,123.41,121.56,123.23,1297
2012-09-06,123.23,127.13,123.41,125.27,2469
2012-09-09,125.27,124.34,123.41,123.41,4314
2012-09-10,123.41,125.27,121.19,125.27,1250
2012-09-11,125.27,126.01,125.27,125.46,1265
2012-09-12,125.46,125.64,125.27,125.27,174
2012-09-13,125.27,126.38,125.83,126.38,351
2012-09-16,126.38,126.2,124.34,125.83,1845
2012-09-17,125.83,126.2,125.08,125.08,1620
2012-09-18,125.08,129.17,127.13,128.98,1561
2012-09-19,128.98,128.98,128.06,128.06,435
2012-09-20,128.06,127.13,126.76,126.94,844
2012-09-23,126.94,125.27,123.41,125.08,730
2012-09-24,125.08,127.13,123.41,123.41,2421
2012-09-25,123.41,125.83,122.67,125.83,1097
2012-09-26,125.83,124.9,123.04,124.9,2101
2012-09-27,124.9,124.34,121.37,123.6,1861
2012-09-30,136.85,134.55,134.55,134.55,100
2012-10-01,134.55,122.02,121.6,121.81,742
2012-10-02,121.81,119.93,118.89,118.89,488
2012-10-03,118.89,120.77,119.31,120.77,502
2012-10-04,120.77,120.77,120.77,120.77,216
2012-10-07,120.77,120.77,117.01,120.77,1649
2012-10-08,120.77,124.74,122.65,124.74,528
2012-10-09,124.74,127.24,125.15,127.24,989
2012-10-11,127.24,127.66,127.66,127.66,880
2012-10-14,127.66,127.66,125.57,125.57,563
2012-10-17,125.57,127.66,127.66,127.66,929
2012-10-18,127.66,125.57,122.02,124.32,4821
2012-10-30,124.32,134.97,126.41,134.97,1103
2012-10-31,134.97,141.87,137.27,140.4,1646
2012-11-01,140.4,142.7,136.43,138.73,5167
2012-11-04,138.73,142.08,138.94,142.08,2819
2012-11-05,142.08,151.89,144.37,151.89,325
2012-11-06,151.89,151.89,146.88,151.48,5045
2012-11-07,151.48,156.49,152.31,154.4,5503
2012-11-08,154.4,163.8,154.61,159.0,9890
2012-11-11,159.0,156.49,150.85,150.85,1631
2012-11-12,150.85,156.07,149.18,153.36,2937
2012-11-18,153.36,158.58,153.36,157.53,2672
2012-11-20,157.53,162.76,157.53,158.79,1632
2012-11-21,158.79,162.96,149.6,156.49,5137
2012-11-22,156.49,159.0,153.36,156.07,7652
2012-11-25,156.07,161.71,154.82,156.28,5535
2012-11-26,156.28,157.74,153.56,156.49,30501
2012-11-27,156.49,156.28,153.56,155.44,5723
2012-11-28,155.44,158.58,155.86,158.58,8504
2012-11-29,158.58,159.2,155.44,157.95,3901
2012-12-02,157.95,155.44,153.98,153.98,553
2012-12-03,153.98,154.19,151.27,154.19,4716
2012-12-04,154.19,159.62,155.44,158.37,5001
2012-12-05,158.37,164.43,160.46,164.43,11532
2012-12-06,164.43,166.72,159.2,165.05,10375
2012-12-09,165.05,163.8,159.0,159.62,7943
2012-12-10,159.62,161.92,156.91,161.71,3596
2012-12-11,161.71,162.76,160.67,160.88,4447
2012-12-13,160.88,165.47,162.34,164.84,2303
2012-12-16,164.84,172.78,162.13,172.78,10100
2012-12-17,172.78,182.6,172.57,178.42,21384
2012-12-18,178.42,178.21,171.53,174.45,15992
2012-12-19,174.45,183.44,177.59,179.68,5833
2012-12-20,179.68,182.81,179.05,181.77,8155
2012-12-23,181.77,185.73,181.77,185.73,7129
2012-12-24,185.73,195.34,185.73,194.3,6007
2012-12-26,194.3,199.73,194.3,199.31,7723
2012-12-27,199.31,205.79,200.36,202.45,5812
2012-12-31,202.45,203.49,196.18,197.22,4806
2013-01-01,197.22,200.77,194.09,195.97,3590
2013-01-02,195.97,196.39,192.21,195.13,7502
2013-01-03,195.13,198.69,195.13,197.01,5169
2013-01-06,197.01,200.57,193.67,194.3,5622
2013-01-07,194.3,197.64,191.17,193.88,10601
2013-01-08,193.88,193.25,192.0,192.0,696
2013-01-09,192.0,190.96,188.87,189.08,5524
2013-01-10,189.08,194.09,187.82,192.0,10682
2013-01-13,192.0,195.34,192.0,195.34,6423
2013-01-15,195.34,200.57,195.13,197.64,9233
2013-01-16,197.64,197.22,195.13,195.55,5302
2013-01-17,195.55,195.13,190.96,192.63,2528
2013-01-20,192.63,190.96,182.6,183.85,4249
2013-01-21,183.85,190.96,183.85,188.45,6157
2013-01-22,188.45,191.79,186.78,190.33,4047
2013-01-23,190.33,190.75,186.99,190.12,3408
2013-01-24,190.12,189.08,186.36,189.08,3261
2013-01-27,189.08,187.61,184.69,187.61,2589
2013-01-28,187.61,188.24,186.78,186.78,4501
2013-01-30,186.78,189.08,184.69,189.08,6525
2013-01-31,189.08,193.05,184.69,193.05,10168
2013-02-03,193.05,193.25,188.87,190.96,2109
2013-02-04,190.96,194.3,188.03,189.29,527
2013-02-05,189.29,195.34,189.49,190.75,4697
2013-02-06,190.75,189.08,187.61,188.87,818
2013-02-07,188.87,188.87,186.78,188.87,1276
2013-02-10,188.87,188.87,186.99,188.45,1595
2013-02-12,188.45,200.77,191.79,200.77,2468
2013-02-13,200.77,197.22,194.51,195.34,1215
2013-02-14,195.34,198.06,193.05,195.13,7017
2013-02-17,195.13,209.55,198.69,206.62,7973
2013-02-19,206.62,217.9,199.1,199.31,10406
2013-02-20,199.31,198.27,192.42,195.13,1875
2013-02-21,195.13,200.77,194.72,198.27,3423
2013-02-24,198.27,196.18,192.21,195.55,2493
2013-02-25,195.55,202.65,195.76,198.89,3774
2013-02-26,198.89,202.45,198.89,199.31,1284
2013-02-27,199.31,195.97,192.42,192.42,783
2013-02-28,192.42,201.4,193.05,200.15,986
2013-03-03,200.15,200.57,197.64,197.64,3544
2013-03-04,197.64,200.36,196.6,200.36,4577
2013-03-05,200.36,199.31,196.81,198.27,1418
2013-03-06,198.27,199.31,197.85,198.06,3035
2013-03-07,198.06,199.31,197.22,198.06,3040
2013-03-11,198.06,200.36,197.01,199.1,5361
2013-03-13,199.1,201.82,197.22,200.98,7256
2013-03-14,200.98,205.58,197.22,200.57,5173
2013-03-17,200.57,197.22,195.13,195.76,2674
2013-03-18,195.76,196.6,193.25,195.34,1122
2013-03-19,195.34,197.22,194.3,196.81,1775
2013-03-20,196.81,197.22,193.05,193.25,3855
2013-03-21,193.25,194.3,193.05,193.05,2059
2013-03-24,193.05,192.63,187.82,192.63,16454
2013-03-25,192.63,194.09,190.96,194.09,2026
2013-03-27,194.09,197.43,192.0,193.05,1334
2013-03-28,193.05,192.0,188.87,192.0,4685
2013-03-31,192.0,189.29,185.53,185.73,4621
2013-04-01,185.73,187.82,181.56,186.78,4452
2013-04-02,186.78,190.96,185.32,190.96,2028
2013-04-03,190.96,193.46,186.78,190.54,2423
2013-04-04,190.54,190.96,188.87,189.08,2144
2013-04-07,189.08,191.58,184.69,190.54,3650
2013-04-08,190.54,190.54,189.08,190.54,2325
2013-04-09,190.54,192.84,189.29,191.37,2766
2013-04-11,191.37,194.51,188.03,193.46,3252
2013-04-15,193.46,197.01,194.3,195.55,5901
2013-04-16,195.55,195.97,194.09,195.97,3495
2013-04-17,195.97,199.1,194.09,196.18,7596
2013-04-18,196.18,199.73,195.13,199.73,2350
2013-04-21,199.73,196.18,188.87,191.37,3515
2013-04-22,191.37,198.06,188.03,194.3,7452
2013-04-23,194.3,196.18,192.21,194.51,13849
2013-04-25,194.51,195.13,189.7,193.05,2405
2013-04-28,193.05,193.05,190.12,191.17,6156
2013-04-29,191.17,192.63,188.87,192.42,3066
2013-04-30,192.42,192.21,190.96,191.58,4314
2013-05-02,191.58,189.49,186.36,188.03,4721
2013-05-05,188.03,188.87,184.69,185.73,1476
2013-05-06,185.73,185.11,182.81,184.69,2058
2013-05-07,184.69,191.17,179.47,189.08,5414
2013-05-08,189.08,189.08,186.78,187.41,4447
2013-05-09,187.41,186.78,184.9,186.78,587
2013-05-12,186.78,188.87,184.69,186.78,1487
2013-05-13,186.78,187.82,185.11,187.2,2893
2013-05-14,187.2,188.45,184.69,188.45,2063
2013-05-15,188.45,191.17,188.45,189.91,674
2013-05-16,189.91,193.05,190.54,190.96,963
2013-05-19,190.96,193.25,187.61,190.54,3373
2013-05-20,190.54,193.46,188.87,188.87,4006
2013-05-21,188.87,190.12,187.82,189.08,2479
2013-05-22,189.08,191.58,188.03,188.87,3909
2013-05-23,188.87,188.87,188.24,188.24,1167
2013-05-26,188.24,189.91,187.82,189.91,3228
2013-05-27,189.91,190.33,188.87,190.33,300
2013-05-28,190.33,191.58,190.54,191.17,1652
2013-05-30,191.17,191.37,188.87,189.91,2214
2013-06-02,189.91,189.91,186.99,188.87,4095
2013-06-03,188.87,189.08,188.87,188.87,142
2013-06-04,188.87,190.33,187.2,189.29,2453
2013-06-05,189.29,189.7,188.66,189.7,2001
2013-06-06,189.7,189.91,189.08,189.7,1476
2013-06-09,189.7,189.91,188.45,188.87,1341
2013-06-10,188.87,189.7,187.61,188.24,1735
2013-06-11,188.24,188.45,187.61,188.24,1608
2013-06-12,188.24,189.29,186.78,189.08,2800
2013-06-13,189.08,188.87,186.78,187.82,1783
2013-06-16,187.82,187.41,186.99,187.41,462
2013-06-17,187.41,189.7,188.03,189.7,132
2013-06-18,189.7,189.7,184.9,186.99,1083
2013-06-19,186.99,187.41,185.94,187.41,1415
2013-06-20,187.41,188.03,186.99,188.03,2695
2013-06-23,188.03,187.61,186.36,186.36,1955
2013-06-24,186.36,187.82,186.78,187.82,1176
2013-06-25,187.82,189.29,187.2,189.29,1508
2013-06-26,189.29,192.84,190.75,190.96,2130
2013-06-27,190.96,190.96,188.87,189.7,898
2013-06-30,189.7,188.66,187.82,188.03,3756
2013-07-01,188.03,189.29,187.82,189.08,2871
2013-07-02,189.08,190.96,188.45,188.87,1279
2013-07-03,188.87,190.75,188.24,190.75,1730
2013-07-04,190.75,195.13,188.87,192.0,9922
2013-07-07,192.0,191.17,188.03,190.96,1269
2013-07-08,190.96,194.93,190.96,194.93,1058
2013-07-09,194.93,197.01,193.46,195.13,948
2013-07-10,195.13,196.39,195.97,196.18,811
2013-07-11,196.18,197.22,194.09,197.22,4129
2013-07-14,197.22,196.18,195.13,195.13,2081
2013-07-15,195.13,195.13,192.21,195.13,435
2013-07-16,195.13,195.55,195.13,195.55,108
2013-07-17,195.55,195.13,192.0,195.13,1134
2013-07-18,195.13,199.52,193.05,198.27,7711
2013-07-21,198.27,205.16,199.73,204.33,5700
2013-07-22,204.33,200.77,197.22,200.36,281
2013-07-23,200.36,203.49,196.18,198.27,1371
2013-07-24,198.27,197.22,194.09,197.22,809
2013-07-25,197.22,196.39,194.72,196.39,1587
2013-07-28,196.39,197.22,195.13,197.22,856
2013-07-29,197.22,199.1,196.18,196.39,1853
2013-07-30,196.39,199.31,196.6,198.27,3076
2013-07-31,198.27,202.03,197.22,201.4,9898
2013-08-01,201.4,205.37,199.31,201.82,2220
2013-08-04,201.82,203.28,199.31,200.36,5465
2013-08-05,200.36,201.19,197.85,199.31,2523
2013-08-06,199.31,199.52,196.18,198.27,2252
2013-08-07,198.27,201.4,197.22,198.48,3826
2013-08-08,198.48,198.69,197.43,197.43,3781
2013-08-11,197.43,197.43,196.18,196.6,3087
2013-08-12,196.6,195.34,193.05,194.3,4033
2013-08-13,194.3,193.88,193.05,193.88,2800
2013-08-14,193.88,195.13,190.96,195.13,1662
2013-08-15,195.13,195.13,193.05,193.05,2578
2013-08-18,193.05,193.88,191.37,191.37,505
2013-08-19,191.37,194.09,190.96,194.09,682
2013-08-20,194.09,195.13,193.05,195.13,1932
2013-08-25,195.13,196.18,193.05,193.05,1344
2013-08-26,193.05,194.3,193.05,193.46,1250
2013-08-27,193.46,194.09,193.25,194.09,2839
2013-08-29,194.09,195.13,192.84,194.51,3374
2013-09-01,194.51,194.09,192.0,194.09,2092
2013-09-02,194.09,195.55,192.0,193.46,13001
2013-09-03,193.46,193.88,193.05,193.25,6713
2013-09-04,193.25,193.25,192.0,193.25,2611
2013-09-05,193.25,193.88,192.84,193.05,2807
2013-09-08,193.05,193.67,192.63,193.25,1556
2013-09-09,193.25,193.46,192.63,192.63,1669
2013-09-10,192.63,195.13,192.84,192.84,5070
2013-09-11,192.84,194.09,189.49,194.09,2505
2013-09-12,194.09,194.3,192.42,193.05,3122
2013-09-15,193.05,195.13,194.09,195.13,4586
2013-09-16,195.13,195.34,194.93,195.34,1011
2013-09-17,195.34,195.13,193.05,194.09,1346
2013-09-19,194.09,197.22,192.0,197.22,5654
2013-09-22,197.22,194.09,192.42,194.09,5545
2013-09-23,194.09,193.88,192.63,193.67,2213
2013-09-24,193.67,193.46,192.0,193.05,5387
2013-09-25,214.98,196.41,190.3,190.3,239
2013-09-26,190.3,187.95,186.78,187.95,1253
2013-09-29,187.95,187.72,183.49,184.43,2069
2013-09-30,184.43,185.37,184.43,184.43,2261
2013-10-01,184.43,186.78,182.55,186.78,1292
2013-10-02,186.78,186.78,186.31,186.78,26
2013-10-03,186.78,186.78,185.6,185.6,603
2013-10-06,185.6,191.48,185.6,191.48,506
2013-10-07,191.48,192.18,192.18,192.18,213
2013-10-08,192.18,195.0,192.18,195.0,798
2013-10-09,195.0,193.83,193.83,193.83,196
2013-10-10,193.83,204.17,197.35,204.17,476
2013-10-17,204.17,203.23,203.23,203.23,105
2013-10-20,203.23,203.23,200.41,203.23,1123
2013-10-21,203.23,206.05,202.05,204.4,2345
2013-10-22,204.4,203.23,203.23,203.23,115
2013-10-23,203.23,200.88,200.88,200.88,121
2013-10-24,200.88,200.88,199.7,200.88,168
2013-10-27,200.88,198.53,190.3,193.59,1430
2013-10-28,193.59,193.83,191.48,191.48,3235
2013-10-29,191.48,191.48,189.6,189.6,144
2013-10-30,189.6,196.18,192.65,192.65,2072
2013-10-31,192.65,204.4,195.0,204.4,1277
2013-11-06,204.4,204.4,204.4,204.4,4093
2013-11-11,204.4,200.88,199.23,200.88,2083
2013-11-12,200.88,202.05,198.53,202.05,3093
2013-11-13,202.05,205.58,202.05,203.23,8015
2013-11-14,203.23,202.05,199.7,201.82,2827
2013-11-24,201.82,220.15,205.34,220.15,8542
2013-11-25,220.15,221.79,212.63,214.98,4741
2013-11-26,214.98,217.33,213.57,214.98,3106
2013-11-27,214.98,216.15,214.98,215.21,2418
2013-11-28,215.21,214.51,212.16,212.63,3293
2013-12-01,212.63,214.04,212.63,213.8,517
2013-12-02,213.8,217.56,213.8,217.33,1000
2013-12-03,217.33,218.5,216.15,217.33,1614
2013-12-04,217.33,232.61,217.33,222.03,3134
2013-12-05,222.03,230.02,218.5,219.21,5128
2013-12-08,219.21,223.2,214.98,218.5,3255
2013-12-09,218.5,222.26,217.56,220.85,2597
2013-12-10,220.85,222.03,217.33,219.68,1199
2013-12-11,219.68,227.91,221.32,227.91,18793
2013-12-12,227.91,232.14,227.2,229.08,5764
2013-12-15,229.08,237.31,229.08,237.07,12070
2013-12-16,237.07,258.93,241.3,257.75,3956
2013-12-18,257.75,281.25,262.45,280.78,11147
2013-12-19,280.78,290.18,256.34,290.18,11677
2013-12-22,290.18,299.58,279.14,290.18,21282
2013-12-23,290.18,285.95,275.61,275.61,10215
2013-12-24,275.61,287.83,265.51,278.43,12971
2013-12-26,278.43,294.18,276.08,278.43,9271
2013-12-29,278.43,283.13,274.91,279.61,5324
2013-12-31,279.61,280.78,276.08,276.08,5274
2014-01-01,276.08,276.08,271.38,272.79,4591
2014-01-02,272.79,272.79,253.05,271.38,6012
2014-01-05,271.38,272.79,266.45,271.38,3014
2014-01-06,271.38,274.91,269.03,271.85,1620
2014-01-07,271.85,273.73,266.68,272.56,3103
2014-01-08,272.56,277.26,271.38,276.08,3565
2014-01-09,276.08,280.78,271.62,274.67,3481
2014-01-12,274.67,283.13,276.08,283.13,8914
2014-01-13,283.13,281.96,276.08,278.43,5371
2014-01-14,278.43,280.78,274.91,279.61,4405
2014-01-16,279.61,285.95,278.43,281.25,5480
2014-01-19,281.25,280.55,274.91,280.55,3647
2014-01-20,280.55,277.26,270.21,270.21,3889
2014-01-21,270.21,273.73,269.03,271.38,2645
2014-01-22,271.38,276.08,269.5,269.5,2809
2014-01-23,269.5,273.5,269.03,273.5,2345
2014-01-26,273.5,276.08,266.68,269.03,2448
2014-01-27,269.03,269.03,264.57,265.04,959
2014-01-28,265.04,266.68,266.68,266.68,681
2014-01-29,266.68,266.68,261.98,262.22,4420
2014-02-02,262.22,263.16,258.46,262.22,472
2014-02-03,262.22,257.52,250.47,252.58,5463
2014-02-04,252.58,258.46,253.99,258.46,3281
2014-02-05,258.46,264.33,257.28,262.45,3124
2014-02-06,262.45,266.45,254.93,266.45,4409
2014-02-09,266.45,266.68,261.98,261.98,987
2014-02-10,261.98,276.08,261.51,261.51,8019
2014-02-11,261.51,264.33,257.28,263.16,3314
2014-02-12,263.16,261.75,258.46,260.81,2409
2014-02-13,260.81,262.45,257.28,260.1,2929
2014-02-16,260.1,263.86,257.28,259.63,1963
2014-02-17,259.63,263.16,257.28,257.28,2195
2014-02-18,257.28,261.98,258.46,260.81,5725
2014-02-20,260.81,263.86,258.46,259.63,2349
2014-02-23,259.63,268.8,261.98,261.98,1971
2014-02-24,261.98,271.38,262.45,262.45,1181
2014-02-25,262.45,263.16,257.52,257.52,4128
2014-02-26,257.52,262.22,253.76,256.58,3599
2014-03-03,256.58,260.81,252.58,253.76,2346
2014-03-04,253.76,256.11,245.77,256.11,6471
2014-03-05,256.11,257.05,252.58,254.7,5523
2014-03-06,254.7,258.46,252.58,252.58,3836
2014-03-09,252.58,250.23,247.88,249.06,666
2014-03-10,249.06,249.06,243.18,245.53,1161
2014-03-11,245.53,248.82,239.89,244.36,4580
2014-03-12,244.36,244.36,239.66,241.54,9918
2014-03-13,241.54,248.35,242.24,243.18,706
2014-03-17,243.18,240.83,236.13,240.83,7471
2014-03-18,240.83,240.83,237.54,240.83,4345
2014-03-19,240.83,245.3,237.07,239.66,4043
2014-03-20,239.66,243.18,237.54,240.36,5476
2014-03-23,240.36,241.77,236.6,240.83,2111
2014-03-24,240.83,245.53,240.83,245.53,3103
2014-03-25,245.53,245.77,243.18,244.36,2466
2014-03-26,244.36,245.53,241.07,243.42,3957
2014-03-27,243.42,244.36,240.13,244.36,3236
2014-03-31,244.36,247.88,240.83,247.88,4734
2014-04-01,247.88,252.11,248.12,249.06,4141
2014-04-02,249.06,250.23,244.83,244.83,3215
2014-04-03,244.83,251.41,245.3,247.88,1687
2014-04-06,247.88,248.35,245.53,247.65,1850
2014-04-07,247.65,246.71,243.18,245.77,4103
2014-04-09,245.77,246.0,242.24,245.77,3576
2014-04-10,245.77,248.35,246.0,248.35,2044
2014-04-13,248.35,252.58,243.89,250.23,1406
2014-04-15,250.23,254.46,247.88,251.41,5651
2014-04-16,251.41,252.82,250.94,251.88,5021
2014-04-17,251.88,252.58,247.88,251.41,4663
2014-04-20,251.41,252.58,251.17,252.58,2968
2014-04-21,252.58,252.82,247.88,250.23,8347
2014-04-22,250.23,250.23,246.24,247.88,3613
2014-04-23,247.88,252.35,247.88,252.35,8682
2014-04-27,252.35,250.23,246.71,246.71,1514
2014-04-28,246.71,247.88,245.53,245.53,6557
2014-04-29,245.53,250.0,243.18,246.0,1919
2014-04-30,246.0,248.35,246.24,246.71,1148
2014-05-04,246.71,247.41,245.53,246.71,3050
2014-05-05,246.71,253.05,249.06,252.58,3115
2014-05-06,252.58,264.33,252.58,264.33,5190
2014-05-07,264.33,269.27,257.28,257.28,3471
2014-05-08,257.28,265.51,257.28,260.81,3259
2014-05-11,260.81,259.87,254.7,256.11,3797
2014-05-12,256.11,256.11,242.48,255.4,28775
2014-05-13,255.4,260.1,255.4,258.46,1822
2014-05-15,258.46,259.63,256.11,256.11,1443
2014-05-18,256.11,259.63,254.93,255.4,2266
2014-05-19,255.4,257.99,253.05,255.64,2121
2014-05-20,255.64,257.28,251.41,253.52,935
2014-05-21,253.52,259.63,254.93,259.63,2554
2014-05-22,259.63,261.04,256.11,261.04,967
2014-05-25,261.04,265.04,259.63,264.33,4126
2014-05-26,264.33,265.51,260.81,264.33,9182
2014-05-27,264.33,264.57,262.45,264.33,4077
2014-05-28,264.33,269.03,261.98,266.68,4875
2014-06-01,266.68,269.5,265.51,267.15,3031
2014-06-02,267.15,271.38,267.86,270.21,4050
2014-06-03,270.21,277.26,265.51,273.73,5249
2014-06-04,273.73,275.38,266.68,272.79,6641
2014-06-05,272.79,276.79,267.86,276.32,4855
2014-06-08,276.32,280.78,276.08,276.32,7937
2014-06-09,276.32,282.43,279.61,281.96,4285
2014-06-10,281.96,287.83,276.79,286.42,9320
2014-06-11,286.42,294.18,287.6,292.06,13384
2014-06-12,292.06,297.94,292.53,297.94,10438
2014-06-15,297.94,318.15,303.11,313.68,10401
2014-06-16,313.68,324.49,313.68,321.67,8186
2014-06-17,321.67,323.08,310.39,319.09,7339
2014-06-18,319.09,324.26,313.21,313.21,4353
2014-06-19,313.21,316.5,312.51,312.51,4954
2014-06-23,312.51,318.38,310.16,311.33,1860
2014-06-24,311.33,308.98,306.63,307.81,3100
2014-06-25,307.81,311.1,306.63,308.28,7526
2014-06-26,308.28,312.51,308.04,310.16,2842
2014-06-29,310.16,324.26,313.68,319.56,10013
2014-06-30,319.56,321.67,311.33,321.67,7971
2014-07-01,321.67,321.44,313.68,319.56,1541
2014-07-02,319.56,317.21,312.51,314.39,6262
2014-07-03,314.39,319.56,310.16,319.56,4883
2014-07-06,319.56,320.73,316.5,318.15,2463
2014-07-07,318.15,318.38,308.98,313.68,2451
2014-07-08,313.68,326.61,308.98,323.08,5543
2014-07-09,323.08,323.08,318.38,320.73,2377
2014-07-10,320.73,324.02,314.62,322.61,8044
2014-07-13,322.61,335.77,317.68,321.91,12796
2014-07-14,321.91,320.73,311.33,318.38,4167
2014-07-15,318.38,317.68,313.68,314.86,1248
2014-07-16,314.86,323.08,316.5,318.38,8534
2014-07-17,318.38,319.56,314.86,318.38,2798
2014-07-20,318.38,324.26,316.03,324.26,11145
2014-07-21,324.26,332.01,321.2,323.08,5159
2014-07-22,323.08,323.08,316.03,319.56,7134
2014-07-23,319.56,320.73,316.03,318.85,7306
2014-07-24,318.85,319.56,313.68,318.85,9424
2014-07-27,318.85,317.91,316.27,317.21,1337
2014-07-28,317.21,317.21,314.86,315.8,1023
2014-07-30,315.8,316.03,311.33,311.33,2035
2014-07-31,311.33,315.09,310.16,311.33,3611
2014-08-03,311.33,311.33,303.11,311.33,2375
2014-08-04,311.33,311.33,304.28,305.69,5392
2014-08-05,305.69,311.33,301.93,308.98,5417
2014-08-06,308.98,308.98,304.28,307.57,2697
2014-08-07,307.57,308.98,299.58,305.46,5697
2014-08-12,305.46,301.93,297.0,299.58,2699
2014-08-13,299.58,305.22,297.23,297.23,6265
2014-08-14,297.23,301.93,297.23,301.93,4404
2014-08-18,301.93,298.41,292.3,293.0,2671
2014-08-19,293.0,297.23,291.36,295.35,5147
2014-08-20,295.35,295.35,289.24,289.24,1973
2014-08-21,289.24,294.65,278.43,293.71,4227
2014-08-24,293.71,294.88,288.3,293.71,1758
2014-08-25,293.71,296.06,276.08,285.25,7180
2014-08-26,285.25,281.96,271.85,271.85,1713
2014-08-27,271.85,289.01,270.21,275.61,7604
2014-08-28,275.61,280.55,274.91,276.08,8807
2014-08-31,276.08,281.25,271.38,275.85,9087
2014-09-01,275.85,272.56,266.68,272.56,3396
2014-09-03,272.56,273.03,268.56,268.56,2098
2014-09-04,268.56,268.8,257.28,259.63,1816
2014-09-07,259.63,264.33,237.54,237.54,7021
2014-09-09,237.54,254.46,241.3,254.46,3176
2014-09-10,254.46,273.5,248.59,252.82,8480
2014-09-11,252.82,256.11,250.7,256.11,1324
2014-09-14,256.11,259.63,252.58,257.28,4446
2014-09-15,257.28,260.57,257.28,260.57,482
2014-09-16,260.57,267.86,261.98,266.21,2576
2014-09-17,266.21,271.15,265.74,265.74,2403
2014-09-21,257.28,257.28,250.23,250.23,720
2014-09-22,250.23,246.71,245.53,246.71,1809
2014-09-23,246.71,254.93,250.23,253.52,1189
2014-09-24,253.52,265.51,250.23,265.51,1397
2014-09-28,265.51,260.57,257.28,257.28,196
2014-09-29,257.28,271.62,261.98,271.38,406
2014-09-30,271.38,273.5,269.03,269.03,1374
2014-10-08,269.03,264.33,264.33,264.33,145
2014-10-09,264.33,263.16,257.28,257.52,1156
2014-10-12,257.52,259.63,249.29,249.53,1072
2014-10-13,249.53,251.41,246.94,249.29,2228
2014-10-14,249.29,251.41,251.41,251.41,249
2014-10-15,251.41,257.28,251.41,256.11,2552
2014-10-16,256.11,254.93,250.7,250.7,662
2014-10-19,250.7,260.81,250.23,260.81,3502
2014-10-20,260.81,263.16,254.7,254.93,1715
2014-10-21,254.93,255.4,253.76,253.76,2309
2014-10-22,253.76,254.93,247.88,247.88,1275
2014-10-26,247.88,257.28,247.88,256.11,2324
2014-10-27,256.11,255.64,252.58,252.58,1166
2014-10-28,252.58,253.76,251.41,253.05,519
2014-10-30,253.05,253.99,250.23,253.99,1662
2014-11-02,253.99,254.93,248.12,250.23,2537
2014-11-03,250.23,249.06,247.88,247.88,1142
2014-11-04,247.88,250.23,245.77,246.71,506
2014-11-05,246.71,250.47,249.06,250.47,321
2014-11-06,250.47,252.58,251.41,252.58,706
2014-11-09,252.58,252.58,248.12,248.59,1311
2014-11-10,248.59,248.59,243.18,245.53,1236
2014-11-11,245.53,246.94,236.6,245.77,2438
2014-11-12,245.77,244.36,241.3,244.36,878
2014-11-13,244.36,242.01,239.66,240.83,2572
2014-11-16,240.83,243.18,236.13,236.13,3416
2014-11-17,236.13,234.96,232.61,234.96,2937
2014-11-18,234.96,238.48,224.15,233.31,9101
2014-11-19,233.31,233.08,229.08,231.9,8316
2014-11-20,231.9,236.84,229.08,235.19,2355
2014-11-23,235.19,243.89,236.13,237.54,5201
2014-11-24,237.54,245.3,238.01,241.77,12164
2014-11-25,241.77,241.77,236.13,241.77,3951
2014-11-30,241.77,247.65,238.48,241.3,1724
2014-12-01,241.3,241.77,240.83,241.77,968
2014-12-02,241.77,241.77,238.01,241.77,3613
2014-12-03,241.77,245.06,240.83,240.83,1527
2014-12-04,240.83,243.65,241.77,243.65,1614
2014-12-07,243.65,246.71,242.01,244.36,3979
2014-12-08,244.36,244.36,242.24,243.18,2041
2014-12-09,243.18,242.71,240.6,242.01,7243
2014-12-10,242.01,246.47,234.96,242.01,5064
2014-12-11,242.01,245.3,243.18,245.3,539
2014-12-14,245.3,252.58,246.71,252.58,3254
2014-12-15,252.58,261.51,251.41,254.23,3894
2014-12-16,254.23,258.93,252.58,258.22,2968
2014-12-17,258.22,254.93,253.29,254.93,1515
2014-12-18,254.93,257.75,252.58,257.75,4555
2014-12-21,257.75,254.93,249.06,254.93,2226
2014-12-22,254.93,259.16,252.82,254.23,2235
2014-12-23,254.23,252.58,252.35,252.58,379
2014-12-24,252.58,252.82,250.7,250.7,2468
2014-12-28,250.7,263.16,253.76,263.16,27279
2014-12-29,263.16,266.68,257.28,265.98,20443
2014-12-31,265.98,268.8,258.46,268.8,24756
2015-01-01,268.91,277.02,264.59,277.02,838
2015-01-04,277.02,277.02,274.32,274.32,668
2015-01-05,274.32,275.94,274.59,274.59,1041
2015-01-06,274.59,275.67,272.97,274.32,3244
2015-01-07,274.32,272.16,262.43,270.0,1066
2015-01-08,270.0,275.4,274.32,275.4,1471
2015-01-11,275.4,274.32,271.89,273.24,2009
2015-01-12,273.24,270.27,269.45,269.45,670
2015-01-13,269.45,272.7,270.27,272.7,1024
2015-01-14,272.7,277.02,274.32,274.32,988
2015-01-18,274.32,279.45,274.86,274.86,1267
2015-01-19,274.86,285.4,279.99,284.86,1691
2015-01-20,284.86,281.08,274.59,275.13,1350
2015-01-22,275.13,275.67,270.54,275.67,953
2015-01-25,275.67,281.08,275.67,281.08,1520
2015-01-26,281.08,281.35,281.35,281.35,54
2015-01-27,281.35,287.56,282.97,282.97,1487
2015-01-28,282.97,288.37,287.83,287.83,193
2015-01-29,287.83,289.18,286.75,287.02,2417
2015-02-01,287.02,289.99,286.48,287.83,1717
2015-02-02,287.83,290.26,286.48,287.56,5332
2015-02-03,287.56,287.83,282.43,282.7,667
2015-02-04,282.7,287.83,282.7,287.02,1327
2015-02-05,287.02,287.83,283.51,283.51,1636
2015-02-08,283.51,286.21,282.43,286.21,1512
2015-02-09,286.21,288.91,284.59,284.86,1128
2015-02-10,284.86,283.24,281.08,282.43,4832
2015-02-11,282.43,282.43,282.43,282.43,110
2015-02-12,282.43,285.13,280.26,282.43,2032
2015-02-15,282.43,282.7,281.08,281.08,1223
2015-02-16,281.08,282.43,279.72,281.62,2771
2015-02-19,281.62,281.08,278.1,278.37,1867
2015-02-22,278.37,274.32,274.32,274.32,22
2015-02-23,274.32,274.86,268.91,274.86,4454
2015-02-24,274.86,278.37,272.97,277.02,2248
2015-02-25,273.24,274.32,274.32,274.32,45
2015-02-26,274.32,274.32,274.32,274.32,200
2015-03-01,271.62,270.27,264.32,270.27,2129
2015-03-02,270.27,274.32,267.56,274.32,7682
2015-03-03,274.32,272.16,269.18,271.62,242
2015-03-04,271.62,272.97,271.62,271.62,545
2015-03-09,271.62,271.62,267.29,271.62,1645
2015-03-10,271.62,274.32,271.62,271.62,439
2015-03-12,271.62,269.45,269.45,269.45,100
2015-03-15,269.45,268.91,266.75,266.75,2858
2015-03-16,266.75,266.48,266.21,266.21,477
2015-03-17,266.21,268.37,265.67,266.48,2112
2015-03-18,266.48,267.02,262.16,267.02,514
2015-03-19,267.02,268.37,266.48,268.1,2109
2015-03-22,268.1,267.56,263.51,263.51,798
2015-03-23,263.51,266.48,264.86,266.48,320
2015-03-24,266.48,266.21,263.78,266.21,3920
2015-03-25,266.21,265.13,262.43,263.24,2106
2015-03-26,263.24,264.05,263.78,264.05,110
2015-03-29,264.05,264.86,260.81,260.81,12965
2015-03-30,260.81,262.16,260.81,260.81,1045
2015-03-31,260.81,265.13,260.81,261.35,1413
2015-04-02,261.35,261.08,260.81,261.08,1029
2015-04-05,261.08,261.08,258.1,258.1,2120
2015-04-06,258.1,262.7,259.45,260.81,8752
2015-04-07,260.81,261.89,260.81,261.89,936
2015-04-08,261.89,266.75,264.86,266.21,829
2015-04-09,266.21,267.56,266.21,266.21,768
2015-04-12,266.21,264.86,262.16,264.32,1133
2015-04-13,264.32,262.43,260.81,261.08,2137
2015-04-15,261.08,267.56,260.81,260.81,739
2015-04-16,260.81,262.43,253.51,262.43,332
2015-04-19,262.43,263.51,260.81,261.89,2209
2015-04-20,261.89,264.86,258.37,260.81,4424
2015-04-21,260.81,264.86,260.81,260.81,2631
2015-04-22,260.81,258.1,257.02,258.1,412
2015-04-23,258.1,262.7,258.1,258.1,560
2015-05-25,258.1,253.51,234.05,234.05,110
2015-05-26,234.05,238.1,229.46,230.54,4099
2015-05-27,230.54,231.08,224.32,224.32,3304
2015-05-28,224.32,227.83,217.56,225.67,2877
2015-05-31,225.67,244.59,229.73,239.19,2854
2015-06-01,239.19,253.51,239.19,247.02,2183
2015-06-02,247.02,248.64,238.37,240.54,4168
2015-06-03,240.54,256.75,244.59,255.4,3467
2015-06-04,255.4,260.0,250.0,255.13,11213
2015-06-07,255.13,259.73,252.7,258.1,2499
2015-06-08,258.1,265.67,259.45,263.51,3447
2015-06-09,263.51,273.24,264.86,266.21,3872
2015-06-10,266.21,266.21,259.45,264.86,4499
2015-06-11,264.86,269.45,258.1,260.81,1793
2015-06-14,260.81,258.1,255.94,256.21,364
2015-06-16,256.21,260.81,252.7,260.81,5060
2015-06-17,260.81,259.45,256.75,258.1,3852
2015-06-18,258.1,258.91,255.4,258.91,758
2015-06-21,258.91,255.4,254.05,255.4,2701
2015-06-22,255.4,260.0,254.86,258.1,710
2015-06-23,257.56,257.83,256.75,256.75,2563
2015-06-24,257.02,258.37,257.02,258.37,1620
2015-06-25,259.45,261.62,258.37,258.37,3155
2015-06-28,258.1,259.73,258.1,258.37,1399
2015-06-29,262.97,262.97,259.45,259.73,1720
2015-06-30,260.27,260.27,258.1,258.37,451
2015-07-01,262.97,264.05,259.73,260.81,1974
2015-07-02,260.54,260.54,258.37,259.45,2546
2015-07-05,260.54,260.81,259.45,260.81,2707
2015-07-06,258.37,261.62,258.1,261.08,8839
2015-07-07,258.1,261.35,258.1,261.35,5313
2015-07-08,262.16,262.16,259.45,259.45,5840
2015-07-09,260.81,260.81,258.1,258.91,2346
2015-07-12,259.18,259.18,258.1,258.37,520
2015-07-13,255.4,259.18,255.13,258.1,9353
2015-07-14,258.1,259.45,256.75,256.75,1926
2015-07-15,258.1,258.1,258.1,258.1,1800
2015-07-16,258.1,258.1,256.75,257.29,2715
2015-07-22,260.81,263.51,260.54,263.51,888
2015-07-23,263.51,285.67,260.81,284.59,4996
2015-07-26,284.59,300.53,289.72,300.53,30
2015-07-27,300.53,328.64,305.94,317.56,42756
2015-07-28,317.56,320.8,301.35,311.61,9775
2015-07-29,311.61,320.8,305.94,315.4,10439
2015-07-30,315.4,327.02,315.13,322.97,17289
2015-08-02,322.97,328.37,323.24,326.21,7405
2015-08-03,326.21,326.75,320.26,324.86,7820
2015-08-04,324.86,331.07,321.34,322.97,9155
2015-08-05,322.97,322.97,318.91,322.97,4699
2015-08-06,322.97,334.05,322.97,325.4,11276
2015-08-09,325.4,345.94,331.34,341.88,26597
2015-08-10,341.88,357.02,336.48,355.4,30762
2015-08-11,355.4,366.21,355.4,357.29,18681
2015-08-12,355.4,357.29,348.64,357.29,19602
2015-08-13,357.29,362.69,354.86,359.99,19312
2015-08-16,360.8,382.69,358.1,372.96,18004
2015-08-17,379.99,408.37,379.99,408.37,14219
2015-08-18,405.39,416.2,395.94,412.42,13436
2015-08-19,414.85,429.72,414.85,429.72,14336
2015-08-20,436.47,461.34,436.47,450.53,16133
2015-08-23,445.12,455.39,431.07,447.28,7310
2015-08-24,448.64,448.64,443.5,444.58,3584
2015-08-25,441.34,443.23,429.72,438.91,2568
2015-08-26,436.47,437.83,432.69,437.56,3781
2015-08-27,434.85,434.85,420.8,420.8,4962
2015-08-31,414.85,441.88,414.85,441.88,7363
2015-09-01,441.88,440.53,428.37,428.37,6882
2015-09-02,425.66,429.72,423.77,429.72,5465
2015-09-03,424.31,427.02,420.53,426.75,8541
2015-09-06,427.02,432.42,415.39,427.83,13866
2015-09-07,429.72,431.07,425.93,428.37,2495
2015-09-08,428.37,431.07,422.96,427.02,712
2015-09-09,430.8,434.85,426.47,434.85,3664
2015-09-10,429.72,429.72,423.23,429.18,2537
2015-09-13,428.37,437.83,428.37,437.83,10708
2015-09-14,444.58,444.58,436.2,436.47,3682
2015-09-15,432.42,440.53,432.42,440.53,3539
2015-09-16,440.53,443.23,433.77,434.04,2656
2015-09-17,433.77,433.77,429.72,431.07,2229
2015-09-22,422.96,423.23,414.85,417.56,8459
2015-09-23,425.39,425.39,422.69,424.31,3646
2015-09-24,422.96,425.66,420.26,422.96,3578
2015-09-28,417.56,419.72,398.64,414.58,6291
2015-09-29,412.15,422.42,412.15,419.72,941
2015-09-30,422.69,428.37,422.69,425.66,3312
2015-10-01,427.02,441.88,425.93,427.02,6184
2015-10-04,422.96,429.72,422.96,428.37,6174
2015-10-05,422.96,427.02,420.26,422.96,2989
2015-10-06,422.96,423.23,418.37,419.45,7809
2015-10-07,413.77,417.83,412.15,417.29,6190
2015-10-08,415.12,422.96,413.5,422.96,1900
2015-10-11,422.96,422.96,409.45,410.53,3199
2015-10-14,404.58,404.58,398.64,398.64,3826
2015-10-15,391.88,395.94,385.13,395.94,2171
2015-10-18,395.67,395.94,381.07,382.42,1369
2015-10-19,381.07,382.42,378.1,378.37,4551
2015-10-25,372.96,379.72,371.34,379.72,2778
2015-10-27,379.72,379.72,363.5,363.5,2945
2015-10-28,358.1,368.37,342.69,368.37,4408
2015-10-29,367.56,372.96,360.8,369.45,3633
2015-11-01,363.77,366.21,360.8,364.86,1834
2015-11-02,364.86,371.61,363.77,363.77,2504
2015-11-03,360.26,368.91,360.26,367.56,2463
2015-11-04,367.56,379.72,366.21,378.91,5045
2015-11-05,377.02,379.72,375.67,377.29,2378
2015-11-08,371.61,372.15,370.26,370.26,2564
2015-11-09,377.02,382.42,377.02,382.42,1941
2015-11-10,375.4,382.42,375.4,382.42,1646
2015-11-15,381.07,389.18,375.67,383.5,1527
2015-11-16,378.37,378.37,374.31,374.31,1036
2015-11-18,379.72,385.13,377.02,379.45,3688
2015-11-19,377.02,385.67,374.86,385.67,1179
2015-11-22,379.72,379.72,363.5,368.91,3362
2015-11-23,363.5,369.18,352.69,369.18,3839
2015-11-24,368.91,369.45,364.32,368.91,5684
2015-11-25,368.91,369.72,363.5,364.05,9201
2015-11-26,360.8,360.8,355.4,359.45,13116
2015-11-29,358.1,358.1,343.24,347.56,8120
2015-11-30,354.05,359.45,347.29,351.34,3730
2015-12-01,351.34,366.21,355.4,366.21,2427
2015-12-02,371.61,371.61,350.26,357.02,6739
2015-12-03,357.02,370.26,357.02,369.72,6105
2015-12-04,375.67,389.72,371.61,387.83,5641
2015-12-07,393.23,398.64,389.45,395.4,8794
2015-12-08,388.1,398.64,385.67,396.75,8751
2015-12-09,404.31,404.31,393.23,395.4,2778
2015-12-10,395.94,395.94,391.34,394.58,2935
2015-12-13,395.94,399.72,391.88,395.94,4078
2015-12-14,395.94,395.94,389.18,394.58,1936
2015-12-15,389.18,393.23,389.18,391.88,775
2015-12-16,390.53,390.53,386.75,387.29,2668
2015-12-17,387.83,387.83,384.04,385.4,8197
2015-12-20,385.4,422.15,392.69,422.15,2242
2015-12-21,422.15,462.42,429.99,430.53,33718
2015-12-22,429.72,429.72,421.61,422.96,6821
2015-12-23,422.96,428.1,415.12,418.1,6938
2015-12-24,417.56,421.61,415.66,420.26,4642
2015-12-25,420.53,421.88,415.12,415.12,2647
2015-12-28,415.12,416.2,413.5,413.5,1538
2015-12-29,413.5,418.91,412.15,414.85,3986
2015-12-31,420.26,421.61,414.85,420.26,6257
2016-01-03,420.26,427.83,420.26,423.77,11260
2016-01-04,423.77,425.66,422.96,422.96,7476
2016-01-05,422.42,422.69,418.91,418.91,1924
2016-01-06,422.96,424.58,421.61,421.61,3170
2016-01-07,422.96,424.31,421.61,422.96,4282
2016-01-10,422.96,433.77,424.31,432.42,12259
2016-01-11,432.69,436.2,431.88,436.2,14291
2016-01-12,437.83,440.8,436.47,438.37,13515
2016-01-13,438.37,442.96,439.18,439.18,8461
2016-01-14,439.18,441.88,439.18,440.53,9953
2016-01-17,438.1,447.28,438.1,444.31,9472
2016-01-18,445.93,455.39,444.58,447.01,28225
2016-01-19,446.95,452.79,438.37,450.04,7071
2016-01-20,453.47,454.85,452.1,453.47,14859
2016-01-21,453.47,458.62,454.16,456.91,8781
2016-01-24,456.91,456.91,454.5,455.19,6737
2016-01-25,455.53,456.22,452.79,454.16,4445
2016-01-26,454.16,456.91,453.82,454.5,3694
2016-01-27,454.5,455.19,451.76,451.76,696
2016-01-28,450.04,456.22,450.04,453.47,1611
2016-01-31,450.38,456.91,450.04,453.47,1533
2016-02-01,453.47,467.2,453.47,463.77,6243
2016-02-02,467.2,477.84,467.2,467.2,24770
2016-02-03,467.2,475.1,467.2,470.64,12253
2016-02-04,472.35,484.02,472.35,480.93,18962
2016-02-07,480.93,513.2,490.2,512.51,21177
2016-02-08,512.51,525.55,515.25,516.97,11807
2016-02-11,516.97,525.55,510.11,518.0,1700
2016-02-14,527.95,527.95,510.79,511.82,8552
2016-02-15,510.11,510.11,499.81,505.3,4761
2016-02-16,505.3,508.39,498.09,504.61,4816
2016-02-17,504.61,505.64,498.09,498.09,5278
2016-02-18,498.09,513.54,498.09,511.82,3879
2016-02-21,511.82,511.82,506.33,508.39,3172
2016-02-22,504.96,506.67,498.44,500.84,5372
2016-02-23,500.84,511.82,498.44,503.24,6064
2016-02-24,496.38,503.93,494.66,503.93,4516
2016-02-25,498.09,500.5,492.94,500.5,9129
2016-02-28,500.5,501.53,498.09,500.84,4149
2016-02-29,500.84,499.81,494.66,498.09,3946
2016-03-01,496.38,504.61,496.38,500.84,2879
2016-03-02,504.96,506.67,504.61,506.67,1231
2016-03-03,503.24,503.24,501.18,501.53,11534
2016-03-06,501.87,503.59,499.81,499.81,13839
2016-03-10,498.09,508.39,498.09,504.96,6800
2016-03-13,506.67,511.82,503.93,503.93,5477
2016-03-14,512.17,511.48,500.84,500.84,1308
2016-03-15,499.12,504.96,499.12,503.24,2784
2016-03-16,498.09,504.27,498.09,501.18,2011
2016-03-17,504.96,506.67,501.53,503.59,2839
2016-03-20,503.59,511.82,498.09,504.96,2401
2016-03-21,504.96,508.39,498.09,502.21,3491
2016-03-23,508.39,516.97,508.39,511.82,8872
2016-03-24,511.82,526.58,514.91,523.84,28457
2016-03-27,523.84,553.01,527.27,546.15,28741
2016-03-28,546.15,551.29,532.42,545.46,11304
2016-03-29,544.43,549.23,541.0,543.4,6805
2016-03-30,543.4,541.0,537.56,537.56,3636
2016-03-31,537.56,539.97,534.82,537.56,12952
2016-04-03,537.56,544.09,528.98,539.28,7179
2016-04-04,539.28,541.0,535.16,537.91,2893
2016-04-05,539.28,544.43,539.28,540.31,4459
2016-04-06,540.31,541.0,537.56,537.56,3141
2016-04-10,537.56,549.58,539.28,546.15,6344
2016-04-11,546.15,549.58,542.71,547.18,6677
2016-04-12,547.18,553.01,546.83,549.58,9402
2016-04-14,549.58,566.74,549.58,566.74,14305
2016-04-17,570.17,601.06,566.74,594.2,14184
2016-04-18,594.2,617.88,595.23,613.08,17424
2016-04-19,613.08,621.66,601.06,604.49,10645
2016-04-20,604.49,613.08,606.21,606.21,24556
2016-04-21,606.21,611.02,604.49,609.99,32655
2016-04-24,609.99,631.95,612.73,628.52,14400
2016-04-25,628.52,633.67,628.52,631.61,6540
2016-04-26,631.61,635.38,618.22,618.91,6095
2016-04-27,618.91,618.91,613.08,615.82,5245
2016-04-28,615.82,621.66,605.87,621.66,9067
2016-05-02,621.66,625.09,616.51,623.03,15781
2016-05-03,623.03,628.52,621.66,628.52,21565
2016-05-04,628.52,626.8,616.85,625.77,6766
2016-05-05,625.77,621.66,618.22,619.25,5059
2016-05-08,619.25,623.37,611.36,619.94,5333
2016-05-09,618.22,625.43,618.22,624.74,9069
2016-05-10,616.85,623.03,616.51,618.91,6842
2016-05-11,618.91,618.22,614.79,615.13,1582
2016-05-12,615.13,615.13,607.93,607.93,550
2016-05-15,612.05,614.79,604.49,609.64,7577
2016-05-16,609.64,607.93,604.49,607.24,2169
2016-05-17,604.49,618.22,604.49,614.79,7738
2016-05-18,614.79,626.8,618.22,626.8,10721
2016-05-19,626.8,631.95,623.37,625.09,5102
2016-05-22,625.09,628.52,625.09,625.43,4135
2016-05-23,625.43,628.52,611.36,621.66,5047
2016-05-24,621.66,642.25,621.66,635.04,7639
2016-05-25,635.04,643.97,625.09,628.52,11178
2016-05-26,628.52,630.24,616.51,625.09,4514
2016-05-29,625.09,633.67,607.58,623.37,5955
2016-05-30,623.37,619.94,614.79,616.51,4680
2016-05-31,616.51,618.22,609.64,609.99,4751
2016-06-01,609.99,609.64,597.63,601.06,8234
2016-06-02,601.06,606.21,594.54,606.21,5117
2016-06-05,606.21,597.63,576.01,583.9,7015
2016-06-06,583.9,604.49,592.48,602.78,10774
2016-06-07,601.06,614.1,601.06,605.87,6647
2016-06-08,605.87,607.93,602.78,604.49,1412
2016-06-09,606.21,606.21,601.06,601.75,7230
2016-06-12,601.06,630.24,601.06,621.66,11734
2016-06-13,621.66,645.68,621.66,623.37,9559
2016-06-14,635.04,642.25,624.4,624.4,10138
2016-06-15,619.94,621.66,613.08,616.51,6164
2016-06-16,616.51,618.91,609.64,614.79,12140
2016-06-19,614.79,614.79,601.06,607.93,20040
2016-06-20,607.93,614.79,601.06,607.93,7046
2016-06-21,607.93,614.79,601.06,614.79,14440
2016-06-22,621.66,633.33,609.64,616.51,9562
2016-06-23,616.51,635.04,614.79,631.95,17920
2016-06-26,631.95,685.15,631.95,665.93,29337
2016-06-27,665.93,697.17,676.57,695.45,44240
2016-06-28,695.45,710.9,690.3,698.88,38175
2016-06-29,698.88,704.03,698.88,702.66,21175
2016-06-30,702.66,699.91,688.59,690.3,10623
2016-07-03,690.3,690.3,680.0,680.0,19794
2016-07-04,680.0,686.18,670.05,672.8,8161
2016-07-05,670.05,685.15,670.05,680.69,15071
2016-07-06,685.15,686.87,681.72,685.84,5711
2016-07-10,685.5,690.3,681.03,683.44,8757
2016-07-11,683.44,690.64,666.28,673.83,6931
2016-07-12,673.83,690.3,644.65,669.36,8921
2016-07-13,669.36,669.71,649.8,652.55,8697
2016-07-14,640.53,685.84,640.53,661.13,9874
2016-07-17,661.13,695.45,664.56,688.59,11272
2016-07-18,688.59,700.6,691.67,698.88,8012
2016-07-19,707.46,717.76,695.45,707.12,19390
2016-07-20,711.58,711.58,690.3,690.3,11057
2016-07-21,690.3,698.88,686.87,695.45,8581
2016-07-25,695.45,717.76,697.17,717.76,16032
2016-07-26,717.76,745.56,710.9,728.06,17099
2016-07-27,728.06,739.73,717.76,734.23,28455
2016-07-28,734.23,738.35,720.16,733.21,16386
2016-07-31,733.21,756.2,692.02,730.8,11375
2016-08-01,730.8,752.08,719.48,724.97,7593
2016-08-02,724.97,724.62,709.18,713.98,7759
2016-08-03,713.98,724.62,693.73,704.03,8765
2016-08-04,704.03,700.6,663.53,680.0,10944
2016-08-07,680.0,695.45,665.25,680.0,15395
2016-08-08,680.0,669.71,637.79,637.79,6030
2016-08-09,650.14,662.5,650.14,662.5,436
2016-08-10,675.2,690.3,660.1,683.44,12885
2016-08-11,688.59,695.45,676.57,680.0,3638
2016-08-14,679.66,679.66,641.22,661.13,5068
2016-08-15,648.43,648.43,630.58,635.38,12661
2016-08-16,625.09,651.52,614.79,651.52,14378
2016-08-17,639.5,655.98,639.5,654.26,6861
2016-08-21,666.96,666.96,639.85,645.68,3680
2016-08-22,643.28,643.28,601.06,601.06,3075
2016-08-23,611.36,638.82,601.06,618.22,12073
2016-08-24,630.24,652.55,611.36,650.83,8872
2016-08-28,655.98,666.28,650.14,652.55,8091
2016-08-29,652.55,667.99,649.11,665.59,7211
2016-08-30,670.05,683.44,669.71,670.05,8429
2016-08-31,674.86,678.29,674.86,677.95,2234
2016-09-01,676.57,686.87,676.57,683.44,2660
2016-09-04,670.39,710.21,670.39,698.88,8142
2016-09-05,704.03,709.18,700.6,709.18,11041
2016-09-06,704.03,721.19,686.87,704.03,10564
2016-09-07,693.73,701.63,687.21,695.45,7168
2016-09-08,695.45,700.6,690.3,690.3,7506
2016-09-11,676.92,686.18,673.14,685.15,9935
2016-09-12,676.92,683.44,676.92,678.97,3122
2016-09-14,686.87,686.87,676.57,681.03,9874
2016-09-18,673.14,676.57,666.96,672.11,8483
2016-09-20,667.31,667.31,659.41,660.1,6645
2016-09-21,652.55,669.71,647.74,662.84,3461
2016-09-22,662.84,667.99,659.41,659.41,5406
2016-09-25,662.84,667.99,659.41,659.41,5406
2016-09-26,649.11,662.84,649.11,655.64,5182
2016-09-27,660.1,660.1,642.94,651.17,4425
2016-09-28,652.55,662.5,652.55,660.1,3514
2016-09-29,662.84,683.44,660.44,683.44,12873
2016-10-02,683.44,696.48,678.63,696.48,8502
2016-10-03,696.48,698.88,678.63,683.44,7271
2016-10-04,696.14,722.91,676.92,680.0,16130
2016-10-05,678.29,678.29,665.93,676.57,7147
2016-10-06,688.59,688.59,675.54,681.72,13260
2016-10-16,671.42,681.72,671.42,681.38,3530
2016-10-17,681.72,681.72,663.87,663.87,9293
2016-10-18,669.71,669.71,661.13,663.19,1940
2016-10-19,659.41,667.99,659.41,664.56,2861
2016-10-20,664.56,669.36,660.78,665.93,5892
2016-10-23,664.56,666.28,658.72,658.72,4805
2016-10-24,659.41,658.72,640.53,654.26,5605
2016-10-25,650.83,650.83,628.52,628.52,6585
2016-10-26,631.95,633.67,616.51,630.24,5053
2016-10-27,621.66,633.67,621.66,631.95,3041
2016-11-03,621.66,633.33,621.66,627.15,1992
2016-11-07,626.8,626.8,610.67,611.7,2780
2016-11-08,611.36,611.36,601.06,604.15,6685
2016-11-09,594.54,601.75,572.57,597.63,4740
2016-11-10,601.06,607.93,590.77,599.0,5180
2016-11-13,592.48,597.63,592.48,597.63,9059
2016-11-14,597.63,597.63,588.71,590.77,4789
2016-11-15,594.2,594.2,586.65,589.05,3340
2016-11-16,586.3,589.05,580.47,587.33,17686
2016-11-17,583.9,583.9,563.31,565.02,10512
2016-11-20,557.47,557.47,525.55,529.67,12340
2016-11-21,530.7,539.28,518.69,534.13,14519
2016-11-22,525.55,538.59,525.55,531.73,9731
2016-11-23,531.73,531.73,513.2,514.91,10230
2016-11-24,515.25,527.27,504.96,513.54,13308
2016-11-27,515.25,515.25,497.75,500.5,11795
2016-11-28,491.23,517.31,475.78,513.54,10612
2016-11-29,512.17,556.44,498.09,551.64,26370
2016-11-30,562.28,599.35,562.28,599.35,20896
2016-12-01,588.02,606.21,582.87,589.74,11945
2016-12-04,583.9,583.9,563.31,568.46,10623
2016-12-05,568.46,573.6,547.86,547.86,16070
2016-12-06,547.86,553.01,535.85,549.92,6234
2016-12-07,549.58,553.01,546.15,549.58,3324
2016-12-08,553.01,554.73,544.43,549.58,2973
2016-12-11,545.8,547.86,537.22,539.28,4128
2016-12-12,539.28,539.28,522.12,528.98,6883
2016-12-14,532.42,534.13,516.63,524.18,4715
2016-12-15,532.07,533.45,524.18,524.18,7494
2016-12-18,522.12,532.07,516.97,532.07,7529
2016-12-19,523.84,532.42,522.12,523.84,12742
2016-12-20,523.84,528.98,518.69,518.69,2097
2016-12-21,515.25,518.69,501.53,511.48,6675
2016-12-22,518.69,518.69,508.73,511.82,10068
2016-12-26,504.96,508.39,498.09,498.09,5378
2016-12-27,491.92,493.97,475.1,493.97,6894
2016-12-28,491.23,492.6,483.33,484.36,4767
2016-12-29,493.63,504.96,491.92,501.53,4835
2017-01-01,508.39,523.84,508.39,517.31,2371
2017-01-02,527.27,532.07,517.31,523.84,5186
2017-01-03,517.66,519.72,503.24,504.96,6604
2017-01-04,498.09,501.87,493.63,498.09,8605
2017-01-05,498.09,507.7,498.09,506.67,4516
2017-01-08,501.53,501.53,496.72,498.09,3164
2017-01-09,507.7,507.7,498.09,501.53,2087
2017-01-10,503.24,505.99,501.53,505.99,4500
2017-01-11,506.33,506.67,498.09,503.24,3231
2017-01-12,511.48,511.48,503.24,504.27,1329
2017-01-15,503.59,503.59,498.09,503.24,4407
2017-01-16,499.81,501.53,498.09,501.53,1359
2017-01-17,501.53,508.39,501.53,503.59,1364
2017-01-18,501.53,506.67,501.53,505.3,1128
2017-01-19,508.39,520.75,508.39,520.75,11349
2017-01-22,530.7,553.01,530.7,544.43,12004
2017-01-23,544.43,549.58,535.85,539.28,6881
2017-01-24,535.85,535.85,525.55,526.92,10321
2017-01-25,522.81,522.81,510.11,513.54,5305
2017-01-26,508.39,511.82,485.74,506.67,5966
2017-01-30,508.39,508.39,480.25,480.93,10746
2017-01-31,480.93,498.09,472.35,487.8,7661
2017-02-01,494.66,516.97,494.66,516.97,7631
2017-02-02,526.92,537.56,509.42,509.42,28356
2017-02-05,509.63,500.84,485.46,489.86,5457
2017-02-06,496.45,496.45,485.46,489.86,1935
2017-02-07,490.73,493.37,487.66,487.66,6084
2017-02-08,496.45,505.23,479.75,483.27,5560
2017-02-09,478.87,483.27,459.1,465.69,3594
2017-02-12,459.1,459.1,444.17,448.12,9783
2017-02-13,452.51,467.89,427.03,467.89,11808
2017-02-14,459.54,459.54,448.56,456.03,9717
2017-02-15,456.91,463.5,454.71,463.06,8055
2017-02-16,471.84,482.83,461.3,481.07,6546
2017-02-19,478.87,483.27,470.09,479.31,8779
2017-02-20,487.66,488.1,469.65,469.65,8895
2017-02-21,478.43,487.66,465.69,480.63,7011
2017-02-22,472.28,478.43,456.91,475.8,3290
2017-02-23,478.43,479.31,462.62,462.62,3206
2017-02-26,465.69,467.89,456.91,463.5,3686
2017-02-28,456.91,465.25,456.03,456.91,3096
2017-03-01,461.3,465.25,461.3,461.3,1950
2017-03-02,461.3,469.65,461.3,469.65,1059
2017-03-05,474.48,479.75,472.28,476.68,1573
2017-03-06,476.68,483.27,476.68,481.07,3194
2017-03-07,476.68,482.39,473.16,481.07,2176
2017-03-09,478.87,483.27,478.87,479.75,4562
2017-03-13,483.27,488.54,479.31,488.54,1442
2017-03-14,485.46,487.66,481.51,481.51,560
2017-03-15,481.07,487.66,479.75,487.66,680
2017-03-16,478.87,488.1,478.87,488.1,534
2017-03-19,488.1,492.05,485.46,492.05,2646
2017-03-20,500.84,500.84,494.69,498.64,2583
2017-03-21,496.89,546.53,496.89,544.77,5241
2017-03-22,555.32,597.49,555.32,586.51,20884
2017-03-23,593.1,599.69,574.65,588.71,11279
2017-03-26,597.49,623.85,597.49,617.26,7100
2017-03-28,617.26,665.59,629.12,648.02,5631
2017-03-29,648.02,659.0,614.19,626.49,11145
2017-03-30,626.49,628.25,610.67,623.85,4331
2017-04-02,635.71,645.82,626.05,645.82,4010
2017-04-03,650.21,676.57,623.85,632.64,13581
2017-04-04,632.64,637.03,626.05,630.44,7708
2017-04-06,630.44,628.25,619.46,623.85,2526
2017-04-09,632.64,643.62,621.66,643.62,5781
2017-04-10,632.64,640.99,624.73,639.23,2855
2017-04-11,643.62,663.39,643.62,662.95,16011
2017-04-12,675.69,676.57,656.8,656.8,11039
2017-04-13,644.06,667.79,633.08,654.61,7202
2017-04-16,643.62,650.21,634.4,634.84,5914
2017-04-18,623.85,628.25,610.67,615.07,6560
2017-04-19,615.07,647.14,610.23,640.11,5444
2017-04-20,652.41,664.71,635.28,645.82,10047
2017-04-23,658.12,674.38,650.21,654.61,10995
2017-04-24,656.8,663.39,650.21,650.21,4176
2017-04-25,639.23,667.79,639.23,664.71,18710
2017-04-26,661.2,671.3,644.5,660.76,6795
2017-04-27,665.59,665.59,642.3,654.61,7893
2017-04-30,644.5,650.21,633.08,648.02,4648
2017-05-02,650.21,668.22,650.21,661.2,23629
2017-05-03,673.94,680.97,657.24,659.0,24286
2017-05-04,666.91,666.91,654.61,654.61,32852
2017-05-07,656.8,659.0,630.88,632.64,43900
2017-05-08,632.64,641.43,628.25,632.64,60255
2017-05-09,632.9,669.19,642.74,651.35,17148
2017-05-11,658.74,664.27,648.89,653.2,10588
2017-05-15,652.58,678.42,651.97,655.04,5328
2017-05-16,655.66,658.12,650.12,651.97,5118
2017-05-17,662.43,662.43,645.82,645.82,5775
2017-05-18,645.82,648.89,632.9,636.59,4272
2017-05-21,633.52,633.52,618.14,619.37,5302
2017-05-22,621.22,621.22,596.61,600.92,5004
2017-05-23,602.76,639.67,602.76,618.76,10601
2017-05-24,618.76,627.37,603.38,621.22,5572
2017-05-28,615.07,621.22,609.53,611.99,8098
2017-05-30,615.07,615.07,605.84,608.92,16949
2017-05-31,605.84,608.92,600.3,608.3,8952
2017-06-01,608.3,615.07,608.3,612.61,5211
2017-06-04,613.22,613.22,596.61,600.3,7730
2017-06-05,599.69,607.07,597.84,605.22,8620
2017-06-06,616.91,616.91,596.61,610.15,7868
2017-06-07,618.14,627.98,608.92,608.92,9880
2017-06-08,609.53,612.61,600.3,608.92,3751
2017-06-11,605.84,605.84,594.15,596.61,12759
2017-06-12,593.54,605.22,590.46,601.53,4633
2017-06-13,605.84,605.84,593.54,593.54,6588
2017-06-14,597.23,597.23,591.69,594.15,3510
2017-06-15,602.76,602.76,590.46,596.0,6806
2017-06-18,596.0,597.84,588.62,591.69,7908
2017-06-19,591.69,591.69,570.78,570.78,6978
2017-06-20,573.24,574.47,562.79,571.4,9329
2017-06-21,572.01,576.93,568.32,572.01,4037
2017-06-22,572.01,573.86,568.94,568.94,7637
2017-06-25,578.16,578.16,570.17,573.24,11558
2017-06-27,574.47,578.16,570.17,572.01,6916
2017-06-28,572.01,575.09,568.94,570.78,3055
2017-07-02,560.32,564.63,558.48,558.48,3502
2017-07-03,569.55,572.01,560.94,566.48,1147
2017-07-04,566.48,569.55,560.32,562.79,3304
2017-07-05,564.63,564.63,556.63,562.17,6555
2017-07-06,568.94,568.94,562.79,568.32,5027
2017-07-09,568.32,581.24,559.71,559.71,9037
2017-07-10,560.94,570.78,560.94,568.32,4317
2017-07-11,569.55,570.78,565.25,565.86,6035
2017-07-12,575.09,575.09,565.86,565.86,2885
2017-07-13,568.94,574.47,566.48,568.94,3508
2017-07-16,568.94,568.94,562.79,568.32,9987
2017-07-17,572.01,578.78,567.09,578.16,5888
2017-07-18,578.16,593.54,578.16,581.85,5464
2017-07-19,581.24,587.39,578.16,583.7,4996
2017-07-20,578.16,586.16,578.16,584.31,6889
2017-07-23,584.93,584.31,575.7,583.08,10654
2017-07-24,572.01,583.7,572.01,578.16,6695
2017-07-25,578.16,582.47,576.93,580.01,4268
2017-07-26,578.16,578.16,570.17,572.01,1412
2017-07-27,572.01,572.01,560.94,571.4,6927
2017-07-30,565.86,575.09,562.17,562.79,4944
2017-07-31,570.17,580.01,568.32,575.7,7506
2017-08-01,578.16,584.31,565.86,572.01,4008
2017-08-02,564.63,578.16,564.63,573.24,3269
2017-08-03,572.01,584.31,575.09,578.16,6365
2017-08-06,581.24,592.31,578.78,580.01,7644
2017-08-07,581.24,581.24,576.32,577.55,1901
2017-08-09,579.39,580.01,572.01,575.09,3027
2017-08-10,580.01,580.01,568.94,570.78,5714
2017-08-13,568.94,568.94,565.25,565.86,2422
2017-08-15,576.93,576.93,553.56,559.71,7987
2017-08-16,559.71,565.86,554.17,562.17,7244
2017-08-17,559.71,564.63,559.71,562.79,5595
2017-08-20,562.79,562.79,553.56,559.09,5742
2017-08-21,559.71,559.71,553.56,557.86,6817
2017-08-22,553.56,557.86,551.1,556.02,11446
2017-08-23,556.02,556.63,550.48,551.71,6688
2017-08-24,551.71,553.56,550.48,550.48,6710
2017-08-27,550.48,556.63,550.48,550.48,7432
2017-08-28,559.71,559.71,541.26,546.18,11180
2017-08-30,546.18,543.1,535.11,537.57,7250
2017-08-31,537.57,538.18,532.03,532.03,15627
2017-09-04,528.96,531.42,517.89,520.35,9138
2017-09-06,522.81,526.5,517.89,520.35,8696
2017-09-07,525.88,525.88,514.81,517.27,8351
2017-09-10,512.96,512.96,496.97,498.2,15664
2017-09-11,498.2,501.28,489.59,495.74,12685
2017-09-12,495.13,495.13,485.9,490.82,11237
2017-09-13,482.83,491.44,470.53,479.14,9664
2017-09-14,482.21,492.05,476.68,489.59,6414
2017-09-17,498.82,507.43,496.36,502.51,7552
2017-09-18,509.89,530.19,505.58,517.27,7521
2017-09-20,517.27,522.81,515.43,519.73,5765
2017-09-24,519.73,519.73,513.58,517.27,2546
2017-09-25,519.73,519.73,514.19,516.66,2990
2017-09-26,522.81,525.27,520.96,525.27,2505
2017-10-03,516.66,522.81,516.66,522.81,195
2017-10-04,522.81,524.04,512.96,516.66,1401
2017-10-08,510.5,510.5,485.9,495.74,6919
2017-10-09,498.2,498.2,491.44,495.13,5741
2017-10-10,492.05,498.2,489.59,495.74,6216
2017-10-11,492.05,501.89,492.05,495.74,4328
2017-10-12,501.28,501.28,492.05,493.28,6465
2017-10-15,492.05,497.59,492.05,492.05,4322
2017-10-16,492.05,510.5,492.05,503.74,13433
2017-10-17,510.5,516.66,501.89,510.5,7141
2017-10-18,507.43,509.27,502.51,505.58,4403
2017-10-22,513.58,513.58,501.28,501.28,2880
2017-10-23,501.28,504.35,500.05,504.35,3519
2017-10-24,504.35,503.12,499.43,501.28,2011
2017-10-25,498.2,500.66,496.36,498.2,14991
2017-10-29,488.36,492.05,482.83,492.05,7009
2017-10-30,492.05,492.05,486.52,490.21,5269
2017-10-31,489.59,492.05,487.13,491.44,3487
2017-11-01,486.52,486.52,479.75,480.37,4295
2017-11-02,479.75,479.75,473.6,476.68,5501
2017-11-05,476.68,479.14,468.68,471.14,6160
2017-11-06,471.14,479.14,467.45,473.6,7515
2017-11-07,473.6,476.68,467.45,467.45,7496
2017-11-08,466.83,466.83,455.15,460.68,13146
2017-11-09,455.15,460.07,449.0,455.15,7909
2017-11-12,455.15,459.45,455.15,458.22,2717
2017-11-13,462.53,467.45,455.76,458.22,5324
2017-11-14,464.37,472.37,461.3,467.45,5559
2017-11-15,476.68,476.68,454.53,458.22,14132
2017-11-16,456.99,459.45,454.53,455.15,9428
2017-11-19,455.15,455.76,443.46,449.0,7396
2017-11-20,445.92,449.61,444.69,449.61,4597
2017-11-21,449.61,456.99,446.54,452.07,2180
2017-11-22,452.07,456.38,452.07,453.92,2217
2017-11-23,453.92,463.76,450.23,458.22,3878
2017-11-26,458.22,466.83,460.68,461.3,2352
2017-11-27,461.3,463.14,458.22,461.3,6728
2017-11-28,461.91,466.22,461.91,464.99,1401
2017-11-29,464.99,469.3,460.68,461.3,11857
2017-11-30,462.53,463.14,456.99,459.45,7450
2017-12-04,461.3,461.3,449.0,452.69,13833
2017-12-05,449.0,455.15,449.0,452.69,10016
2017-12-06,460.68,464.37,458.84,458.84,6571
2017-12-10,467.45,476.68,458.22,463.14,9441
2017-12-11,463.76,464.37,452.07,453.92,8931
2017-12-12,452.69,456.38,447.77,449.0,18243
2017-12-13,449.0,458.22,443.46,456.38,8777
2017-12-14,456.38,459.45,454.53,456.99,11288
2017-12-17,457.89,455.05,440.14,445.11,6792
2017-12-18,443.69,444.4,440.14,440.14,6137
2017-12-19,436.59,440.14,433.04,436.59,6738
2017-12-20,429.49,436.59,429.49,433.04,4289
2017-12-21,433.04,433.04,430.2,432.33,4407
2017-12-24,432.33,437.3,429.49,430.2,6506
2017-12-26,433.04,433.04,425.24,425.95,9074
2017-12-27,424.53,424.53,416.72,419.56,11371
2017-12-28,420.27,422.4,416.72,418.85,9409
2017-12-31,418.85,423.82,415.3,416.72,2746
2018-01-01,422.4,435.17,419.56,435.17,9663
2018-01-02,435.17,440.14,430.2,433.04,12351
2018-01-03,433.75,433.75,422.4,425.95,8889
2018-01-04,426.66,434.46,423.82,425.24,6853
2018-01-07,426.66,428.08,424.53,425.24,6993
2018-01-08,425.95,429.49,425.95,427.37,12622
2018-01-09,427.37,429.49,425.95,425.95,8914
2018-01-10,431.62,431.62,422.4,425.24,12713
2018-01-14,417.43,425.95,417.43,423.11,5927
2018-01-16,422.4,423.82,420.27,421.69,4659
2018-01-17,421.69,423.11,418.14,420.27,3443
2018-01-21,425.24,425.24,418.85,420.27,4218
2018-01-22,420.98,425.24,418.85,421.69,1462
2018-01-23,418.85,419.56,417.43,418.14,3915
2018-01-24,410.33,418.85,410.33,416.72,3331
2018-01-25,418.85,421.69,417.43,420.27,2139
2018-01-28,422.4,425.95,420.98,422.4,6477
2018-01-29,423.11,423.82,418.85,422.4,5011
2018-01-31,423.82,425.95,421.69,421.69,4522
2018-02-01,425.95,425.95,420.98,421.69,6823
2018-02-04,422.4,425.95,420.27,422.4,4455
2018-02-05,423.82,425.24,419.56,419.56,7677
2018-02-06,420.98,420.98,415.3,419.56,2890
2018-02-07,423.82,423.82,416.01,418.14,4143
2018-02-08,416.01,418.85,416.01,418.85,4368
2018-02-11,418.85,422.4,414.59,420.98,5252
2018-02-12,420.27,420.27,416.01,416.72,3354
2018-02-14,422.4,420.27,414.59,418.85,1745
2018-02-15,418.85,428.08,418.85,425.95,17368
2018-02-18,425.95,433.04,421.69,421.69,10335
2018-02-20,416.01,423.82,416.01,419.56,932
2018-02-21,416.01,420.98,416.01,416.72,3425
2018-02-22,415.3,418.85,415.3,417.43,2644
2018-02-25,417.43,417.43,404.65,407.49,6660
2018-02-26,405.36,405.36,401.81,404.65,5312
2018-02-27,407.49,407.49,401.1,404.65,3605
2018-02-28,404.65,404.65,399.68,401.1,4724
2018-03-04,394.0,394.0,379.8,389.03,5199
2018-03-05,389.03,396.13,389.03,392.58,3838
2018-03-06,385.48,397.55,385.48,395.42,8155
2018-03-07,403.23,405.36,398.97,403.94,2913
2018-03-11,403.94,404.65,394.0,394.0,3105
2018-03-12,394.0,401.81,389.74,389.74,9156
2018-03-13,396.84,396.84,389.74,394.0,4984
2018-03-14,396.13,398.97,394.0,398.97,2480
2018-03-15,399.68,399.68,396.84,398.97,990
2018-03-18,392.58,400.39,392.58,393.29,1374
2018-03-19,393.29,396.84,391.87,396.13,1801
2018-03-20,391.16,391.16,381.93,390.45,1806
2018-03-21,384.06,384.06,374.83,376.25,4008
2018-03-22,376.25,386.9,369.15,386.9,11413
2018-03-26,379.8,379.8,365.6,369.86,6781
2018-03-27,362.05,376.25,351.4,376.25,6144
2018-03-28,376.96,390.45,372.7,383.35,4190
2018-03-29,386.9,386.9,379.8,384.06,4411
2018-04-01,377.67,379.8,370.57,379.09,3279
2018-04-02,376.96,376.96,371.99,371.99,2933
2018-04-03,371.99,371.99,366.31,369.86,8921
2018-04-04,370.57,373.41,369.15,369.86,16799
2018-04-05,376.25,376.96,372.7,374.12,24821
2018-04-08,380.51,389.74,376.25,388.32,16540
2018-04-09,395.42,397.55,386.19,391.87,19602
2018-04-10,391.16,399.68,387.61,388.32,8153
2018-04-11,383.35,389.74,383.35,389.74,2343
2018-04-12,388.32,394.0,385.48,390.45,8075
2018-04-15,390.45,390.45,386.9,389.74,3558
2018-04-16,394.0,397.55,390.45,394.71,2938
2018-04-17,394.71,400.39,394.71,399.68,5143
2018-04-18,403.23,422.4,398.26,408.2,6019
2018-04-19,413.88,423.11,408.2,416.72,9519
2018-04-22,415.3,436.59,423.11,436.59,9916
2018-04-23,442.27,450.08,428.08,442.27,16081
2018-04-24,436.59,436.59,423.82,425.24,7520
2018-04-25,422.4,433.04,414.59,420.98,3354
2018-04-26,428.08,429.49,401.1,401.1,8532
2018-04-29,397.55,408.2,397.55,406.07,3428
2018-05-02,403.23,408.2,397.55,408.2,2691
2018-05-03,412.46,414.59,403.94,403.94,5253
2018-05-06,397.55,401.1,394.71,396.84,3731
2018-05-07,396.84,405.36,393.29,398.26,3272
2018-05-08,395.42,399.68,395.42,399.68,5829
2018-05-09,399.68,404.65,397.55,397.55,2979
2018-05-10,397.55,398.97,389.74,397.55,3337
2018-05-14,397.55,397.55,390.45,392.58,4139
2018-05-15,390.45,392.58,386.9,390.45,1322
2018-05-16,398.26,398.26,384.06,390.45,2475
2018-05-17,390.45,398.26,389.03,389.03,1811
2018-05-20,395.42,395.42,385.48,387.61,1349
2018-05-21,387.61,387.61,376.96,382.64,3809
2018-05-22,376.25,383.35,376.25,378.38,7107
2018-05-23,380.51,384.06,379.09,379.09,2506
2018-05-24,379.09,379.09,374.83,376.96,6110
2018-05-27,373.41,374.83,367.02,370.57,10634
2018-05-28,369.15,381.93,365.6,378.38,12777
2018-05-29,383.35,383.35,372.7,376.25,7640
2018-05-30,376.25,383.35,376.25,377.67,5180
2018-05-31,376.25,376.25,372.7,372.7,1320
2018-06-03,369.15,375.54,362.76,364.18,6585
2018-06-04,362.05,365.6,357.08,364.18,3852
2018-06-06,372.7,372.7,358.5,364.18,5920
2018-06-07,372.7,372.7,358.5,364.18,5920
2018-06-10,357.08,358.5,352.11,355.66,7146
2018-06-11,357.79,362.05,352.11,358.5,10916
2018-06-12,354.95,362.05,354.95,355.66,3331
2018-06-13,359.21,361.34,356.37,361.34,3128
2018-06-14,362.76,367.02,362.05,365.6,1741
2018-06-17,365.6,365.6,354.95,356.37,6523
2018-06-18,354.95,358.5,351.4,357.79,1256
2018-06-19,356.37,357.79,354.24,354.95,2623
2018-06-20,354.95,356.37,354.95,355.66,2099
2018-06-21,354.95,360.63,353.53,357.08,2481
2018-06-24,358.5,360.63,354.95,354.95,3080
2018-06-25,352.11,354.95,352.11,354.95,13038
2018-06-26,355.66,356.37,353.53,353.53,9219
2018-06-27,352.82,354.95,349.99,352.11,2875
2018-06-28,354.95,354.95,352.11,352.82,4954
2018-07-01,352.82,354.24,347.86,352.82,10468
2018-07-02,354.95,358.5,354.95,356.37,1337
2018-07-03,351.4,351.4,345.73,347.86,2266
2018-07-04,344.31,351.4,341.47,349.99,6466
2018-07-05,351.4,359.92,347.86,359.21,4818
2018-07-08,359.92,370.57,358.5,364.89,3283
2018-07-09,360.63,360.63,352.82,355.66,1983
2018-07-10,356.37,357.79,354.95,355.66,2073
2018-07-11,355.66,357.08,354.95,357.08,1275
2018-07-12,354.95,362.05,347.86,352.11,6053
2018-07-15,355.66,356.37,351.4,354.24,1109
2018-07-16,354.24,354.24,353.53,354.24,712
2018-07-17,347.86,354.95,347.86,350.69,2146
2018-07-18,352.11,357.08,352.11,354.95,699
2018-07-19,352.82,355.66,351.4,354.95,2531
2018-07-22,352.82,356.37,351.4,352.11,668
2018-07-23,358.5,358.5,351.4,352.11,1610
2018-07-24,357.08,359.92,356.37,358.5,5989
2018-07-25,357.08,358.5,355.66,356.37,1239
2018-07-26,352.11,357.79,352.11,354.95,4251
2018-07-29,354.95,358.5,354.95,357.79,2182
2018-07-30,357.79,359.21,354.95,357.79,6875
2018-07-31,357.79,358.5,356.37,356.37,3497
2018-08-01,358.5,358.5,356.37,358.5,3124
2018-08-02,354.95,358.5,354.95,356.37,1337
2018-08-05,354.95,357.79,352.82,357.08,1980
2018-08-06,357.79,358.5,355.66,358.5,4282
2018-08-07,365.6,365.6,351.4,353.53,3583
2018-08-08,354.95,358.5,353.53,354.95,1625
2018-08-09,354.95,354.95,351.4,352.11,3166
2018-08-12,352.11,352.11,347.86,349.99,1318
2018-08-13,351.4,353.53,351.4,352.11,4599
2018-08-14,352.82,354.95,352.11,354.24,3259
2018-08-15,354.24,360.63,352.82,357.79,3945
2018-08-16,363.47,363.47,358.5,358.5,1571
2018-08-19,357.08,362.05,354.95,361.34,4584
2018-08-20,358.5,358.5,351.4,354.95,3444
2018-08-21,351.4,354.24,350.69,351.4,5245
2018-08-22,351.4,351.4,351.4,351.4,3281
2018-08-23,350.69,352.11,350.69,351.4,6645
2018-08-26,351.4,352.82,350.69,352.82,959
2018-08-28,354.95,354.95,349.28,351.4,1935
2018-08-29,347.86,354.95,347.86,352.82,4269
2018-08-30,351.4,352.11,347.15,349.99,2756
2018-09-02,351.4,356.37,349.28,351.4,5513
2018-09-03,354.95,356.37,353.53,353.53,3296
2018-09-04,355.66,356.37,351.4,353.53,6779
2018-09-05,351.4,363.47,351.4,362.05,10859
2018-09-06,365.6,366.31,354.95,354.95,9443
2018-09-09,358.5,358.5,354.24,354.95,4317
2018-09-10,352.11,354.24,351.4,352.11,6427
2018-09-11,354.95,354.95,352.11,353.53,8302
2018-09-12,352.11,355.66,351.4,355.66,9703
2018-09-13,356.37,356.37,352.82,356.37,11759
2018-09-16,359.21,367.73,358.5,362.05,13288
2018-09-17,360.63,362.05,358.5,359.21,8967
2018-09-18,355.66,362.05,352.11,359.92,4763
2018-09-20,358.5,359.21,354.95,355.66,4445
2018-09-23,353.53,357.08,352.82,354.95,7403
2018-09-25,358.5,363.47,358.5,362.05,7997
2018-09-26,361.34,364.89,358.5,359.92,4135
2018-09-27,359.92,359.92,354.95,355.66,9225
2018-09-30,355.66,360.63,353.53,353.53,2981
2018-10-01,353.53,353.53,347.86,347.86,9199
2018-10-02,354.24,354.24,347.15,348.57,13099
2018-10-03,348.57,349.99,347.15,348.57,9153
2018-10-04,354.95,354.95,344.31,347.86,2982
2018-10-07,347.86,347.86,345.02,347.86,4036
2018-10-08,351.4,351.4,344.31,345.02,5671
2018-10-09,345.02,345.73,344.31,344.31,1477
2018-10-10,344.31,345.02,343.6,344.31,2277
2018-10-11,344.31,346.44,342.18,345.73,1591
2018-10-14,345.73,347.86,344.31,347.86,923
2018-10-15,348.57,353.53,347.86,349.28,2554
2018-10-21,349.28,351.4,346.44,347.86,1995
2018-10-22,347.86,351.4,345.73,345.73,5386
2018-10-23,345.73,347.15,342.89,344.31,8729
2018-10-24,344.31,350.69,344.31,350.69,3201
2018-10-25,350.69,352.82,346.44,352.82,3401
2018-10-28,352.82,352.82,345.02,345.02,1558
2018-10-29,340.76,345.02,338.63,343.6,2671
2018-10-30,340.76,343.6,340.05,342.18,2885
2018-10-31,342.89,346.44,342.18,343.6,957
2018-11-01,342.89,348.57,337.21,343.6,6782
2018-11-04,340.76,340.76,337.21,339.34,2139
2018-11-05,337.92,342.18,337.21,342.18,2488
2018-11-14,339.34,339.34,335.08,335.08,3620
2018-11-15,335.08,336.5,330.11,333.66,6291
2018-11-18,333.66,333.66,317.33,321.59,3573
2018-11-19,323.01,324.43,313.07,318.04,4863
2018-11-20,318.04,319.46,314.49,314.49,1229
2018-11-21,314.49,315.2,309.52,310.94,5750
2018-11-22,312.36,315.91,312.36,312.36,4852
2018-11-25,312.36,312.36,301.71,301.71,4338
2018-11-26,301.71,305.26,297.45,297.45,15838
2018-11-27,297.45,303.84,297.45,297.45,13614
2018-11-28,297.45,298.16,294.61,296.03,8242
2018-11-29,295.36,296.03,289.64,292.48,2978
2018-12-02,292.48,292.48,283.96,284.67,12782
2018-12-03,284.67,288.93,282.54,282.54,10228
2018-12-04,282.54,282.54,276.15,276.86,23526
2018-12-06,276.15,280.41,269.77,279.7,17391
2018-12-09,279.7,282.54,275.44,279.7,15696
2018-12-10,279.7,288.22,277.57,285.38,16918
2018-12-11,285.38,288.93,281.12,282.54,7855
2018-12-12,282.54,287.51,276.86,281.12,6952
2018-12-13,281.12,288.93,281.12,286.8,4585
2018-12-16,286.8,294.61,286.8,289.64,8865
2018-12-17,289.64,291.06,286.8,287.51,8512
2018-12-18,287.51,289.64,285.38,286.8,1818
2018-12-19,286.8,291.06,285.38,286.09,2405
2018-12-20,286.09,286.8,284.67,285.38,8221
2018-12-23,285.38,296.74,285.38,295.32,10210
2018-12-24,295.32,295.32,290.35,292.48,4814
2018-12-25,292.48,292.48,289.64,291.06,2653
2018-12-26,291.06,304.55,291.06,304.55,7006
2018-12-27,304.55,310.23,303.13,303.13,14119
2018-12-30,303.13,308.1,298.87,301.71,1830
2018-12-31,301.71,301.71,298.16,298.16,5340
2019-01-01,298.16,305.97,298.16,301.0,15649
2019-01-02,301.0,301.0,293.69,293.69,4830
2019-01-03,293.69,296.67,291.45,291.45,2976
2019-01-06,291.45,291.45,285.49,289.96,3991
2019-01-07,289.96,294.43,289.96,292.2,1158
2019-01-08,292.2,295.18,290.71,290.71,4006
2019-01-09,290.71,295.18,290.71,292.2,1480
2019-01-10,292.2,294.43,288.47,288.47,7339
2019-01-13,288.47,291.45,288.47,289.22,1345
2019-01-14,289.22,292.2,289.22,289.96,993
2019-01-15,289.96,295.93,289.96,292.2,1736
2019-01-16,292.2,292.2,286.98,286.98,1821
2019-01-17,286.98,292.2,286.98,290.71,1178
2019-01-20,290.71,290.71,287.73,288.47,450
2019-01-21,288.47,297.42,288.47,297.42,6478
2019-01-22,297.42,298.16,292.2,298.16,5471
2019-01-23,298.16,298.16,294.43,297.42,2550
2019-01-24,297.42,297.42,289.96,292.2,3199
2019-01-27,292.2,292.2,283.25,285.49,7692
2019-01-28,285.49,289.96,283.25,283.25,3484
2019-01-29,283.25,286.98,283.25,284.74,5340
2019-01-30,284.74,284.74,283.25,283.25,6132
2019-01-31,283.25,284.74,281.76,284.0,3031
2019-02-03,284.0,285.49,282.51,282.51,3047
2019-02-04,281.02,282.51,280.27,281.02,5795
2019-02-05,283.25,285.49,281.02,284.0,2876
2019-02-06,284.74,285.49,282.51,282.51,2924
2019-02-07,283.25,287.73,282.51,284.0,979
2019-02-10,283.25,284.0,281.76,283.25,1543
2019-02-11,285.49,285.49,280.27,281.02,2389
2019-02-12,282.51,284.0,281.02,284.0,2125
2019-02-13,283.25,284.0,281.02,281.76,2801
2019-02-14,283.25,283.25,281.02,281.02,290
2019-02-17,278.04,281.02,276.54,279.53,2213
2019-02-18,277.29,279.53,275.8,276.54,3343
2019-02-19,279.53,284.0,276.54,282.51,3946
2019-02-20,280.27,284.74,280.27,283.25,2016
2019-02-21,283.25,283.25,278.78,280.27,2358
2019-02-24,280.27,283.25,279.53,279.53,2048
2019-02-25,284.74,284.74,277.29,279.53,3899
2019-02-26,279.53,279.53,275.8,277.29,7230
2019-02-27,279.53,279.53,275.8,279.53,4594
2019-03-03,277.29,280.27,275.8,275.8,4208
2019-03-05,273.56,276.54,272.82,276.54,4892
2019-03-06,276.54,278.04,276.54,278.04,5521
2019-03-07,279.53,284.74,278.04,284.74,6781
2019-03-09,286.98,286.98,280.27,283.25,2465
2019-03-10,286.98,286.98,280.27,283.25,2465
2019-03-11,285.49,291.45,283.25,288.47,4631
2019-03-12,288.47,297.42,288.47,294.43,6983
2019-03-13,299.65,299.65,294.43,294.43,1305
2019-03-14,294.43,294.43,290.71,291.45,6818
2019-03-17,292.2,297.42,292.2,292.2,3236
2019-03-18,292.2,297.42,292.2,293.69,5096
2019-03-19,290.71,294.43,290.71,292.2,274
2019-03-21,294.43,294.43,290.71,292.2,2148
2019-03-24,292.94,293.69,285.49,286.98,3103
2019-03-25,286.98,294.43,285.49,294.43,6754
2019-03-26,294.43,294.43,290.71,291.45,4153
2019-03-27,291.45,294.43,290.71,290.71,4480
2019-03-28,289.96,291.45,289.22,291.45,3379
2019-03-31,296.67,296.67,286.98,288.47,10285
2019-04-01,284.74,292.2,284.74,292.2,6589
2019-04-02,294.43,298.91,294.43,296.67,6596
2019-04-03,295.18,300.4,294.43,296.67,6010
2019-04-04,298.16,301.89,294.43,300.4,13408
2019-04-07,298.16,310.83,298.16,310.83,11263
2019-04-08,310.83,317.54,303.38,313.82,10664
2019-04-09,314.56,316.05,306.36,307.11,11344
2019-04-10,303.38,311.58,303.38,310.83,2502
2019-04-11,313.82,313.82,307.11,307.11,8113
2019-04-15,306.36,309.34,306.36,309.34,1557
2019-04-16,309.34,316.8,309.34,316.8,3364
2019-04-17,316.8,327.98,318.29,325.0,20209
2019-04-18,330.96,346.61,328.72,346.61,20793
2019-04-21,352.58,380.9,348.1,380.9,36288
2019-04-22,387.61,391.34,362.27,370.47,47770
2019-04-23,368.98,384.63,368.98,376.43,20561
2019-04-24,379.41,395.06,376.43,386.12,27529
2019-04-25,387.61,389.1,376.43,378.67,22642
2019-04-28,384.63,387.61,372.7,373.45,18024
2019-04-29,376.43,376.43,365.25,369.72,10964
2019-04-30,372.7,372.7,358.54,358.54,9063
2019-05-02,357.79,366.74,354.07,361.52,7658
2019-05-05,355.56,360.78,354.81,360.78,10515
2019-05-06,361.52,372.7,354.81,370.47,13280
2019-05-07,377.17,377.17,360.03,363.76,6141
2019-05-08,363.76,369.72,357.79,366.74,11125
2019-05-09,360.78,363.01,360.03,360.03,7530
2019-05-12,353.32,363.76,353.32,363.01,14995
2019-05-13,359.28,365.25,359.28,363.76,2938
2019-05-14,363.76,368.98,361.52,361.52,7362
2019-05-15,368.23,374.94,365.99,370.47,28909
2019-05-16,373.45,373.45,364.5,364.5,9503
2019-05-19,360.03,366.74,359.28,359.28,11199
2019-05-20,359.28,361.52,357.79,357.79,7962
2019-05-21,357.79,363.01,357.79,357.79,10509
2019-05-22,360.78,361.52,354.81,354.81,5506
2019-05-23,357.79,364.5,356.3,359.28,13628
2019-05-26,357.79,363.01,351.83,353.32,7066
2019-05-27,354.07,356.3,350.34,352.58,12649
2019-05-28,354.07,357.79,350.34,356.3,4543
2019-05-29,357.79,360.78,351.09,357.79,16477
2019-05-30,364.5,372.7,359.28,363.76,23759
2019-06-02,361.52,363.01,358.54,359.28,5117
2019-06-03,359.28,359.28,351.83,351.83,4953
2019-06-04,351.09,355.56,351.09,354.07,14369
2019-06-06,360.78,360.78,351.83,351.83,11232
2019-06-10,350.34,351.83,346.61,350.34,12681
2019-06-11,348.85,353.32,346.61,348.1,7756
2019-06-12,347.36,351.83,344.38,347.36,17999
2019-06-13,346.61,347.36,344.38,345.87,14022
2019-06-16,345.87,346.61,344.38,344.38,7096
2019-06-17,345.12,348.85,343.63,345.12,11133
2019-06-18,343.63,347.36,342.89,342.89,9113
2019-06-19,342.14,343.63,341.4,343.63,3074
2019-06-20,345.87,346.61,345.12,345.12,6687
2019-06-23,345.12,346.61,344.38,345.87,3172
2019-06-24,345.87,346.61,342.89,346.61,18641
2019-06-25,348.1,348.85,345.87,346.61,4966
2019-06-26,346.61,346.61,341.4,344.38,5778
2019-06-27,341.4,345.87,341.4,344.38,5543
2019-06-30,344.38,346.61,342.89,346.61,7096
2019-07-01,343.63,346.61,343.63,345.87,6370
2019-07-02,342.89,347.36,342.89,347.36,8287
2019-07-03,347.36,357.79,345.12,354.07,7617
2019-07-04,351.09,351.83,348.1,348.1,7806
2019-07-07,345.87,348.1,345.12,347.36,6239
2019-07-08,345.12,346.61,342.89,344.38,5234
2019-07-09,342.89,344.38,341.4,344.38,6693
2019-07-10,342.89,346.61,341.4,342.89,9928
2019-07-11,342.89,344.38,342.14,342.14,6219
2019-07-14,342.89,345.87,342.89,343.63,4191
2019-07-15,349.59,349.59,345.12,345.87,4202
2019-07-16,345.87,349.59,345.12,349.59,2622
2019-07-17,350.34,355.56,350.34,352.58,4849
2019-07-18,352.58,356.3,351.09,352.58,6845
2019-07-21,354.07,354.07,350.34,350.34,5500
2019-07-22,351.83,354.81,350.34,354.07,5825
2019-07-23,350.34,354.07,350.34,352.58,1979
2019-07-24,351.83,360.78,351.83,357.05,9232
2019-07-25,354.07,357.79,350.34,350.34,10784
2019-07-28,343.63,346.61,342.89,342.89,9954
2019-07-29,342.89,347.36,342.89,346.61,2360
2019-07-30,346.61,350.34,346.61,350.34,3580
2019-07-31,348.85,350.34,345.12,346.61,8535
2019-08-01,348.1,348.85,343.63,345.87,6620
2019-08-04,346.61,346.61,344.38,345.87,2842
2019-08-05,347.36,347.36,343.63,345.87,5756
2019-08-06,345.87,349.59,342.14,342.14,14529
2019-08-07,340.65,344.38,339.9,341.4,8984
2019-08-08,342.89,342.89,335.43,335.43,4930
2019-08-11,336.18,339.16,327.98,330.96,6344
2019-08-12,336.92,343.63,331.7,333.2,2552
2019-08-13,331.7,331.7,329.47,331.7,7255
2019-08-14,331.7,333.2,330.21,330.21,6022
2019-08-15,327.98,332.45,327.98,331.7,2810
2019-08-18,331.7,331.7,327.23,327.98,18915
2019-08-19,327.98,339.9,327.23,332.45,5895
2019-08-20,327.23,338.41,327.23,329.47,2123
2019-08-21,329.47,333.94,329.47,331.7,3594
2019-08-22,335.43,336.18,331.7,331.7,5451
2019-08-25,335.43,337.67,330.21,337.67,11045
2019-08-26,332.45,333.94,330.21,333.94,3486
2019-08-27,329.47,335.43,329.47,335.43,7592
2019-08-28,333.94,334.69,330.96,331.7,6177
2019-08-29,329.47,331.7,327.98,331.7,5389
2019-09-01,332.45,334.69,327.98,327.98,4241
2019-09-02,325.74,329.47,322.01,322.01,4586
2019-09-03,322.01,333.2,316.05,327.98,5672
2019-09-04,330.96,333.94,330.96,331.7,3715
2019-09-05,327.98,335.43,327.98,330.96,2971
2019-09-08,335.43,330.96,319.03,322.01,3164
2019-09-09,317.54,322.01,313.07,314.56,14792
2019-09-10,316.8,320.52,313.07,317.54,4264
2019-09-11,318.29,323.51,317.54,317.54,1731
2019-09-12,319.78,319.78,316.05,316.8,1843
2019-09-15,312.32,316.8,310.83,310.83,7658
2019-09-16,307.85,312.32,305.62,305.62,6157
2019-09-17,311.58,315.31,308.6,309.34,4229
2019-09-18,314.56,319.03,300.4,319.03,15597
2019-09-19,319.78,319.78,313.07,313.07,4473
2019-09-22,309.34,309.34,304.87,306.36,3485
2019-09-23,305.62,306.36,301.89,302.63,5483
2019-09-24,299.65,304.87,298.91,300.4,5453
2019-09-26,302.63,302.63,300.4,301.89,2324
2019-09-29,299.65,301.89,299.65,300.4,1324
2019-09-30,299.65,299.65,290.71,295.18,4841
2019-10-01,296.67,305.62,294.43,301.89,6715
2019-10-02,307.85,307.85,301.89,304.12,4519
2019-10-03,304.12,305.62,304.12,304.87,4892
2019-10-10,309.34,309.34,304.12,304.12,1050
2019-10-14,304.12,304.12,295.93,298.16,2159
2019-10-15,298.16,299.65,297.42,299.65,1075
2019-10-16,293.69,299.65,293.69,293.69,1197
2019-10-17,293.69,298.91,293.69,298.16,1357
2019-10-20,298.16,298.16,292.94,297.42,773
2019-10-21,298.16,301.89,298.16,300.4,394
2019-10-22,300.4,301.89,299.65,300.4,3580
2019-10-23,300.4,301.14,299.65,301.14,1771
2019-10-24,303.38,303.38,301.14,302.63,1446
2019-10-31,303.38,305.62,303.38,305.62,2924
2019-11-03,301.14,302.63,301.14,301.89,2651
2019-11-04,303.38,303.38,301.89,301.89,4034
2019-11-05,301.89,302.63,301.89,301.89,995
2019-11-06,301.89,302.63,301.89,302.63,771
2019-11-07,301.89,303.38,301.89,301.89,3497
2019-11-10,301.89,302.63,298.91,302.63,5807
2019-11-11,300.4,305.62,300.4,303.38,2592
2019-11-12,301.89,305.62,299.65,301.89,10507
2019-11-13,301.14,301.14,297.42,297.42,2455
2019-11-14,297.42,302.63,299.65,299.65,4297
2019-11-17,295.93,295.93,290.71,291.45,5510
2019-11-18,291.45,292.2,290.71,291.45,6227
2019-11-19,295.18,295.18,289.96,289.96,4228
2019-11-20,290.71,292.2,290.71,291.45,5890
2019-11-21,291.45,291.45,283.25,285.49,9683
2019-11-24,286.98,286.98,283.25,284.0,4630
2019-11-25,280.27,282.51,277.29,278.78,6097
2019-11-26,284.0,284.74,279.53,283.25,7381
2019-11-27,280.27,287.73,280.27,283.25,4642
2019-11-28,286.24,288.47,284.74,285.49,9527
2019-12-01,280.5,281.29,272.59,274.96,7679
2019-12-02,274.96,274.96,272.59,272.59,2935
2019-12-03,271.8,274.17,271.8,274.17,2403
2019-12-04,274.96,274.96,273.38,274.96,833
2019-12-05,274.96,278.92,273.38,273.38,3138
2019-12-08,274.96,278.13,274.17,274.17,1411
2019-12-09,274.17,284.45,274.17,278.13,4946
2019-12-10,282.87,282.87,280.5,280.5,842
2019-12-11,281.29,284.45,280.5,283.66,1549
2019-12-12,283.66,284.45,281.29,282.08,3039
2019-12-15,283.66,283.66,280.5,283.66,3414
2019-12-16,284.45,284.45,281.29,281.29,3004
2019-12-17,281.29,281.29,275.75,276.54,1349
2019-12-18,275.75,275.75,273.38,274.96,3594
2019-12-19,274.17,278.92,274.17,278.92,5170
2019-12-22,276.54,277.34,274.96,276.54,2386
2019-12-23,276.54,282.08,276.54,282.08,3818
2019-12-24,282.08,284.45,280.5,281.29,2818
2019-12-25,284.45,284.45,277.34,278.13,4174
2019-12-26,279.71,282.87,278.13,279.71,3328
2019-12-29,279.71,280.5,278.92,280.5,878
2019-12-30,280.5,280.5,276.54,280.5,2862
2019-12-31,280.5,280.5,278.13,278.13,4394
2020-01-01,280.5,281.29,278.13,281.29,7846
2020-01-02,280.5,281.29,276.54,278.92,10668
2020-01-05,280.5,293.14,278.92,290.77,12436
2020-01-06,295.51,304.99,290.77,304.99,12770
2020-01-07,305.78,313.68,305.78,313.68,8270
2020-01-08,316.05,316.05,304.99,304.99,21706
2020-01-09,302.62,316.05,299.46,312.1,5159
2020-01-12,315.26,322.37,313.68,316.84,17476
2020-01-13,324.74,331.06,319.21,320.0,14263
2020-01-14,320.0,323.16,315.26,315.26,5998
2020-01-15,316.05,334.22,311.31,321.58,14047
2020-01-16,327.9,331.85,323.95,331.06,13995
2020-01-19,337.38,352.4,328.69,352.4,21342
2020-01-20,357.93,357.93,335.8,338.97,12730
2020-01-21,336.59,339.76,332.64,335.8,11909
2020-01-22,334.22,336.59,331.85,331.85,7661
2020-01-23,332.64,332.64,323.95,323.95,6883
2020-01-26,322.37,322.37,316.05,316.05,4634
2020-01-27,316.05,330.27,316.05,328.69,10325
2020-01-28,323.16,327.11,322.37,323.95,7772
2020-01-29,323.95,323.95,314.47,317.63,8118
2020-01-30,316.84,329.48,316.84,326.32,10888
2020-02-02,331.85,339.76,329.48,335.8,23265
2020-02-03,337.38,339.76,336.59,338.18,23990
2020-02-04,340.55,340.55,328.69,331.85,18677
2020-02-05,330.27,333.43,329.48,332.64,4194
2020-02-06,335.8,335.8,327.11,327.11,2720
2020-02-09,326.32,327.9,322.37,323.16,4465
2020-02-10,323.16,327.9,322.37,322.37,6589
2020-02-11,324.74,330.27,323.95,327.11,10881
2020-02-12,327.11,331.85,323.95,323.95,4272
2020-02-13,323.95,327.11,319.21,319.21,9376
2020-02-16,317.63,326.32,317.63,323.95,16321
2020-02-17,330.27,339.76,330.27,335.01,33663
2020-02-18,335.01,343.71,334.22,338.97,28295
2020-02-19,338.97,339.76,335.01,335.01,13212
2020-02-20,335.01,339.76,332.64,338.97,17873
2020-02-23,343.71,372.15,342.92,372.15,62870
2020-02-24,372.15,393.48,372.94,375.31,68773
2020-02-25,372.15,384.79,368.2,376.89,34609
2020-02-26,384.0,394.27,383.21,389.53,50056
2020-02-27,389.53,428.25,376.89,428.25,81584
2020-03-01,428.25,460.64,420.35,421.93,112352
2020-03-02,414.82,422.72,399.81,399.81,39156
2020-03-03,399.81,426.67,387.95,407.71,85319
2020-03-04,400.6,414.82,380.05,380.05,48427
2020-03-05,372.94,383.21,358.72,367.41,33806
2020-03-10,360.3,360.3,331.06,331.06,20412
2020-03-11,337.38,362.67,334.22,361.88,46476
2020-03-12,361.88,371.36,344.5,347.66,24339
2020-03-15,341.34,343.71,331.06,331.06,34111
2020-03-16,326.32,346.08,326.32,334.22,39016
2020-03-17,334.22,334.22,316.05,325.53,29653
2020-03-18,320.0,343.71,308.94,323.16,22629
2020-03-19,315.26,331.85,310.52,331.85,33945
2020-03-22,325.53,331.85,325.53,325.53,570
2020-05-13,319.21,319.21,319.21,319.21,20
2020-06-29,312.89,312.89,296.3,300.25,6452
2020-06-30,294.72,320.79,294.72,320.0,2296
2020-07-01,326.32,338.97,323.95,338.97,5323
2020-07-02,343.71,343.71,306.57,306.57,6790
2020-07-05,308.15,318.42,304.2,316.05,29562
2020-07-06,312.89,323.95,312.89,322.37,12306
2020-07-07,322.37,337.38,316.84,324.74,11450
2020-07-08,325.53,325.53,318.42,323.16,20567
2020-07-09,316.84,324.74,312.1,321.58,15788
2020-07-12,321.58,326.32,319.21,323.16,17892
2020-07-13,327.11,327.9,320.0,327.11,16602
2020-07-14,325.53,331.06,323.16,330.27,12487
2020-07-15,326.32,349.24,326.32,343.71,22205
2020-07-16,350.03,355.56,346.87,348.45,16404
2020-07-19,354.77,367.41,354.77,367.41,60
2020-07-20,385.58,399.81,359.51,372.15,41242
2020-07-21,365.04,375.31,357.14,357.14,37329
2020-07-22,355.56,359.51,350.03,353.19,15876
2020-07-23,347.66,361.09,346.87,356.35,11033
2020-07-26,357.93,363.46,355.56,363.46,17270
2020-07-27,363.46,365.04,357.14,358.72,21109
2020-07-28,355.56,361.09,355.56,358.72,13670
2020-07-29,355.56,355.56,349.24,351.61,13494
2020-07-30,352.4,370.57,347.66,355.56,17138
2020-08-02,351.61,351.61,341.34,343.71,26316
2020-08-03,339.76,345.29,335.8,340.55,24753
2020-08-05,334.22,338.97,332.64,335.8,7114
2020-08-06,334.22,335.8,327.11,335.8,14567
2020-08-09,331.85,338.97,323.16,331.85,7378
2020-08-10,337.38,346.08,333.43,345.29,17015
2020-08-11,350.82,350.82,338.97,343.71,8017
2020-08-12,346.08,346.08,335.8,342.92,13216
2020-08-13,339.76,341.34,333.43,335.01,8557
2020-08-16,328.69,333.43,322.37,327.9,21864
2020-08-17,327.9,327.9,323.95,325.53,16896
2020-08-18,327.9,329.48,322.37,323.95,7423
2020-08-19,319.21,323.95,318.42,321.58,7040
2020-08-20,321.58,328.69,321.58,323.95,2547
2020-08-23,326.32,329.48,322.37,329.48,3637
2020-08-24,331.85,335.01,329.48,331.06,8293
2020-08-25,336.59,336.59,330.27,335.01,9118
2020-08-26,338.97,342.92,336.59,342.13,29643
2020-08-27,347.66,347.66,340.55,342.92,15769
2020-08-30,342.92,347.66,335.8,338.97,4498
2020-08-31,338.97,345.29,335.8,341.34,14674
2020-09-02,341.34,346.87,338.18,345.29,19318
2020-09-03,351.61,351.61,342.13,343.71,13974
2020-09-06,360.3,360.3,337.38,341.34,22466
2020-09-07,343.71,343.71,329.48,331.85,9212
2020-09-08,333.43,336.59,327.11,332.64,26985
2020-09-09,337.38,337.38,327.9,332.64,21133
2020-09-10,331.85,339.76,329.48,331.06,8702
2020-09-13,331.06,335.8,327.9,335.8,19719
2020-09-14,342.13,342.13,335.8,335.8,17970
2020-09-15,339.76,339.76,335.8,335.8,8377
2020-09-16,331.06,335.01,331.06,333.43,7917
2020-09-17,338.97,350.82,333.43,345.29,28753
2020-09-20,345.29,363.46,343.71,346.08,12399
2020-09-21,346.08,348.45,344.5,346.08,19495
2020-09-22,346.08,346.08,338.97,339.76,13602
2020-09-23,336.59,340.55,336.59,337.38,14852
2020-09-24,338.18,338.97,335.01,335.8,15571
2020-09-27,352.4,355.56,336.59,338.18,31241
2020-09-28,336.59,341.34,336.59,338.18,9458
2020-09-29,338.18,338.18,335.01,336.59,8372
2020-09-30,353.19,353.19,331.85,335.01,15510
2020-10-01,336.59,342.13,335.8,339.76,20032
2020-10-04,346.08,346.08,342.13,343.71,16607
2020-10-05,346.87,346.87,339.76,340.55,14803
2020-10-06,338.97,342.92,336.59,336.59,20350
2020-10-07,335.8,341.34,335.01,338.18,13839
2020-10-08,343.71,343.71,333.43,335.01,21978
2020-10-11,333.43,337.38,330.27,331.85,20792
2020-10-12,331.85,335.01,325.53,334.22,26589
2020-10-13,335.8,337.38,327.9,328.69,12292
2020-10-14,328.69,330.27,327.9,327.9,15362
2020-10-15,334.22,334.22,326.32,326.32,13949
2020-10-18,323.95,327.11,323.95,325.53,10474
2020-10-19,325.53,329.48,323.95,329.48,9432
2020-10-20,333.43,333.43,327.11,332.64,5978
2020-10-21,335.01,335.8,331.06,335.8,15661
2020-10-22,335.8,338.18,329.48,338.18,24045
2020-10-28,344.5,355.56,340.55,352.4,49367
2020-10-29,352.4,363.46,350.82,352.4,47151
2020-11-01,346.08,350.82,342.13,343.71,16671
2020-11-02,340.55,347.66,339.76,340.55,14941
2020-11-03,339.76,341.34,338.18,339.76,11213
2020-11-04,339.76,341.34,338.18,340.55,6214
2020-11-05,340.55,340.55,335.01,336.59,17071
2020-11-08,335.8,337.38,333.43,333.43,28364
2020-11-09,328.69,332.64,328.69,331.85,16991
2020-11-10,335.8,335.8,331.06,334.22,21339
2020-11-11,331.85,339.76,331.06,339.76,18991
2020-11-12,340.55,342.13,331.85,338.18,22772
2020-11-18,331.85,332.64,325.53,327.9,41098
2020-11-19,328.69,333.43,327.9,333.43,44067
2020-11-22,330.27,340.55,326.32,331.85,70509
2020-11-23,332.64,332.64,327.11,327.9,68919
2020-11-24,327.9,330.27,323.95,325.53,39268
2020-11-25,309.73,346.08,309.73,331.06,32702
2020-11-26,346.87,346.87,331.85,339.76,113083
2020-11-29,346.08,371.36,346.08,367.41,154712
2020-11-30,385.58,385.58,352.4,354.77,86123
2020-12-01,349.24,358.72,343.71,347.66,52193
2020-12-02,347.66,348.45,345.29,347.66,31924
2020-12-03,347.66,348.45,341.34,341.34,38255
2020-12-06,335.01,342.13,330.27,330.27,49283
2020-12-07,335.8,342.13,327.9,335.01,28907
2020-12-08,339.76,339.76,326.32,331.06,50135
2020-12-09,327.9,330.27,321.58,323.95,57122
2020-12-10,321.58,331.85,320.79,331.85,34694
2020-12-13,325.53,337.38,325.53,335.01,26947
2020-12-14,341.34,350.82,333.43,339.76,44423
2020-12-15,346.08,346.08,334.22,338.97,28445
2020-12-16,355.56,355.56,332.64,334.22,18609
2020-12-17,338.18,338.18,331.85,333.43,27475
2020-12-20,337.38,337.38,320.0,320.0,55879
2020-12-21,317.63,327.9,308.94,323.95,36532
2020-12-22,328.69,331.06,322.37,329.48,47786
2020-12-23,331.85,333.43,323.95,328.69,51638
2020-12-24,331.85,339.76,327.11,331.06,42471
2020-12-27,337.38,337.38,323.16,327.11,21932
2020-12-28,321.58,325.53,321.58,323.95,14681
2020-12-29,339.76,339.76,321.58,322.37,49368
2020-12-31,340.04,355.95,329.15,340.88,93964
2021-01-03,357.63,357.63,345.06,351.77,84299
2021-01-04,358.47,360.14,344.23,348.42,42720
2021-01-05,352.6,352.6,343.39,349.25,26521
2021-01-06,351.77,352.6,348.42,352.6,56120
2021-01-07,348.42,356.79,347.58,353.44,82189
2021-01-10,355.95,370.19,352.6,365.17,182391
2021-01-11,367.68,391.97,367.68,382.75,205247
2021-01-12,385.27,406.21,376.89,405.37,119594
2021-01-13,411.23,411.23,387.78,390.29,93017
2021-01-17,390.29,393.64,376.89,379.4,61837
2021-01-18,381.08,386.94,376.05,376.05,43175
2021-01-19,375.22,378.57,366.0,373.54,67283
2021-01-20,355.12,378.57,355.12,370.19,41214
2021-01-21,370.19,384.43,365.17,368.52,42776
2021-01-24,386.94,386.94,368.52,372.7,61663
2021-01-25,374.38,379.4,367.68,374.38,86106
2021-01-26,374.38,381.08,368.52,373.54,71925
2021-01-27,391.97,391.97,369.35,373.54,89624
2021-01-28,372.7,373.54,363.49,366.84,72139
2021-01-31,360.14,366.0,351.77,351.77,38218
2021-02-01,358.47,363.49,350.09,352.6,27025
2021-02-02,358.47,360.98,353.44,358.47,56724
2021-02-03,364.33,366.0,355.95,360.14,54559
2021-02-04,366.84,366.84,353.44,353.44,41417
2021-02-07,360.14,360.14,350.09,353.44,61664
2021-02-08,371.03,371.03,351.77,358.47,55943
2021-02-09,365.17,367.68,358.47,359.3,36817
2021-02-10,379.4,379.4,355.95,363.49,24163
2021-02-11,369.35,369.35,358.47,364.33,61977
2021-02-14,368.52,368.52,354.28,360.14,57351
2021-02-15,360.14,366.84,358.47,361.82,52494
2021-02-16,379.4,379.4,361.82,364.33,119201
2021-02-17,360.14,389.45,359.3,375.22,138431
2021-02-18,376.89,385.27,374.38,381.08,113213
2021-02-21,381.08,387.78,374.38,376.89,70249
2021-02-22,387.78,387.78,365.17,366.84,46423
2021-02-23,360.14,370.19,355.12,363.49,24941
2021-02-24,381.08,381.08,360.14,365.17,26410
2021-02-25,367.68,367.68,355.12,359.3,42281
2021-02-28,357.63,359.3,350.93,351.77,76641
2021-03-01,347.58,355.95,347.58,353.44,23508
2021-03-02,355.95,355.95,345.9,351.77,37949
2021-03-03,358.47,358.47,342.55,349.25,26690
2021-03-04,351.77,352.6,345.06,350.93,26254
2021-03-08,350.93,351.77,344.23,349.25,15500
2021-03-09,350.09,350.09,343.39,344.23,31650
2021-03-10,349.25,349.25,341.71,342.55,10612
2021-03-14,342.55,344.23,336.69,340.04,23240
2021-03-15,337.53,343.39,337.53,339.2,13178
2021-03-16,343.39,345.9,335.85,339.2,28245
2021-03-17,345.9,345.9,339.2,340.04,12005
2021-03-18,340.88,345.9,340.88,341.71,11474
2021-03-21,341.71,360.98,341.71,345.9,32122
2021-03-22,352.6,352.6,343.39,343.39,23706
2021-03-23,343.39,344.23,340.88,342.55,18670
2021-03-24,343.39,346.74,341.71,343.39,38474
2021-03-25,343.39,344.23,341.71,342.55,31652
2021-03-29,341.71,343.39,338.36,340.04,18220
2021-03-30,340.04,340.88,337.53,340.04,21415
2021-03-31,343.39,354.28,340.88,343.39,50758
2021-04-01,350.09,352.6,344.23,351.77,82973
2021-04-04,355.12,355.95,345.9,353.44,31503
2021-04-05,357.63,357.63,344.23,346.74,16410
2021-04-06,346.74,350.09,342.55,345.06,25005
2021-04-07,343.39,347.58,343.39,345.06,13159
2021-04-08,351.77,351.77,342.55,345.9,20220
2021-04-12,345.9,346.74,340.88,346.74,22439
2021-04-13,349.25,353.44,345.06,352.6,61001
2021-04-15,355.95,364.33,352.6,361.82,75234
2021-04-18,364.33,364.33,350.93,354.28,34253
2021-04-19,350.09,351.77,348.42,350.93,14655
2021-04-20,349.25,350.93,347.58,347.58,31684
2021-04-21,347.58,348.42,345.06,345.9,27381
2021-04-22,345.9,345.9,342.55,343.39,28524
2021-04-25,343.39,343.39,339.2,339.2,23822
2021-04-26,340.04,340.04,332.5,332.5,37147
2021-04-27,334.18,354.28,331.66,338.36,21190
2021-04-28,335.01,335.85,329.15,329.99,33638
2021-04-29,330.83,335.01,328.31,332.5,18246
2021-05-02,335.01,335.01,330.83,335.01,23761
2021-05-03,339.2,339.2,331.66,333.34,21198
2021-05-04,337.53,337.53,330.83,332.5,13737
2021-05-05,329.15,335.01,329.15,330.83,22289
2021-05-06,329.99,330.83,328.31,329.15,26405
2021-05-09,329.15,335.85,329.15,331.66,22825
2021-05-10,330.83,333.34,330.83,331.66,10973
2021-05-11,331.66,338.36,326.64,330.83,49566
2021-05-12,332.5,336.69,329.15,332.5,20675
2021-05-13,331.66,334.18,331.66,332.5,22234
2021-05-16,338.36,338.36,330.83,334.18,60652
2021-05-17,335.01,341.71,333.34,334.18,35962
2021-05-18,335.01,338.36,334.18,335.85,44672
2021-05-19,336.69,348.42,336.69,342.55,59847
2021-05-20,343.39,349.25,341.71,346.74,46047
2021-05-23,345.06,349.25,336.69,349.25,43845
2021-05-24,332.5,366.0,332.5,352.6,99210
2021-05-25,352.6,353.44,343.39,345.9,35727
2021-05-27,345.9,349.25,340.88,344.23,32951
2021-05-30,345.06,350.93,342.55,343.39,57280
2021-05-31,349.25,349.25,341.71,341.71,64680
2021-06-01,339.2,343.39,339.2,340.88,37019
2021-06-02,343.39,343.39,338.36,341.71,58676
2021-06-03,345.9,350.93,340.88,348.42,116726
2021-06-06,355.95,366.84,355.12,359.3,265933
2021-06-07,364.33,366.0,351.77,353.44,108410
2021-06-08,355.95,360.14,351.77,355.12,113779
2021-06-09,360.14,361.82,351.77,352.6,50091
2021-06-10,348.42,354.28,342.55,348.42,54711
2021-06-13,351.77,351.77,340.88,347.58,67430
2021-06-14,347.58,370.19,347.58,362.65,268473
2021-06-15,368.52,372.7,357.63,357.63,97663
2021-06-16,357.63,366.84,356.79,360.98,125930
2021-06-17,378.57,378.57,352.6,353.44,56526
2021-06-20,353.44,353.44,345.06,347.58,95522
2021-06-21,345.06,350.09,340.04,340.88,57222
2021-06-22,342.55,352.6,340.88,350.09,46011
2021-06-23,345.9,350.93,341.71,343.39,41732
2021-06-24,343.39,345.9,340.04,343.39,46659
2021-06-27,343.39,352.6,338.36,347.58,46675
2021-06-28,351.77,352.6,344.23,345.9,24057
2021-06-29,350.93,350.93,343.39,343.39,28686
2021-06-30,343.39,346.74,341.71,345.06,23693
2021-07-01,345.06,348.42,343.39,345.06,23639
2021-07-04,341.71,347.58,341.71,344.23,22170
2021-07-05,340.04,344.23,340.04,341.71,15008
2021-07-06,340.04,345.06,339.2,340.04,20296
2021-07-07,346.74,346.74,339.2,339.2,22529
2021-07-08,340.04,341.71,337.53,340.88,19634
2021-07-11,346.74,347.58,341.71,345.9,29179
2021-07-12,350.93,350.93,341.71,342.55,40285
2021-07-13,340.04,347.58,340.04,345.06,16766
2021-07-14,343.39,345.06,341.71,342.55,10492
2021-07-15,342.55,345.9,341.71,342.55,35759
2021-07-18,347.58,360.14,345.9,357.63,98206
2021-07-19,364.75,368.52,356.46,357.63,68978
2021-07-20,364.33,364.33,349.25,350.93,43575
2021-07-22,355.12,357.63,347.58,355.12,103383
2021-07-25,362.15,380.16,356.79,369.35,300429
2021-07-26,376.72,376.72,364.41,366.84,115082
2021-07-27,360.14,370.19,354.28,369.77,75021
2021-07-28,375.22,375.22,364.33,365.58,75545
2021-07-29,358.55,365.58,358.55,360.14,48276
2021-08-01,360.14,365.17,356.79,358.47,67864
2021-08-02,362.65,363.49,355.12,356.79,40086
2021-08-03,356.79,360.14,354.7,355.95,35229
2021-08-04,362.65,363.91,354.28,355.95,39884
2021-08-05,359.3,360.14,352.6,353.44,43891
2021-08-08,355.95,358.47,351.77,355.95,54413
2021-08-09,354.28,355.95,351.77,352.52,33403
2021-08-10,352.6,370.19,351.77,360.14,63944
2021-08-11,360.14,366.84,355.12,355.95,29509
2021-08-12,355.95,360.14,354.28,357.63,62765
2021-08-15,360.14,360.14,349.25,355.95,67594
2021-08-16,349.25,349.25,341.46,343.81,138377
2021-08-17,339.2,343.31,335.01,335.94,137752
2021-08-18,335.01,339.2,332.75,336.69,70910
2021-08-19,336.69,346.74,335.01,335.85,46906
2021-08-24,339.2,339.2,331.66,333.34,34748
2021-08-25,332.5,332.5,325.47,328.23,55489
2021-08-26,334.18,334.18,325.8,329.15,33732
2021-08-29,329.15,329.15,322.45,326.64,51282
2021-08-31,326.64,328.31,318.26,323.29,61136
2021-09-01,328.31,329.15,318.26,320.78,46379
2021-09-02,326.64,326.64,320.94,323.29,28557
2021-09-05,329.15,329.15,318.43,321.61,65310
2021-09-06,326.64,329.91,318.52,326.64,33288
2021-09-07,333.17,333.17,316.59,321.78,19487
2021-09-08,328.15,328.15,318.26,319.94,20761
2021-09-09,325.8,330.83,318.77,320.78,13400
2021-09-12,320.78,322.45,317.51,319.94,29515
2021-09-13,321.61,326.56,318.26,319.1,25150
2021-09-14,324.96,324.96,317.26,320.36,24598
2021-09-15,320.78,320.78,317.51,318.26,17560
2021-09-16,314.33,315.75,309.89,312.4,45463
2021-09-20,312.82,312.82,300.42,301.51,37307
2021-09-21,299.84,307.38,293.98,301.51,27219
2021-09-22,307.38,312.4,304.03,310.73,14883
2021-09-23,316.59,318.26,309.89,314.91,30518
2021-09-26,314.91,315.75,306.54,309.89,12489
2021-09-27,304.86,305.78,299.0,305.7,19456
2021-09-28,305.62,305.62,294.9,299.84,13632
2021-09-29,305.7,305.7,294.06,299.0,10152
2021-09-30,304.86,304.86,294.81,299.0,10612
2021-10-03,294.9,297.33,293.14,294.81,11563
2021-10-04,294.81,297.33,287.27,293.14,14862
2021-10-05,287.61,298.16,287.61,294.98,5736
2021-10-06,295.65,298.16,292.3,297.16,21845
2021-10-10,303.02,303.19,291.46,294.81,12900
2021-10-11,294.81,300.68,294.81,299.0,5502
2021-10-17,299.0,299.84,293.14,299.0,6495
2021-10-18,295.23,300.68,293.14,293.14,11264
2021-10-19,293.14,293.14,277.48,284.76,34314
2021-10-20,290.46,291.46,284.76,290.46,12863
2021-10-21,288.95,291.46,285.6,290.21,11114
2021-10-24,290.21,291.46,286.44,289.7,9776
2021-10-25,293.14,295.4,284.76,293.14,14799
2021-10-26,297.16,299.0,291.3,293.14,31353
2021-10-27,295.65,298.08,289.79,293.14,23111
2021-10-28,288.95,293.98,288.95,290.63,18284
2021-10-31,293.14,297.33,289.79,293.14,32362
2021-11-01,299.0,304.19,293.14,297.24,38192
2021-11-02,297.24,297.33,293.98,295.65,5376
2021-11-03,301.43,305.7,297.33,298.16,25974
2021-11-08,301.51,305.37,295.73,300.68,24684
2021-11-09,300.68,303.19,296.15,300.68,42664
2021-11-11,295.65,297.33,291.55,291.55,26504
2021-11-14,291.46,303.27,288.2,294.81,9700
2021-11-15,297.33,297.33,291.46,296.49,6509
2021-11-16,293.98,301.85,290.63,301.51,23596
2021-11-17,301.51,301.51,295.73,298.16,13158
2021-11-18,298.16,299.0,293.14,296.24,8715
2021-11-21,294.81,299.0,293.98,295.23,8971
2021-11-22,291.04,301.51,291.04,298.25,15456
2021-11-23,293.14,299.0,293.14,295.06,6271
2021-11-24,289.79,291.3,279.74,289.79,80223
2021-11-25,284.01,295.65,279.82,293.14,40078
2021-11-28,287.27,306.54,284.93,301.51,65928
2021-11-29,295.48,301.51,295.48,296.57,11556
2021-11-30,291.46,296.49,288.11,294.81,17838
2021-12-01,294.81,305.7,294.81,297.33,44224
2021-12-02,297.33,302.35,293.98,302.35,18857
2021-12-05,301.51,301.51,293.14,294.39,48982
2021-12-06,298.16,298.16,289.79,290.21,32544
2021-12-07,295.65,295.99,291.46,292.3,6470
2021-12-08,287.36,296.49,284.76,296.4,32821
2021-12-09,296.4,303.19,291.46,302.27,30846
2021-12-12,300.68,300.68,293.14,295.65,15126
2021-12-13,289.79,299.25,284.01,294.14,28598
2021-12-14,297.49,297.49,288.95,297.33,4047
2021-12-15,297.33,298.16,288.11,297.24,7086
2021-12-16,303.1,303.1,292.38,294.81,7553
2021-12-20,293.14,295.65,290.63,293.98,32790
2021-12-21,293.14,301.51,290.63,298.92,44412
2021-12-22,304.87,310.33,299.06,304.7,19689
2021-12-23,300.88,305.13,299.15,303.4,16505
2021-12-26,305.82,305.91,301.66,301.75,19411
2021-12-27,302.1,303.4,299.5,299.5,8945
2021-12-28,303.4,303.4,299.06,299.15,57399
2021-12-29,299.24,301.23,294.82,299.06,20738
2022-01-02,301.66,304.26,299.06,303.4,10664
2022-01-03,305.91,305.91,299.24,304.18,5247
2022-01-04,300.88,334.52,300.8,333.74,73964
2022-01-05,339.81,340.41,318.39,324.12,34112
2022-01-06,324.12,339.81,317.27,338.94,58906
2022-01-09,342.41,345.01,333.74,339.81,33363
2022-01-10,339.81,347.43,333.74,341.45,91973
2022-01-11,335.47,340.24,334.6,334.6,21110
2022-01-12,334.6,340.67,329.4,332.0,41127
2022-01-13,333.74,334.17,326.8,332.78,20126
2022-01-16,332.78,338.5,328.54,331.14,23332
2022-01-17,337.72,353.67,335.56,351.07,164720
2022-01-18,357.06,362.34,351.07,362.34,114884
2022-01-19,365.81,365.81,348.91,351.85,40717
2022-01-20,347.61,351.94,345.01,350.21,41592
2022-01-23,346.74,356.97,346.74,353.67,72858
2022-01-24,347.61,351.07,337.2,343.19,102382
2022-01-25,338.07,343.19,333.74,343.19,13132
2022-01-26,342.41,345.87,334.6,336.34,24181
2022-01-27,333.74,338.07,333.74,336.34,16629
2022-01-30,342.41,348.47,336.42,345.79,25771
2022-01-31,345.01,345.01,333.91,342.41,16218
2022-02-01,337.2,347.43,333.74,344.57,16084
2022-02-03,346.74,347.61,338.94,345.01,41619
2022-02-06,339.81,341.54,332.18,341.54,10655
2022-02-07,338.16,340.67,335.04,336.34,5421
2022-02-08,343.01,349.34,333.74,335.38,20372
2022-02-09,334.6,336.34,331.31,332.52,14206
2022-02-10,332.0,335.47,326.8,332.87,11463
2022-02-13,326.89,329.4,317.7,323.34,18616
2022-02-14,329.4,329.4,319.0,324.2,5889
2022-02-15,321.69,329.75,318.13,322.47,46769
2022-02-16,328.54,335.38,323.34,329.4,5838
2022-02-17,329.4,329.4,322.47,324.2,4677
2022-02-20,320.65,320.73,312.07,318.05,14190
2022-02-21,314.67,323.6,313.8,323.6,10271
2022-02-22,327.58,327.67,315.53,319.0,6816
2022-02-23,320.73,320.73,312.93,320.73,4929
2022-02-24,314.32,314.32,308.6,312.07,9716
2022-02-27,312.07,318.31,305.82,311.2,10963
2022-02-28,309.47,310.33,303.48,306.86,5130
2022-03-02,305.13,306.86,301.66,306.0,7801
2022-03-06,303.4,306.0,300.02,305.13,4132
2022-03-07,307.82,307.82,301.66,302.44,6704
2022-03-09,299.06,301.66,294.73,296.46,4569
2022-03-10,294.73,303.4,294.73,303.4,11456
2022-03-13,299.93,310.77,299.06,310.33,4992
2022-03-14,306.86,310.42,304.44,310.42,5001
2022-03-15,316.4,316.4,307.73,309.9,15839
2022-03-16,306.43,312.07,306.0,312.07,8434
2022-03-20,311.2,311.2,305.13,308.6,3486
2022-03-21,307.73,315.62,303.48,315.62,14567
2022-03-22,316.4,316.4,308.69,315.53,5222
2022-03-23,313.8,313.8,305.13,307.73,23031
2022-03-24,307.73,307.73,304.35,304.44,6093
2022-03-27,300.88,307.3,300.88,301.66,20604
2022-03-28,303.4,303.4,296.46,300.8,4282
2022-03-29,300.8,301.14,297.33,299.84,3806
2022-03-30,296.46,300.8,295.16,299.93,7493
2022-03-31,301.66,301.66,294.82,295.6,16233
2022-04-03,295.6,297.33,292.22,297.24,3883
2022-04-04,293.0,297.33,292.39,297.33,4491
2022-04-05,292.13,297.94,290.39,294.73,13135
2022-04-06,294.73,297.33,290.39,294.73,26992
2022-04-07,295.6,297.33,292.13,296.03,15596
2022-04-11,296.46,301.66,287.79,294.64,13494
2022-04-12,290.39,291.26,285.19,286.15,14978
2022-04-13,290.39,301.66,283.03,301.66,13794
2022-04-17,307.65,307.65,287.79,292.13,2305
2022-04-18,286.93,291.26,280.86,286.06,8304
2022-04-19,286.06,291.26,280.95,286.06,17107
2022-04-20,280.69,290.39,280.51,280.86,11890
2022-04-21,286.41,286.41,277.39,286.06,24466
2022-04-24,291.26,299.06,286.06,298.2,15928
2022-04-25,295.6,296.55,287.27,293.43,6888
2022-04-26,288.05,296.46,288.05,293.86,10208
2022-04-27,290.39,290.39,281.73,290.39,3464
2022-04-28,293.86,293.86,286.06,290.39,5468
2022-05-02,286.93,286.93,283.46,286.06,4761
2022-05-04,280.51,283.46,280.43,280.86,5475
2022-05-05,281.73,281.73,276.7,280.86,7541
2022-05-08,275.31,279.73,274.79,279.13,8267
2022-05-09,284.67,284.67,278.26,279.13,5040
2022-05-10,279.13,282.59,276.87,281.73,3694
2022-05-11,285.19,285.19,280.43,284.24,3206
2022-05-12,279.56,287.79,279.13,285.19,7724
2022-05-17,285.19,285.19,274.79,281.73,5969
2022-05-18,276.79,282.59,275.66,282.51,10946
2022-05-19,276.96,280.86,275.66,278.26,8695
2022-05-20,278.26,278.26,272.88,277.39,865
2022-05-23,272.28,277.57,268.72,270.46,7201
2022-05-24,270.46,273.06,266.99,273.06,10067
2022-05-25,273.06,274.62,269.59,274.62,8050
2022-05-26,276.53,277.39,271.32,277.39,3527
2022-05-27,279.13,279.13,272.19,277.22,6752
2022-05-30,273.06,273.06,260.06,268.72,28192
2022-05-31,263.52,266.99,260.06,266.12,5108
2022-06-01,264.39,264.39,259.19,262.66,8163
2022-06-02,261.79,261.79,259.19,259.88,5191
2022-06-03,265.0,265.0,254.85,257.37,33389
2022-06-06,259.19,259.19,253.12,256.5,5214
2022-06-07,255.72,255.72,249.91,254.59,8774
2022-06-08,259.19,259.19,248.96,257.45,11363
2022-06-09,262.57,266.12,253.12,256.59,7470
2022-06-10,261.7,261.7,249.83,256.59,3341
2022-06-13,261.7,261.7,251.56,256.59,2061
2022-06-14,261.62,261.62,251.91,254.85,1557
2022-06-15,259.88,259.88,246.36,247.05,9156
2022-06-16,244.45,252.17,244.45,250.52,7833
2022-06-17,255.46,255.46,248.79,253.99,35607
2022-06-19,249.65,249.65,244.54,246.19,11046
2022-06-20,248.79,248.79,238.04,238.04,10214
2022-06-21,235.96,246.62,235.87,240.12,4569
2022-06-22,244.89,249.65,236.65,236.65,2757
2022-06-23,241.33,246.1,233.18,236.65,4417
2022-06-24,241.33,241.33,227.98,240.98,4657
2022-06-26,245.75,250.52,240.12,250.52,6325
2022-06-27,255.46,260.23,242.02,251.3,8640
2022-06-28,255.72,256.24,238.9,251.39,3346
2022-06-29,255.72,255.72,246.27,251.21,3587
2022-06-30,256.15,260.06,245.75,256.59,16073
2022-07-01,259.01,266.12,251.56,255.72,3964
2022-07-03,251.39,265.95,242.98,259.97,16976
2022-07-04,265.08,265.08,254.25,258.15,55080
2022-07-05,263.26,263.26,250.52,250.52,24701
2022-07-06,253.12,253.12,246.36,247.05,6433
2022-07-07,251.99,251.99,242.11,242.72,9754
2022-07-08,242.72,247.05,230.32,241.85,44848
2022-07-11,246.19,251.04,217.67,233.88,18772
2022-07-12,236.56,236.56,225.38,235.78,30872
2022-07-13,234.05,257.02,225.38,253.38,84776
2022-07-14,248.35,255.72,242.72,246.19,217186
2022-07-15,246.19,250.52,232.06,244.71,151389
2022-07-17,240.12,244.45,234.05,244.45,15165
2022-07-18,247.05,247.05,238.38,244.45,4906
2022-07-19,239.6,248.7,239.6,247.05,58127
2022-07-20,251.39,251.39,242.11,243.58,46383
2022-07-21,248.44,253.12,240.12,242.72,144565
2022-07-22,247.05,247.05,238.38,239.25,11193
2022-07-24,239.25,249.48,238.82,244.45,134761
2022-07-25,247.83,251.39,242.11,245.32,136066
2022-07-26,244.45,244.45,236.3,241.85,17215
2022-07-27,245.32,245.32,238.56,241.76,10790
2022-07-28,242.72,247.05,238.38,240.98,35164
2022-07-29,241.85,245.23,238.64,245.23,7456
2022-07-31,240.38,266.12,240.38,266.12,111860
2022-08-01,266.99,280.86,260.06,275.66,134267
2022-08-02,279.99,279.99,266.99,272.19,35570
2022-08-03,277.57,277.57,262.66,264.39,63539
2022-08-04,262.66,262.66,254.07,254.85,56457
2022-08-05,259.19,259.19,251.56,252.25,13418
2022-08-07,251.39,268.72,251.39,254.85,21200
2022-08-08,258.32,264.39,258.32,261.79,42044
2022-08-09,261.79,266.9,253.12,253.99,15582
2022-08-10,257.45,258.32,246.88,251.39,8269
2022-08-11,254.85,254.85,246.45,248.79,9878
2022-08-14,248.79,251.39,241.85,246.88,7739
2022-08-15,246.19,251.04,242.72,251.04,8265
2022-08-16,255.98,260.92,247.66,250.52,8445
2022-08-17,251.39,251.39,246.45,250.52,5672
2022-08-18,254.59,254.59,247.92,251.3,16092
2022-08-21,256.24,258.15,248.09,249.65,9347
2022-08-22,254.59,254.59,244.97,249.65,2145
2022-08-23,244.8,251.39,244.8,251.39,8156
2022-08-24,255.72,255.72,247.23,249.65,7548
2022-08-25,253.99,253.99,245.58,247.92,2102
2022-08-26,251.39,251.39,242.11,246.62,2381
2022-08-28,241.94,245.32,237.6,239.25,8133
2022-08-29,236.82,244.89,236.82,240.98,6224
2022-08-30,245.32,246.88,240.98,242.63,10843
2022-08-31,247.4,247.4,237.52,240.03,3857
2022-09-01,235.87,237.6,234.92,237.52,2986
2022-09-02,242.2,245.06,235.87,240.12,1203
2022-09-04,244.8,244.89,237.52,241.85,4881
2022-09-05,242.72,242.72,237.52,238.38,2257
2022-09-06,238.38,238.38,234.05,238.38,11500
2022-09-07,237.52,237.52,229.98,236.65,2850
2022-09-08,238.38,238.38,230.84,234.05,3529
2022-09-11,234.05,238.47,230.32,233.96,6723
2022-09-12,238.56,238.56,229.8,235.7,4946
2022-09-13,234.05,239.94,234.05,238.3,987
2022-09-14,240.9,240.98,237.43,240.98,8353
2022-09-15,236.65,240.98,232.32,235.78,6854
2022-09-16,231.45,234.83,230.58,234.83,2530
2022-09-18,230.15,231.45,222.61,229.72,17768
2022-09-20,225.38,225.38,220.18,223.56,16421
2022-09-21,227.98,227.98,221.05,222.69,9753
2022-09-22,225.38,225.38,221.05,225.03,6118
2022-09-25,221.22,228.85,217.58,227.81,6947
2022-09-27,232.32,232.32,223.65,226.68,6260
2022-09-28,231.1,231.1,222.78,227.11,2513
2022-09-29,226.25,229.72,224.43,228.41,3070
2022-10-09,227.98,232.58,227.98,232.58,1132
2022-10-10,237.17,241.76,225.38,232.58,9372
2022-10-11,232.58,232.58,223.65,231.36,9974
2022-10-12,227.11,229.72,223.65,229.46,58164
2022-10-13,228.85,230.15,226.85,229.72,7485
2022-10-16,225.38,238.99,224.51,238.38,7676
2022-10-17,238.38,238.38,229.46,236.65,14198
2022-10-19,231.97,236.56,227.72,232.32,35276
2022-10-20,228.85,232.32,227.81,230.5,18579
2022-10-23,234.83,234.92,229.98,231.45,2583
2022-10-31,234.92,251.39,234.92,250.52,54831
2022-11-01,245.58,257.45,245.58,254.77,32604
2022-11-02,253.99,257.97,250.09,255.37,35141
2022-11-03,253.9,253.99,241.94,250.35,104476
2022-11-06,253.99,267.86,248.96,267.77,37602
2022-11-07,262.66,262.66,254.42,260.06,82123
2022-11-08,255.11,259.19,253.12,259.19,19989
2022-11-09,256.59,257.45,252.69,253.99,16013
2022-11-10,258.93,258.93,247.05,253.03,7561
2022-11-13,252.34,252.34,241.85,246.27,7847
2022-11-14,248.79,250.52,244.02,250.43,10441
2022-11-15,249.65,249.65,245.84,248.35,9737
2022-11-16,248.35,251.39,248.35,250.52,14633
2022-11-17,254.77,255.72,250.52,255.72,10541
2022-11-22,260.75,260.75,250.61,251.39,10959
2022-11-23,255.72,255.72,250.26,253.9,8877
2022-11-24,253.9,254.85,250.95,254.85,13161
2022-11-27,254.85,263.52,254.85,262.83,33594
2022-11-28,265.17,265.26,260.06,262.66,43054
2022-11-29,257.45,257.45,249.13,253.12,12213
2022-11-30,249.22,253.99,248.87,249.65,17588
2022-12-01,251.39,255.72,247.05,253.03,13356
2022-12-04,248.79,255.72,248.79,251.39,6649
2022-12-05,251.39,251.39,247.23,249.48,12120
2022-12-06,245.41,249.65,245.32,247.92,8846
2022-12-07,251.3,251.39,244.02,247.92,6612
2022-12-11,244.54,246.19,240.29,243.58,9412
2022-12-12,241.42,245.75,238.82,245.75,14425
2022-12-13,244.45,244.45,240.12,241.85,3600
2022-12-14,241.85,241.85,237.52,241.85,2204
2022-12-15,238.47,241.85,238.47,241.76,4127
2022-12-18,238.38,240.98,233.96,240.98,6626
2022-12-19,242.72,242.72,234.05,236.56,17304
2022-12-20,234.92,237.52,234.05,236.22,14077
2022-12-21,236.65,245.32,234.92,242.2,4595
2022-12-22,240.98,242.63,238.64,242.28,12591
2022-12-26,245.32,249.57,241.85,249.22,9629
2022-12-27,249.31,260.06,249.31,256.93,59094
2022-12-28,254.46,257.14,251.79,256.52,11295
2022-12-29,259.37,260.71,250.18,260.71,26096
2023-01-01,255.54,278.57,255.54,265.62,46884
2023-01-02,270.45,273.21,263.39,269.2,50746
2023-01-03,269.2,269.64,266.07,266.96,14027
2023-01-04,264.37,275.36,263.48,272.32,36837
2023-01-05,272.32,275.0,267.95,272.32,291154
2023-01-08,268.48,277.68,268.48,271.87,44768
2023-01-09,272.32,278.57,268.75,278.57,45566
2023-01-10,283.84,293.21,278.57,290.18,142916
2023-01-12,294.64,294.64,278.57,285.09,55089
2023-01-17,280.36,288.39,275.0,284.37,33634
2023-01-18,282.14,287.5,279.55,284.55,70555
2023-01-19,280.45,291.43,280.45,291.43,40382
2023-01-23,292.86,308.04,292.32,302.68,129222
2023-01-24,308.04,308.04,293.3,300.89,88985
2023-01-25,303.57,303.57,295.09,296.87,29392
2023-01-26,296.87,308.04,294.02,308.04,33603
2023-01-29,307.05,307.14,293.75,295.54,45986
2023-01-30,290.18,295.09,286.61,291.07,32805
2023-01-31,289.29,290.18,285.8,288.84,12740
2023-02-01,284.82,294.91,284.82,291.07,28038
2023-02-02,289.29,296.87,289.29,292.86,39884
2023-02-05,290.18,296.43,289.37,292.86,56352
2023-02-06,292.77,308.04,288.48,301.87,75214
2023-02-07,307.14,308.04,297.77,304.46,64768
2023-02-08,310.54,313.39,306.25,308.04,64755
2023-02-09,301.87,321.43,301.79,315.18,95887
2023-02-12,308.93,311.61,302.14,303.57,35038
2023-02-14,298.04,303.57,297.86,302.23,11457
2023-02-15,296.43,307.14,296.43,301.79,49909
2023-02-16,302.68,302.68,295.54,297.32,4779
2023-02-20,294.64,294.64,285.71,290.18,75421
2023-02-22,285.71,295.98,285.71,294.64,15727
2023-02-23,294.64,299.11,285.8,298.21,30273
2023-02-26,296.43,297.32,286.61,294.46,12632
2023-02-27,294.64,296.43,289.11,296.34,17263
2023-02-28,298.21,298.21,289.37,292.86,19688
2023-03-01,290.09,293.75,290.09,292.86,8585
2023-03-02,291.96,293.75,286.61,288.3,14802
2023-03-05,288.84,290.18,283.93,285.71,5532
2023-03-07,289.29,291.96,283.66,289.2,16387
2023-03-09,291.07,294.2,287.95,293.75,13582
2023-03-12,292.86,292.86,284.82,290.18,16925
2023-03-13,284.37,295.98,282.14,284.82,29718
2023-03-14,284.82,285.71,280.45,283.84,13522
2023-03-15,288.39,288.39,273.3,285.62,13182
2023-03-16,285.71,285.71,276.87,284.46,17106
2023-03-19,288.3,288.3,278.84,282.95,31454
2023-03-20,288.39,288.39,282.59,287.5,47848
2023-03-22,290.18,290.18,281.25,283.39,18327
2023-03-23,283.48,283.84,276.79,279.37,13665
2023-03-26,276.79,279.29,271.25,275.0,15441
2023-03-27,280.27,280.27,268.66,273.3,14393
2023-03-28,274.11,280.36,273.21,276.79,27201
2023-03-29,273.48,278.57,273.3,278.48,15639
2023-03-30,279.46,279.46,274.02,278.93,7355
2023-04-02,278.93,284.37,269.64,272.77,18571
2023-04-03,272.32,272.32,268.3,269.64,9625
2023-04-04,267.95,271.43,264.37,267.95,15312
2023-04-05,269.64,272.32,264.37,271.43,13320
2023-04-06,276.79,278.04,269.73,277.23,19483
2023-04-09,282.77,282.77,267.05,271.25,18736
2023-04-10,271.43,271.43,267.86,269.64,8830
2023-04-11,275.0,280.36,269.37,274.02,10203
2023-04-12,275.89,285.62,275.89,284.73,37682
2023-04-13,283.93,290.8,281.7,283.04,20014
2023-04-16,277.41,286.52,277.41,285.71,8640
2023-04-17,287.5,287.5,281.34,284.73,8101
2023-04-18,281.25,283.48,276.96,283.04,24419
2023-04-19,285.71,286.61,279.64,285.71,19537
2023-04-20,291.07,296.43,285.71,288.3,79604
2023-04-23,290.18,290.18,284.02,287.5,13925
2023-04-24,285.71,291.07,284.37,289.73,9541
2023-04-25,285.71,291.96,284.82,289.29,10842
2023-04-26,289.29,292.77,286.7,290.18,17792
2023-04-27,290.18,299.11,288.39,299.11,33709
2023-04-30,296.43,301.79,291.96,297.23,29167
2023-05-02,301.79,301.79,293.75,297.32,17097
2023-05-03,301.79,301.79,291.07,297.32,14636
2023-05-04,300.89,300.89,292.41,296.43,8643
2023-05-07,293.04,297.23,292.86,292.86,14488
2023-05-08,298.66,298.66,286.96,294.64,17136
2023-05-09,294.64,296.43,290.18,290.36,12330
2023-05-10,295.54,295.54,286.87,291.07,15787
2023-05-11,293.75,293.75,288.57,291.07,4450
2023-05-14,285.27,292.86,282.77,287.5,24618
2023-05-15,281.79,287.41,281.25,284.82,20902
2023-05-16,282.23,283.93,279.46,279.46,52144
2023-05-17,282.14,285.71,281.34,285.62,25531
2023-05-18,290.18,294.64,287.5,294.64,57519
2023-05-21,294.64,299.11,291.07,292.14,62208
2023-05-22,286.7,297.32,286.7,295.54,14146
2023-05-23,299.11,304.46,296.25,301.79,49016
2023-05-24,305.36,307.14,300.0,303.57,33557
2023-05-28,309.64,309.64,297.5,301.79,37114
2023-05-30,297.59,297.59,291.96,292.95,35443
2023-05-31,290.18,291.87,279.46,285.09,42318
2023-06-01,290.71,296.34,283.04,288.75,37220
2023-06-04,290.18,300.0,288.21,294.64,23016
2023-06-05,300.54,300.54,292.05,295.09,35406
2023-06-06,294.64,297.32,291.43,294.2,14757
2023-06-07,290.18,295.98,290.18,292.86,15756
2023-06-08,290.18,292.86,288.21,290.0,14996
2023-06-11,295.54,295.54,288.39,293.75,36817
2023-06-12,292.14,294.55,289.02,291.96,17919
2023-06-13,286.16,299.11,286.16,299.11,67977
2023-06-14,299.11,309.82,299.11,309.64,73271
2023-06-15,314.29,314.29,304.46,305.71,40274
2023-06-18,311.61,311.61,300.0,303.93,22838
2023-06-19,305.36,305.36,300.0,302.59,26318
2023-06-20,306.25,306.25,300.09,301.79,35010
2023-06-21,297.32,301.7,294.82,299.11,31305
2023-06-22,295.62,298.21,294.37,294.64,13977
2023-06-25,289.29,310.18,289.29,304.46,63892
2023-06-26,299.37,318.48,299.37,318.3,158704
2023-06-27,321.43,337.86,317.14,331.87,125642
2023-06-28,331.87,331.87,316.07,321.43,76694
2023-07-02,321.43,321.43,308.12,314.29,62488
2023-07-03,308.04,312.5,304.46,307.14,20685
2023-07-04,312.5,316.96,303.66,307.5,9391
2023-07-05,305.36,308.93,296.7,297.5,28726
2023-07-06,297.32,302.5,296.52,298.21,24909
2023-07-09,302.68,303.57,296.7,299.11,60784
2023-07-10,303.57,309.64,298.21,301.79,20069
2023-07-11,303.57,303.57,294.64,295.54,40565
2023-07-12,296.61,301.79,294.64,301.79,61120
2023-07-13,305.36,310.27,299.29,306.16,49096
2023-07-16,307.95,308.04,301.96,304.46,57178
2023-07-17,308.48,314.29,304.46,314.2,51672
2023-07-18,316.96,322.32,310.62,321.43,132169
2023-07-19,322.32,325.89,315.89,324.55,99754
2023-07-20,325.89,327.59,318.75,325.0,66178
2023-07-23,325.0,334.82,318.84,333.93,140613
2023-07-24,330.36,334.82,324.2,324.46,97293
2023-07-25,328.39,328.39,315.8,316.16,58944
2023-07-26,322.32,322.32,314.64,316.96,47279
2023-07-27,317.86,320.54,311.7,313.39,31943
2023-07-30,312.5,312.5,303.84,307.86,44466
2023-07-31,311.61,311.61,306.25,309.37,25530
2023-08-01,309.82,312.5,304.46,307.05,21413
2023-08-02,310.71,310.71,304.46,306.7,12473
2023-08-03,312.5,316.96,308.04,310.89,40849
2023-08-06,316.07,316.07,297.32,298.39,76973
2023-08-07,299.11,301.52,287.5,291.07,42364
2023-08-08,290.18,292.86,285.98,290.18,26254
2023-08-09,288.39,295.54,283.04,295.54,32431
2023-08-10,294.64,296.34,288.75,292.86,57506
2023-08-13,294.64,312.5,294.55,303.57,35862
2023-08-14,307.14,310.54,300.0,301.79,64953
2023-08-15,295.8,304.46,295.8,297.32,39397
2023-08-16,294.64,297.32,293.84,297.32,16584
2023-08-17,291.61,303.21,291.61,299.11,34281
2023-08-20,297.32,299.11,293.75,293.93,24122
2023-08-21,294.64,299.11,292.41,296.43,50736
2023-08-22,296.43,300.89,293.21,299.82,8493
2023-08-23,300.0,302.68,297.32,301.79,21280
2023-08-24,307.14,307.14,292.86,295.54,24512
2023-08-27,291.07,294.64,290.45,294.64,21092
2023-08-28,294.64,296.43,292.14,295.54,5402
2023-08-29,291.34,311.16,291.16,307.14,13104
2023-08-30,307.14,307.14,294.73,294.73,14807
2023-09-03,291.07,294.29,289.29,289.29,19901
2023-09-04,290.18,295.98,288.93,295.98,13481
2023-09-05,292.86,300.0,291.07,300.0,8759
2023-09-07,294.2,298.12,288.39,291.96,13422
2023-09-10,290.18,294.64,290.18,294.64,11789
2023-09-11,296.43,303.57,292.86,303.57,104938
2023-09-12,306.25,306.25,297.41,301.79,224944
2023-09-13,301.79,305.27,296.43,305.27,59143
2023-09-17,303.57,303.57,292.05,298.12,14135
2023-09-18,292.23,296.43,291.07,295.54,22929
2023-09-19,293.04,303.12,292.14,293.21,10250
2023-09-21,298.21,302.68,296.7,299.11,26235
2023-09-24,293.84,300.0,293.3,296.43,8649
2023-09-25,297.32,299.11,293.75,294.55,5751
2023-09-26,299.11,300.36,292.14,294.2,13809
2023-09-27,291.25,296.43,290.71,291.16,24989
2023-10-01,291.16,293.75,285.98,288.39,47400
2023-10-02,288.39,290.18,286.16,289.64,7225
2023-10-03,293.75,293.75,284.55,285.71,27295
2023-10-04,284.02,289.29,283.93,288.39,12358
2023-10-05,293.75,293.75,284.37,286.61,15627
2023-10-08,286.7,286.7,280.36,280.45,9584
2023-10-09,277.68,282.95,276.87,281.25,10162
2023-10-10,275.89,281.25,275.09,275.71,8979
2023-10-11,275.0,280.36,274.82,276.87,4809
2023-10-12,277.68,277.68,272.32,275.27,136703
2023-10-16,270.54,275.45,269.64,269.64,18551
2023-10-17,272.32,272.32,266.96,270.54,6831
2023-10-18,268.04,276.79,265.27,275.89,12467
2023-10-19,276.79,278.48,272.32,276.61,2676
2023-10-29,276.61,276.61,266.25,275.8,4550
2023-10-30,270.36,275.0,267.86,275.0,8931
2023-10-31,274.91,274.91,267.86,267.95,4549
2023-11-01,269.64,271.43,267.05,271.43,6619
2023-11-02,275.0,275.0,265.62,265.71,6243
2023-11-05,261.87,265.18,256.43,258.04,23118
2023-11-06,262.68,263.12,255.36,259.82,19397
2023-11-07,259.82,260.71,253.57,256.25,14132
2023-11-08,251.87,275.0,251.79,275.0,9868
2023-11-09,269.55,269.55,257.14,257.32,26185
2023-11-20,261.52,261.61,257.14,257.14,9546
2023-11-21,255.8,260.45,253.57,260.45,7572
2023-11-22,260.45,265.18,258.93,261.16,2482
2023-11-23,262.5,267.68,258.84,267.68,7525
2023-11-26,263.39,280.36,263.39,276.79,13692
2023-11-27,272.32,273.66,266.34,273.21,4345
2023-11-28,273.21,273.21,263.66,266.52,5669
2023-11-29,266.52,266.07,261.61,262.59,5898
2023-11-30,260.0,264.29,259.82,262.5,2588
2023-12-03,259.82,261.61,256.43,261.61,12954
2023-12-04,261.61,263.39,257.32,258.93,2432
2023-12-05,258.93,263.93,258.12,259.37,6976
2023-12-06,259.37,264.46,256.25,258.04,18142
2023-12-07,255.54,266.79,255.45,266.79,11153
2023-12-10,272.05,293.39,272.05,293.39,1170
2023-12-11,293.39,293.75,270.0,278.48,64983
2023-12-12,278.48,283.04,276.79,283.04,31275
2023-12-13,283.04,286.61,279.46,279.73,31783
2023-12-14,284.82,289.29,281.25,287.5,84026
2023-12-17,281.79,302.91,273.36,300.13,44556
2023-12-18,296.34,296.34,287.16,291.8,28668
2023-12-19,288.09,297.63,288.09,297.35,30169
2023-12-20,302.82,302.82,293.74,296.43,43320
2023-12-21,295.5,295.5,289.02,289.02,22685
2023-12-24,289.02,289.02,284.48,284.85,20530
2023-12-27,286.24,289.94,279.2,283.46,40789
2023-12-28,282.53,283.46,277.9,281.61,20510
2024-01-01,282.53,286.24,280.68,283.83,26846
2024-01-02,281.61,282.35,275.12,282.07,9199
2024-01-03,287.07,287.07,275.12,279.01,12152
2024-01-04,279.75,281.42,276.97,277.9,18763
2024-01-07,277.9,277.9,269.66,272.34,28575
2024-01-08,268.64,290.78,268.64,276.97,40737
2024-01-09,277.07,285.31,273.55,276.05,26555
2024-01-10,281.51,285.31,277.9,281.42,22360
2024-01-11,281.61,284.29,279.75,279.75,12598
2024-01-14,285.31,290.87,283.18,287.16,126206
2024-01-16,288.09,294.58,287.16,293.65,44444
2024-01-17,299.21,299.58,288.09,296.43,52585
2024-01-18,291.61,295.5,287.16,288.09,21790
2024-01-21,285.31,285.31,276.79,277.9,63575
2024-01-22,276.05,283.46,274.29,277.07,19073
2024-01-23,276.33,279.75,276.05,276.51,10294
2024-01-24,281.88,281.88,275.12,276.97,8644
2024-01-25,276.97,276.97,272.34,275.12,10428
2024-01-28,279.75,279.75,272.34,276.88,5190
2024-01-29,278.83,279.75,275.86,277.9,13872
2024-01-30,281.61,281.61,272.81,278.92,13487
2024-01-31,277.9,277.9,273.36,274.66,13996
2024-02-01,276.05,276.05,268.64,271.42,19634
2024-02-04,266.88,273.27,266.88,271.42,13283
2024-02-05,266.41,272.34,266.41,271.32,9529
2024-02-06,275.96,275.96,265.95,268.64,23198
2024-02-07,274.01,274.01,269.01,271.42,14610
2024-02-08,268.64,273.92,268.64,269.19,12730
2024-02-11,272.34,272.34,266.79,269.56,23176
2024-02-12,265.86,272.34,265.86,268.64,12208
2024-02-13,264.93,270.49,264.93,268.64,17814
2024-02-14,266.14,274.01,266.14,273.27,9227
2024-02-15,274.2,274.2,267.71,268.17,17947
2024-02-18,266.79,267.62,264.01,265.03,7617
2024-02-20,267.71,286.24,264.19,266.79,16387
2024-02-21,267.71,270.49,265.4,267.71,24721
2024-02-22,267.9,272.99,264.1,266.79,62823
2024-02-25,266.79,273.27,265.03,265.4,29003
2024-02-26,268.64,268.64,263.08,264.84,7368
2024-02-27,264.93,274.01,264.28,270.49,11514
2024-02-28,273.27,273.27,264.01,264.01,2557
2024-02-29,261.32,275.49,260.76,262.15,9781
2024-03-03,260.49,264.56,257.52,259.37,19233
2024-03-04,264.56,269.84,264.56,269.84,90
2024-03-05,275.21,275.21,265.21,265.3,17600
2024-03-06,260.39,269.56,260.39,264.93,3514
2024-03-07,270.21,275.12,268.73,271.6,37185
2024-03-10,276.97,276.97,268.82,272.34,4754
2024-03-12,269.56,276.7,269.56,276.05,18410
2024-03-13,277.9,281.51,272.44,278.27,25323
2024-03-14,274.2,277.81,272.9,272.9,9803
2024-03-17,277.9,277.9,267.53,274.2,14201
2024-03-18,279.66,279.66,269.38,275.03,15292
2024-03-19,275.03,275.03,269.84,273.27,6705
2024-03-20,277.9,277.9,267.9,268.64,7304
2024-03-21,271.42,273.18,266.79,270.86,16635
2024-03-25,270.86,270.86,265.95,266.79,6686
2024-03-26,266.69,267.71,264.28,267.25,6437
2024-03-27,271.32,271.32,261.23,263.08,10098
2024-03-28,268.27,268.27,260.02,260.3,7226
2024-03-31,265.3,265.3,259.37,260.02,10307
2024-04-01,260.02,264.01,257.61,262.15,21147
2024-04-02,267.34,267.34,257.52,262.15,17407
2024-04-03,264.01,264.01,257.52,262.15,16765
2024-04-04,264.01,264.01,257.43,261.69,14158
2024-04-07,256.69,264.93,256.69,264.84,11679
2024-04-09,270.12,270.12,260.58,261.23,19761
2024-04-10,265.86,266.23,260.86,263.54,11944
2024-04-14,264.01,264.93,258.73,261.23,17483
2024-04-15,261.23,263.08,252.8,254.74,23985
2024-04-16,251.04,257.52,250.2,257.34,13730
2024-04-18,253.82,258.82,251.96,253.82,5589
2024-04-21,251.04,254.65,248.81,253.72,13656
2024-04-22,253.72,258.45,249.83,256.6,7958
2024-04-24,261.23,261.23,249.65,249.65,8469
2024-04-25,249.18,258.91,249.18,255.67,23292
2024-04-28,257.52,257.52,252.43,254.56,10185
2024-04-29,259.56,263.08,254.28,263.08,54162
2024-04-30,268.27,268.27,261.23,263.08,22890
2024-05-02,268.27,268.27,256.69,260.3,10281
2024-05-05,255.67,264.56,254.74,258.82,19598
2024-05-06,263.91,263.91,250.11,252.89,22749
2024-05-07,252.89,258.36,251.96,253.45,4066
2024-05-08,252.52,254.74,250.11,253.82,7780
2024-05-09,256.6,256.6,250.11,250.3,5426
2024-05-12,250.11,258.26,250.11,251.41,7449
2024-05-13,256.41,264.01,251.5,263.08,21532
2024-05-14,268.27,268.27,260.76,260.86,10827
2024-05-15,260.86,267.34,258.54,258.54,11764
2024-05-16,263.64,263.64,254.19,258.45,6571
2024-05-19,263.54,268.27,260.3,264.93,13704
2024-05-20,270.21,282.53,265.86,274.2,58438
2024-05-21,279.66,281.61,273.27,277.9,20960
2024-05-22,276.05,289.02,276.05,286.7,57200
2024-05-26,286.24,287.16,277.99,283.46,32564
2024-05-27,278.83,300.41,278.83,281.7,31644
2024-05-29,287.16,291.8,277.9,279.66,33573
2024-05-30,283.37,283.37,273.27,276.05,21741
2024-06-02,280.68,281.42,270.68,275.12,8977
2024-06-03,280.59,284.2,270.58,275.12,4437
2024-06-04,280.59,280.59,276.42,277.81,22368
2024-06-05,283.27,283.27,272.71,275.12,2310
2024-06-06,278.83,278.83,271.42,274.2,16480
2024-06-09,279.66,281.51,270.49,276.05,26412
2024-06-10,281.51,281.51,273.27,275.12,14687
2024-06-11,280.59,280.59,270.77,276.97,12078
2024-06-12,277.9,280.68,275.4,277.9,9804
2024-06-13,276.05,277.9,273.27,277.81,12277
2024-06-16,273.45,276.97,272.34,272.34,4350
2024-06-18,271.42,274.2,268.92,270.58,6718
2024-06-19,275.96,275.96,268.82,271.32,3406
2024-06-20,276.7,276.7,266.97,271.42,4631
2024-06-23,268.64,282.26,266.97,273.27,6340
2024-06-24,277.72,277.72,267.99,271.42,8790
2024-06-25,268.64,271.42,264.01,268.64,9619
2024-06-26,273.27,273.92,265.86,268.64,23778
2024-06-27,274.01,275.12,264.56,265.86,9711
2024-06-30,270.49,272.34,265.86,268.55,17392
2024-07-01,264.01,271.42,261.51,269.56,14115
2024-07-02,274.94,285.31,269.66,277.9,18825
2024-07-03,283.46,283.46,266.97,276.97,7214
2024-07-04,281.51,282.44,276.97,278.73,26288
2024-07-07,282.53,282.53,277.07,282.26,44974
2024-07-08,287.81,288.09,280.68,282.44,42526
2024-07-09,288.0,288.0,280.68,284.39,8531
2024-07-10,290.04,290.04,284.39,289.02,76823
2024-07-11,294.76,299.21,290.87,299.21,73843
2024-07-14,305.14,312.18,296.43,311.25,73032
2024-07-15,317.46,317.46,301.06,303.84,173134
2024-07-16,304.77,312.18,301.71,312.18,35666
2024-07-17,318.38,337.19,314.86,336.26,191640
2024-07-18,330.7,368.5,330.7,352.01,213906
2024-07-21,352.93,369.42,344.6,362.2,218001
2024-07-22,367.76,370.54,355.71,362.2,201549
2024-07-23,365.9,393.69,355.62,389.06,293587
2024-07-24,395.55,396.47,371.46,378.04,236528
2024-07-25,373.31,388.14,373.31,379.8,264829
2024-07-28,387.39,417.78,387.39,417.78,532053
2024-07-29,417.78,427.97,406.85,408.98,336421
2024-07-30,417.13,417.13,397.4,406.57,174144
2024-07-31,406.57,412.22,402.03,407.59,285341
2024-08-01,402.31,414.54,400.18,401.2,86171
2024-08-05,401.1,416.85,393.79,399.71,135908
2024-08-06,394.62,398.33,379.8,385.26,184938
2024-08-07,384.43,400.18,378.41,387.21,68903
2024-08-08,391.84,391.84,378.87,389.25,102134
2024-08-11,397.03,397.03,385.36,393.42,113268
2024-08-12,400.18,420.56,398.33,417.78,314283
2024-08-13,421.48,422.41,403.88,417.78,185136
2024-08-14,416.85,416.85,401.29,408.51,62163
2024-08-15,416.67,430.75,408.7,415.93,244226
2024-08-18,421.48,430.75,412.22,413.15,289970
2024-08-21,412.22,446.12,408.61,435.38,604357
2024-08-22,444.09,460.39,443.07,451.13,346483
2024-08-25,451.13,452.05,426.86,427.04,209803
2024-08-27,435.56,435.56,398.7,412.22,208024
2024-08-28,420.46,427.97,408.79,411.29,85352
2024-08-29,404.81,412.59,404.53,405.92,68981
2024-09-01,400.18,413.15,393.88,398.33,119448
2024-09-02,405.74,438.16,392.77,430.75,94404
2024-09-03,437.23,437.23,416.85,423.06,198493
2024-09-04,431.49,431.49,400.64,403.7,74614
2024-09-05,411.2,411.2,392.77,403.88,41224
2024-09-08,405.27,421.39,398.6,401.47,177273
2024-09-09,398.33,423.71,394.62,397.4,110924
2024-09-10,405.27,405.27,396.47,401.1,52606
2024-09-11,404.81,404.81,391.84,394.53,21697
2024-09-12,402.4,402.77,390.91,392.86,49208
2024-09-15,400.18,407.59,386.38,392.77,47278
2024-09-16,385.36,406.66,379.8,387.21,44660
2024-09-18,387.21,391.75,380.72,386.28,52852
2024-09-22,378.87,402.03,378.87,389.99,40377
2024-09-23,397.77,397.77,383.5,384.43,51643
2024-09-24,383.23,387.21,378.87,386.19,119632
2024-09-25,379.89,388.14,379.89,386.93,24876
2024-09-26,393.51,393.51,381.65,382.58,36571
2024-09-29,389.06,389.06,374.98,382.48,20619
2024-09-30,386.28,393.97,382.58,393.97,34821
2024-10-01,398.23,413.05,393.88,409.44,99005
2024-10-02,402.96,418.7,402.96,410.37,112322
2024-10-06,412.22,425.19,412.22,421.3,114994
2024-10-07,426.12,431.86,422.5,431.86,356588
2024-10-08,432.6,436.31,426.12,427.5,90106
2024-10-09,432.6,432.6,419.54,422.87,136715
2024-10-15,428.89,438.07,414.44,429.82,47449
2024-10-16,430.75,439.08,430.75,434.45,120166
2024-10-17,438.16,462.24,435.38,445.66,373974
2024-10-20,437.23,452.05,437.23,444.64,134098
2024-10-21,451.13,452.05,432.6,435.38,88740
2024-10-22,442.7,477.06,433.9,452.89,185489
2024-10-23,461.87,478.92,443.72,447.33,394668
2024-10-24,438.44,490.96,438.44,490.96,215499
2024-10-27,481.14,508.56,445.57,457.61,434249
2024-10-28,448.53,459.56,445.57,445.57,142949
2024-10-29,454.46,454.46,441.86,446.49,81783
2024-10-30,454.83,454.83,444.73,447.42,127237
2024-11-05,456.31,456.31,439.55,443.72,88509
2024-11-06,435.38,470.58,435.38,441.86,105028
2024-11-10,447.33,450.2,444.64,449.27,124978
2024-11-11,458.26,465.02,445.57,445.57,143674
2024-11-12,454.46,455.67,444.64,447.14,83660
2024-11-13,456.04,456.04,439.92,441.77,47384
2024-11-14,443.25,445.57,434.92,435.38,107431
2024-11-17,439.92,443.72,432.88,433.53,63416
2024-11-19,431.67,440.01,430.75,431.02,60868
2024-11-20,439.64,439.64,429.08,432.6,28069
2024-11-21,440.94,440.94,425.84,425.84,40523
2024-11-24,434.27,434.27,421.58,425.19,162397
2024-11-25,433.62,433.62,425.28,427.04,25670
2024-11-26,435.56,435.56,428.15,434.36,28878
2024-11-27,442.97,445.85,434.45,443.25,110367
2024-11-28,452.05,452.05,435.47,436.31,62219
2024-12-01,445.01,445.01,426.12,427.97,48979
2024-12-02,430.75,436.31,428.06,428.43,31158
2024-12-03,434.45,435.38,426.12,428.89,33049
2024-12-04,428.89,435.38,421.67,428.89,65757
2024-12-05,436.21,436.21,424.91,426.58,42783
2024-12-08,421.58,428.06,418.7,420.56,41786
2024-12-09,419.63,421.39,415.0,421.39,46103
2024-12-10,429.73,429.73,413.7,420.56,238798
2024-12-11,427.5,427.5,416.85,426.12,27672
2024-12-12,434.64,434.64,421.85,424.26,53037
2024-12-16,418.7,421.48,413.15,414.07,24824
2024-12-17,411.48,419.63,411.29,419.63,39647
2024-12-18,416.94,421.48,415.56,417.5,33545
2024-12-19,417.5,418.7,409.44,409.44,47695
2024-12-22,413.46,413.46,405.87,409.62,44183
2024-12-23,413.46,413.46,405.77,411.35,51356
2024-12-24,405.87,435.58,405.87,408.65,19353
2024-12-26,404.81,422.69,404.81,418.27,47253
2024-12-29,425.0,425.0,411.54,413.46,40950
2024-12-31,409.62,411.54,404.9,411.54,29909
2025-01-01,408.65,418.27,403.46,403.94,102446
2025-01-02,410.58,411.54,404.81,404.81,22032
2025-01-05,405.77,410.58,403.85,404.13,118933
2025-01-06,412.21,412.21,404.33,409.62,113733
2025-01-07,417.79,425.96,405.87,412.5,89244
2025-01-08,415.38,417.88,406.73,409.62,43635
2025-01-09,405.77,413.46,405.77,412.98,39047
2025-01-12,407.69,416.35,405.77,412.21,8858
2025-01-13,413.46,442.31,405.77,442.31,37663
2025-01-15,433.46,433.46,413.46,417.31,71405
2025-01-16,417.31,423.08,413.56,423.08,32984
2025-01-19,415.38,426.92,415.38,425.0,28878
2025-01-20,433.46,433.46,402.88,408.56,270114
2025-01-21,402.12,411.54,401.92,408.65,153589
2025-01-22,402.02,415.38,402.02,405.77,33163
2025-01-23,413.37,413.37,401.92,406.44,34145
2025-01-26,398.37,407.69,398.37,402.79,28459
2025-01-27,399.71,401.92,397.31,401.92,112710
2025-01-28,401.83,403.85,397.21,400.0,87772
2025-02-02,403.85,415.38,400.1,406.73,46025
2025-02-03,405.1,411.54,404.81,407.69,55580
2025-02-04,413.46,413.46,402.88,402.88,20318
2025-02-05,409.52,409.52,401.06,403.85,18319
2025-02-06,408.56,408.56,397.79,401.15,41645
2025-02-09,397.4,403.85,397.4,398.08,29041
2025-02-10,399.04,403.85,397.12,399.04,28709
2025-02-11,399.04,400.48,395.29,398.08,30521
2025-02-12,398.08,398.08,393.27,395.19,67820
2025-02-13,394.23,398.08,389.52,393.27,20928
2025-02-16,391.35,399.04,391.35,399.04,49298
2025-02-17,396.15,409.13,396.15,408.46,45270
2025-02-18,416.54,416.54,402.88,406.63,50434
2025-02-20,401.06,405.77,399.04,403.85,30694
2025-02-23,399.04,405.77,392.31,405.77,94959
2025-02-24,406.73,407.69,401.06,404.81,70819
2025-02-25,408.65,410.58,402.02,403.85,27700
2025-02-27,411.63,419.23,406.92,413.46,124481
2025-03-02,414.52,420.87,412.5,420.19,117170
2025-03-03,426.92,427.88,413.46,413.46,62037
2025-03-04,415.38,416.35,408.75,412.5,45037
2025-03-05,412.5,412.5,404.9,405.0,48935
2025-03-06,404.81,417.31,404.81,407.21,11507
2025-03-09,414.42,414.42,398.08,407.02,44949
2025-03-10,406.73,412.5,398.94,400.96,34422
2025-03-11,408.65,408.65,395.19,398.08,26592
2025-03-12,399.62,400.96,395.48,400.96,19717
2025-03-16,398.17,402.79,394.23,400.96,19880
2025-03-17,396.25,400.96,396.15,400.96,19215
2025-03-18,399.04,402.79,397.31,399.9,12635
2025-03-19,395.29,403.85,395.29,400.87,26107
2025-03-20,399.04,400.96,396.15,398.08,12798
2025-03-23,396.15,397.12,391.06,392.12,24099
2025-03-24,387.5,395.19,387.5,392.31,17658
2025-03-25,384.71,389.42,384.52,386.62,128753
2025-03-26,386.54,399.04,386.35,396.47,37901
2025-03-27,404.33,404.33,391.35,396.57,14449
2025-03-30,396.15,403.85,396.15,400.86,28874
2025-04-01,397.12,402.4,394.42,400.34,18902
2025-04-02,408.27,408.27,393.37,398.5,29094
2025-04-03,394.23,425.96,394.23,401.48,32946
2025-04-07,394.23,406.73,392.79,398.39,17594
2025-04-08,396.15,407.02,391.83,400.78,20645
2025-04-09,408.75,408.75,398.08,398.99,18953
2025-04-10,405.67,405.67,398.08,400.74,194183
2025-04-13,403.85,405.77,400.77,404.68,23118
2025-04-15,412.5,412.5,401.92,404.09,120494
2025-04-16,412.12,413.46,401.92,412.37,39718
2025-04-17,413.46,416.35,403.85,409.67,37407
2025-04-20,408.65,433.65,401.92,425.65,123884
2025-04-21,423.17,423.17,405.77,407.9,63979
2025-04-22,402.12,409.62,396.15,400.03,39642
2025-04-23,394.23,401.73,392.31,393.84,31320
2025-04-24,400.0,400.0,391.35,393.83,15376
2025-04-27,388.46,397.98,387.5,388.29,85712
2025-04-28,395.96,395.96,387.5,388.92,43988
2025-04-29,395.19,395.19,379.81,380.37,77059
2025-04-30,377.88,382.69,373.08,374.43,42088
2025-05-04,381.73,381.73,370.67,371.55,96577
2025-05-05,371.63,376.83,363.46,364.62,50210
2025-05-06,358.65,393.27,357.88,362.65,41068
2025-05-07,369.23,378.85,361.54,375.42,49639
2025-05-08,368.85,379.71,368.46,372.81,14706
2025-05-11,377.88,377.88,365.96,369.58,19391
2025-05-13,376.92,376.92,364.42,366.99,25917
2025-05-14,367.31,367.31,360.58,361.05,22408
2025-05-15,365.38,367.31,360.0,361.38,19394
2025-05-18,367.31,367.31,359.81,363.12,10731
2025-05-19,367.02,367.02,360.0,364.11,23962
2025-05-20,360.58,376.92,358.65,372.62,23367
2025-05-21,380.0,393.27,373.08,375.4,43735
2025-05-22,375.96,400.96,373.27,393.7,142310
2025-05-25,394.23,400.0,382.69,385.63,28748
2025-05-26,393.27,400.96,386.54,388.24,41572
2025-05-27,384.62,390.29,383.75,387.72,19040
2025-05-28,387.5,394.23,382.69,393.74,31797
2025-06-02,396.15,401.54,394.23,398.26,167278
2025-06-03,394.23,401.92,387.69,392.29,100089
2025-06-04,392.31,399.04,384.62,398.49,29558
2025-06-05,390.58,413.46,390.58,393.47,52784
2025-06-08,393.47,396.15,382.69,384.27,24041
2025-06-09,390.38,390.38,382.69,386.63,9247
2025-06-10,394.23,394.23,385.1,387.49,10040
2025-06-11,386.63,394.23,381.83,382.56,22816
2025-06-12,379.81,385.58,376.92,379.44,15885
2025-06-15,379.81,381.73,375.0,375.34,21986
2025-06-16,374.04,379.81,372.98,376.69,28643
2025-06-17,382.69,382.69,370.19,371.94,27143
2025-06-18,377.98,385.1,371.35,373.04,16189
2025-06-19,379.71,379.71,365.87,370.73,30944
2025-06-22,365.48,372.12,362.69,363.88,46558
2025-06-23,362.6,380.77,362.6,372.41,10486
2025-06-24,379.81,379.81,370.19,373.54,24838
2025-06-25,374.04,374.52,370.19,370.88,6193
2025-06-26,369.23,376.54,368.27,371.7,21912
2025-06-29,368.75,378.85,368.75,377.38,16253
2025-06-30,379.81,383.27,377.88,381.17,16541
2025-07-01,377.88,388.46,377.88,387.34,26693
2025-07-02,395.0,395.19,384.62,393.62,60037
2025-07-03,387.88,399.52,387.88,394.5,55181
2025-07-06,394.23,401.92,389.62,397.16,52980
2025-07-07,392.88,396.92,389.42,393.32,105350
2025-07-08,394.23,394.23,388.46,391.98,35451
2025-07-09,389.52,397.02,389.52,395.71,38878
2025-07-10,395.19,416.35,395.19,414.65,230984
2025-07-13,422.88,429.81,414.62,421.66,231954
2025-07-14,418.27,422.12,411.83,413.5,156334
2025-07-15,413.46,423.56,408.75,421.27,205262
2025-07-16,426.92,430.87,421.25,423.06,342412
2025-07-17,428.85,434.62,423.08,424.82,234926
2025-07-20,423.17,428.85,417.31,418.83,77492
2025-07-21,413.75,426.35,413.75,421.06,60040
2025-07-22,428.75,429.81,419.23,425.91,157090
2025-07-23,430.77,433.65,421.15,425.35,69273
2025-07-24,425.0,427.88,420.38,422.16,49660
2025-07-27,427.88,427.88,414.42,414.77,139379
2025-07-28,415.48,418.27,407.69,416.62,131139
2025-07-29,424.9,427.79,418.27,425.61,105474
2025-07-30,434.04,434.04,415.38,416.2,62428
2025-07-31,420.0,420.0,406.63,409.25,71257
2025-08-03,405.87,410.58,396.15,399.65,37697
2025-08-04,391.73,409.62,391.73,407.38,23648
2025-08-05,415.38,423.75,401.92,402.41,40757
2025-08-06,410.38,410.38,398.17,398.88,18502
2025-08-07,390.96,406.73,390.96,401.03,16998
2025-08-11,406.73,407.69,399.04,399.8,40729
2025-08-12,397.12,401.92,393.75,394.24,14584
2025-08-13,394.24,396.15,390.38,390.6,19043
2025-08-14,389.52,391.35,375.29,379.17,75653
2025-08-17,379.81,383.65,375.0,375.64,16089
2025-08-18,368.17,386.06,368.17,374.17,14811
2025-08-19,379.81,379.81,370.19,375.68,16999
2025-08-20,375.96,381.73,371.83,372.97,29015
2025-08-21,365.58,375.0,365.58,370.47,43357
2025-08-24,370.19,375.0,367.31,368.25,19702
2025-08-25,374.04,374.04,367.98,370.55,11509
2025-08-26,371.15,378.56,370.19,371.96,11197
2025-08-27,371.15,379.52,371.15,378.94,18563
2025-08-28,372.6,379.81,372.6,375.79,22671
2025-08-31,370.19,379.33,369.81,376.05,14170
2025-09-01,383.56,383.56,372.21,379.1,39707
2025-09-02,386.63,386.63,380.38,381.23,32178
2025-09-03,375.96,382.5,374.04,375.88,12725
2025-09-04,383.37,383.37,369.23,371.2,18097
2025-09-07,370.19,380.77,370.19,377.35,50149
2025-09-08,371.15,379.81,369.33,369.7,35408
2025-09-18,362.4,362.4,362.4,362.4,50
2025-09-21,355.77,374.04,349.04,369.26,25820
2025-09-23,376.44,378.85,372.12,377.6,20379
2025-09-24,375.96,384.62,374.04,379.81,20603
2025-09-25,379.81,380.77,373.08,380.67,8475
2025-09-28,380.77,382.69,375.96,377.88,3248
2025-10-07,380.77,380.77,368.37,369.23,13295
2025-10-08,369.23,369.23,357.69,364.9,17904
2025-10-09,372.02,394.23,366.44,368.94,35439
2025-10-12,363.46,365.38,353.85,360.48,57477
2025-10-13,367.31,370.19,359.62,370.19,27498
2025-10-14,369.23,370.19,363.17,368.65,19256
2025-10-15,364.42,367.21,361.54,363.46,15360
2025-10-16,370.0,370.67,361.54,361.63,13570
2025-10-19,360.58,376.06,360.58,374.9,31829
2025-10-26,368.27,374.81,360.96,372.98,12365
2025-10-28,375.1,397.02,374.04,395.19,122589
2025-10-29,399.04,418.27,380.48,383.65,57003
2025-10-30,377.98,388.46,377.98,384.62,73722
2025-11-02,388.27,389.33,381.83,385.58,21767
2025-11-03,381.73,389.23,381.73,386.54,15862
2025-11-04,393.27,409.62,382.4,384.62,25835
2025-11-05,377.98,384.62,377.98,384.62,22079
2025-11-06,383.75,387.4,381.73,384.62,13849
2025-11-09,387.5,387.5,376.92,383.65,32720
2025-11-10,384.62,384.62,374.04,375.0,27702
2025-11-11,374.33,379.81,374.23,379.81,16323
2025-11-12,379.81,379.81,373.08,375.96,11197
2025-11-13,375.0,376.44,368.75,376.44,8981
2025-11-16,383.56,383.56,363.46,371.92,19565
2025-11-17,365.48,377.6,364.52,377.6,32180
2025-11-18,370.29,379.81,370.29,379.33,25420
2025-11-19,378.85,380.77,371.83,379.52,9727
2025-11-20,373.08,377.88,372.21,375.96,10357
2025-11-23,378.85,378.85,371.44,376.92,18073
2025-11-24,384.42,399.81,370.19,380.67,21841
2025-11-25,384.42,386.06,376.92,383.56,27999
2025-11-26,384.62,388.46,379.81,384.81,31253
2025-11-27,388.46,404.04,380.77,391.15,34531
2025-11-30,397.98,397.98,382.21,389.42,25352
2025-12-01,381.63,389.23,375.0,385.58,15803
2025-12-02,385.58,385.58,381.73,382.02,14130
2025-12-03,379.81,387.02,379.81,384.52,54859
2025-12-07,380.29,383.56,378.17,383.56,7234
2025-12-08,384.13,384.13,374.33,379.62,14933
2025-12-09,373.08,382.69,373.08,378.85,17190
2025-12-10,381.73,381.73,373.08,375.87,37223
2025-12-11,375.0,382.5,372.6,382.4,41568
2025-12-14,381.73,385.58,377.98,385.58,37959
2025-12-15,379.04,393.27,379.04,390.38,337101
2025-12-16,391.35,394.23,387.69,394.23,51238
2025-12-17,395.19,399.04,391.35,393.17,23921
2025-12-18,393.27,396.15,390.38,396.06,112425
2025-12-21,388.5,392.0,382.0,389.0,34598
2025-12-22,388.0,388.0,380.0,387.0,25099
2025-12-23,381.2,385.4,381.0,385.4,6314
2025-12-24,383.0,390.0,382.1,390.0,9533
2025-12-28,390.0,394.0,385.1,389.5,25009
2025-12-29,397.0,412.0,389.5,395.0,35449
2025-12-31,395.0,427.0,391.2,407.9,170585
2026-01-01,399.8,407.5,399.5,405.0,36796
2026-01-04,405.0,405.0,395.0,399.0,22284
2026-01-05,404.0,404.0,396.0,399.0,46176
2026-01-06,396.2,404.0,395.0,399.0,19467
2026-01-07,394.0,407.9,394.0,399.0,63389
2026-01-08,398.0,405.0,397.1,398.0,36828
2026-01-12,400.0,410.0,400.0,403.7,146728
2026-01-13,407.0,407.0,399.5,404.9,26219
2026-01-14,408.0,412.0,401.2,410.0,86052
2026-01-18,405.0,408.0,402.2,403.3,23433
2026-01-20,410.0,410.0,405.0,408.0,131572
2026-01-21,414.0,440.0,401.0,415.1,86404
2026-01-22,414.0,415.0,407.9,415.0,22387
2026-01-25,408.1,417.8,408.1,415.0,40887
2026-01-26,415.0,418.0,411.0,417.9,82589
2026-01-27,419.0,422.0,406.1,416.0,15993
2026-01-28,408.1,422.0,406.6,422.0,46184
2026-01-29,419.9,419.9,408.0,408.0,24069
2026-02-01,410.0,411.0,405.0,409.9,46960
2026-02-02,408.1,410.0,405.0,407.0,16136
2026-02-03,410.0,410.0,400.0,400.0,50278
2026-02-04,392.0,413.5,392.0,400.0,24335
2026-02-05,397.0,407.0,396.2,407.0,24349
2026-02-08,410.0,418.0,398.9,412.0,41210
2026-02-09,405.0,405.4,397.1,404.9,50211
2026-02-10,397.1,405.0,397.0,400.0,20830
2026-02-11,405.0,405.0,396.0,396.0,19257
2026-02-12,398.0,401.5,397.0,401.5,8730
2026-02-16,405.0,405.0,396.1,403.0,21488
2026-02-17,403.0,405.0,398.3,405.0,88664
2026-02-22,400.0,400.0,396.9,400.0,11374
2026-02-23,400.0,424.0,392.0,424.0,19017
2026-02-24,415.6,415.6,399.3,408.8,31822
2026-02-25,415.0,415.0,403.0,408.3,8461
2026-02-26,413.5,413.5,401.5,410.0,39774
2026-03-01,402.1,408.5,396.0,408.5,11118
2026-03-03,409.8,409.9,404.0,409.0,7799
2026-03-09,417.1,441.0,417.1,440.0,1330
2026-03-10,440.0,440.0,412.7,422.0,96072
2026-03-11,423.0,423.0,412.0,412.0,15747
2026-03-12,420.2,420.2,410.1,419.0,62572
2026-03-15,422.0,425.0,412.1,419.0,170988
2026-03-16,424.0,424.0,412.0,413.5,37342
2026-03-17,410.0,418.0,410.0,413.4,6619
2026-03-19,413.4,437.0,411.1,425.8,97260
2026-03-22,430.0,434.0,425.0,433.7,161652
2026-03-23,425.1,433.6,422.1,428.9,57198
2026-03-24,424.9,432.0,421.1,428.1,57929
2026-03-25,436.6,436.6,420.0,427.9,131450
2026-03-26,419.5,430.0,419.5,429.9,29833
2026-03-29,428.0,428.0,417.0,420.9,92759
2026-03-30,415.0,421.9,408.0,411.4,38869
2026-03-31,410.0,418.0,404.0,418.0,40817
2026-04-01,415.0,415.0,405.5,406.0,33484
2026-04-02,398.0,408.0,398.0,408.0,42269
2026-04-05,402.0,406.0,390.1,393.5,56500
2026-04-06,386.2,402.9,386.2,400.0,51193
2026-04-07,405.9,405.9,398.0,405.6,89132
2026-04-08,413.7,413.7,402.1,408.0,17126
2026-04-09,412.0,412.0,405.0,408.8,25909
2026-04-10,415.0,415.0,400.0,407.0,32030
2026-04-13,403.0,410.5,403.0,405.0,13821
2026-04-15,409.0,410.0,401.0,409.0,16890
2026-04-16,411.0,411.0,402.1,407.4,28530
2026-04-17,410.0,410.0,402.2,407.6,18404
2026-04-20,405.0,406.0,403.2,405.8,13177
2026-04-21,408.9,408.9,402.2,406.0,14464
2026-04-22,403.1,408.0,400.0,407.8,37842
2026-04-23,420.0,420.0,401.5,408.7,22677
2026-04-24,401.0,410.0,401.0,410.0,19755
2026-04-27,409.0,410.0,405.0,409.0,20879
2026-04-28,414.0,414.0,402.0,402.0,11244
2026-04-29,407.9,407.9,396.4,399.6,13887
2026-04-30,399.0,399.0,395.0,397.9,7503
2026-05-04,400.0,400.8,391.1,396.0,8579
2026-05-05,392.2,398.0,391.0,397.2,5964
2026-05-06,398.0,398.0,395.0,395.0,5437
2026-05-07,397.9,400.0,392.0,397.7,17681
2026-05-08,404.9,404.9,396.5,399.0,8631
2026-05-11,399.0,404.9,396.0,402.7,12646
2026-05-12,399.0,404.9,397.3,400.0,18519
2026-05-13,395.1,397.4,387.0,394.9,40637
2026-05-14,401.0,401.0,389.0,396.0,12088
2026-05-15,399.9,399.9,390.1,396.0,12725
2026-05-18,394.0,396.0,393.0,395.8,3659
2026-05-19,395.0,398.8,394.1,397.0,6018
2026-05-20,399.9,400.0,397.1,399.9,58041
2026-05-21,404.0,407.0,389.9,398.5,283308
2026-05-22,395.0,405.0,393.0,405.0,47425
2026-05-25,396.0,404.0,396.0,400.0,17582
2026-05-26,400.0,403.0,393.0,403.0,89264
2026-05-27,396.5,402.0,396.5,400.0,64515
2026-06-01,401.0,402.0,394.3,396.5,22036
2026-06-02,393.0,399.9,393.0,398.7,13006
2026-06-03,398.0,400.0,395.0,398.9,28874
2026-06-04,399.4,400.0,394.1,398.9,26896
2026-06-05,396.5,399.9,394.0,399.0,45011
2026-06-08,399.9,399.9,394.1,396.9,13931
2026-06-09,398.0,398.0,392.2,397.0,11800
2026-06-10,395.0,398.8,391.2,396.0,21810
2026-06-11,393.0,395.0,392.0,393.9,23338
2026-06-12,390.2,401.0,390.2,395.5,21974
2026-06-15,397.0,397.0,390.0,396.9,41601
2026-06-16,393.0,395.0,390.3,395.0,19466
2026-06-17,399.8,399.8,388.0,392.0,42784
2026-06-18,399.0,399.0,390.0,393.4,88211
2026-06-19,387.1,394.8,387.0,394.0,12502
2026-06-22,400.0,400.0,391.5,393.0,12975
2026-06-23,388.0,395.0,387.3,393.9,20669
2026-06-24,395.0,395.0,387.1,391.7,26633
2026-06-25,388.0,393.0,387.6,390.8,209029
2026-06-26,390.8,394.4,387.0,393.9,61114
2026-06-29,388.0,393.0,387.6,390.0,5742
2026-06-30,390.1,391.5,385.1,385.1,22923
2026-07-01,387.0,390.0,386.0,387.0,18166
2026-07-02,386.0,393.9,384.1,392.2,1984
2026-07-03,398.9,400.0,385.0,393.9,142560
2026-07-06,389.0,393.9,387.1,393.9,16623
2026-07-07,393.8,395.0,389.1,392.0,27535
2026-07-08,387.1,391.0,386.0,388.7,7856
2026-07-09,388.1,389.9,385.5,388.3,21382
2026-07-10,392.0,392.0,386.3,390.9,9092
2026-07-13,390.0,390.0,383.0,389.8,32122
2026-07-14,385.0,390.0,382.1,388.9,14388
2026-07-15,390.0,393.0,385.0,387.0,20827
2026-07-16,385.1,393.0,384.2,392.9,10894
2026-07-17,394.9,399.9,394.0,399.9,34768
2026-07-20,404.9,409.0,395.0,409.0,40616
2026-07-21,407.0,410.0,403.0,410.0,63183
2026-07-22,412.0,412.9,402.0,412.0,50503
2026-07-23,412.0,415.0,400.0,409.0,7387
2026-07-24,409.4,413.5,407.0,413.5,68167
2026-07-27,410.0,417.9,410.0,415.0,58278
2026-07-28,421.0,422.9,408.1,408.1,10946
2026-07-29,408.1,412.0,402.0,409.9,14663
2026-07-30,419.9,419.9,403.0,406.9,4129
2026-07-31,408.9,409.0,400.0,408.0,32635
2026-08-03,399.6,415.0,399.6,408.0,12594
2026-08-04,402.0,409.0,401.0,409.0,11710
2026-08-05,403.0,411.8,403.0,408.7,12697
2026-08-06,415.0,415.0,391.0,406.4,2968
2026-08-07,401.0,405.9,400.0,405.9,10867
2026-08-10,407.0,407.0,400.0,401.0,6504
2026-08-11,401.0,405.0,398.0,405.0,22384
2026-08-12,401.0,404.9,397.0,404.0,23854
2026-08-13,402.0,406.0,398.0,404.0,86849
2026-08-14,398.0,404.9,397.2,404.9,11184
2026-08-17,404.9,404.9,398.0,399.0,20000
2026-08-18,397.0,407.0,395.0,407.0,18562
2026-08-19,392.0,404.5,392.0,401.0,12380
2026-08-20,393.0,404.9,393.0,404.9,12579
2026-08-21,401.0,404.0,396.4,402.9,25805
2026-08-24,395.1,405.0,392.1,405.0,11934
2026-08-25,404.0,404.0,399.0,404.0,28731
2026-08-26,396.0,404.0,393.6,399.0,43044
2026-08-27,403.0,403.0,393.0,400.0,413584
2026-08-31,402.6,402.6,391.1,398.7,10366
