timestamp,open,high,low,close,volume
2012-01-01,43.24,39.21,39.21,39.21,532
2012-01-02,44.34,44.34,44.34,44.34,419
2012-01-03,44.34,46.18,44.83,45.81,2840
2012-01-04,45.81,45.32,45.32,45.32,200
2012-01-05,45.32,45.56,45.08,45.08,158
2012-01-08,45.08,45.56,45.08,45.56,805
2012-01-09,45.56,45.44,45.32,45.44,832
2012-01-11,45.44,45.81,44.59,44.71,878
2012-01-12,44.71,46.66,45.2,46.66,80
2012-01-23,46.66,46.18,43.98,44.34,3035
2012-01-25,44.34,44.34,43.86,44.1,486
2012-01-26,44.1,44.47,43.86,44.47,1143
2012-01-29,44.47,44.96,44.47,44.47,291
2012-01-31,44.47,44.83,44.83,44.83,32
2012-02-01,44.83,44.47,44.47,44.47,64
2012-02-02,44.47,44.71,44.1,44.23,1523
2012-02-05,44.23,44.23,43.49,43.61,1993
2012-02-06,43.61,43.86,43.37,43.61,4406
2012-02-07,43.61,43.61,43.24,43.37,2102
2012-02-08,43.37,43.49,43.01,43.12,1794
2012-02-09,43.12,43.61,42.88,43.12,855
2012-02-12,43.12,43.49,43.12,43.49,330
2012-02-13,43.49,43.86,43.37,43.61,1436
2012-02-14,43.61,44.1,43.98,43.98,116
2012-02-15,43.98,43.61,43.12,43.37,1233
2012-02-16,43.37,43.61,42.76,43.49,1228
2012-02-23,43.49,43.12,43.12,43.12,645
2012-02-26,43.12,43.61,43.12,43.12,391
2012-02-27,43.12,43.37,42.88,43.37,1120
2012-02-28,43.37,43.86,43.37,43.86,760
2012-02-29,43.86,44.1,43.98,44.1,1209
2012-03-01,44.1,44.1,44.1,44.1,70
2012-03-04,44.1,43.98,43.49,43.98,1091
2012-03-05,43.98,43.98,43.98,43.98,100
2012-03-06,43.98,44.23,44.23,44.23,90
2012-03-11,44.23,44.23,43.74,43.74,432
2012-03-12,43.74,43.74,43.24,43.49,4702
2012-03-13,43.49,43.86,43.24,43.24,7475
2012-03-14,43.24,43.37,42.27,43.01,13277
2012-03-15,43.01,43.37,42.76,43.01,4621
2012-03-18,43.01,43.24,42.76,43.01,498
2012-03-19,43.01,43.24,42.76,42.88,866
2012-03-20,42.88,43.37,42.76,42.76,558
2012-03-21,42.76,43.86,42.76,43.86,1198
2012-03-25,43.86,43.37,43.01,43.01,421
2012-03-26,43.01,43.12,42.76,43.12,838
2012-03-27,43.12,42.88,42.64,42.88,1989
2012-03-28,42.88,43.01,42.64,43.01,1572
2012-03-29,43.01,42.88,42.76,42.88,1052
2012-04-01,42.88,43.12,42.39,43.12,232
2012-04-02,43.12,43.37,42.88,43.12,479
2012-04-03,43.12,43.61,42.76,43.37,1349
2012-04-04,43.37,43.74,43.49,43.74,288
2012-04-05,43.74,43.61,43.61,43.61,385
2012-04-08,43.61,43.49,43.01,43.12,2500
2012-04-09,43.12,43.98,42.76,43.61,5237
2012-04-10,43.61,44.23,43.12,44.23,395
2012-04-11,44.23,45.69,44.47,44.47,1758
2012-04-12,44.47,46.91,44.47,46.91,5677
2012-04-15,46.91,48.87,47.4,48.13,2290
2012-04-17,48.13,51.06,45.2,45.56,12214
2012-04-18,45.56,48.25,45.56,48.25,4246
2012-04-19,48.25,51.18,48.74,51.18,14028
2012-04-22,51.18,54.36,51.79,54.36,7989
2012-04-25,54.36,57.17,54.97,57.17,345
2012-04-26,57.17,60.96,53.75,60.96,24512
2012-04-29,60.96,63.03,59.86,63.03,12609
2012-04-30,63.03,62.67,59.24,61.56,3782
2012-05-03,61.56,65.84,62.42,65.84,735
2012-05-07,65.84,69.5,66.69,69.5,665
2012-05-08,69.5,71.46,65.72,66.94,10810
2012-05-09,66.94,67.31,63.28,64.13,15840
2012-05-10,64.13,64.99,59.98,62.54,12228
2012-05-13,62.54,61.69,58.39,59.73,2389
2012-05-14,59.73,59.0,56.19,57.29,6765
2012-05-15,57.29,61.08,58.02,61.08,2541
2012-05-16,61.08,65.35,61.93,65.35,363
2012-05-17,65.35,70.0,63.28,64.5,8575
2012-05-20,64.5,65.35,61.93,62.91,5590
2012-05-21,62.91,64.74,61.93,63.52,5306
2012-05-22,63.52,62.67,61.08,61.32,5509
2012-05-23,61.32,60.46,58.39,58.39,177
2012-05-24,58.39,62.05,57.66,60.96,3736
2012-05-27,60.96,64.62,61.08,62.42,3808
2012-06-03,62.42,62.42,59.86,59.86,7611
2012-06-04,59.86,59.73,57.78,58.02,3595
2012-06-05,58.02,57.29,55.09,56.43,6115
2012-06-06,56.43,55.7,53.75,54.97,3568
2012-06-07,54.97,55.7,53.75,54.48,4131
2012-06-10,54.48,55.09,54.0,54.0,1628
2012-06-11,54.0,55.46,54.6,54.97,2293
2012-06-12,54.97,54.97,53.75,54.48,4002
2012-06-13,54.48,54.48,53.75,53.75,7853
2012-06-14,53.75,54.36,53.75,53.75,643
2012-06-17,53.75,54.11,52.04,52.41,2482
2012-06-18,52.41,53.14,51.31,53.14,3053
2012-06-19,53.14,52.77,52.04,52.41,1392
2012-06-20,52.41,54.36,52.77,53.26,1674
2012-06-21,53.26,54.48,53.75,54.36,1321
2012-06-25,54.36,56.56,54.36,56.56,4473
2012-06-26,56.56,55.83,54.97,55.09,335
2012-06-27,55.09,56.43,55.22,56.43,2594
2012-06-28,56.43,58.02,56.92,57.29,3456
2012-07-01,57.29,57.41,56.07,56.19,2504
2012-07-02,56.19,56.19,54.6,54.97,7545
2012-07-03,54.97,55.7,55.58,55.7,198
2012-07-04,55.7,56.56,55.7,56.19,3142
2012-07-05,56.19,57.29,56.31,57.29,1329
2012-07-08,57.29,58.02,55.95,56.92,728
2012-07-09,56.92,56.43,54.97,56.43,4371
2012-07-10,56.43,57.29,56.56,56.8,1799
2012-07-11,56.8,57.05,56.68,56.8,2579
2012-07-12,56.8,57.05,55.83,57.05,756
2012-07-15,57.05,60.46,56.31,60.46,1583
2012-07-19,60.46,59.73,57.9,58.51,5242
2012-07-22,58.51,60.46,58.76,59.73,6695
2012-07-23,59.73,60.46,59.37,59.49,1376
2012-07-24,59.49,59.24,58.02,58.88,1730
2012-07-25,58.88,59.13,58.15,58.63,2760
2012-07-26,58.63,58.39,57.54,58.02,2881
2012-07-29,58.02,58.02,56.8,57.29,710
2012-07-30,57.29,58.02,57.41,57.54,3854
2012-07-31,57.54,58.02,56.8,58.02,4035
2012-08-01,58.02,58.51,57.54,58.51,2464
2012-08-05,58.51,57.78,57.66,57.66,225
2012-08-06,57.66,57.54,57.05,57.54,2038
2012-08-07,57.54,58.02,57.05,58.02,4128
2012-08-08,58.02,57.9,56.92,57.29,1586
2012-08-12,57.29,57.41,57.41,57.41,23
2012-08-13,57.41,56.68,55.22,56.19,2387
2012-08-14,56.19,56.19,54.73,54.97,2674
2012-08-15,54.97,54.97,53.75,54.24,1398
2012-08-16,54.24,55.46,52.77,55.46,2958
2012-08-19,55.46,55.83,54.97,55.22,5461
2012-08-21,55.22,54.97,54.36,54.36,2083
2012-08-22,54.36,54.97,54.11,54.24,2504
2012-08-23,54.24,54.6,53.51,53.75,3117
2012-08-26,53.75,54.73,53.63,53.75,1525
2012-08-27,53.75,55.34,54.24,54.6,2122
2012-08-28,54.6,55.46,54.97,54.97,3751
2012-08-29,54.97,55.58,54.73,55.22,2384
2012-08-30,55.22,55.7,54.85,54.97,1742
2012-09-02,54.97,56.43,55.34,55.7,7500
2012-09-03,55.7,56.43,55.46,56.43,2962
2012-09-04,56.43,56.19,55.22,56.19,2001
2012-09-05,56.19,55.95,55.46,55.95,4735
2012-09-06,55.95,56.43,55.7,56.19,2065
2012-09-09,56.19,56.43,55.7,56.07,1089
2012-09-10,56.07,55.58,55.46,55.58,2020
2012-09-11,55.58,56.19,55.09,55.83,1582
2012-09-12,55.83,57.05,55.83,56.92,3970
2012-09-13,56.92,56.31,56.19,56.19,1978
2012-09-16,56.19,56.43,56.19,56.43,1734
2012-09-17,56.43,57.17,56.07,57.17,1692
2012-09-18,57.17,57.9,57.17,57.17,2227
2012-09-19,57.17,57.9,56.8,57.41,1886
2012-09-20,57.41,56.92,56.19,56.19,1314
2012-09-23,56.19,56.19,55.09,55.83,1281
2012-09-24,55.83,55.46,54.73,54.73,1532
2012-09-25,54.73,55.22,54.6,55.22,776
2012-09-26,55.22,55.58,54.97,55.46,1441
2012-09-27,55.46,55.58,55.09,55.58,773
2012-09-30,55.58,55.34,54.6,54.97,625
2012-10-01,54.97,55.58,54.97,54.97,676
2012-10-02,54.97,54.97,54.97,54.97,841
2012-10-03,54.97,54.97,54.24,54.36,2316
2012-10-04,54.36,54.73,53.75,53.75,2165
2012-10-07,53.75,54.97,53.75,54.73,1405
2012-10-08,54.73,55.46,54.11,54.97,1095
2012-10-09,54.97,54.73,54.11,54.11,614
2012-10-10,54.11,54.24,53.63,53.75,1885
2012-10-11,53.75,53.75,53.14,53.63,373
2012-10-14,53.63,54.11,53.38,53.63,480
2012-10-15,53.63,55.34,53.26,53.87,39514
2012-10-17,53.87,55.34,54.36,55.22,2997
2012-10-18,55.22,55.58,54.97,55.46,2442
2012-10-30,55.46,56.92,55.46,56.31,844
2012-10-31,56.31,57.78,56.56,57.29,1705
2012-11-01,57.29,56.68,55.95,56.56,2623
2012-11-04,56.56,58.02,55.95,56.92,2303
2012-11-05,56.92,57.78,56.31,57.41,10411
2012-11-06,57.41,58.39,57.41,57.54,5591
2012-11-07,57.54,59.0,58.02,58.76,6585
2012-11-08,58.76,61.81,58.63,60.1,14160
2012-11-11,60.1,59.86,57.05,57.66,2000
2012-11-12,57.66,59.73,57.41,59.73,2327
2012-11-18,59.73,60.71,59.49,60.59,4422
2012-11-20,60.59,63.03,60.46,61.56,5122
2012-11-21,61.56,61.32,58.51,60.22,5835
2012-11-22,60.22,59.98,59.24,59.24,4444
2012-11-25,59.24,60.46,57.29,57.54,12155
2012-11-26,57.54,58.76,56.8,57.78,36405
2012-11-27,57.78,57.66,57.05,57.29,2094
2012-11-28,57.29,57.9,57.05,57.9,259
2012-11-29,57.9,57.66,57.17,57.66,2244
2012-12-02,57.66,56.92,56.8,56.8,386
2012-12-03,56.8,56.43,55.58,55.83,2374
2012-12-04,55.83,57.05,55.95,56.56,3193
2012-12-05,56.56,58.63,57.29,58.51,3442
2012-12-06,58.51,58.15,57.41,57.78,1369
2012-12-09,57.78,57.66,56.92,57.05,1916
2012-12-10,57.05,58.02,56.8,58.02,1085
2012-12-11,58.02,57.41,56.68,56.92,460
2012-12-13,56.92,57.41,56.43,57.29,3094
2012-12-16,57.29,58.76,57.66,57.78,1579
2012-12-17,57.78,60.71,56.92,58.15,21786
2012-12-18,58.15,58.27,56.92,58.27,813
2012-12-19,58.27,59.13,57.41,58.15,1662
2012-12-20,58.15,58.51,57.41,58.51,5866
2012-12-23,58.51,59.61,57.9,59.61,16382
2012-12-24,59.61,60.34,59.24,60.1,10602
2012-12-26,60.1,62.42,59.98,59.98,10614
2012-12-27,59.98,62.18,60.46,60.59,14104
2012-12-31,60.59,60.1,58.39,59.61,2133
2013-01-01,59.61,58.88,57.9,58.39,1228
2013-01-02,58.39,58.15,57.29,58.15,4379
2013-01-03,58.15,59.61,56.19,58.88,5922
2013-01-06,58.88,58.76,58.02,58.63,2320
2013-01-07,58.63,58.51,57.78,58.15,1287
2013-01-08,58.15,58.02,57.41,58.02,609
2013-01-09,58.02,58.15,56.8,58.15,2990
2013-01-10,58.15,58.02,57.41,58.02,2224
2013-01-13,58.02,58.02,56.19,57.66,3380
2013-01-15,57.66,58.27,56.8,56.8,3278
2013-01-16,56.8,57.54,56.43,57.54,2053
2013-01-17,57.54,56.92,56.8,56.92,924
2013-01-21,56.92,57.66,56.92,57.66,560
2013-01-22,57.66,57.78,56.56,57.17,1062
2013-01-23,57.17,56.43,56.43,56.43,693
2013-01-24,56.43,56.43,55.58,55.58,2240
2013-01-27,55.58,55.95,54.85,55.7,2595
2013-01-28,55.7,55.83,55.34,55.46,726
2013-01-30,55.46,55.7,55.09,55.7,2509
2013-01-31,55.7,55.7,55.22,55.58,2206
2013-02-03,55.58,56.92,56.31,56.92,159
2013-02-04,56.92,57.41,57.41,57.41,34
2013-02-05,57.41,56.68,54.97,54.97,1619
2013-02-06,54.97,55.7,54.97,55.34,2130
2013-02-07,55.34,55.83,54.36,55.83,5988
2013-02-10,55.83,55.95,55.22,55.95,787
2013-02-12,55.95,58.15,56.19,57.54,5349
2013-02-13,57.54,57.41,56.8,57.41,885
2013-02-14,57.41,57.66,56.92,57.17,2100
2013-02-17,57.17,60.59,57.9,60.46,3124
2013-02-19,60.46,61.2,59.0,59.49,5456
2013-02-20,59.49,59.37,56.43,57.9,541
2013-02-21,57.9,58.76,57.9,58.76,639
2013-02-25,58.76,58.02,56.68,57.41,1372
2013-02-26,57.41,58.15,57.29,57.54,4693
2013-02-27,57.54,57.29,56.56,57.17,2678
2013-02-28,57.17,57.17,56.19,57.17,2167
2013-03-03,57.17,57.78,56.56,56.8,520
2013-03-04,56.8,57.17,56.68,57.17,501
2013-03-05,57.17,56.43,55.83,56.43,2576
2013-03-06,56.43,57.17,55.58,56.31,2678
2013-03-07,56.31,57.05,55.58,56.31,6120
2013-03-11,56.31,57.05,56.19,56.19,4531
2013-03-13,56.19,57.9,55.7,56.8,5204
2013-03-14,56.8,59.24,57.54,57.54,1953
2013-03-17,57.54,57.41,56.19,56.8,2535
2013-03-18,56.8,57.05,55.58,56.31,2910
2013-03-19,56.31,56.43,56.07,56.43,2140
2013-03-20,56.43,56.43,55.7,55.7,849
2013-03-21,55.7,56.31,55.34,55.95,2682
2013-03-24,55.95,55.22,54.6,54.73,1359
2013-03-25,54.73,55.58,54.97,55.58,693
2013-03-27,55.58,55.34,54.97,54.97,1483
2013-03-28,54.97,55.7,54.24,55.22,1586
2013-03-31,55.22,55.09,54.85,55.09,2776
2013-04-01,55.09,55.22,54.36,54.97,2200
2013-04-02,54.97,55.83,55.46,55.58,2673
2013-04-03,55.58,56.07,55.22,55.22,2500
2013-04-04,55.22,55.34,54.85,55.22,3144
2013-04-07,55.22,55.46,54.97,55.09,736
2013-04-08,55.09,55.58,54.97,55.58,982
2013-04-09,55.58,56.31,54.97,55.7,4264
2013-04-11,55.7,56.56,55.58,55.95,1547
2013-04-15,55.95,56.07,55.58,55.95,2176
2013-04-16,55.95,55.7,55.09,55.7,6453
2013-04-17,55.7,55.46,54.97,55.34,1216
2013-04-18,55.34,55.34,55.09,55.22,1202
2013-04-21,55.22,55.09,54.36,54.85,2768
2013-04-22,54.85,54.36,53.63,54.36,1405
2013-04-23,54.36,55.46,54.6,54.85,5035
2013-04-25,54.85,54.97,54.36,54.36,1650
2013-04-28,54.36,54.0,52.65,52.77,2417
2013-04-29,52.77,53.14,52.53,53.14,1118
2013-04-30,53.14,52.89,52.53,52.89,1185
2013-05-02,52.89,52.41,51.79,51.79,1866
2013-05-05,51.79,52.04,51.55,51.55,2181
2013-05-06,51.55,51.55,50.57,51.55,3084
2013-05-07,51.55,54.85,52.16,54.85,1917
2013-05-08,54.85,55.46,53.51,54.48,4220
2013-05-09,54.48,54.36,53.14,53.14,2325
2013-05-12,53.14,52.89,52.16,52.53,3143
2013-05-13,52.53,54.11,51.91,54.11,36739
2013-05-14,54.11,54.73,53.63,53.75,1386
2013-05-15,53.75,55.09,53.75,54.73,3621
2013-05-16,54.73,54.36,53.75,54.24,1689
2013-05-19,54.24,54.36,53.75,53.75,5174
2013-05-20,53.75,54.24,53.26,53.75,2557
2013-05-21,53.75,54.36,53.51,54.24,859
2013-05-22,54.24,54.11,52.77,53.14,6137
2013-05-23,53.14,53.51,52.89,53.14,1440
2013-05-26,53.14,53.63,53.14,53.63,944
2013-05-27,53.63,53.75,53.02,53.75,3148
2013-05-28,53.75,54.36,53.87,54.0,1758
2013-05-30,54.0,54.24,54.0,54.0,623
2013-06-02,54.0,53.75,53.38,53.51,1703
2013-06-03,53.51,53.87,53.51,53.51,1850
2013-06-04,53.51,53.75,53.02,53.63,3125
2013-06-05,53.63,53.75,52.53,53.75,906
2013-06-06,53.75,53.75,53.26,53.75,942
2013-06-09,53.75,53.75,53.26,53.75,1046
2013-06-10,53.75,53.26,52.65,53.14,1759
2013-06-11,53.14,53.75,52.53,53.26,1469
2013-06-12,53.26,53.75,53.75,53.75,32
2013-06-13,53.75,54.36,53.51,54.36,2046
2013-06-16,54.36,53.87,53.75,53.87,892
2013-06-17,53.87,53.63,52.65,52.65,827
2013-06-18,52.65,53.75,53.26,53.75,652
2013-06-19,53.75,53.51,53.14,53.51,922
2013-06-20,53.51,54.0,53.51,53.75,4271
2013-06-23,53.75,53.26,53.02,53.02,865
2013-06-24,53.02,53.26,52.77,53.26,3722
2013-06-25,53.26,54.36,53.14,54.36,1725
2013-06-26,54.36,55.58,54.36,54.85,5262
2013-06-27,54.85,54.85,53.63,53.63,1166
2013-06-30,53.63,53.87,53.63,53.75,1151
2013-07-01,53.75,54.97,53.51,54.6,1738
2013-07-02,54.6,54.85,53.51,54.11,2862
2013-07-03,54.11,54.36,53.75,54.36,1109
2013-07-04,54.36,54.6,52.89,53.75,5722
2013-07-07,53.75,54.0,53.63,54.0,865
2013-07-08,54.0,54.6,53.38,54.6,3543
2013-07-09,54.6,55.46,54.73,54.97,2941
2013-07-10,54.97,55.58,55.09,55.58,2425
2013-07-11,55.58,55.58,54.73,54.97,1795
2013-07-14,54.97,55.95,55.34,55.34,852
2013-07-15,55.34,55.58,54.73,54.97,2183
2013-07-16,54.97,55.58,55.09,55.22,1235
2013-07-17,55.22,55.58,54.97,55.58,1262
2013-07-18,55.58,56.8,55.58,56.8,5599
2013-07-21,56.8,59.24,56.92,58.88,8632
2013-07-22,58.88,61.56,58.63,60.1,16489
2013-07-23,60.1,60.46,59.49,59.73,8477
2013-07-24,59.73,59.61,58.02,59.37,10059
2013-07-25,59.37,60.1,58.63,60.1,10326
2013-07-28,60.1,60.46,59.13,60.22,4932
2013-07-29,60.22,60.71,59.61,60.1,8486
2013-07-30,60.1,60.71,59.86,60.34,7131
2013-07-31,60.34,62.3,60.96,61.69,15721
2013-08-01,61.69,62.3,60.34,61.69,9378
2013-08-04,61.69,61.45,60.83,60.83,9506
2013-08-05,60.83,60.1,58.76,59.61,10843
2013-08-06,59.61,60.34,58.27,59.73,7717
2013-08-07,59.73,60.83,59.86,60.59,8497
2013-08-08,60.59,60.96,60.22,60.96,22646
2013-08-11,60.96,63.4,61.69,62.42,38218
2013-08-12,62.42,63.4,61.69,61.69,14400
2013-08-13,61.69,62.3,61.69,62.05,17898
2013-08-14,62.05,62.05,61.45,61.56,6049
2013-08-15,61.56,61.93,61.32,61.69,10433
2013-08-18,61.69,63.64,60.46,63.52,19191
2013-08-19,63.52,66.08,63.52,65.6,18076
2013-08-20,65.6,67.67,66.21,66.58,21576
2013-08-25,66.58,67.79,66.45,66.58,14014
2013-08-26,66.58,68.4,65.96,66.69,19762
2013-08-27,66.69,67.31,65.11,67.18,40422
2013-08-29,67.18,67.18,66.33,67.18,21389
2013-09-01,67.18,67.06,66.58,66.82,6965
2013-09-02,66.82,66.58,65.96,66.58,21059
2013-09-03,66.58,66.45,65.96,66.21,17438
2013-09-04,66.21,66.45,65.47,65.84,5389
2013-09-05,65.84,66.58,65.72,66.45,6594
2013-09-08,66.45,66.82,66.21,66.58,4829
2013-09-09,66.58,66.69,66.45,66.69,5094
2013-09-10,66.69,66.33,64.74,64.99,9457
2013-09-11,64.99,65.6,64.74,65.23,2790
2013-09-12,65.23,65.72,64.74,65.72,5732
2013-09-15,65.72,65.35,64.74,65.35,4796
2013-09-16,65.35,64.99,64.13,64.74,3155
2013-09-17,64.74,66.33,64.13,66.33,2825
2013-09-19,66.33,65.47,64.13,64.74,6040
2013-09-22,64.74,64.37,63.52,63.76,2412
2013-09-23,63.76,63.52,62.67,62.67,3054
2013-09-24,62.67,63.76,62.67,63.64,7330
2013-09-25,63.64,63.88,63.28,63.76,3361
2013-09-26,63.76,64.13,62.91,63.15,3494
2013-09-29,63.15,63.64,62.91,62.91,2322
2013-09-30,62.91,63.4,62.42,63.4,8106
2013-10-01,63.4,63.76,62.78,63.52,7281
2013-10-02,63.52,64.01,63.15,63.88,2296
2013-10-03,63.88,65.11,64.13,64.74,3297
2013-10-06,64.74,64.74,64.01,64.74,1925
2013-10-07,64.74,65.35,64.74,65.35,2676
2013-10-08,65.35,66.21,65.84,66.21,7417
2013-10-09,66.21,66.69,65.47,65.72,5605
2013-10-10,65.72,66.58,65.96,65.96,2208
2013-10-17,65.96,66.94,66.21,66.21,399
2013-10-20,66.21,67.31,66.58,67.18,12849
2013-10-21,67.18,67.79,66.21,67.18,12388
2013-10-22,67.18,66.94,65.96,65.96,1551
2013-10-23,65.96,66.21,65.96,66.21,1124
2013-10-24,66.21,66.08,65.72,65.96,3223
2013-10-27,65.96,65.96,65.11,65.96,2704
2013-10-28,65.96,66.58,65.11,65.72,2319
2013-10-29,65.72,65.72,65.47,65.6,784
2013-10-30,65.6,66.33,65.6,66.21,2887
2013-10-31,66.21,66.69,65.96,66.58,5697
2013-11-06,66.58,67.43,66.33,66.45,634
2013-11-07,66.45,66.58,65.6,66.08,2024
2013-11-10,66.08,66.33,65.96,66.33,2388
2013-11-11,66.33,68.04,65.96,67.67,5578
2013-11-12,67.67,69.63,67.18,68.4,21927
2013-11-13,68.4,69.38,67.18,69.14,25596
2013-11-14,69.14,68.77,68.16,68.4,9592
2013-11-21,68.4,72.31,69.38,72.31,281
2013-11-24,72.31,77.68,73.29,74.51,25192
2013-11-25,74.51,76.22,71.95,74.51,11761
2013-11-26,74.51,75.98,74.27,74.27,15974
2013-11-27,74.27,75.36,73.9,74.51,5518
2013-11-28,74.51,74.51,73.29,73.9,7593
2013-12-01,73.9,77.45,75.0,75.85,24214
2013-12-02,75.85,78.3,75.85,78.3,20439
2013-12-03,78.3,80.62,79.27,79.4,19036
2013-12-04,79.4,85.5,80.62,81.23,14632
2013-12-05,81.23,86.85,81.47,83.06,18149
2013-12-08,83.06,85.38,81.84,83.18,24817
2013-12-09,83.18,85.02,82.82,84.89,14569
2013-12-10,84.89,85.99,84.16,85.02,13358
2013-12-11,85.02,89.17,85.5,87.95,8005
2013-12-12,87.95,89.53,88.07,89.17,14273
2013-12-15,89.17,95.89,87.95,95.89,17436
2013-12-16,95.89,102.84,97.35,102.6,10066
2013-12-18,102.6,107.61,104.19,105.05,13606
2013-12-19,105.05,103.82,100.16,100.77,14344
2013-12-22,100.77,101.38,96.49,100.28,16844
2013-12-23,100.28,100.28,96.37,96.37,12231
2013-12-24,96.37,100.77,90.39,97.11,25045
2013-12-26,97.11,104.56,98.57,102.11,23814
2013-12-29,102.11,102.6,99.67,100.77,13539
2013-12-31,100.77,100.16,98.08,98.69,13521
2014-01-01,98.69,99.06,96.37,98.69,30824
2014-01-02,108.34,102.46,97.26,100.4,1794
2014-01-05,100.4,101.22,97.81,98.62,1816
2014-01-06,98.62,99.31,96.03,96.98,1613
2014-01-07,96.98,97.67,95.75,97.67,4610
2014-01-08,97.67,100.54,96.3,97.67,14172
2014-01-09,97.67,97.81,97.26,97.26,3284
2014-01-12,97.26,100.13,97.67,98.49,4556
2014-01-13,98.49,99.03,96.98,99.03,5931
2014-01-14,99.03,100.68,97.53,100.4,5967
2014-01-16,100.4,102.04,99.72,99.72,7486
2014-01-19,99.72,99.03,98.35,99.03,631
2014-01-20,99.03,98.62,97.39,97.67,5822
2014-01-21,97.67,99.18,97.67,98.76,996
2014-01-22,98.76,98.62,97.53,98.35,7673
2014-01-23,98.35,99.03,97.67,98.9,2566
2014-01-26,98.9,99.03,97.67,98.35,1590
2014-01-27,98.35,96.98,95.62,96.3,605
2014-01-28,96.3,97.81,96.3,97.12,1421
2014-01-29,97.12,97.39,96.03,96.98,1198
2014-02-02,96.98,99.03,96.98,96.98,5265
2014-02-03,96.98,97.67,96.3,96.44,3697
2014-02-04,96.44,96.98,96.03,96.03,7146
2014-02-05,96.03,98.35,96.98,97.67,1340
2014-02-06,97.67,98.35,95.62,96.85,21299
2014-02-09,96.85,97.12,95.62,96.3,5065
2014-02-10,96.3,103.14,97.81,100.54,3713
2014-02-11,100.54,100.4,96.98,97.94,15906
2014-02-12,97.94,99.72,97.26,97.26,1627
2014-02-13,97.26,99.31,97.67,97.67,2363
2014-02-16,97.67,98.62,96.98,98.62,1795
2014-02-17,98.62,100.68,98.35,98.35,1826
2014-02-18,98.35,99.18,97.12,98.76,2760
2014-02-20,98.76,100.95,96.98,99.03,11158
2014-02-23,99.03,101.09,99.03,99.72,8792
2014-02-24,99.72,102.46,99.72,99.72,11724
2014-02-25,99.72,101.09,99.03,100.54,4557
2014-02-26,100.54,100.82,97.12,99.03,4471
2014-03-03,99.03,97.81,96.3,97.26,2468
2014-03-04,97.26,96.98,94.93,96.98,5896
2014-03-05,96.98,98.76,96.98,97.81,3966
2014-03-06,97.81,98.35,96.3,96.3,1382
2014-03-09,96.3,95.07,92.47,92.47,3692
2014-03-10,92.47,94.93,92.33,92.33,7723
2014-03-11,92.33,93.57,91.52,91.52,6132
2014-03-12,91.52,92.88,90.42,92.88,4342
2014-03-13,92.88,96.03,92.33,92.33,4483
2014-03-17,92.33,91.1,89.46,90.14,3912
2014-03-18,90.14,90.42,88.91,89.46,14452
2014-03-19,89.46,92.74,89.46,90.14,2791
2014-03-20,90.14,90.83,89.46,90.69,10417
2014-03-23,90.69,90.97,89.46,90.97,6259
2014-03-24,90.97,92.47,90.83,92.47,5075
2014-03-25,92.47,92.47,91.52,92.47,3889
2014-03-26,92.47,92.88,92.2,92.2,1683
2014-03-27,92.2,92.47,91.38,91.78,5068
2014-03-31,91.78,92.88,90.97,92.88,8164
2014-04-01,92.88,93.98,91.52,92.74,5991
2014-04-02,92.74,94.93,92.88,94.25,7472
2014-04-03,94.25,95.07,93.57,93.57,5404
2014-04-06,93.57,93.57,90.83,92.61,3861
2014-04-07,92.61,92.33,91.38,91.93,6457
2014-04-09,91.93,93.29,91.52,92.2,8384
2014-04-10,92.2,94.93,92.47,94.25,4157
2014-04-13,94.25,96.71,94.66,95.89,5053
2014-04-15,95.89,96.3,94.93,95.07,3866
2014-04-16,95.07,94.93,93.57,94.38,2574
2014-04-17,94.38,94.93,92.74,94.25,9120
2014-04-20,94.25,94.25,92.88,93.43,5444
2014-04-21,93.43,93.57,91.65,92.88,3790
2014-04-22,92.88,93.84,91.78,93.84,17530
2014-04-23,93.84,95.07,93.84,94.25,3311
2014-04-27,94.25,94.25,93.29,93.29,1535
2014-04-28,93.29,93.43,90.83,91.65,4612
2014-04-29,91.65,91.65,90.28,90.97,7200
2014-04-30,90.97,92.61,90.28,92.06,9134
2014-05-04,92.06,95.48,93.02,94.93,12125
2014-05-05,94.93,100.68,94.25,100.68,8672
2014-05-06,100.68,105.87,99.03,102.73,29604
2014-05-07,102.73,105.47,102.04,102.04,11268
2014-05-08,102.04,103.0,100.95,101.63,8514
2014-05-11,101.63,101.77,99.72,100.4,9135
2014-05-12,100.4,102.18,101.09,101.22,7377
2014-05-13,101.22,102.46,101.5,101.5,9992
2014-05-15,101.5,103.41,101.77,103.14,8599
2014-05-18,103.14,105.19,102.46,103.82,7652
2014-05-19,103.82,104.23,102.46,103.0,11925
2014-05-20,103.0,102.87,102.04,102.87,3719
2014-05-21,102.87,103.82,100.4,103.55,9668
2014-05-22,103.55,103.96,101.36,103.41,11693
2014-05-25,103.41,108.06,103.82,104.92,11842
2014-05-26,104.92,105.87,104.23,105.33,8592
2014-05-27,105.33,105.87,104.64,105.87,6493
2014-05-28,105.87,107.38,105.19,107.24,10391
2014-06-01,107.24,114.35,107.24,113.94,16668
2014-06-02,113.94,115.72,112.71,114.35,34422
2014-06-03,114.35,122.29,115.45,118.87,27005
2014-06-04,118.87,121.47,118.73,120.92,27167
2014-06-05,120.92,120.51,117.51,119.01,11757
2014-06-08,119.01,119.96,118.05,118.32,8247
2014-06-09,118.32,118.32,115.86,117.09,10661
2014-06-10,117.09,119.56,116.96,117.51,10186
2014-06-11,117.51,120.24,117.09,118.32,14183
2014-06-12,118.32,119.56,115.72,119.56,18974
2014-06-15,119.56,121.6,119.69,120.24,11152
2014-06-16,120.24,121.47,119.69,119.69,7754
2014-06-17,119.69,120.24,116.82,118.87,5935
2014-06-18,118.87,119.42,118.19,118.46,6868
2014-06-19,118.46,118.19,116.68,117.36,7642
2014-06-23,117.36,118.19,114.77,118.19,6128
2014-06-24,118.19,119.01,116.27,116.68,8561
2014-06-25,116.68,120.37,117.23,118.19,5323
2014-06-26,118.19,119.56,118.19,118.32,3995
2014-06-29,118.32,120.1,118.05,118.19,6610
2014-06-30,118.19,119.96,118.19,118.87,9706
2014-07-01,118.87,120.37,117.51,118.87,10726
2014-07-02,118.87,120.79,118.87,119.83,6814
2014-07-03,119.83,120.24,118.6,119.01,9414
2014-07-06,119.01,119.83,118.19,119.42,8238
2014-07-07,119.42,121.2,119.28,120.92,8810
2014-07-08,120.92,124.34,121.33,124.34,11742
2014-07-09,124.34,125.16,122.29,125.16,6685
2014-07-10,125.16,129.95,121.6,127.76,11021
2014-07-13,127.76,132.55,128.72,129.95,17232
2014-07-14,129.95,132.14,127.76,129.13,11478
2014-07-15,129.13,130.22,127.76,129.13,9633
2014-07-16,129.13,132.55,128.03,129.26,15435
2014-07-17,129.26,131.18,128.45,130.5,7000
2014-07-20,130.5,138.29,131.45,138.16,18138
2014-07-21,138.16,141.44,135.96,136.65,12535
2014-07-22,136.65,138.02,132.96,135.69,12151
2014-07-23,135.69,138.02,133.92,134.6,8916
2014-07-24,134.6,136.92,134.6,136.65,14962
2014-07-27,136.65,141.44,138.7,138.84,10172
2014-07-28,138.84,139.66,137.33,137.33,5964
2014-07-30,137.33,140.76,136.65,139.11,13794
2014-07-31,139.11,139.11,135.96,135.96,11274
2014-08-03,135.96,137.33,134.6,134.74,11684
2014-08-04,134.74,134.74,131.18,132.55,10907
2014-08-05,132.55,136.51,132.68,132.82,7406
2014-08-06,132.82,141.3,135.01,137.33,46306
2014-08-07,137.33,139.25,134.6,138.29,35034
2014-08-12,138.29,137.88,135.28,137.33,19156
2014-08-13,137.33,142.81,134.6,138.97,20410
2014-08-14,138.97,141.44,138.7,139.39,14962
2014-08-18,139.39,141.03,134.6,136.65,17895
2014-08-19,136.65,139.39,136.1,138.7,27089
2014-08-20,138.7,138.43,135.28,135.28,14378
2014-08-21,135.28,138.02,131.32,137.06,17433
2014-08-24,137.06,138.02,135.96,135.96,14499
2014-08-25,135.96,135.28,128.99,131.73,13723
2014-08-26,131.73,138.56,126.67,127.76,28905
2014-08-27,127.76,135.28,129.95,134.74,20208
2014-08-28,134.74,137.47,131.86,133.23,29856
2014-08-31,133.23,133.37,129.81,130.63,13244
2014-09-01,130.63,129.4,124.48,128.99,15506
2014-09-03,128.99,128.45,125.02,125.71,13879
2014-09-04,125.71,125.02,120.92,123.93,41689
2014-09-07,123.93,125.57,116.27,116.27,10261
2014-09-09,116.27,124.07,116.14,124.07,20128
2014-09-10,124.07,128.17,119.56,122.29,17080
2014-09-11,122.29,121.74,116.82,121.74,13716
2014-09-14,121.74,122.7,120.65,120.65,8550
2014-09-15,120.65,120.79,117.64,120.24,8659
2014-09-16,120.24,118.32,111.76,114.77,27267
2014-09-17,114.77,116.0,114.08,114.35,13721
2014-09-21,110.25,109.02,106.42,107.93,9690
2014-09-22,107.93,108.61,105.87,106.56,8850
2014-09-23,106.56,111.76,108.2,108.61,5754
2014-09-24,108.61,112.71,107.24,112.71,7946
2014-09-28,112.71,115.31,112.85,115.31,4642
2014-09-29,115.31,116.82,112.85,116.0,3933
2014-09-30,116.0,118.19,115.45,115.45,5805
2014-10-09,115.45,114.22,112.03,112.71,2879
2014-10-12,112.71,112.71,112.03,112.03,3318
2014-10-13,112.03,112.71,111.34,112.71,4762
2014-10-14,112.71,114.77,111.62,114.35,12523
2014-10-15,114.35,115.31,112.85,115.31,4826
2014-10-16,115.31,116.55,114.08,114.22,8685
2014-10-19,114.22,115.86,111.76,114.08,22812
2014-10-20,114.08,113.31,112.55,113.31,1245
2014-10-21,113.31,112.55,111.93,112.55,1516
2014-10-22,112.55,112.71,110.86,112.71,70
2014-10-26,112.71,112.55,111.02,111.79,518
2014-10-27,111.79,112.55,111.79,111.79,5311
2014-10-28,111.79,112.55,110.25,111.79,6383
2014-10-30,111.79,113.31,112.55,113.01,440
2014-11-02,113.01,113.01,111.79,112.55,831
2014-11-03,112.55,111.02,109.03,110.41,1918
2014-11-04,110.41,110.41,107.19,110.41,2615
2014-11-05,110.41,111.93,108.87,111.93,823
2014-11-06,111.93,111.93,108.57,109.18,1490
2014-11-09,109.18,109.48,109.18,109.48,552
2014-11-10,109.48,107.95,106.42,106.42,4457
2014-11-11,106.42,109.03,105.5,108.72,10759
2014-11-12,108.72,107.95,107.5,107.65,3383
2014-11-13,107.65,110.41,106.73,110.41,1249
2014-11-16,110.41,108.72,106.73,106.73,5156
2014-11-17,106.73,107.95,104.89,107.34,1901
2014-11-18,107.34,107.19,103.97,105.66,8124
2014-11-19,105.66,106.42,105.66,105.81,2060
2014-11-20,105.81,109.03,106.42,106.42,1359
2014-11-23,106.42,109.18,104.73,106.42,2721
2014-11-24,106.42,107.8,106.42,106.42,349
2014-11-25,106.42,107.19,107.19,107.19,210
2014-11-30,107.19,107.34,107.19,107.34,72
2014-12-01,107.34,105.96,103.82,104.28,1773
2014-12-02,104.28,105.35,102.9,105.35,1647
2014-12-03,105.35,106.88,104.89,106.42,2010
2014-12-04,106.42,108.87,105.66,105.66,2072
2014-12-07,105.66,105.96,105.5,105.96,2306
2014-12-08,105.96,107.65,104.89,105.96,1081
2014-12-09,105.96,105.66,104.43,105.2,4118
2014-12-10,105.2,106.88,105.66,105.66,1828
2014-12-11,105.66,109.18,105.66,109.18,9379
2014-12-14,109.18,117.76,110.25,116.07,11717
2014-12-15,116.07,121.9,113.77,118.68,13599
2014-12-16,118.68,120.21,114.85,117.76,8691
2014-12-17,117.76,117.15,114.24,117.15,1078
2014-12-18,117.15,117.15,115.0,117.15,4380
2014-12-21,117.15,115.46,113.17,114.24,636
2014-12-22,114.24,113.47,112.71,113.01,2177
2014-12-23,113.01,112.39,108.87,112.39,1880
2014-12-24,112.39,115.15,112.55,114.54,2628
2014-12-28,114.54,119.14,116.38,117.61,4574
2014-12-29,117.61,118.52,114.85,118.22,8149
2014-12-31,118.22,118.06,116.99,117.45,4598
2015-01-01,117.45,119.44,117.15,118.06,9356
2015-01-04,118.06,120.67,117.91,120.21,16800
2015-01-05,120.21,120.98,116.84,118.68,3161
2015-01-06,118.68,120.21,116.99,119.14,3423
2015-01-07,119.14,120.06,118.06,119.44,2907
2015-01-08,119.44,121.13,119.29,120.06,7609
2015-01-11,120.06,120.37,118.52,120.37,3138
2015-01-12,120.37,120.37,118.37,120.37,5136
2015-01-13,120.37,120.37,118.37,120.37,7800
2015-01-14,120.37,121.28,119.44,120.06,1869
2015-01-18,120.06,124.04,119.44,121.59,4503
2015-01-19,121.59,127.72,123.58,126.64,10712
2015-01-20,126.64,126.64,123.58,123.58,8463
2015-01-22,123.58,122.51,119.9,122.2,3663
2015-01-25,122.2,126.8,121.13,126.8,3504
2015-01-26,126.8,127.1,124.96,124.96,4997
2015-01-27,124.96,124.96,122.97,124.04,830
2015-01-28,124.04,126.64,124.04,126.64,6114
2015-01-29,126.64,127.87,125.11,126.03,8743
2015-02-01,126.03,129.4,127.41,128.48,6430
2015-02-02,128.48,129.4,127.56,127.56,3790
2015-02-03,127.56,126.95,125.42,126.95,1064
2015-02-04,126.95,128.64,125.57,128.64,4279
2015-02-05,128.64,127.1,124.96,125.57,4313
2015-02-08,125.57,127.72,125.57,126.5,5114
2015-02-09,126.5,126.5,124.81,125.88,5742
2015-02-10,125.88,125.57,124.04,125.57,1964
2015-02-11,125.57,125.73,123.43,125.57,1781
2015-02-12,125.57,126.34,124.81,125.42,3239
2015-02-15,125.42,125.73,124.96,125.73,12747
2015-02-16,125.73,125.73,124.65,125.57,7581
2015-02-19,125.57,125.42,124.04,125.42,2072
2015-02-22,125.42,123.89,123.28,123.43,3626
2015-02-23,123.43,123.43,122.05,122.97,10506
2015-02-24,122.97,123.28,122.35,123.28,4840
2015-02-25,123.28,123.12,122.2,122.2,2450
2015-02-26,122.2,122.51,121.74,122.51,952
2015-03-01,123.12,122.97,122.51,122.66,1025
2015-03-02,122.66,124.04,123.28,124.04,2936
2015-03-03,124.04,124.81,123.58,124.04,3863
2015-03-04,124.04,126.34,125.11,125.42,4149
2015-03-09,125.42,127.1,124.5,125.42,2178
2015-03-10,125.42,124.81,123.43,124.65,1470
2015-03-11,124.65,124.81,122.66,123.73,3190
2015-03-12,123.73,124.04,123.28,123.43,3057
2015-03-15,123.43,123.12,121.59,123.12,1801
2015-03-16,123.12,122.51,119.6,120.82,2414
2015-03-17,120.82,121.28,117.15,120.21,5807
2015-03-18,120.21,120.98,118.06,119.75,5522
2015-03-19,119.75,123.28,120.98,123.28,4831
2015-03-22,123.28,123.28,120.37,120.98,6176
2015-03-23,120.98,120.98,118.99,118.99,2482
2015-03-24,118.99,120.21,118.99,119.14,4352
2015-03-25,119.14,119.75,117.76,119.44,6360
2015-03-26,119.44,118.37,118.37,118.37,165
2015-03-29,118.37,118.22,117.61,117.91,4275
2015-03-30,117.91,119.44,117.45,117.91,3480
2015-03-31,117.91,120.21,118.37,120.21,1718
2015-04-01,120.21,121.59,118.22,118.68,2362
2015-04-02,118.68,119.75,118.68,119.75,3083
2015-04-05,119.75,118.83,118.06,118.83,2762
2015-04-06,118.83,118.99,117.76,117.91,4040
2015-04-07,117.91,119.6,117.91,118.37,2357
2015-04-08,118.37,121.74,118.06,121.13,1818
2015-04-09,121.13,122.51,120.98,122.2,1924
2015-04-12,122.2,125.57,122.81,123.28,7816
2015-04-13,123.28,124.04,122.81,123.58,3183
2015-04-15,123.58,122.66,122.05,122.51,6878
2015-04-16,122.51,123.89,122.05,122.97,7717
2015-04-19,122.97,124.81,122.66,124.81,6303
2015-04-20,124.81,126.8,124.19,125.27,7789
2015-04-21,125.27,127.1,125.27,125.57,5748
2015-04-22,125.57,124.81,124.35,124.81,906
2015-04-23,124.19,124.19,122.81,124.04,4222
2015-05-26,124.04,122.05,113.47,113.47,8817
2015-05-27,113.47,111.63,105.66,107.19,20143
2015-05-28,107.19,109.79,105.5,109.03,12283
2015-05-31,109.03,113.17,109.79,113.17,7287
2015-06-01,113.17,116.84,112.55,114.08,10725
2015-06-02,114.08,115.0,112.71,114.85,4987
2015-06-03,114.85,119.44,116.38,118.06,7226
2015-06-04,118.06,118.52,116.07,117.76,6670
2015-06-07,117.76,118.99,117.15,118.06,4951
2015-06-08,118.06,123.28,120.06,121.74,10190
2015-06-09,121.74,127.87,123.73,125.27,16430
2015-06-10,125.27,124.81,121.74,122.66,8353
2015-06-11,122.66,121.74,119.44,119.9,10636
2015-06-14,119.9,120.21,117.45,118.68,6061
2015-06-15,118.68,120.21,116.84,119.44,5954
2015-06-16,119.44,119.44,117.91,119.29,1713
2015-06-17,119.29,119.29,117.91,119.29,3023
2015-06-18,119.29,119.44,118.52,119.29,3175
2015-06-21,119.29,118.06,117.3,117.76,1566
2015-06-22,117.76,119.44,117.76,119.44,1297
2015-06-23,118.68,119.29,117.91,119.29,5342
2015-06-24,118.68,120.21,118.52,119.14,2484
2015-06-25,119.44,120.21,119.44,120.21,1502
2015-06-28,120.82,120.98,120.21,120.67,5103
2015-06-29,122.66,122.66,120.21,120.21,3244
2015-06-30,120.37,121.28,119.9,120.52,6330
2015-07-01,120.21,120.52,120.06,120.06,4476
2015-07-02,118.68,120.37,118.68,120.37,1677
2015-07-05,120.52,120.52,118.68,118.83,3212
2015-07-06,118.37,118.99,117.91,118.52,7065
2015-07-07,118.52,120.21,118.52,120.21,1427
2015-07-08,120.67,120.98,119.44,119.9,5195
2015-07-09,120.67,119.9,119.44,119.44,881
2015-07-12,117.91,120.67,117.91,120.67,3329
2015-07-13,119.44,120.52,119.44,120.52,3237
2015-07-14,118.52,121.28,118.52,120.52,6605
2015-07-15,121.74,121.9,120.67,120.98,3563
2015-07-16,120.98,122.51,121.13,122.2,3381
2015-07-22,121.9,125.42,121.9,123.89,4096
2015-07-23,123.89,134.31,125.42,134.31,30632
2015-07-26,134.31,141.2,136.6,141.2,244
2015-07-27,141.2,148.55,136.29,136.29,37875
2015-07-28,136.29,141.81,129.86,135.38,18439
2015-07-29,135.38,136.75,132.93,134.15,5363
2015-07-30,134.15,136.29,132.47,134.0,6054
2015-08-02,134.0,135.38,133.39,135.38,5122
2015-08-03,135.38,134.77,132.47,133.08,10800
2015-08-04,133.08,133.23,132.01,133.23,10766
2015-08-05,133.23,133.08,130.63,132.47,10001
2015-08-06,132.16,135.84,132.62,133.54,9199
2015-08-09,133.54,137.98,131.85,134.77,21249
2015-08-10,134.77,140.89,134.91,137.67,19525
2015-08-11,137.67,137.67,132.62,134.77,16785
2015-08-12,132.47,136.29,130.48,135.53,24529
2015-08-13,135.38,136.6,134.0,136.6,27403
2015-08-16,136.6,137.06,132.62,136.14,25911
2015-08-17,138.44,147.79,138.44,147.79,28127
2015-08-18,150.24,154.68,145.49,151.62,15853
2015-08-19,150.08,154.53,150.08,151.92,8967
2015-08-20,154.53,157.75,151.62,152.38,18299
2015-08-23,149.78,157.59,147.79,154.68,4598
2015-08-24,154.68,155.14,150.08,150.39,4173
2015-08-25,147.48,153.15,146.26,150.24,9751
2015-08-26,150.24,150.24,147.63,148.1,4086
2015-08-27,150.08,150.54,147.02,147.79,3621
2015-08-31,147.02,149.32,147.02,148.55,6161
2015-09-01,148.55,149.32,147.79,147.79,5836
2015-09-02,146.26,146.26,144.73,146.26,3707
2015-09-03,145.79,145.95,143.8,144.57,7759
2015-09-06,142.42,146.1,142.42,143.19,14661
2015-09-07,142.42,143.95,140.59,142.42,12685
2015-09-08,142.27,144.11,142.12,143.19,7039
2015-09-09,145.64,143.95,141.2,141.81,3959
2015-09-10,141.51,141.66,140.89,140.89,7253
2015-09-13,140.89,143.04,140.89,142.73,12897
2015-09-14,145.18,145.49,143.04,144.41,10736
2015-09-15,145.79,147.02,145.64,145.95,11919
2015-09-16,147.02,148.4,145.49,145.49,8652
2015-09-17,147.33,147.33,143.19,143.19,11199
2015-09-22,140.89,141.2,137.06,138.6,15103
2015-09-23,139.36,144.11,139.36,140.74,7422
2015-09-24,139.36,140.59,136.29,140.13,7162
2015-09-28,137.83,138.6,135.53,137.83,9661
2015-09-29,135.53,140.74,135.53,137.52,6271
2015-09-30,139.36,140.13,138.29,139.51,8766
2015-10-01,139.21,141.35,139.05,139.36,5469
2015-10-04,140.13,140.13,137.06,138.29,11306
2015-10-05,139.36,139.36,137.06,137.06,6022
2015-10-06,136.75,136.91,135.38,136.29,3369
2015-10-07,134.15,134.77,132.16,134.77,7098
2015-10-08,133.54,136.29,133.39,136.14,6983
2015-10-11,133.84,134.0,131.09,132.47,9431
2015-10-14,131.85,131.85,128.79,129.56,9025
2015-10-15,127.87,129.4,127.87,128.94,2487
2015-10-18,127.1,128.94,126.8,128.18,3225
2015-10-19,129.4,129.4,128.64,129.1,743
2015-10-27,126.95,126.95,122.51,122.51,8277
2015-10-28,120.98,122.97,118.52,122.51,4595
2015-10-29,123.28,125.57,122.51,122.51,1641
2015-11-01,122.51,122.51,119.75,121.9,5970
2015-11-02,122.51,124.5,122.51,123.28,2670
2015-11-03,123.28,123.28,119.6,122.51,3357
2015-11-04,119.9,122.05,119.9,121.74,1020
2015-11-05,120.67,121.74,120.37,121.13,10146
2015-11-08,121.13,121.13,120.98,120.98,323
2015-11-09,122.97,123.73,122.51,122.81,2199
2015-11-10,124.04,126.03,123.43,123.43,2256
2015-11-15,122.51,123.43,122.51,123.43,900
2015-11-16,121.9,121.9,121.13,121.74,2881
2015-11-18,121.9,122.51,119.75,122.2,5810
2015-11-19,121.74,122.2,121.43,121.59,2199
2015-11-22,119.75,119.75,118.68,118.99,2216
2015-11-23,118.68,119.6,117.15,119.6,4597
2015-11-24,121.59,121.59,119.75,119.75,1328
2015-11-25,119.44,119.44,118.37,118.37,2467
2015-11-26,117.15,118.22,115.61,116.38,9378
2015-11-29,114.54,114.54,108.72,111.02,7379
2015-11-30,112.55,114.39,109.33,111.79,5651
2015-12-01,111.79,117.3,112.71,117.3,6647
2015-12-02,117.45,117.45,113.93,115.15,3427
2015-12-03,116.23,119.9,115.0,115.92,3713
2015-12-04,117.76,120.98,117.15,120.67,5131
2015-12-07,122.51,122.51,120.21,120.98,4851
2015-12-08,122.97,124.19,122.51,124.19,6670
2015-12-09,125.57,128.02,125.42,125.73,12896
2015-12-10,125.27,125.57,124.81,125.42,6371
2015-12-13,126.8,127.1,125.27,125.73,9143
2015-12-14,125.88,126.34,123.58,125.27,9284
2015-12-15,125.27,126.64,124.5,124.96,39648
2015-12-16,124.96,126.98,123.31,123.31,3666
2015-12-17,125.33,125.33,121.28,122.2,4196
2015-12-20,122.2,122.2,120.18,122.2,5184
2015-12-21,122.2,129.56,124.22,128.82,9602
2015-12-22,131.03,132.31,128.64,131.39,7277
2015-12-23,131.39,132.13,130.48,131.76,3950
2015-12-24,133.23,133.6,131.39,131.76,2177
2015-12-25,132.13,132.13,128.64,130.48,1478
2015-12-28,130.48,130.48,128.08,128.64,6188
2015-12-29,128.64,129.56,128.27,128.82,3984
2015-12-31,129.74,133.6,129.37,132.31,6817
2016-01-03,131.03,131.39,129.56,130.48,2818
2016-01-04,130.48,129.56,126.98,128.08,4844
2016-01-05,127.35,128.08,126.8,127.53,7422
2016-01-06,127.9,128.45,126.8,127.72,17443
2016-07-11,127.72,138.56,129.74,138.56,1050
2016-07-12,138.56,150.51,140.95,150.51,130
2016-07-13,150.51,163.57,153.09,163.57,5370
2016-07-14,166.33,178.09,166.33,178.09,176
2016-07-17,178.09,193.9,181.22,193.9,2660
2016-07-18,193.9,211.36,197.4,211.36,3556
2016-07-19,215.22,230.67,215.22,230.67,28079
2016-07-20,234.9,251.81,234.9,241.7,319469
2016-07-21,241.7,247.21,238.94,244.45,106523
2016-07-25,244.45,263.21,246.29,262.84,151839
2016-07-26,262.84,282.14,266.52,278.47,181715
2016-07-27,278.47,278.65,270.2,272.76,70544
2016-07-28,272.76,276.45,265.6,272.03,83810
2016-07-31,272.03,274.42,268.91,269.83,47932
2016-08-01,269.83,270.56,263.76,266.89,53125
2016-08-02,266.89,268.72,263.94,266.33,79768
2016-08-03,266.33,269.09,260.27,263.76,54074
2016-08-04,263.76,261.19,253.65,255.49,91888
2016-08-07,255.49,262.84,253.83,255.49,81453
2016-08-08,255.49,254.57,237.29,237.29,42709
2016-08-09,241.52,259.16,241.52,256.41,27548
2016-08-10,260.08,262.84,248.14,256.04,85016
2016-08-11,257.33,259.16,253.65,255.49,33062
2016-08-14,255.49,255.49,248.14,252.73,34538
2016-08-15,250.89,251.44,241.89,247.4,29364
2016-08-16,246.48,256.22,242.62,250.52,21995
2016-08-17,250.89,253.47,248.5,251.44,24721
2016-08-21,251.44,253.83,249.05,251.81,15449
2016-08-22,250.89,250.89,245.38,247.95,14319
2016-08-23,244.45,248.87,241.7,244.45,36789
2016-08-24,248.14,253.47,245.56,248.14,17277
2016-08-28,250.34,254.94,246.29,253.1,22566
2016-08-29,253.65,263.03,251.81,263.03,67226
2016-08-30,262.84,264.5,259.16,263.76,36348
2016-08-31,261.0,266.52,261.0,266.15,28047
2016-09-01,267.43,268.54,264.68,265.6,30275
2016-09-04,266.52,276.45,266.52,275.52,87766
2016-09-05,275.89,284.54,275.71,278.65,71484
2016-09-06,283.06,283.06,271.12,275.71,62603
2016-09-07,270.75,280.12,270.2,273.5,23618
2016-09-08,274.24,275.52,270.2,273.5,20887
2016-09-11,272.03,274.42,271.3,271.67,16181
2016-09-12,270.38,272.03,269.64,270.2,19221
2016-09-14,272.03,272.95,269.83,271.85,30941
2016-09-18,271.3,271.67,266.89,268.54,22237
2016-09-20,266.89,269.46,263.03,263.03,36033
2016-09-21,264.5,265.23,259.9,262.84,32273
2016-09-22,264.68,264.68,261.0,261.0,20008
2016-09-25,264.68,264.68,261.0,261.0,20008
2016-09-26,252.73,259.9,252.73,256.22,41396
2016-09-27,260.82,260.82,254.57,256.04,40097
2016-09-28,256.41,256.59,254.02,255.49,28066
2016-09-29,258.24,258.24,254.02,256.78,24084
2016-10-02,256.78,258.98,253.83,256.04,65368
2016-10-03,255.95,267.67,257.33,264.68,18849
2016-10-04,266.52,267.21,264.68,264.91,15616
2016-10-05,264.91,266.52,263.53,264.22,7093
2016-10-06,265.6,269.96,265.6,268.58,19805
2016-10-16,266.52,268.81,265.36,266.52,3481
2016-10-17,264.22,264.45,261.92,262.38,7993
2016-10-18,262.15,263.07,261.46,261.92,8731
2016-10-19,261.92,262.61,259.62,261.92,20000
2016-10-20,261.92,263.76,261.46,261.92,6614
2016-10-23,260.77,261.23,256.41,258.47,13449
2016-10-24,256.18,257.33,253.88,254.8,8735
2016-10-25,252.73,254.34,252.73,252.96,3994
2016-10-26,253.88,253.88,248.14,251.58,11616
2016-10-27,255.03,255.03,252.73,254.34,5771
2016-11-03,253.19,257.33,251.81,257.33,3373
2016-11-07,259.62,260.77,256.41,257.33,12232
2016-11-08,257.33,257.33,250.89,252.73,12075
2016-11-09,251.81,255.03,243.54,248.14,15424
2016-11-10,250.89,252.5,245.83,249.97,16015
2016-11-13,251.58,256.87,251.35,252.04,14342
2016-11-14,252.73,261.46,252.73,260.77,38647
2016-11-15,263.07,264.22,258.47,258.7,28207
2016-11-16,259.62,260.77,255.03,258.47,16199
2016-11-17,261.0,262.84,255.03,257.55,65622
2016-11-20,252.73,256.18,239.17,248.14,53942
2016-11-21,243.76,251.35,239.4,250.2,34563
2016-11-22,245.6,249.29,241.01,246.07,25417
2016-11-23,245.83,245.83,236.64,237.79,32507
2016-11-24,242.16,246.98,232.05,236.64,34987
2016-11-27,241.01,241.01,220.55,221.24,42436
2016-11-28,219.41,233.43,209.07,233.2,46016
2016-11-29,235.49,242.39,218.26,240.78,45583
2016-11-30,240.78,248.82,236.64,248.14,53892
2016-12-01,250.43,252.5,240.09,249.51,63451
2016-12-04,247.21,254.8,242.39,248.14,53773
2016-12-05,252.73,266.98,249.29,250.43,113276
2016-12-06,250.43,252.73,249.29,252.27,84841
2016-12-07,251.58,253.42,250.89,251.81,34989
2016-12-08,256.18,256.18,250.66,251.58,27376
2016-12-11,251.81,251.81,248.14,248.14,24715
2016-12-12,248.14,248.14,241.24,242.85,36770
2016-12-14,245.6,246.98,241.93,243.54,20940
2016-12-15,243.54,249.29,243.54,246.98,19809
2016-12-18,243.54,247.67,241.24,245.83,26364
2016-12-19,246.29,246.98,244.69,246.52,20494
2016-12-20,245.83,245.83,242.39,243.54,22355
2016-12-21,239.4,243.31,237.1,240.78,14768
2016-12-22,241.24,242.39,241.01,241.24,8498
2016-12-26,241.24,241.24,233.89,234.34,20309
2016-12-27,234.12,234.12,224.0,227.0,35830
2016-12-28,227.45,230.21,226.53,229.75,21141
2016-12-29,232.05,236.64,229.75,233.2,17861
2017-01-01,234.34,241.7,233.43,238.94,14576
2017-01-02,243.31,245.83,239.86,242.85,21522
2017-01-03,241.47,244.45,236.64,238.94,11557
2017-01-04,236.64,240.09,234.34,236.41,10410
2017-01-05,236.41,244.23,236.41,238.48,10095
2017-01-08,235.49,238.94,235.49,238.94,5037
2017-01-09,240.09,240.09,238.02,238.71,7958
2017-01-10,237.79,241.47,237.79,241.24,9058
2017-01-11,243.54,243.54,237.79,239.17,8662
2017-01-12,243.54,245.83,241.24,242.62,18072
2017-01-15,243.54,246.98,242.85,244.23,23988
2017-01-16,244.45,244.45,242.62,244.0,11359
2017-01-17,243.76,243.76,242.16,242.16,18101
2017-01-18,243.31,243.31,241.47,241.47,18294
2017-01-19,241.47,242.39,240.32,240.55,12940
2017-01-22,241.7,242.62,239.86,240.09,14593
2017-01-23,241.24,241.24,238.94,239.17,10692
2017-01-24,239.4,240.09,237.1,239.17,13707
2017-01-25,238.94,238.94,234.34,234.34,11854
2017-01-26,234.34,234.34,223.31,232.05,32094
2017-01-30,232.05,235.49,217.11,219.64,30530
2017-01-31,217.11,228.83,213.2,220.55,25820
2017-02-01,224.69,227.45,220.55,225.84,90023
2017-02-02,225.84,234.14,221.36,222.96,18776
2017-02-05,224.56,224.56,214.97,214.97,6038
2017-02-06,214.97,215.61,211.46,211.78,5743
2017-02-07,214.97,214.97,209.23,210.18,7500
2017-02-08,210.5,211.14,207.95,207.95,5188
2017-02-09,206.99,206.99,203.79,204.11,5408
2017-02-12,200.6,200.6,194.21,194.53,12329
2017-02-13,193.25,198.04,179.84,195.17,9824
2017-02-14,193.57,199.0,192.61,195.81,9376
2017-02-15,199.32,202.19,194.21,199.0,9504
2017-02-16,202.51,203.79,199.0,201.24,19832
2017-02-19,200.28,205.39,196.45,204.11,24574
2017-02-20,207.63,211.46,201.87,201.87,26104
2017-02-21,205.71,209.86,197.4,201.55,15873
2017-02-22,198.04,200.28,194.21,195.81,7355
2017-02-23,195.81,199.0,195.17,195.81,6406
2017-02-26,195.81,196.13,191.65,191.65,4243
2017-02-28,189.42,190.7,184.94,186.22,17841
2017-03-01,189.42,191.02,184.31,189.42,8337
2017-03-02,189.42,192.61,187.82,192.29,8861
2017-03-05,193.89,199.96,193.89,197.72,8669
2017-03-06,201.24,205.39,198.04,199.96,7844
2017-03-07,199.0,199.0,194.53,195.81,12075
2017-03-09,196.13,198.36,195.81,197.4,6100
2017-03-13,198.36,199.32,195.81,195.81,4397
2017-03-14,199.0,199.0,195.49,195.49,4399
2017-03-15,192.93,195.81,192.61,195.81,9597
2017-03-16,193.25,197.4,193.25,197.4,4063
2017-03-19,197.4,200.92,197.4,199.96,13887
2017-03-20,202.19,203.79,200.6,202.83,20400
2017-03-21,206.35,210.18,202.19,209.23,32082
2017-03-22,213.38,219.76,213.06,213.7,35411
2017-03-23,214.97,217.21,211.14,214.65,17418
2017-03-26,216.25,223.92,216.25,219.44,33484
2017-03-28,219.44,237.33,223.28,237.33,30392
2017-03-29,237.33,248.19,232.54,232.54,36734
2017-03-30,232.54,236.69,226.47,230.94,19289
2017-04-02,235.09,249.47,235.09,249.47,28929
2017-04-03,250.11,261.29,243.72,245.32,35063
2017-04-04,243.72,251.71,238.93,245.32,22502
2017-04-06,245.32,249.79,242.44,245.0,13446
2017-04-09,246.92,247.23,243.72,245.0,9219
2017-04-10,242.44,250.11,242.44,250.11,26461
2017-04-11,251.39,261.29,251.39,261.29,39033
2017-04-12,266.08,270.55,256.5,256.82,38569
2017-04-13,256.82,264.48,246.92,260.97,30228
2017-04-16,261.29,262.89,250.11,252.67,17117
2017-04-18,250.11,253.31,244.04,248.19,23569
2017-04-19,248.19,256.5,246.92,253.31,25510
2017-04-20,258.1,262.89,250.11,253.31,27728
2017-04-23,258.1,269.27,252.35,253.31,61614
2017-04-24,253.31,254.58,249.47,250.11,50701
2017-04-25,250.11,250.11,245.32,246.6,40591
2017-04-26,245.0,246.6,240.53,244.36,10351
2017-04-27,246.92,246.92,238.29,242.12,27399
2017-04-30,242.12,242.12,237.33,237.65,21055
2017-05-02,237.33,241.16,236.05,237.33,39613
2017-05-03,241.8,245.96,237.97,240.53,14389
2017-05-04,240.53,240.53,236.69,237.33,16217
2017-05-07,240.53,240.53,230.94,232.54,21920
2017-05-08,229.35,234.14,227.75,227.75,29270
2017-05-09,227.75,233.18,228.71,229.35,18764
2017-05-11,229.35,232.54,229.03,232.54,21534
2017-05-15,232.86,237.01,230.31,230.31,12987
2017-05-16,230.94,230.94,228.39,229.35,8964
2017-05-17,232.54,232.54,224.88,230.94,51225
2017-05-18,230.94,231.26,227.75,229.03,12899
2017-05-21,231.26,231.26,224.56,227.11,27725
2017-05-22,227.11,230.62,226.79,228.71,24613
2017-05-23,230.94,235.73,230.94,233.82,62220
2017-05-24,233.82,236.69,230.31,232.86,70866
2017-05-28,234.14,234.14,226.47,227.75,164524
2017-05-30,227.56,235.86,218.01,218.42,25629
2017-05-31,218.42,222.57,214.69,218.42,32325
2017-06-01,222.16,222.16,218.84,219.67,24418
2017-06-04,220.5,221.74,218.42,218.84,26009
2017-06-05,219.67,220.5,218.84,218.84,30909
2017-06-06,222.16,226.31,218.84,224.24,44665
2017-06-07,228.39,228.39,218.84,220.08,29804
2017-06-08,215.93,221.74,215.93,221.33,23980
2017-06-11,218.84,220.08,213.02,215.52,23320
2017-06-12,213.02,218.01,213.02,214.27,16780
2017-06-13,214.27,218.84,211.78,214.69,24071
2017-06-14,213.85,215.93,213.02,215.93,15226
2017-06-15,216.35,216.76,213.44,213.85,27321
2017-06-18,213.85,213.85,211.36,211.78,13062
2017-06-19,210.53,212.2,209.29,209.29,11327
2017-06-20,209.29,209.7,202.64,206.38,22232
2017-06-21,206.38,208.87,205.55,208.04,10537
2017-06-22,211.36,211.36,205.55,205.55,54714
2017-06-25,209.29,209.29,205.55,205.55,16132
2017-06-27,205.97,206.8,203.06,204.3,19414
2017-06-28,204.72,204.72,200.98,200.98,16066
2017-07-02,200.98,201.4,196.83,197.25,29751
2017-07-03,197.25,199.32,195.58,197.25,13629
2017-07-04,197.25,200.15,192.68,194.34,25096
2017-07-05,194.34,197.66,193.92,196.0,22870
2017-07-06,198.49,201.4,197.25,199.32,23229
2017-07-09,199.32,206.8,199.32,203.47,32286
2017-07-10,203.89,206.8,203.06,205.97,17978
2017-07-11,205.97,207.63,203.47,207.63,11142
2017-07-12,207.63,208.45,203.47,205.55,7093
2017-07-13,203.47,205.97,202.64,205.55,14477
2017-07-16,205.97,207.63,205.13,206.8,5970
2017-07-17,205.97,207.21,205.13,207.21,19749
2017-07-18,209.7,211.78,206.8,210.12,14492
2017-07-19,210.53,210.53,205.55,205.97,14036
2017-07-20,203.47,207.63,202.23,206.38,11576
2017-07-23,206.8,207.63,203.47,205.97,14190
2017-07-24,205.55,205.55,201.81,203.06,6748
2017-07-25,205.55,205.55,201.81,201.81,6500
2017-07-26,201.81,203.06,199.32,201.4,7143
2017-07-27,202.64,202.64,196.41,198.08,18841
2017-07-30,194.75,198.9,194.75,197.25,13878
2017-07-31,196.41,199.73,196.41,199.32,14100
2017-08-01,197.25,200.98,197.25,200.15,12409
2017-08-02,200.15,200.15,196.41,199.32,8676
2017-08-03,199.32,199.32,197.25,198.08,5145
2017-08-06,199.32,201.4,198.08,199.32,13306
2017-08-07,199.32,200.15,196.0,199.32,13641
2017-08-09,200.98,200.98,196.41,196.83,6799
2017-08-10,196.83,196.83,193.51,193.51,19058
2017-08-13,194.34,195.17,188.94,190.18,16580
2017-08-15,190.18,193.09,185.62,189.36,12450
2017-08-16,187.28,194.34,187.28,191.02,11567
2017-08-17,191.02,191.02,188.94,189.77,10351
2017-08-20,189.36,190.18,186.45,190.18,8589
2017-08-21,187.69,187.69,185.62,186.86,7989
2017-08-22,188.94,191.02,186.45,188.53,7359
2017-08-23,188.53,188.94,182.71,188.53,8320
2017-08-24,188.53,188.53,185.2,187.28,13626
2017-08-27,187.28,189.36,184.37,184.79,9928
2017-08-28,184.79,184.79,181.88,183.13,9083
2017-08-30,183.13,186.03,181.05,181.46,9073
2017-08-31,181.46,182.71,178.56,181.05,13707
2017-09-04,181.88,183.13,175.24,179.39,14621
2017-09-06,179.39,180.22,178.56,178.56,15596
2017-09-07,176.48,182.71,176.48,179.39,51528
2017-09-10,178.56,178.97,175.24,177.73,12295
2017-09-11,181.05,181.05,176.9,178.56,21597
2017-09-12,178.56,178.97,174.41,174.41,14925
2017-09-13,174.41,178.56,174.41,175.65,8078
2017-09-14,174.82,178.56,174.41,178.14,7726
2017-09-17,178.97,182.71,177.31,181.05,20394
2017-09-18,180.63,184.37,178.56,180.63,11494
2017-09-20,180.63,182.3,179.81,182.3,12448
2017-09-24,181.05,181.05,176.9,179.81,5883
2017-09-25,177.31,181.46,177.31,181.46,6132
2017-09-26,181.46,183.54,181.05,181.88,2765
2017-10-03,182.71,182.71,180.63,180.63,2073
2017-10-04,179.39,180.63,176.06,176.06,5712
2017-10-08,175.65,176.06,170.25,176.06,19792
2017-10-09,178.56,177.31,170.25,171.5,15232
2017-10-10,169.42,172.74,169.42,172.74,8025
2017-10-11,170.25,174.41,170.25,172.33,10837
2017-10-12,173.16,173.16,169.84,170.25,14187
2017-10-15,170.25,171.91,170.25,171.09,9365
2017-10-16,172.33,177.31,172.33,176.9,9834
2017-10-17,180.22,181.88,175.24,177.31,14306
2017-10-18,176.48,178.97,174.41,177.73,8249
2017-10-22,181.05,184.37,179.39,181.88,3687
2017-10-23,180.63,182.3,173.99,179.81,6979
2017-10-24,179.81,179.81,176.48,177.31,11801
2017-10-25,176.48,176.9,173.99,176.06,14218
2017-10-29,175.65,175.65,173.99,174.41,9132
2017-10-30,173.16,176.48,172.74,175.24,16337
2017-10-31,173.99,174.41,173.16,173.99,4300
2017-11-01,173.99,173.99,172.33,173.16,10014
2017-11-02,172.33,173.16,170.25,172.74,10837
2017-11-05,169.42,169.42,163.19,165.27,39495
2017-11-06,165.27,168.59,164.44,166.1,20672
2017-11-07,166.1,166.52,164.86,164.86,5075
2017-11-08,164.02,164.02,159.87,161.95,12546
2017-11-09,160.29,162.78,159.04,162.78,11244
2017-11-12,162.78,166.1,161.95,166.1,9894
2017-11-13,166.1,167.34,163.61,166.52,16214
2017-11-14,166.52,168.59,165.69,166.52,19773
2017-11-15,166.1,166.93,163.61,166.1,14647
2017-11-16,166.1,166.93,163.19,163.19,7414
2017-11-19,163.19,163.19,158.63,161.95,6445
2017-11-20,161.12,161.95,159.87,160.7,4562
2017-11-21,160.7,162.36,159.04,160.7,10016
2017-11-22,160.7,164.02,160.7,164.02,11704
2017-11-23,164.02,165.69,164.02,165.69,10781
2017-11-26,165.69,170.25,163.19,166.52,5367
2017-11-27,166.1,169.42,164.02,169.42,13942
2017-11-28,170.25,170.25,166.93,167.76,12322
2017-11-29,168.18,169.42,167.34,168.18,21319
2017-11-30,168.18,169.01,166.93,169.01,9859
2017-12-04,171.5,171.5,166.52,168.59,7305
2017-12-05,170.25,170.25,166.93,167.34,5995
2017-12-06,170.25,170.25,167.34,168.18,5851
2017-12-10,168.18,171.09,166.1,166.52,12493
2017-12-11,168.18,168.18,164.44,166.93,8437
2017-12-12,166.1,166.52,164.02,164.86,10079
2017-12-13,162.78,164.44,162.78,164.44,9641
2017-12-14,164.44,164.44,162.78,164.44,4309
2017-12-17,166.52,166.52,162.78,163.61,4008
2017-12-18,164.02,164.02,161.95,161.95,16451
2017-12-19,162.78,164.02,160.29,161.95,10954
2017-12-20,160.7,162.36,160.29,161.95,7695
2017-12-21,161.95,161.95,159.04,159.04,9423
2017-12-24,159.87,160.29,157.79,157.79,15150
2017-12-26,155.72,157.79,154.06,157.79,3994
2017-12-27,155.72,158.63,154.89,154.89,10284
2017-12-28,151.98,156.55,149.49,152.81,9609
2017-12-31,151.57,152.81,148.66,151.57,12473
2018-01-01,152.4,154.47,149.49,153.23,20407
2018-01-02,153.23,155.3,151.57,153.64,10596
2018-01-03,153.64,153.64,149.07,151.15,7696
2018-01-04,152.81,152.81,150.74,151.57,9808
2018-01-07,154.47,157.38,154.47,156.55,19899
2018-01-08,159.04,161.95,156.55,159.46,10708
2018-01-09,159.87,162.78,159.87,162.78,12882
2018-01-10,162.78,164.02,160.29,161.12,18267
2018-01-14,161.12,161.12,159.04,159.87,8055
2018-01-16,159.46,159.46,155.72,157.79,7734
2018-01-17,155.72,158.63,154.89,157.79,4922
2018-01-21,158.63,159.87,154.89,156.14,12469
2018-01-22,156.97,156.97,153.64,156.14,11867
2018-01-23,155.3,156.14,153.64,153.64,12947
2018-01-24,153.64,158.63,153.64,157.38,8889
2018-01-25,159.87,159.87,156.55,158.63,9475
2018-01-28,158.63,161.95,158.63,161.12,20079
2018-01-29,161.12,161.95,159.87,161.53,11816
2018-01-31,161.95,161.95,158.63,161.12,11371
2018-02-01,161.12,161.12,157.79,157.79,34331
2018-02-04,159.04,159.87,156.14,156.97,46506
2018-02-06,157.59,157.59,153.93,156.67,8301
2018-02-07,155.3,156.67,153.93,156.22,5382
2018-02-08,157.59,157.59,154.85,157.59,7690
2018-02-11,158.04,158.04,156.67,156.67,3089
2018-02-12,156.67,158.04,156.67,158.04,10237
2018-02-14,157.59,159.42,157.59,159.42,7882
2018-02-15,162.16,168.09,159.87,166.27,27565
2018-02-18,166.27,171.29,165.35,166.72,48946
2018-02-20,167.18,169.01,162.61,162.61,5597
2018-02-21,161.24,163.98,161.24,163.53,13282
2018-02-22,163.53,166.72,163.07,166.27,6841
2018-02-25,166.27,166.72,162.61,164.44,22911
2018-02-26,165.81,165.81,161.7,161.7,6389
2018-02-27,159.87,164.44,159.87,162.61,13168
2018-02-28,162.61,163.07,159.42,160.79,29172
2018-03-04,162.47,159.34,155.18,156.22,16221
2018-03-05,156.74,156.74,151.01,154.13,10336
2018-03-06,155.18,157.26,151.53,156.74,16400
2018-03-07,156.22,159.34,156.22,158.82,24951
2018-03-11,158.3,158.3,154.13,156.74,6238
2018-03-12,156.74,156.74,152.05,154.66,37668
2018-03-13,156.22,159.34,155.7,158.82,6179
2018-03-14,156.74,156.74,153.61,156.22,7860
2018-03-15,157.26,158.3,156.22,156.74,5164
2018-03-18,157.26,157.26,155.18,156.22,7286
2018-03-19,156.22,157.26,155.7,156.22,11514
2018-03-20,156.22,156.22,154.66,154.66,14477
2018-03-21,155.18,155.18,152.05,152.05,21987
2018-03-22,149.97,158.3,149.97,151.01,42532
2018-03-26,148.41,153.61,143.72,147.37,18641
2018-03-27,145.28,156.22,143.72,153.09,46045
2018-03-28,154.66,156.74,151.01,154.66,31023
2018-03-29,156.74,160.38,154.66,158.82,25814
2018-04-01,158.82,158.82,153.09,156.22,16818
2018-04-02,155.7,156.22,154.13,155.7,9368
2018-04-03,155.7,157.26,155.7,156.22,9549
2018-04-04,157.78,162.47,156.22,160.9,12109
2018-04-05,161.43,164.03,159.86,161.43,28068
2018-04-08,161.43,166.63,160.38,164.03,35173
2018-04-09,164.55,166.11,161.43,161.43,25463
2018-04-10,159.86,164.03,158.3,159.34,10683
2018-04-11,160.9,161.43,159.86,159.86,6441
2018-04-12,162.99,162.99,158.82,158.82,11317
2018-04-15,158.82,161.43,156.74,159.34,2343
2018-04-16,159.86,162.99,159.86,160.38,12075
2018-04-17,160.38,165.07,160.9,165.07,21597
2018-04-18,168.19,181.21,165.59,170.8,36641
2018-04-19,173.92,179.65,172.88,177.05,47180
2018-04-22,177.05,192.67,179.65,190.06,72656
2018-04-23,193.71,193.71,183.3,185.9,58801
2018-04-24,189.02,189.02,183.3,185.38,31009
2018-04-25,185.38,186.42,182.25,183.82,16716
2018-04-26,184.34,187.46,180.69,185.38,17482
2018-04-29,182.25,183.82,178.09,181.21,14522
2018-05-02,180.17,182.25,177.05,178.61,9692
2018-05-03,181.73,181.73,179.65,179.65,12898
2018-05-06,178.61,180.17,177.05,179.65,7785
2018-05-07,179.65,179.65,177.57,179.65,8301
2018-05-08,178.09,179.65,177.57,179.13,4721
2018-05-09,179.13,179.65,176.53,177.05,8027
2018-05-10,177.05,178.09,174.96,177.05,12164
2018-05-14,174.44,177.57,171.84,174.44,194624
2018-05-15,172.36,174.44,172.36,173.92,5115
2018-05-16,173.4,174.44,173.4,174.44,5010
2018-05-17,174.96,177.05,173.92,174.44,6218
2018-05-20,177.57,179.65,173.92,174.44,11349
2018-05-21,173.4,174.44,172.88,173.4,3318
2018-05-22,174.44,174.44,168.72,172.36,40331
2018-05-23,170.8,172.36,170.28,170.8,10850
2018-05-24,170.8,170.8,169.24,169.76,5024
2018-05-27,169.24,169.24,166.63,166.63,8587
2018-05-28,166.63,172.36,164.03,171.32,12862
2018-05-29,173.4,174.44,168.19,171.84,10239
2018-05-30,171.84,175.48,168.72,172.36,11804
2018-05-31,172.88,173.4,169.76,171.32,4388
2018-06-03,168.19,172.36,163.51,166.11,21026
2018-06-04,166.63,166.63,161.95,164.55,15940
2018-06-06,166.11,168.19,164.03,164.55,10872
2018-06-07,166.11,168.19,164.03,164.55,10872
2018-06-10,162.47,163.51,161.43,163.51,8647
2018-06-11,161.95,165.07,161.43,162.99,16099
2018-06-12,161.95,164.03,161.43,162.47,12338
2018-06-13,161.43,165.59,161.43,162.47,2379
2018-06-14,162.47,165.07,162.47,164.03,6401
2018-06-17,162.47,163.51,161.43,161.43,5434
2018-06-18,161.43,162.47,160.38,162.47,7955
2018-06-19,161.43,161.43,159.34,159.86,7328
2018-06-20,157.26,159.86,154.13,158.3,12585
2018-06-21,156.22,158.82,156.22,157.78,7530
2018-06-24,158.3,161.43,158.3,160.9,623
2018-06-25,158.82,158.82,153.61,158.3,10994
2018-06-26,158.82,160.38,155.18,155.18,7144
2018-06-27,154.66,157.78,153.09,154.13,11371
2018-06-28,155.18,156.74,155.18,156.22,13656
2018-07-01,159.34,159.34,151.01,153.61,3451
2018-07-02,151.53,154.66,151.53,154.13,7489
2018-07-03,153.61,155.7,152.57,155.18,5094
2018-07-04,153.61,156.22,151.01,155.18,16046
2018-07-05,155.18,159.86,155.18,158.3,14150
2018-07-08,160.38,160.38,156.74,157.26,12987
2018-07-09,156.74,160.38,153.61,157.26,13476
2018-07-10,157.26,158.82,156.22,156.22,6561
2018-07-11,158.82,160.38,156.22,156.22,5769
2018-07-12,156.22,156.74,154.13,155.18,11895
2018-07-15,156.74,158.82,154.13,154.13,9022
2018-07-16,154.13,156.22,153.09,156.22,3119
2018-07-17,156.74,157.26,156.22,156.22,3177
2018-07-18,155.18,156.22,155.18,156.22,3888
2018-07-19,154.66,156.22,154.66,156.22,1451
2018-07-22,156.22,156.22,151.53,153.09,5817
2018-07-23,155.18,156.22,155.18,156.22,7196
2018-07-24,156.22,160.9,156.22,156.22,10403
2018-07-25,156.74,157.78,156.22,156.22,5289
2018-07-26,156.22,157.26,156.22,156.22,8119
2018-07-29,156.22,156.22,155.18,155.18,3597
2018-07-30,155.7,155.7,153.61,154.13,4720
2018-07-31,155.18,155.18,153.09,153.61,7769
2018-08-01,153.09,155.7,153.09,154.13,3947
2018-08-02,156.22,156.22,154.13,155.18,3398
2018-08-05,154.66,156.74,154.13,156.22,6853
2018-08-06,157.78,158.82,157.26,158.82,16893
2018-08-07,161.43,161.43,158.3,158.82,12117
2018-08-08,157.78,160.9,156.22,160.9,11847
2018-08-09,159.86,160.38,158.82,158.82,11252
2018-08-12,158.82,158.82,155.7,156.74,13967
2018-08-13,156.22,158.82,156.22,158.82,5851
2018-08-14,159.34,160.38,158.3,159.86,4642
2018-08-15,160.38,165.07,159.86,165.07,10101
2018-08-16,168.19,167.67,162.47,167.67,24783
2018-08-19,169.24,169.24,162.47,164.55,11225
2018-08-20,162.47,164.03,161.43,162.99,7414
2018-08-21,162.47,162.47,160.38,162.47,13346
2018-08-22,160.9,162.47,160.38,161.43,4750
2018-08-23,161.43,161.95,159.34,161.95,9655
2018-08-26,160.9,160.9,159.86,159.86,9878
2018-08-28,158.3,159.34,157.26,159.34,22755
2018-08-29,158.3,161.43,158.3,160.38,2685
2018-08-30,159.34,163.51,159.34,163.51,8210
2018-09-02,163.51,166.11,160.38,165.59,24141
2018-09-03,166.63,169.76,165.07,168.72,26326
2018-09-04,168.19,170.8,166.63,169.76,23836
2018-09-05,169.76,176.01,169.24,171.84,67045
2018-09-06,171.84,174.96,170.28,171.32,54083
2018-09-09,170.28,170.8,167.15,167.15,31041
2018-09-10,167.15,167.15,165.07,166.11,14664
2018-09-11,165.59,168.72,165.59,167.67,13920
2018-09-12,168.19,172.36,166.63,170.8,11986
2018-09-13,173.4,173.92,170.8,172.36,49033
2018-09-16,175.48,179.65,172.88,174.44,48327
2018-09-17,174.44,176.53,171.84,173.4,19918
2018-09-18,172.88,174.44,171.84,171.84,22039
2018-09-20,171.84,172.88,169.24,171.32,30636
2018-09-23,172.88,173.92,169.76,171.84,24973
2018-09-25,174.44,179.65,172.36,177.05,77147
2018-09-26,179.65,182.25,178.09,179.65,50381
2018-09-27,177.05,179.65,176.53,177.05,17985
2018-09-30,176.01,177.57,174.44,175.48,16384
2018-10-01,176.53,176.53,172.36,172.88,37259
2018-10-02,173.4,174.44,171.84,171.84,15504
2018-10-03,172.88,172.88,169.76,169.76,10013
2018-10-04,168.19,171.84,168.19,169.76,24954
2018-10-07,166.63,168.72,166.11,166.11,27331
2018-10-08,167.15,169.24,167.15,167.15,13686
2018-10-09,169.76,170.28,167.67,168.19,13740
2018-10-10,167.67,169.24,166.63,168.72,11303
2018-10-11,170.28,173.4,170.28,171.84,7760
2018-10-14,171.84,174.44,171.84,174.44,19441
2018-10-15,174.44,176.01,171.84,174.96,26730
2018-10-21,177.05,177.57,176.01,177.05,9062
2018-10-22,174.96,177.05,174.44,177.05,14007
2018-10-23,176.53,178.61,174.44,178.61,16046
2018-10-24,177.57,182.25,177.57,181.73,29347
2018-10-25,180.69,181.73,178.61,180.17,28278
2018-10-28,177.57,178.61,175.48,176.01,16403
2018-10-29,173.4,175.48,169.76,173.92,16436
2018-10-30,176.53,177.57,173.92,177.57,9684
2018-10-31,176.01,176.53,175.48,176.01,6296
2018-11-01,172.88,177.05,172.88,173.92,19785
2018-11-04,173.92,173.92,170.28,170.8,14810
2018-11-05,173.92,173.92,171.32,173.92,6824
2018-11-14,171.32,171.84,169.24,170.28,5556
2018-11-15,170.28,172.36,169.76,170.28,11926
2018-11-18,170.28,171.32,168.72,168.72,8535
2018-11-19,168.72,169.76,167.15,168.19,10863
2018-11-20,167.67,168.72,166.63,168.19,8759
2018-11-21,168.19,169.76,166.63,169.76,6813
2018-11-22,169.76,169.76,167.15,167.67,7159
2018-11-25,167.67,169.76,164.55,164.55,12789
2018-11-26,164.55,165.59,162.47,162.99,12620
2018-11-27,162.99,165.07,162.99,164.03,5387
2018-11-28,164.03,164.03,161.95,162.99,4588
2018-11-29,162.99,162.99,159.34,159.34,7114
2018-12-02,159.34,159.34,157.26,158.82,13512
2018-12-03,158.82,161.43,156.22,158.82,11760
2018-12-04,158.82,161.43,158.3,161.43,10066
2018-12-06,158.82,159.86,154.66,158.82,31723
2018-12-09,158.82,158.82,155.18,158.82,5331
2018-12-10,158.82,163.51,157.78,159.86,8602
2018-12-11,159.86,161.43,157.78,157.78,6967
2018-12-12,157.78,158.3,156.22,157.26,2017
2018-12-13,157.26,160.9,157.26,160.38,7030
2018-12-16,160.38,168.19,160.38,165.07,26397
2018-12-17,165.07,167.67,163.51,167.67,7063
2018-12-18,167.67,167.67,161.43,164.03,18777
2018-12-19,164.03,165.07,162.99,162.99,6280
2018-12-20,162.99,165.07,162.99,163.51,23532
2018-12-23,163.51,170.28,163.51,169.24,45177
2018-12-24,169.23,169.23,163.48,163.48,8454
2018-12-25,163.48,164.03,162.39,162.39,10101
2018-12-26,162.39,169.5,161.84,167.31,25579
2018-12-27,167.31,169.5,165.12,165.12,18006
2018-12-30,165.12,166.22,164.03,164.03,14071
2018-12-31,164.03,164.03,160.75,160.75,15172
2019-01-01,160.75,162.39,160.2,162.39,3515
2019-01-02,162.39,162.39,160.2,160.75,27803
2019-01-03,160.75,162.39,159.65,159.65,10526
2019-01-06,159.65,159.65,156.92,156.92,10019
2019-01-07,156.92,159.65,156.92,158.56,8355
2019-01-08,158.56,159.11,158.01,159.11,15980
2019-01-09,159.11,160.2,158.56,159.11,13486
2019-01-10,159.11,160.75,158.56,160.75,3748
2019-01-13,160.75,162.94,159.11,159.11,7884
2019-01-14,159.11,160.2,158.56,160.2,32314
2019-01-15,160.2,161.84,159.11,161.84,6704
2019-01-16,161.84,161.84,159.11,160.2,9270
2019-01-17,160.2,160.75,158.56,160.2,5575
2019-01-20,160.2,160.2,157.47,158.56,4024
2019-01-21,158.56,158.01,156.37,157.47,9890
2019-01-22,157.47,158.56,154.73,158.01,4165
2019-01-23,158.01,159.65,158.01,159.65,7047
2019-01-24,159.65,159.65,156.37,158.01,14620
2019-01-27,158.01,158.01,153.64,154.73,34584
2019-01-28,154.73,156.37,154.73,156.37,3813
2019-01-29,156.37,156.92,155.83,156.37,6978
2019-01-30,156.37,158.01,155.83,157.47,7332
2019-01-31,157.47,158.01,155.83,156.92,5136
2019-02-03,155.83,156.92,154.19,154.73,14101
2019-02-04,154.73,155.83,153.09,153.64,15937
2019-02-05,153.64,155.28,153.64,154.19,4330
2019-02-06,153.64,155.28,153.09,154.19,11166
2019-02-07,152.0,154.19,153.09,153.64,7700
2019-02-10,153.64,154.73,152.55,154.73,6984
2019-02-11,154.19,154.73,153.64,154.73,3470
2019-02-12,154.19,154.73,152.55,153.64,6249
2019-02-13,153.64,154.73,152.0,152.0,9427
2019-02-14,152.0,152.0,149.81,150.91,10910
2019-02-17,152.0,153.09,149.81,150.91,5827
2019-02-18,150.91,151.45,150.36,150.91,7715
2019-02-19,150.91,153.09,150.36,153.09,9251
2019-02-20,153.09,153.09,149.27,149.27,22689
2019-02-21,149.81,151.45,149.27,150.91,2722
2019-02-24,149.81,150.91,149.27,149.81,3953
2019-02-25,149.27,151.45,148.72,150.91,5650
2019-02-26,150.36,151.45,150.36,150.36,11799
2019-02-27,150.36,152.0,150.36,151.45,4442
2019-03-03,152.0,152.0,149.81,149.81,10147
2019-03-05,149.81,152.0,149.27,150.91,7352
2019-03-06,149.81,152.55,149.81,152.55,5538
2019-03-07,153.09,155.28,151.45,153.64,6818
2019-03-09,153.09,154.19,151.45,154.19,2642
2019-03-10,153.09,154.19,151.45,154.19,2642
2019-03-11,154.19,158.56,153.64,158.56,11761
2019-03-12,159.11,164.58,158.56,162.94,26851
2019-03-13,163.48,164.03,161.29,161.29,15219
2019-03-14,162.94,162.94,157.47,161.29,8857
2019-03-17,161.29,162.39,160.75,162.39,6067
2019-03-18,161.29,161.84,158.56,160.2,13790
2019-03-19,157.47,160.75,157.47,159.65,3149
2019-03-21,158.56,158.56,154.19,155.83,13841
2019-03-24,153.64,155.83,153.09,155.83,11617
2019-03-25,155.83,156.92,155.28,155.28,8626
2019-03-26,154.73,157.47,154.73,156.92,22072
2019-03-27,156.92,157.47,155.83,156.92,4205
2019-03-28,156.92,158.01,156.37,156.37,8515
2019-03-31,156.37,159.11,155.83,158.01,10342
2019-04-01,158.01,160.75,157.47,160.2,13291
2019-04-02,160.75,165.12,160.75,164.03,26432
2019-04-03,167.31,167.31,164.03,165.12,50475
2019-04-04,165.12,167.86,164.58,166.22,26867
2019-04-07,165.67,172.78,165.12,172.78,42912
2019-04-08,172.78,175.51,170.04,170.59,39598
2019-04-09,171.68,172.78,169.5,169.5,37758
2019-04-10,167.31,172.78,167.31,170.04,17889
2019-04-11,173.32,173.32,169.5,171.68,23461
2019-04-15,172.78,173.87,172.23,173.32,16393
2019-04-16,174.42,182.07,172.78,182.07,48241
2019-04-17,182.07,188.63,178.79,188.63,88521
2019-04-18,188.63,193.55,185.9,193.01,67699
2019-04-21,193.01,195.19,188.63,195.19,67323
2019-04-22,197.38,197.38,187.54,189.73,58726
2019-04-23,188.63,191.91,186.99,188.09,20355
2019-04-24,188.63,194.65,188.63,193.01,51765
2019-04-25,193.55,195.19,191.37,191.37,98309
2019-04-28,194.1,194.1,187.54,189.73,63375
2019-04-29,188.63,192.46,186.99,189.73,69209
2019-04-30,189.73,192.46,186.99,189.18,55578
2019-05-02,187.54,190.82,186.99,188.63,27166
2019-05-05,187.54,188.63,185.9,185.9,32758
2019-05-06,184.81,191.37,184.26,190.82,26763
2019-05-07,192.46,193.01,189.73,190.27,33046
2019-05-08,190.82,190.82,188.63,188.63,9785
2019-05-09,188.63,188.63,186.99,186.99,10702
2019-05-12,185.35,187.54,182.62,185.9,29129
2019-05-13,187.54,187.54,184.81,185.9,31125
2019-05-14,186.99,188.63,185.35,185.9,39059
2019-05-15,186.45,191.37,186.45,186.99,31899
2019-05-16,187.54,188.09,185.9,187.54,9640
2019-05-19,186.45,187.54,185.9,185.9,21646
2019-05-20,185.9,186.99,183.71,184.26,25995
2019-05-21,184.26,185.9,183.17,184.26,19567
2019-05-22,184.81,185.9,184.26,184.26,20492
2019-05-23,186.45,186.45,183.17,183.71,23497
2019-05-26,182.07,184.26,182.07,183.71,10804
2019-05-27,180.98,184.26,180.98,183.17,7699
2019-05-28,183.71,184.26,182.07,182.62,10729
2019-05-29,181.53,185.35,181.53,185.35,5662
2019-05-30,188.63,194.1,185.9,185.9,41551
2019-06-02,183.71,184.81,183.17,183.71,24772
2019-06-03,182.62,183.17,182.07,182.62,10371
2019-06-04,182.62,182.62,180.98,181.53,8958
2019-06-06,179.34,181.53,179.34,179.34,12748
2019-06-10,182.62,182.62,177.15,177.7,93466
2019-06-11,178.24,180.43,177.15,177.7,32749
2019-06-12,176.6,178.24,174.96,174.96,17468
2019-06-13,174.96,180.98,172.23,177.15,10071
2019-06-16,177.7,178.24,174.42,175.51,79222
2019-06-17,177.15,177.7,173.87,174.96,56965
2019-06-18,174.96,176.06,173.32,174.96,28435
2019-06-19,174.96,175.51,173.32,173.87,18599
2019-06-20,175.51,177.7,173.87,176.06,15865
2019-06-23,175.51,176.6,172.23,172.23,55071
2019-06-24,175.51,175.51,172.78,174.96,37540
2019-06-25,174.96,177.15,174.96,175.51,42777
2019-06-26,174.96,176.6,174.96,176.06,21749
2019-06-27,177.7,177.7,175.51,176.06,79189
2019-06-30,175.51,176.06,172.78,174.96,83959
2019-07-01,176.06,176.06,172.78,172.78,31817
2019-07-02,173.87,176.06,173.32,176.06,13219
2019-07-03,176.6,177.7,173.87,177.15,18127
2019-07-04,177.7,178.24,177.15,177.15,20705
2019-07-07,176.06,176.06,174.42,174.96,16095
2019-07-08,173.87,174.96,172.23,174.96,26420
2019-07-09,172.78,173.87,171.68,172.23,13019
2019-07-10,172.23,172.78,171.14,171.14,24885
2019-07-11,172.23,172.78,170.59,171.68,11910
2019-07-14,171.68,173.32,170.59,171.68,15494
2019-07-15,171.14,173.87,171.14,172.78,10289
2019-07-16,180.98,180.98,172.78,173.87,12814
2019-07-17,174.96,178.24,174.42,177.7,17150
2019-07-18,177.15,180.98,177.15,178.79,21384
2019-07-21,175.51,178.79,175.51,178.79,18223
2019-07-22,178.24,178.79,176.6,177.15,13483
2019-07-23,177.15,179.34,177.15,178.24,23573
2019-07-24,179.88,179.88,178.24,178.79,41655
2019-07-25,178.79,178.79,176.06,177.15,21422
2019-07-28,174.96,175.51,173.87,175.51,14468
2019-07-29,177.7,177.7,174.96,174.96,18523
2019-07-30,173.32,177.7,172.23,176.06,14950
2019-07-31,175.51,177.7,175.51,177.15,8971
2019-08-01,177.7,178.79,175.51,176.06,18341
2019-08-04,174.42,178.79,173.87,176.6,27548
2019-08-05,176.6,176.6,174.96,175.51,27505
2019-08-06,175.51,175.51,172.23,173.32,33320
2019-08-07,172.23,176.6,172.23,175.51,15396
2019-08-08,174.96,174.96,173.87,173.87,21797
2019-08-11,173.87,174.42,172.78,174.42,20275
2019-08-12,173.87,174.42,173.32,173.87,13634
2019-08-13,182.07,182.07,170.04,172.78,17641
2019-08-14,172.78,172.78,172.23,172.78,14035
2019-08-15,172.23,173.32,171.68,173.32,12916
2019-08-18,173.32,173.87,172.23,172.23,22968
2019-08-19,172.23,177.7,171.68,174.42,7900
2019-08-20,172.78,173.87,171.68,172.23,12975
2019-08-21,173.87,173.87,171.68,172.23,9372
2019-08-22,172.23,173.87,172.23,172.78,2654
2019-08-25,170.59,173.32,170.59,172.23,6923
2019-08-26,171.14,173.87,170.59,171.68,9225
2019-08-27,171.68,173.87,171.68,173.87,6466
2019-08-28,173.87,173.87,171.68,171.68,3266
2019-08-29,171.14,171.68,170.59,171.68,11825
2019-09-01,170.04,172.23,170.04,171.68,12254
2019-09-02,170.59,171.68,170.04,170.59,16341
2019-09-03,170.59,172.78,168.95,172.23,21867
2019-09-04,171.68,174.42,171.14,173.87,25899
2019-09-05,174.96,174.96,172.78,174.42,12200
2019-09-08,172.78,174.96,171.68,172.23,15298
2019-09-09,171.68,171.68,170.59,171.14,25585
2019-09-10,170.59,172.23,170.59,171.68,13968
2019-09-11,170.59,172.78,170.59,172.78,16943
2019-09-12,170.59,173.32,170.59,172.78,13683
2019-09-15,172.78,172.78,170.04,170.59,21216
2019-09-16,170.04,170.59,166.22,166.76,38814
2019-09-17,170.04,179.88,170.04,177.7,108624
2019-09-18,179.34,182.62,177.7,180.98,136503
2019-09-19,181.53,183.17,179.34,179.88,54904
2019-09-22,179.88,179.88,177.7,178.24,20063
2019-09-23,180.43,180.43,178.79,179.34,26001
2019-09-24,178.79,179.34,178.24,178.24,18901
2019-09-26,180.43,180.43,178.24,178.24,13428
2019-09-29,178.79,178.79,177.7,177.7,21366
2019-09-30,177.7,179.88,177.15,179.88,7239
2019-10-01,180.43,183.17,180.43,182.62,28651
2019-10-02,182.62,182.62,180.98,180.98,32788
2019-10-03,182.62,184.81,181.53,183.71,46515
2019-10-10,184.81,186.45,183.71,186.45,11703
2019-10-14,188.63,188.63,183.17,184.26,78324
2019-10-15,185.35,185.35,183.71,184.81,120934
2019-10-16,181.63,181.63,176.22,176.82,10250
2019-10-17,179.83,179.83,176.82,176.82,11033
2019-10-20,177.42,177.42,173.21,175.02,12331
2019-10-21,176.82,177.42,174.42,175.02,8405
2019-10-22,177.42,179.23,172.61,173.21,16697
2019-10-23,176.22,182.24,173.21,176.82,4768
2019-10-24,176.82,178.63,175.02,178.03,38607
2019-10-31,178.03,181.03,178.03,179.83,24475
2019-11-03,179.83,180.43,175.62,178.03,10940
2019-11-04,176.82,177.42,175.02,175.02,6047
2019-11-05,175.62,175.62,173.82,173.82,12688
2019-11-06,176.82,176.82,173.82,173.82,10957
2019-11-07,172.61,173.82,172.01,173.82,5044
2019-11-10,172.01,174.42,171.41,173.82,12259
2019-11-11,173.82,176.82,172.61,176.82,16892
2019-11-12,174.42,177.42,172.61,175.02,5076
2019-11-13,172.61,174.42,172.01,173.21,6985
2019-11-14,173.21,174.42,172.61,173.82,7400
2019-11-17,172.61,173.21,170.81,172.61,5402
2019-11-18,172.61,172.61,170.21,170.81,11455
2019-11-19,171.41,171.41,170.21,170.21,4851
2019-11-20,171.41,172.61,170.21,170.21,5144
2019-11-21,170.21,170.21,169.0,170.21,3012
2019-11-24,169.61,169.61,166.0,166.0,13145
2019-11-25,165.4,168.4,164.19,168.4,14465
2019-11-26,166.6,168.4,166.6,168.4,8442
2019-11-27,168.4,169.61,167.2,169.0,2592
2019-11-28,169.0,169.0,167.8,167.8,5948
2019-12-01,166.6,167.8,166.6,167.8,7375
2019-12-02,167.8,168.4,167.2,167.8,5702
2019-12-03,168.4,168.4,167.8,168.4,4115
2019-12-04,167.8,170.21,167.8,169.0,6552
2019-12-05,169.61,172.01,169.61,169.61,5617
2019-12-08,169.61,170.81,169.0,170.81,4273
2019-12-09,171.41,175.02,170.81,171.41,11501
2019-12-10,174.42,176.22,173.21,173.82,9632
2019-12-11,175.62,176.82,173.82,173.82,17730
2019-12-12,174.42,176.22,174.42,175.02,6683
2019-12-15,174.42,178.63,174.42,176.22,6125
2019-12-16,174.42,176.22,173.21,173.21,8107
2019-12-17,173.21,174.42,173.21,173.21,3848
2019-12-18,174.42,174.42,172.01,172.61,6159
2019-12-19,172.01,173.21,171.41,172.01,7421
2019-12-22,169.0,172.61,171.41,171.41,5560
2019-12-23,172.61,173.21,170.81,172.01,11353
2019-12-24,174.42,175.02,173.21,173.82,18143
2019-12-25,172.01,175.02,172.01,174.42,11549
2019-12-26,173.82,175.02,173.82,174.42,5521
2019-12-29,173.21,173.82,172.61,173.21,8112
2019-12-30,173.21,173.21,169.61,169.61,27258
2019-12-31,171.41,172.01,168.4,169.61,15634
2020-01-01,167.2,170.21,167.2,169.61,13144
2020-01-02,169.61,170.81,169.61,169.61,10150
2020-01-05,170.81,175.62,170.81,174.42,15990
2020-01-06,177.42,179.23,175.02,178.63,23424
2020-01-07,180.43,185.24,180.43,185.24,77481
2020-01-08,188.25,188.25,181.03,181.03,25758
2020-01-09,179.23,182.84,179.23,179.83,10776
2020-01-12,182.84,188.25,182.84,188.25,31874
2020-01-13,191.86,194.87,185.84,189.45,81063
2020-01-14,186.45,191.86,186.45,190.05,27264
2020-01-15,191.26,197.87,190.66,194.26,34939
2020-01-16,197.27,199.68,195.47,196.07,63152
2020-01-19,199.68,203.29,197.87,202.68,74425
2020-01-20,205.09,205.09,195.47,197.87,56691
2020-01-21,200.28,200.28,194.26,196.67,28402
2020-01-22,199.08,200.28,195.47,195.47,29907
2020-01-23,195.47,196.07,190.05,190.66,14810
2020-01-26,187.65,187.65,180.43,184.64,36703
2020-01-27,186.45,188.25,184.04,187.05,20867
2020-01-28,190.66,190.66,186.45,186.45,25299
2020-01-29,186.45,187.65,185.24,186.45,14441
2020-01-30,185.24,190.66,185.24,187.65,27163
2020-02-02,189.45,193.06,189.45,192.46,28863
2020-02-03,194.87,194.87,189.45,191.86,31698
2020-02-04,189.45,191.26,189.45,189.45,17442
2020-02-05,189.45,190.05,188.25,189.45,16021
2020-02-06,188.25,189.45,187.65,188.85,14222
2020-02-09,188.25,188.25,185.84,185.84,10332
2020-02-10,187.05,188.85,186.45,187.65,22829
2020-02-11,187.05,190.05,187.05,189.45,20845
2020-02-12,188.85,190.66,188.25,188.85,20809
2020-02-13,188.25,188.85,185.84,185.84,32301
2020-02-16,186.45,187.65,184.64,187.65,25533
2020-02-17,191.26,194.87,189.45,193.06,53311
2020-02-18,196.67,197.27,191.86,193.66,54245
2020-02-19,193.06,194.87,190.66,193.66,76449
2020-02-20,193.66,195.47,192.46,194.26,46279
2020-02-23,196.67,213.51,196.67,211.1,139668
2020-02-24,211.1,217.12,206.89,208.7,154221
2020-02-25,206.29,211.71,202.08,211.1,43626
2020-02-26,215.32,223.74,212.31,219.53,102019
2020-02-27,215.32,236.37,211.1,229.15,176249
2020-03-01,229.15,233.36,220.13,220.13,162389
2020-03-02,217.72,220.73,202.08,202.08,73082
2020-03-03,202.08,216.52,195.47,208.1,82873
2020-03-04,209.9,210.5,197.87,197.87,92164
2020-03-05,194.26,202.08,194.26,197.27,67427
2020-03-10,194.26,194.26,181.63,181.63,68390
2020-03-11,180.43,196.07,180.43,196.07,67952
2020-03-12,195.47,197.27,185.84,187.05,74611
2020-03-15,184.04,186.45,179.23,180.43,87652
2020-03-16,182.84,187.65,175.62,182.84,99805
2020-03-17,180.43,181.03,175.62,176.82,44808
2020-03-18,175.02,179.23,172.61,175.02,55376
2020-03-19,172.61,181.03,169.61,175.62,69042
2020-03-22,178.63,178.63,172.01,173.82,11987
2020-05-12,170.81,170.81,170.81,170.81,50
2020-05-13,167.8,167.8,167.8,167.8,50
2020-06-29,164.79,164.79,151.56,158.78,21912
2020-06-30,158.78,170.21,158.78,170.21,4867
2020-07-01,171.41,187.05,171.41,187.05,12234
2020-07-02,187.05,190.66,168.4,169.0,6504
2020-07-05,169.0,174.42,161.19,168.4,30377
2020-07-06,168.4,173.21,162.99,173.21,21334
2020-07-07,176.22,180.43,172.01,176.82,40302
2020-07-08,176.82,176.82,171.41,175.62,24734
2020-07-09,173.21,175.62,169.0,173.82,24168
2020-07-12,176.82,179.83,169.0,173.21,35760
2020-07-13,172.01,173.21,170.21,171.41,19829
2020-07-14,170.81,173.21,170.81,172.01,23158
2020-07-15,172.01,179.23,171.41,178.03,30736
2020-07-16,181.03,190.05,177.42,184.04,42614
2020-07-19,187.65,198.47,187.65,198.47,45
2020-07-20,208.1,215.92,191.26,194.87,85063
2020-07-21,198.47,202.08,189.45,193.66,53360
2020-07-22,192.46,195.47,190.66,192.46,37989
2020-07-23,189.45,193.06,187.65,188.25,51242
2020-07-26,191.86,192.46,189.45,191.26,38193
2020-07-27,190.05,193.06,190.05,191.86,32761
2020-07-28,189.45,191.86,189.45,190.66,19043
2020-07-29,188.25,190.05,185.84,186.45,39747
2020-07-30,186.45,189.45,184.04,187.05,26168
2020-08-02,184.04,187.65,179.23,179.23,46581
2020-08-03,177.42,184.04,176.82,181.63,28651
2020-08-05,180.43,183.44,175.62,177.42,28822
2020-08-06,176.82,178.63,175.62,176.22,32404
2020-08-09,174.42,178.03,173.21,177.42,20333
2020-08-10,176.22,180.43,174.42,180.43,58524
2020-08-11,183.44,185.84,179.83,180.43,23629
2020-08-12,177.42,180.43,177.42,177.42,55450
2020-08-13,178.03,178.63,175.62,175.62,65668
2020-08-16,174.42,177.42,172.61,176.22,41444
2020-08-17,176.22,178.63,175.02,178.03,26432
2020-08-18,180.43,180.43,177.42,178.03,19908
2020-08-19,175.02,178.03,172.61,176.22,19274
2020-08-20,178.63,178.63,176.22,176.82,7569
2020-08-23,176.82,177.42,174.42,177.42,22371
2020-08-24,178.63,180.43,178.03,179.83,34747
2020-08-25,180.43,182.24,179.83,181.03,34317
2020-08-26,180.43,186.45,180.43,183.44,58202
2020-08-27,187.05,187.05,182.84,183.44,35119
2020-08-30,183.44,185.84,180.43,181.03,16629
2020-08-31,181.03,182.84,181.03,182.24,41952
2020-09-02,183.44,185.84,181.03,185.24,79005
2020-09-03,187.65,187.65,181.63,184.04,40457
2020-09-06,193.06,193.06,182.84,183.44,65574
2020-09-07,181.63,182.84,180.43,181.03,41557
2020-09-08,180.43,181.03,179.23,179.83,28235
2020-09-09,181.63,181.63,178.03,179.23,22343
2020-09-10,179.23,184.04,179.23,181.03,17428
2020-09-13,178.63,184.04,178.63,182.84,47777
2020-09-14,177.42,188.85,177.42,184.04,63157
2020-09-15,186.45,186.45,181.63,183.44,32157
2020-09-16,183.44,184.04,181.63,181.63,22155
2020-09-17,183.44,188.25,182.84,186.45,97034
2020-09-20,189.45,196.07,189.45,191.86,101103
2020-09-21,194.87,194.87,187.65,191.86,88094
2020-09-22,189.45,191.26,187.65,187.65,83623
2020-09-23,186.45,189.45,184.64,187.65,37723
2020-09-24,188.25,188.85,186.45,187.05,41607
2020-09-27,187.05,192.46,186.45,190.05,71252
2020-09-28,190.66,191.86,186.45,189.45,42240
2020-09-29,188.85,189.45,187.65,188.25,21921
2020-09-30,188.25,188.85,186.45,188.25,27374
2020-10-01,187.65,191.86,187.65,190.66,54912
2020-10-04,194.26,197.27,191.86,194.26,82530
2020-10-05,196.67,196.67,193.06,193.66,75121
2020-10-06,194.26,194.87,193.06,194.26,40342
2020-10-07,193.66,197.27,193.66,196.67,82643
2020-10-08,199.08,199.68,195.47,196.07,107012
2020-10-11,195.47,195.47,193.66,194.26,35006
2020-10-12,197.27,197.27,192.46,195.47,43286
2020-10-13,196.07,196.07,193.06,193.66,20235
2020-10-14,192.46,193.66,191.26,191.86,46442
2020-10-15,192.46,194.87,191.26,191.26,28401
2020-10-18,192.46,194.26,191.26,191.86,13837
2020-10-19,191.86,192.46,190.05,190.66,24509
2020-10-20,194.26,194.26,190.66,192.46,16389
2020-10-21,195.47,197.27,194.87,196.67,30530
2020-10-22,197.87,199.68,196.67,198.47,86963
2020-10-28,201.48,208.7,201.48,208.1,146954
2020-10-29,211.71,214.11,206.89,208.7,168236
2020-11-01,211.1,211.1,205.09,205.69,88787
2020-11-02,205.09,207.5,203.29,205.69,59109
2020-11-03,207.5,207.5,203.29,203.89,41599
2020-11-04,203.29,204.49,202.08,202.68,40653
2020-11-05,204.49,206.29,201.48,201.48,41507
2020-11-08,203.29,203.89,202.08,202.68,55994
2020-11-09,206.29,206.29,200.88,201.48,42534
2020-11-10,204.49,204.49,199.08,200.88,73892
2020-11-11,202.68,204.49,200.88,204.49,106241
2020-11-12,205.09,206.29,203.89,205.69,44537
2020-11-18,202.08,204.49,197.27,200.28,51169
2020-11-19,201.48,207.5,199.08,201.48,99001
2020-11-22,204.49,207.5,202.08,203.29,132871
2020-11-23,203.29,204.49,199.68,201.48,58888
2020-11-24,201.48,205.69,201.48,203.89,104896
2020-11-25,207.5,208.1,204.49,208.1,97851
2020-11-26,211.1,222.53,211.1,220.13,336521
2020-11-29,220.13,241.78,220.13,238.17,324825
2020-11-30,243.58,245.39,226.14,230.95,287701
2020-12-01,234.56,234.56,219.53,223.13,230874
2020-12-02,233.96,233.96,218.32,223.74,184219
2020-12-03,234.56,234.56,219.53,222.53,121174
2020-12-06,228.55,230.95,220.13,220.13,266188
2020-12-07,220.13,230.95,215.92,224.34,127416
2020-12-08,235.16,235.16,217.72,221.33,86650
2020-12-09,232.16,232.16,213.51,214.71,73064
2020-12-10,224.94,224.94,210.5,215.32,72280
2020-12-13,225.54,225.54,217.12,221.33,96309
2020-12-14,221.33,228.55,221.33,226.74,120236
2020-12-15,237.57,237.57,222.53,223.74,66479
2020-12-16,234.56,234.56,220.73,220.73,50391
2020-12-17,231.55,231.55,218.92,219.53,83107
2020-12-20,216.52,218.92,209.3,210.5,127926
2020-12-21,205.69,212.31,200.28,209.9,98445
2020-12-22,220.13,226.74,212.31,218.92,123455
2020-12-23,223.13,227.34,220.13,223.74,157983
2020-12-24,234.56,245.99,227.34,231.55,696623
2020-12-27,234.56,236.97,227.34,230.95,161658
2020-12-28,231.55,232.76,224.34,227.95,86358
2020-12-29,227.95,231.55,227.95,227.95,134684
2020-12-30,225.54,230.35,225.54,226.74,82062
2020-12-31,226.14,244.18,226.14,239.37,370644
2021-01-03,239.37,252.6,239.37,252.6,335672
2021-01-04,265.23,265.23,251.4,256.21,372031
2021-01-05,268.84,268.84,250.8,259.82,205680
2021-01-06,264.63,267.64,258.62,266.44,296666
2021-01-07,279.67,279.67,264.63,267.04,244248
2021-01-10,267.64,280.27,265.84,280.27,432262
2021-01-11,285.68,288.09,281.47,283.88,901446
2021-01-12,288.98,288.98,279.55,282.92,177688
2021-01-13,286.28,286.96,279.55,279.55,169039
2021-01-17,279.55,284.26,274.16,278.2,171358
2021-01-18,279.55,281.57,272.14,273.49,166670
2021-01-19,274.16,274.16,264.73,268.77,205952
2021-01-20,281.57,281.57,267.42,268.77,97025
2021-01-21,281.57,281.57,266.08,266.75,103078
2021-01-24,276.18,276.18,264.06,266.08,144812
2021-01-25,278.88,278.88,263.38,267.42,145175
2021-01-26,269.44,272.14,265.4,266.08,106821
2021-01-27,266.08,266.08,261.36,262.03,117970
2021-01-28,261.36,261.36,253.95,257.32,143189
2021-01-31,255.97,257.32,245.87,247.89,162036
2021-02-01,249.24,252.6,245.19,247.89,83605
2021-02-02,247.89,255.97,247.89,255.3,184605
2021-02-03,268.77,268.77,252.6,253.95,137857
2021-02-04,266.08,266.08,252.6,255.97,93546
2021-02-07,256.65,256.65,250.58,252.6,120693
2021-02-08,249.24,270.79,249.24,267.42,193752
2021-02-09,272.14,278.88,263.38,267.42,126048
2021-02-10,278.88,278.88,260.01,267.42,167181
2021-02-11,269.44,274.83,266.08,266.75,166290
2021-02-14,268.1,268.77,262.03,262.71,61056
2021-02-15,267.42,277.53,264.73,266.75,47962
2021-02-16,271.47,286.28,269.44,284.94,622071
2021-02-17,290.33,297.06,284.26,294.37,506084
2021-02-18,297.74,301.78,293.69,293.69,293630
2021-02-21,294.37,294.37,284.94,288.98,256887
2021-02-22,293.02,293.02,280.9,280.9,176994
2021-02-23,276.18,281.57,271.47,278.88,217051
2021-02-24,275.51,289.65,275.51,280.9,171448
2021-02-25,294.37,294.37,270.79,274.83,131502
2021-02-28,272.81,272.81,264.06,268.1,179046
2021-03-01,276.18,278.2,264.06,276.85,162762
2021-03-02,276.85,276.85,266.08,266.08,146017
2021-03-03,270.12,272.81,262.71,267.42,121845
2021-03-04,272.14,275.51,268.1,272.81,100390
2021-03-08,276.18,276.18,268.77,271.47,57465
2021-03-09,269.44,270.79,266.08,267.42,70882
2021-03-10,265.4,268.77,264.73,266.75,41332
2021-03-14,266.75,266.75,262.03,262.71,82575
2021-03-15,260.01,268.77,259.34,261.36,39196
2021-03-16,258.67,264.06,258.67,261.36,51801
2021-03-17,260.01,270.79,259.34,268.1,37388
2021-03-18,269.44,274.16,268.77,271.47,47362
2021-03-21,268.1,275.51,266.08,274.16,82044
2021-03-22,276.85,276.85,270.79,270.79,62118
2021-03-23,276.18,276.18,268.1,268.1,45402
2021-03-24,269.44,274.83,269.44,273.49,57790
2021-03-25,274.16,275.51,269.44,270.12,66463
2021-03-29,269.44,274.16,269.44,274.16,64310
2021-03-30,272.81,286.28,272.81,280.9,194702
2021-03-31,282.92,288.98,282.24,287.63,134380
2021-04-01,289.65,293.02,284.94,286.28,209468
2021-04-04,287.63,291.67,286.96,289.65,160989
2021-04-05,290.33,291.67,287.63,289.65,140224
2021-04-06,286.28,289.65,286.28,289.65,80212
2021-04-07,303.8,303.8,285.61,290.33,157797
2021-04-08,292.35,292.35,286.96,288.98,100351
2021-04-12,291.0,291.67,287.63,289.65,143571
2021-04-13,289.65,301.78,289.65,299.08,214696
2021-04-15,303.13,309.19,301.1,305.15,262627
2021-04-18,303.13,306.49,296.39,299.76,232423
2021-04-19,301.78,301.78,288.31,289.65,351937
2021-04-20,290.33,294.37,286.28,289.65,182731
2021-04-21,286.28,291.67,284.26,284.94,120441
2021-04-22,287.63,290.33,282.92,284.26,107636
2021-04-25,284.26,284.26,274.16,274.83,188620
2021-04-26,270.79,279.55,270.79,273.49,142594
2021-04-27,276.85,285.61,276.18,285.61,135163
2021-04-28,286.28,287.63,281.57,282.92,64764
2021-04-29,282.92,285.61,280.22,283.59,67366
2021-05-02,288.31,290.33,283.59,288.31,95819
2021-05-03,292.35,293.02,283.59,285.61,85425
2021-05-04,284.26,286.28,282.92,284.26,29959
2021-05-05,280.9,284.26,280.9,282.24,52345
2021-05-06,282.24,282.92,278.88,282.24,48341
2021-05-09,280.22,286.28,279.55,281.57,55500
2021-05-10,280.9,284.26,280.9,282.92,45632
2021-05-11,282.92,286.28,282.92,283.59,34930
2021-05-12,282.92,284.94,280.9,280.9,40339
2021-05-13,279.55,282.92,279.55,282.24,44525
2021-05-16,284.26,288.31,283.59,286.96,95001
2021-05-17,289.65,290.33,287.63,288.31,89755
2021-05-18,288.31,289.65,286.96,288.98,89014
2021-05-19,294.37,295.72,288.31,290.33,215898
2021-05-20,290.33,296.39,290.33,295.72,154921
2021-05-23,293.02,303.8,286.96,300.43,241805
2021-05-24,302.45,307.84,299.76,301.78,292096
2021-05-25,301.78,303.13,296.39,296.39,123320
2021-05-27,293.02,301.1,291.67,297.74,130880
2021-05-30,299.08,309.86,295.72,301.1,266511
2021-05-31,306.49,309.86,299.76,299.76,244174
2021-06-01,299.76,303.13,296.39,298.41,135131
2021-06-02,298.41,301.78,296.39,301.1,103212
2021-06-03,303.13,318.62,303.13,315.92,545480
2021-06-06,321.99,332.76,321.99,325.35,431960
2021-06-07,330.07,330.07,314.58,319.97,306016
2021-06-08,319.97,332.76,319.97,323.33,346904
2021-06-09,336.81,336.81,316.6,324.01,224636
2021-06-10,336.81,336.81,318.62,319.29,144404
2021-06-13,334.78,334.78,316.6,331.42,257861
2021-06-14,330.07,352.97,330.07,352.3,605569
2021-06-15,357.01,359.03,342.87,344.22,322625
2021-06-16,347.58,353.65,338.15,341.52,236433
2021-06-17,347.58,347.58,333.44,340.17,249466
2021-06-20,342.19,343.54,328.72,332.76,213250
2021-06-21,336.13,336.81,323.33,326.03,245254
2021-06-22,330.07,338.15,321.99,337.48,279063
2021-06-23,337.48,338.83,326.03,328.72,148223
2021-06-24,326.7,329.4,323.33,325.35,101955
2021-06-27,330.74,336.81,324.01,334.11,174583
2021-06-28,336.81,342.87,330.74,334.11,156416
2021-06-29,336.81,336.81,327.38,330.07,84167
2021-06-30,334.11,334.11,323.33,330.07,90875
2021-07-01,330.07,333.44,328.05,330.07,78951
2021-07-04,336.13,336.13,326.7,327.38,101509
2021-07-05,325.35,330.07,325.35,326.7,59947
2021-07-06,329.4,331.42,324.68,330.07,66502
2021-07-07,332.76,332.76,328.05,328.72,179959
2021-07-08,344.89,344.89,328.72,332.76,224314
2021-07-11,333.44,340.17,332.76,339.5,209756
2021-07-12,343.54,344.22,329.4,334.11,193102
2021-07-13,334.11,336.81,331.42,336.13,107787
2021-07-14,336.13,336.81,328.05,334.11,174105
2021-07-15,336.81,341.52,335.46,339.5,113654
2021-07-18,346.24,370.49,343.54,368.47,534269
2021-07-19,373.18,382.41,368.53,369.14,444046
2021-07-20,370.49,373.18,365.77,372.84,249763
2021-07-22,377.9,392.04,372.51,385.31,562764
2021-07-25,392.04,400.8,388.0,400.66,440152
2021-07-26,404.17,404.17,387.33,390.69,534163
2021-07-27,383.96,392.31,375.88,389.35,378722
2021-07-28,396.08,396.76,382.61,384.63,239713
2021-07-29,389.35,392.24,381.94,382.27,196093
2021-08-01,387.33,387.33,382.61,382.61,156613
2021-08-02,382.61,390.02,382.61,387.33,160241
2021-08-03,390.69,392.04,386.65,392.04,126383
2021-08-04,396.69,399.45,394.06,395.34,130487
2021-08-05,397.43,402.15,392.04,397.43,219767
2021-08-08,398.71,407.53,392.11,397.3,128608
2021-08-09,398.78,402.15,388.67,392.04,123388
2021-08-10,394.74,402.15,388.67,396.76,284665
2021-08-11,396.76,403.49,390.69,392.11,199866
2021-08-12,392.11,398.78,384.77,392.11,155134
2021-08-15,399.92,399.92,385.64,390.02,329961
2021-08-16,397.77,397.77,385.31,388.0,257854
2021-08-17,393.39,393.39,378.64,379.92,196973
2021-08-18,387.46,387.46,373.85,385.98,228125
2021-08-19,388.0,388.67,379.92,382.61,234405
2021-08-24,380.25,380.59,375.2,375.88,113330
2021-08-25,383.28,383.28,362.47,362.74,230404
2021-08-26,369.81,369.81,357.15,361.73,193174
2021-08-29,363.75,363.75,348.26,349.6,323259
2021-08-31,342.87,352.97,340.51,344.22,342803
2021-09-01,346.91,351.63,340.91,346.24,210317
2021-09-02,350.28,350.28,339.63,340.17,137840
2021-09-05,340.17,346.24,328.72,338.83,250689
2021-09-06,336.81,359.71,333.5,359.03,320462
2021-09-07,360.38,361.73,345.29,350.28,146047
2021-09-08,343.88,348.26,340.17,342.19,90813
2021-09-09,344.89,344.89,337.48,338.83,91897
2021-09-12,340.17,346.91,336.13,345.56,112861
2021-09-13,347.58,355.13,343.54,348.05,129696
2021-09-14,348.93,348.93,343.54,348.86,76287
2021-09-15,348.93,348.93,339.57,340.98,59452
2021-09-16,338.89,338.89,328.72,333.44,188223
2021-09-20,336.81,336.81,326.77,328.05,142479
2021-09-21,324.68,336.81,322.12,326.7,147758
2021-09-22,333.24,340.91,330.07,339.5,115775
2021-09-23,343.54,360.38,343.54,348.93,251321
2021-09-26,355.67,355.67,342.19,342.19,110697
2021-09-27,343.54,343.54,332.76,336.27,95179
2021-09-28,330.07,336.13,325.49,325.49,80620
2021-09-29,320.64,331.96,320.1,328.05,164689
2021-09-30,330.07,330.07,321.31,322.66,96070
2021-10-03,328.72,329.06,317.34,318.62,78759
2021-10-04,318.62,321.99,315.92,316.6,74701
2021-10-05,316.6,319.97,312.56,314.78,94017
2021-10-06,314.78,319.36,310.6,315.05,129361
2021-10-10,321.31,327.71,311.01,314.58,105291
2021-10-11,309.86,316.6,302.45,309.19,135768
2021-10-17,315.32,315.32,303.13,309.19,84303
2021-10-18,303.19,309.19,298.41,299.08,87817
2021-10-19,294.37,297.74,291.0,292.35,84447
2021-10-20,298.14,312.56,293.02,303.8,143862
2021-10-21,309.79,315.92,304.14,313.9,174239
2021-10-24,313.9,323.27,307.91,321.38,159259
2021-10-25,327.78,331.08,316.6,330.74,272997
2021-10-26,330.74,338.15,328.05,336.0,145269
2021-10-27,336.13,343.54,329.53,338.15,144494
2021-10-28,340.17,340.17,330.14,338.15,124788
2021-10-31,344.89,358.77,343.54,346.24,469356
2021-11-01,353.11,353.11,345.56,348.93,245305
2021-11-02,348.93,354.32,346.24,353.58,136994
2021-11-03,360.58,360.58,350.28,350.95,122419
2021-11-08,351.63,353.58,346.91,346.91,65089
2021-11-09,346.24,347.58,334.78,336.81,135857
2021-11-11,331.42,336.81,328.05,328.72,95531
2021-11-14,328.72,333.44,326.7,333.44,77529
2021-11-15,333.44,336.81,333.44,334.78,42884
2021-11-16,334.78,340.85,332.76,339.5,55838
2021-11-17,340.17,342.19,336.81,340.85,79365
2021-11-18,340.85,340.85,331.42,334.78,52517
2021-11-21,334.78,336.13,332.83,334.85,33569
2021-11-22,336.13,336.13,331.42,331.48,35083
2021-11-23,332.09,332.09,326.7,329.4,57952
2021-11-24,330.07,330.07,322.66,324.68,74876
2021-11-25,330.07,330.07,319.29,322.66,57132
2021-11-28,316.6,320.03,310.53,315.25,63068
2021-11-29,316.6,319.29,309.86,313.23,33939
2021-11-30,315.92,318.62,307.17,311.88,75981
2021-12-01,313.9,318.08,311.88,312.56,69410
2021-12-02,315.25,315.25,306.49,308.51,66129
2021-12-05,302.45,308.45,295.72,296.39,179770
2021-12-06,299.08,306.49,292.35,301.78,87059
2021-12-07,306.49,306.49,297.06,297.74,40171
2021-12-08,298.41,298.41,291.67,292.35,72909
2021-12-09,297.74,297.74,288.98,295.72,67346
2021-12-12,295.72,296.39,282.92,282.92,116463
2021-12-13,288.31,288.31,274.83,280.9,102758
2021-12-14,283.59,296.39,283.59,296.39,35375
2021-12-15,301.1,302.32,286.28,288.98,103111
2021-12-16,285.68,288.31,282.92,286.28,36676
2021-12-20,292.01,292.01,280.9,286.96,53504
2021-12-21,289.65,292.01,287.63,289.72,42963
2021-12-22,295.51,301.64,293.02,300.5,77927
2021-12-23,306.49,307.17,297.2,303.87,77774
2021-12-26,306.49,316.26,306.49,315.25,182329
2021-12-27,317.94,318.01,307.17,309.19,124700
2021-12-28,309.19,312.56,301.78,311.88,71517
2021-12-29,315.25,315.25,307.17,312.56,70264
2022-01-02,318.77,324.0,311.69,318.31,93520
2022-01-03,321.69,328.62,319.38,327.85,86955
2022-01-04,330.85,347.86,322.85,346.4,154504
2022-01-05,350.17,350.17,335.62,337.09,111207
2022-01-06,338.62,347.86,334.01,347.17,146497
2022-01-09,350.17,360.1,350.17,357.09,166776
2022-01-10,360.17,360.94,350.17,351.71,91946
2022-01-11,350.94,358.63,350.17,357.63,90968
2022-01-12,351.78,357.86,346.32,348.63,75811
2022-01-13,350.17,354.02,345.55,353.25,70869
2022-01-16,353.25,361.71,352.48,361.71,180707
2022-01-17,364.02,369.41,356.33,361.71,145739
2022-01-18,359.02,373.64,357.86,365.56,180428
2022-01-19,372.49,372.49,357.86,361.71,91842
2022-01-20,361.71,362.48,356.33,359.79,62906
2022-01-23,360.02,374.26,358.63,363.25,140926
2022-01-24,370.49,370.49,347.09,352.48,170021
2022-01-25,359.48,359.48,343.24,349.4,94791
2022-01-26,354.02,354.02,342.47,343.09,70434
2022-01-27,344.4,347.09,339.39,340.93,47091
2022-01-30,347.71,356.33,346.32,354.02,59776
2022-01-31,357.09,357.86,347.86,348.32,32745
2022-02-01,346.71,352.48,343.24,350.94,54695
2022-02-03,350.94,357.86,346.4,350.17,64627
2022-02-06,351.01,351.01,344.94,345.09,37059
2022-02-07,343.24,348.63,342.47,343.32,29428
2022-02-08,350.17,356.33,339.78,341.7,52555
2022-02-09,344.78,344.78,337.09,337.78,33765
2022-02-10,338.24,340.93,331.77,333.24,50151
2022-02-13,331.7,331.7,323.23,325.54,307377
2022-02-14,325.54,328.62,323.23,326.31,43169
2022-02-15,332.47,332.47,323.23,330.93,56255
2022-02-16,330.93,332.08,325.08,327.77,28139
2022-02-17,334.01,334.01,325.93,328.62,21757
2022-02-20,324.08,326.31,320.15,322.46,46557
2022-02-21,322.46,327.08,320.15,326.23,65224
2022-02-22,327.08,329.39,325.7,328.85,47200
2022-02-23,327.08,330.16,324.0,326.31,33703
2022-02-24,326.31,326.31,318.61,319.77,34467
2022-02-27,320.92,320.92,315.61,316.69,52154
2022-02-28,310.92,323.23,310.92,314.0,64396
2022-03-02,307.84,314.0,305.53,307.84,69730
2022-03-06,301.68,313.23,301.68,308.3,62111
2022-03-07,302.15,311.69,302.15,307.84,56020
2022-03-09,308.61,310.92,303.99,303.99,33024
2022-03-10,304.76,307.84,303.22,307.84,39386
2022-03-13,314.0,319.38,309.38,315.54,88147
2022-03-14,321.69,321.69,312.69,317.08,23030
2022-03-15,319.38,319.38,313.07,314.0,48889
2022-03-16,317.08,320.0,310.15,310.92,68113
2022-03-20,315.54,315.54,310.15,313.0,36732
2022-03-21,319.23,319.23,310.15,314.0,39469
2022-03-22,315.54,317.85,313.07,314.77,39578
2022-03-23,311.77,315.54,310.15,312.07,38618
2022-03-24,315.46,315.46,309.46,309.53,53080
2022-03-27,309.38,312.84,305.53,306.3,88284
2022-03-28,311.69,311.69,302.68,303.99,42554
2022-03-29,304.76,306.3,302.45,303.99,26739
2022-03-30,304.76,306.3,301.76,305.53,41942
2022-03-31,307.84,310.15,303.99,307.07,56066
2022-04-03,310.15,310.15,303.99,304.76,32499
2022-04-04,310.84,310.84,302.45,304.76,35593
2022-04-05,310.84,310.84,299.37,301.68,75026
2022-04-06,298.61,301.68,296.3,297.76,38829
2022-04-07,299.37,306.22,297.14,303.99,47077
2022-04-11,309.38,315.54,301.76,303.99,53861
2022-04-12,300.07,303.99,299.76,302.45,32157
2022-04-13,302.45,306.99,300.14,303.99,29042
2022-04-17,310.07,310.07,299.37,301.68,31456
2022-04-18,306.3,306.3,298.61,298.84,32142
2022-04-19,304.76,307.84,297.07,307.84,48613
2022-04-20,314.0,314.0,299.37,303.99,108344
2022-04-21,301.07,306.3,298.61,301.68,28318
2022-04-24,307.07,309.38,304.15,309.38,27519
2022-04-25,312.46,313.0,305.53,305.53,27935
2022-04-26,306.3,309.38,301.68,307.07,106362
2022-04-27,303.99,307.07,303.22,306.3,17927
2022-04-28,312.38,312.38,302.07,302.45,21520
2022-05-02,303.22,304.76,296.6,297.84,27540
2022-05-04,303.76,303.76,290.99,294.76,21198
2022-05-05,292.45,293.99,290.91,292.45,50245
2022-05-08,295.53,295.53,287.83,293.22,19898
2022-05-09,299.07,299.07,291.68,293.99,43943
2022-05-10,299.37,300.14,295.53,299.37,37090
2022-05-11,303.99,305.53,301.68,305.22,14681
2022-05-12,307.84,308.61,303.99,304.76,33703
2022-05-17,301.68,301.68,298.61,298.61,18805
2022-05-18,302.45,302.45,293.99,297.14,8398
2022-05-19,295.3,300.91,295.3,296.3,24289
2022-05-20,296.3,297.84,294.76,294.76,10244
2022-05-23,300.61,300.61,287.83,290.14,31599
2022-05-24,295.91,295.91,289.37,293.99,21162
2022-05-25,299.84,299.84,290.14,297.07,29132
2022-05-26,302.99,302.99,294.06,296.3,18820
2022-05-27,296.3,296.3,290.91,293.99,38462
2022-05-30,299.84,299.84,287.83,289.83,19999
2022-05-31,284.75,288.6,281.67,281.67,39251
2022-06-01,286.29,286.29,280.13,282.44,22933
2022-06-02,287.83,287.83,278.36,280.9,29420
2022-06-03,286.52,286.52,273.21,273.21,42357
2022-06-06,277.06,277.06,263.97,267.05,60191
2022-06-07,265.51,265.51,253.2,258.2,51710
2022-06-08,261.66,267.05,258.59,260.13,41783
2022-06-09,265.28,266.97,259.66,260.13,26454
2022-06-10,265.28,265.28,255.12,258.59,9361
2022-06-13,263.74,263.74,253.97,257.05,20729
2022-06-14,256.28,256.28,250.89,252.43,24892
2022-06-15,257.43,257.43,242.89,245.5,29081
2022-06-16,242.58,251.66,242.58,244.73,37095
2022-06-17,243.19,250.12,242.5,243.19,31244
2022-06-19,246.27,246.27,237.81,238.58,21747
2022-06-20,237.81,238.5,233.96,235.5,45892
2022-06-21,237.81,248.81,234.73,248.81,39395
2022-06-22,246.27,248.58,237.96,238.35,36827
2022-06-23,233.65,240.12,230.11,238.58,70234
2022-06-24,234.73,238.58,229.49,236.27,83733
2022-06-26,240.81,246.27,237.04,246.27,90805
2022-06-27,247.81,250.12,238.58,240.12,35290
2022-06-28,240.12,243.58,235.5,240.89,18396
2022-06-29,245.43,245.43,238.58,242.42,19455
2022-06-30,244.73,250.12,242.66,247.73,49877
2022-07-01,247.81,247.81,239.88,240.12,43304
2022-07-03,237.04,249.74,237.04,243.19,40636
2022-07-04,246.27,250.12,241.65,242.42,94323
2022-07-05,238.58,246.27,235.5,235.5,45515
2022-07-06,237.04,238.58,230.88,237.81,35158
2022-07-07,242.5,242.5,233.19,239.35,34052
2022-07-08,235.5,237.81,233.96,235.19,26338
2022-07-11,233.96,234.65,223.26,223.95,93067
2022-07-12,226.26,227.03,221.8,222.41,63851
2022-07-13,226.26,227.03,222.41,226.26,137903
2022-07-14,230.73,235.27,227.8,229.8,44218
2022-07-15,229.42,233.88,229.34,233.19,61618
2022-07-17,233.19,238.5,230.88,238.5,45999
2022-07-18,238.5,242.42,237.04,242.42,52175
2022-07-19,243.19,246.27,240.12,241.65,50452
2022-07-20,240.19,244.89,240.12,242.73,25318
2022-07-21,242.81,244.73,239.58,242.42,45220
2022-07-22,243.96,244.5,238.65,242.42,64161
2022-07-24,242.42,244.73,238.58,244.73,50944
2022-07-25,247.04,249.35,244.73,247.04,62045
2022-07-26,246.2,249.35,240.27,240.89,44062
2022-07-27,242.5,242.5,238.65,240.89,15160
2022-07-28,243.96,245.66,238.58,239.35,59580
2022-07-29,243.96,243.96,237.04,242.42,16584
2022-07-31,243.96,256.28,243.35,256.28,59013
2022-08-01,260.89,265.36,256.28,258.2,112321
2022-08-02,258.59,262.43,254.81,257.82,34819
2022-08-03,262.97,267.82,259.59,260.2,90162
2022-08-04,264.74,264.74,251.66,251.66,61343
2022-08-05,252.2,256.2,245.58,246.27,31933
2022-08-07,244.81,250.51,243.96,244.73,38474
2022-08-08,249.35,249.35,243.96,243.96,24423
2022-08-09,243.96,245.5,240.12,240.58,32951
2022-08-10,243.89,243.89,237.34,237.34,27991
2022-08-11,238.58,239.73,235.27,235.5,35449
2022-08-14,234.73,239.35,233.65,233.96,23714
2022-08-15,234.04,238.58,234.04,238.19,19155
2022-08-16,242.42,247.73,238.58,238.58,34069
2022-08-17,238.58,240.89,237.04,239.27,15042
2022-08-18,237.04,241.65,237.04,241.58,20949
2022-08-21,239.19,244.73,239.19,242.04,31362
2022-08-22,244.73,244.73,238.58,242.04,25229
2022-08-23,246.2,246.2,240.89,241.5,30406
2022-08-24,243.96,246.27,241.65,243.5,31119
2022-08-25,244.73,245.35,241.65,241.65,17316
2022-08-26,244.73,244.73,237.81,241.58,9821
2022-08-28,237.81,240.04,235.65,236.65,34529
2022-08-29,236.27,238.5,232.8,237.81,30416
2022-08-30,241.65,242.35,237.04,238.5,10439
2022-08-31,237.81,237.81,233.96,235.5,19550
2022-09-01,237.04,237.04,231.65,234.73,10423
2022-09-02,234.73,236.19,232.42,233.19,8095
2022-09-04,230.88,239.35,230.88,234.73,12502
2022-09-05,236.19,237.04,233.57,234.57,28283
2022-09-06,233.96,235.5,231.73,232.5,20720
2022-09-07,233.96,237.04,230.88,233.11,40668
2022-09-08,233.96,233.96,230.11,230.88,21601
2022-09-11,231.65,233.96,229.34,230.11,29688
2022-09-12,230.88,230.88,227.8,228.57,17417
2022-09-13,232.42,234.57,229.49,233.11,30382
2022-09-14,237.58,238.5,230.88,236.96,37309
2022-09-15,237.04,237.04,230.88,232.73,30099
2022-09-16,230.88,231.65,227.8,230.88,18589
2022-09-18,231.27,231.27,227.03,227.96,98169
2022-09-20,227.8,228.42,222.49,222.8,45540
2022-09-21,223.18,224.72,220.11,223.95,19076
2022-09-22,227.65,227.65,223.18,224.72,14458
2022-09-25,227.03,227.03,221.65,221.95,23090
2022-09-27,224.72,227.03,221.72,224.72,10062
2022-09-28,229.11,229.34,225.65,225.88,10620
2022-09-29,230.11,231.65,228.57,230.11,9288
2022-10-09,233.96,241.65,230.88,240.12,21632
2022-10-10,240.89,240.89,234.73,235.5,16331
2022-10-11,235.5,235.5,229.34,232.8,20829
2022-10-12,237.04,237.04,230.88,231.65,14361
2022-10-13,234.73,234.73,228.57,233.19,28177
2022-10-16,234.73,235.5,229.57,232.42,13737
2022-10-17,228.65,236.27,227.8,235.11,14845
2022-10-19,234.73,236.88,232.42,234.73,16552
2022-10-20,237.04,237.04,230.88,233.96,33948
2022-10-23,238.58,238.58,233.19,235.5,9620
2022-10-31,233.19,237.04,230.88,237.04,28940
2022-11-01,237.04,249.58,234.96,248.5,39435
2022-11-02,249.35,253.97,244.81,249.35,39206
2022-11-03,247.04,250.81,246.27,246.66,32484
2022-11-06,246.27,250.12,245.12,250.04,31875
2022-11-07,250.27,253.2,247.97,247.97,36450
2022-11-08,248.2,249.35,247.27,248.12,11675
2022-11-09,245.5,250.12,243.19,243.96,38815
2022-11-10,242.42,247.04,242.42,243.89,24007
2022-11-13,244.73,245.5,243.42,244.73,19783
2022-11-14,243.19,250.12,242.42,246.43,21171
2022-11-15,249.35,251.27,247.04,249.89,13086
2022-11-16,250.2,250.89,245.66,250.89,13385
2022-11-17,255.51,255.89,249.35,250.74,20871
2022-11-22,253.04,255.51,247.81,250.04,7665
2022-11-23,249.35,249.35,245.5,246.27,12798
2022-11-24,244.43,249.35,244.43,248.58,14644
2022-11-27,245.5,251.58,245.5,251.58,27015
2022-11-28,250.89,250.89,244.81,246.27,20091
2022-11-29,244.19,250.12,244.04,247.81,18771
2022-11-30,244.12,250.74,244.12,247.27,15363
2022-12-01,250.12,250.81,247.04,250.04,23546
2022-12-04,249.35,250.89,247.81,249.35,19156
2022-12-05,247.81,250.12,247.12,248.58,22538
2022-12-06,246.27,247.81,244.35,245.43,21203
2022-12-07,250.12,251.51,245.89,246.27,48314
2022-12-11,246.27,246.27,242.19,242.19,27738
2022-12-12,246.27,246.27,239.35,241.27,19031
2022-12-13,240.12,242.81,237.81,237.96,16711
2022-12-14,237.81,241.96,237.81,238.58,12596
2022-12-15,237.04,241.58,237.04,238.58,10417
2022-12-18,239.35,239.35,233.19,235.5,25221
2022-12-19,240.12,240.12,232.42,235.5,9779
2022-12-20,235.5,238.58,233.96,236.27,18497
2022-12-21,240.12,240.12,237.04,238.11,21412
2022-12-22,240.89,242.04,237.81,238.58,21070
2022-12-26,243.35,247.81,239.42,247.81,45037
2022-12-27,252.74,262.82,250.89,260.89,188077
2022-12-28,265.8,265.8,255.41,255.41,57656
2022-12-29,255.41,262.34,254.55,261.47,47602
2023-01-01,261.47,263.29,256.28,257.14,45032
2023-01-02,259.74,261.47,257.14,257.4,35179
2023-01-03,259.74,261.47,256.28,258.01,40533
2023-01-04,259.74,262.34,257.23,262.34,56117
2023-01-05,263.2,267.53,258.87,259.74,59839
2023-01-08,264.85,264.94,257.32,258.7,73011
2023-01-09,258.7,271.0,254.81,270.04,157341
2023-01-10,273.51,283.98,270.3,274.03,162300
2023-01-12,279.48,284.85,265.8,266.23,66655
2023-01-17,270.13,270.13,263.2,265.63,41879
2023-01-18,268.4,269.26,259.74,260.0,76324
2023-01-19,264.07,267.53,259.83,262.42,38806
2023-01-23,264.94,264.94,258.01,258.01,81426
2023-01-24,258.01,263.2,254.55,262.34,36850
2023-01-25,262.34,262.34,257.58,258.01,41590
2023-01-26,258.01,259.74,255.41,256.28,24605
2023-01-29,257.14,257.84,253.68,254.55,37470
2023-01-30,252.81,257.14,251.08,251.95,38924
2023-01-31,253.68,253.68,242.68,248.48,29481
2023-02-01,245.02,251.08,245.02,247.62,16740
2023-02-02,251.08,252.55,244.16,245.02,29054
2023-02-05,246.75,249.35,243.38,248.4,27135
2023-02-06,248.48,251.95,245.02,247.62,17015
2023-02-07,251.95,253.68,242.68,253.59,44167
2023-02-08,252.81,260.35,252.81,254.55,39167
2023-02-09,251.08,257.14,250.3,253.68,17629
2023-02-12,251.08,251.08,247.19,249.35,43901
2023-02-14,254.29,254.29,244.68,246.32,36246
2023-02-15,250.91,250.91,242.42,243.72,77441
2023-02-16,243.29,245.89,241.82,244.16,16450
2023-02-22,240.69,246.75,238.18,243.72,14796
2023-02-23,241.56,242.42,238.96,240.69,27494
2023-02-26,238.1,241.56,233.16,240.69,28986
2023-02-27,242.42,242.42,236.36,237.23,26425
2023-02-28,241.73,245.8,237.23,238.96,17271
2023-03-01,239.83,241.47,236.88,237.23,13859
2023-03-02,237.23,237.23,234.89,235.41,18230
2023-03-05,236.36,236.36,231.34,232.03,23407
2023-03-07,231.0,235.5,230.91,232.03,15079
2023-03-09,236.36,238.96,232.73,238.96,20835
2023-03-12,243.2,243.2,236.36,236.36,19792
2023-03-13,234.2,234.63,230.56,233.68,16534
2023-03-14,238.1,238.44,233.33,236.36,17595
2023-03-15,240.69,241.04,229.61,232.03,35518
2023-03-16,236.36,236.36,225.11,227.71,63161
2023-03-19,223.2,231.17,220.78,225.97,67933
2023-03-20,225.97,226.84,220.61,220.78,50613
2023-03-22,218.18,228.66,218.18,225.28,40712
2023-03-23,228.57,247.79,222.34,244.07,299272
2023-03-26,240.69,240.69,227.71,228.57,69960
2023-03-27,224.07,228.57,220.78,228.48,78691
2023-03-28,229.44,231.17,223.38,225.11,36853
2023-03-29,225.11,228.57,221.47,226.75,33096
2023-03-30,229.44,230.13,223.55,224.24,25527
2023-04-02,224.24,227.71,220.78,220.87,35022
2023-04-03,220.78,221.56,217.14,217.32,36721
2023-04-04,221.65,221.65,214.72,217.32,36951
2023-04-05,217.32,221.65,212.99,221.65,38398
2023-04-06,225.11,225.11,218.18,219.91,31382
2023-04-09,222.51,222.51,214.72,216.36,38543
2023-04-10,219.05,219.74,214.29,216.45,27027
2023-04-11,219.91,219.91,215.58,218.61,59409
2023-04-12,222.51,229.61,220.87,229.44,43283
2023-04-13,233.77,233.77,223.46,224.24,25194
2023-04-16,228.57,228.57,220.87,225.11,17957
2023-04-17,226.84,228.57,222.25,222.51,10251
2023-04-18,219.05,225.8,218.1,219.74,13500
2023-04-19,223.64,225.11,218.44,224.5,10532
2023-04-20,220.78,220.78,216.45,218.96,36548
2023-04-23,221.65,221.65,214.63,218.1,21696
2023-04-24,214.72,220.78,213.85,215.58,23096
2023-04-25,216.45,219.48,214.72,219.05,15782
2023-04-26,220.78,220.78,215.58,215.58,15567
2023-04-27,214.72,218.96,214.72,216.45,14490
2023-04-30,217.32,218.18,212.99,213.07,26875
2023-05-02,213.85,216.45,211.43,212.12,23752
2023-05-03,216.36,216.36,209.61,212.99,25430
2023-05-04,216.88,219.91,209.7,216.45,18343
2023-05-07,216.45,218.18,212.99,216.62,15310
2023-05-08,213.85,216.45,211.52,212.03,18757
2023-05-09,212.12,215.58,209.52,214.81,21098
2023-05-10,214.81,218.18,212.03,213.85,20724
2023-05-11,213.42,213.77,210.39,212.99,11435
2023-05-14,215.15,216.45,211.26,212.99,16467
2023-05-15,212.99,213.85,209.18,212.12,13345
2023-05-16,214.72,214.72,210.48,211.26,15831
2023-05-17,213.77,214.63,211.26,214.29,18809
2023-05-18,212.12,221.99,212.12,216.45,21139
2023-05-21,212.99,219.91,212.99,216.45,33405
2023-05-22,215.58,219.48,215.58,218.18,23595
2023-05-23,220.61,222.51,218.18,220.43,32277
2023-05-24,224.24,224.68,216.8,221.56,27972
2023-05-28,222.08,225.97,218.18,218.18,43631
2023-05-30,216.45,218.18,210.39,212.12,34123
2023-05-31,212.12,212.99,209.09,209.52,23639
2023-06-01,213.68,213.68,207.88,210.39,35976
2023-06-04,207.79,218.79,206.32,215.58,30232
2023-06-05,216.45,218.18,211.34,211.43,23381
2023-06-06,209.52,214.72,208.83,214.63,16459
2023-06-07,210.39,218.18,210.39,213.85,17738
2023-06-08,214.72,214.72,207.97,211.08,48081
2023-06-11,211.26,214.72,210.04,212.55,55328
2023-06-12,214.72,214.72,210.91,212.73,24437
2023-06-13,209.96,215.58,208.48,214.72,39718
2023-06-14,213.85,221.56,213.85,218.18,68933
2023-06-15,217.32,220.78,215.06,218.27,30673
2023-06-18,216.45,218.18,213.07,213.85,69836
2023-06-19,213.85,216.36,212.55,214.29,44535
2023-06-20,211.0,218.18,211.0,213.07,18395
2023-06-21,217.32,217.32,209.96,210.39,25061
2023-06-22,213.85,213.85,207.36,209.44,31466
2023-06-25,207.79,212.38,206.93,212.03,78413
2023-06-26,212.12,218.1,212.03,214.11,43599
2023-06-27,212.12,225.11,212.12,224.85,77772
2023-06-28,229.18,229.26,214.03,217.32,95842
2023-07-02,220.78,220.78,212.12,212.99,61618
2023-07-03,211.26,212.99,208.74,209.0,38471
2023-07-04,208.66,212.12,207.79,209.09,32292
2023-07-05,210.39,213.85,207.97,209.52,71425
2023-07-06,209.52,210.39,206.23,208.66,37751
2023-07-09,209.52,210.3,206.06,207.01,79271
2023-07-10,208.66,210.39,206.58,207.79,37348
2023-07-11,209.52,210.3,206.06,209.52,24867
2023-07-12,211.26,212.12,207.79,212.12,21451
2023-07-13,214.72,215.58,210.82,211.34,29048
2023-07-16,213.85,219.83,212.12,219.05,94754
2023-07-17,219.13,231.17,219.13,230.3,93155
2023-07-18,234.63,235.93,229.44,229.87,78922
2023-07-19,232.03,243.2,229.44,237.23,135612
2023-07-20,241.56,241.56,232.55,239.83,83680
2023-07-23,242.42,252.55,238.1,251.08,153332
2023-07-24,251.08,251.08,235.5,240.69,147752
2023-07-25,244.59,244.59,231.17,232.9,58394
2023-07-26,233.77,238.53,230.91,232.9,39891
2023-07-27,233.77,234.63,228.14,228.31,34748
2023-07-30,229.44,230.3,222.51,225.11,70437
2023-07-31,229.44,229.44,216.45,228.14,70409
2023-08-01,225.37,230.82,223.46,224.24,23166
2023-08-02,225.11,227.53,221.65,225.45,29090
2023-08-03,228.57,232.64,225.28,228.66,30845
2023-08-06,228.57,233.16,220.78,224.16,100729
2023-08-07,221.65,225.11,216.54,219.91,59435
2023-08-08,217.32,220.78,212.21,216.19,41754
2023-08-09,212.55,218.96,212.12,218.96,28520
2023-08-10,216.71,220.61,216.45,218.18,39080
2023-08-13,220.78,224.16,220.78,220.87,37974
2023-08-14,225.11,226.84,222.6,223.38,56221
2023-08-15,223.38,228.57,221.65,227.71,61291
2023-08-16,225.11,228.57,223.64,228.57,69109
2023-08-17,229.44,231.34,225.11,229.44,58770
2023-08-20,225.11,234.03,225.11,232.03,46287
2023-08-21,229.44,233.77,227.71,231.17,47806
2023-08-22,228.57,232.81,228.57,230.3,22040
2023-08-23,230.3,233.68,229.44,232.81,42597
2023-08-24,232.9,233.42,228.92,230.3,48960
2023-08-27,230.3,232.21,226.06,229.44,53952
2023-08-28,229.44,232.47,227.45,230.91,18872
2023-08-29,227.71,232.03,227.71,227.71,13058
2023-08-30,227.36,231.17,224.24,228.57,78614
2023-09-03,225.19,228.57,225.19,225.54,22182
2023-09-04,226.75,229.35,224.68,225.97,23593
2023-09-05,229.18,229.18,225.54,227.27,13971
2023-09-07,224.33,225.11,216.45,217.32,124320
2023-09-10,220.78,223.38,220.0,220.69,30535
2023-09-11,220.78,225.97,219.13,225.97,24393
2023-09-12,228.57,228.57,224.33,227.71,40847
2023-09-13,227.71,230.22,226.15,228.31,45907
2023-09-17,227.71,227.88,219.91,222.42,33669
2023-09-18,219.91,223.38,219.22,219.48,27733
2023-09-19,219.48,223.81,219.31,223.81,14944
2023-09-21,228.23,230.3,223.9,224.24,50474
2023-09-24,225.11,225.97,222.51,222.51,15953
2023-09-25,225.11,225.11,222.51,222.6,11920
2023-09-26,221.73,226.84,221.65,225.97,68279
2023-09-27,229.44,229.44,222.08,226.84,30057
2023-10-01,223.38,227.27,222.77,225.11,43216
2023-10-02,220.95,226.84,220.78,225.54,34534
2023-10-03,225.97,226.75,224.33,225.11,66091
2023-10-04,226.84,227.71,224.24,225.71,58270
2023-10-05,225.97,227.62,225.28,225.97,60275
2023-10-08,229.44,229.44,222.16,222.34,34484
2023-10-09,219.05,222.42,218.61,218.61,23227
2023-10-10,218.18,218.18,215.06,215.93,32902
2023-10-11,216.45,218.96,215.58,216.97,16543
2023-10-12,212.64,213.85,208.05,209.96,161280
2023-10-16,206.06,210.39,206.06,208.48,31146
2023-10-17,212.03,212.38,208.66,210.48,43852
2023-10-18,212.99,216.45,208.83,214.03,49809
2023-10-19,218.27,218.27,209.52,214.72,21880
2023-10-29,213.85,216.45,210.39,213.85,32690
2023-10-30,210.48,213.85,209.78,212.9,24849
2023-10-31,212.9,212.9,209.52,209.96,13250
2023-11-01,212.03,214.72,207.79,210.39,34132
2023-11-02,210.39,213.42,207.79,211.17,26457
2023-11-05,207.79,207.79,200.87,202.6,78173
2023-11-06,206.06,207.62,200.0,205.63,30551
2023-11-07,205.19,205.19,198.1,203.46,30187
2023-11-08,203.46,203.46,199.13,201.13,8371
2023-11-09,199.13,203.46,197.4,200.87,9382
2023-11-20,199.48,205.63,195.67,199.13,19051
2023-11-21,197.49,199.13,195.67,197.4,6932
2023-11-22,198.18,198.18,193.51,196.54,9271
2023-11-23,193.07,196.88,193.07,196.54,20260
2023-11-26,194.03,201.99,193.94,200.17,26526
2023-11-27,200.87,202.6,199.13,199.31,11776
2023-11-28,197.49,203.29,197.49,199.39,30633
2023-11-29,199.39,200.87,197.4,199.13,15852
2023-11-30,196.19,199.13,195.15,199.13,9692
2023-12-03,196.54,201.3,196.54,200.69,17582
2023-12-04,200.09,202.6,197.49,200.0,23358
2023-12-05,201.3,201.3,196.19,197.4,9925
2023-12-06,194.03,198.35,194.03,198.18,10290
2023-12-07,194.81,198.79,194.81,196.71,8262
2023-12-10,196.54,212.12,196.54,212.12,4181
2023-12-11,207.88,214.72,205.37,210.3,49490
2023-12-12,206.15,213.85,202.6,208.4,29170
2023-12-13,204.24,212.12,204.24,208.66,29714
2023-12-14,212.12,215.58,210.56,212.99,24854
2023-12-17,210.39,214.72,206.93,213.85,50829
2023-12-18,216.45,226.84,212.73,222.94,93509
2023-12-19,225.11,245.02,222.86,233.77,116866
2023-12-20,229.44,242.86,229.44,232.03,61636
2023-12-21,227.71,233.77,222.51,222.51,64991
2023-12-24,219.05,224.94,219.05,222.77,56225
2023-12-27,219.05,224.16,218.61,220.78,41146
2023-12-28,218.7,222.51,216.45,216.45,46429
2024-01-01,218.18,220.78,217.32,218.18,50148
2024-01-02,219.91,221.65,216.62,216.62,56527
2024-01-03,216.62,220.78,216.36,219.91,39567
2024-01-04,223.38,223.38,218.18,219.05,37719
2024-01-07,223.38,223.38,210.56,211.69,97843
2024-01-08,209.61,212.99,208.83,212.12,70283
2024-01-09,212.99,215.58,212.21,214.72,24958
2024-01-10,214.72,221.82,212.21,212.21,60402
2024-01-11,215.58,221.65,215.58,216.54,40324
2024-01-14,219.91,219.91,212.29,216.45,41542
2024-01-16,216.45,221.65,216.45,221.21,75269
2024-01-17,225.11,225.28,216.54,218.96,149333
2024-01-18,215.67,222.51,212.99,212.99,43518
2024-01-21,215.58,215.58,207.79,207.79,42988
2024-01-22,211.26,213.85,206.93,209.52,68039
2024-01-23,211.26,211.6,207.36,207.36,30744
2024-01-24,207.79,209.44,205.19,206.75,40782
2024-01-25,206.15,207.79,202.68,203.55,40477
2024-01-28,205.19,206.93,201.73,203.38,54648
2024-01-29,207.36,211.26,202.77,202.86,28579
2024-01-30,202.86,207.79,202.6,203.38,20854
2024-01-31,203.46,208.23,203.46,206.93,59498
2024-02-01,206.93,207.79,201.73,201.9,16993
2024-02-04,201.73,204.76,200.0,201.73,19866
2024-02-05,202.6,203.64,200.87,201.13,15093
2024-02-06,205.11,205.11,201.13,201.73,15060
2024-02-07,205.71,209.52,201.39,201.73,20492
2024-02-08,201.73,203.38,201.73,202.77,19336
2024-02-11,205.19,206.06,201.3,201.65,21645
2024-02-12,200.35,204.24,200.35,201.3,18126
2024-02-13,203.46,203.46,197.84,197.84,34419
2024-02-14,198.27,200.0,196.54,197.4,33497
2024-02-15,199.13,200.0,195.67,195.67,32083
2024-02-18,199.13,200.61,195.84,196.8,32072
2024-02-20,195.67,197.4,195.67,197.4,12497
2024-02-21,199.13,199.13,194.37,195.67,29943
2024-02-22,191.86,197.4,191.86,195.67,28291
2024-02-25,198.27,198.27,190.39,193.07,31854
2024-02-26,190.65,194.81,187.01,190.39,57953
2024-02-27,193.07,193.94,188.74,192.21,24960
2024-02-28,190.48,190.48,187.88,189.61,23828
2024-02-29,187.97,189.61,186.15,187.62,71868
2024-03-03,185.37,187.36,183.72,186.15,41174
2024-03-04,189.87,197.4,189.87,197.4,69
2024-03-05,201.3,201.3,189.78,189.78,41185
2024-03-06,187.97,193.94,187.88,190.48,27290
2024-03-07,190.56,201.73,190.56,193.07,21453
2024-03-10,196.54,199.91,193.07,194.81,12942
2024-03-12,196.54,202.16,194.81,201.73,26861
2024-03-13,205.63,205.63,199.22,201.73,76518
2024-03-14,201.73,201.73,197.4,199.13,21776
2024-03-17,203.12,203.12,196.71,199.13,14381
2024-03-18,198.27,198.27,195.67,196.36,14851
2024-03-19,199.91,199.91,194.81,195.58,31416
2024-03-20,198.96,202.6,192.81,196.88,23792
2024-03-21,200.69,200.69,191.77,194.81,26960
2024-03-25,192.21,194.81,189.61,191.34,24767
2024-03-26,194.81,194.81,189.61,193.07,17735
2024-03-27,190.48,193.07,189.61,192.21,25058
2024-03-28,195.5,195.5,189.61,190.48,14696
2024-03-31,190.48,193.07,189.61,190.48,19027
2024-04-01,188.74,191.34,188.4,190.48,37531
2024-04-02,190.48,192.12,188.4,188.74,18300
2024-04-03,187.27,190.48,187.19,189.61,22266
2024-04-04,189.61,190.39,187.01,187.88,22228
2024-04-07,188.31,199.13,187.1,193.07,15360
2024-04-09,196.88,196.88,191.77,194.55,26531
2024-04-10,198.27,198.35,189.61,193.94,18476
2024-04-14,196.54,196.54,191.34,195.67,33858
2024-04-15,191.95,198.96,191.43,193.94,94566
2024-04-16,193.94,194.63,191.34,193.07,101346
2024-04-18,193.07,194.63,189.61,192.81,17431
2024-04-21,196.54,196.54,189.52,192.21,11266
2024-04-22,190.48,192.21,187.36,188.66,35778
2024-04-24,187.01,190.48,187.01,189.09,10194
2024-04-25,189.09,192.55,186.58,187.71,28327
2024-04-28,191.43,191.43,186.15,187.88,103359
2024-04-29,191.43,191.43,186.58,189.26,22753
2024-04-30,192.99,194.81,187.88,193.94,32194
2024-05-02,197.75,198.7,191.08,192.64,26807
2024-05-05,190.91,192.21,187.01,189.61,26122
2024-05-06,189.18,192.12,185.28,188.57,14531
2024-05-07,190.48,192.29,185.71,190.39,17752
2024-05-08,193.94,193.94,186.67,187.79,23250
2024-05-09,187.88,191.6,186.67,190.48,39899
2024-05-12,194.29,194.81,190.04,193.07,50226
2024-05-13,193.94,201.73,192.21,198.1,75603
2024-05-14,200.35,200.35,194.81,198.44,44431
2024-05-15,201.73,201.73,194.55,198.1,44941
2024-05-16,201.99,201.99,195.15,196.97,58482
2024-05-19,200.87,208.66,194.2,202.6,86405
2024-05-20,206.58,216.88,205.19,208.23,140503
2024-05-21,212.12,218.18,207.79,217.06,95137
2024-05-22,212.73,235.5,212.73,230.3,290186
2024-05-26,232.9,234.81,222.77,232.9,139233
2024-05-27,235.5,237.23,225.45,230.22,104586
2024-05-29,234.81,238.96,218.53,220.78,81781
2024-05-30,217.32,222.34,214.89,218.1,39218
2024-06-02,221.56,221.56,212.99,219.91,40737
2024-06-03,224.16,224.16,212.99,214.29,21934
2024-06-04,216.45,218.53,214.72,216.02,27944
2024-06-05,220.26,220.26,214.11,215.58,30602
2024-06-06,219.39,219.39,212.99,215.58,36703
2024-06-09,219.83,219.83,213.85,215.58,28100
2024-06-10,219.83,219.83,212.99,216.36,59254
2024-06-11,220.61,224.94,212.12,218.18,83287
2024-06-12,222.51,224.16,218.18,219.91,28340
2024-06-13,223.38,223.38,215.84,218.1,28162
2024-06-16,219.05,220.78,213.94,214.89,35205
2024-06-18,219.13,219.13,212.12,214.72,23534
2024-06-19,211.26,218.18,211.26,218.18,29506
2024-06-20,222.51,222.51,210.91,212.12,87352
2024-06-23,213.85,213.85,210.04,212.9,37504
2024-06-24,214.72,216.45,209.52,212.99,51992
2024-06-25,214.72,214.72,208.83,209.61,21927
2024-06-26,213.77,213.77,207.45,209.52,33346
2024-06-27,213.42,213.42,206.06,208.66,14796
2024-06-30,212.81,212.81,206.23,206.58,22910
2024-07-01,205.28,209.96,205.19,209.96,22042
2024-07-02,214.11,230.91,212.12,217.14,33013
2024-07-03,212.81,219.91,212.81,219.05,45374
2024-07-04,220.09,231.0,219.91,225.02,42817
2024-07-07,225.97,230.3,223.03,230.04,102351
2024-07-08,232.03,232.03,225.97,229.35,72422
2024-07-09,229.44,232.12,225.71,230.74,52207
2024-07-10,235.32,236.36,226.75,235.41,101857
2024-07-11,240.09,240.09,233.77,238.96,125457
2024-07-14,243.29,251.08,243.29,245.45,88787
2024-07-15,249.35,251.08,241.65,245.02,119945
2024-07-16,245.89,249.35,237.66,249.35,62717
2024-07-17,253.68,253.68,246.75,251.86,101992
2024-07-18,253.68,272.73,247.19,264.94,243614
2024-07-21,264.94,275.5,254.63,274.37,240175
2024-07-22,278.79,278.79,263.2,267.88,163946
2024-07-23,267.88,274.55,263.29,273.16,133698
2024-07-24,278.61,290.04,272.73,283.03,254397
2024-07-25,288.66,288.66,276.62,283.03,170449
2024-07-28,288.66,311.26,288.66,311.26,421723
2024-07-29,317.4,322.94,296.97,297.84,287269
2024-07-30,291.95,307.36,289.18,297.4,210421
2024-07-31,301.3,307.36,297.06,300.78,129264
2024-08-01,300.78,302.16,292.64,295.24,116607
2024-08-05,290.04,293.51,282.77,284.85,218622
2024-08-06,289.96,289.96,258.87,268.05,203764
2024-08-07,262.77,277.06,262.77,274.46,116837
2024-08-08,277.06,281.39,270.22,272.21,108004
2024-08-11,277.06,286.58,272.73,286.58,178430
2024-08-12,292.29,298.53,291.77,297.75,194656
2024-08-13,299.57,303.03,290.04,297.84,133198
2024-08-14,294.37,298.61,291.77,297.84,121929
2024-08-15,303.72,327.45,298.7,313.59,412201
2024-08-18,319.48,326.41,309.7,311.6,233409
2024-08-21,312.55,319.48,303.9,317.66,201410
2024-08-22,316.02,327.27,316.02,323.81,249558
2024-08-25,324.68,329.0,313.94,318.61,189937
2024-08-27,318.61,320.35,301.13,303.03,179277
2024-08-28,309.09,315.15,300.43,307.19,142076
2024-08-29,310.82,316.88,297.84,301.21,134606
2024-09-01,305.63,306.49,292.21,292.81,105197
2024-09-02,297.84,303.9,291.0,303.12,109624
2024-09-03,309.09,309.09,298.7,302.94,94923
2024-09-04,308.92,308.92,292.9,294.37,91444
2024-09-05,293.51,293.51,286.75,290.91,86731
2024-09-08,296.1,296.1,284.42,285.63,89318
2024-09-09,281.39,284.85,277.23,277.92,96457
2024-09-10,283.12,287.45,272.73,277.06,94326
2024-09-11,281.39,281.39,272.38,275.32,125655
2024-09-12,280.78,289.18,271.43,288.14,73039
2024-09-15,287.45,294.37,282.51,282.51,76488
2024-09-16,276.88,283.98,276.88,277.92,44850
2024-09-18,280.52,285.71,277.92,283.55,51719
2024-09-22,289.18,289.18,283.55,285.71,52536
2024-09-23,291.43,291.43,280.09,283.98,48085
2024-09-24,283.9,285.71,278.79,280.87,69286
2024-09-25,280.52,285.71,277.23,285.71,54680
2024-09-26,285.63,287.01,281.39,282.25,29285
2024-09-29,278.1,281.39,276.19,281.39,40943
2024-09-30,277.14,283.9,277.14,283.72,39358
2024-10-01,283.72,293.51,282.25,292.99,82030
2024-10-02,292.64,295.24,289.35,290.04,71249
2024-10-06,285.8,297.58,285.8,293.59,110999
2024-10-07,294.37,300.26,294.37,299.48,131789
2024-10-08,299.48,301.3,296.97,297.84,56197
2024-10-09,295.24,300.43,287.45,300.35,49134
2024-10-15,303.81,309.87,303.03,307.97,114070
2024-10-16,309.09,316.97,306.23,316.88,115308
2024-10-17,316.02,320.35,311.69,314.29,115119
2024-10-20,309.96,319.48,303.9,310.04,148197
2024-10-21,314.29,314.29,305.37,306.41,59425
2024-10-22,305.63,307.36,299.74,305.71,58374
2024-10-23,311.69,318.61,298.7,299.57,113712
2024-10-24,304.76,305.63,294.37,294.37,31437
2024-10-27,298.7,298.7,288.57,290.04,23120
2024-10-28,292.64,292.64,287.1,288.31,36871
2024-10-29,290.91,294.37,290.13,293.42,34871
2024-10-30,293.51,299.22,291.77,292.64,39405
2024-11-05,290.91,295.24,289.35,290.91,49550
2024-11-06,294.37,294.37,289.18,290.91,23628
2024-11-10,286.58,295.06,286.58,293.51,30827
2024-11-11,294.37,299.57,291.86,294.37,71661
2024-11-12,300.26,300.26,290.22,290.3,39271
2024-11-13,290.3,293.59,287.88,290.04,24285
2024-11-14,295.84,313.85,282.25,290.91,45202
2024-11-17,294.37,296.71,288.74,290.04,61334
2024-11-19,288.31,290.04,283.12,283.12,62168
2024-11-20,284.85,285.54,279.83,280.43,35467
2024-11-21,281.39,282.25,279.39,280.09,83732
2024-11-24,281.39,282.25,278.35,280.52,48455
2024-11-25,286.06,286.06,279.05,282.25,30817
2024-11-26,287.88,287.88,278.79,284.42,85555
2024-11-27,289.18,289.18,282.25,284.85,66791
2024-11-28,290.04,290.04,282.34,285.28,35698
2024-12-01,290.91,290.91,280.95,282.51,36999
2024-12-02,279.48,284.85,278.79,282.25,78326
2024-12-03,287.88,287.88,277.32,281.21,21927
2024-12-04,286.75,286.75,277.58,280.52,24433
2024-12-05,280.43,280.43,274.46,277.06,46163
2024-12-08,272.73,277.06,264.16,267.45,82416
2024-12-09,264.94,270.04,263.64,266.58,29981
2024-12-10,267.53,268.23,260.61,265.8,75207
2024-12-11,271.08,271.86,264.16,271.69,39339
2024-12-12,277.06,277.06,268.4,268.48,34515
2024-12-16,264.07,268.23,263.38,267.53,43002
2024-12-17,264.24,269.18,264.24,267.1,19018
2024-12-18,269.26,271.86,263.2,271.77,30048
2024-12-19,266.41,268.4,259.74,267.53,44686
2024-12-22,267.53,267.53,259.74,264.94,33147
2024-12-23,269.96,269.96,258.01,263.2,67555
2024-12-24,267.79,268.4,260.61,266.67,30557
2024-12-26,268.4,272.73,261.56,269.61,57848
2024-12-29,268.4,269.7,262.34,264.94,22355
2024-12-31,264.94,264.94,256.36,259.57,28020
2025-01-01,258.53,260.61,256.28,258.01,25362
2025-01-02,259.74,259.74,255.84,257.14,18216
2025-01-05,255.67,257.14,255.06,257.14,25876
2025-01-06,253.85,261.47,253.85,259.74,37603
2025-01-07,263.2,263.2,256.28,259.74,19715
2025-01-08,264.94,264.94,258.87,259.74,13697
2025-01-09,262.25,262.25,255.67,258.87,44195
2025-01-12,259.74,262.34,255.06,255.41,16009
2025-01-13,255.41,258.87,254.63,255.84,49316
2025-01-15,256.28,257.92,251.17,253.68,33759
2025-01-16,252.03,255.41,248.92,251.08,55630
2025-01-19,248.48,251.26,246.75,251.26,20388
2025-01-20,251.26,251.26,242.42,243.29,48103
2025-01-21,243.29,245.02,239.48,240.61,30934
2025-01-22,239.83,256.97,238.1,246.67,80035
2025-01-23,246.75,251.08,240.69,244.16,66965
2025-01-26,239.83,245.89,238.18,239.83,45539
2025-01-27,239.83,241.56,235.67,237.23,48660
2025-01-28,237.23,247.62,235.5,247.62,87577
2025-02-02,247.62,250.22,237.84,247.62,97466
2025-02-03,249.35,251.95,244.16,246.75,89950
2025-02-04,251.0,252.81,243.29,245.02,68979
2025-02-05,249.0,249.0,242.42,245.63,59555
2025-02-06,249.26,249.26,241.65,242.42,61646
2025-02-09,238.1,251.69,238.1,240.87,54785
2025-02-10,238.1,245.63,238.1,241.99,37347
2025-02-11,237.23,245.89,237.23,241.47,26966
2025-02-12,237.23,246.75,237.23,240.87,35966
2025-02-13,238.1,242.42,238.1,239.83,12559
2025-02-16,238.7,245.37,238.7,243.12,53468
2025-02-17,239.83,250.74,239.83,249.7,48450
2025-02-18,254.63,254.63,245.97,250.22,75891
2025-02-20,245.89,251.08,245.28,247.97,20109
2025-02-23,243.29,258.01,243.29,249.35,65898
2025-02-24,244.42,255.41,244.42,249.35,81645
2025-02-25,244.42,254.2,243.29,251.08,37722
2025-02-27,255.41,263.2,254.11,260.52,177270
2025-03-02,255.32,268.4,255.32,267.53,103551
2025-03-03,271.0,271.0,259.74,263.2,92050
2025-03-04,258.01,271.86,258.01,264.07,129395
2025-03-05,269.26,269.26,256.28,258.01,56250
2025-03-06,262.77,262.77,256.02,257.06,26390
2025-03-09,257.06,257.14,251.08,252.81,56873
2025-03-10,255.24,255.41,247.62,250.65,22408
2025-03-11,247.19,252.81,247.19,250.82,31813
2025-03-12,251.08,254.55,249.35,252.73,10392
2025-03-16,247.71,256.1,246.75,251.08,31716
2025-03-17,255.24,255.24,246.15,250.22,13819
2025-03-18,255.15,255.15,247.71,249.35,12984
2025-03-19,248.57,251.86,247.79,248.48,24740
2025-03-20,246.84,249.35,245.02,245.29,17768
2025-03-23,244.16,245.45,240.69,241.02,35525
2025-03-24,238.96,243.72,238.96,243.03,18873
2025-03-25,241.56,241.56,238.1,239.04,26764
2025-03-26,243.29,243.29,235.06,240.74,33681
2025-03-27,245.54,253.68,242.42,250.75,45354
2025-03-30,255.32,255.93,249.35,253.44,59608
2025-04-01,248.4,253.25,248.4,251.93,24697
2025-04-02,256.88,256.88,246.93,250.87,33172
2025-04-03,254.55,258.87,246.75,251.39,39267
2025-04-07,255.41,259.74,246.75,249.6,11041
2025-04-08,245.02,254.11,244.16,246.25,14208
2025-04-09,251.08,251.08,244.76,245.77,10388
2025-04-10,250.65,254.55,244.42,246.23,7474
2025-04-13,251.0,251.0,242.6,245.34,9054
2025-04-15,250.22,250.22,244.59,246.71,17057
2025-04-16,251.08,251.08,246.41,250.02,15599
2025-04-17,251.08,255.41,247.79,252.29,35560
2025-04-20,247.27,260.61,245.11,247.69,34008
2025-04-21,247.62,251.95,241.9,242.61,33749
2025-04-22,245.89,245.89,239.83,240.25,45426
2025-04-23,238.1,239.39,235.76,236.18,78824
2025-04-24,236.36,242.34,234.63,236.23,24886
2025-04-27,240.61,240.61,233.77,233.97,69775
2025-04-28,233.77,238.1,233.77,233.79,33158
2025-04-29,238.35,238.35,229.09,229.95,41478
2025-04-30,234.46,234.55,225.97,231.24,45402
2025-05-04,235.5,235.5,230.65,231.99,71483
2025-05-05,230.3,234.63,228.57,229.95,44496
2025-05-06,228.57,232.81,227.27,227.65,46151
2025-05-07,227.27,238.1,225.97,234.63,64545
2025-05-08,232.03,238.53,230.39,233.38,47752
2025-05-11,228.74,237.14,228.74,234.84,47947
2025-05-13,232.21,239.74,232.21,237.32,35715
2025-05-14,237.32,239.39,234.63,237.28,48604
2025-05-15,238.96,238.96,234.63,235.54,34117
2025-05-18,233.77,239.39,233.77,236.87,48070
2025-05-19,241.47,241.56,236.36,239.89,82173
2025-05-20,238.18,248.92,238.18,247.67,35429
2025-05-21,251.52,262.34,248.31,248.71,88074
2025-05-22,249.35,264.07,249.35,258.42,160944
2025-05-25,259.74,262.34,253.42,257.99,110871
2025-05-26,263.12,267.53,258.79,259.72,79993
2025-05-27,255.41,263.2,255.41,262.19,166265
2025-05-28,262.16,266.41,257.14,263.83,81458
2025-06-02,266.67,269.26,264.16,265.06,113892
2025-06-03,262.34,264.94,258.87,259.85,90287
2025-06-04,257.14,261.47,257.14,258.52,45760
2025-06-05,258.87,259.74,253.94,255.6,42600
2025-06-08,253.68,255.41,251.95,253.78,59740
2025-06-09,255.41,258.7,252.9,257.49,65005
2025-06-10,259.74,262.34,255.41,261.18,76324
2025-06-11,260.61,264.07,259.13,261.92,446787
2025-06-12,261.47,265.37,260.0,264.08,65909
2025-06-15,258.87,265.8,258.87,264.03,53080
2025-06-16,260.61,268.4,260.61,265.61,125348
2025-06-17,264.16,269.18,264.07,266.75,52289
2025-06-18,266.75,270.13,262.34,268.22,105004
2025-06-19,270.56,270.56,265.8,266.15,81975
2025-06-22,264.07,266.67,263.2,263.37,92300
2025-06-23,259.83,264.94,259.83,263.45,47725
2025-06-24,268.4,268.4,264.07,266.17,75921
2025-06-25,268.4,268.4,263.03,264.92,79701
2025-06-26,261.47,266.67,261.3,264.58,42654
2025-06-29,264.07,269.7,264.07,269.02,82774
2025-06-30,274.37,277.06,268.83,274.71,127421
2025-07-01,279.65,286.58,274.63,285.09,164346
2025-07-02,288.31,297.75,283.12,293.92,293021
2025-07-03,293.51,295.41,288.31,292.69,269922
2025-07-06,291.77,296.97,290.13,294.24,176466
2025-07-07,295.24,300.43,291.34,296.1,282846
2025-07-08,299.57,301.99,291.77,292.77,227962
2025-07-09,294.37,298.18,292.64,297.39,249257
2025-07-10,301.3,310.82,296.02,309.06,471463
2025-07-13,315.15,325.54,311.43,316.69,504481
2025-07-14,322.94,322.94,309.18,309.72,261406
2025-07-15,308.23,326.41,308.23,323.9,468205
2025-07-16,328.57,348.92,324.68,332.27,567833
2025-07-17,338.79,353.25,331.77,335.26,450633
2025-07-20,341.13,341.13,326.41,329.26,448405
2025-07-21,325.89,337.66,325.89,333.34,276819
2025-07-22,337.58,349.78,329.26,341.0,444337
2025-07-23,334.2,347.19,334.2,340.54,221199
2025-07-24,345.45,345.45,335.93,336.18,202557
2025-07-27,339.83,339.83,333.33,335.34,177687
2025-07-28,329.09,338.53,329.09,337.37,279454
2025-07-29,344.07,344.07,334.55,339.61,240351
2025-07-30,343.72,343.72,330.74,332.83,130827
2025-07-31,337.66,337.66,326.49,328.78,278021
2025-08-03,334.2,334.2,314.29,317.74,179070
2025-08-04,323.81,324.68,312.64,323.74,108246
2025-08-05,318.35,329.87,318.35,323.26,72672
2025-08-06,329.52,329.52,316.02,318.96,118225
2025-08-07,322.94,322.94,319.48,321.71,68492
2025-08-11,328.14,331.6,325.54,329.28,259072
2025-08-12,322.86,331.6,322.86,325.84,109978
2025-08-13,329.0,329.52,322.94,324.58,73163
2025-08-14,327.36,327.36,318.61,319.65,179427
2025-08-17,320.61,320.61,314.89,315.25,100763
2025-08-18,314.81,316.88,308.23,315.71,163673
2025-08-19,318.18,318.18,310.82,317.76,52439
2025-08-20,311.69,318.44,311.69,314.63,45497
2025-08-21,316.88,316.88,314.37,315.53,34463
2025-08-24,317.75,317.75,311.69,313.31,54021
2025-08-25,311.77,313.25,308.74,312.72,84939
2025-08-26,315.93,316.02,311.69,313.51,44050
2025-08-27,319.74,324.68,313.42,321.62,107818
2025-08-28,327.27,329.0,319.83,325.77,141489
2025-08-31,328.14,329.0,322.08,325.9,140397
2025-09-01,331.6,338.35,322.94,336.6,443158
2025-09-02,343.29,345.28,333.68,336.99,171936
2025-09-03,339.39,339.39,329.0,330.53,197617
2025-09-04,336.8,336.8,323.55,327.12,92399
2025-09-07,329.0,329.0,322.94,324.68,127328
2025-09-08,322.08,327.19,318.44,322.29,132615
2025-09-18,316.02,316.02,297.92,315.15,12516
2025-09-21,308.92,321.21,303.12,312.59,145988
2025-09-23,316.88,316.88,309.96,313.42,45749
2025-09-24,316.02,316.02,306.93,309.61,41696
2025-09-25,308.23,309.96,304.76,308.23,18084
2025-09-28,311.69,314.37,309.35,311.69,20952
2025-10-07,316.02,316.02,305.71,306.06,32950
2025-10-08,303.03,315.15,301.3,305.63,141815
2025-10-09,310.3,323.81,308.48,309.52,99655
2025-10-12,309.09,311.69,294.37,298.61,127035
2025-10-13,304.5,304.5,295.24,300.87,64922
2025-10-14,304.76,311.69,299.65,299.83,32806
2025-10-15,296.19,304.76,296.19,300.09,33852
2025-10-16,305.63,305.63,296.19,296.88,70963
2025-10-19,296.88,305.63,296.88,304.33,32320
2025-10-26,304.76,304.76,298.27,303.9,23638
2025-10-28,301.3,316.88,298.01,312.64,70085
2025-10-29,308.4,316.88,308.4,314.29,58010
2025-10-30,309.96,315.15,309.09,314.89,185452
2025-11-02,320.35,320.35,310.82,317.75,245403
2025-11-03,315.0,317.73,313.64,313.64,64848
2025-11-04,313.64,314.55,308.36,309.09,255671
2025-11-05,309.09,313.64,305.64,307.73,35681
2025-11-06,308.18,311.82,307.73,307.73,92480
2025-11-09,308.18,308.18,301.36,304.55,54931
2025-11-10,301.36,306.82,299.55,301.82,49458
2025-11-11,300.18,304.55,297.45,304.55,92679
2025-11-12,301.82,304.55,294.91,298.91,91138
2025-11-13,304.45,304.45,295.45,297.18,33648
2025-11-16,297.18,302.73,292.73,295.91,22393
2025-11-17,297.09,316.36,291.36,291.45,89176
2025-11-18,297.27,299.73,292.45,294.55,66042
2025-11-19,293.18,298.09,292.09,293.36,16598
2025-11-20,298.82,298.82,293.18,296.27,17891
2025-11-23,300.91,301.82,296.55,301.73,30908
2025-11-24,304.55,309.09,302.73,308.73,81537
2025-11-25,309.09,310.91,305.45,310.27,63502
2025-11-26,305.64,312.18,305.64,312.18,36872
2025-11-27,310.0,320.27,310.0,320.0,123772
2025-11-30,325.36,325.36,319.09,320.27,196984
2025-12-01,319.91,321.82,315.45,320.45,62397
2025-12-02,320.45,326.36,318.18,322.73,84747
2025-12-03,320.0,323.45,317.36,320.0,41115
2025-12-07,315.0,320.36,314.82,316.36,59028
2025-12-08,316.36,318.18,311.82,316.36,37745
2025-12-09,318.18,320.91,317.27,320.91,66334
2025-12-10,322.73,326.27,316.82,318.18,40469
2025-12-11,318.18,322.64,314.64,318.18,40103
2025-12-14,313.64,319.45,312.09,318.18,77219
2025-12-15,318.18,319.09,313.64,319.0,21761
2025-12-16,323.64,323.64,317.27,320.0,19823
2025-12-17,318.27,330.0,318.27,327.09,99086
2025-12-18,327.27,344.55,322.82,329.09,124241
2025-12-21,322.73,332.73,322.73,327.27,132362
2025-12-22,321.82,331.82,321.82,323.36,116949
2025-12-23,323.64,329.91,323.09,327.82,56783
2025-12-24,323.64,342.73,323.64,340.82,171595
2025-12-28,344.36,347.73,336.36,346.82,200082
2025-12-29,341.36,350.0,341.36,345.45,109535
2025-12-31,345.45,347.73,340.91,342.64,67953
2026-01-01,342.73,344.0,337.27,342.55,64976
2026-01-04,335.73,345.18,335.73,338.18,45446
2026-01-05,336.36,354.55,336.36,345.45,133269
2026-01-06,344.18,378.18,344.18,353.73,423212
2026-01-07,347.27,360.73,347.27,355.55,104536
2026-01-08,355.55,362.64,354.55,361.73,188567
2026-01-12,363.64,363.73,355.09,355.09,113557
2026-01-13,351.82,361.82,349.09,350.09,146541
2026-01-14,345.45,362.73,345.45,350.73,79807
2026-01-18,351.82,357.27,350.55,353.55,69431
2026-01-20,358.64,358.64,353.64,355.45,81925
2026-01-21,359.09,359.09,351.82,356.36,76577
2026-01-22,362.73,362.73,352.0,356.36,80907
2026-01-25,359.09,360.0,353.09,360.0,110791
2026-01-26,360.91,369.0,360.0,361.82,119138
2026-01-27,360.09,360.09,351.82,351.82,73856
2026-01-28,358.18,358.18,352.82,356.09,128404
2026-01-29,359.18,362.73,352.73,352.73,136451
2026-02-01,358.18,358.18,350.09,350.09,212430
2026-02-02,350.45,354.55,348.36,351.18,90624
2026-02-03,351.09,353.27,344.18,349.09,213382
2026-02-04,342.73,350.91,342.73,346.18,96786
2026-02-05,343.82,350.91,343.73,349.82,99484
2026-02-08,345.55,351.82,345.0,345.45,51089
2026-02-09,345.55,348.18,334.18,340.0,109072
2026-02-10,340.0,343.64,338.18,340.0,84094
2026-02-11,340.91,347.27,334.55,339.09,154195
2026-02-12,338.18,340.91,335.0,337.73,73398
2026-02-16,336.45,339.18,335.0,338.18,54304
2026-02-17,341.73,341.73,336.36,339.09,67739
2026-02-22,344.0,344.0,335.0,339.45,123587
2026-02-23,338.18,341.0,334.18,339.73,21730
2026-02-24,338.18,343.64,336.36,340.91,61772
2026-02-25,345.45,345.45,340.91,342.27,28953
2026-02-26,349.09,349.09,340.91,341.82,34496
2026-03-01,338.27,354.55,336.82,347.09,67247
2026-03-03,354.0,354.0,347.09,351.27,90817
2026-03-09,358.27,363.64,358.27,363.64,60
2026-03-10,368.18,368.18,355.55,362.64,256460
2026-03-11,362.73,369.0,357.45,359.91,84292
2026-03-12,361.73,366.27,358.55,361.82,141558
2026-03-15,368.82,369.0,360.91,363.18,123044
2026-03-16,356.36,365.18,356.36,361.55,116064
2026-03-17,363.64,366.36,359.18,363.64,83319
2026-03-19,356.36,377.27,356.36,370.18,211253
2026-03-22,370.0,380.91,370.0,373.73,255990
2026-03-23,373.73,374.55,369.27,372.73,103772
2026-03-24,374.55,380.0,371.0,377.91,257869
2026-03-25,385.45,385.45,373.64,374.55,200810
2026-03-26,377.27,377.27,371.09,375.36,95766
2026-03-29,374.55,377.27,366.18,369.73,252799
2026-03-30,363.73,371.82,360.91,369.09,273764
2026-03-31,364.55,369.09,358.18,366.27,262820
2026-04-01,362.82,365.45,356.36,357.82,224654
2026-04-02,350.73,360.91,350.73,358.18,108148
2026-04-05,352.82,365.27,342.73,344.55,350867
2026-04-06,343.64,356.36,341.91,354.18,108492
2026-04-07,357.18,360.0,352.73,359.09,95227
2026-04-08,366.27,366.27,354.64,359.27,83057
2026-04-09,364.45,364.45,357.27,360.91,116826
2026-04-10,367.27,367.27,354.36,357.27,102319
2026-04-13,359.09,360.0,354.27,356.36,74863
2026-04-15,354.55,360.73,353.73,358.09,187522
2026-04-16,356.36,359.09,354.55,359.09,88049
2026-04-17,358.91,359.64,354.55,359.09,92095
2026-04-20,341.82,365.18,341.82,355.45,76545
2026-04-21,355.45,359.09,352.73,355.0,102542
2026-04-22,357.18,357.27,348.27,355.0,71348
2026-04-23,354.55,355.45,350.91,355.45,29755
2026-04-24,352.73,356.36,349.09,354.45,52172
2026-04-27,357.18,357.18,349.18,352.09,57106
2026-04-28,352.73,359.09,352.73,353.64,46148
2026-04-29,356.36,356.36,350.0,351.73,70907
2026-04-30,345.45,355.45,345.45,354.45,64239
2026-05-04,351.82,354.55,350.0,351.55,51148
2026-05-05,348.18,352.73,346.36,352.73,45161
2026-05-06,353.64,358.09,351.82,356.36,36949
2026-05-07,349.18,357.27,349.18,356.82,49946
2026-05-08,356.36,357.36,354.45,357.27,29085
2026-05-11,358.18,360.91,357.27,359.18,54640
2026-05-12,362.27,362.27,358.27,359.55,101471
2026-05-13,360.45,360.45,351.82,357.73,48329
2026-05-14,361.36,361.36,354.55,357.27,57260
2026-05-15,350.18,360.0,350.18,356.82,64638
2026-05-18,357.27,360.0,356.0,360.0,44876
2026-05-19,358.18,361.82,357.55,360.27,86779
2026-05-20,360.0,365.36,359.09,364.45,59963
2026-05-21,366.18,366.18,360.0,360.0,83528
2026-05-22,360.0,364.45,360.0,364.45,64525
2026-05-25,365.45,366.36,360.45,363.55,105729
2026-05-26,359.18,368.09,359.18,363.64,68773
2026-05-27,363.64,369.09,363.64,368.18,123803
2026-06-01,369.09,369.09,360.09,366.27,109086
2026-06-02,366.27,368.18,365.45,368.09,58504
2026-06-03,368.18,369.09,363.64,367.27,77358
2026-06-04,367.27,367.27,363.64,367.18,50784
2026-06-05,369.0,369.0,362.82,364.55,71065
2026-06-08,361.91,363.64,361.91,363.64,30014
2026-06-09,360.91,364.55,360.55,363.55,50502
2026-06-10,360.09,366.36,360.09,365.45,31016
2026-06-11,366.36,366.36,360.91,363.64,40760
2026-06-12,363.64,365.36,361.82,362.73,25197
2026-06-15,363.64,367.27,361.0,362.27,50132
2026-06-16,362.27,363.64,359.09,359.18,461883
2026-06-17,359.18,362.73,358.0,359.0,62233
2026-06-18,365.64,365.64,353.73,358.18,313284
2026-06-19,354.55,359.09,354.55,358.18,51314
2026-06-22,363.64,363.64,355.91,357.73,33718
2026-06-23,355.64,357.73,354.64,357.27,60030
2026-06-24,358.64,358.91,350.91,355.91,134543
2026-06-25,353.18,354.82,352.73,354.36,63200
2026-06-26,356.36,356.36,351.82,352.73,49450
2026-06-29,356.36,356.36,351.09,352.27,49220
2026-06-30,353.09,354.55,351.91,351.91,344827
2026-07-01,354.55,355.45,352.73,354.45,69857
2026-07-02,355.45,358.09,351.64,358.0,47940
2026-07-03,354.55,359.91,352.73,354.64,151305
2026-07-06,358.91,358.91,344.55,353.09,53220
2026-07-07,358.09,358.09,352.73,354.27,95185
2026-07-08,355.45,357.27,352.82,353.73,49525
2026-07-09,356.36,356.36,352.73,353.0,59169
2026-07-10,354.55,354.55,352.0,354.45,76400
2026-07-13,351.55,352.18,350.0,350.91,92383
2026-07-14,350.91,351.82,348.27,350.91,104653
2026-07-15,350.91,353.64,347.27,352.64,400291
2026-07-16,354.55,359.09,349.09,359.09,284325
2026-07-17,360.91,367.27,359.09,364.55,106926
2026-07-20,358.64,370.0,358.64,363.64,138847
2026-07-21,368.18,369.09,361.82,362.73,116064
2026-07-22,363.82,366.36,360.09,364.0,77485
2026-07-23,370.0,370.0,362.82,369.09,113029
2026-07-24,365.45,373.55,365.45,372.73,123839
2026-07-27,372.73,378.27,370.18,371.82,122070
2026-07-28,368.27,376.36,368.18,375.0,105124
2026-07-29,374.91,377.27,371.82,375.36,91431
2026-07-30,372.27,376.36,368.64,373.36,99488
2026-07-31,374.55,379.55,370.18,376.73,178151
2026-08-03,381.82,386.09,378.27,381.82,247131
2026-08-04,381.82,383.55,377.27,379.91,402168
2026-08-05,379.09,381.82,375.55,379.09,206225
2026-08-06,377.27,378.18,373.18,373.64,105901
2026-08-07,373.64,374.55,370.0,372.73,86200
2026-08-10,375.36,375.36,368.18,368.27,43011
2026-08-11,368.18,373.18,364.82,372.73,74512
2026-08-12,373.64,376.36,370.91,373.55,44649
2026-08-13,375.45,376.36,370.0,375.91,54402
2026-08-14,376.36,376.36,371.82,373.64,54134
2026-08-17,377.18,377.18,371.0,372.0,107185
2026-08-18,372.73,373.82,371.36,371.36,61570
2026-08-19,370.0,373.64,370.0,371.09,55032
2026-08-20,369.36,375.27,369.27,374.09,106139
2026-08-21,374.55,377.27,373.73,376.36,115661
2026-08-24,376.36,376.36,372.45,375.27,76890
2026-08-25,374.55,376.18,370.91,374.45,66770
2026-08-26,370.91,375.27,368.18,371.36,110122
2026-08-27,367.55,374.55,367.45,373.64,58300
2026-08-31,370.0,375.45,369.18,373.64,47057
2026-09-01,374.55,374.55,370.09,370.64,118873
2026-09-02,370.82,373.64,370.82,371.55,34952
2026-09-03,370.91,376.36,370.91,374.55,68249
2026-09-07,379.09,385.27,377.27,383.18,154937
2026-09-09,386.36,386.36,379.27,386.36,115390
2026-09-10,382.0,384.27,379.82,379.82,81396
2026-09-11,380.09,383.36,375.09,380.91,107170
2026-09-14,380.64,385.09,380.64,383.64,155348
2026-09-15,385.36,392.73,384.55,390.45,225605
2026-09-16,390.45,393.64,386.36,391.82,164853
2026-09-17,401.82,409.09,399.09,406.36,756922
2026-09-18,409.18,411.73,404.64,407.18,484794
2026-09-22,409.09,418.0,408.0,416.36,333403
2026-09-23,417.27,418.0,413.64,415.45,215907
2026-09-24,415.45,416.36,414.55,415.27,175735
2026-09-28,416.36,418.18,415.45,416.09,270212
2026-09-29,416.18,416.18,413.0,415.82,363670
2026-09-30,417.27,417.27,413.73,414.0,325748
2026-10-01,415.45,418.27,414.73,418.09,666560
2026-10-02,416.0,416.0,405.0,408.0,207130
2026-10-05,408.0,409.0,396.5,398.6,109704
