timestamp,open,high,low,close,volume
2013-08-18,48.87,36.91,36.91,36.91,60
2013-08-19,36.91,36.39,34.82,34.82,60
2013-08-20,34.82,34.29,33.35,33.35,40
2013-08-25,33.35,32.82,32.3,32.3,7189
2013-08-26,32.3,31.88,31.88,31.88,38
2013-08-27,31.88,31.98,31.98,31.98,130
2013-09-01,31.98,31.56,31.36,31.36,666
2013-09-03,31.36,30.94,28.94,28.94,300
2013-09-09,28.94,28.52,26.74,26.74,6256
2013-09-10,26.74,26.95,26.22,26.74,10301
2013-09-11,26.74,27.48,26.22,27.48,5286
2013-09-12,27.48,27.37,26.85,27.37,1044
2013-09-15,27.37,27.79,26.85,27.26,2367
2013-09-16,27.26,27.69,26.85,26.85,1212
2013-09-17,26.85,27.37,26.53,27.06,734
2013-09-19,27.06,27.06,26.53,26.53,577
2013-09-22,26.53,27.37,26.74,27.06,2369
2013-09-23,27.06,26.85,26.32,26.85,617
2013-09-24,26.85,27.16,26.64,27.16,726
2013-09-25,27.16,26.95,26.64,26.85,828
2013-09-26,26.85,27.06,26.85,26.85,377
2013-09-29,26.85,27.37,26.85,27.37,484
2013-09-30,27.37,27.26,26.53,27.06,4997
2013-10-01,27.06,27.06,26.64,27.06,534
2013-10-02,27.06,27.26,26.85,26.85,42
2013-10-03,26.85,26.64,26.64,26.64,56
2013-10-06,26.64,26.74,26.43,26.74,135
2013-10-07,26.74,27.48,25.59,27.26,1463
2013-10-08,27.26,27.79,27.26,27.26,1366
2013-10-09,27.26,27.26,26.53,27.06,562
2013-10-10,27.06,27.69,27.06,27.26,1439
2013-10-29,31.46,27.31,27.31,27.31,28
2013-11-11,27.31,27.69,27.69,27.69,58
2013-11-14,27.69,27.31,27.31,27.31,56
2013-11-24,27.31,28.06,27.69,28.06,1084
2013-11-26,28.06,28.44,28.44,28.44,10
2013-12-01,28.44,29.95,28.82,29.95,86
2013-12-02,29.95,29.95,29.95,29.95,500
2013-12-03,29.95,31.08,30.33,31.08,30
2013-12-05,31.08,31.46,31.46,31.46,290
2013-12-08,31.46,31.96,31.96,31.96,53
2013-12-10,31.96,32.47,32.47,32.47,12
2013-12-11,32.47,32.97,32.47,32.47,28
2013-12-12,32.47,32.47,31.96,32.47,84
2013-12-16,32.47,33.47,32.97,33.47,853
2013-12-18,33.47,33.98,33.98,33.98,13
2013-12-19,33.98,34.48,34.48,34.48,232
2013-12-22,34.48,37.25,34.98,37.25,531
2013-12-23,37.25,37.75,37.75,37.75,181
2013-12-24,37.75,39.01,37.75,39.01,695
2013-12-26,39.01,40.9,39.64,40.9,221
2013-12-29,40.9,42.16,40.9,42.16,487
2013-12-31,42.16,43.54,42.79,43.54,405
2014-01-01,43.54,43.04,43.04,43.04,131
2014-01-02,43.04,42.41,40.52,41.15,983
2014-01-05,41.15,41.78,41.15,41.28,1186
2014-01-06,41.28,42.53,41.53,41.91,487
2014-01-07,41.91,44.55,42.53,44.55,2291
2014-01-08,44.55,46.06,45.3,46.06,400
2014-01-09,46.06,48.32,46.06,47.95,1045
2014-01-12,47.95,50.84,47.19,50.84,6751
2014-01-13,50.84,52.48,49.96,52.48,1193
2014-01-14,52.48,52.6,49.08,52.6,1236
2014-01-16,52.6,53.48,52.85,52.98,1235
2014-01-19,52.98,53.86,52.98,52.98,605
2014-01-20,52.98,54.99,53.23,54.11,3983
2014-01-21,54.11,56.25,53.86,56.25,1937
2014-01-22,56.25,56.25,55.12,55.12,889
2014-01-23,55.12,56.12,54.36,54.36,938
2014-01-26,54.36,53.48,50.97,50.97,2169
2014-01-27,50.97,50.34,48.7,48.83,1644
2014-01-28,48.83,49.2,48.32,48.45,684
2014-01-29,48.45,48.57,47.95,48.57,513
2014-02-02,48.57,47.82,45.3,47.82,447
2014-02-03,47.82,51.97,48.45,51.97,940
2014-02-04,51.97,56.5,52.85,56.5,4270
2014-02-05,56.5,59.4,55.75,55.87,2658
2014-02-06,55.87,55.87,55.5,55.5,168
2014-02-09,55.5,55.37,53.74,53.74,278
2014-02-10,53.74,52.85,52.22,52.22,130
2014-02-11,52.22,53.1,51.34,53.1,412
2014-02-12,53.1,52.22,51.85,51.85,238
2014-02-13,51.85,54.36,52.73,53.48,472
2014-02-16,53.48,56.88,54.11,56.88,1114
2014-02-17,56.88,55.87,54.99,54.99,466
2014-02-18,54.99,57.26,54.99,56.0,1512
2014-02-20,56.0,58.89,56.0,57.89,1506
2014-02-23,57.89,58.89,57.13,57.89,1166
2014-02-24,57.89,60.78,58.89,59.78,2805
2014-02-25,59.78,61.54,58.14,61.54,1124
2014-02-26,61.54,60.78,58.77,59.78,726
2014-03-03,59.78,58.89,58.89,58.89,205
2014-03-04,58.89,57.89,56.88,57.89,501
2014-03-05,57.89,59.52,57.89,59.52,282
2014-03-06,59.52,58.52,56.63,57.26,1699
2014-03-09,57.26,59.27,58.27,59.27,487
2014-03-10,59.27,58.89,58.89,58.89,224
2014-03-11,58.89,59.02,55.62,56.63,1876
2014-03-12,56.63,56.63,55.62,56.63,326
2014-03-13,56.63,57.26,55.62,56.5,967
2014-03-19,56.5,55.62,54.87,54.87,403
2014-03-20,54.87,56.38,54.24,56.38,3108
2014-03-23,56.38,56.0,55.37,55.5,161
2014-03-24,55.5,56.38,54.61,56.38,1157
2014-03-25,56.38,57.89,55.75,57.26,1181
2014-03-26,57.26,57.89,56.63,56.63,885
2014-03-27,56.63,58.77,57.26,58.77,1980
2014-03-31,58.77,60.78,57.76,60.78,2374
2014-04-01,60.78,60.78,59.78,60.4,1379
2014-04-02,60.4,60.91,59.78,60.66,543
2014-04-03,60.66,60.91,59.4,59.4,3259
2014-04-06,59.4,62.29,58.39,62.29,13755
2014-04-07,62.29,61.91,60.66,60.66,3122
2014-04-09,60.66,61.41,59.52,61.41,1037
2014-04-10,61.41,62.67,61.29,62.17,1949
2014-04-13,62.17,63.17,60.66,62.92,6902
2014-04-15,62.92,63.05,62.54,62.92,1313
2014-04-16,62.92,63.42,61.79,62.92,418
2014-04-20,62.29,62.8,61.79,62.8,271
2014-04-21,62.8,63.8,62.29,62.92,1523
2014-04-22,62.92,64.18,61.91,64.18,856
2014-04-23,64.18,64.68,62.8,64.68,2500
2014-04-27,64.68,63.68,61.79,63.68,1453
2014-04-28,63.68,64.31,61.79,63.55,10346
2014-04-29,63.55,65.69,64.18,65.69,6102
2014-04-30,65.69,65.44,63.93,65.44,1909
2014-05-04,65.44,71.35,66.57,71.35,6808
2014-05-05,71.35,77.02,72.61,73.62,5488
2014-05-06,73.62,76.64,74.12,74.5,4829
2014-05-07,74.5,75.5,72.99,73.62,12076
2014-05-08,73.62,74.88,72.99,73.74,7414
2014-05-20,101.18,80.98,75.13,80.98,1442
2014-05-21,80.98,82.49,77.58,78.15,510
2014-05-22,78.15,76.64,76.64,76.64,484
2014-05-25,76.64,76.83,76.64,76.64,479
2014-05-26,76.64,76.45,76.26,76.45,266
2014-05-27,76.45,76.45,74.94,74.94,497
2014-05-28,74.94,76.45,75.5,76.45,514
2014-06-01,76.45,74.94,74.56,74.94,273
2014-06-02,74.94,75.69,75.5,75.69,369
2014-06-03,75.69,75.69,75.5,75.5,439
2014-06-04,75.5,73.99,73.24,73.43,284
2014-06-05,73.43,74.56,72.67,74.56,365
2014-06-08,74.56,74.75,73.62,73.62,655
2014-06-09,73.62,72.3,70.97,70.97,128
2014-06-10,70.97,72.11,68.14,68.14,2421
2014-06-11,68.14,71.35,68.33,70.79,2094
2014-06-12,70.79,73.99,71.73,73.99,1633
2014-06-15,73.99,75.32,75.13,75.32,236
2014-06-17,75.32,73.99,72.67,72.67,30
2014-06-18,72.67,73.99,73.24,73.99,2545
2014-06-19,73.99,73.24,72.67,72.67,1667
2014-06-23,72.67,75.5,72.67,75.5,3953
2014-06-24,75.5,75.32,71.73,73.99,854
2014-06-25,73.99,74.56,74.56,74.56,16
2014-06-26,74.56,74.56,73.24,74.56,517
2014-06-29,74.56,75.5,75.32,75.32,1072
2014-06-30,75.32,74.56,73.99,74.56,44
2014-07-01,74.56,77.39,74.56,76.45,2810
2014-07-03,76.45,75.5,74.56,74.56,531
2014-07-07,74.56,73.62,73.24,73.62,1760
2014-07-08,73.62,80.79,74.94,80.79,874
2014-07-09,80.79,80.79,79.47,79.47,250
2014-07-10,79.47,80.04,74.94,80.04,5108
2014-07-13,80.04,83.06,80.04,83.06,2226
2014-07-14,83.06,82.11,78.53,78.53,785
2014-07-15,78.53,80.79,75.69,80.79,2498
2014-07-16,80.79,80.22,76.26,80.22,4742
2014-07-17,80.22,83.06,81.17,83.06,99
2014-07-20,83.06,86.08,81.55,84.94,3861
2014-07-21,84.94,90.04,84.94,88.15,5565
2014-07-22,88.15,88.72,83.24,84.75,2760
2014-07-23,84.75,87.02,84.0,86.08,4404
2014-07-24,86.08,87.77,83.06,87.77,866
2014-07-27,87.77,90.42,87.77,89.1,1261
2014-07-28,89.1,95.14,89.66,93.25,4269
2014-07-30,93.25,98.16,94.38,95.33,3205
2014-07-31,95.33,95.51,92.87,93.06,14060
2014-08-03,93.06,94.38,90.23,91.55,15711
2014-08-04,91.55,91.55,89.85,89.85,1531
2014-08-05,89.85,90.04,89.85,89.85,332
2014-08-06,89.85,93.25,88.15,91.55,1960
2014-08-07,91.55,90.61,90.23,90.23,311
2014-08-12,90.23,88.53,88.53,88.53,12
2014-08-13,88.53,86.83,85.32,85.32,379
2014-08-14,85.32,85.13,83.62,85.13,7702
2014-08-18,85.13,86.83,83.43,84.94,2046
2014-08-19,84.94,88.34,84.94,88.34,1918
2014-08-20,88.34,88.53,86.83,86.83,295
2014-08-21,86.83,85.32,85.13,85.32,463
2014-08-24,85.32,85.89,85.89,85.89,100
2014-09-03,85.89,84.94,81.17,81.17,728
2014-09-04,81.17,80.22,80.22,80.22,70
2014-09-10,80.22,79.28,79.28,79.28,104
2014-09-15,78.34,77.39,75.69,76.07,3051
2014-09-16,76.07,76.64,73.62,75.5,1291
2014-09-17,75.5,77.02,74.56,75.69,1958
2014-09-21,73.62,72.3,70.41,70.41,1494
2014-09-22,70.41,69.28,66.44,66.63,2016
2014-09-23,66.63,69.65,64.18,68.9,5562
2014-09-24,68.9,68.9,67.01,67.95,1302
2014-09-28,67.95,67.95,64.56,67.01,2476
2014-09-29,67.01,67.95,67.01,67.01,228
2014-09-30,67.01,69.84,68.33,69.65,567
2014-10-08,69.65,71.35,68.52,68.52,1146
2014-10-09,68.52,70.22,68.33,69.09,6094
2014-10-12,69.09,69.09,67.95,67.95,130
2014-10-13,67.95,68.14,67.95,67.95,882
2014-10-14,67.95,67.95,64.56,64.56,592
2014-10-15,64.56,67.95,64.75,67.01,870
2014-10-16,67.01,67.77,65.88,67.77,3513
2014-10-19,67.77,68.9,66.44,68.9,1003
2014-10-20,68.9,69.46,67.95,69.46,1187
2014-10-21,69.46,69.46,67.2,69.46,4522
2014-10-22,69.46,68.9,67.58,68.9,295
2014-10-26,68.9,67.95,67.77,67.95,896
2014-10-27,67.95,67.95,66.07,67.01,1542
2014-10-28,67.01,68.52,65.69,67.2,1055
2014-10-30,67.2,68.52,66.44,68.33,1658
2014-11-02,68.33,70.22,67.01,69.09,4442
2014-11-03,69.09,68.71,67.39,67.39,3208
2014-11-04,67.39,68.52,65.88,66.63,10323
2014-11-05,66.63,70.03,65.88,70.03,5554
2014-11-06,70.03,71.35,69.09,71.35,10799
2014-11-09,71.43,73.71,70.6,72.88,726
2014-11-10,72.88,74.13,74.13,74.13,290
2014-11-12,74.13,72.67,71.64,71.64,525
2014-11-19,71.64,70.39,70.39,70.39,67
2014-11-20,70.39,69.77,69.77,69.77,169
2014-11-24,69.77,68.52,68.52,68.52,114
2014-11-25,68.52,68.11,67.9,68.11,186
2014-12-03,68.11,69.35,66.86,69.35,499
2014-12-04,69.35,69.35,68.11,68.11,77
2014-12-07,68.11,69.14,64.16,64.16,2934
2014-12-08,64.16,64.37,61.88,61.88,1778
2014-12-09,61.88,61.88,57.1,60.22,4712
2014-12-10,60.22,63.54,60.22,63.54,1597
2014-12-11,63.54,67.27,64.78,67.27,667
2014-12-14,67.27,67.48,66.65,67.48,400
2014-12-15,67.48,68.73,67.69,68.11,1126
2014-12-16,68.11,68.52,66.86,68.52,1396
2014-12-17,68.52,67.48,66.86,67.48,3114
2014-12-18,67.48,67.48,66.65,66.65,423
2014-12-21,66.65,65.41,64.58,64.58,551
2014-12-22,64.58,65.41,63.95,64.58,1641
2014-12-23,64.58,64.99,63.75,63.75,2443
2014-12-24,63.75,64.99,63.75,64.99,424
2014-12-28,64.99,66.86,65.61,66.86,112
2015-01-01,66.86,70.6,68.11,70.6,1109
2015-01-04,70.6,71.64,70.6,70.6,1162
2015-01-05,70.6,70.8,70.6,70.8,700
2015-01-06,70.8,69.56,69.56,69.56,168
2015-01-07,69.56,68.31,67.27,67.27,765
2015-01-08,67.27,68.52,67.69,67.9,695
2015-01-11,67.9,66.65,65.41,65.41,113
2015-01-12,65.41,67.9,66.65,67.9,502
2015-01-13,67.9,68.52,68.52,68.52,241
2015-01-14,68.52,69.77,69.77,69.77,12
2015-01-18,69.77,71.84,70.39,71.84,2271
2015-01-19,71.84,74.33,70.6,70.6,3609
2015-01-20,70.6,73.09,70.6,71.64,2026
2015-01-22,71.64,74.33,71.64,74.33,2002
2015-01-25,74.33,78.49,74.75,76.2,1061
2015-01-26,76.2,78.28,76.83,77.03,1207
2015-01-27,77.03,77.86,75.58,77.66,2792
2015-01-28,77.66,79.94,77.86,79.94,1861
2015-01-29,79.94,84.3,78.9,79.94,2399
2015-02-01,79.94,82.02,79.53,82.02,3335
2015-02-02,82.02,82.02,82.02,82.02,1100
2015-02-03,82.02,80.56,80.56,80.56,80
2015-02-08,80.56,80.98,80.98,80.98,185
2015-02-09,80.98,83.06,80.98,83.06,609
2015-02-10,83.06,81.39,78.9,78.9,1125
2015-02-11,78.9,81.81,76.41,81.81,6320
2015-02-12,81.81,80.36,78.9,78.9,302
2015-02-15,78.9,80.15,78.7,79.32,1651
2015-02-16,79.32,79.94,78.49,78.9,672
2015-02-19,78.9,77.45,77.45,77.45,235
2015-02-22,77.45,76.0,75.17,75.58,1012
2015-02-23,75.17,76.62,73.92,76.62,355
2015-02-24,76.62,75.37,75.37,75.37,92
2015-02-25,75.37,75.37,73.92,75.37,1598
2015-03-01,74.54,75.79,74.75,75.79,519
2015-03-02,75.79,76.0,72.88,74.96,838
2015-03-03,74.96,77.45,76.0,76.0,1577
2015-03-04,76.0,77.45,76.83,77.45,1134
2015-03-09,77.45,79.53,77.45,78.07,851
2015-03-10,78.07,78.9,78.07,78.07,49
2015-03-11,78.07,76.83,75.79,76.83,588
2015-03-12,76.83,77.86,76.83,76.83,2362
2015-03-15,76.83,76.83,75.79,76.83,251
2015-03-16,76.83,75.37,74.75,74.75,36
2015-03-17,74.75,76.2,76.2,76.2,226
2015-03-18,76.2,74.75,73.3,74.75,281
2015-03-19,74.75,73.71,73.71,73.71,467
2015-03-22,73.71,72.67,72.67,72.67,34
2015-03-23,72.67,71.64,70.6,71.64,667
2015-03-24,71.64,70.8,70.8,70.8,16
2015-03-25,70.8,70.8,70.8,70.8,76
2015-03-26,70.8,72.05,70.8,71.22,810
2015-03-30,71.22,71.22,70.6,70.6,1379
2015-03-31,70.6,72.47,71.84,72.47,257
2015-04-02,72.47,72.67,71.22,72.67,898
2015-04-05,72.67,73.92,71.43,73.92,200
2015-04-06,73.92,75.37,73.92,74.75,182
2015-04-07,74.75,74.75,74.75,74.75,76
2015-04-08,74.75,76.0,73.3,73.3,232
2015-04-09,73.3,73.3,72.05,73.09,586
2015-04-12,73.09,74.13,72.67,72.88,689
2015-04-13,72.88,73.71,72.26,72.26,2914
2015-04-15,72.26,72.26,71.64,72.26,447
2015-04-16,72.26,72.67,71.84,72.67,493
2015-04-19,72.67,72.05,71.22,72.05,613
2015-04-20,72.05,73.71,71.22,72.67,1607
2015-04-21,72.67,74.96,74.13,74.75,892
2015-04-22,74.75,73.5,73.09,73.5,285
2015-04-23,73.5,74.96,71.84,74.96,4845
2015-05-28,74.96,73.5,67.48,67.48,589
2015-05-31,67.48,68.73,66.03,68.73,1119
2015-06-01,68.73,69.97,67.69,69.56,2209
2015-06-02,69.77,69.56,68.73,69.56,368
2015-06-03,69.56,70.8,69.56,70.6,1942
2015-06-04,70.6,73.3,71.64,71.64,3048
2015-06-07,71.64,71.22,71.22,71.22,294
2015-06-08,71.22,74.75,70.8,74.75,3042
2015-06-09,74.75,78.28,76.2,76.83,1663
2015-06-10,76.83,75.37,73.71,74.75,457
2015-06-11,74.75,73.71,71.64,72.26,1096
2015-06-14,72.26,73.09,71.22,73.09,1094
2015-06-15,73.09,73.3,72.67,73.3,896
2015-06-16,73.3,72.67,72.05,72.67,217
2015-06-17,72.67,71.84,71.84,71.84,25
2015-06-18,71.84,70.8,69.35,69.77,4201
2015-06-21,69.77,68.52,68.52,68.52,300
2015-06-22,67.9,70.6,67.9,70.6,1334
2015-06-23,69.35,70.6,69.35,70.6,587
2015-06-24,70.8,73.09,70.8,73.09,508
2015-06-25,71.64,72.67,71.22,71.84,7636
2015-06-28,73.09,73.09,70.6,70.8,1638
2015-06-29,72.05,72.88,70.18,72.88,3183
2015-06-30,71.64,73.71,71.43,72.26,878
2015-07-01,71.43,71.43,69.97,70.18,2550
2015-07-02,70.18,72.67,70.18,72.26,1042
2015-07-05,72.67,72.67,71.22,71.22,406
2015-07-06,71.64,73.3,70.8,72.26,1040
2015-07-07,71.64,71.84,71.64,71.84,297
2015-07-08,73.09,73.71,71.64,72.88,3431
2015-07-09,73.5,73.71,72.26,72.26,2340
2015-07-12,72.67,73.5,72.67,73.5,758
2015-07-13,73.09,74.33,72.67,74.33,405
2015-07-14,74.33,74.75,74.33,74.75,1945
2015-07-15,76.0,76.0,75.37,75.37,481
2015-07-16,75.37,74.75,74.75,74.75,829
2015-07-22,74.75,80.15,74.75,78.9,6712
2015-07-23,78.9,80.77,77.86,80.77,5146
2015-07-26,80.77,83.68,82.22,83.68,170
2015-07-27,83.68,85.34,79.11,82.64,2461
2015-07-28,82.64,81.19,81.19,81.19,261
2015-07-29,81.19,82.43,79.11,79.11,274
2015-07-30,79.11,79.94,76.83,77.86,4226
2015-08-02,77.86,82.02,79.32,80.98,4186
2015-08-03,80.98,81.39,79.73,81.39,9851
2015-08-04,81.39,85.75,80.15,85.75,9534
2015-08-05,85.75,84.09,82.02,82.43,1332
2015-08-06,83.47,83.89,82.22,82.85,3347
2015-08-09,82.85,84.3,82.64,83.26,3849
2015-08-10,83.26,83.06,81.39,82.43,10372
2015-08-11,82.43,81.81,79.73,80.98,1460
2015-08-12,79.73,80.36,78.49,80.36,912
2015-08-13,79.53,80.98,78.07,79.11,4037
2015-08-16,77.66,78.9,76.83,77.45,1577
2015-08-23,78.9,78.9,78.9,78.9,55
2015-08-24,80.36,86.79,80.36,86.79,266
2015-08-25,88.45,90.12,88.45,88.45,260
2015-08-26,87.42,89.08,87.42,88.87,1111
2015-08-27,90.53,93.85,90.53,90.53,793
2015-08-31,92.19,99.46,92.19,99.46,2464
2015-09-01,99.46,109.01,100.29,109.01,12945
2015-09-02,109.01,113.16,105.9,109.01,7587
2015-09-03,111.09,111.09,104.86,105.9,1783
2015-09-06,103.82,103.82,101.54,101.95,3284
2015-09-07,103.82,103.82,102.78,102.78,954
2015-09-08,101.74,103.82,101.74,103.82,2004
2015-09-09,102.78,104.65,102.78,104.65,510
2015-09-10,106.52,106.73,104.65,105.9,1173
2015-09-13,106.93,106.93,104.86,106.31,1736
2015-09-14,104.86,105.9,102.99,104.23,5416
2015-09-15,103.82,107.97,103.82,105.9,3074
2015-09-16,104.86,104.86,102.78,102.78,1054
2015-09-17,102.57,104.65,102.57,103.82,1425
2015-09-22,102.57,102.57,102.57,102.57,500
2015-09-23,101.74,102.78,99.87,102.78,463
2015-09-24,100.91,100.91,99.04,99.04,992
2015-09-30,97.17,97.17,95.31,97.17,1032
2015-10-01,98.01,100.7,97.17,100.7,1782
2015-10-04,102.57,104.44,102.16,102.57,3119
2015-10-05,101.74,101.74,100.7,100.7,1000
2015-10-06,100.7,102.37,98.84,102.37,1056
2015-10-07,102.16,102.16,102.16,102.16,500
2015-10-08,100.29,100.29,100.29,100.29,329
2016-08-24,100.21,109.96,102.05,109.96,496
2016-08-28,112.07,120.51,112.07,120.51,50
2016-08-29,122.88,132.38,122.88,132.38,400
2016-08-30,135.01,145.56,135.01,145.56,109
2016-08-31,148.46,160.07,148.46,160.07,1646
2016-09-01,163.23,175.89,163.23,175.89,45255
2016-09-04,174.04,183.27,172.99,179.58,16622
2016-09-05,179.32,181.43,179.32,179.58,7857
2016-09-06,179.32,181.95,176.94,178.0,16229
2016-09-07,177.73,178.0,176.15,177.73,5065
2016-09-08,176.68,176.68,174.31,176.68,2751
2016-09-11,180.11,180.11,176.68,178.0,3322
2016-09-12,177.73,178.26,175.62,176.68,3657
2016-09-14,174.31,176.68,172.72,176.68,5937
2016-09-18,177.73,177.73,172.72,173.52,2195
2016-09-20,170.35,171.41,168.24,171.41,2303
2016-09-21,167.98,168.77,166.13,166.92,5449
2016-09-22,168.77,177.73,168.77,168.77,5788
2016-09-25,168.77,177.73,168.77,168.77,5788
2016-09-26,164.81,170.61,164.81,167.45,2576
2016-09-27,167.45,167.45,162.18,163.49,3861
2016-09-28,162.18,163.23,159.01,161.12,7125
2016-09-29,162.18,163.23,160.86,161.12,5436
2016-10-02,164.02,167.45,162.44,166.13,1801
2016-10-03,166.92,168.24,163.49,166.13,808
2016-10-04,165.08,168.77,165.08,168.77,456
2016-10-05,166.13,166.13,166.13,166.13,428
2016-10-06,169.3,171.41,167.98,169.56,1473
2016-10-17,166.4,168.77,166.4,168.77,62
2016-10-18,165.6,168.51,165.6,165.6,122
2016-10-19,165.34,165.34,163.76,163.76,1027
2016-10-20,162.18,163.49,162.18,162.97,518
2016-10-23,162.18,166.13,162.18,164.29,3458
2016-10-24,166.92,166.92,164.81,166.13,970
2016-10-25,163.23,163.23,159.8,162.18,1497
2016-10-26,160.86,162.18,160.86,160.86,2256
2016-10-27,158.75,162.18,158.22,161.91,3699
2016-11-03,161.91,165.08,161.65,165.08,918
2016-11-07,164.81,165.08,162.18,162.18,808
2016-11-08,162.18,162.18,158.22,158.48,6347
2016-11-09,155.32,158.48,155.32,158.48,1674
2016-11-10,160.86,160.86,155.32,155.32,2016
2016-11-13,156.9,158.22,156.9,156.9,1014
2016-11-14,154.27,159.01,154.27,156.11,2646
2016-11-15,154.53,154.53,151.1,154.53,1512
2016-11-16,154.53,154.53,152.95,154.53,602
2016-11-17,151.63,151.63,146.35,146.35,1828
2016-11-20,146.35,146.35,142.4,142.66,1574
2016-11-21,139.76,142.4,137.65,139.23,4699
2016-11-22,138.97,138.97,133.17,135.81,8533
2016-11-23,133.17,134.49,127.9,128.16,16074
2016-11-24,130.27,130.53,127.1,127.1,5199
2016-11-27,127.9,128.69,124.73,124.73,4775
2016-11-28,122.62,131.85,115.76,129.21,5237
2016-11-29,131.59,134.49,129.48,133.17,7551
2016-11-30,133.29,139.65,130.95,135.63,7872
2016-12-01,132.96,136.64,132.96,134.63,2250
2016-12-04,132.29,132.29,132.29,132.29,300
2016-12-05,129.94,129.94,129.94,129.94,20
2016-12-06,129.94,130.61,123.91,126.26,6427
2016-12-07,126.26,128.6,123.91,125.25,1120
2016-12-08,123.91,123.91,120.9,121.23,2537
2016-12-11,119.22,120.56,118.55,120.56,3052
2016-12-12,118.22,120.23,113.87,116.21,6199
2016-12-14,117.22,117.22,110.52,115.88,5856
2016-12-15,113.87,117.88,113.87,117.88,1668
2016-12-18,117.55,122.57,117.55,122.57,2411
2016-12-19,122.91,123.24,118.89,118.89,590
2016-12-20,117.22,118.89,117.22,117.88,3441
2016-12-21,116.55,117.88,115.88,116.21,662
2016-12-22,115.54,116.21,115.54,116.21,519
2016-12-26,118.22,118.22,113.53,113.87,3584
2016-12-27,111.86,114.2,111.86,114.2,3945
2016-12-28,112.19,113.87,112.19,113.87,605
2016-12-29,114.2,114.2,114.2,114.2,150
2017-01-01,112.53,123.24,112.53,121.23,2329
2017-01-02,121.23,123.58,118.22,120.56,4287
2017-01-03,120.56,121.23,118.55,118.55,1759
2017-01-04,117.22,119.56,117.22,119.56,490
2017-01-05,119.89,119.89,119.89,119.89,59
2017-01-08,120.56,120.56,118.22,118.22,598
2017-01-09,115.88,117.22,113.87,115.21,3896
2017-01-10,115.54,115.54,115.21,115.54,523
2017-01-11,113.87,113.87,113.53,113.87,635
2017-01-12,112.19,112.19,111.19,111.19,1056
2017-01-16,111.19,113.87,111.19,113.2,534
2017-01-17,113.87,119.56,113.87,119.56,663
2017-01-18,118.89,118.89,117.22,117.22,504
2017-01-19,115.54,117.55,115.54,117.55,98
2017-01-22,115.54,115.88,113.53,114.54,1001
2017-01-23,115.54,115.54,114.2,114.2,1315
2017-01-24,116.21,115.54,113.87,113.87,350
2017-01-25,112.19,112.19,110.52,110.52,2617
2017-01-26,108.51,109.51,107.84,109.51,1840
2017-01-30,110.52,110.52,105.83,105.83,2340
2017-01-31,105.83,107.5,105.83,106.5,1776
2017-02-01,108.51,112.53,108.51,112.53,310
2017-02-02,114.54,120.56,114.54,120.56,640
2017-02-05,122.91,122.91,120.56,120.56,84
2017-02-06,122.91,122.91,118.55,119.56,1386
2017-02-07,117.22,117.22,115.54,115.54,330
2017-02-08,114.54,114.54,109.85,109.85,1427
2017-02-09,108.84,111.52,107.17,107.17,1641
2017-02-12,107.17,107.17,100.14,102.14,1843
2017-02-13,100.47,103.48,99.8,103.48,1400
2017-02-14,104.15,104.15,103.82,104.15,250
2017-02-15,105.83,111.86,105.83,111.86,140
2017-02-16,113.87,115.21,113.87,115.21,514
2017-02-19,117.22,120.56,115.88,120.23,2189
2017-02-20,120.56,120.56,116.88,116.88,870
2017-02-21,118.89,118.89,116.55,116.55,220
2017-02-22,117.88,117.88,117.88,117.88,69
2017-02-23,115.54,117.55,115.54,117.55,318
2017-02-26,116.88,116.88,116.88,116.88,200
2017-02-28,114.87,114.87,110.85,110.85,552
2017-03-01,112.19,112.19,112.19,112.19,200
2017-03-02,111.86,111.86,110.52,110.52,236
2017-03-05,110.52,114.2,110.52,114.2,923
2017-03-06,115.54,115.88,113.87,115.88,220
2017-03-07,115.88,115.88,111.86,111.86,338
2017-03-09,113.87,114.2,113.87,113.87,800
2017-03-13,111.86,117.22,111.86,117.22,680
2017-03-14,115.54,115.54,114.87,114.87,280
2017-03-15,115.54,115.54,115.54,115.54,100
2017-03-16,113.87,113.87,113.87,113.87,315
2017-03-19,113.87,115.54,113.53,115.54,2673
2017-03-20,113.87,120.23,113.87,120.23,542
2017-03-21,122.24,125.59,122.24,123.91,800
2017-03-22,127.93,135.97,127.26,133.63,1697
2017-03-23,133.96,135.63,128.94,134.96,4035
2017-03-26,137.31,142.0,137.31,138.98,2521
2017-03-28,138.98,147.02,137.31,147.02,4185
2017-03-29,147.02,147.02,141.66,141.66,2715
2017-03-30,141.66,140.66,133.29,135.63,1645
2017-04-03,138.31,149.03,138.31,140.99,2778
2017-04-04,138.98,142.33,133.63,138.98,8492
2017-04-06,138.98,137.31,136.64,136.64,394
2017-04-09,133.96,138.31,131.62,138.31,1889
2017-04-10,135.97,140.99,135.63,139.99,4022
2017-04-11,142.33,152.71,142.33,152.38,3626
2017-04-12,155.73,160.75,154.05,154.05,4456
2017-04-13,154.05,154.05,148.36,151.38,2500
2017-04-16,145.68,147.36,143.34,144.01,2010
2017-04-18,142.33,142.33,137.98,140.66,2193
2017-04-19,140.66,146.02,141.66,146.02,393
2017-04-20,144.01,144.01,141.33,144.01,1700
2017-04-23,144.01,146.69,144.01,146.69,380
2017-04-24,146.69,146.69,143.34,143.34,720
2017-04-25,146.02,146.02,141.33,144.01,4212
2017-04-26,144.68,144.68,140.66,142.33,1246
2017-04-27,142.33,146.69,142.33,145.01,10491
2017-04-30,142.33,157.07,142.33,156.73,9899
2017-05-02,157.74,159.08,153.72,155.73,4820
2017-05-03,160.08,163.1,156.06,159.08,5444
2017-05-04,159.08,159.08,154.05,155.06,3100
2017-05-07,152.71,153.38,151.04,151.04,7297
2017-05-08,151.04,154.05,150.37,150.71,2840
2017-05-09,150.71,155.39,152.04,155.39,989
2017-05-11,155.73,155.73,152.38,152.38,150
2017-05-15,154.05,154.05,151.04,152.38,1400
2017-05-16,149.7,151.04,149.7,150.04,4655
2017-05-17,150.04,153.72,147.69,149.7,1906
2017-05-18,147.69,154.05,147.36,154.05,2359
2017-05-21,151.04,154.05,151.04,152.38,3886
2017-05-22,151.71,152.38,149.37,152.04,8282
2017-05-23,152.38,152.38,147.69,150.37,5739
2017-05-24,150.37,153.38,147.69,153.38,4029
2017-05-28,150.71,152.38,147.02,149.03,7014
2017-05-30,149.03,149.03,144.01,145.68,3709
2017-05-31,145.68,151.04,142.33,149.7,2645
2017-06-01,149.03,149.03,146.69,147.36,450
2017-06-04,147.02,147.02,141.66,145.01,1827
2017-06-05,145.68,146.69,144.68,146.35,993
2017-06-06,149.03,150.37,147.69,149.03,2914
2017-06-07,147.36,147.69,147.36,147.36,407
2017-06-08,145.68,146.35,145.68,146.02,954
2017-06-11,146.02,146.02,141.66,142.67,1133
2017-06-12,141.33,142.67,137.31,142.33,3052
2017-06-13,139.65,142.33,139.65,142.0,577
2017-06-14,142.0,144.34,139.99,143.34,3274
2017-06-15,141.66,148.03,141.33,141.33,3786
2017-06-18,141.33,144.01,141.33,144.01,1107
2017-06-19,144.01,144.01,136.97,138.98,1233
2017-06-20,135.63,135.97,133.63,135.97,4744
2017-06-21,134.96,135.63,134.3,134.96,1292
2017-06-22,134.63,138.98,134.63,137.98,1172
2017-06-25,137.31,138.65,135.97,136.3,1403
2017-06-27,136.3,137.98,135.97,137.98,1396
2017-06-28,140.66,140.66,136.3,136.64,778
2017-07-02,137.31,137.31,133.96,133.96,3341
2017-07-03,136.64,139.32,135.3,139.32,269
2017-07-04,136.97,136.97,135.63,136.64,1205
2017-07-05,135.63,136.64,135.63,136.64,135
2017-07-06,138.65,144.01,136.64,144.01,1113
2017-07-09,144.01,144.68,139.65,139.65,2806
2017-07-10,137.31,140.66,136.97,139.65,551
2017-07-11,139.99,139.99,139.99,139.99,102
2017-07-12,139.99,141.33,139.99,141.33,310
2017-07-13,138.65,142.33,138.65,142.33,879
2017-07-16,144.01,145.68,139.99,141.66,2480
2017-07-17,139.32,143.34,139.32,143.34,319
2017-07-18,146.02,146.02,140.66,145.35,2229
2017-07-19,148.03,148.36,144.01,146.69,1396
2017-07-20,147.36,147.36,140.66,141.33,1373
2017-07-23,144.01,144.01,142.33,143.0,1564
2017-07-24,143.0,143.0,137.98,138.98,2188
2017-07-25,141.66,143.67,141.66,143.67,1222
2017-07-26,146.35,146.69,144.01,144.68,6434
2017-07-27,144.01,146.69,144.01,144.68,2771
2017-07-30,144.01,146.69,144.01,144.68,2796
2017-07-31,144.34,149.7,142.67,149.7,4161
2017-08-01,149.37,151.38,147.36,150.04,6449
2017-08-02,152.38,152.38,150.04,150.71,806
2017-08-03,150.71,150.71,147.69,147.69,642
2017-08-06,145.01,149.03,145.01,146.69,1404
2017-08-07,144.01,150.71,144.01,150.71,6237
2017-08-09,149.03,150.71,146.35,146.35,7732
2017-08-10,147.36,147.36,145.68,146.35,12046
2017-08-13,147.36,147.36,143.34,143.34,362
2017-08-15,142.33,143.67,140.99,141.66,13457
2017-08-16,143.34,146.02,140.66,140.99,1103
2017-08-17,141.33,141.33,138.98,138.98,12631
2017-08-20,137.31,138.98,136.64,137.98,10867
2017-08-21,136.97,144.01,136.97,139.32,15263
2017-08-22,138.31,144.68,138.31,142.33,2087
2017-08-23,141.33,142.0,140.66,141.33,1486
2017-08-24,141.33,144.01,141.33,144.01,1601
2017-08-27,144.01,143.34,141.33,141.66,1280
2017-08-28,138.98,141.66,138.65,138.98,1385
2017-08-30,138.98,141.66,137.31,139.65,2242
2017-08-31,139.65,138.65,137.31,138.31,311
2017-09-04,137.64,138.98,135.63,137.31,2631
2017-09-06,136.64,136.64,133.96,134.3,4702
2017-09-07,135.63,135.63,129.94,130.61,4697
2017-09-10,130.61,132.62,127.93,130.28,3329
2017-09-11,127.93,133.63,127.93,131.28,1974
2017-09-12,132.62,134.63,127.93,129.61,3299
2017-09-13,131.95,131.95,127.26,127.26,1950
2017-09-14,127.26,132.29,127.26,132.29,1549
2017-09-17,131.28,131.28,130.61,131.28,509
2017-09-18,130.61,134.63,130.61,132.29,1053
2017-09-20,134.63,139.32,134.63,138.98,4139
2017-09-24,139.32,140.32,138.98,139.32,1370
2017-09-25,137.31,138.65,137.31,137.98,626
2017-09-26,138.98,140.66,138.65,140.32,13403
2017-10-04,139.65,140.66,137.64,137.64,2273
2017-10-08,134.96,135.3,133.96,135.3,952
2017-10-09,134.63,137.31,134.63,135.97,1673
2017-10-10,136.3,138.98,135.63,135.63,1835
2017-10-11,133.96,136.97,133.96,136.3,2236
2017-10-12,137.31,137.31,135.97,137.31,2537
2017-10-15,135.3,135.63,133.96,135.63,633
2017-10-16,135.63,139.65,135.63,139.65,1511
2017-10-17,139.65,142.33,137.31,137.64,2435
2017-10-18,139.99,142.67,139.65,142.67,1814
2017-10-22,144.01,144.01,141.33,141.66,3160
2017-10-23,141.66,145.68,142.33,143.0,5528
2017-10-24,143.0,144.01,141.66,144.01,1173
2017-10-25,141.66,142.33,140.66,140.66,1616
2017-10-29,138.98,138.98,135.63,136.3,7810
2017-10-30,136.64,136.97,135.3,136.97,4098
2017-10-31,137.31,137.31,137.31,137.31,500
2017-11-01,135.63,137.98,135.63,135.63,4041
2017-11-02,134.63,137.31,134.63,137.31,1631
2017-11-05,135.63,135.63,133.96,134.3,1370
2017-11-06,134.3,134.63,132.29,132.29,3601
2017-11-07,134.63,134.63,132.96,132.96,1487
2017-11-08,132.96,132.96,128.27,128.27,1700
2017-11-09,130.61,132.96,130.61,130.61,326
2017-11-12,130.61,135.3,132.62,133.96,1771
2017-11-13,136.3,136.3,130.61,131.28,4808
2017-11-14,131.28,135.97,131.28,132.29,645
2017-11-15,134.63,134.63,133.96,134.3,119
2017-11-16,132.29,132.29,131.62,132.29,659
2017-11-19,132.29,130.61,130.61,130.61,200
2017-11-20,130.61,130.61,128.94,130.61,158
2017-11-21,130.61,131.28,130.61,131.28,462
2017-11-22,130.61,131.28,130.61,130.95,1463
2017-11-23,130.95,136.3,130.61,136.3,1759
2017-11-26,136.3,144.34,137.64,144.34,5888
2017-11-27,141.66,141.66,136.97,137.31,10338
2017-11-28,136.3,139.65,136.3,139.65,1913
2017-11-29,139.65,141.66,137.31,137.31,7018
2017-11-30,137.31,137.31,135.97,137.31,1986
2017-12-04,139.99,142.67,136.64,136.64,573
2017-12-05,137.31,138.31,135.97,136.97,1492
2017-12-06,138.65,138.65,137.31,137.98,1030
2017-12-10,140.66,140.66,140.66,140.66,50
2017-12-11,137.98,139.99,137.31,139.99,2770
2017-12-12,137.98,137.98,136.3,136.3,1993
2017-12-13,137.31,137.31,135.3,137.31,2599
2017-12-14,135.63,135.63,135.3,135.3,756
2017-12-17,138.31,138.31,135.63,137.31,2474
2017-12-18,139.99,139.99,134.63,135.3,686
2017-12-19,137.98,140.66,137.31,135.3,591
2017-12-20,135.3,135.3,134.3,135.3,1820
2017-12-21,133.96,134.3,132.29,133.96,2854
2017-12-24,133.63,133.96,130.95,130.95,5533
2017-12-26,131.03,128.52,123.91,126.01,3271
2017-12-27,123.49,126.84,121.4,124.75,1388
2017-12-28,126.84,126.84,123.91,125.17,1041
2017-12-31,123.49,123.49,123.49,123.49,50
2018-01-01,123.49,129.36,123.49,129.36,1239
2018-01-02,129.36,129.36,124.33,124.75,579
2018-01-03,123.49,126.42,123.49,126.42,580
2018-01-04,126.01,126.01,123.91,125.17,994
2018-01-07,123.49,123.91,123.49,123.49,2350
2018-01-08,124.33,126.42,124.33,126.42,669
2018-01-09,126.42,128.52,126.01,128.52,756
2018-01-10,126.84,129.77,126.84,127.26,2635
2018-01-14,124.75,126.01,124.75,125.59,495
2018-01-16,127.68,126.84,122.24,122.24,1032
2018-01-17,123.08,123.08,123.08,123.08,380
2018-01-21,123.49,125.59,123.49,123.91,1953
2018-01-22,123.49,125.59,123.49,125.59,115
2018-01-23,124.33,125.17,122.24,122.24,658
2018-01-24,123.49,123.49,119.73,121.4,3058
2018-01-25,120.98,128.1,120.98,121.4,1035
2018-01-28,122.24,123.49,121.82,121.82,2427
2018-01-29,123.49,123.49,121.82,121.82,118
2018-01-31,121.82,121.82,121.82,121.82,374
2018-02-01,121.82,121.82,121.82,121.82,149
2018-02-04,123.49,123.91,123.08,123.49,1526
2018-02-05,123.49,125.59,122.24,122.66,3330
2018-02-06,122.24,122.24,122.24,122.24,370
2018-02-07,124.33,124.33,123.49,123.49,240
2018-02-08,123.91,125.59,123.91,125.59,5744
2018-02-11,125.59,125.59,123.08,123.08,7697
2018-02-12,121.82,125.17,121.82,125.17,3268
2018-02-14,123.49,123.91,122.66,123.91,1863
2018-02-15,125.59,129.77,123.49,129.77,3305
2018-02-18,129.77,132.29,125.17,125.59,7881
2018-02-20,123.91,123.91,121.4,121.82,9040
2018-02-21,122.24,123.91,121.4,123.49,957
2018-02-22,121.4,123.49,121.4,121.82,306
2018-02-25,122.66,122.66,120.56,121.4,2161
2018-02-26,120.98,120.98,119.31,119.73,708
2018-02-27,118.05,121.4,118.05,121.4,374
2018-02-28,119.31,121.4,119.31,120.15,611
2018-03-04,118.05,119.31,115.12,116.8,1810
2018-03-05,117.22,117.22,110.94,113.03,2823
2018-03-06,111.35,117.22,110.1,117.22,2642
2018-03-07,119.31,121.4,118.05,121.4,3120
2018-03-11,121.4,119.31,117.22,118.05,1190
2018-03-12,118.05,117.22,113.03,113.03,4367
2018-03-13,115.12,115.12,115.12,115.12,900
2018-03-14,115.54,115.54,114.28,115.12,1185
2018-03-15,115.12,115.12,115.12,115.12,200
2018-03-18,114.7,114.7,113.45,113.87,441
2018-03-19,115.96,118.05,115.12,115.12,726
2018-03-20,113.45,113.87,113.45,113.45,325
2018-03-21,113.03,113.45,113.03,113.45,2469
2018-03-22,113.03,115.12,110.94,112.61,1784
2018-03-26,108.84,108.84,104.66,108.42,2966
2018-03-27,108.01,108.42,108.01,108.42,250
2018-03-28,110.52,113.03,110.52,110.94,1537
2018-03-29,113.03,115.12,110.94,113.03,1770
2018-04-01,112.61,113.03,110.94,112.19,1525
2018-04-02,110.94,110.94,108.84,108.84,400
2018-04-03,108.84,110.94,108.84,110.94,7018
2018-04-04,113.03,113.03,110.94,113.03,1642
2018-04-05,115.12,117.22,115.12,117.22,2905
2018-04-08,115.12,119.31,115.12,119.31,11306
2018-04-09,117.22,123.08,117.22,121.4,1681
2018-04-10,119.31,119.31,115.12,115.54,890
2018-04-11,117.22,117.22,110.94,111.77,1717
2018-04-12,113.03,117.22,113.03,115.54,1363
2018-04-15,117.22,115.12,113.03,113.87,1005
2018-04-16,114.28,116.8,112.61,115.12,478
2018-04-17,114.7,118.89,116.8,118.89,360
2018-04-18,118.89,130.61,117.63,130.61,9635
2018-04-19,133.12,133.12,127.26,128.1,12119
2018-04-22,128.1,135.63,130.61,133.96,5400
2018-04-23,136.47,136.47,128.94,131.87,10070
2018-04-24,130.19,131.87,127.68,129.77,2101
2018-04-25,128.52,131.03,128.52,129.77,2926
2018-04-26,128.52,128.52,128.1,128.52,4193
2018-04-29,127.68,129.77,127.68,128.52,1606
2018-05-02,128.52,128.52,126.42,126.42,58
2018-05-03,128.94,131.45,128.94,129.77,3128
2018-05-06,129.36,129.36,128.1,128.1,2003
2018-05-07,126.01,127.26,126.01,126.42,2209
2018-05-08,127.68,131.87,127.68,129.36,378
2018-05-09,129.36,127.68,126.84,126.84,450
2018-05-10,126.84,126.42,126.01,126.01,294
2018-05-14,124.75,124.75,124.75,124.75,100
2018-05-16,125.59,125.59,125.59,125.59,130
2018-05-17,128.1,128.52,127.26,128.52,740
2018-05-20,127.68,127.68,125.17,126.42,3690
2018-05-21,124.33,125.59,123.49,125.59,685
2018-05-22,123.49,123.49,123.49,123.49,17
2018-05-23,122.24,122.24,121.4,121.4,907
2018-05-24,121.4,122.24,122.24,122.24,100
2018-05-27,122.24,122.24,121.4,121.4,599
2018-05-28,121.4,126.42,123.49,126.42,1077
2018-05-29,124.33,127.68,123.91,125.59,3562
2018-05-30,125.59,125.59,123.91,124.33,1075
2018-05-31,124.33,124.33,123.91,123.91,1304
2018-06-03,126.01,126.01,122.66,122.66,452
2018-06-04,123.49,123.49,121.4,121.4,410
2018-06-06,120.56,121.4,120.56,121.4,1243
2018-06-07,120.56,121.4,120.56,121.4,1243
2018-06-10,119.31,119.31,117.22,117.63,492
2018-06-11,116.38,118.47,115.54,115.54,2733
2018-06-12,117.63,117.63,115.12,113.87,2316
2018-06-13,115.12,119.31,115.12,119.31,461
2018-06-14,121.4,123.49,117.22,123.49,4695
2018-06-17,123.49,123.49,123.49,123.49,57
2018-06-18,121.4,121.4,119.31,119.31,118
2018-06-19,118.89,118.89,117.22,117.22,414
2018-06-20,117.22,117.22,113.03,113.03,1016
2018-06-21,113.03,115.12,113.03,113.45,1706
2018-06-24,114.28,114.7,112.19,112.61,2984
2018-06-25,112.19,113.03,111.35,112.61,565
2018-06-26,111.77,113.03,111.35,111.35,563
2018-06-27,113.03,113.03,113.03,113.03,301
2018-06-28,113.03,115.12,112.19,115.12,482
2018-07-01,115.12,115.12,113.03,113.03,430
2018-07-02,116.8,117.22,113.87,114.28,2252
2018-07-03,112.61,113.87,111.77,113.87,1402
2018-07-04,112.61,115.12,112.61,115.12,315
2018-07-05,113.03,117.22,113.03,117.22,5772
2018-07-08,118.05,119.31,113.03,119.31,2045
2018-07-09,117.22,117.22,111.35,111.35,1958
2018-07-10,110.52,116.38,110.52,114.28,819
2018-07-11,115.12,117.22,115.12,117.22,75
2018-07-12,116.8,117.22,115.12,115.12,1213
2018-07-15,115.96,115.96,113.03,113.03,269
2018-07-16,112.19,113.45,112.19,113.45,22
2018-07-17,113.03,113.03,113.03,113.03,82
2018-07-18,113.87,113.87,113.03,113.87,123
2018-07-19,112.19,113.03,110.94,112.61,839
2018-07-22,113.03,113.03,113.03,113.03,971
2018-07-23,111.77,115.54,111.77,115.54,643
2018-07-24,113.87,117.22,113.87,113.87,2218
2018-07-25,113.03,117.22,113.03,116.38,2716
2018-07-26,114.28,115.12,114.28,115.12,511
2018-07-29,117.22,117.22,115.12,115.12,314
2018-07-30,115.12,116.8,115.12,116.8,219
2018-07-31,117.22,117.22,115.12,116.8,1295
2018-08-01,115.12,117.22,115.12,115.12,1204
2018-08-02,116.8,117.22,113.87,114.28,2252
2018-08-05,114.28,115.96,114.28,115.96,2632
2018-08-06,115.54,115.54,114.7,114.7,700
2018-08-07,114.7,114.7,113.03,113.03,1402
2018-08-08,113.03,113.45,112.19,112.19,4064
2018-08-09,110.52,113.03,110.52,113.03,1762
2018-08-12,114.28,114.28,111.35,111.35,680
2018-08-13,113.03,113.03,112.19,113.03,767
2018-08-14,115.12,115.12,113.03,114.7,3547
2018-08-15,117.22,119.31,115.12,119.31,11293
2018-08-16,118.89,119.31,117.22,119.31,1538
2018-08-19,117.22,117.22,113.87,115.12,3800
2018-08-20,115.54,115.54,113.87,113.87,1448
2018-08-21,113.03,113.03,113.03,113.03,1000
2018-08-22,113.45,115.54,113.03,115.12,542
2018-08-23,115.12,115.12,115.12,115.12,44
2018-08-26,113.45,115.12,113.03,113.03,2200
2018-08-28,112.19,113.03,112.19,113.03,204
2018-08-29,111.35,113.03,111.35,113.03,600
2018-08-30,115.12,119.31,115.12,117.63,9496
2018-09-02,119.73,120.56,117.22,117.63,2813
2018-09-03,119.31,123.49,118.89,120.98,4504
2018-09-04,121.4,121.4,119.31,119.31,1733
2018-09-05,119.31,120.98,119.31,120.98,4479
2018-09-06,120.98,121.4,118.89,119.73,18354
2018-09-09,120.15,120.15,119.31,119.31,5741
2018-09-10,119.31,119.31,117.22,117.22,8858
2018-09-11,119.31,119.31,115.96,117.22,8657
2018-09-12,115.12,119.31,115.12,118.89,11514
2018-09-13,118.47,122.66,118.47,119.73,9466
2018-09-16,118.47,122.66,118.47,122.66,5799
2018-09-17,121.82,122.24,120.98,122.24,4688
2018-09-18,121.82,121.82,121.4,121.82,1131
2018-09-20,120.56,122.66,120.56,121.4,1178
2018-09-23,123.08,123.08,120.98,121.4,2597
2018-09-25,123.49,128.94,122.24,128.94,3698
2018-09-26,129.77,129.77,126.01,126.01,3022
2018-09-27,127.68,127.68,124.75,125.59,2280
2018-09-30,125.59,125.59,123.49,124.33,5991
2018-10-01,123.08,124.75,119.73,121.4,9744
2018-10-02,121.21,120.22,115.3,115.79,1635
2018-10-03,114.8,118.25,114.8,116.78,561
2018-10-04,115.3,120.22,115.3,116.28,1842
2018-10-07,114.31,114.31,113.33,113.33,619
2018-10-08,115.3,115.3,114.31,114.31,832
2018-10-09,113.33,114.31,113.33,114.31,1527
2018-10-10,113.82,113.82,113.82,113.82,143
2018-10-14,115.79,115.79,115.79,115.79,293
2018-10-21,114.31,114.31,114.31,114.31,10
2018-10-22,113.33,114.31,113.33,114.31,450
2018-10-23,114.31,114.8,114.31,114.8,258
2018-10-24,114.8,115.79,114.8,115.79,1435
2018-10-25,114.31,114.31,114.31,114.31,63
2018-10-28,114.31,114.31,112.83,113.33,650
2018-10-29,110.86,112.34,108.89,108.89,1308
2018-10-30,110.86,112.83,110.86,112.83,613
2018-10-31,112.83,114.8,112.34,112.83,5788
2018-11-01,112.83,114.8,112.83,112.83,626
2018-11-04,114.8,116.28,114.31,116.28,2229
2018-11-05,118.25,119.73,117.76,117.76,580
2018-11-14,117.76,121.7,116.78,120.72,4645
2018-11-15,120.72,121.21,119.73,121.21,197
2018-11-18,121.21,121.21,119.24,120.22,3748
2018-11-19,120.22,120.22,118.25,118.25,4707
2018-11-20,119.24,121.21,117.27,117.27,696
2018-11-21,117.27,124.17,117.27,121.7,359
2018-11-22,121.7,122.69,120.22,120.22,700
2018-11-25,120.22,120.22,118.25,118.25,350
2018-11-26,118.25,118.25,117.27,117.27,1218
2018-11-27,117.27,117.27,114.31,114.31,3140
2018-11-28,114.31,114.31,113.33,113.33,392
2018-11-29,113.33,115.3,111.36,115.3,218
2018-12-02,115.3,116.78,114.8,115.3,922
2018-12-03,115.3,115.3,113.82,113.82,4923
2018-12-04,113.82,116.28,113.82,115.79,2230
2018-12-06,115.79,115.79,114.31,114.31,1150
2018-12-09,114.31,116.28,113.33,116.28,1449
2018-12-10,116.28,116.78,116.28,116.78,100
2018-12-11,116.78,117.27,115.79,115.79,1114
2018-12-12,115.79,120.72,115.79,120.72,1771
2018-12-13,120.72,120.72,118.25,119.24,180
2018-12-16,119.24,121.21,116.78,116.78,789
2018-12-17,116.78,116.78,114.8,114.8,135
2018-12-19,114.8,116.28,114.8,116.28,33
2018-12-20,116.28,118.75,116.28,116.78,2837
2018-12-23,116.78,120.72,116.78,120.72,3286
2018-12-24,120.72,123.18,120.72,122.2,3037
2018-12-25,122.2,122.69,121.21,121.7,5181
2018-12-26,121.7,124.17,121.7,123.18,2548
2018-12-27,123.18,127.62,123.18,126.14,2915
2018-12-30,126.14,126.14,124.66,126.14,1600
2018-12-31,126.14,126.14,124.17,124.17,1025
2019-01-01,124.17,124.17,122.69,123.67,736
2019-01-02,123.67,123.67,123.67,123.67,200
2019-01-03,123.67,123.67,118.25,118.25,2220
2019-01-06,118.25,118.25,114.8,115.79,6181
2019-01-07,115.79,119.73,115.79,118.75,538
2019-01-08,118.75,122.69,118.75,122.69,1495
2019-01-09,122.69,124.66,120.72,123.18,1215
2019-01-10,123.18,123.18,119.24,119.73,810
2019-01-13,119.73,119.73,116.28,116.28,1473
2019-01-14,116.28,119.24,116.28,117.76,706
2019-01-15,117.76,120.72,117.76,120.72,2876
2019-01-16,120.72,122.69,120.72,122.69,115
2019-01-17,122.69,123.18,120.72,123.18,1401
2019-01-20,123.18,123.18,120.72,120.72,200
2019-01-21,120.72,122.69,118.75,122.69,486
2019-01-24,122.69,124.66,121.21,121.21,3482
2019-01-27,121.21,123.18,121.21,121.7,1638
2019-01-28,121.7,123.18,121.7,123.18,778
2019-01-29,123.18,123.18,120.72,120.72,1652
2019-01-30,120.72,120.72,119.73,119.73,112
2019-01-31,119.73,121.7,119.73,121.7,10
2019-02-03,121.7,121.7,120.72,120.72,1620
2019-02-04,118.75,120.72,118.75,118.75,550
2019-02-05,120.72,122.69,118.75,122.69,769
2019-02-06,122.69,123.18,122.2,122.2,1946
2019-02-07,121.7,122.2,120.72,120.72,700
2019-02-10,119.73,120.72,116.78,116.78,2100
2019-02-11,116.28,120.22,116.28,120.22,632
2019-02-12,120.22,121.21,120.22,121.21,1027
2019-02-13,120.72,121.21,119.24,119.24,126
2019-02-14,118.25,119.24,116.28,117.27,1267
2019-02-17,118.75,119.73,117.27,119.73,499
2019-02-18,118.25,119.73,112.34,115.79,2906
2019-02-19,116.78,117.76,115.79,117.76,548
2019-02-20,118.75,118.75,116.78,116.78,432
2019-02-21,116.78,116.78,116.78,116.78,542
2019-02-24,117.27,119.24,115.79,119.24,3447
2019-02-25,117.27,121.21,117.27,121.21,2502
2019-02-26,119.73,121.21,117.27,119.24,1379
2019-02-27,117.27,119.73,117.27,119.73,596
2019-03-03,117.76,119.73,116.28,117.76,1205
2019-03-05,115.79,118.25,115.79,117.76,10325
2019-03-06,119.73,121.21,117.27,118.25,961
2019-03-07,117.76,118.75,116.28,118.25,5384
2019-03-09,120.22,120.22,116.28,118.25,1020
2019-03-10,120.22,120.22,116.28,118.25,1020
2019-03-11,117.76,118.75,116.28,117.76,3616
2019-03-12,118.25,118.75,117.76,117.76,2130
2019-03-13,116.78,118.25,116.78,117.76,480
2019-03-17,117.27,118.25,117.27,117.27,3852
2019-03-18,117.27,118.25,117.27,117.27,61827
2019-03-19,115.3,115.3,113.82,113.82,706
2019-03-21,115.79,117.27,113.33,116.78,24895
2019-03-24,115.79,115.79,114.8,114.8,1198
2019-03-25,114.8,115.79,114.31,114.31,1418
2019-03-26,113.82,115.79,113.82,114.31,951
2019-03-27,114.31,115.79,114.31,115.79,249
2019-03-28,113.82,115.3,113.82,115.3,61
2019-03-31,114.31,114.8,113.82,114.31,1148
2019-04-01,114.31,114.8,113.33,113.33,5127
2019-04-02,113.33,115.3,113.33,113.33,6500
2019-04-03,115.3,117.27,115.3,116.28,1568
2019-04-04,114.31,115.79,112.83,114.8,14004
2019-04-07,115.3,115.3,112.83,114.8,6516
2019-04-08,114.8,118.25,114.31,116.28,12708
2019-04-09,114.31,116.28,114.31,114.8,2049
2019-04-10,115.3,115.3,112.34,112.83,2238
2019-04-11,114.8,116.78,113.82,115.79,1768
2019-04-15,114.31,114.31,113.33,114.31,1700
2019-04-16,113.82,118.25,113.33,118.25,6310
2019-04-17,118.25,119.24,114.8,114.8,8852
2019-04-18,115.3,117.76,114.31,114.31,3524
2019-04-21,115.79,118.25,113.33,113.82,13614
2019-04-22,113.82,116.28,113.82,114.8,18507
2019-04-23,115.79,115.79,113.82,114.31,4661
2019-04-24,115.79,120.72,115.3,118.25,20237
2019-04-25,120.22,126.14,118.25,126.14,23497
2019-04-28,127.12,129.59,123.18,124.17,16243
2019-04-29,123.18,125.64,121.7,123.67,9690
2019-04-30,126.14,126.63,124.17,125.15,9988
2019-05-02,124.66,124.66,122.69,123.18,1981
2019-05-05,121.21,124.66,121.21,123.18,3838
2019-05-06,123.67,124.17,121.7,123.67,1720
2019-05-07,124.17,125.15,123.67,123.67,4137
2019-05-08,123.67,125.15,123.18,123.18,2213
2019-05-09,123.18,123.18,122.69,122.69,3266
2019-05-12,123.18,123.18,121.21,123.18,2194
2019-05-13,121.21,126.14,120.72,126.14,7730
2019-05-14,124.66,126.14,123.67,124.66,11752
2019-05-15,124.17,128.11,122.69,128.11,9613
2019-05-16,130.57,131.56,128.11,128.6,9515
2019-05-19,135.01,135.01,126.14,128.11,18094
2019-05-20,130.08,130.08,126.14,128.11,2930
2019-05-21,130.57,130.57,127.62,127.62,3100
2019-05-22,127.62,128.11,127.62,128.11,1165
2019-05-23,129.59,130.57,125.64,130.57,8065
2019-05-26,128.11,129.09,126.63,128.11,2682
2019-05-27,130.57,130.57,126.14,126.63,1782
2019-05-28,124.66,127.12,124.66,126.14,4909
2019-05-29,126.63,127.12,126.63,127.12,1516
2019-05-30,121.21,130.57,121.21,126.63,3890
2019-06-02,125.64,126.63,125.64,125.64,426
2019-06-03,126.63,126.63,124.17,125.64,2461
2019-06-04,124.17,127.62,124.17,127.62,1935
2019-06-06,125.15,125.64,125.15,125.64,188
2019-06-10,125.64,128.11,125.64,125.64,2841
2019-06-11,126.14,128.11,125.64,125.64,4016
2019-06-12,125.15,125.64,124.66,125.64,1729
2019-06-13,124.17,128.11,123.18,128.11,4927
2019-06-16,125.64,125.64,123.18,125.64,4043
2019-06-17,123.18,124.17,122.2,122.2,1157
2019-06-18,121.7,124.66,121.7,124.66,3740
2019-06-19,123.18,124.17,122.69,122.69,1063
2019-06-20,121.7,128.6,121.7,128.6,1868
2019-06-23,126.14,126.14,124.66,124.66,3596
2019-06-24,124.17,125.64,123.67,124.17,7379
2019-06-25,123.18,126.14,123.18,125.64,6658
2019-06-26,125.64,125.64,124.17,125.15,4858
2019-06-27,124.17,127.62,124.17,127.62,5548
2019-06-30,127.12,127.12,123.67,123.67,1106
2019-07-01,122.69,123.67,122.2,122.2,423
2019-07-02,123.67,125.64,123.67,124.66,3263
2019-07-03,125.64,126.14,124.66,125.64,9853
2019-07-04,125.64,126.14,124.66,125.15,8887
2019-07-07,123.18,125.15,123.18,125.15,3066
2019-07-08,123.18,124.17,122.69,124.17,2000
2019-07-09,123.18,124.66,122.2,124.66,907
2019-07-10,124.66,124.66,123.18,123.67,436
2019-07-11,123.67,124.17,122.69,123.67,12160
2019-07-14,124.17,124.66,122.69,122.69,7315
2019-07-15,121.7,124.17,121.7,124.17,3431
2019-07-16,130.08,130.08,124.17,124.17,331
2019-07-17,124.17,124.17,122.69,122.69,2904
2019-07-18,122.69,124.66,122.69,124.17,6321
2019-07-21,123.67,123.67,121.7,121.7,938
2019-07-22,123.67,124.17,123.18,123.18,908
2019-07-23,124.66,124.66,124.66,124.66,195
2019-07-24,127.12,127.12,126.14,126.14,910
2019-07-25,123.67,123.67,122.69,123.67,2279
2019-07-28,124.66,124.66,122.2,122.2,1158
2019-07-29,124.17,124.17,123.18,123.67,310
2019-07-30,123.67,124.66,123.18,123.67,1627
2019-07-31,124.66,124.66,124.66,124.66,200
2019-08-04,124.66,125.64,124.66,125.15,2307
2019-08-05,125.15,125.15,125.15,125.15,10
2019-08-06,123.18,126.14,123.18,125.15,14068
2019-08-07,123.18,125.64,123.18,125.15,6496
2019-08-08,124.66,125.15,124.66,125.15,2917
2019-08-11,125.15,126.14,125.15,125.15,4579
2019-08-12,125.64,125.64,124.66,125.64,9098
2019-08-13,125.15,125.15,124.17,124.17,150
2019-08-14,122.69,124.66,122.69,124.66,236
2019-08-15,125.64,125.64,125.15,125.15,133
2019-08-18,125.64,125.64,123.18,123.67,1015
2019-08-19,123.18,124.66,123.18,124.17,2122
2019-08-20,123.18,123.18,120.72,120.72,201
2019-08-21,120.72,122.69,120.72,121.7,486
2019-08-22,123.67,123.67,122.2,122.2,2499
2019-08-25,121.7,123.18,120.72,120.72,1418
2019-08-26,120.72,120.72,119.24,119.24,4509
2019-08-27,121.21,121.21,120.72,120.72,250
2019-08-28,120.72,120.72,119.73,119.73,800
2019-08-29,120.72,122.69,120.72,121.7,2754
2019-09-01,121.21,121.21,121.21,121.21,300
2019-09-02,119.24,121.7,119.24,121.21,2030
2019-09-03,121.21,125.64,121.21,125.64,481
2019-09-04,126.14,126.63,125.15,126.63,18764
2019-09-05,125.64,126.14,125.64,125.64,5983
2019-09-08,124.17,125.64,123.18,123.67,1642
2019-09-09,123.18,124.17,123.18,124.17,1578
2019-09-10,124.17,124.66,124.17,124.66,4778
2019-09-11,123.18,124.66,124.66,124.66,101
2019-09-12,124.66,124.66,123.67,124.17,5118
2019-09-15,123.67,124.66,122.69,122.69,10588
2019-09-17,123.67,127.12,123.67,127.12,1237
2019-09-18,127.12,127.12,124.66,124.66,840
2019-09-19,125.64,125.64,124.17,124.17,182
2019-09-22,122.2,122.2,120.72,120.72,1322
2019-09-23,120.72,124.66,119.73,124.66,1144
2019-09-24,122.2,123.18,121.21,121.21,341
2019-09-26,121.21,121.21,121.21,121.21,69
2019-09-29,121.21,121.21,120.72,121.21,1245
2019-09-30,121.21,121.21,120.22,120.22,285
2019-10-01,120.22,120.22,120.22,120.22,62
2019-10-03,122.2,122.2,122.2,122.2,204
2019-10-10,122.2,122.2,122.2,122.2,200
2019-10-14,124.17,125.15,123.18,124.17,827
2019-10-15,125.64,125.64,123.67,124.17,4627
2019-10-16,124.17,126.63,124.17,125.15,868
2019-10-17,124.17,124.66,124.17,124.66,1250
2019-10-20,124.17,124.17,123.67,124.17,1249
2019-10-21,123.67,124.17,123.67,124.17,2121
2019-10-22,124.17,124.66,124.17,124.66,11509
2019-10-23,124.66,125.64,124.66,125.15,3587
2019-10-24,125.15,125.64,122.69,125.64,882
2019-10-31,125.64,128.11,125.64,125.64,1151
2019-11-03,125.64,125.64,125.64,125.64,164
2019-11-04,123.18,125.64,123.18,124.66,615
2019-11-05,125.64,125.64,124.66,124.66,8912
2019-11-06,125.64,125.64,125.15,125.15,390
2019-11-07,125.15,125.64,125.15,125.15,2845
2019-11-10,125.64,125.64,124.66,125.64,2698
2019-11-11,125.64,127.12,125.64,126.14,3813
2019-11-12,125.15,125.15,125.15,125.15,43
2019-11-13,125.64,125.64,125.15,125.15,3331
2019-11-14,125.15,124.66,124.66,124.66,111
2019-11-17,123.18,123.18,121.7,122.2,4523
2019-11-18,124.17,124.17,124.17,124.17,130
2019-11-19,121.7,125.64,121.7,125.64,399
2019-11-20,126.63,126.63,125.64,125.64,219
2019-11-21,125.64,125.64,123.67,123.67,300
2019-11-24,123.18,124.17,119.73,122.2,5851
2019-11-25,121.7,121.7,121.7,121.7,35
2019-11-26,120.72,122.2,120.22,122.2,320
2019-11-28,122.2,123.18,120.72,120.72,1928
2019-12-01,119.73,121.21,118.75,118.75,1180
2019-12-02,118.25,119.24,111.85,111.85,12123
2019-12-03,109.88,111.85,107.91,109.88,21403
2019-12-04,110.37,112.83,110.37,111.36,15430
2019-12-05,112.34,112.83,111.85,112.83,9870
2019-12-08,113.33,113.33,111.36,111.85,14894
2019-12-09,111.36,112.34,111.36,112.34,13286
2019-12-10,112.34,112.34,111.36,111.85,14483
2019-12-11,111.36,112.83,110.37,111.36,13542
2019-12-12,112.83,113.33,111.36,113.33,20386
2019-12-15,115.3,119.73,115.3,118.25,19974
2019-12-16,116.78,117.27,114.31,115.79,23895
2019-12-17,115.79,117.27,114.31,116.78,13021
2019-12-18,118.75,118.75,116.28,117.76,12271
2019-12-19,116.28,117.27,115.79,115.79,15376
2019-12-22,114.8,115.3,112.83,114.31,20846
2019-12-23,114.31,115.79,113.82,115.3,5076
2019-12-24,114.31,115.3,113.33,113.33,25217
2019-12-25,113.33,114.31,113.33,114.31,12733
2019-12-26,113.33,115.3,113.33,115.3,10045
2019-12-29,114.31,115.3,113.82,115.3,6187
2019-12-30,115.79,115.79,113.33,113.82,4638
2019-12-31,115.79,115.79,114.31,115.3,2016
2020-01-01,113.33,118.25,113.33,116.28,3288
2020-01-02,115.79,115.79,113.82,113.82,12907
2020-01-05,114.31,116.78,113.82,116.78,12450
2020-01-06,117.27,117.27,114.8,115.79,13288
2020-01-07,116.28,117.76,116.28,117.27,19351
2020-01-08,117.76,118.75,115.79,118.75,20747
2020-01-09,118.75,123.67,116.78,123.18,44538
2020-01-12,122.2,126.14,122.2,125.15,24856
2020-01-13,127.12,131.06,122.2,125.64,50191
2020-01-14,126.14,127.62,124.17,126.14,15907
2020-01-15,127.12,129.09,126.14,127.62,7635
2020-01-16,129.59,131.56,128.6,130.08,16034
2020-01-19,130.08,132.54,128.11,132.05,37102
2020-01-20,135.01,135.01,128.6,129.09,31028
2020-01-21,129.59,134.51,128.11,130.08,19952
2020-01-22,129.09,130.08,127.62,128.11,18334
2020-01-23,127.12,128.11,125.15,125.64,20189
2020-01-26,123.67,126.14,123.18,126.14,19500
2020-01-27,124.66,127.62,124.66,127.62,9582
2020-01-28,127.12,128.6,126.63,128.11,16689
2020-01-29,126.14,127.62,125.64,126.63,4475
2020-01-30,129.09,129.09,125.15,127.62,14173
2020-02-02,128.11,130.08,127.12,129.09,15989
2020-02-03,130.57,136.48,130.08,135.5,97378
2020-02-04,136.98,145.35,136.98,138.95,106854
2020-02-05,138.95,139.44,135.5,137.47,29355
2020-02-06,139.93,142.4,135.99,137.96,66678
2020-02-09,136.98,138.45,135.5,136.98,13696
2020-02-10,137.96,137.96,135.99,135.99,9973
2020-02-11,137.96,138.45,136.98,137.47,21000
2020-02-12,137.96,139.44,135.01,136.98,40515
2020-02-13,136.98,137.96,136.48,136.48,14643
2020-02-16,136.48,138.95,136.48,137.47,28124
2020-02-17,139.44,139.44,136.98,137.47,38838
2020-02-18,139.93,149.79,137.47,147.32,225263
2020-02-19,149.79,151.27,143.87,146.34,62577
2020-02-20,146.34,148.8,145.35,148.8,48092
2020-02-23,150.28,152.25,148.31,150.28,94981
2020-02-24,150.28,156.19,148.31,148.31,77764
2020-02-25,147.82,155.7,147.82,154.71,81325
2020-02-26,157.67,162.11,155.21,161.12,113976
2020-02-27,158.16,163.58,155.7,163.58,96039
2020-03-01,163.58,166.05,159.64,161.12,78435
2020-03-02,161.12,161.61,151.27,151.27,30896
2020-03-03,151.27,156.69,140.43,155.7,69272
2020-03-04,153.24,153.24,147.32,147.32,46769
2020-03-05,144.86,152.74,142.4,150.28,35334
2020-03-10,147.82,147.82,142.4,143.38,13033
2020-03-11,145.85,150.28,141.41,150.28,42446
2020-03-12,149.29,149.29,143.87,144.37,45972
2020-03-15,145.35,146.83,135.99,138.45,46123
2020-03-16,135.99,141.41,135.99,138.45,21282
2020-03-17,136.48,137.47,128.6,130.08,108819
2020-03-18,127.62,132.05,120.72,130.08,36464
2020-03-19,128.11,132.54,121.21,128.11,39462
2020-03-22,126.14,126.14,125.64,125.64,1770
2020-06-29,123.53,123.53,121.26,118.99,5634
2020-06-30,120.69,124.66,120.69,124.66,852
2020-07-01,126.93,130.33,126.93,130.33,3403
2020-07-02,132.59,132.59,121.26,121.26,2058
2020-07-05,121.83,121.83,118.43,119.56,18031
2020-07-06,117.29,122.96,117.29,122.96,11181
2020-07-07,125.23,125.23,121.83,123.53,25610
2020-07-08,125.79,125.79,120.69,122.39,21104
2020-07-09,122.39,124.66,121.83,122.39,15690
2020-07-12,122.96,125.23,121.83,122.39,20539
2020-07-13,124.66,126.93,123.53,124.66,19052
2020-07-14,123.53,126.93,122.96,124.66,16653
2020-07-15,126.93,129.19,124.66,125.79,34858
2020-07-16,126.93,133.16,126.93,133.16,31102
2020-07-19,135.42,139.96,135.42,139.96,70
2020-07-20,146.76,152.42,139.96,141.66,44649
2020-07-21,140.52,142.79,138.26,140.52,53589
2020-07-22,139.39,141.66,137.12,137.12,34875
2020-07-23,138.82,138.82,136.56,137.69,18398
2020-07-26,135.42,139.96,135.42,139.39,13125
2020-07-27,141.66,143.36,140.52,141.66,13202
2020-07-28,139.39,139.96,137.69,139.39,5997
2020-07-29,137.69,138.82,135.99,137.69,8926
2020-07-30,144.49,144.49,135.99,137.69,16180
2020-08-02,144.49,144.49,130.33,133.16,35953
2020-08-03,132.02,135.42,130.89,133.72,6394
2020-08-05,131.46,133.72,126.93,130.89,7610
2020-08-06,128.63,131.46,128.63,130.89,8621
2020-08-09,130.89,130.89,128.63,130.33,12105
2020-08-10,130.33,135.99,130.33,135.99,16340
2020-08-11,135.99,137.12,133.72,133.72,6645
2020-08-12,132.59,138.26,131.46,135.42,4771
2020-08-13,133.16,134.86,132.59,133.16,6983
2020-08-16,132.59,133.16,130.33,131.46,9957
2020-08-17,133.16,133.72,132.02,133.72,3063
2020-08-18,133.72,133.72,132.02,132.59,9177
2020-08-19,131.46,132.59,126.93,130.33,4287
2020-08-20,132.59,134.29,130.89,132.59,7131
2020-08-23,132.59,133.16,131.46,132.02,8935
2020-08-24,134.29,135.99,133.16,134.29,8237
2020-08-25,136.56,138.82,134.86,135.42,11276
2020-08-26,135.42,137.69,134.29,136.56,14471
2020-08-27,138.82,139.96,130.89,133.16,32774
2020-08-30,133.16,134.29,130.89,130.89,24129
2020-08-31,131.46,136.56,131.46,134.86,10768
2020-09-02,137.12,138.82,134.86,135.42,10867
2020-09-03,135.99,137.69,135.42,136.56,17307
2020-09-06,138.82,143.36,134.29,134.86,28784
2020-09-07,134.29,134.86,132.02,132.02,17965
2020-09-08,131.46,133.72,131.46,132.02,15813
2020-09-09,132.59,133.72,132.59,133.16,14586
2020-09-10,132.02,137.69,132.02,134.86,12703
2020-09-13,141.09,141.09,133.16,134.86,31440
2020-09-14,133.72,139.39,133.72,137.69,37536
2020-09-15,137.69,138.26,134.86,135.42,22743
2020-09-16,134.86,137.12,134.29,136.56,22917
2020-09-17,135.99,141.66,134.86,139.39,61588
2020-09-20,146.19,149.02,141.09,142.79,88949
2020-09-21,143.92,143.92,140.52,141.66,65299
2020-09-22,141.66,141.66,135.42,138.26,45332
2020-09-23,138.82,141.66,135.42,141.66,44818
2020-09-24,144.49,144.49,138.82,140.52,14655
2020-09-27,133.72,142.79,133.72,140.52,36311
2020-09-28,141.09,141.66,138.26,139.96,18560
2020-09-29,139.96,141.66,138.82,139.39,17905
2020-09-30,139.39,144.49,137.12,141.09,37497
2020-10-01,143.36,143.36,140.52,142.22,44998
2020-10-04,145.06,151.29,145.06,146.19,69170
2020-10-05,148.46,149.02,143.36,145.06,54962
2020-10-06,147.89,150.16,146.19,146.19,27935
2020-10-07,146.19,149.02,145.62,149.02,59771
2020-10-08,151.86,154.69,150.16,150.72,66060
2020-10-11,151.86,153.56,149.02,149.59,42749
2020-10-12,156.96,156.96,145.62,151.29,51091
2020-10-13,154.12,156.39,149.59,150.16,89652
2020-10-14,150.72,153.56,147.89,148.46,24920
2020-10-15,150.16,150.72,147.89,149.02,32966
2020-10-18,151.29,151.29,147.32,147.89,13358
2020-10-19,149.02,149.59,146.76,147.89,10601
2020-10-20,149.59,149.59,147.89,148.46,8217
2020-10-21,150.16,151.29,149.02,151.29,17300
2020-10-22,154.12,154.12,150.72,150.72,23434
2020-10-28,152.99,156.39,151.29,155.82,29739
2020-10-29,158.66,163.19,155.82,156.39,49477
2020-11-01,158.66,159.22,155.26,156.96,29407
2020-11-02,149.59,158.09,149.59,154.69,31138
2020-11-03,154.69,155.26,152.42,152.99,21491
2020-11-04,152.99,153.56,152.42,152.99,12465
2020-11-05,155.26,155.26,151.29,152.99,12137
2020-11-08,152.99,152.99,151.29,152.42,22036
2020-11-09,150.72,152.99,150.72,150.72,26139
2020-11-10,153.56,153.56,150.72,150.72,21577
2020-11-11,153.56,153.56,150.72,150.72,28283
2020-11-12,153.56,153.56,150.16,151.29,28312
2020-11-18,151.29,151.86,145.62,147.32,63424
2020-11-19,147.32,148.46,145.06,146.76,52714
2020-11-22,149.59,152.42,143.36,144.49,54446
2020-11-23,144.49,146.76,143.36,144.49,33732
2020-11-24,146.76,147.32,143.92,146.19,28442
2020-11-25,149.02,149.02,145.06,145.62,14588
2020-11-26,154.69,154.69,145.06,146.76,49906
2020-11-29,149.02,160.92,148.46,157.52,109765
2020-11-30,164.89,164.89,151.86,154.69,74766
2020-12-01,152.99,155.82,148.46,148.46,49704
2020-12-02,147.32,155.82,147.32,149.59,48504
2020-12-03,150.16,151.86,147.89,147.89,34072
2020-12-06,147.89,148.46,142.22,142.22,30294
2020-12-07,142.22,147.32,137.69,145.06,40002
2020-12-08,147.89,151.29,145.62,145.62,32709
2020-12-09,145.62,146.76,142.22,143.36,30915
2020-12-10,142.22,146.19,142.22,145.62,23783
2020-12-13,145.06,148.46,145.06,148.46,26905
2020-12-14,149.59,152.99,148.46,152.99,45919
2020-12-15,154.12,155.82,150.16,150.72,41491
2020-12-16,149.59,157.52,147.89,154.12,101198
2020-12-17,156.96,158.09,153.56,153.56,54530
2020-12-20,152.99,158.09,147.32,149.59,94466
2020-12-21,149.59,151.29,143.92,150.16,48508
2020-12-22,150.72,152.99,150.72,152.42,44851
2020-12-23,154.69,156.39,151.29,152.99,21671
2020-12-24,152.99,155.26,151.86,151.86,45069
2020-12-27,152.99,154.12,151.86,152.42,34914
2020-12-28,153.56,153.56,151.29,151.29,24529
2020-12-29,151.29,151.86,148.46,150.16,29097
2020-12-30,152.42,152.42,149.59,150.72,66030
2020-12-31,150.47,152.39,148.55,149.83,28304
2021-01-03,151.11,153.67,150.47,151.75,16802
2021-01-04,158.79,158.79,151.11,153.03,29318
2021-01-05,151.11,156.23,150.47,154.31,20968
2021-01-06,155.59,156.23,152.39,153.03,12164
2021-01-07,153.67,154.95,152.39,153.67,25805
2021-01-10,156.23,159.43,153.67,158.79,47146
2021-01-11,161.35,163.91,158.15,160.07,41563
2021-01-12,159.43,162.63,156.87,162.63,33550
2021-01-13,162.63,167.12,162.63,163.91,41769
2021-01-17,165.84,177.36,165.84,176.08,118782
2021-01-18,181.84,183.12,174.16,174.8,102345
2021-01-19,178.0,178.0,169.04,169.68,37781
2021-01-20,167.76,177.36,165.2,169.68,41239
2021-01-21,166.48,180.56,166.48,173.52,52767
2021-01-24,173.52,181.84,173.52,175.44,50177
2021-01-25,178.64,181.84,170.32,171.6,71408
2021-01-26,174.8,176.72,169.68,170.96,51033
2021-01-27,172.88,172.88,170.32,170.96,24686
2021-01-28,173.52,173.52,165.2,166.48,55558
2021-01-31,163.27,169.04,163.27,163.91,33255
2021-02-01,166.48,170.32,163.27,163.91,39260
2021-02-02,165.84,167.76,163.27,165.2,42205
2021-02-03,167.76,169.68,163.27,163.91,44647
2021-02-04,171.6,171.6,161.35,163.91,47126
2021-02-07,163.27,166.48,162.63,163.27,54545
2021-02-08,166.48,172.24,163.91,169.68,89914
2021-02-09,172.88,174.16,167.12,167.76,40082
2021-02-10,166.48,169.68,165.84,169.68,51880
2021-02-11,172.24,181.84,167.76,174.8,134192
2021-02-14,183.12,183.12,170.32,175.44,66381
2021-02-15,176.08,179.28,172.88,178.0,134583
2021-02-16,186.33,186.33,174.8,177.36,82040
2021-02-17,176.08,177.36,174.16,175.44,57010
2021-02-18,178.0,179.92,176.72,178.0,101844
2021-02-21,180.56,182.48,178.0,182.48,96038
2021-02-22,185.04,185.04,178.0,178.64,81582
2021-02-23,181.84,181.84,171.6,174.8,68406
2021-02-24,172.88,181.84,172.88,175.44,35882
2021-02-25,175.44,178.0,172.88,173.52,41392
2021-02-28,170.32,174.8,168.4,169.68,26684
2021-03-01,169.04,173.52,167.76,172.24,31203
2021-03-02,172.88,173.52,167.76,168.4,22218
2021-03-03,165.84,168.4,164.56,166.48,25589
2021-03-04,166.48,170.32,165.2,169.68,24210
2021-03-08,171.6,172.88,167.12,167.76,12619
2021-03-09,165.2,167.12,165.2,165.84,14970
2021-03-10,165.2,168.4,163.91,165.2,11493
2021-03-14,163.27,165.2,161.99,163.27,25336
2021-03-15,160.71,164.56,160.71,162.63,10204
2021-03-16,161.99,166.48,161.99,163.27,10959
2021-03-17,165.84,165.84,161.35,165.2,12394
2021-03-18,167.76,167.76,163.27,165.84,12954
2021-03-21,168.4,169.68,166.48,168.4,15560
2021-03-22,176.72,176.72,166.48,167.12,10290
2021-03-23,169.68,169.68,164.56,167.76,12114
2021-03-24,169.68,170.32,167.12,169.04,28455
2021-03-25,170.96,170.96,166.48,167.12,21416
2021-03-29,167.12,167.76,164.56,167.12,10622
2021-03-30,175.44,175.44,165.2,168.4,22753
2021-03-31,169.68,170.32,167.12,170.32,23389
2021-04-01,170.32,176.72,169.68,170.96,62158
2021-04-04,170.96,172.88,169.68,172.24,22162
2021-04-05,174.8,174.8,170.32,170.32,29900
2021-04-06,169.68,172.88,169.04,172.88,34402
2021-04-07,173.52,176.08,172.88,172.88,39645
2021-04-08,172.88,176.08,172.88,174.8,40297
2021-04-12,178.0,178.0,174.16,176.08,34235
2021-04-13,176.08,185.68,174.8,183.12,119387
2021-04-15,192.09,192.09,181.2,187.61,129653
2021-04-18,188.89,188.89,181.84,183.12,110160
2021-04-19,178.0,186.33,178.0,182.48,61796
2021-04-20,181.2,185.04,180.56,185.04,56918
2021-04-21,185.04,185.04,179.28,179.92,47216
2021-04-22,179.92,181.84,178.0,181.2,48778
2021-04-25,181.84,181.84,175.44,175.44,66067
2021-04-26,172.24,172.88,167.12,172.24,33207
2021-04-27,172.24,177.36,169.04,176.08,23952
2021-04-28,176.72,176.72,166.48,172.88,18198
2021-04-29,170.96,173.52,170.32,172.24,41134
2021-05-02,175.44,177.36,172.24,174.16,25890
2021-05-03,175.44,176.08,170.96,172.88,30171
2021-05-04,172.88,172.88,170.32,171.6,15509
2021-05-05,170.32,174.16,169.68,172.88,10875
2021-05-06,172.24,172.88,170.32,170.96,23182
2021-05-09,172.88,176.08,172.24,173.52,59368
2021-05-10,181.84,181.84,170.96,174.16,27751
2021-05-11,176.08,176.08,174.16,175.44,28855
2021-05-12,174.16,175.44,173.52,175.44,20412
2021-05-13,174.16,177.36,174.16,177.36,67485
2021-05-16,179.28,190.81,179.28,190.17,313935
2021-05-17,195.29,199.13,191.45,193.37,205927
2021-05-18,194.65,195.93,192.09,194.01,113625
2021-05-19,195.29,197.21,188.89,190.81,124973
2021-05-20,190.81,202.33,188.25,201.69,214211
2021-05-23,198.49,215.78,194.65,214.5,258954
2021-05-24,217.7,220.26,205.53,209.38,266101
2021-05-25,212.58,212.58,203.61,204.25,108391
2021-05-27,203.61,218.34,195.93,213.22,167514
2021-05-30,217.06,234.35,215.78,234.35,391672
2021-05-31,243.31,249.71,227.3,229.87,363733
2021-06-01,229.87,240.11,222.82,231.79,190279
2021-06-02,231.79,250.99,230.51,249.71,323771
2021-06-03,252.92,274.69,250.35,269.56,635148
2021-06-06,283.01,283.01,250.99,270.2,340343
2021-06-07,272.76,284.29,267.0,284.29,448285
2021-06-08,298.38,312.46,286.85,312.46,461663
2021-06-09,313.74,318.23,290.05,293.25,352111
2021-06-10,294.53,302.22,280.45,299.02,356616
2021-06-13,300.94,324.63,292.61,316.3,421499
2021-06-14,323.35,326.55,302.22,307.34,323222
2021-06-15,308.62,311.18,291.33,293.89,244586
2021-06-16,279.81,302.86,270.2,281.73,248997
2021-06-17,283.01,298.38,271.48,288.77,185000
2021-06-20,293.25,303.5,274.05,281.73,129443
2021-06-21,281.73,286.85,266.36,268.92,142932
2021-06-22,272.12,284.93,258.68,284.93,157721
2021-06-23,287.49,292.61,272.76,273.4,102595
2021-06-24,272.12,274.69,266.36,267.64,84275
2021-06-27,268.92,272.76,263.16,264.44,71453
2021-06-28,265.72,265.72,256.76,257.4,48028
2021-06-29,258.68,260.6,242.67,245.23,142069
2021-06-30,243.31,263.8,234.35,254.84,133675
2021-07-01,259.32,272.12,256.12,265.08,117893
2021-07-04,266.36,272.76,262.52,263.8,84429
2021-07-05,267.64,267.64,254.84,255.48,55507
2021-07-06,267.64,267.64,254.84,256.12,38848
2021-07-07,256.12,258.04,254.2,257.4,45127
2021-07-08,253.56,263.8,252.92,263.16,59024
2021-07-11,264.44,289.41,264.44,289.41,163126
2021-07-12,295.17,300.3,276.61,283.01,260103
2021-07-13,281.73,292.61,277.89,287.49,86972
2021-07-14,292.61,292.61,283.65,288.13,39863
2021-07-15,302.22,302.22,284.93,286.21,52057
2021-07-18,289.41,297.1,289.41,296.39,162894
2021-07-19,302.22,307.98,292.61,299.78,153016
2021-07-20,299.78,302.22,294.53,297.1,79699
2021-07-22,302.22,302.86,291.97,292.61,74456
2021-07-25,297.1,297.1,289.54,292.42,76812
2021-07-26,291.33,294.53,286.85,288.0,86857
2021-07-27,282.37,296.46,276.73,291.33,109539
2021-07-28,296.46,300.94,291.33,296.78,127473
2021-07-29,296.46,304.14,296.46,301.58,237078
2021-08-01,304.14,307.53,301.0,302.47,125303
2021-08-02,307.34,307.34,296.78,297.1,56770
2021-08-03,297.74,300.94,294.53,298.38,61703
2021-08-04,301.58,303.31,295.82,300.94,87998
2021-08-05,304.46,318.87,300.3,309.9,332891
2021-08-08,313.74,318.87,309.9,312.46,183907
2021-08-09,312.46,316.94,306.7,307.66,107158
2021-08-10,310.48,338.39,309.9,338.39,546780
2021-08-11,345.12,355.36,331.03,336.79,341735
2021-08-12,343.52,370.47,339.36,370.47,860045
2021-08-15,363.11,374.64,344.54,357.92,604091
2021-08-16,355.36,368.81,345.12,359.84,270844
2021-08-17,359.84,394.93,358.56,387.38,398918
2021-08-18,395.12,419.39,386.1,400.18,537931
2021-08-19,408.19,416.32,386.1,389.3,378656
2021-08-24,381.61,390.58,365.61,367.53,330446
2021-08-25,360.23,377.77,355.43,360.48,251717
2021-08-26,360.48,384.18,358.95,376.49,230261
2021-08-29,381.61,391.15,373.93,377.77,252183
2021-08-31,377.77,377.77,359.91,363.69,174733
2021-09-01,368.17,372.91,359.2,360.48,125898
2021-09-02,359.84,364.97,338.71,348.96,139628
2021-09-05,342.62,342.62,314.06,316.94,217226
2021-09-06,310.61,348.64,304.14,348.64,194677
2021-09-07,355.36,361.77,333.02,347.68,156739
2021-09-08,347.68,347.68,334.23,335.51,73254
2021-09-09,336.15,342.88,332.95,335.51,65906
2021-09-12,341.92,352.16,336.15,351.52,112668
2021-09-13,355.36,366.25,348.96,354.72,130502
2021-09-14,360.48,360.48,346.46,348.96,60590
2021-09-15,348.96,348.96,336.15,336.79,87146
2021-09-16,339.36,339.36,316.94,323.35,189218
2021-09-20,316.88,326.55,296.46,300.94,166573
2021-09-21,295.17,320.15,283.01,303.5,144483
2021-09-22,309.52,333.85,309.52,333.59,188945
2021-09-23,340.0,347.04,323.99,329.75,119519
2021-09-26,330.39,336.15,313.74,315.66,122777
2021-09-27,318.23,318.23,294.53,303.5,82411
2021-09-28,303.5,311.12,288.13,291.33,93132
2021-09-29,294.53,313.74,284.93,302.86,80231
2021-09-30,302.86,309.9,288.64,288.77,51873
2021-10-03,294.53,294.53,272.38,276.03,52631
2021-10-04,271.48,285.57,266.36,272.12,72337
2021-10-05,272.12,286.85,272.12,281.66,42953
2021-10-06,281.73,304.14,281.73,302.28,59707
2021-10-10,308.3,310.54,289.41,291.97,62627
2021-10-11,289.41,294.53,281.73,293.89,41812
2021-10-17,294.47,299.72,289.41,294.53,8910
2021-10-18,288.84,290.76,282.37,286.21,31474
2021-10-19,281.73,286.21,265.08,274.05,46289
2021-10-20,279.49,290.76,278.53,286.21,29452
2021-10-21,286.21,288.13,278.53,278.53,22364
2021-10-24,275.33,288.07,268.28,279.81,17024
2021-10-25,284.93,306.0,283.01,305.42,96986
2021-10-26,307.98,333.59,307.34,326.55,128458
2021-10-27,329.75,332.95,313.74,323.99,96576
2021-10-28,318.29,326.55,318.23,323.35,57071
2021-10-31,329.11,343.2,326.55,340.64,146805
2021-11-01,339.36,348.96,327.89,329.11,165911
2021-11-02,329.11,347.68,323.99,342.56,167316
2021-11-03,348.96,354.08,341.92,344.48,185723
2021-11-08,351.33,360.48,343.84,344.48,115224
2021-11-09,342.56,348.96,321.43,324.63,247469
2021-11-11,324.63,329.75,318.23,320.15,127402
2021-11-14,320.15,329.75,316.94,327.83,138473
2021-11-15,334.23,343.84,330.39,342.49,212463
2021-11-16,343.84,348.32,339.36,343.2,152732
2021-11-17,350.05,350.05,334.23,336.79,127538
2021-11-18,332.95,342.56,326.55,331.67,85506
2021-11-21,338.27,338.27,328.79,330.39,46506
2021-11-22,332.95,335.45,327.89,329.11,33822
2021-11-23,326.55,331.67,316.3,320.79,105762
2021-11-24,327.19,329.11,311.82,326.55,71286
2021-11-25,332.95,332.95,320.79,322.64,52168
2021-11-28,316.24,320.02,303.5,304.14,142721
2021-11-29,303.5,313.1,290.69,294.53,186178
2021-11-30,300.43,301.71,288.13,296.78,94768
2021-12-01,302.67,307.34,297.1,301.58,46874
2021-12-02,302.22,302.22,286.21,286.85,125447
2021-12-05,287.66,290.65,274.17,276.3,86201
2021-12-06,281.77,288.37,266.35,286.24,90333
2021-12-07,291.92,296.9,278.43,278.43,85252
2021-12-08,278.43,280.56,269.19,271.33,37138
2021-12-09,274.88,274.88,261.38,267.77,36981
2021-12-12,262.8,266.35,245.05,249.31,71188
2021-12-13,244.34,252.15,230.13,236.52,82152
2021-12-14,241.21,259.96,236.88,259.25,32047
2021-12-15,264.22,271.68,254.28,258.54,108837
2021-12-16,255.7,257.12,245.61,247.89,39048
2021-12-20,251.44,251.44,240.07,240.07,21631
2021-12-21,244.34,248.53,240.22,247.89,22865
2021-12-22,252.15,266.35,250.8,264.93,79533
2021-12-23,270.19,272.75,256.2,259.25,71417
2021-12-26,259.25,270.62,259.25,266.28,46940
2021-12-27,267.77,268.48,252.29,252.29,51223
2021-12-28,247.96,258.54,247.53,257.12,34505
2021-12-29,259.25,261.38,253.0,256.41,25110
2022-01-02,260.32,266.35,254.42,264.22,46505
2022-01-03,264.22,277.72,258.97,269.27,59045
2022-01-04,269.91,289.79,264.93,286.24,125800
2022-01-05,286.24,291.21,277.01,278.43,66714
2022-01-06,273.46,287.66,273.46,287.66,68140
2022-01-09,293.34,310.75,291.21,306.77,120688
2022-01-10,308.97,314.65,301.87,312.59,142818
2022-01-11,308.26,328.86,307.62,321.76,114113
2022-01-12,318.2,325.31,310.39,313.23,114659
2022-01-13,316.07,321.76,308.97,320.33,77734
2022-01-16,320.33,335.96,321.05,327.44,137692
2022-01-17,333.05,333.05,323.25,326.8,64939
2022-01-18,333.33,333.33,311.46,316.78,62802
2022-01-19,311.1,323.18,311.1,317.49,66911
2022-01-20,316.07,326.02,316.07,323.25,57600
2022-01-23,329.71,334.54,316.78,319.62,116580
2022-01-24,319.62,319.62,299.1,305.42,144384
2022-01-25,305.42,314.65,298.32,304.0,73775
2022-01-26,301.87,305.42,294.84,296.9,61873
2022-01-27,298.32,302.58,295.48,298.03,46372
2022-01-30,303.93,321.05,303.93,321.05,97877
2022-01-31,325.31,325.31,314.01,314.65,38319
2022-02-01,308.9,320.19,308.9,320.19,76497
2022-02-03,326.02,326.66,315.36,315.36,84026
2022-02-06,311.81,317.49,309.18,309.68,42340
2022-02-07,304.0,314.65,303.5,311.81,22053
2022-02-08,317.99,330.28,306.84,309.68,65838
2022-02-09,303.5,312.59,303.5,305.42,37244
2022-02-10,305.42,309.68,301.16,303.64,45962
2022-02-13,298.32,298.32,286.88,289.79,69757
2022-02-14,294.76,299.74,289.08,290.5,48000
2022-02-15,291.92,300.45,291.21,300.09,27174
2022-02-16,304.71,304.71,292.35,295.48,27359
2022-02-17,289.79,300.45,289.65,293.34,16933
2022-02-20,291.14,291.21,280.56,289.01,57366
2022-02-21,292.99,292.99,287.66,289.08,29596
2022-02-22,289.08,294.76,288.23,289.08,39439
2022-02-23,284.32,291.21,284.32,285.67,23515
2022-02-24,284.82,286.95,277.72,281.27,63038
2022-02-27,277.01,286.24,277.01,279.14,26339
2022-02-28,284.11,289.79,273.46,276.87,33628
2022-03-02,274.17,277.01,264.29,264.93,70750
2022-03-06,264.93,274.88,264.93,267.77,37729
2022-03-07,266.35,272.75,266.35,269.76,27787
2022-03-09,269.91,269.98,262.45,264.22,34772
2022-03-10,264.22,277.01,259.96,277.01,35457
2022-03-13,282.55,291.14,278.43,288.73,67835
2022-03-14,292.63,293.27,284.11,289.79,12759
2022-03-15,289.79,291.21,280.56,286.95,58316
2022-03-16,286.95,291.21,282.69,284.11,45875
2022-03-20,287.66,287.66,281.98,282.41,53400
2022-03-21,287.66,293.42,278.0,293.34,46052
2022-03-22,298.32,301.16,293.34,296.11,77545
2022-03-23,291.92,296.9,290.36,294.05,48904
2022-03-24,291.21,294.76,288.37,288.44,34620
2022-03-27,288.44,288.44,280.63,280.7,54505
2022-03-28,277.01,285.53,275.09,277.01,32309
2022-03-29,281.27,281.27,273.6,275.59,20029
2022-03-30,275.59,286.88,273.46,285.53,30832
2022-03-31,287.66,289.79,278.43,278.43,23508
2022-04-03,277.01,277.79,272.96,274.17,14231
2022-04-04,273.46,278.43,269.27,274.17,16899
2022-04-05,270.62,271.33,263.51,267.77,45917
2022-04-06,264.93,272.75,262.8,267.06,29993
2022-04-07,267.06,276.3,267.06,272.75,30165
2022-04-11,277.01,281.91,268.48,269.83,34116
2022-04-12,269.91,272.04,262.8,266.35,29241
2022-04-13,269.91,271.33,258.54,271.33,29571
2022-04-17,271.33,274.17,265.64,267.06,17963
2022-04-18,262.8,266.35,257.83,259.25,31837
2022-04-19,256.41,266.35,254.28,262.09,19787
2022-04-20,259.25,266.35,255.84,256.27,8551
2022-04-21,254.28,257.19,247.89,254.28,18867
2022-04-24,259.32,275.59,254.28,274.17,27501
2022-04-25,274.17,278.22,263.16,264.51,26476
2022-04-26,262.8,270.19,259.75,262.8,13573
2022-04-27,267.77,268.06,257.55,266.35,15901
2022-04-28,265.64,269.91,260.67,260.74,28800
2022-05-02,260.53,260.53,251.51,251.51,36428
2022-05-04,247.18,253.57,243.62,245.05,25108
2022-05-05,241.57,252.15,237.23,238.65,24884
2022-05-08,238.01,251.94,234.39,249.88,18090
2022-05-09,248.6,254.21,243.62,249.31,21951
2022-05-10,249.31,254.63,248.67,252.22,13102
2022-05-11,257.26,264.22,249.31,262.8,38205
2022-05-12,267.7,267.77,256.98,256.98,32157
2022-05-17,252.15,256.41,244.34,245.76,23496
2022-05-18,250.59,250.66,240.78,249.95,20177
2022-05-19,246.47,249.95,242.2,244.26,21403
2022-05-20,242.2,248.6,240.85,242.2,20431
2022-05-23,242.2,242.2,234.39,237.23,22318
2022-05-24,237.23,242.7,234.75,240.07,10046
2022-05-25,244.34,246.47,240.07,240.78,29834
2022-05-26,242.91,242.91,237.94,239.36,11437
2022-05-27,242.2,242.2,235.81,237.23,11612
2022-05-30,237.23,237.94,230.84,231.62,16542
2022-05-31,227.36,234.25,223.81,226.22,28330
2022-06-01,230.7,235.1,225.87,227.79,13833
2022-06-02,230.13,232.19,224.45,228.64,15870
2022-06-03,228.0,228.71,220.19,224.45,16412
2022-06-06,227.29,228.0,221.61,223.74,35733
2022-06-07,220.19,224.59,216.71,217.34,20160
2022-06-08,213.08,228.5,213.08,224.45,21124
2022-06-09,228.71,231.55,219.48,220.19,39236
2022-06-10,220.19,223.67,218.77,220.19,5651
2022-06-13,223.74,223.74,217.34,218.77,5731
2022-06-14,217.34,217.34,211.09,211.52,21557
2022-06-15,211.52,213.08,205.98,210.95,18781
2022-06-16,207.4,216.63,207.4,211.66,59262
2022-06-17,213.72,214.08,206.05,209.53,7510
2022-06-19,208.11,208.11,200.51,200.51,25237
2022-06-20,198.88,200.58,193.55,194.62,22996
2022-06-21,197.46,205.98,191.14,204.56,28742
2022-06-22,205.98,205.98,194.26,196.04,18103
2022-06-23,196.04,196.04,185.38,188.22,27306
2022-06-24,184.46,201.01,181.19,188.93,18186
2022-06-26,192.48,202.43,189.86,202.36,52333
2022-06-27,203.85,206.48,194.62,194.62,44941
2022-06-28,190.78,196.04,189.64,193.2,12588
2022-06-29,196.04,203.14,194.62,203.14,33073
2022-06-30,206.69,216.49,201.01,214.5,63018
2022-07-01,215.92,217.34,208.82,210.24,35646
2022-07-03,214.43,218.41,206.83,216.21,54701
2022-07-04,220.19,227.22,212.37,217.34,117133
2022-07-05,213.08,221.61,207.4,209.53,55740
2022-07-06,209.53,213.08,203.14,211.31,29523
2022-07-07,215.5,218.77,208.11,208.82,34027
2022-07-08,212.94,212.94,203.14,205.98,27759
2022-07-11,201.86,202.43,195.33,197.46,33853
2022-07-12,200.94,202.43,194.62,197.46,20551
2022-07-13,201.01,210.24,198.31,208.82,47280
2022-07-14,212.37,213.08,205.27,208.11,32376
2022-07-15,204.56,209.53,203.99,209.46,20276
2022-07-17,209.53,213.79,205.98,211.24,34213
2022-07-18,211.66,213.79,207.47,213.08,19013
2022-07-19,216.63,217.34,212.3,215.21,32470
2022-07-20,215.21,219.33,210.24,217.7,39550
2022-07-21,218.05,218.05,213.86,215.14,30036
2022-07-22,211.66,213.79,209.67,210.24,28819
2022-07-24,210.95,220.9,210.38,218.77,72140
2022-07-25,223.1,238.65,220.19,232.62,99278
2022-07-26,232.26,235.81,225.16,226.51,81748
2022-07-27,223.74,230.84,220.26,227.29,97529
2022-07-28,231.55,242.77,231.27,235.1,187628
2022-07-29,239.29,248.6,234.39,245.76,96374
2022-07-31,244.34,255.7,244.34,250.66,142120
2022-08-01,245.76,250.02,242.28,245.05,109091
2022-08-02,249.31,249.31,238.58,242.2,62812
2022-08-03,246.47,250.02,239.36,239.36,82659
2022-08-04,241.49,243.62,234.39,234.39,72181
2022-08-05,239.08,239.08,230.84,231.55,50014
2022-08-07,231.55,237.23,230.84,232.97,35324
2022-08-08,237.23,237.87,228.0,233.54,48743
2022-08-09,230.84,235.17,223.38,225.87,50310
2022-08-10,222.32,227.29,221.54,223.03,34542
2022-08-11,227.29,227.29,220.68,222.32,25612
2022-08-14,225.09,225.87,217.34,219.48,27705
2022-08-15,219.83,232.26,218.05,232.26,46194
2022-08-16,236.81,237.23,224.52,225.3,62329
2022-08-17,225.51,231.55,224.45,225.87,24566
2022-08-18,228.0,234.46,227.36,232.26,40817
2022-08-21,234.68,235.1,230.13,230.84,32347
2022-08-22,228.07,230.77,227.29,228.0,12671
2022-08-23,225.87,230.84,225.16,228.71,17424
2022-08-24,232.62,232.97,225.73,228.71,15398
2022-08-25,228.78,230.77,224.45,224.45,28125
2022-08-26,221.61,224.38,221.61,223.74,9466
2022-08-28,221.61,224.45,217.34,218.69,29339
2022-08-29,222.96,222.96,215.21,218.77,18132
2022-08-30,221.61,221.61,218.05,219.05,44425
2022-08-31,217.34,221.54,214.5,215.92,14495
2022-09-01,213.23,218.05,210.95,215.28,22971
2022-09-02,219.48,219.48,213.08,214.43,11544
2022-09-04,214.5,220.19,214.5,220.19,23680
2022-09-05,223.03,223.74,218.41,219.48,11218
2022-09-06,215.21,219.48,214.5,214.86,10707
2022-09-07,213.08,214.5,211.66,213.44,11168
2022-09-08,213.08,217.2,211.66,216.35,15389
2022-09-11,213.86,215.92,212.44,213.08,16751
2022-09-12,213.79,213.79,209.53,211.66,10324
2022-09-13,215.21,216.63,213.08,214.5,13970
2022-09-14,214.5,224.59,214.5,224.09,23827
2022-09-15,220.33,224.73,213.01,215.21,38309
2022-09-16,210.95,213.08,206.12,211.66,41088
2022-09-18,213.01,214.5,202.43,203.14,24439
2022-09-20,200.3,201.01,196.75,197.53,23218
2022-09-21,200.3,203.07,197.46,200.65,15331
2022-09-22,203.14,203.14,197.81,198.88,11866
2022-09-25,196.04,199.87,191.99,194.97,7423
2022-09-27,197.46,201.01,193.62,198.88,19194
2022-09-28,201.72,201.72,197.53,198.88,6748
2022-09-29,201.72,202.36,197.46,200.94,14782
2022-10-09,202.43,209.32,201.79,206.69,11082
2022-10-10,210.81,210.81,200.3,203.85,13431
2022-10-11,205.27,205.27,199.59,201.72,9874
2022-10-12,202.43,206.69,199.73,202.43,34918
2022-10-13,205.98,206.69,203.14,206.26,12214
2022-10-16,203.14,205.2,200.3,201.08,9365
2022-10-17,199.59,203.14,199.23,199.94,3805
2022-10-19,199.59,199.59,196.82,197.46,8540
2022-10-20,195.33,198.95,193.91,197.46,8666
2022-10-23,197.46,200.3,196.04,198.88,4949
2022-10-31,202.85,214.15,202.43,212.94,52794
2022-11-01,214.5,222.25,211.66,220.19,57369
2022-11-02,220.19,225.87,215.92,223.74,75943
2022-11-03,219.55,228.0,219.33,223.74,84745
2022-11-06,228.21,231.55,221.61,230.77,42513
2022-11-07,231.55,235.74,227.29,230.13,76282
2022-11-08,234.68,234.68,226.22,229.42,56862
2022-11-09,233.68,233.68,220.19,222.32,52172
2022-11-10,226.72,226.72,216.63,216.85,75804
2022-11-13,220.54,223.74,216.63,218.05,23026
2022-11-14,218.05,223.03,217.06,223.03,29918
2022-11-15,225.8,225.8,219.48,220.19,30220
2022-11-16,223.03,225.87,220.9,225.16,22407
2022-11-17,229.42,230.56,225.58,228.71,89240
2022-11-22,231.55,232.97,225.02,227.29,37165
2022-11-23,224.52,233.68,224.02,232.26,55281
2022-11-24,236.52,245.68,236.52,243.62,225483
2022-11-27,245.05,248.95,242.28,248.6,108032
2022-11-28,244.34,250.02,240.78,242.2,170248
2022-11-29,240.78,244.34,240.14,242.84,44293
2022-11-30,242.56,242.99,240.93,241.49,32204
2022-12-01,241.49,244.9,240.07,242.2,101748
2022-12-04,242.28,244.34,241.57,241.57,41431
2022-12-05,240.14,242.84,235.88,235.88,45307
2022-12-06,234.46,237.94,233.68,234.39,48709
2022-12-07,234.39,235.81,231.55,231.55,35916
2022-12-11,232.26,234.39,229.21,230.84,31442
2022-12-12,233.61,237.87,230.84,237.23,31731
2022-12-13,233.68,237.94,233.04,237.23,22749
2022-12-14,234.89,237.8,232.97,233.68,16987
2022-12-15,237.09,237.09,230.84,231.05,30419
2022-12-18,232.26,232.26,228.0,230.41,34256
2022-12-19,230.13,236.52,230.13,234.32,13478
2022-12-20,234.39,240.07,234.39,238.58,37715
2022-12-21,242.91,243.27,235.81,235.81,43663
2022-12-22,237.94,238.65,235.17,236.52,35123
2022-12-26,241.21,245.68,238.65,244.34,155661
2022-12-27,249.15,261.54,249.15,255.91,97467
2022-12-28,255.91,257.6,250.84,252.69,27352
2022-12-29,252.69,261.46,248.75,259.93,50133
2023-01-01,263.96,264.76,252.69,258.32,56778
2023-01-02,258.32,262.35,256.71,258.32,58484
2023-01-03,261.14,261.14,253.17,254.62,41939
2023-01-04,258.08,265.57,253.57,262.43,83645
2023-01-05,267.17,271.2,262.43,266.37,89574
2023-01-08,267.9,273.61,262.43,271.2,93142
2023-01-09,272.0,281.66,266.37,281.66,111454
2023-01-10,285.28,297.67,281.66,282.55,253322
2023-01-12,288.18,298.56,277.64,277.8,129833
2023-01-17,283.35,288.1,275.22,284.07,88824
2023-01-18,284.07,292.93,284.07,284.32,92488
2023-01-19,284.48,290.43,281.66,285.6,84667
2023-01-23,289.71,293.73,287.29,287.29,150937
2023-01-24,288.1,292.93,284.07,288.26,55761
2023-01-25,292.12,295.34,288.66,289.79,50890
2023-01-26,293.73,293.73,285.76,288.9,35076
2023-01-29,283.27,289.95,283.19,285.68,42126
2023-01-30,288.9,288.9,277.64,279.57,88525
2023-01-31,274.42,280.05,274.42,277.64,46821
2023-02-01,277.64,280.05,275.62,276.83,28606
2023-02-02,280.86,281.66,274.42,274.42,34562
2023-02-05,279.25,279.25,273.61,274.5,23882
2023-02-06,274.34,276.03,270.39,274.42,20784
2023-02-07,276.83,289.71,276.03,288.9,65451
2023-02-08,293.73,297.67,283.19,290.43,95017
2023-02-09,285.36,293.73,285.36,292.93,34823
2023-02-12,287.29,287.29,278.68,282.46,79172
2023-02-14,278.44,285.68,277.72,280.05,36877
2023-02-15,280.05,283.19,273.61,275.14,22431
2023-02-16,273.69,276.83,272.0,272.81,27709
2023-02-20,269.59,273.61,269.59,272.24,17594
2023-02-22,272.0,281.66,272.0,277.56,32971
2023-02-23,272.81,277.64,271.28,275.22,35137
2023-02-26,272.81,276.83,265.65,276.83,33691
2023-02-27,278.44,278.44,268.38,276.67,20103
2023-02-28,280.05,280.05,273.61,279.17,21627
2023-03-01,275.22,275.22,269.59,272.81,10839
2023-03-02,268.86,272.41,267.17,268.78,21156
2023-03-05,268.78,271.2,259.93,269.43,39052
2023-03-07,272.65,273.61,265.57,269.59,15399
2023-03-09,274.42,280.69,272.0,276.11,34274
2023-03-12,276.91,278.36,270.39,272.81,22716
2023-03-13,269.75,272.0,268.06,269.59,12203
2023-03-14,268.78,274.98,265.57,274.42,36938
2023-03-15,275.95,275.95,265.57,271.2,32841
2023-03-16,267.98,271.2,265.57,268.7,19582
2023-03-19,269.59,269.59,266.37,266.93,7848
2023-03-20,268.78,270.39,267.17,270.31,12577
2023-03-22,269.59,270.39,264.44,265.4,24301
2023-03-23,261.54,265.57,259.21,262.35,28133
2023-03-26,257.52,263.96,252.77,256.71,29548
2023-03-27,253.57,263.15,253.57,261.94,20950
2023-03-28,266.37,267.17,256.47,260.74,35809
2023-03-29,261.54,261.54,256.71,259.05,19038
2023-03-30,259.05,261.54,256.39,256.39,13245
2023-04-02,256.39,262.35,251.08,252.69,27384
2023-04-03,255.91,255.91,246.25,247.06,28114
2023-04-04,245.45,251.97,244.72,251.08,21534
2023-04-05,253.41,253.41,247.38,250.68,8450
2023-04-06,252.69,252.69,246.9,249.47,21044
2023-04-09,246.65,249.39,243.03,243.84,27318
2023-04-10,241.58,247.86,241.58,245.45,20628
2023-04-11,248.67,250.28,243.84,250.28,27179
2023-04-12,250.36,265.57,250.28,265.48,49018
2023-04-13,261.54,269.59,259.13,259.93,48610
2023-04-16,261.54,263.15,256.71,263.15,23739
2023-04-17,259.13,263.15,254.86,255.91,15958
2023-04-18,255.1,259.05,250.03,255.91,15871
2023-04-19,260.74,260.74,255.91,260.74,10447
2023-04-20,265.57,265.57,255.99,257.84,13324
2023-04-23,257.52,259.13,255.91,257.44,23474
2023-04-24,262.35,262.35,255.1,256.71,16395
2023-04-25,256.71,263.47,255.1,262.35,36154
2023-04-26,264.68,264.68,258.32,259.05,20970
2023-04-27,255.91,261.14,255.91,259.93,15588
2023-04-30,263.96,263.96,256.31,256.71,12870
2023-05-02,258.16,258.32,255.91,256.07,13728
2023-05-03,254.3,259.13,253.09,255.91,8135
2023-05-04,257.52,259.13,253.9,256.79,10522
2023-05-07,253.49,258.32,253.49,255.91,9572
2023-05-08,252.69,256.71,252.69,254.3,14130
2023-05-09,253.49,257.52,251.88,254.94,13818
2023-05-10,255.35,258.32,252.77,256.71,20154
2023-05-11,257.52,257.52,254.06,255.91,11279
2023-05-14,257.52,259.93,252.69,253.25,18817
2023-05-15,252.05,255.91,251.97,254.3,8432
2023-05-16,254.3,256.23,253.49,254.38,8321
2023-05-17,259.45,261.38,256.71,258.32,20894
2023-05-18,261.14,269.59,260.74,268.06,30638
2023-05-21,268.78,276.59,266.37,269.59,61680
2023-05-22,267.17,273.61,265.57,271.6,33089
2023-05-23,273.61,280.05,270.39,277.64,46279
2023-05-24,277.64,280.05,273.61,276.83,17113
2023-05-28,273.85,280.05,268.78,268.78,45790
2023-05-30,264.04,267.17,259.13,261.62,38590
2023-05-31,258.32,265.57,254.78,256.71,44617
2023-06-01,261.54,263.15,255.1,258.56,15501
2023-06-04,263.71,273.61,263.71,268.78,22600
2023-06-05,272.81,273.45,264.76,265.57,37133
2023-06-06,265.57,269.59,265.57,266.53,14431
2023-06-07,270.39,275.22,269.59,272.0,48498
2023-06-08,275.95,278.12,271.2,274.42,38553
2023-06-11,275.22,290.51,273.61,288.1,124139
2023-06-12,290.51,294.54,284.07,286.57,102562
2023-06-13,292.2,296.95,281.66,293.73,110496
2023-06-14,296.87,298.56,283.27,289.71,102556
2023-06-15,295.5,295.5,284.15,288.66,61782
2023-06-18,292.93,295.34,286.57,288.1,88258
2023-06-19,288.1,303.39,288.1,303.31,227633
2023-06-20,302.58,317.47,299.36,303.39,220915
2023-06-21,305.72,307.41,296.23,300.17,99358
2023-06-22,297.03,302.58,293.73,296.15,70097
2023-06-25,296.95,313.85,296.95,311.52,156813
2023-06-26,316.26,321.49,305.8,313.85,132209
2023-06-27,313.85,317.87,309.83,313.85,110270
2023-06-28,313.85,317.31,305.8,305.88,79188
2023-07-02,302.58,307.41,295.34,295.34,91264
2023-07-03,295.74,303.39,294.54,295.34,80241
2023-07-04,301.22,301.38,294.54,297.76,47981
2023-07-05,303.39,303.39,292.6,292.69,48950
2023-07-06,295.26,303.47,289.95,297.67,69406
2023-07-09,302.58,303.39,297.76,302.58,71200
2023-07-10,305.0,309.02,302.1,304.84,77692
2023-07-11,309.02,317.87,300.49,311.44,169893
2023-07-12,316.26,317.87,311.6,313.05,125845
2023-07-13,317.47,318.68,308.46,309.83,95293
2023-07-16,315.46,315.46,305.8,309.02,45930
2023-07-17,313.05,329.94,307.41,329.94,193427
2023-07-18,333.97,333.97,322.7,325.92,158451
2023-07-19,325.92,329.86,321.9,325.92,91029
2023-07-20,325.92,328.98,321.09,323.51,105378
2023-07-23,325.92,341.21,321.9,333.81,159598
2023-07-24,333.97,333.97,321.09,321.09,169317
2023-07-25,327.45,327.45,314.65,316.26,99447
2023-07-26,321.9,321.9,314.65,315.46,70917
2023-07-27,315.46,332.36,315.46,315.54,146158
2023-07-30,319.48,321.09,309.18,309.91,77786
2023-07-31,309.83,320.29,309.02,313.05,68957
2023-08-01,318.68,318.68,305.4,308.22,44786
2023-08-02,313.05,313.05,303.39,308.22,48269
2023-08-03,312.16,315.46,306.93,307.41,43236
2023-08-06,309.02,309.67,300.25,300.97,65407
2023-08-07,302.1,308.22,299.36,301.78,50551
2023-08-08,301.94,307.81,300.17,300.17,47029
2023-08-09,299.36,309.83,297.76,309.75,42773
2023-08-10,313.85,313.85,305.8,309.02,49606
2023-08-13,312.24,312.96,307.49,310.63,50107
2023-08-14,305.8,315.86,305.8,310.63,66468
2023-08-15,309.83,313.05,301.78,302.58,51451
2023-08-16,297.76,307.41,297.76,304.19,50002
2023-08-17,304.19,311.44,304.19,305.0,45302
2023-08-20,301.78,307.41,300.97,305.0,31319
2023-08-21,303.39,309.02,302.82,304.92,25834
2023-08-22,306.53,311.44,301.78,311.44,29132
2023-08-23,308.62,314.65,308.62,313.05,38803
2023-08-24,313.05,315.46,305.0,306.61,57115
2023-08-27,305.8,308.22,301.94,304.19,25248
2023-08-28,304.19,308.94,302.02,307.25,12999
2023-08-29,303.79,307.33,303.47,303.47,17286
2023-08-30,303.39,306.61,301.86,305.72,23776
2023-09-03,303.39,304.19,300.17,300.17,21698
2023-09-04,301.78,305.0,296.95,301.78,27936
2023-09-05,301.78,302.58,299.36,301.78,13202
2023-09-07,301.78,304.11,298.16,298.88,19950
2023-09-10,301.78,303.39,299.61,300.97,20524
2023-09-11,298.64,308.22,298.64,306.61,26526
2023-09-12,309.83,309.83,300.65,300.65,21673
2023-09-13,301.78,312.24,301.78,312.24,37711
2023-09-17,306.12,311.44,301.94,302.58,16525
2023-09-18,302.58,304.19,298.64,302.34,13989
2023-09-19,302.58,309.42,301.05,306.61,18423
2023-09-21,312.72,323.51,310.63,323.51,123946
2023-09-24,324.31,324.31,313.93,313.93,57717
2023-09-25,310.63,317.87,309.99,313.85,37514
2023-09-26,319.48,320.29,315.46,315.46,34774
2023-09-27,314.65,317.07,309.83,310.63,36297
2023-10-01,310.63,310.63,305.8,307.41,24391
2023-10-02,305.0,312.16,303.55,308.38,23232
2023-10-03,309.83,311.44,306.69,311.44,57057
2023-10-04,311.44,315.46,308.22,312.24,21441
2023-10-05,312.96,313.85,310.23,311.36,25582
2023-10-08,305.8,309.83,303.39,305.0,25604
2023-10-09,305.0,305.8,299.36,301.78,25719
2023-10-10,301.78,301.78,295.34,296.15,47761
2023-10-11,301.7,301.7,289.71,296.15,27596
2023-10-12,297.76,299.36,294.54,294.54,18826
2023-10-16,288.98,294.54,285.68,288.42,17445
2023-10-17,292.93,298.56,284.07,288.1,15789
2023-10-18,288.1,297.67,288.1,297.59,11370
2023-10-19,293.97,299.36,291.72,295.5,18500
2023-10-29,292.93,294.54,289.71,293.73,15047
2023-10-30,293.73,298.96,288.5,296.15,10962
2023-10-31,292.93,295.34,289.71,290.51,9672
2023-11-01,292.93,294.54,288.9,289.71,9970
2023-11-02,289.71,292.12,286.49,286.65,8188
2023-11-05,286.49,292.28,280.45,284.48,15684
2023-11-06,284.15,292.77,284.15,291.32,10217
2023-11-07,291.4,292.93,288.1,289.71,5860
2023-11-08,289.71,293.01,287.29,289.71,4853
2023-11-09,293.65,293.65,287.29,292.28,15968
2023-11-20,297.76,299.36,292.93,296.15,17745
2023-11-21,290.51,297.76,290.51,297.76,18982
2023-11-22,297.76,297.76,291.8,296.15,12624
2023-11-23,296.15,303.31,293.73,300.97,19462
2023-11-26,302.58,314.65,301.05,313.85,109737
2023-11-27,313.81,322.79,313.81,321.02,39361
2023-11-28,318.44,321.91,315.86,318.35,41032
2023-11-29,318.35,320.13,313.1,319.15,29538
2023-11-30,325.46,325.46,311.23,311.23,17764
2023-12-03,314.79,314.79,308.21,311.23,16653
2023-12-04,309.46,321.02,309.46,316.04,15258
2023-12-05,312.12,322.88,311.15,311.15,26514
2023-12-06,315.68,315.68,310.35,313.9,22865
2023-12-07,309.28,317.46,309.28,315.24,13659
2023-12-10,321.46,334.35,321.46,332.49,9356
2023-12-11,336.13,336.13,322.88,323.68,94497
2023-12-12,321.91,340.13,321.11,337.91,112118
2023-12-13,344.67,344.67,331.15,337.91,73409
2023-12-14,337.82,344.14,332.58,344.14,68973
2023-12-17,350.98,373.48,337.2,373.48,113421
2023-12-18,380.6,380.6,355.7,364.5,189417
2023-12-19,368.15,386.82,351.25,386.82,218095
2023-12-20,379.08,379.26,364.32,373.48,180652
2023-12-21,373.48,375.26,357.48,365.48,128856
2023-12-24,372.77,372.77,353.03,354.72,117674
2023-12-27,354.72,355.79,348.67,353.92,104597
2023-12-28,353.92,355.25,344.14,347.69,97186
2024-01-01,351.16,355.7,342.36,351.52,81340
2024-01-02,358.54,358.54,341.47,343.25,35078
2024-01-03,343.69,349.29,339.69,346.8,41564
2024-01-04,353.74,353.74,340.58,341.47,78383
2024-01-07,346.8,346.8,337.91,339.6,65641
2024-01-08,345.03,363.7,338.98,351.69,59913
2024-01-09,353.03,378.82,350.36,365.39,174747
2024-01-10,371.7,372.59,354.81,356.59,108748
2024-01-11,360.14,360.14,351.34,352.14,39904
2024-01-14,359.16,360.14,348.58,353.92,54959
2024-01-16,360.14,367.17,358.36,360.14,63974
2024-01-17,367.35,373.48,358.45,369.04,220692
2024-01-18,376.15,376.15,359.34,363.7,168889
2024-01-21,362.81,365.48,354.01,355.7,117867
2024-01-22,350.54,357.48,346.8,349.47,79787
2024-01-23,356.41,356.41,345.03,348.58,48727
2024-01-24,348.58,355.43,343.6,343.69,67790
2024-01-25,343.25,349.29,340.67,346.72,37322
2024-01-28,346.8,353.74,344.14,353.38,58249
2024-01-29,360.41,360.41,349.47,353.92,63079
2024-01-30,354.81,355.7,348.67,349.47,26911
2024-01-31,354.81,354.81,340.67,344.14,66946
2024-02-01,337.47,344.14,337.47,338.8,46403
2024-02-04,332.31,346.8,332.31,342.36,50265
2024-02-05,341.74,343.25,338.8,340.58,23850
2024-02-06,342.36,348.58,340.58,345.03,21224
2024-02-07,351.87,351.87,344.23,345.91,25012
2024-02-08,352.05,352.05,342.36,345.03,19924
2024-02-11,351.25,351.25,345.03,345.91,18535
2024-02-12,344.14,349.47,343.43,346.8,16529
2024-02-13,339.96,346.8,339.78,340.13,19437
2024-02-14,343.25,358.36,337.02,349.47,120616
2024-02-15,350.54,352.14,339.96,344.14,61037
2024-02-18,337.91,343.25,337.91,338.8,35684
2024-02-20,345.03,345.03,336.13,337.91,45971
2024-02-21,339.69,343.25,335.33,337.91,33727
2024-02-22,337.91,351.52,332.58,333.55,34559
2024-02-25,333.55,340.05,327.42,329.02,52162
2024-02-26,330.8,332.58,329.02,330.8,26891
2024-02-27,330.8,335.16,329.02,333.47,29724
2024-02-28,337.02,337.02,328.13,329.73,33431
2024-02-29,327.24,329.02,318.35,320.04,28579
2024-03-03,319.06,326.35,313.9,321.91,30015
2024-03-04,328.13,346.8,328.13,346.8,9257
2024-03-05,353.74,353.74,329.91,330.8,50835
2024-03-06,324.57,337.47,320.13,331.69,42426
2024-03-07,337.91,338.18,331.24,333.38,24812
2024-03-10,333.47,339.69,331.24,331.24,24547
2024-03-12,337.02,342.8,335.42,341.2,48709
2024-03-13,347.96,347.96,339.69,342.36,46137
2024-03-14,344.14,346.0,335.69,337.91,43168
2024-03-17,337.91,344.58,336.13,336.13,41910
2024-03-18,342.36,346.8,335.24,336.13,41171
2024-03-19,336.13,342.36,331.95,331.95,30385
2024-03-20,338.53,338.53,329.02,331.69,24366
2024-03-21,325.11,337.91,325.11,335.07,49272
2024-03-25,341.74,341.74,330.35,331.06,27258
2024-03-26,324.48,336.13,324.48,331.69,34304
2024-03-27,337.82,337.82,325.46,327.24,16655
2024-03-28,323.24,331.69,323.24,329.91,19949
2024-03-31,323.68,329.91,323.68,328.84,16372
2024-04-01,327.24,330.8,327.24,329.02,16700
2024-04-02,327.86,329.91,327.51,329.91,25202
2024-04-03,336.49,336.49,324.75,325.91,19566
2024-04-04,332.4,332.4,322.79,324.4,33287
2024-04-07,329.02,337.02,320.13,335.24,50608
2024-04-09,336.13,341.38,331.69,334.35,39201
2024-04-10,334.0,337.91,326.35,328.13,19487
2024-04-14,323.68,333.47,323.68,329.02,37633
2024-04-15,324.57,341.47,324.57,328.84,24091
2024-04-16,327.24,329.91,324.93,326.35,16087
2024-04-18,324.57,327.24,320.13,320.3,22485
2024-04-21,320.13,323.24,314.79,322.79,23395
2024-04-22,328.13,329.02,318.35,319.24,10457
2024-04-24,319.24,324.48,315.68,319.68,16738
2024-04-25,320.13,323.59,318.35,318.44,29122
2024-04-28,318.35,328.13,318.35,325.46,29998
2024-04-29,325.46,333.47,322.79,329.91,30762
2024-04-30,323.33,362.37,323.33,353.65,459219
2024-05-02,346.63,383.26,346.63,355.7,324383
2024-05-05,348.58,366.37,346.8,347.69,234346
2024-05-06,348.58,349.47,340.58,343.16,77029
2024-05-07,348.49,352.14,339.07,344.14,60524
2024-05-08,350.18,350.27,336.13,341.47,47587
2024-05-09,348.23,354.45,338.89,349.83,86508
2024-05-12,352.94,364.59,344.14,349.03,66078
2024-05-13,351.25,353.03,343.25,344.94,68517
2024-05-14,351.25,378.82,340.31,366.37,291537
2024-05-15,366.37,366.37,351.34,352.94,109192
2024-05-16,355.7,355.7,346.8,347.69,49436
2024-05-19,354.63,376.15,342.36,362.81,185207
2024-05-20,364.5,382.37,354.18,371.7,329804
2024-05-21,364.59,367.26,355.79,355.79,72360
2024-05-22,351.52,361.92,351.52,355.7,86615
2024-05-26,355.52,360.94,349.12,349.12,73064
2024-05-27,354.81,357.48,347.87,353.92,92363
2024-05-29,360.94,361.92,347.69,351.25,161778
2024-05-30,356.59,356.59,344.14,345.03,92489
2024-06-02,350.72,353.03,345.03,347.07,48278
2024-06-03,353.92,353.92,345.47,345.91,34976
2024-06-04,349.47,350.27,342.36,343.43,38719
2024-06-05,344.14,348.58,342.36,342.36,61212
2024-06-06,347.69,347.69,341.47,341.47,85460
2024-06-09,341.47,344.14,336.67,337.91,66776
2024-06-10,337.91,342.36,337.64,339.51,60509
2024-06-11,345.91,347.69,337.11,344.14,81522
2024-06-12,350.27,350.27,342.98,344.14,34430
2024-06-13,342.36,360.14,341.65,345.91,128580
2024-06-16,346.8,348.58,341.65,344.14,29925
2024-06-18,337.29,344.14,337.29,339.69,30406
2024-06-19,338.8,342.36,338.36,339.25,14945
2024-06-20,346.0,346.0,337.91,338.0,35425
2024-06-23,336.22,341.47,336.13,337.47,29608
2024-06-24,336.13,343.25,336.13,341.47,61285
2024-06-25,342.36,345.03,339.69,340.58,32142
2024-06-26,346.63,346.63,336.31,337.91,20465
2024-06-27,337.91,340.58,332.04,334.35,45867
2024-06-30,331.86,336.93,331.86,332.04,22320
2024-07-01,332.58,337.02,332.58,336.13,33031
2024-07-02,342.8,356.59,338.0,342.27,47629
2024-07-03,341.47,350.36,336.22,347.25,90472
2024-07-04,354.18,361.92,342.36,359.25,340626
2024-07-07,366.37,366.37,355.7,357.48,166439
2024-07-08,358.36,362.81,353.47,357.48,89606
2024-07-09,360.14,369.92,358.63,364.59,190709
2024-07-10,371.88,371.88,359.79,362.81,87246
2024-07-11,366.37,370.01,360.23,361.92,99745
2024-07-14,364.59,370.81,361.92,369.04,223727
2024-07-15,371.7,374.46,360.23,360.23,169518
2024-07-16,360.32,383.89,360.32,383.26,237614
2024-07-17,385.93,419.9,377.93,404.6,369745
2024-07-18,407.27,432.44,406.38,422.39,585731
2024-07-21,422.39,439.64,415.36,431.28,431093
2024-07-22,433.06,436.53,419.72,428.26,306352
2024-07-23,428.61,447.11,425.06,441.95,436308
2024-07-24,450.76,458.85,437.51,441.06,314094
2024-07-25,443.73,448.18,433.06,439.29,300224
2024-07-28,448.0,479.3,427.73,471.74,314620
2024-07-29,481.17,481.17,451.73,453.42,278052
2024-07-30,454.4,498.69,447.29,493.53,498346
2024-07-31,497.98,500.55,480.19,485.53,546154
2024-08-01,475.83,485.35,461.52,465.07,461422
2024-08-05,462.41,473.88,450.85,470.41,466076
2024-08-06,477.52,477.52,446.49,447.29,373427
2024-08-07,447.29,491.75,440.26,491.75,427959
2024-08-08,488.19,489.08,473.97,475.74,365149
2024-08-11,480.19,484.64,473.08,476.63,380187
2024-08-12,476.63,497.98,471.3,487.39,573349
2024-08-13,492.64,502.42,473.97,477.79,255402
2024-08-14,476.63,488.99,464.18,480.19,258351
2024-08-15,484.64,492.64,473.08,473.08,350636
2024-08-18,482.5,510.42,466.41,479.3,296212
2024-08-21,479.3,524.65,471.3,524.65,237550
2024-08-22,514.16,555.78,494.15,524.65,1782742
2024-08-25,514.87,554.89,488.02,489.08,921071
2024-08-27,498.86,498.86,455.11,457.96,524208
2024-08-28,466.85,472.19,444.62,448.18,250753
2024-08-29,456.63,457.96,431.37,441.06,283193
2024-09-01,441.06,451.65,433.15,438.4,223417
2024-09-02,438.4,460.27,433.95,457.96,264138
2024-09-03,460.63,469.79,445.51,456.18,253985
2024-09-04,462.41,463.47,431.28,433.95,262130
2024-09-05,433.68,441.95,427.81,431.19,151516
2024-09-08,437.95,440.09,418.03,420.17,106667
2024-09-09,424.17,427.73,409.14,411.63,152989
2024-09-10,417.68,422.39,407.36,409.05,146789
2024-09-11,409.94,417.05,403.0,407.27,107265
2024-09-12,415.28,421.5,407.36,419.72,107695
2024-09-15,420.61,429.5,403.8,408.16,132978
2024-09-16,402.83,410.83,394.82,398.38,169556
2024-09-18,405.49,413.59,393.04,405.49,111454
2024-09-22,413.59,421.5,408.16,410.83,69090
2024-09-23,404.6,410.83,400.25,403.54,91204
2024-09-24,403.54,409.05,385.04,385.93,88165
2024-09-25,393.58,403.63,387.8,401.05,92556
2024-09-26,403.72,413.59,400.96,401.05,75876
2024-09-29,398.47,408.16,398.38,403.72,63818
2024-09-30,409.94,410.83,403.72,410.83,54319
2024-10-01,417.94,436.62,412.61,433.86,143780
2024-10-02,435.73,440.17,421.5,426.84,131563
2024-10-06,422.39,435.28,422.39,435.28,57746
2024-10-07,442.84,447.29,440.17,441.86,107365
2024-10-08,437.51,445.51,433.24,434.93,69568
2024-10-09,428.7,435.73,427.99,433.95,73779
2024-10-15,440.89,443.73,433.95,441.78,11737
2024-10-16,444.62,449.96,436.71,446.4,58947
2024-10-17,446.49,451.73,441.95,441.95,59560
2024-10-20,440.17,442.4,429.33,431.19,97995
2024-10-21,431.28,432.17,416.34,417.85,64117
2024-10-22,417.05,424.17,417.05,422.21,35272
2024-10-23,427.46,427.73,419.72,422.39,48526
2024-10-24,426.84,426.84,415.28,417.05,48716
2024-10-27,417.05,425.06,413.5,417.94,31498
2024-10-28,425.06,425.06,417.05,423.28,34414
2024-10-29,414.83,433.95,414.83,431.28,40672
2024-10-30,433.06,436.62,426.84,430.39,36985
2024-11-05,434.57,438.22,426.84,431.28,20164
2024-11-06,425.06,435.73,424.17,431.28,27637
2024-11-10,431.28,436.62,422.39,435.73,135690
2024-11-11,440.17,441.95,427.9,433.06,69223
2024-11-12,430.57,435.73,426.75,427.73,37724
2024-11-13,436.26,436.26,421.59,422.39,64208
2024-11-14,419.72,434.31,419.72,425.06,79104
2024-11-17,433.51,434.75,427.19,431.19,73996
2024-11-19,435.73,435.73,420.61,421.5,57097
2024-11-20,422.39,429.77,414.39,429.06,75007
2024-11-21,428.61,432.17,413.05,413.5,82331
2024-11-24,414.39,420.61,408.16,413.5,59044
2024-11-25,413.59,419.54,407.27,417.85,52192
2024-11-26,417.85,422.3,414.39,422.3,34064
2024-11-27,424.17,430.13,422.39,429.33,54693
2024-11-28,422.39,448.18,422.39,428.79,197728
2024-12-01,426.84,442.4,420.7,437.06,138254
2024-12-02,437.51,449.96,431.28,432.97,223212
2024-12-03,440.89,440.89,429.15,432.17,41480
2024-12-04,428.08,439.29,422.75,426.84,75103
2024-12-05,419.72,426.84,416.34,416.97,61479
2024-12-08,415.72,419.72,409.05,409.05,87115
2024-12-09,413.5,413.5,405.32,405.32,64720
2024-12-10,404.6,411.72,401.14,405.05,45369
2024-12-11,396.96,413.5,396.96,413.5,26447
2024-12-12,410.83,417.77,407.27,407.27,28886
2024-12-16,410.83,415.28,400.25,415.28,86640
2024-12-17,416.61,416.61,407.81,411.72,60935
2024-12-18,411.71,412.16,403.92,404.19,35347
2024-12-19,405.75,408.04,399.34,402.91,40307
2024-12-22,403.0,406.39,396.13,402.91,40238
2024-12-23,403.0,403.0,398.42,399.89,22027
2024-12-24,403.0,411.25,400.26,404.47,33851
2024-12-26,401.17,406.67,397.51,403.0,32912
2024-12-29,403.0,403.0,388.44,390.18,41651
2024-12-31,390.18,390.18,371.04,378.27,57986
2025-01-01,378.27,384.69,370.86,370.95,73680
2025-01-02,363.53,379.92,363.53,377.82,17376
2025-01-05,381.02,383.77,373.69,375.53,42483
2025-01-06,375.53,384.69,375.53,383.04,36416
2025-01-07,382.85,391.1,382.85,388.35,45932
2025-01-08,392.93,392.93,384.69,390.18,55012
2025-01-09,393.85,393.85,382.85,384.69,25462
2025-01-12,383.77,383.77,375.62,376.63,25191
2025-01-13,375.62,379.1,372.78,372.78,31084
2025-01-15,379.19,380.01,373.97,375.53,25603
2025-01-16,382.4,382.4,371.95,377.27,26765
2025-01-19,373.69,376.44,371.5,373.69,34582
2025-01-20,373.69,376.44,371.41,372.78,17424
2025-01-21,371.86,372.78,368.2,370.03,55649
2025-01-22,375.53,379.19,371.86,375.53,60674
2025-01-23,382.85,382.85,372.78,375.53,23635
2025-01-26,372.78,376.44,368.2,368.29,41203
2025-01-27,370.95,373.69,368.2,371.86,41184
2025-01-28,369.12,398.42,369.12,397.51,151109
2025-02-02,399.34,427.73,392.93,424.07,178920
2025-02-03,429.57,435.98,411.25,421.32,184297
2025-02-04,416.74,420.59,411.25,411.34,62406
2025-02-05,411.25,415.83,407.58,412.62,54946
2025-02-06,420.59,420.59,398.42,403.0,87782
2025-02-09,400.26,414.0,400.26,403.83,50708
2025-02-10,407.58,408.04,393.85,400.26,31520
2025-02-11,393.85,405.75,393.85,402.09,42640
2025-02-12,404.84,412.07,403.0,406.76,40428
2025-02-13,409.42,410.33,396.78,400.26,40361
2025-02-16,393.94,401.17,393.94,399.34,39370
2025-02-17,407.31,407.31,397.6,400.07,49471
2025-02-18,397.51,402.91,390.18,393.85,71651
2025-02-20,399.8,399.8,389.27,391.1,53720
2025-02-23,398.88,398.88,381.48,386.52,56229
2025-02-24,378.82,397.97,378.82,387.43,48979
2025-02-25,379.74,393.85,379.74,390.0,27323
2025-02-27,394.76,400.26,392.93,399.34,51761
2025-03-02,404.84,413.17,399.34,412.16,82510
2025-03-03,416.74,417.66,400.35,403.92,66009
2025-03-04,403.0,408.5,401.08,401.08,45674
2025-03-05,401.17,403.0,393.39,396.59,51166
2025-03-06,396.59,412.16,395.68,406.67,63300
2025-03-09,403.46,406.67,396.59,397.05,34125
2025-03-10,401.08,402.64,392.01,392.93,34192
2025-03-11,398.42,411.25,390.27,400.81,182384
2025-03-12,405.75,407.58,397.23,397.51,31246
2025-03-16,405.39,405.39,389.27,394.3,51435
2025-03-17,389.27,396.13,386.61,389.36,43232
2025-03-18,393.85,395.68,389.27,391.1,29201
2025-03-19,390.18,393.75,384.69,385.6,43759
2025-03-20,385.69,389.17,381.48,382.42,35556
2025-03-23,377.63,384.69,371.86,374.42,50195
2025-03-24,373.69,387.25,368.2,382.01,36712
2025-03-25,379.74,380.93,371.86,372.29,36477
2025-03-26,368.29,377.36,368.29,375.06,26280
2025-03-27,375.07,380.11,370.03,378.64,24144
2025-03-30,378.27,385.6,378.27,382.52,37890
2025-04-01,383.77,383.77,376.44,378.51,22074
2025-04-02,382.85,382.85,376.44,379.59,27288
2025-04-03,383.77,385.14,377.36,379.99,30054
2025-04-07,381.02,381.94,374.61,375.76,30204
2025-04-08,378.09,378.09,371.77,374.36,29914
2025-04-09,380.11,380.11,373.97,375.76,22267
2025-04-10,380.11,380.11,374.7,376.69,21795
2025-04-13,377.36,380.11,370.95,372.42,35412
2025-04-15,376.44,380.11,371.86,377.01,34102
2025-04-16,381.02,383.68,376.44,378.2,41360
2025-04-17,378.27,386.06,377.54,382.66,38730
2025-04-20,386.52,386.52,375.8,381.57,35852
2025-04-21,386.52,386.52,378.37,380.78,31514
2025-04-22,384.69,384.69,373.69,376.89,41163
2025-04-23,380.93,380.93,370.03,370.94,34022
2025-04-24,370.03,375.53,370.03,371.68,26133
2025-04-27,375.53,375.53,370.21,370.5,28895
2025-04-28,370.49,373.6,369.12,369.55,35040
2025-04-29,371.77,371.86,365.91,366.43,67176
2025-04-30,368.2,368.2,360.87,362.82,52650
2025-05-04,366.37,366.37,357.21,361.8,43748
2025-05-05,366.28,366.28,360.51,361.27,26512
2025-05-06,361.24,365.45,358.31,362.57,32227
2025-05-07,359.22,378.64,359.13,372.08,34573
2025-05-08,372.32,374.61,369.12,371.09,33686
2025-05-11,372.78,378.55,370.95,375.39,44573
2025-05-13,379.19,383.77,373.69,378.39,62873
2025-05-14,375.53,389.17,375.53,379.72,94801
2025-05-15,376.63,380.93,371.22,372.4,56191
2025-05-18,375.53,375.53,368.2,369.08,43383
2025-05-19,372.78,373.69,368.2,369.65,33122
2025-05-20,367.28,381.02,367.28,378.6,40005
2025-05-21,386.15,393.85,378.37,379.21,72355
2025-05-22,378.37,382.85,377.63,377.78,36064
2025-05-25,384.69,384.69,371.04,375.23,30876
2025-05-26,382.67,390.18,374.61,376.19,34881
2025-05-27,372.96,381.11,372.5,378.41,56637
2025-05-28,380.11,380.11,375.53,378.99,61175
2025-06-02,382.85,385.6,373.69,378.2,59933
2025-06-03,377.36,380.11,368.2,369.31,51289
2025-06-04,370.95,373.69,369.12,372.51,42201
2025-06-05,370.12,376.44,367.47,368.97,42573
2025-06-08,369.12,374.43,369.12,372.76,32646
2025-06-09,370.03,375.53,369.21,372.85,20377
2025-06-10,380.29,380.29,373.24,375.67,37247
2025-06-11,377.36,377.36,366.37,368.13,116148
2025-06-12,366.73,372.69,366.73,370.42,34959
2025-06-15,368.66,372.78,368.66,370.92,27419
2025-06-16,369.21,373.24,369.21,371.21,34047
2025-06-17,371.86,372.78,366.37,367.81,47065
2025-06-18,370.03,370.03,366.37,367.55,18649
2025-06-19,367.37,369.12,367.28,367.93,31286
2025-06-22,371.59,379.01,367.28,367.55,41536
2025-06-23,370.76,370.95,363.71,366.31,60557
2025-06-24,370.03,370.03,362.7,363.35,37574
2025-06-25,362.06,366.37,361.88,363.55,31994
2025-06-26,368.11,368.11,361.79,363.27,26857
2025-06-29,359.13,366.09,359.13,365.79,23462
2025-06-30,365.54,366.83,363.16,365.92,20675
2025-07-01,366.37,368.2,364.54,367.88,29338
2025-07-02,374.61,374.61,367.28,371.15,35008
2025-07-03,370.95,379.1,370.95,375.19,59087
2025-07-06,375.53,377.36,370.03,370.94,42335
2025-07-07,366.37,372.5,366.37,368.85,37152
2025-07-08,372.23,372.23,367.28,369.21,28782
2025-07-09,370.95,372.69,369.12,371.48,24468
2025-07-10,373.51,380.56,367.28,378.59,83281
2025-07-13,386.15,393.85,378.27,384.95,105482
2025-07-14,389.27,389.27,380.11,380.7,34747
2025-07-15,382.85,384.69,380.11,382.86,55367
2025-07-16,386.52,398.24,382.85,395.65,126073
2025-07-17,399.34,407.58,396.59,402.86,116335
2025-07-20,403.0,410.33,400.35,403.79,218508
2025-07-21,404.74,420.41,402.09,413.63,318195
2025-07-22,407.58,435.98,407.58,427.27,381669
2025-07-23,430.48,430.48,419.49,424.16,158258
2025-07-24,417.29,430.48,417.29,427.52,178635
2025-07-27,427.52,438.08,422.24,434.07,299849
2025-07-28,435.06,451.55,428.65,448.8,425513
2025-07-29,447.88,457.04,441.66,442.81,163983
2025-07-30,441.47,444.22,422.24,424.07,131717
2025-07-31,425.9,426.82,414.91,417.22,127604
2025-08-03,421.32,421.32,401.36,403.08,147690
2025-08-04,409.42,410.06,403.0,408.67,92244
2025-08-05,416.74,416.74,403.0,403.32,66522
2025-08-06,403.0,406.67,399.34,399.7,42717
2025-08-07,406.67,406.67,397.51,400.03,39656
2025-08-11,403.0,405.66,393.85,394.81,42289
2025-08-12,394.76,398.24,391.19,392.43,23561
2025-08-13,397.51,400.26,391.1,391.99,47260
2025-08-14,391.46,397.51,391.46,394.42,33047
2025-08-17,393.85,401.17,393.85,394.65,63115
2025-08-18,393.02,398.88,392.2,395.16,50475
2025-08-19,390.18,402.09,390.18,396.18,19376
2025-08-20,397.6,397.6,392.2,394.81,41992
2025-08-21,394.81,394.81,389.45,389.95,21451
2025-08-24,390.18,393.85,383.77,384.68,24997
2025-08-25,391.1,391.1,381.21,388.57,12061
2025-08-26,388.35,391.92,388.35,391.52,9020
2025-08-27,389.45,406.58,389.45,404.41,81637
2025-08-28,405.75,405.75,393.85,394.7,61803
2025-08-31,390.46,397.88,385.69,386.0,23450
2025-09-01,392.75,392.75,385.6,387.69,18413
2025-09-02,389.27,392.84,386.24,386.59,32146
2025-09-03,381.39,391.1,381.39,384.3,22812
2025-09-04,383.77,387.16,381.39,385.03,24128
2025-09-07,382.3,387.89,382.3,383.86,10834
2025-09-08,382.03,386.52,377.36,379.91,28729
2025-09-18,375.62,375.62,349.88,357.21,5171
2025-09-21,357.21,382.85,357.21,380.75,63790
2025-09-23,375.62,390.46,375.62,388.35,45134
2025-09-24,391.1,391.1,377.36,384.59,9776
2025-09-25,383.77,384.69,380.11,382.76,11832
2025-09-28,386.52,386.52,382.85,386.52,10764
2025-10-07,384.69,385.6,377.36,380.84,15535
2025-10-08,375.53,381.02,368.84,373.69,32411
2025-10-09,381.02,391.74,376.44,377.82,26000
2025-10-12,375.53,375.62,366.37,368.2,48857
2025-10-13,366.37,375.53,366.37,375.44,12579
2025-10-14,375.53,375.53,371.86,372.32,9641
2025-10-15,370.95,370.95,364.9,365.45,24690
2025-10-16,370.03,370.03,359.04,360.05,27595
2025-10-19,359.96,363.62,357.67,358.12,21400
2025-10-26,352.63,358.12,351.71,357.3,14143
2025-10-28,353.54,373.69,353.54,371.86,19429
2025-10-29,376.44,379.1,368.02,368.2,22725
2025-10-30,366.37,375.53,366.37,375.53,15974
2025-11-02,379.19,383.04,376.44,381.02,33481
2025-11-03,383.77,391.1,380.11,382.58,29828
2025-11-04,384.69,384.69,376.44,376.9,13426
2025-11-05,380.11,380.11,374.61,377.36,10613
2025-11-06,375.98,380.11,373.69,377.27,5473
2025-11-09,380.11,382.85,372.78,373.69,26268
2025-11-10,371.86,377.36,370.95,371.86,22370
2025-11-11,371.31,371.95,364.44,370.86,45769
2025-11-12,375.44,375.44,365.63,369.12,13352
2025-11-13,370.76,370.86,366.37,367.28,6718
2025-11-16,367.28,370.86,365.45,365.45,11826
2025-11-17,370.03,370.95,365.82,370.95,9678
2025-11-18,371.86,375.07,368.47,371.86,13249
2025-11-19,370.12,373.79,368.66,370.03,9189
2025-11-20,367.28,370.76,366.64,368.2,13613
2025-11-23,375.53,380.11,368.93,378.73,52758
2025-11-24,386.24,386.24,379.19,381.94,32121
2025-11-25,377.45,384.23,377.45,381.02,15593
2025-11-26,381.94,382.95,379.37,381.02,41131
2025-11-27,381.3,388.35,381.3,388.35,66716
2025-11-30,385.85,389.62,374.53,377.36,50004
2025-12-01,377.36,377.36,372.64,375.38,28665
2025-12-02,375.47,375.57,371.7,372.17,20658
2025-12-03,375.47,377.83,372.64,376.23,21697
2025-12-07,372.74,379.25,372.64,374.15,21235
2025-12-08,372.83,377.26,371.7,373.58,18265
2025-12-09,376.42,377.26,371.89,373.58,8652
2025-12-10,376.51,378.3,369.91,372.64,19081
2025-12-11,372.64,376.42,370.75,371.51,19684
2025-12-14,370.75,374.43,368.11,372.36,25965
2025-12-15,371.7,374.43,368.02,373.58,16449
2025-12-16,375.47,377.26,374.53,375.38,12097
2025-12-17,375.47,377.36,373.58,375.19,7081
2025-12-18,372.64,376.7,372.64,374.53,9659
2025-12-21,368.96,374.53,368.96,372.64,13557
2025-12-22,370.75,372.64,368.11,369.81,10938
2025-12-23,371.04,372.64,371.04,372.55,19307
2025-12-24,370.75,372.64,368.58,368.87,19517
2025-12-28,373.58,377.26,369.81,377.08,30339
2025-12-29,381.89,383.02,375.57,376.42,17991
2025-12-31,377.36,381.13,373.58,377.36,15909
2026-01-01,376.51,377.36,371.7,376.13,21944
2026-01-04,375.47,377.36,373.58,377.17,12252
2026-01-05,379.25,382.92,374.53,382.64,31015
2026-01-06,383.96,388.68,379.62,385.85,48765
2026-01-07,383.96,384.43,379.81,379.81,22594
2026-01-08,379.81,384.81,377.36,380.38,49873
2026-01-12,378.3,384.91,378.3,381.98,20810
2026-01-13,378.3,384.91,378.3,380.28,19315
2026-01-14,379.25,383.02,378.4,380.57,21546
2026-01-18,380.57,386.79,380.57,386.51,34252
2026-01-20,391.51,396.23,385.09,389.62,48264
2026-01-21,395.28,395.28,388.68,389.62,35235
2026-01-22,389.62,391.51,386.79,388.68,16996
2026-01-25,394.15,398.11,388.68,397.92,76910
2026-01-26,405.85,405.85,392.45,394.34,49096
2026-01-27,396.23,396.23,385.85,387.74,58534
2026-01-28,382.17,390.57,382.17,389.43,21402
2026-01-29,386.79,393.4,383.96,386.79,14992
2026-02-01,382.17,389.62,381.13,381.13,23169
2026-02-02,382.08,387.74,380.66,382.55,29089
2026-02-03,382.08,383.96,377.36,380.19,35045
2026-02-04,382.08,386.7,377.45,377.83,18789
2026-02-05,381.13,382.08,377.36,380.19,39410
2026-02-08,380.19,386.79,380.19,382.83,16839
2026-02-09,382.83,382.83,370.57,382.08,97507
2026-02-10,377.36,382.08,372.74,372.74,24032
2026-02-11,380.19,383.96,373.68,376.13,24806
2026-02-12,375.47,386.51,375.47,384.91,69045
2026-02-16,386.79,392.36,381.13,383.87,36512
2026-02-17,383.96,383.96,377.36,380.66,29362
2026-02-22,380.19,380.19,373.68,373.77,43153
2026-02-23,374.62,380.19,374.53,377.26,30515
2026-02-24,377.36,379.25,375.57,379.15,14669
2026-02-25,383.02,383.02,375.94,379.25,12331
2026-02-26,377.36,382.08,375.57,378.49,21256
2026-03-01,377.36,382.08,376.42,380.09,16852
2026-03-03,382.08,391.51,381.13,386.42,32334
2026-03-09,394.06,409.91,394.06,409.43,775
2026-03-10,415.09,415.09,391.51,404.72,87480
2026-03-11,405.66,405.66,394.34,394.34,32299
2026-03-12,391.51,401.89,391.51,401.6,52963
2026-03-15,401.7,412.26,398.11,410.85,73198
2026-03-16,419.06,419.06,400.0,401.04,64385
2026-03-17,400.0,405.57,393.4,399.06,31079
2026-03-19,398.11,413.68,397.55,408.49,120787
2026-03-22,416.6,424.25,412.26,418.77,244161
2026-03-23,414.15,418.87,408.49,415.0,78099
2026-03-24,412.26,423.58,411.13,423.58,147648
2026-03-25,421.7,421.7,413.21,413.58,96275
2026-03-26,405.38,415.09,405.38,415.09,69937
2026-03-29,415.09,415.09,402.83,402.83,75739
2026-03-30,402.83,405.66,391.98,394.34,63223
2026-03-31,386.79,402.36,386.79,397.26,59689
2026-04-01,391.6,396.23,383.87,385.0,58700
2026-04-02,384.91,389.62,379.25,386.79,35385
2026-04-05,394.34,394.34,375.47,376.42,68064
2026-04-06,382.08,389.62,377.36,386.79,98048
2026-04-07,388.68,391.13,380.47,383.96,30182
2026-04-08,383.96,391.04,383.21,390.0,25778
2026-04-09,388.68,396.23,388.02,395.28,30967
2026-04-10,395.28,396.13,386.79,389.62,43971
2026-04-13,384.91,391.51,384.91,389.62,13327
2026-04-15,385.85,398.58,385.85,396.23,17565
2026-04-16,396.23,396.23,388.68,392.17,27305
2026-04-17,395.09,395.09,385.94,391.51,21253
2026-04-20,385.09,391.51,385.0,386.89,11155
2026-04-21,386.79,395.28,383.96,383.96,18954
2026-04-22,403.11,403.11,373.58,388.11,33139
2026-04-23,387.74,387.74,380.19,384.06,11225
2026-04-24,403.21,403.21,373.58,379.34,21616
2026-04-27,379.81,383.96,379.25,381.13,17538
2026-04-28,378.49,385.85,378.49,379.06,17817
2026-04-29,378.3,382.08,377.45,378.68,18322
2026-04-30,377.36,383.96,377.36,382.08,25799
2026-05-04,377.45,386.32,377.36,379.72,16012
2026-05-05,377.45,383.02,375.47,383.02,46354
2026-05-06,386.79,391.51,378.77,383.02,10556
2026-05-07,378.4,384.72,378.4,384.72,5545
2026-05-08,384.91,386.79,382.08,386.42,8322
2026-05-11,391.32,391.32,384.91,390.09,25804
2026-05-12,388.68,390.57,386.79,388.21,23371
2026-05-13,383.96,387.64,383.96,387.26,5370
2026-05-14,384.91,386.79,382.08,386.79,26511
2026-05-15,378.4,386.79,378.4,385.19,3353
2026-05-18,383.02,386.7,382.08,385.85,7134
2026-05-19,385.85,387.74,384.53,385.19,8380
2026-05-20,389.62,389.62,385.19,388.4,10480
2026-05-21,387.74,391.32,387.74,389.53,7435
2026-05-22,388.68,389.62,383.11,388.68,7373
2026-05-25,391.42,392.36,389.15,391.51,14265
2026-05-26,394.34,394.34,388.87,392.92,7355
2026-05-27,395.28,395.38,391.6,394.34,21104
2026-06-01,386.79,395.28,386.79,390.57,14589
2026-06-02,391.51,394.15,388.68,394.06,18724
2026-06-03,397.17,397.17,390.57,395.28,13958
2026-06-04,391.6,393.49,391.51,392.45,8415
2026-06-05,392.45,395.57,390.75,393.4,16756
2026-06-08,390.57,392.45,389.15,389.62,15516
2026-06-09,388.68,389.62,385.85,388.68,17268
2026-06-10,385.28,390.57,385.28,387.83,7047
2026-06-11,387.74,391.04,385.28,386.79,10821
2026-06-12,383.96,392.36,383.96,385.47,7850
2026-06-15,385.47,387.74,384.34,384.91,14801
2026-06-16,386.79,386.79,380.28,384.43,20767
2026-06-17,386.79,386.79,377.36,382.08,40361
2026-06-18,385.85,385.85,382.08,383.87,8070
2026-06-19,386.79,386.79,383.02,386.7,14959
2026-06-22,386.7,386.7,383.02,385.09,16065
2026-06-23,384.91,384.91,381.13,381.98,21540
2026-06-24,382.08,383.02,380.38,382.55,20104
2026-06-25,382.08,383.87,379.72,379.72,17394
2026-06-26,383.02,383.02,379.62,381.13,13241
2026-06-29,379.81,380.19,376.42,377.36,24992
2026-06-30,378.3,378.3,373.77,373.96,17234
2026-07-01,375.57,383.02,375.47,380.19,11162
2026-07-02,380.38,381.13,375.47,380.19,8973
2026-07-03,381.98,383.49,379.25,379.25,13565
2026-07-06,378.77,379.25,375.75,377.36,12241
2026-07-07,377.45,384.91,375.57,384.72,12086
2026-07-08,386.79,386.79,376.51,380.19,22401
2026-07-09,380.19,380.19,376.42,377.26,26083
2026-07-10,379.25,382.08,375.47,375.47,14060
2026-07-13,375.47,376.79,373.58,374.53,15517
2026-07-14,374.53,376.32,372.92,374.43,21030
2026-07-15,375.0,379.53,374.53,375.0,14499
2026-07-16,372.64,391.51,372.64,391.51,22436
2026-07-17,389.15,390.47,383.96,390.47,18100
2026-07-20,390.57,400.94,388.68,395.28,33213
2026-07-21,392.45,399.06,388.68,392.36,22547
2026-07-22,390.57,392.36,388.68,390.57,22529
2026-07-23,390.57,393.4,386.79,393.4,11786
2026-07-24,396.23,397.83,393.4,393.87,23905
2026-07-27,397.08,397.08,390.57,391.51,23408
2026-07-28,390.57,391.51,386.79,391.04,24040
2026-07-29,388.68,391.42,388.3,389.06,6351
2026-07-30,386.79,391.04,383.96,386.79,13148
2026-07-31,386.79,389.62,383.02,389.62,10540
2026-08-03,384.34,391.51,384.34,388.58,8517
2026-08-04,391.51,392.45,387.74,389.34,19847
2026-08-05,391.51,391.51,385.94,388.21,22342
2026-08-06,386.98,389.62,385.0,385.09,20045
2026-08-07,385.38,386.79,383.96,384.15,7440
2026-08-10,384.91,386.79,383.02,383.96,13248
2026-08-11,394.43,394.43,383.02,386.79,14469
2026-08-12,386.79,386.79,382.08,386.79,15638
2026-08-13,391.42,391.51,385.85,391.23,10351
2026-08-14,388.68,391.98,386.98,391.42,9260
2026-08-17,390.57,392.45,388.68,390.57,19043
2026-08-18,390.57,391.51,386.89,388.21,7035
2026-08-19,387.26,391.51,385.85,388.68,12667
2026-08-20,388.68,389.62,385.85,388.3,2231
2026-08-21,386.79,387.74,385.85,385.85,7778
2026-08-24,384.91,386.7,382.45,384.91,23017
2026-08-25,383.21,385.85,382.08,385.85,13589
2026-08-26,382.26,385.85,379.53,382.08,10398
2026-08-27,379.72,386.79,379.72,384.91,7983
2026-08-31,381.13,385.38,381.13,383.96,19306
2026-09-01,391.32,391.32,381.13,384.81,11320
2026-09-02,387.74,391.51,382.55,384.72,21297
2026-09-03,382.55,386.79,378.3,385.75,20749
2026-09-07,386.79,399.06,386.79,396.13,37396
2026-09-09,393.49,398.68,389.62,392.92,20258
2026-09-10,391.51,394.34,388.87,393.4,21335
2026-09-11,391.51,398.11,390.75,398.11,24159
2026-09-14,403.77,405.66,400.94,401.98,86326
2026-09-15,405.47,411.32,403.02,407.55,91448
2026-09-16,408.77,408.77,402.83,403.4,44675
2026-09-17,408.49,408.49,404.25,405.66,39706
2026-09-18,406.6,409.43,403.77,405.66,89356
2026-09-22,408.49,408.49,405.66,407.45,67153
2026-09-23,408.49,408.49,404.43,404.81,66094
2026-09-24,403.77,409.43,403.77,408.49,81482
2026-09-28,434.5,435.0,426.9,404.62,214932
2026-09-29,399.0,403.8,398.0,398.0,37530
2026-09-30,398.0,401.0,395.0,396.9,29660
2026-10-01,394.4,399.1,391.0,396.6,41622
2026-10-02,398.7,400.0,393.5,393.9,32917
2026-10-05,393.0,398.0,392.0,398.0,58407
2026-10-06,397.0,401.8,396.0,401.6,28688
2026-10-07,403.0,404.0,398.0,400.0,27372
2026-10-08,400.0,402.0,398.0,399.9,19505
