timestamp,open,high,low,close,volume
2013-01-01,45.17,45.17,45.17,45.17,730
2013-01-10,45.17,49.56,45.9,49.56,931
2013-01-17,49.56,54.5,50.48,54.5,1321
2013-01-20,54.5,53.77,53.04,53.77,625
2013-01-22,53.77,55.6,53.95,55.6,550
2013-01-23,55.6,56.7,55.05,55.05,1838
2013-01-24,55.05,53.95,53.95,53.95,200
2013-01-27,53.95,54.87,53.95,54.87,1090
2013-01-28,54.87,54.87,54.87,54.87,100
2013-01-30,54.87,53.95,53.95,53.95,108
2013-01-31,53.95,53.22,53.04,53.04,200
2013-02-03,53.04,52.12,51.57,51.57,660
2013-02-04,51.57,51.21,51.21,51.21,220
2013-02-05,51.21,52.12,52.12,52.12,333
2013-02-06,52.12,51.21,49.75,49.75,1648
2013-02-07,49.75,49.38,49.38,49.38,100
2013-02-10,49.38,50.29,50.29,50.29,273
2013-02-14,50.29,51.39,51.21,51.39,400
2013-02-20,51.39,52.31,52.31,52.31,332
2013-02-24,52.31,53.22,52.31,53.22,525
2013-02-27,53.22,52.31,52.31,52.31,194
2013-02-28,52.31,51.39,50.48,50.48,300
2013-03-03,50.48,50.48,49.38,49.38,748
2013-03-04,49.38,50.29,50.29,50.29,131
2013-03-05,50.29,50.29,50.29,50.29,144
2013-03-06,50.29,51.21,51.21,51.21,100
2013-03-17,51.21,52.67,50.84,51.76,592
2013-03-20,51.76,52.67,52.67,52.67,420
2013-03-24,52.67,51.76,50.84,50.84,432
2013-03-31,50.84,50.29,48.47,50.29,4016
2013-04-02,50.29,49.38,49.38,49.38,261
2013-04-03,49.38,48.65,47.73,47.73,1443
2013-04-04,47.73,48.47,48.47,48.47,293
2013-04-07,48.47,49.38,48.47,48.47,277
2013-04-11,48.47,49.38,49.38,49.38,100
2013-04-15,49.38,50.29,50.29,50.29,240
2013-04-21,50.29,50.29,50.29,50.29,102
2013-04-22,50.29,49.38,48.47,48.47,391
2013-05-02,48.47,49.38,48.47,49.38,1616
2013-05-06,49.38,49.38,49.38,49.38,138
2013-05-15,49.38,48.47,48.47,48.47,2264
2013-05-20,48.47,47.55,46.64,46.64,4392
2013-06-12,46.64,49.38,47.55,48.65,1663
2013-07-01,48.65,53.4,49.56,53.4,3810
2013-07-02,53.4,53.77,53.04,53.04,549
2013-07-03,53.04,53.22,53.22,53.22,133
2013-07-04,53.22,52.31,51.21,51.21,874
2013-07-07,51.21,51.21,51.21,51.21,2346
2013-07-11,51.21,51.21,51.21,51.21,131
2013-07-15,51.21,50.48,50.48,50.48,131
2013-07-16,50.48,51.21,50.48,50.66,3704
2013-07-18,50.66,51.21,51.21,51.21,177
2013-07-21,51.21,52.12,52.12,52.12,100
2013-07-22,52.12,52.12,52.12,52.12,1500
2013-07-23,52.12,51.57,51.57,51.57,6000
2013-07-24,51.57,50.66,50.29,50.29,10167
2013-07-25,50.29,50.48,49.56,50.48,482
2013-07-29,50.48,50.66,49.93,49.93,2303
2013-08-07,49.93,51.76,50.84,51.76,641
2013-08-08,51.76,51.57,51.57,51.57,3000
2013-08-14,51.57,51.76,50.66,50.66,2200
2013-08-15,50.66,51.57,49.38,49.38,27325
2013-08-18,49.38,49.38,49.38,49.38,4392
2013-08-19,49.38,51.21,50.29,51.21,900
2013-08-20,51.21,52.49,50.29,52.31,21662
2013-08-25,52.31,51.39,50.48,50.48,5281
2013-08-26,50.48,50.48,50.48,50.48,438
2013-08-27,50.48,51.57,51.21,51.57,900
2013-09-01,51.57,51.57,50.66,51.57,14864
2013-09-02,51.57,52.12,51.21,51.21,16900
2013-09-03,51.21,51.94,51.21,51.21,30183
2013-09-05,51.21,51.21,51.21,51.21,338
2013-09-09,51.21,51.21,51.21,51.21,6000
2013-09-10,51.21,51.21,51.21,51.21,1865
2013-09-11,51.21,51.21,50.29,50.29,8487
2013-09-16,50.29,51.03,51.03,51.03,500
2013-09-17,51.03,51.21,50.11,50.29,9210
2013-09-19,50.29,51.03,51.03,51.03,138
2013-09-22,51.03,51.21,51.21,51.21,288
2013-09-23,51.21,53.95,52.12,53.95,564
2013-09-24,53.95,54.87,52.31,52.31,76569
2013-09-25,52.31,53.04,53.04,53.04,108
2013-09-26,53.04,57.06,52.12,55.96,9830
2013-09-29,55.96,58.52,56.33,58.52,4657
2013-09-30,58.52,60.72,59.44,59.44,1353
2013-10-01,59.44,60.35,55.05,56.15,1360
2013-10-02,56.15,56.15,55.05,56.15,1609
2013-10-03,56.15,56.33,53.4,56.33,614
2013-10-06,56.33,53.59,51.76,51.76,404
2013-10-10,51.76,56.7,52.67,56.7,9142
2013-10-20,56.7,62.36,57.79,62.36,4993
2013-10-21,62.36,64.56,62.18,62.36,1382
2013-10-22,62.36,63.46,62.36,63.46,4202
2013-10-23,63.46,69.68,64.38,69.68,21957
2013-10-24,69.68,74.98,70.41,72.24,11722
2013-10-27,72.24,74.62,71.51,71.51,2525
2013-10-28,71.51,72.79,71.69,71.69,2365
2013-10-29,71.69,70.78,70.59,70.78,623
2013-10-30,70.78,72.79,71.33,72.79,1823
2013-10-31,72.79,71.51,71.51,71.51,1200
2013-11-06,71.51,71.51,71.51,71.51,327
2013-11-07,71.51,72.97,72.24,72.97,466
2013-11-10,72.97,73.15,72.97,73.15,560
2013-11-11,73.15,74.62,73.15,74.62,9432
2013-11-12,74.62,73.34,72.97,72.97,4717
2013-11-13,72.97,74.25,72.42,72.42,1441
2013-11-14,72.42,74.62,72.97,72.97,5628
2013-11-27,80.14,80.14,72.97,80.14,49732
2013-11-28,80.14,84.75,81.68,84.75,300
2013-12-01,84.75,93.2,86.29,93.2,2687
2013-12-02,93.2,95.76,92.18,94.22,9800
2013-12-03,94.22,96.02,92.18,92.18,661
2013-12-04,92.18,90.38,90.38,90.38,48324
2013-12-05,90.38,92.43,92.18,92.18,352
2013-12-08,92.18,93.97,93.97,93.97,144
2013-12-09,93.97,92.18,90.38,90.38,393
2013-12-11,90.38,88.59,88.59,88.59,116
2013-12-15,88.59,87.05,87.05,87.05,358
2013-12-16,87.05,90.13,88.59,90.13,370
2013-12-18,90.13,93.71,91.92,92.18,1528
2013-12-19,92.18,95.5,93.71,95.5,2444
2013-12-22,95.5,97.3,97.3,97.3,100
2013-12-23,97.3,97.04,97.04,97.04,100
2013-12-26,97.04,97.04,95.25,97.04,610
2013-12-29,97.04,95.25,93.46,93.46,531
2013-12-31,93.46,93.46,90.38,90.38,2960
2014-01-02,90.38,93.46,90.9,93.46,650
2014-01-05,93.46,93.2,85.77,85.77,5669
2014-01-06,85.77,87.31,85.77,87.31,1329
2014-01-07,87.31,92.18,83.21,83.21,13391
2014-01-08,83.21,87.82,81.93,85.52,20508
2014-01-09,85.52,86.8,82.45,84.49,8059
2014-01-13,84.49,87.05,86.03,87.05,2482
2014-01-14,87.05,88.59,88.59,88.59,187
2014-01-16,88.59,97.3,90.13,97.3,5401
2014-01-20,97.3,97.3,95.5,95.76,1250
2014-01-21,95.76,93.97,92.18,92.18,1000
2014-01-22,92.18,93.97,92.18,93.97,1147
2014-01-23,93.97,94.74,92.18,92.18,1696
2014-01-28,92.18,92.18,90.38,90.38,538
2014-01-29,90.38,88.59,88.59,88.59,955
2014-02-04,88.59,87.05,87.05,87.05,347
2014-02-05,87.05,87.05,87.05,87.05,250
2014-02-09,87.05,95.76,88.59,95.76,6790
2014-02-10,95.76,105.23,97.55,100.62,1795
2014-02-11,100.62,104.47,97.3,98.58,8046
2014-02-12,98.58,108.31,97.3,108.31,32111
2014-02-13,108.31,114.19,108.82,112.91,2138
2014-02-16,112.91,114.96,112.66,112.66,1076
2014-02-17,112.66,110.61,108.56,108.56,1100
2014-02-18,108.56,110.61,107.54,110.61,22237
2014-02-20,110.61,110.61,108.56,108.82,3797
2014-02-23,108.82,110.87,108.82,108.82,2469
2014-02-24,108.82,111.38,108.82,108.82,2706
2014-02-25,108.82,107.54,102.42,107.54,17937
2014-02-26,107.54,110.87,105.49,110.87,7599
2014-03-03,110.87,115.99,108.05,115.99,7243
2014-03-04,115.99,118.29,113.68,118.29,1718
2014-03-05,118.29,120.34,112.91,119.57,33600
2014-03-06,119.57,120.08,117.27,120.08,6252
2014-03-11,120.08,119.06,116.76,116.76,200
2014-03-12,116.76,114.45,112.66,112.66,300
2014-03-13,112.66,110.87,106.77,106.77,749
2014-03-17,106.77,106.26,102.42,102.67,3444
2014-03-18,102.67,105.23,103.7,103.7,1920
2014-03-19,103.7,107.03,105.75,105.75,2200
2014-03-20,105.75,108.82,106.26,108.82,2531
2014-03-23,108.82,107.54,105.23,107.54,2777
2014-03-25,107.54,107.54,107.54,107.54,500
2014-03-26,107.54,109.33,107.54,108.82,5085
2014-03-27,108.82,114.19,108.05,114.19,5096
2014-03-31,114.19,121.62,114.19,121.62,5130
2014-04-01,121.62,125.2,119.06,119.06,9393
2014-04-02,119.06,119.06,116.76,119.06,3659
2014-04-03,119.06,117.78,114.45,116.5,11421
2014-04-06,116.5,120.08,113.17,117.78,5423
2014-04-07,117.78,116.5,116.5,116.5,500
2014-04-09,116.5,118.8,115.22,116.5,2253
2014-04-10,116.5,121.11,116.5,120.85,3936
2014-04-13,120.85,122.9,118.55,119.06,9543
2014-04-15,119.06,124.44,121.36,123.41,3962
2014-04-16,123.41,124.18,121.62,121.88,4459
2014-04-20,124.18,124.69,124.69,124.69,477
2014-04-21,124.69,122.39,122.39,122.39,506
2014-04-22,122.39,122.9,122.9,122.9,927
2014-04-23,122.9,130.58,125.2,129.3,2715
2014-04-27,129.3,130.07,128.02,130.07,2226
2014-04-28,130.07,130.58,118.55,118.55,14499
2014-04-29,118.55,116.24,116.24,116.24,7000
2014-04-30,116.24,123.41,118.55,123.41,21068
2014-05-04,123.41,128.28,125.72,128.28,1326
2014-05-05,128.28,138.77,128.02,138.77,61777
2014-05-06,138.77,142.1,139.03,140.31,3140
2014-05-07,140.31,140.82,138.26,140.82,2100
2014-05-08,140.82,139.29,128.02,130.07,20786
2014-05-11,130.07,132.12,128.02,129.56,15166
2014-05-12,129.56,127.77,123.16,125.46,272362
2014-05-13,125.46,133.14,127.77,130.58,18472
2014-05-15,130.58,140.57,133.14,137.75,4261
2014-05-18,137.75,141.08,135.19,136.47,51188
2014-05-19,136.47,140.57,123.92,138.26,48232
2014-05-21,138.26,142.87,138.26,141.34,19903
2014-05-22,141.34,144.15,138.77,138.77,4207
2014-05-25,138.77,143.38,140.82,143.38,5600
2014-05-26,143.38,142.87,138.26,138.26,4400
2014-05-27,138.26,143.38,135.7,140.82,53477
2014-05-28,140.82,140.82,138.26,140.82,12196
2014-06-01,140.82,142.1,139.54,140.82,16879
2014-06-02,140.82,144.66,140.57,144.66,8811
2014-06-03,144.66,151.06,143.38,145.18,4188
2014-06-04,145.18,142.62,142.62,142.62,2000
2014-06-05,142.62,145.94,140.82,140.82,23191
2014-06-08,140.82,143.38,140.82,140.82,24419
2014-06-09,140.82,148.76,140.82,143.9,24759
2014-06-10,143.9,147.48,141.59,147.22,41084
2014-06-11,147.22,150.04,145.69,146.2,13211
2014-06-12,146.2,150.55,146.97,147.74,6022
2014-06-15,147.74,150.55,147.74,147.74,1073
2014-06-16,147.74,153.63,145.94,153.63,26530
2014-06-17,153.63,153.63,148.5,148.5,4620
2014-06-18,148.5,151.58,149.02,151.58,482
2014-06-19,151.58,152.35,151.06,151.32,2233
2014-06-23,151.32,151.32,148.5,150.55,1726
2014-06-24,150.55,148.5,148.5,148.5,1000
2014-06-25,148.5,151.32,151.32,151.32,613
2014-06-26,151.32,153.11,151.06,152.35,1238
2014-06-29,152.35,153.88,151.58,153.88,2291
2014-06-30,153.88,154.91,151.06,153.88,11140
2014-07-01,153.88,157.47,152.35,152.35,1400
2014-07-02,152.35,152.35,152.35,152.35,3884
2014-07-03,152.35,152.35,150.55,150.55,1773
2014-07-06,150.55,153.37,151.83,151.83,693
2014-07-07,151.83,151.32,151.32,151.32,205
2014-07-08,151.32,157.21,151.06,153.63,9477
2014-07-09,153.63,155.16,153.63,155.16,897
2014-07-10,155.16,155.16,152.35,152.86,2135
2014-07-13,152.86,154.14,152.09,152.09,900
2014-07-14,152.09,151.06,151.06,151.06,10921
2014-07-15,151.06,151.06,150.81,150.81,12600
2014-07-16,150.81,148.76,147.99,148.76,5234
2014-07-17,148.76,151.58,151.58,151.58,136
2014-07-20,151.58,155.16,151.06,152.6,6185
2014-07-21,152.6,159.26,154.91,159.26,4055
2014-07-22,159.26,160.03,158.75,158.75,1376
2014-07-23,158.75,161.31,161.05,161.05,1300
2014-07-24,161.05,164.12,161.05,161.05,440
2014-07-27,161.05,157.98,154.91,154.91,5000
2014-07-28,154.91,158.23,156.19,156.19,1825
2014-07-30,156.19,164.38,159.26,164.38,861
2014-07-31,164.38,166.94,162.84,165.4,2724
2014-08-03,165.4,163.87,160.03,163.1,2713
2014-08-04,163.1,160.79,160.79,160.79,2000
2014-08-05,160.79,166.43,160.54,160.79,6324
2014-08-06,160.79,162.59,161.05,161.31,9067
2014-08-07,161.31,163.1,160.03,161.31,913
2014-08-12,161.31,160.03,153.88,157.47,1443
2014-08-13,157.47,157.47,154.39,157.47,3722
2014-08-14,157.47,159.51,159.51,159.51,250
2014-08-18,159.51,156.44,153.63,153.63,600
2014-08-19,153.63,155.67,151.06,155.67,25469
2014-08-20,155.67,156.19,153.63,153.63,1400
2014-08-21,153.63,150.55,145.94,147.48,13519
2014-08-24,147.48,153.63,139.29,153.63,19647
2014-08-25,153.63,156.7,147.22,154.39,14728
2014-08-26,154.39,155.67,151.06,153.11,4924
2014-08-27,153.11,156.19,152.35,152.35,4262
2014-08-28,152.35,156.7,153.37,154.91,1811
2014-08-31,154.91,154.39,151.32,151.32,2883
2014-09-03,151.32,154.14,150.81,151.06,1854
2014-09-04,151.06,148.25,145.94,145.94,1265
2014-09-07,145.94,143.13,143.13,143.13,100
2014-09-09,143.13,145.94,143.38,145.94,3177
2014-09-10,145.94,148.76,145.94,145.94,2023
2014-09-15,147.22,151.06,149.78,151.06,5430
2014-09-17,151.06,156.19,151.06,153.88,10225
2014-09-21,149.78,152.86,147.22,149.27,14177
2014-09-22,149.27,149.53,149.53,149.53,483
2014-09-23,149.53,152.35,150.04,150.04,1342
2014-09-24,150.04,152.86,152.09,152.86,1200
2014-09-28,152.86,153.63,152.35,153.63,1213
2014-09-29,153.63,161.31,156.19,161.31,5444
2014-09-30,161.31,158.23,154.14,154.14,3724
2014-10-09,154.14,156.7,153.63,153.63,1737
2014-10-12,153.63,155.16,153.63,154.91,7597
2014-10-13,154.91,156.19,153.63,153.63,2500
2014-10-15,153.63,154.14,147.74,153.63,27353
2014-10-16,153.63,153.63,150.55,153.63,3316
2014-10-19,153.63,153.63,152.35,153.63,10100
2014-10-20,153.63,153.63,147.22,153.63,42100
2014-10-22,153.63,156.19,152.35,153.63,2713
2014-10-26,153.63,155.93,152.35,152.35,3000
2014-10-27,152.35,152.35,147.22,151.06,83178
2014-10-28,151.06,154.91,152.09,154.91,12400
2014-10-30,154.91,154.91,153.63,153.63,14300
2014-11-02,153.63,154.91,151.32,154.14,5984
2014-11-03,154.14,152.09,151.32,152.09,4440
2014-11-04,152.09,152.86,150.04,151.32,3391
2014-11-05,151.32,152.6,149.78,152.6,1200
2014-11-06,152.6,153.63,152.6,153.63,10700
2014-11-09,153.63,153.63,153.63,153.63,1100
2014-11-11,153.63,152.35,152.35,152.35,100
2014-11-12,152.35,154.65,151.58,154.65,1000
2014-11-13,154.65,154.39,151.32,153.37,13781
2014-11-16,153.37,153.63,151.06,151.06,12060
2014-11-17,151.06,151.06,151.06,151.06,1000
2014-11-18,151.06,149.78,145.69,148.5,9036
2014-11-19,148.5,154.91,150.55,153.11,39361
2014-11-20,153.11,155.93,151.83,153.63,21141
2014-11-23,153.63,155.93,152.09,153.63,15261
2014-11-24,153.63,155.67,151.83,153.11,15693
2014-11-25,153.11,154.91,151.83,153.11,20377
2014-11-30,153.11,154.14,152.6,154.14,3176
2014-12-01,154.14,154.65,152.6,153.88,6708
2014-12-02,153.88,155.16,153.11,155.16,4678
2014-12-03,155.16,157.47,154.14,155.67,10815
2014-12-04,155.67,156.19,153.63,156.19,4659
2014-12-07,156.19,157.98,154.91,155.16,16307
2014-12-08,155.16,155.93,153.63,154.91,7120
2014-12-09,154.91,155.67,153.63,153.88,17049
2014-12-10,153.88,155.42,153.37,153.37,14148
2014-12-11,153.37,158.75,153.88,157.47,44745
2014-12-14,157.36,172.78,160.23,172.78,1050
2014-12-15,172.78,177.44,172.06,172.42,4373
2014-12-16,172.42,173.85,169.19,173.85,1333
2014-12-17,173.85,173.49,170.27,170.27,900
2014-12-18,170.27,172.42,166.68,172.06,2640
2014-12-21,172.06,172.06,172.06,172.06,500
2014-12-22,172.06,169.55,167.04,167.04,1200
2014-12-23,167.04,163.82,163.82,163.82,492
2014-12-28,163.82,167.04,164.89,166.68,1500
2014-12-29,166.68,170.27,168.48,170.27,510
2014-12-31,170.27,170.27,168.48,168.83,1262
2015-01-01,168.83,168.83,167.04,168.48,2400
2015-01-04,168.48,168.48,168.48,168.48,500
2015-01-05,168.48,174.93,170.27,170.27,1859
2015-01-06,170.27,170.27,168.48,170.27,200
2015-01-07,170.27,170.27,170.27,170.27,1120
2015-01-08,170.27,173.49,168.48,172.06,2333
2015-01-11,172.06,172.42,170.27,172.42,1600
2015-01-12,172.42,173.85,170.27,170.27,1214
2015-01-13,170.27,173.14,171.7,172.06,3200
2015-01-14,172.06,172.78,168.83,170.27,3463
2015-01-18,170.27,172.06,167.4,167.4,2700
2015-01-19,167.4,175.65,170.63,172.06,2823
2015-01-20,172.06,177.44,172.42,172.42,1800
2015-01-22,172.42,173.85,171.34,172.78,2032
2015-01-25,172.78,173.85,172.06,173.85,1046
2015-01-26,173.85,173.85,172.06,172.06,3347
2015-01-27,172.06,172.78,168.83,172.06,4679
2015-01-28,172.06,172.06,167.04,168.48,12433
2015-01-29,168.48,175.65,166.68,169.55,24394
2015-02-01,169.55,172.06,168.48,168.48,4700
2015-02-02,168.48,172.06,168.48,168.48,7429
2015-02-03,168.48,170.27,162.02,169.19,29563
2015-02-04,169.19,170.27,168.83,169.91,2000
2015-02-05,169.91,168.48,167.04,168.48,1652
2015-02-08,168.48,170.27,168.48,168.48,2200
2015-02-09,168.48,170.27,167.04,167.04,3300
2015-02-10,167.04,168.83,168.12,168.83,2189
2015-02-11,168.83,168.48,168.48,168.48,510
2015-02-12,168.48,170.27,166.68,167.4,4300
2015-02-15,167.4,168.83,168.83,168.83,100
2015-02-16,168.83,170.27,167.76,167.76,1200
2015-02-22,167.76,168.12,164.89,164.89,1000
2015-02-23,164.89,165.25,164.17,164.89,501
2015-02-24,164.89,164.89,164.89,164.89,105
2015-02-25,164.89,166.33,161.31,166.33,1945
2015-02-26,166.33,169.91,166.68,168.48,547
2015-03-01,174.57,171.34,171.34,171.34,800
2015-03-02,171.34,174.57,174.21,174.21,200
2015-03-04,174.21,172.06,167.4,168.83,1600
2015-03-09,168.83,170.27,166.68,167.04,2200
2015-03-10,167.04,168.48,165.25,165.25,6688
2015-03-11,165.25,166.33,163.1,164.17,5000
2015-03-12,164.17,167.4,163.1,164.17,3453
2015-03-16,164.17,164.17,164.17,164.17,160
2015-03-17,164.17,164.53,161.67,161.67,3530
2015-03-18,161.67,164.89,161.67,164.89,1427
2015-03-22,164.89,165.97,163.1,163.46,1243
2015-03-23,163.46,163.82,161.31,163.82,1213
2015-03-24,163.82,164.53,160.59,162.02,10500
2015-03-25,162.02,165.25,158.8,158.8,2976
2015-03-26,158.8,158.44,155.21,155.21,2065
2015-03-29,155.21,158.08,157.72,158.08,1391
2015-03-30,158.08,163.82,157.72,163.82,965
2015-03-31,163.82,165.97,162.02,165.97,21250
2015-04-01,165.97,165.97,159.87,163.1,4542
2015-04-02,163.1,161.31,159.51,159.51,3222
2015-04-08,159.51,162.38,161.31,162.38,304
2015-04-09,162.38,163.46,161.31,161.31,3166
2015-04-12,161.31,163.1,158.8,159.51,4952
2015-04-13,159.51,161.67,161.31,161.31,1680
2015-04-15,161.31,161.31,160.59,161.31,723
2015-04-16,161.31,161.31,159.51,159.51,5700
2015-04-19,159.51,160.59,159.51,160.23,2909
2015-04-20,160.23,161.31,159.16,159.51,7533
2015-04-21,159.51,159.87,159.51,159.51,2800
2015-06-03,156.65,153.78,146.97,151.27,10467
2015-06-04,151.27,153.42,148.76,150.55,8461
2015-06-07,150.55,150.91,150.55,150.91,1023
2015-06-08,150.91,150.55,148.76,150.19,4700
2015-06-09,150.19,161.67,151.99,151.99,9279
2015-06-10,151.99,150.91,149.12,149.48,5479
2015-06-11,149.48,149.48,147.69,147.69,1040
2015-06-14,147.69,148.04,146.25,146.25,2300
2015-06-15,146.25,149.84,144.82,148.04,51320
2015-06-16,148.04,149.48,147.33,147.69,3859
2015-06-17,147.69,146.97,146.25,146.97,340
2015-06-18,146.97,148.4,146.97,147.33,2657
2015-06-21,147.33,148.76,144.82,146.25,11758
2015-06-22,145.18,149.12,145.18,147.69,3177
2015-06-23,147.33,148.04,146.97,148.04,10300
2015-06-24,145.53,148.76,145.53,148.04,21052
2015-06-25,148.76,149.84,147.69,149.84,7558
2015-06-28,149.84,152.7,147.69,150.55,24967
2015-06-29,148.04,154.14,147.69,151.99,6748
2015-06-30,153.42,153.42,151.27,152.7,2245
2015-07-01,153.06,153.06,152.35,152.7,20900
2015-07-02,151.27,151.63,151.27,151.63,625
2015-07-06,150.19,150.55,150.19,150.55,1107
2015-07-07,150.55,152.35,149.84,152.35,6205
2015-07-08,150.55,152.35,150.55,152.35,5859
2015-07-09,150.91,152.35,150.91,152.35,2607
2015-07-12,150.55,152.35,150.55,150.55,16080
2015-07-13,150.55,150.55,150.55,150.55,2400
2015-07-14,151.27,154.14,150.55,152.7,7258
2015-07-15,152.35,155.21,151.99,155.21,4072
2015-07-16,155.21,152.7,150.55,152.35,12635
2015-07-22,154.14,157.01,154.14,157.01,1893
2015-07-23,157.01,158.08,157.01,158.08,1820
2015-07-26,158.08,161.31,160.95,161.31,300
2015-07-27,161.31,164.89,158.44,158.44,1554
2015-07-28,158.44,155.57,155.57,155.57,600
2015-07-29,155.57,155.21,150.19,151.27,1343
2015-07-30,151.27,152.35,150.55,152.35,1700
2015-08-02,152.35,156.65,153.42,156.65,1101
2015-08-03,156.65,153.78,153.78,153.78,1000
2015-08-04,153.78,155.93,152.35,154.14,8563
2015-08-05,154.14,159.87,153.06,154.85,3198
2015-08-06,154.85,157.72,153.06,154.14,7121
2015-08-11,154.14,157.01,157.01,157.01,140
2015-08-17,159.87,159.87,159.87,159.87,100
2015-08-19,162.74,175.65,162.74,175.65,3118
2015-08-20,178.87,185.68,175.65,178.51,3100
2015-08-23,179.23,179.23,172.42,173.85,2100
2015-08-24,177.08,178.87,171.34,171.34,10300
2015-08-25,168.48,172.06,168.48,168.48,4283
2015-08-26,168.48,169.91,166.68,169.91,2100
2015-08-27,168.48,171.34,168.48,171.34,600
2015-08-31,168.48,171.7,168.48,171.7,1800
2015-09-01,171.7,173.85,170.27,173.85,2884
2015-09-02,174.57,174.57,171.34,171.34,520
2015-09-03,168.48,168.48,168.48,168.48,500
2015-09-06,168.48,168.48,161.31,163.1,7107
2015-09-07,160.95,166.33,160.95,163.1,5285
2015-09-08,160.59,163.1,160.59,161.31,4000
2015-09-09,159.51,162.38,159.51,162.38,15451
2015-09-10,163.1,163.1,159.51,160.95,5907
2015-09-13,162.38,162.38,157.72,158.08,3700
2015-09-14,159.51,159.87,158.08,159.87,5200
2015-09-15,159.51,161.31,158.08,159.51,4900
2015-09-16,160.59,161.67,160.23,160.59,8412
2015-09-17,163.46,166.68,160.23,163.1,5317
2015-09-22,159.87,159.87,157.01,157.01,1500
2015-09-23,159.51,161.31,159.51,160.95,5780
2015-09-24,159.87,161.31,159.87,161.31,2905
2015-09-28,161.31,161.31,158.08,158.08,500
2015-09-29,157.01,158.8,157.01,158.44,1818
2015-09-30,161.31,161.31,161.31,161.31,100
2015-10-01,161.31,161.31,160.59,160.59,1100
2015-10-04,159.16,159.16,157.72,157.72,1200
2015-10-05,157.72,159.51,155.93,157.72,2980
2015-10-06,155.93,155.93,152.35,153.42,1613
2015-10-07,151.27,151.27,151.27,151.27,280
2015-10-08,153.42,156.29,153.42,156.29,700
2015-10-11,153.42,153.42,153.42,153.42,200
2015-10-14,154.14,154.14,154.14,154.14,100
2015-10-15,154.14,154.14,152.35,152.35,936
2015-10-18,151.27,151.27,151.27,151.27,100
2015-10-19,154.14,157.72,154.14,154.14,1980
2015-10-25,152.35,152.35,152.35,152.35,300
2015-10-27,149.48,149.84,146.97,149.84,800
2015-10-28,146.97,146.97,143.38,143.74,2600
2015-10-29,143.38,146.25,143.38,146.25,740
2015-11-01,149.12,150.55,149.12,150.55,471
2015-11-02,153.42,159.16,148.76,148.76,2180
2015-11-03,150.55,150.55,148.76,148.76,1700
2015-11-04,146.97,151.27,146.97,151.27,1200
2015-11-05,149.12,150.55,149.12,150.55,1300
2015-11-09,152.35,154.14,152.35,154.14,1000
2015-11-10,154.14,154.14,154.14,154.14,100
2015-11-16,154.5,154.5,154.14,154.14,3074
2015-11-18,154.85,154.85,153.06,153.06,946
2015-11-19,150.55,154.14,150.55,153.06,2609
2015-11-22,150.55,150.55,148.04,148.76,4240
2015-11-23,148.76,150.19,145.89,150.19,5650
2015-11-25,149.84,150.19,147.69,148.76,4333
2015-11-26,146.25,148.76,145.53,148.76,6270
2015-11-29,147.69,147.69,145.53,146.97,7682
2015-11-30,147.33,148.76,147.33,148.76,2959
2015-12-01,148.76,160.59,151.27,160.59,7280
2015-12-03,163.46,157.72,146.97,149.84,10263
2015-12-04,150.55,151.99,148.4,150.19,11114
2015-12-07,150.55,150.55,146.61,148.76,10642
2015-12-08,148.4,148.76,148.04,148.76,23500
2015-12-09,150.91,159.51,148.76,150.91,14300
2015-12-10,150.19,152.35,150.19,152.35,2340
2015-12-13,154.14,155.21,152.35,152.35,7011
2015-12-14,152.35,153.06,150.19,152.35,6150
2015-12-15,151.63,157.01,150.91,155.57,28032
2015-12-16,155.48,152.79,144.73,144.73,3600
2015-12-17,142.04,152.79,142.04,152.35,6617
2015-12-21,152.35,152.35,149.66,149.66,4300
2015-12-22,149.21,149.21,146.07,146.52,4100
2015-12-23,146.07,143.38,140.7,143.38,2700
2015-12-24,141.59,145.62,140.7,142.04,2800
2015-12-25,143.38,143.38,141.59,141.59,4100
2015-12-28,141.59,146.07,141.59,145.62,7370
2015-12-29,145.62,143.38,138.9,138.9,3749
2015-12-31,141.59,146.97,141.59,143.38,5769
2016-01-03,145.18,146.97,143.38,143.38,5316
2016-01-04,143.38,145.62,138.9,138.9,12580
2016-01-05,141.59,142.49,141.14,141.14,3200
2016-01-06,143.38,143.38,143.38,143.38,200
2016-01-07,145.62,146.07,143.38,144.73,5000
2016-01-10,144.73,145.62,143.38,145.18,1500
2016-01-11,145.62,145.62,143.38,143.38,600
2016-01-12,143.38,145.18,142.49,142.49,4165
2016-01-13,142.49,147.42,144.28,147.42,800
2016-01-14,145.62,147.42,142.94,146.07,16613
2016-01-17,148.76,151.0,147.86,147.86,1700
2016-01-18,150.1,152.35,149.21,151.45,6398
2016-01-19,151.0,152.35,150.1,150.1,750
2016-01-20,150.1,150.1,148.31,148.31,2500
2016-01-21,148.31,146.97,143.38,146.97,5500
2016-01-24,146.97,151.45,143.38,151.45,7375
2016-01-25,151.45,151.45,146.07,149.21,7911
2016-01-26,149.21,149.66,145.62,145.62,4331
2016-01-27,145.62,148.31,146.07,148.31,3080
2016-01-28,148.31,148.31,147.86,147.86,1593
2016-01-31,147.86,147.86,145.18,145.18,1300
2016-02-01,145.18,155.93,145.62,153.24,10400
2016-02-02,155.93,155.93,152.35,152.35,500
2016-02-03,152.35,152.35,147.86,147.86,4400
2016-02-04,147.86,147.86,146.97,147.86,1100
2016-02-07,147.86,153.24,147.86,151.45,3870
2016-02-08,151.45,148.76,146.07,146.07,2000
2016-02-11,146.07,146.07,136.66,146.07,8586
2016-02-14,144.28,144.28,140.7,140.7,1466
2016-02-15,143.38,143.38,143.38,143.38,263
2016-02-16,143.38,144.73,143.38,144.73,2801
2016-02-17,144.73,145.18,142.04,145.18,2400
2016-02-18,145.18,149.21,145.62,147.86,7198
2016-02-21,150.1,150.1,147.86,149.21,2300
2016-02-22,146.97,148.76,146.97,148.76,2733
2016-02-23,148.76,148.31,146.97,146.97,900
2016-02-24,144.73,144.73,144.28,144.28,4800
2016-02-25,146.97,146.97,142.49,144.28,2950
2016-02-28,144.28,144.73,142.04,143.38,3030
2016-02-29,143.38,143.38,143.38,143.38,482
2016-03-01,143.38,144.28,143.38,143.83,8380
2016-03-02,141.59,143.83,141.59,142.49,9493
2016-03-03,142.49,145.18,141.59,144.73,3470
2016-03-06,144.73,147.42,142.04,147.42,5533
2016-03-10,144.73,147.86,143.38,147.86,6880
2016-03-13,147.86,148.76,145.62,145.62,4880
2016-03-14,147.86,147.86,146.07,146.07,1220
2016-03-15,147.86,147.86,146.07,146.07,3880
2016-03-16,147.42,146.97,146.97,146.97,400
2016-03-17,148.76,149.21,146.07,146.97,5153
2016-03-20,146.97,149.66,146.97,147.42,6339
2016-03-21,147.42,148.76,147.42,147.86,4900
2016-03-23,145.62,147.86,145.62,147.86,1800
2016-03-24,147.86,148.76,146.52,146.52,5613
2016-03-27,146.52,148.76,146.07,146.52,13264
2016-03-28,146.52,151.45,148.31,150.1,7257
2016-03-29,147.86,148.76,147.86,148.76,3900
2016-03-30,148.76,154.14,150.1,150.1,1758
2016-03-31,150.1,149.21,148.31,148.31,541
2016-04-03,148.31,152.35,151.0,152.35,1560
2016-04-04,152.35,152.35,150.55,152.35,3000
2016-04-05,154.59,154.59,151.45,151.45,3858
2016-04-06,151.45,151.0,150.55,150.55,1850
2016-04-10,150.55,150.1,147.86,150.1,3245
2016-04-11,150.1,152.79,150.55,152.79,600
2016-04-12,152.79,154.14,152.79,154.14,3107
2016-04-14,154.14,155.93,153.24,155.93,2300
2016-04-17,154.59,156.38,153.24,153.69,1300
2016-04-18,153.69,157.27,153.69,157.27,10490
2016-04-19,157.27,163.55,158.17,158.17,900
2016-04-20,158.17,159.51,156.83,159.07,7946
2016-04-21,159.07,165.34,158.17,160.41,7352
2016-04-24,160.41,163.55,159.07,160.86,4286
2016-04-25,160.86,167.58,161.31,162.2,5900
2016-04-26,162.2,168.48,164.89,164.89,1300
2016-04-27,164.89,164.89,159.07,159.07,2200
2016-04-28,159.07,158.62,156.83,158.17,2498
2016-05-02,158.17,156.83,156.83,156.83,500
2016-05-03,156.83,163.1,159.07,159.96,77878
2016-05-04,159.96,163.55,156.83,161.31,7988
2016-05-05,161.31,164.44,159.07,164.44,4132
2016-05-08,164.44,163.55,161.31,161.31,2100
2016-05-09,161.31,162.65,160.86,162.2,3000
2016-05-10,163.55,163.55,161.31,163.1,6229
2016-05-11,163.1,166.24,160.86,165.79,2734
2016-05-12,163.55,165.34,161.31,161.31,35600
2016-05-15,161.31,163.55,161.31,163.1,7659
2016-05-16,163.1,163.55,158.17,161.31,34200
2016-05-17,159.51,162.65,159.07,162.65,3324
2016-05-18,162.65,168.92,161.31,163.1,28600
2016-05-19,163.1,165.79,161.31,163.55,2630
2016-05-22,163.55,165.79,158.17,161.31,123900
2016-05-23,161.31,163.1,159.07,161.31,3406
2016-05-24,161.31,163.1,158.62,161.31,1580
2016-05-25,161.31,161.31,158.17,159.07,2203
2016-05-26,159.07,159.07,155.03,155.03,9541
2016-05-29,155.03,158.62,155.03,156.83,5450
2016-05-30,156.83,159.07,154.14,154.59,7400
2016-05-31,154.59,157.27,154.59,155.93,6737
2016-06-01,155.93,157.27,152.35,156.83,11600
2016-06-02,156.83,163.1,156.83,159.96,3420
2016-06-05,159.96,175.65,163.1,175.65,64476
2016-06-06,175.65,193.12,163.55,172.06,122077
2016-06-07,169.82,172.06,165.79,168.48,12316
2016-06-08,168.48,177.44,165.34,165.34,7126
2016-06-09,165.79,170.27,159.96,164.89,19291
2016-06-12,164.89,174.3,165.79,165.79,6898
2016-06-13,165.79,172.06,162.65,164.89,11015
2016-06-14,168.03,174.3,166.68,170.27,20349
2016-06-15,171.61,171.61,168.92,169.37,9415
2016-06-16,169.37,172.51,166.24,166.68,9085
2016-06-19,166.68,168.03,164.44,165.79,14911
2016-06-20,165.79,166.68,163.1,164.89,13500
2016-06-21,164.89,165.79,163.55,163.55,7600
2016-06-22,166.68,170.27,164.0,169.82,28316
2016-06-23,169.82,170.27,168.03,170.27,6425
2016-06-26,170.27,170.27,166.24,169.37,8364
2016-06-27,169.37,171.16,165.79,166.68,4740
2016-06-28,166.68,168.92,166.24,168.92,11520
2016-06-29,168.92,173.4,170.27,170.27,13706
2016-06-30,170.27,172.96,167.13,170.72,8849
2016-07-03,170.72,172.96,169.82,169.82,13264
2016-07-04,169.82,170.27,166.68,170.27,10775
2016-07-05,168.92,169.37,168.92,168.92,1400
2016-07-06,169.82,179.68,166.68,172.06,102028
2016-07-10,172.06,176.54,170.27,172.96,31301
2016-07-11,172.96,170.27,168.03,168.03,34740
2016-07-12,168.03,170.27,164.0,166.68,9720
2016-07-13,166.68,170.27,162.65,169.82,7736
2016-07-14,170.27,170.27,166.68,168.03,12575
2016-07-17,168.03,172.51,166.68,166.68,8813
2016-07-18,166.68,170.27,167.13,167.13,20407
2016-07-19,169.37,172.51,166.68,172.51,6671
2016-07-20,172.51,173.85,163.55,169.82,50116
2016-07-21,169.82,174.75,169.82,170.27,13604
2016-07-25,170.27,176.99,172.51,174.75,8835
2016-07-26,174.75,180.57,172.51,178.78,30306
2016-07-27,178.78,196.26,181.47,196.26,73121
2016-07-28,196.26,207.46,189.09,195.81,77167
2016-07-31,195.81,199.39,185.05,185.95,23775
2016-08-01,185.95,196.26,184.61,190.43,37516
2016-08-02,190.43,191.78,184.61,188.19,15203
2016-08-03,188.19,188.19,182.37,187.29,22188
2016-08-04,187.29,185.95,179.23,179.23,13249
2016-08-07,179.23,192.22,179.23,179.23,18178
2016-08-08,179.23,181.92,172.51,173.4,13040
2016-08-09,176.54,186.85,176.54,186.85,400
2016-08-10,190.43,194.02,181.47,181.92,16962
2016-08-11,182.37,183.26,179.68,182.81,13249
2016-08-14,179.23,179.23,166.68,172.96,28115
2016-08-15,175.65,175.65,164.0,165.34,18075
2016-08-16,168.03,172.51,165.79,172.51,8975
2016-08-17,172.96,178.33,169.37,176.54,11044
2016-08-21,181.47,185.05,175.2,185.05,66554
2016-08-22,181.47,181.47,176.09,177.44,6950
2016-08-23,179.68,179.68,172.06,176.99,7564
2016-08-24,179.23,192.67,174.75,184.16,18667
2016-08-28,185.95,185.95,179.23,183.71,13790
2016-08-29,184.16,185.05,181.47,181.47,16814
2016-08-30,181.47,184.61,181.47,183.26,10400
2016-08-31,182.81,182.81,175.65,179.23,8140
2016-09-01,182.37,182.37,176.99,179.23,8546
2016-09-04,175.65,185.05,175.65,182.37,20356
2016-09-05,181.47,188.19,180.57,188.19,13178
2016-09-06,188.19,188.19,179.23,179.23,8886
2016-09-07,182.37,182.37,177.44,179.23,4466
2016-09-08,182.81,185.5,179.23,184.61,19695
2016-09-11,188.19,188.19,179.23,181.47,11900
2016-09-12,179.23,183.71,179.23,180.57,9354
2016-09-14,182.81,189.54,182.37,183.71,33072
2016-09-18,183.71,187.29,181.47,185.95,23708
2016-09-20,185.95,188.19,184.61,186.85,15050
2016-09-21,185.05,185.95,181.92,185.95,12128
2016-09-22,184.61,187.29,182.81,186.85,11996
2016-09-25,184.61,187.29,182.81,186.85,11996
2016-09-26,184.16,188.19,183.26,187.29,15024
2016-09-27,187.29,187.29,183.71,186.85,5818
2016-09-28,186.85,186.85,184.16,185.5,9205
2016-09-29,184.16,186.85,184.16,186.4,10119
2016-10-02,185.95,186.85,185.05,185.05,8790
2016-10-03,185.5,189.98,185.05,189.09,14399
2016-10-04,188.19,200.74,188.19,195.81,41045
2016-10-05,197.15,202.98,192.22,202.98,20696
2016-10-06,207.01,219.56,201.63,213.28,111249
2016-10-16,209.25,209.25,201.63,205.22,27927
2016-10-17,209.25,209.25,199.39,202.98,9200
2016-10-18,200.29,203.87,197.15,203.87,27842
2016-10-19,201.63,203.87,199.39,203.87,4896
2016-10-20,206.11,206.11,198.94,201.19,6800
2016-10-23,197.15,201.63,197.15,201.19,12559
2016-10-24,198.5,199.84,197.15,199.39,15405
2016-10-25,197.15,197.15,195.81,195.81,3302
2016-10-26,199.39,202.98,192.67,195.36,5200
2016-10-27,192.67,196.26,192.67,194.02,1950
2016-11-03,192.67,193.57,192.67,193.57,3100
2016-11-07,194.02,194.91,193.12,194.91,8904
2016-11-08,192.67,192.67,189.98,189.98,7000
2016-11-09,188.19,194.02,183.26,183.26,14300
2016-11-10,186.85,187.29,182.81,187.29,3773
2016-11-13,184.61,189.09,183.71,186.85,32527
2016-11-14,188.19,190.43,185.05,188.19,8030
2016-11-15,188.19,189.09,184.61,184.61,4648
2016-11-16,188.19,188.19,185.95,188.19,13270
2016-11-17,184.61,185.95,182.37,182.37,11652
2016-11-20,178.78,179.23,174.75,178.33,3898
2016-11-21,175.65,181.47,171.61,181.02,12340
2016-11-22,177.44,178.78,172.51,174.75,10869
2016-11-23,175.2,175.2,165.79,165.79,5400
2016-11-24,168.92,175.2,164.0,169.37,22282
2016-11-27,166.24,166.24,152.79,152.79,5400
2016-11-28,150.1,163.1,137.56,161.31,41630
2016-11-29,158.17,161.31,145.18,161.31,44634
2016-11-30,159.07,166.24,155.93,161.31,11108
2016-12-01,158.17,162.65,155.48,157.27,3894
2016-12-04,155.48,163.1,152.35,163.1,10750
2016-12-05,160.86,161.31,154.59,157.72,11325
2016-12-06,159.07,163.55,156.83,163.55,6636
2016-12-07,160.41,161.31,159.96,161.31,2175
2016-12-08,159.51,163.1,159.51,160.41,7833
2016-12-11,159.51,159.51,153.69,153.69,3943
2016-12-12,153.78,157.23,151.31,154.27,5162
2016-12-14,152.79,155.26,152.3,153.29,2400
2016-12-15,156.24,159.2,153.78,156.24,1785
2016-12-18,155.26,159.69,155.26,156.74,2450
2016-12-19,157.72,157.72,153.78,156.24,2650
2016-12-20,156.24,156.24,153.78,153.78,1021
2016-12-21,150.82,155.26,150.82,155.26,1498
2016-12-22,156.24,156.24,152.3,152.3,500
2016-12-26,150.82,150.82,144.91,147.86,4050
2016-12-27,148.85,149.34,146.39,146.88,2100
2016-12-28,147.86,151.31,147.86,150.82,11940
2016-12-29,152.79,155.75,152.3,155.75,2900
2017-01-01,158.71,161.67,156.74,158.71,7800
2017-01-02,161.67,164.62,157.72,157.72,4890
2017-01-03,154.76,157.72,151.81,154.27,2830
2017-01-08,151.31,157.72,151.31,157.72,875
2017-01-10,157.72,157.72,156.24,156.24,200
2017-01-11,157.72,157.72,155.26,157.23,3500
2017-01-12,155.26,155.26,154.76,155.26,700
2017-01-15,153.78,153.78,153.29,153.29,2200
2017-01-16,152.79,152.79,152.79,152.79,2655
2017-01-17,150.33,155.75,149.84,155.26,2208
2017-01-18,153.29,154.27,150.82,152.79,700
2017-01-19,152.79,152.79,151.31,151.31,1300
2017-01-22,154.27,154.27,152.3,152.3,1600
2017-01-23,155.26,155.26,149.34,151.81,6225
2017-01-24,150.33,152.3,149.84,150.82,1250
2017-01-25,150.82,150.82,144.91,144.91,6750
2017-01-26,147.37,147.86,140.47,142.94,6300
2017-01-30,140.47,140.47,128.64,128.64,8962
2017-01-31,126.18,141.46,126.18,141.46,9050
2017-02-01,140.47,146.88,140.47,146.88,1700
2017-02-02,144.41,146.88,141.46,142.94,5195
2017-02-05,142.94,142.94,142.94,142.94,100
2017-02-06,140.47,140.47,138.01,138.01,3700
2017-02-07,135.54,135.54,133.08,133.57,4494
2017-02-08,131.6,133.08,128.15,128.64,7905
2017-02-09,131.11,133.08,128.64,128.64,3931
2017-02-12,129.63,133.08,123.71,131.11,8665
2017-02-13,133.08,134.06,128.15,129.13,9941
2017-02-14,131.6,136.53,128.15,133.08,10625
2017-02-15,135.54,138.01,130.61,138.01,39884
2017-02-16,138.01,142.94,135.54,141.95,5179
2017-02-19,137.02,141.95,135.54,136.53,6625
2017-02-20,138.01,141.95,134.56,136.04,8173
2017-02-21,138.01,138.99,134.56,137.51,7672
2017-02-22,135.54,136.53,131.11,133.08,6785
2017-02-23,130.61,135.54,130.61,135.54,7131
2017-02-26,133.08,133.08,130.61,132.59,700
2017-02-28,130.61,130.61,125.19,128.64,5900
2017-03-01,131.11,132.09,129.13,132.09,14700
2017-03-02,134.56,144.91,134.56,144.91,31037
2017-03-05,147.37,155.75,146.88,150.33,17799
2017-03-06,150.33,152.79,147.86,150.33,13875
2017-03-07,147.37,147.86,144.91,145.89,10094
2017-03-09,147.86,150.82,147.86,147.86,7650
2017-03-13,150.82,153.78,147.86,147.86,8310
2017-03-14,147.86,148.36,145.4,146.88,9000
2017-03-15,147.86,147.86,147.37,147.86,6590
2017-03-16,149.84,149.84,145.4,146.88,6200
2017-03-19,146.88,151.81,149.34,151.81,3827
2017-03-20,149.34,160.19,149.34,158.71,16167
2017-03-21,160.19,162.16,152.79,162.16,12856
2017-03-22,165.12,171.03,160.19,160.19,14975
2017-03-23,160.19,160.19,158.71,159.2,2975
2017-03-26,161.67,168.07,161.67,168.07,11535
2017-03-28,168.07,175.96,161.67,172.51,22065
2017-03-29,172.51,173.49,165.12,167.58,19114
2017-03-30,167.58,170.04,162.65,166.59,16651
2017-04-02,166.59,174.97,164.13,174.97,8473
2017-04-03,178.42,188.77,169.55,169.55,15079
2017-04-04,172.51,179.41,169.06,177.44,13752
2017-04-06,178.42,174.97,172.51,172.51,19284
2017-04-09,169.06,172.51,169.06,169.55,13120
2017-04-10,172.51,175.47,171.03,175.47,8600
2017-04-11,176.94,177.44,174.48,176.94,3400
2017-04-12,180.39,183.35,174.97,175.47,21761
2017-04-13,172.02,177.44,172.02,176.45,2245
2017-04-16,173.0,173.99,170.54,170.54,7740
2017-04-18,168.07,170.54,164.62,167.58,5799
2017-04-19,166.59,174.48,169.55,174.48,2456
2017-04-20,173.99,177.44,172.51,175.96,4035
2017-04-23,179.41,186.31,175.47,175.96,2200
2017-04-24,173.49,173.99,172.51,172.51,5900
2017-04-25,175.96,175.96,171.52,174.97,15296
2017-04-26,176.45,176.45,172.02,173.0,2700
2017-04-27,172.51,182.37,170.04,179.41,3925
2017-04-30,175.96,175.96,172.51,172.51,15120
2017-05-02,172.51,172.51,169.06,169.06,2228
2017-05-03,172.02,175.47,172.02,172.02,13485
2017-05-04,173.99,174.97,170.04,171.03,5725
2017-05-07,173.0,173.0,165.61,167.58,11375
2017-05-08,168.57,175.47,167.09,175.47,41250
2017-05-09,175.47,176.45,172.51,175.96,3500
2017-05-11,175.47,177.44,172.51,175.96,13600
2017-05-15,179.41,182.86,172.51,177.44,19379
2017-05-16,177.44,180.89,175.47,175.47,6448
2017-05-17,177.44,179.9,177.44,177.44,1894
2017-05-18,177.44,180.39,171.52,180.39,10781
2017-05-21,183.84,183.84,176.45,176.45,4216
2017-05-22,177.44,177.44,176.94,177.44,2900
2017-05-23,178.42,180.89,177.93,178.42,10795
2017-05-24,177.93,179.41,175.96,175.96,2975
2017-05-28,178.42,179.9,175.47,177.44,14335
2017-05-30,179.9,179.9,175.47,177.44,68001
2017-05-31,177.44,179.9,175.47,179.9,15086
2017-06-01,179.9,181.38,176.45,177.93,7625
2017-06-04,175.96,176.45,175.96,176.45,1550
2017-06-05,177.44,179.41,176.45,176.45,3732
2017-06-06,176.94,182.37,176.45,181.87,32462
2017-06-07,184.34,184.34,177.44,179.41,5449
2017-06-08,182.37,182.37,174.97,174.97,10645
2017-06-11,173.0,178.42,171.52,178.42,18027
2017-06-12,176.45,176.45,172.51,176.45,3143
2017-06-13,173.0,177.44,173.0,177.44,2222
2017-06-14,176.94,177.44,173.49,173.49,8385
2017-06-15,175.96,176.45,170.04,176.45,8637
2017-06-18,176.45,175.96,171.03,174.97,13879
2017-06-19,172.02,173.0,170.04,173.0,10460
2017-06-20,170.54,173.0,168.57,170.54,16421
2017-06-21,172.02,173.0,168.57,173.0,17973
2017-06-22,173.99,174.97,171.52,174.97,17318
2017-06-25,173.49,175.96,173.0,175.47,9003
2017-06-27,177.93,177.93,173.0,175.96,12754
2017-06-28,174.97,177.93,170.54,176.94,21053
2017-07-02,175.47,179.9,173.99,179.9,18433
2017-07-03,177.44,177.44,175.96,176.45,6675
2017-07-04,174.97,177.93,173.0,177.44,4120
2017-07-05,176.94,178.42,176.45,177.44,10922
2017-07-06,177.93,182.37,176.45,182.37,15947
2017-07-09,182.37,183.35,173.0,180.39,17935
2017-07-10,177.44,179.41,177.44,177.93,203779
2017-07-11,178.92,180.89,178.92,180.39,3060
2017-07-12,180.39,180.39,175.96,180.39,209173
2017-07-13,180.39,180.39,177.44,177.44,8019
2017-07-16,177.44,178.42,176.45,176.94,6234
2017-07-17,177.93,178.92,177.44,177.44,7064
2017-07-18,179.9,184.83,178.42,182.37,11700
2017-07-19,185.32,185.32,180.39,184.34,14552
2017-07-20,182.37,182.86,182.37,182.37,2263
2017-07-23,182.37,183.35,180.39,182.37,5351
2017-07-24,182.37,181.87,179.41,179.9,3110
2017-07-25,178.92,179.9,177.93,179.9,3998
2017-07-26,179.9,182.37,178.92,182.37,1030
2017-07-27,179.41,179.9,179.41,179.41,1422
2017-07-30,177.44,180.89,177.44,180.89,5105
2017-07-31,183.84,197.15,182.37,191.73,54015
2017-08-01,192.22,196.17,189.76,189.76,23006
2017-08-02,193.21,194.2,186.8,189.76,6248
2017-08-03,189.76,188.28,183.84,188.28,4818
2017-08-06,189.76,190.75,183.84,185.32,6945
2017-08-07,188.77,192.22,186.31,187.29,12269
2017-08-09,187.29,189.76,186.31,189.27,13695
2017-08-10,187.29,189.76,186.31,189.76,9936
2017-08-13,186.8,187.29,184.83,185.82,10450
2017-08-15,182.37,184.34,182.37,183.35,900
2017-08-16,186.8,188.28,182.37,184.83,3007
2017-08-17,184.83,185.32,183.35,185.32,5460
2017-08-20,182.37,188.77,182.37,184.83,9202
2017-08-21,181.87,185.32,181.87,185.32,13955
2017-08-22,184.83,187.29,184.83,185.82,3865
2017-08-23,185.32,186.31,184.83,185.32,4198
2017-08-24,185.32,186.8,185.82,185.82,3017
2017-08-27,185.82,184.83,184.34,184.34,4228
2017-08-28,183.84,184.34,183.84,183.84,970
2017-08-30,183.84,182.37,180.89,182.37,2697
2017-08-31,182.37,181.38,179.41,179.9,8868
2017-09-04,183.35,183.35,177.93,178.92,9936
2017-09-06,180.89,180.89,177.93,178.92,870
2017-09-07,177.93,180.39,177.44,178.42,13618
2017-09-10,175.47,175.96,172.51,175.96,17934
2017-09-11,175.96,177.44,175.96,177.44,1040
2017-09-12,174.48,176.45,174.48,174.97,3800
2017-09-13,173.99,175.96,172.51,175.96,5450
2017-09-14,177.93,177.93,175.47,177.44,12451
2017-09-17,174.97,178.42,174.97,176.45,5825
2017-09-18,176.94,177.44,175.47,175.47,5283
2017-09-20,175.96,176.94,175.96,175.96,6680
2017-09-25,174.48,176.45,174.48,176.45,1255
2017-09-26,176.45,176.45,176.45,176.45,500
2017-10-03,176.45,176.45,176.45,176.45,1200
2017-10-04,173.0,179.9,173.0,179.9,13291
2017-10-08,176.45,176.45,173.0,174.97,1317
2017-10-09,173.49,175.47,172.51,175.47,2800
2017-10-10,177.44,177.44,173.99,173.99,6700
2017-10-11,177.44,177.44,175.96,175.96,8001
2017-10-12,175.96,176.45,175.47,176.45,600
2017-10-15,176.45,177.44,176.45,177.44,1891
2017-10-16,177.44,183.35,177.44,183.35,4909
2017-10-17,179.9,182.37,179.9,182.37,600
2017-10-18,178.92,183.35,178.92,183.35,4450
2017-10-22,183.35,183.35,177.93,177.93,9090
2017-10-23,177.93,179.9,174.48,177.93,7129
2017-10-24,177.93,177.93,176.45,177.44,1607
2017-10-25,179.41,179.41,174.97,177.93,11550
2017-10-29,179.41,179.41,175.96,176.94,16802
2017-10-30,174.97,174.97,173.49,174.48,310
2017-10-31,173.0,173.0,172.51,172.51,500
2017-11-01,172.51,175.96,172.51,173.49,1300
2017-11-02,172.51,172.51,171.52,172.51,2870
2017-11-05,171.52,172.02,167.58,171.52,3885
2017-11-06,171.52,172.51,169.06,172.02,842
2017-11-07,172.51,172.51,167.09,170.04,2494
2017-11-08,167.09,169.06,162.65,162.65,14470
2017-11-09,165.12,166.59,162.65,162.65,6312
2017-11-12,162.65,165.12,162.16,164.62,6780
2017-11-13,167.58,167.58,161.67,164.62,24087
2017-11-14,163.64,165.12,162.65,164.62,15015
2017-11-15,165.12,165.12,162.65,163.14,12460
2017-11-16,160.19,161.17,158.21,158.71,12913
2017-11-19,158.71,158.71,152.3,152.3,72575
2017-11-20,152.47,155.31,148.51,150.21,1400
2017-11-21,147.94,152.47,147.94,150.21,1411
2017-11-22,150.21,155.31,148.51,155.31,2860
2017-11-23,155.31,158.14,154.17,154.74,2252
2017-11-26,154.74,157.57,155.87,155.87,3100
2017-11-27,153.61,155.87,151.34,151.34,5615
2017-11-28,153.04,154.74,153.04,154.17,2200
2017-11-29,156.44,160.98,154.17,159.27,6699
2017-11-30,162.11,164.38,158.71,159.84,9480
2017-12-04,159.27,160.98,159.27,159.84,10283
2017-12-05,159.84,159.84,157.57,158.71,3439
2017-12-06,155.87,167.21,155.87,158.71,15444
2017-12-10,161.54,164.38,159.84,159.84,3200
2017-12-11,161.54,161.54,156.44,158.71,4828
2017-12-12,157.01,157.01,156.44,156.44,1100
2017-12-13,156.44,158.71,155.87,158.71,6100
2017-12-14,155.87,155.87,155.87,155.87,1400
2017-12-17,155.31,156.44,154.74,156.44,4177
2017-12-18,158.71,158.71,155.31,155.31,3639
2017-12-19,154.17,154.74,153.61,153.61,2715
2017-12-20,153.61,154.17,153.61,154.17,1163
2017-12-21,157.01,157.57,154.17,154.17,4301
2017-12-24,155.87,155.87,153.04,153.04,4200
2017-12-26,152.47,153.04,151.91,153.04,1405
2017-12-27,151.34,152.47,151.34,152.47,600
2017-12-28,151.34,152.47,150.77,152.47,1185
2017-12-31,150.21,153.04,150.21,153.04,2090
2018-01-01,153.04,161.54,153.04,161.54,3337
2018-01-02,158.71,161.54,155.87,157.01,5139
2018-01-03,154.74,154.74,154.17,154.74,700
2018-01-04,154.17,157.57,154.17,154.74,866
2018-01-08,154.17,154.17,153.04,153.04,1700
2018-01-09,153.04,159.84,154.17,159.27,4900
2018-01-10,161.54,161.54,158.71,158.71,1800
2018-01-14,159.84,159.84,157.01,157.01,1700
2018-01-16,155.87,155.87,155.87,155.87,853
2018-01-17,155.31,155.87,154.74,154.74,2030
2018-01-21,154.17,157.57,154.17,157.57,800
2018-01-23,154.74,154.74,152.47,154.17,1625
2018-01-24,155.87,155.87,154.74,154.74,1200
2018-01-25,157.01,157.01,157.01,157.01,140
2018-01-28,155.87,157.01,153.04,154.17,3100
2018-01-29,153.61,153.61,153.04,153.04,3200
2018-01-31,153.04,155.87,153.04,155.87,4325
2018-02-01,154.17,156.44,154.17,155.31,3950
2018-02-04,154.74,154.74,153.61,153.61,3780
2018-02-05,153.04,153.61,153.04,153.04,6640
2018-02-06,151.91,153.61,151.91,152.47,24500
2018-02-07,154.74,154.74,151.34,151.34,828
2018-02-08,152.47,153.04,151.34,151.34,4906
2018-02-11,151.91,151.91,151.34,151.34,3200
2018-02-12,151.34,151.34,150.77,150.77,4189
2018-02-14,150.21,150.77,149.64,150.77,3629
2018-02-15,153.61,155.31,153.04,153.04,4391
2018-02-18,153.04,155.87,149.07,149.07,11697
2018-02-20,151.91,151.91,149.64,141.14,3876
2018-02-21,149.64,149.64,148.51,148.51,13308
2018-02-22,148.51,148.51,147.37,147.37,2486
2018-02-25,146.24,147.37,146.24,147.37,1197
2018-02-26,150.21,150.21,142.84,142.84,3826
2018-02-27,145.1,145.67,143.97,145.67,1374
2018-02-28,143.4,143.4,142.84,143.4,500
2018-03-04,141.7,142.84,138.87,139.44,3543
2018-03-05,137.74,141.14,137.17,141.14,1396
2018-03-06,138.87,142.84,136.04,138.87,2881
2018-03-07,141.14,143.97,140.57,140.57,3725
2018-03-11,140.57,138.3,136.6,136.6,1067
2018-03-12,136.6,137.74,134.33,134.33,4096
2018-03-13,132.63,141.7,130.37,141.7,21131
2018-03-14,144.54,144.54,136.04,138.3,14024
2018-03-15,136.04,147.94,136.04,145.1,8158
2018-03-18,142.27,142.27,138.3,138.3,9955
2018-03-19,140.57,140.57,136.04,136.04,4790
2018-03-20,136.04,139.44,136.04,137.74,3713
2018-03-21,137.17,139.44,135.47,137.74,4156
2018-03-22,136.6,139.44,132.63,132.63,16896
2018-03-26,130.37,130.93,125.83,125.83,9059
2018-03-27,125.83,136.04,125.83,134.9,2014
2018-03-28,134.33,137.17,133.77,136.04,6833
2018-03-29,134.9,136.04,134.33,136.04,6813
2018-04-01,133.77,133.77,130.93,133.2,3770
2018-04-02,133.2,133.2,131.5,131.5,315
2018-04-03,133.2,133.2,133.2,133.2,1189
2018-04-04,135.47,137.17,134.33,136.6,1082
2018-04-05,136.04,138.3,136.04,136.04,7798
2018-04-08,138.3,145.67,137.74,143.97,9583
2018-04-09,143.97,143.97,138.87,140.57,2442
2018-04-10,140.57,142.84,140.0,141.7,2598
2018-04-11,143.97,143.97,137.74,138.87,3477
2018-04-12,140.57,141.14,137.74,141.14,2440
2018-04-15,141.14,141.7,138.87,141.7,4270
2018-04-16,141.7,146.8,141.14,144.54,12091
2018-04-17,144.54,150.21,144.54,149.64,17107
2018-04-18,152.47,160.41,145.1,153.61,16474
2018-04-19,155.87,158.14,151.34,155.31,16130
2018-04-22,155.31,160.41,155.31,159.27,19508
2018-04-23,157.01,158.14,149.07,152.47,14083
2018-04-24,155.31,155.31,147.94,151.91,8385
2018-04-25,151.91,151.91,149.07,149.64,3006
2018-04-26,147.37,153.04,146.8,146.8,53313
2018-04-29,145.1,152.47,144.54,150.21,10264
2018-05-02,150.21,151.91,149.07,151.91,1800
2018-05-03,153.04,153.04,148.51,150.77,12637
2018-05-06,148.51,149.64,143.4,147.37,7699
2018-05-07,147.37,150.21,144.54,145.67,4950
2018-05-08,144.54,147.94,143.4,147.94,3335
2018-05-09,147.94,150.77,147.94,147.94,200
2018-05-10,147.94,148.51,145.1,145.1,1078
2018-05-14,144.54,147.37,144.54,146.24,2652
2018-05-15,146.24,146.24,143.4,143.4,412
2018-05-16,142.84,147.37,142.84,147.37,1336
2018-05-17,147.37,147.94,145.1,147.94,2475
2018-05-20,146.8,147.37,145.1,145.1,2872
2018-05-21,144.54,147.37,143.97,147.37,4381
2018-05-22,145.1,147.94,144.54,147.94,3407
2018-05-23,147.37,147.37,145.1,147.37,363
2018-05-24,147.37,147.37,143.97,147.37,1895
2018-05-27,144.54,144.54,143.4,143.4,968
2018-05-28,143.4,151.91,142.27,151.91,3018
2018-05-29,150.21,150.21,148.51,148.51,600
2018-05-30,145.67,151.34,145.67,148.51,3850
2018-05-31,147.37,147.37,142.84,146.8,4912
2018-06-03,143.97,143.97,141.14,141.7,4000
2018-06-04,138.87,143.4,138.87,139.44,2062
2018-06-06,140.57,140.57,137.74,138.3,8746
2018-06-07,140.57,140.57,137.74,138.3,8746
2018-06-10,136.6,138.3,134.33,135.47,5829
2018-06-11,136.6,141.14,136.6,140.0,1950
2018-06-12,140.0,140.0,137.17,137.17,550
2018-06-13,136.6,138.87,136.04,138.3,5445
2018-06-14,138.87,141.14,138.87,141.14,650
2018-06-17,143.4,146.24,142.27,146.24,300
2018-06-21,143.4,143.4,137.74,137.74,3778
2018-06-24,139.44,140.0,137.74,137.74,2509
2018-06-25,137.74,137.74,137.74,137.74,100
2018-06-26,135.47,136.04,133.2,133.2,4688
2018-06-27,134.33,136.6,134.33,134.33,1500
2018-06-28,133.2,134.9,130.37,134.33,102478
2018-07-01,133.2,135.47,132.63,132.63,2670
2018-07-02,136.04,136.6,136.04,136.04,3599
2018-07-03,133.2,134.33,131.5,134.33,1972
2018-07-04,136.04,136.04,134.33,134.9,10862
2018-07-05,136.04,140.0,135.47,140.0,6793
2018-07-08,139.44,144.54,137.74,144.54,900
2018-07-10,147.37,147.37,144.54,144.54,200
2018-07-11,147.37,147.37,134.33,134.33,1859
2018-07-12,136.6,138.87,130.37,130.37,9938
2018-07-15,132.63,137.17,132.63,135.47,2002
2018-07-16,136.04,137.74,136.04,137.74,1300
2018-07-17,135.47,135.47,132.63,132.63,6000
2018-07-18,132.63,132.63,132.63,132.63,530
2018-07-19,133.2,135.47,132.63,135.47,3478
2018-07-22,133.77,133.77,131.5,131.5,643
2018-07-24,130.37,139.44,130.37,136.6,4497
2018-07-25,134.9,134.9,134.33,134.9,1539
2018-07-26,133.2,138.87,132.63,138.87,1800
2018-07-29,141.14,143.4,136.6,136.6,1027
2018-07-30,136.04,136.04,136.04,136.04,1105
2018-07-31,138.3,138.3,133.77,133.77,1223
2018-08-01,134.9,136.04,134.9,136.04,3616
2018-08-02,136.04,136.6,136.04,136.04,3599
2018-08-05,133.77,136.04,133.77,136.04,2551
2018-08-06,134.9,136.04,134.9,135.47,4486
2018-08-07,133.77,138.87,133.77,138.87,841
2018-08-08,141.14,143.4,141.14,143.4,200
2018-08-09,140.57,140.57,140.57,140.57,100
2018-08-12,142.84,142.84,142.84,142.84,100
2018-08-13,140.0,143.97,137.74,140.57,4790
2018-08-14,138.3,140.57,136.04,140.57,3194
2018-08-15,139.44,142.27,138.3,141.7,5803
2018-08-16,141.7,144.54,140.0,140.0,6003
2018-08-19,138.87,138.87,137.17,138.3,700
2018-08-20,134.9,137.17,134.9,136.6,3375
2018-08-21,136.04,136.6,136.04,136.6,1610
2018-08-22,138.87,140.57,136.6,136.6,1020
2018-08-23,134.9,136.04,132.63,136.04,5300
2018-08-26,136.6,136.6,135.47,136.6,2600
2018-08-28,136.04,137.17,136.04,137.17,2374
2018-08-29,138.87,138.87,137.17,137.17,2088
2018-08-30,136.04,137.74,136.04,136.04,2220
2018-09-02,135.47,139.44,135.47,137.74,7381
2018-09-03,141.14,143.4,138.87,138.87,3131
2018-09-04,140.0,141.14,140.0,140.57,2245
2018-09-05,142.27,142.84,139.44,141.7,2133
2018-09-06,144.54,144.54,140.57,141.7,4845
2018-09-09,141.7,141.7,141.7,141.7,500
2018-09-10,138.87,138.87,137.17,137.17,777
2018-09-11,139.44,141.7,139.44,141.7,2566
2018-09-12,141.7,141.7,141.7,141.7,1345
2018-09-13,144.54,145.1,141.7,145.1,1801
2018-09-16,145.67,145.67,145.67,145.67,500
2018-09-17,143.4,143.4,142.84,143.4,500
2018-09-18,143.4,143.97,140.57,140.57,5284
2018-09-20,140.57,142.84,140.57,142.84,10767
2018-09-23,141.14,143.4,141.14,143.4,1915
2018-09-25,143.97,144.54,143.97,144.54,1778
2018-09-26,143.97,143.97,141.7,143.97,2844
2018-09-27,146.8,146.8,145.1,145.1,300
2018-09-30,142.27,144.54,141.7,142.27,201412
2018-10-01,143.97,145.1,141.14,141.14,6875
2018-10-02,140.0,142.27,140.0,141.14,2115
2018-10-03,141.7,142.27,140.0,142.27,11706
2018-10-04,141.14,141.7,138.87,139.44,3045
2018-10-07,137.74,138.87,136.04,136.6,70549
2018-10-08,138.87,143.4,138.87,141.14,729
2018-10-09,139.44,139.44,139.44,139.44,100
2018-10-10,138.87,138.87,137.17,138.87,873
2018-10-11,137.17,137.17,134.9,134.9,12580
2018-10-14,137.17,142.84,137.17,140.0,1110
2018-10-15,142.27,142.27,140.57,140.57,865
2018-10-21,139.44,139.44,138.87,138.87,1500
2018-10-22,139.44,141.7,139.44,141.7,12869
2018-10-23,144.54,144.54,141.7,141.7,400
2018-10-24,143.97,149.64,141.7,147.37,1102
2018-10-25,144.54,144.54,144.54,144.54,200
2018-10-28,147.37,150.21,139.44,146.24,2464
2018-10-29,143.4,143.4,140.57,140.57,1315
2018-10-30,139.44,139.44,138.3,138.3,3256
2018-10-31,138.87,138.87,138.3,138.3,515
2018-11-01,137.74,141.7,136.6,139.44,3275
2018-11-04,141.7,141.7,138.87,138.87,1500
2018-11-05,141.14,143.4,141.14,143.4,200
2018-11-14,141.14,141.14,138.87,138.87,1379
2018-11-15,138.87,140.0,138.87,140.0,100
2018-11-18,140.0,142.84,140.0,141.14,13522
2018-11-19,140.57,141.7,139.44,139.44,4537
2018-11-20,139.44,141.14,138.87,139.44,3579
2018-11-21,139.44,140.0,136.6,136.6,5172
2018-11-22,136.6,140.57,136.6,138.87,1650
2018-11-25,139.12,139.44,136.6,136.6,51250
2018-11-26,136.6,138.87,134.9,134.9,8971
2018-11-27,134.9,138.87,134.9,136.04,4711
2018-11-28,136.04,139.44,135.47,136.04,155622
2018-11-29,136.04,138.3,135.47,136.04,3769
2018-12-02,136.04,136.04,132.63,133.2,11923
2018-12-03,133.2,136.04,132.63,132.63,6100
2018-12-04,132.63,134.9,132.63,132.63,8012
2018-12-06,132.07,136.04,130.37,131.5,14537
2018-12-09,131.5,133.2,131.5,132.63,6800
2018-12-10,132.63,134.33,132.63,134.33,9877
2018-12-11,134.33,135.47,132.07,132.63,39724
2018-12-12,132.63,132.63,112.8,116.76,8212
2018-12-13,128.44,129.69,125.95,127.82,3856
2018-12-16,127.82,128.44,125.95,128.44,2455
2018-12-17,128.44,129.69,127.82,127.82,9203
2018-12-18,127.82,127.82,126.57,127.82,1310
2018-12-19,127.19,127.19,126.57,126.57,580
2018-12-20,126.57,126.57,124.08,124.08,600
2018-12-23,124.08,130.31,124.08,130.31,4700
2018-12-24,130.31,130.93,127.82,129.06,3300
2018-12-25,129.06,129.06,127.19,127.19,200
2018-12-26,127.19,131.56,127.19,131.56,4555
2018-12-27,131.56,133.43,125.32,125.95,4096
2018-12-30,125.95,128.44,125.95,128.44,3100
2018-12-31,128.44,129.69,127.19,127.19,2216
2019-01-01,127.19,129.06,125.95,126.57,1820
2019-01-02,126.57,127.19,125.95,125.95,528
2019-01-03,125.95,129.06,125.32,127.82,12229
2019-01-06,127.82,127.82,125.95,127.19,7752
2019-01-07,127.19,128.44,126.57,128.44,5900
2019-01-08,128.44,128.44,127.19,127.19,545
2019-01-09,127.19,127.82,127.19,127.82,2400
2019-01-10,127.82,127.82,127.19,127.19,750
2019-01-13,127.19,127.19,126.57,126.57,960
2019-01-14,126.57,128.44,126.57,127.82,1800
2019-01-15,127.82,127.82,127.19,127.82,3602
2019-01-16,127.82,127.82,127.82,127.82,362
2019-01-17,127.82,128.44,127.19,127.19,1550
2019-01-20,127.19,128.44,127.19,127.82,627
2019-01-21,127.82,128.44,125.95,125.95,4140
2019-01-22,125.95,128.44,125.95,127.82,9912
2019-01-23,127.82,127.82,127.19,127.19,250
2019-01-24,127.19,129.06,127.19,127.82,4924
2019-01-27,127.82,127.82,125.95,126.57,7090
2019-01-28,126.57,127.19,124.7,126.57,5803
2019-01-29,126.57,127.19,124.7,126.57,4604
2019-01-30,126.57,127.82,125.32,126.57,3684
2019-01-31,126.57,127.82,124.7,127.82,4352
2019-02-03,126.57,127.82,125.95,125.95,1246
2019-02-04,125.95,126.57,125.32,126.57,2607
2019-02-05,127.82,127.82,125.95,126.57,1865
2019-02-06,125.32,126.57,125.32,125.32,1647
2019-02-07,125.32,125.95,125.32,125.32,100000
2019-02-10,126.57,127.19,125.32,127.19,4533
2019-02-11,127.82,129.06,127.19,128.44,6842
2019-02-12,129.06,129.06,127.82,127.82,4900
2019-02-13,127.82,128.44,126.57,128.44,1200
2019-02-14,125.95,128.44,125.95,125.95,2202
2019-02-17,127.19,127.19,125.95,125.95,577
2019-02-18,127.82,128.44,125.95,127.82,1591
2019-02-19,128.44,128.44,127.82,128.44,500
2019-02-20,127.19,128.44,127.19,127.19,1340
2019-02-21,127.19,127.19,127.19,127.19,635
2019-02-24,125.95,127.19,125.95,127.19,240
2019-02-25,126.57,127.19,126.57,126.57,350
2019-02-26,125.95,127.82,124.7,124.7,3410
2019-02-27,127.19,127.19,124.7,124.7,4272
2019-03-03,125.32,125.95,124.7,125.32,4055
2019-03-05,125.95,125.95,125.32,125.95,1513
2019-03-06,128.44,128.44,125.95,127.82,384
2019-03-07,125.32,127.82,124.7,127.19,1459
2019-03-09,125.95,127.82,125.32,127.82,1566
2019-03-10,125.95,127.82,125.32,127.82,1566
2019-03-11,127.19,127.82,127.19,127.82,510
2019-03-12,130.31,130.31,127.82,128.44,6550
2019-03-13,129.06,129.69,127.19,127.19,3644
2019-03-14,128.44,130.93,128.44,130.93,500
2019-03-17,133.43,133.43,128.44,128.44,1737
2019-03-18,128.44,128.44,127.19,127.19,2442
2019-03-19,127.82,127.82,127.19,127.19,400
2019-03-21,128.44,128.44,125.95,127.82,5871
2019-03-24,125.95,127.19,125.95,126.57,1430
2019-03-25,127.19,127.19,124.7,127.19,8195
2019-03-26,127.19,127.19,127.19,127.19,253
2019-03-27,127.19,129.69,129.69,129.69,100
2019-03-28,132.18,134.05,126.57,127.19,11700
2019-03-31,126.57,129.06,126.57,127.82,595
2019-04-01,129.69,130.31,129.69,130.31,400
2019-04-02,131.56,132.8,129.69,132.18,3500
2019-04-03,134.05,134.05,127.82,130.31,7728
2019-04-04,129.06,129.06,127.82,127.82,1770
2019-04-07,130.31,130.31,127.82,127.82,1448
2019-04-09,128.44,129.69,127.82,128.44,1500
2019-04-10,129.06,129.06,129.06,129.06,1100
2019-04-11,129.69,130.31,128.44,128.44,2161
2019-04-15,129.69,129.69,128.44,129.06,3255
2019-04-16,129.06,130.93,129.06,130.93,3384
2019-04-17,130.93,131.56,130.93,130.93,2200
2019-04-18,130.31,132.8,130.31,132.8,1131
2019-04-21,130.93,135.3,130.93,135.3,3127
2019-04-22,137.17,137.79,132.8,132.8,9688
2019-04-23,131.56,131.56,130.93,130.93,800
2019-04-24,132.8,135.92,132.8,135.3,2853
2019-04-25,137.79,139.04,135.3,138.42,11424
2019-04-28,140.91,147.77,140.29,147.14,6881
2019-04-29,147.77,149.64,141.53,145.27,8971
2019-04-30,144.03,144.65,140.91,143.4,12860
2019-05-02,141.53,144.65,141.53,143.4,6439
2019-05-05,142.16,143.4,140.91,140.91,8274
2019-05-06,140.91,142.16,139.04,142.16,3212
2019-05-07,142.78,154.63,142.78,149.64,30118
2019-05-08,149.64,149.64,145.9,147.14,8968
2019-05-09,149.02,149.02,143.4,145.27,3959
2019-05-12,142.78,152.13,141.53,151.51,19408
2019-05-13,150.89,155.87,149.64,154.63,21194
2019-05-14,155.25,157.74,152.13,152.76,33056
2019-05-15,155.25,156.5,150.89,150.89,11316
2019-05-16,150.89,155.87,149.02,149.02,8314
2019-05-19,151.51,151.51,148.39,149.02,6653
2019-05-20,147.77,150.26,147.14,147.77,11922
2019-05-21,146.52,149.02,146.52,147.14,3888
2019-05-22,147.77,152.76,147.77,149.64,21110
2019-05-23,151.51,161.49,148.39,152.76,57760
2019-05-26,155.25,157.74,151.51,152.13,8445
2019-05-27,150.26,152.76,149.02,151.51,8075
2019-05-28,151.51,151.51,149.02,150.89,3087
2019-05-29,152.76,153.38,148.39,150.26,12203
2019-05-30,152.76,152.76,149.02,149.64,22158
2019-06-02,149.02,149.02,147.14,149.02,10980
2019-06-03,147.77,149.02,147.77,147.77,5413
2019-06-04,147.14,149.02,144.65,149.02,10919
2019-06-06,151.51,152.13,149.02,149.02,20639
2019-06-10,144.65,149.64,144.65,146.52,8034
2019-06-11,147.14,149.02,145.27,145.27,8450
2019-06-12,145.9,146.52,144.65,145.27,15780
2019-06-13,143.4,147.14,143.4,145.27,4879
2019-06-16,144.65,145.27,142.78,143.4,6476
2019-06-17,143.4,145.9,143.4,145.27,4440
2019-06-18,145.27,147.14,144.65,144.65,4350
2019-06-19,145.9,145.9,143.4,144.03,5600
2019-06-20,144.65,146.52,144.03,144.03,7220
2019-06-23,144.65,145.27,143.4,143.4,21772
2019-06-24,145.9,147.14,145.9,145.9,20500
2019-06-25,145.9,145.9,143.4,144.03,8864
2019-06-26,144.65,147.14,144.65,144.65,377
2019-06-27,145.27,145.9,144.03,145.9,2827
2019-06-30,146.52,146.52,144.65,145.9,2648
2019-07-01,145.9,145.9,143.4,144.65,4932
2019-07-02,144.65,145.9,144.03,145.9,1100
2019-07-03,145.9,145.9,144.65,145.9,5480
2019-07-04,145.27,145.27,143.4,144.03,8219
2019-07-07,143.4,145.27,143.4,145.27,8219
2019-07-08,144.03,144.65,143.4,144.65,7786
2019-07-09,144.65,144.65,143.4,143.4,3998
2019-07-10,144.03,144.03,143.4,144.03,4956
2019-07-11,145.9,145.9,142.16,142.16,22134
2019-07-14,144.03,149.02,143.4,143.4,7449
2019-07-15,144.65,145.9,144.65,145.27,1606
2019-07-16,152.13,152.13,152.13,152.13,100
2019-07-17,149.64,149.64,144.65,147.14,4743
2019-07-18,149.64,149.64,145.27,145.27,2330
2019-07-21,144.03,146.52,144.03,144.65,915
2019-07-22,144.03,145.9,142.16,145.9,1303
2019-07-23,147.14,147.77,144.65,145.27,4497
2019-07-24,145.27,149.02,145.27,147.77,16292
2019-07-25,148.39,149.02,146.52,146.52,3916
2019-07-28,144.65,146.52,144.03,145.9,7465
2019-07-29,144.65,148.39,144.65,145.9,2310
2019-07-30,146.52,146.52,146.52,146.52,1100
2019-07-31,147.77,147.77,146.52,147.14,4660
2019-08-01,146.52,147.77,145.9,145.9,3438
2019-08-04,146.52,146.52,144.65,144.65,1242
2019-08-05,144.65,145.9,144.65,145.9,820
2019-08-06,145.27,145.27,143.4,144.03,5726
2019-08-07,146.52,147.14,144.65,144.65,24039
2019-08-08,143.4,144.03,143.4,143.4,3797
2019-08-11,143.4,144.65,143.4,144.65,4616
2019-08-12,144.65,145.9,144.65,145.9,4401
2019-08-13,145.9,145.9,144.65,144.65,1200
2019-08-14,145.27,145.27,143.4,143.4,1957
2019-08-15,145.27,145.27,143.4,144.65,1776
2019-08-18,144.65,144.65,142.16,144.65,8974
2019-08-19,144.65,146.52,142.78,143.4,72599
2019-08-20,142.16,144.65,140.91,144.03,189755
2019-08-21,145.27,145.27,140.91,142.16,180509
2019-08-22,144.03,144.03,142.78,142.78,2382
2019-08-25,142.16,143.4,142.16,143.4,2332
2019-08-26,142.16,142.78,142.16,142.16,1700
2019-08-27,143.4,143.4,142.16,142.16,959
2019-08-28,143.4,143.4,140.29,142.16,6690
2019-08-29,142.78,144.65,142.16,142.16,2243
2019-09-01,141.53,141.53,140.91,140.91,2300
2019-09-02,142.78,143.4,138.42,139.66,24359
2019-09-03,137.17,140.29,135.92,140.29,7728
2019-09-04,141.53,142.78,140.29,140.91,2670
2019-09-05,140.91,140.91,138.42,138.42,1400
2019-09-08,138.42,139.04,137.79,139.04,3701
2019-09-09,139.04,139.04,135.92,135.92,4581
2019-09-10,137.17,139.66,135.3,139.66,2300
2019-09-11,137.79,139.66,135.92,136.55,208860
2019-09-12,137.17,137.17,135.3,135.3,6700
2019-09-15,134.67,134.67,132.8,132.8,3793
2019-09-16,132.18,135.3,131.56,132.18,16043
2019-09-17,133.43,137.79,133.43,135.3,2159
2019-09-18,137.79,139.04,134.05,138.42,4113
2019-09-19,139.04,139.04,135.92,135.92,4710
2019-09-22,134.67,134.67,131.56,131.56,1838
2019-09-23,132.18,134.05,130.93,130.93,4084
2019-09-24,133.43,133.43,133.43,133.43,1370
2019-09-26,135.3,135.3,132.8,133.43,850
2019-09-29,130.93,130.93,130.31,130.31,2250
2019-09-30,132.18,135.3,132.18,135.3,1629
2019-10-01,135.3,136.55,134.67,135.3,5442
2019-10-02,134.67,134.67,131.56,131.56,1618
2019-10-03,132.8,134.05,124.7,132.8,156504
2019-10-10,130.93,132.18,130.93,132.18,2700
2019-10-14,132.18,132.18,128.44,129.06,7473
2019-10-15,129.06,130.31,127.82,129.06,9901
2019-10-16,129.69,129.69,128.44,128.44,1638
2019-10-17,129.06,129.69,127.82,129.06,5400
2019-10-21,131.56,131.56,127.82,129.69,12864
2019-10-22,129.69,130.93,128.44,128.44,3900
2019-10-23,129.69,130.31,128.44,129.06,19315
2019-10-24,127.82,130.93,127.19,129.06,21883
2019-10-31,129.69,129.69,129.69,129.69,500
2019-11-03,129.69,129.69,128.44,129.69,16308
2019-11-04,130.93,130.93,129.69,129.69,700
2019-11-05,129.69,129.69,129.06,129.06,1318
2019-11-06,129.06,129.06,128.44,129.06,1500
2019-11-07,129.06,129.06,127.19,128.44,6321
2019-11-10,127.19,127.19,126.57,127.19,3462
2019-11-11,129.69,130.31,129.06,130.31,3350
2019-11-12,130.31,130.31,127.19,129.06,1320
2019-11-13,129.69,129.69,127.19,129.06,3557
2019-11-14,129.06,129.69,129.06,129.06,500
2019-11-17,129.06,129.06,125.32,126.57,7667
2019-11-18,126.57,127.19,125.95,127.19,2578
2019-11-19,129.69,134.05,129.69,132.18,61640
2019-11-20,134.05,134.67,130.93,131.56,10745
2019-11-21,132.18,132.18,130.31,130.31,4720
2019-11-24,130.93,130.93,129.06,129.06,9601
2019-11-25,129.06,130.31,129.06,130.31,3071
2019-11-26,130.31,130.31,129.06,129.69,5699
2019-11-27,130.93,130.93,129.06,130.31,6552
2019-11-28,132.18,132.18,129.69,129.69,6478
2019-12-01,129.69,130.93,128.44,130.31,3606
2019-12-02,130.93,130.93,129.06,129.06,5032
2019-12-03,128.44,130.93,128.44,129.69,1700
2019-12-04,130.93,132.18,128.44,129.06,7176
2019-12-05,129.69,130.93,129.06,129.06,7619
2019-12-08,129.69,132.18,128.44,130.93,7250
2019-12-09,130.93,132.18,130.31,130.93,11458
2019-12-10,132.8,134.67,130.93,134.67,53373
2019-12-11,135.52,137.67,135.52,136.95,6770
2019-12-12,136.95,136.95,136.23,136.95,3550
2019-12-15,136.95,136.95,134.8,134.8,1277
2019-12-16,133.37,135.52,132.65,132.65,6234
2019-12-17,131.93,132.65,131.21,131.21,4700
2019-12-18,133.37,133.37,126.91,126.91,12782
2019-12-19,125.48,135.52,125.48,129.06,3495
2019-12-22,129.06,132.65,129.06,132.65,5579
2019-12-23,132.65,136.95,130.5,134.8,10874
2019-12-24,134.8,134.8,131.21,132.65,6265
2019-12-25,132.65,132.65,130.5,131.93,1591
2019-12-26,133.37,133.37,130.5,130.5,600
2019-12-29,132.65,132.65,129.78,130.5,1677
2019-12-30,129.06,131.21,129.06,131.21,3080
2019-12-31,133.37,136.23,131.21,133.37,8494
2020-01-01,135.52,146.27,135.52,146.27,97665
2020-01-02,149.14,151.29,140.54,141.25,81793
2020-01-05,143.4,146.27,140.54,141.97,16442
2020-01-06,143.4,143.4,140.54,141.97,3600
2020-01-07,144.84,144.84,140.54,141.97,8405
2020-01-08,143.4,144.12,140.54,141.25,3910
2020-01-09,142.69,143.4,139.82,140.54,6551
2020-01-12,141.25,147.71,141.25,144.84,24194
2020-01-13,148.42,149.14,145.55,146.27,30492
2020-01-14,144.12,146.99,144.12,146.27,7407
2020-01-15,149.14,149.14,144.84,145.55,7121
2020-01-16,148.42,154.88,143.4,151.29,67736
2020-01-19,154.16,159.9,152.73,154.16,41779
2020-01-20,152.73,153.44,148.42,149.86,13600
2020-01-21,147.71,152.01,147.71,149.86,6426
2020-01-22,146.99,149.14,146.99,147.71,8236
2020-01-23,146.27,149.86,144.84,144.84,11944
2020-01-26,143.4,149.14,141.25,141.97,18360
2020-01-27,143.4,151.29,141.97,148.42,11450
2020-01-28,150.57,151.29,145.55,145.55,3870
2020-01-29,148.42,148.42,144.84,146.99,5052
2020-01-30,145.55,152.01,145.55,148.42,23699
2020-02-02,151.29,151.29,147.71,149.14,17846
2020-02-03,147.71,149.14,146.99,147.71,7917
2020-02-04,147.71,149.14,141.97,141.97,24667
2020-02-05,143.4,147.71,143.4,146.27,12874
2020-02-06,146.99,149.86,143.4,144.12,16626
2020-02-09,141.25,143.4,139.1,140.54,38460
2020-02-10,141.25,143.4,139.82,141.97,17241
2020-02-11,141.97,144.12,140.54,141.25,18505
2020-02-12,143.4,143.4,139.82,140.54,9197
2020-02-13,141.97,141.97,138.38,138.38,23767
2020-02-16,139.82,139.82,137.67,139.1,15599
2020-02-17,139.82,143.4,137.67,141.97,29986
2020-02-18,139.82,141.97,138.38,138.38,14750
2020-02-19,137.67,139.82,136.23,138.38,10726
2020-02-20,138.38,148.42,137.67,139.82,32381
2020-02-23,141.97,146.99,139.82,143.4,36392
2020-02-24,143.4,146.27,140.54,141.97,20392
2020-02-25,141.97,144.84,139.82,141.25,24423
2020-02-26,143.4,150.57,143.4,146.27,66705
2020-02-27,146.99,147.71,143.4,144.12,24279
2020-03-01,144.12,143.4,140.54,140.54,32853
2020-03-02,139.1,139.1,134.8,134.8,26010
2020-03-03,134.8,138.38,130.5,135.52,42058
2020-03-04,133.37,135.52,129.06,129.06,20566
2020-03-05,126.91,131.93,124.76,128.35,26188
2020-03-10,126.2,126.2,119.03,119.03,5564
2020-03-11,121.18,129.78,121.18,126.91,18460
2020-03-12,127.63,127.63,119.74,119.74,27303
2020-03-15,118.31,119.74,116.16,118.31,16950
2020-03-16,120.46,122.61,117.59,117.59,15177
2020-03-17,117.59,118.31,114.01,114.01,18671
2020-03-18,113.29,116.16,111.14,114.01,9343
2020-03-19,111.14,117.59,108.99,113.29,8458
2020-03-22,115.44,121.18,115.44,119.03,600
2020-06-29,116.87,116.87,116.87,116.87,100
2020-06-30,114.72,114.72,114.72,114.72,100
2020-07-02,112.57,112.57,103.25,103.25,5075
2020-07-05,101.82,104.68,98.95,103.97,18212
2020-07-06,102.53,109.7,99.67,108.99,25672
2020-07-07,108.99,119.74,108.99,119.74,24911
2020-07-08,121.89,124.04,113.29,115.44,16588
2020-07-09,113.29,121.89,113.29,116.87,16245
2020-07-12,114.72,114.72,110.42,111.14,11591
2020-07-13,111.86,114.72,111.14,111.14,1979
2020-07-14,113.29,115.44,112.57,115.44,3557
2020-07-15,113.29,114.72,109.7,110.42,10927
2020-07-16,112.57,114.01,110.42,114.01,10978
2020-07-20,114.01,114.72,106.12,106.12,22266
2020-07-21,107.55,116.16,106.12,113.29,46662
2020-07-22,115.44,124.04,115.44,124.04,59357
2020-07-23,126.2,129.06,119.74,124.04,48952
2020-07-26,125.48,126.2,119.74,121.18,46691
2020-07-27,121.89,123.33,119.03,119.74,22071
2020-07-28,119.74,122.61,117.59,121.89,6287
2020-07-29,119.74,121.89,116.87,117.59,16534
2020-07-30,117.59,119.03,116.16,117.59,7650
2020-08-02,117.59,117.59,113.29,113.29,14344
2020-08-03,113.29,115.44,111.86,114.72,5523
2020-08-05,112.57,112.57,111.86,112.57,4510
2020-08-06,110.42,114.01,108.99,114.01,10069
2020-08-09,111.86,112.57,108.27,111.14,9358
2020-08-10,109.7,119.74,109.7,115.44,14486
2020-08-11,117.59,119.74,111.86,111.86,10916
2020-08-12,112.57,114.72,111.14,111.14,10308
2020-08-13,112.57,114.72,111.14,111.86,27667
2020-08-16,109.7,111.86,108.99,111.86,17907
2020-08-17,110.42,113.29,108.27,113.29,210896
2020-08-18,115.44,115.44,111.14,112.57,4959
2020-08-19,110.42,114.72,110.42,112.57,9780
2020-08-20,111.86,113.29,111.86,111.86,2900
2020-08-23,114.01,114.01,111.14,112.57,2473
2020-08-24,113.29,114.01,111.86,112.57,15000
2020-08-25,114.72,114.72,111.14,114.01,24657
2020-08-26,111.86,114.72,109.7,114.01,16070
2020-08-27,111.86,114.01,109.7,112.57,11753
2020-08-30,112.57,112.57,110.42,112.57,7064
2020-08-31,114.01,116.87,112.57,113.29,14047
2020-09-02,114.72,116.16,112.57,112.57,39242
2020-09-03,114.72,116.87,112.57,115.44,28836
2020-09-06,116.16,118.31,113.29,113.29,17505
2020-09-07,112.57,114.01,111.86,113.29,11245
2020-09-08,112.57,114.01,111.14,112.57,21854
2020-09-09,113.29,114.01,111.86,114.01,11884
2020-09-10,116.16,116.16,112.57,114.01,10031
2020-09-13,113.29,118.31,111.14,117.59,28611
2020-09-14,119.74,120.46,115.44,116.87,28845
2020-09-15,118.31,119.03,116.16,117.59,21328
2020-09-16,121.89,129.06,118.31,129.06,114858
2020-09-17,135.52,141.97,135.52,141.97,229315
2020-09-20,148.42,151.29,130.5,136.23,99387
2020-09-21,136.23,139.82,128.35,133.37,33110
2020-09-22,133.37,133.37,129.06,131.93,40413
2020-09-23,130.5,131.21,126.91,129.78,59038
2020-09-24,131.21,134.8,130.5,131.21,23338
2020-09-27,131.21,140.54,131.21,136.23,8495440
2020-09-28,135.52,139.1,133.37,134.08,24910
2020-09-29,136.23,136.23,132.65,133.37,18208
2020-09-30,135.52,135.52,130.5,131.93,15650
2020-10-01,132.65,136.95,131.93,132.65,32732
2020-10-04,133.37,136.23,130.5,130.5,61505
2020-10-05,133.37,134.8,131.93,133.37,22447
2020-10-06,132.65,134.8,132.65,134.08,21473
2020-10-07,134.08,141.25,131.93,139.82,63991
2020-10-08,141.25,141.97,134.8,136.23,51864
2020-10-11,135.52,136.23,132.65,133.37,21659
2020-10-12,132.65,134.8,130.5,134.08,25712
2020-10-13,136.23,136.23,133.37,133.37,14556
2020-10-14,131.21,134.8,131.21,134.08,4167
2020-10-15,132.65,134.08,131.21,132.65,16889
2020-10-18,131.21,132.65,128.35,131.93,8526
2020-10-19,130.5,134.8,130.5,133.37,5623
2020-10-20,135.52,135.52,132.65,134.8,12215
2020-10-21,133.37,134.08,132.65,133.37,6210
2020-10-22,133.37,136.23,132.65,132.65,16028
2020-10-28,134.08,135.52,131.93,135.52,18603
2020-10-29,136.23,136.23,132.65,133.37,14958
2020-11-01,135.52,135.52,131.21,131.93,14632
2020-11-02,133.37,134.8,132.65,133.37,16388
2020-11-03,135.52,135.52,132.65,133.37,9458
2020-11-04,131.21,135.52,131.21,134.08,14796
2020-11-05,134.08,134.08,132.65,134.08,40581
2020-11-08,132.65,137.67,131.93,136.95,31478
2020-11-09,139.1,139.82,133.37,136.23,34531
2020-11-10,137.67,144.12,136.23,142.69,84510
2020-11-11,144.84,147.71,139.1,145.55,59310
2020-11-12,143.4,145.55,141.25,144.12,41623
2020-11-18,141.97,146.27,137.67,144.84,59816
2020-11-19,141.97,159.18,141.97,159.18,315097
2020-11-22,164.91,166.35,149.86,150.57,106154
2020-11-23,153.44,160.61,150.57,157.03,140209
2020-11-24,157.03,157.74,151.29,152.01,53363
2020-11-25,154.16,159.9,149.14,152.73,62796
2020-11-26,154.88,154.88,149.14,149.86,72941
2020-11-29,149.14,152.01,146.99,149.86,78993
2020-11-30,152.01,153.44,146.27,150.57,78431
2020-12-01,153.44,153.44,145.55,148.42,75730
2020-12-02,151.29,157.74,150.57,152.73,95204
2020-12-03,155.59,155.59,149.86,150.57,28937
2020-12-06,157.74,157.74,145.55,145.55,64407
2020-12-07,148.42,150.57,144.12,148.42,32040
2020-12-08,149.86,154.88,147.71,149.14,26188
2020-12-09,149.14,149.14,143.4,144.12,82224
2020-12-10,146.27,150.57,143.4,146.99,29396
2020-12-13,146.99,149.14,145.55,145.55,17558
2020-12-14,148.42,152.73,145.55,149.14,37689
2020-12-15,149.14,149.14,146.27,146.99,22377
2020-12-16,144.84,150.57,144.84,147.71,31113
2020-12-17,146.27,148.42,145.55,146.27,11063
2020-12-20,146.27,146.27,140.54,141.25,50965
2020-12-21,140.54,143.4,133.37,139.1,42444
2020-12-22,141.25,142.69,138.38,139.82,28672
2020-12-23,137.67,139.82,137.67,139.1,17320
2020-12-24,136.95,149.14,134.8,146.99,95322
2020-12-27,147.71,149.86,138.38,139.1,32796
2020-12-28,137.67,139.82,137.67,139.1,14217
2020-12-29,137.67,141.25,136.23,139.1,27455
2020-12-30,140.54,140.54,136.95,137.67,6640
2020-12-31,138.38,139.1,136.95,136.95,26984
2021-01-03,136.95,140.54,136.95,139.82,14722
2021-01-04,145.55,145.55,138.38,140.54,7271
2021-01-05,139.82,139.82,137.67,137.67,19767
2021-01-06,139.82,141.25,137.67,137.67,12395
2021-01-07,139.82,141.97,137.67,139.1,12228
2021-01-10,141.25,141.25,138.38,139.82,22973
2021-01-11,139.82,142.69,139.1,139.82,17257
2021-01-12,140.54,142.69,139.82,141.25,14896
2021-01-13,143.4,143.4,141.25,141.25,18446
2021-01-17,143.4,143.4,140.54,141.97,39633
2021-01-18,139.82,155.59,139.82,150.57,125467
2021-01-19,147.71,154.88,146.27,149.14,54094
2021-01-20,146.27,152.01,143.4,146.99,33457
2021-01-21,144.12,152.73,144.12,148.42,41326
2021-01-24,149.14,151.29,148.42,150.57,71280
2021-01-25,149.14,149.86,146.27,147.71,28885
2021-01-26,147.71,149.86,144.84,149.86,38160
2021-01-27,152.73,152.73,146.99,148.42,41271
2021-01-28,148.42,148.42,144.84,146.27,27326
2021-01-31,149.14,151.29,142.69,144.84,38223
2021-02-01,139.82,159.18,139.82,159.18,314705
2021-02-02,163.48,163.48,153.44,154.88,121276
2021-02-03,157.74,157.74,151.29,152.01,36729
2021-02-04,144.84,155.59,144.84,149.14,80077
2021-02-07,152.01,154.88,149.14,150.57,47852
2021-02-08,157.74,157.74,150.57,152.73,41084
2021-02-09,154.16,154.16,150.57,152.01,33234
2021-02-10,149.14,156.31,149.14,153.44,51528
2021-02-11,153.44,154.88,150.57,150.57,27291
2021-02-14,149.14,150.57,147.71,149.14,44437
2021-02-15,150.57,152.73,149.86,150.57,25270
2021-02-16,150.57,153.44,147.71,150.57,38957
2021-02-17,150.57,152.73,148.42,149.86,12893
2021-02-18,151.29,151.29,148.42,149.14,50352
2021-02-21,150.57,152.01,148.42,150.57,30908
2021-02-22,150.57,152.01,148.42,149.86,25246
2021-02-23,149.86,154.88,146.99,147.71,28364
2021-02-24,150.57,154.16,149.14,151.29,45754
2021-02-25,154.16,154.16,148.42,149.14,26718
2021-02-28,146.27,150.57,146.27,147.71,24618
2021-03-01,146.27,149.86,144.84,147.71,23040
2021-03-02,149.86,150.57,146.27,146.27,24412
2021-03-03,146.99,146.99,144.12,146.27,20016
2021-03-04,146.27,148.42,144.12,144.12,28940
2021-03-08,144.84,147.71,144.84,146.99,22162
2021-03-09,148.42,149.14,146.27,147.71,7026
2021-03-10,146.99,147.71,145.55,145.55,17530
2021-03-14,143.4,146.27,143.4,144.12,13963
2021-03-15,146.99,146.99,144.12,145.55,11702
2021-03-16,143.4,146.27,143.4,144.12,11169
2021-03-17,141.97,145.55,141.25,144.84,6380
2021-03-18,144.84,146.27,144.12,145.55,9948
2021-03-21,146.27,149.86,143.4,148.42,53264
2021-03-22,149.14,149.14,144.84,145.55,12544
2021-03-23,146.99,146.99,144.12,145.55,26723
2021-03-24,146.99,154.88,143.4,146.27,49073
2021-03-25,146.99,146.99,143.4,144.84,54190
2021-03-29,144.84,146.27,143.4,144.84,17921
2021-03-30,144.84,145.55,144.12,144.84,7780
2021-03-31,144.84,145.55,144.12,144.84,17325
2021-04-01,140.54,145.55,140.54,143.4,46173
2021-04-04,143.4,145.55,143.4,144.84,30403
2021-04-05,143.4,145.55,143.4,144.84,17058
2021-04-06,144.84,144.84,143.4,144.84,15035
2021-04-07,143.4,145.55,143.4,144.84,27081
2021-04-08,144.84,144.84,143.4,143.4,16940
2021-04-12,142.69,144.12,142.69,143.4,25666
2021-04-13,142.69,144.84,142.69,143.4,19026
2021-04-15,140.54,146.27,140.54,144.12,14735
2021-04-18,144.12,144.12,141.97,143.4,34852
2021-04-19,142.69,142.69,141.25,141.25,25650
2021-04-20,140.54,142.69,139.1,140.54,28088
2021-04-21,140.54,142.69,139.1,140.54,42413
2021-04-22,139.82,140.54,137.67,138.38,23264
2021-04-25,136.95,138.38,135.52,135.52,37100
2021-04-26,137.67,137.67,131.21,131.21,27057
2021-04-27,132.65,134.08,131.21,132.65,17538
2021-04-28,134.8,134.8,131.93,133.37,6906
2021-04-29,134.08,135.52,132.65,132.65,12764
2021-05-02,131.93,136.95,131.21,135.52,13370
2021-05-03,134.8,139.1,132.65,136.23,31108
2021-05-04,136.23,136.23,134.8,135.52,7174
2021-05-05,133.37,135.52,133.37,134.8,10696
2021-05-06,131.93,135.52,130.5,133.37,19743
2021-05-09,131.93,133.37,130.5,132.65,24284
2021-05-10,134.8,134.8,131.21,132.65,8571
2021-05-11,131.93,136.23,131.93,134.08,12880
2021-05-12,134.8,136.23,132.65,134.08,5525
2021-05-13,136.23,136.23,132.65,135.52,16864
2021-05-16,134.08,139.1,133.37,136.95,34189
2021-05-17,136.95,138.38,134.8,136.23,24004
2021-05-18,134.08,149.86,134.08,149.86,231007
2021-05-19,157.03,164.2,149.14,154.16,442020
2021-05-20,154.16,159.9,152.01,157.03,142158
2021-05-23,149.86,158.46,147.71,154.16,106646
2021-05-24,154.16,157.03,152.01,152.73,79715
2021-05-25,155.59,155.59,150.57,151.29,51902
2021-05-27,148.42,155.59,147.71,152.01,90794
2021-05-30,154.88,167.07,154.88,167.07,532669
2021-05-31,174.95,183.56,171.37,172.08,282754
2021-06-01,173.52,174.24,166.35,166.35,96760
2021-06-02,166.35,169.93,162.05,169.93,107577
2021-06-03,170.65,178.54,170.65,174.95,221161
2021-06-06,175.67,179.25,170.65,172.8,177488
2021-06-07,174.24,175.67,172.08,172.08,67073
2021-06-08,174.95,174.95,170.65,172.08,95433
2021-06-09,172.08,178.54,172.08,174.95,110174
2021-06-10,183.56,183.56,172.8,173.52,95055
2021-06-13,182.12,190.73,175.67,190.73,178288
2021-06-14,200.05,209.37,200.05,209.37,68961
2021-06-15,219.41,230.16,209.37,215.11,543079
2021-06-16,204.35,213.67,195.03,195.75,411881
2021-06-17,194.31,210.8,192.88,205.78,212860
2021-06-20,207.94,214.39,192.16,197.9,182988
2021-06-21,200.05,200.77,186.43,186.43,163796
2021-06-22,186.43,201.48,186.43,196.46,165097
2021-06-23,205.78,205.78,190.73,192.16,85623
2021-06-24,194.31,200.05,190.01,194.31,102293
2021-06-27,197.9,197.9,190.01,191.44,102254
2021-06-28,190.01,200.05,187.86,191.44,76760
2021-06-29,191.44,198.61,187.86,190.01,72233
2021-06-30,193.6,193.6,179.97,184.99,71496
2021-07-01,188.58,202.2,188.58,197.18,150679
2021-07-04,200.77,207.22,198.61,198.61,178055
2021-07-05,200.77,200.77,191.44,194.31,50847
2021-07-06,203.63,203.63,190.01,190.73,23222
2021-07-07,192.16,193.6,183.56,185.71,77363
2021-07-08,188.58,190.73,181.41,187.14,75321
2021-07-11,190.73,196.46,188.58,196.46,64966
2021-07-12,197.9,199.33,188.58,190.01,68440
2021-07-13,193.6,195.03,184.27,192.16,28331
2021-07-14,201.48,201.48,186.43,192.16,46847
2021-07-15,193.6,197.18,187.86,187.86,91471
2021-07-18,191.59,198.61,191.59,193.6,63289
2021-07-19,197.18,197.9,190.01,191.44,65265
2021-07-20,195.03,197.9,191.16,195.03,88067
2021-07-22,195.03,196.46,192.16,192.52,78080
2021-07-25,195.75,195.75,191.09,193.6,94859
2021-07-26,194.46,197.11,192.16,195.24,184102
2021-07-27,197.18,197.9,193.6,195.75,83476
2021-07-28,197.9,215.32,197.9,211.52,510002
2021-07-29,215.11,223.71,203.13,207.94,232486
2021-08-01,211.52,211.52,201.05,205.78,143400
2021-08-02,207.94,207.94,202.2,205.64,98269
2021-08-03,205.07,208.08,202.2,205.07,65628
2021-08-04,207.94,209.37,204.35,209.37,128084
2021-08-05,212.74,212.74,204.35,206.5,138589
2021-08-08,206.5,210.09,202.2,203.56,62373
2021-08-09,205.07,207.43,200.62,203.71,64616
2021-08-10,207.15,210.8,201.48,204.35,118648
2021-08-11,204.35,212.95,204.35,211.52,287797
2021-08-12,211.52,217.97,211.52,212.38,310073
2021-08-15,212.24,215.75,203.99,207.22,137402
2021-08-16,207.94,209.37,201.7,205.07,63150
2021-08-17,202.2,204.35,198.61,201.48,130859
2021-08-18,200.77,200.77,194.67,199.33,133712
2021-08-19,200.77,202.92,197.18,197.18,52137
2021-08-24,195.03,212.09,191.44,196.39,72659
2021-08-25,196.39,200.69,192.16,192.88,56325
2021-08-26,193.6,197.54,187.86,193.6,44907
2021-08-29,197.18,200.77,190.01,190.01,56779
2021-08-31,190.01,192.95,186.86,187.79,56186
2021-09-01,191.52,200.77,187.79,198.54,126710
2021-09-02,201.48,204.35,192.16,192.16,88563
2021-09-05,190.01,192.16,176.32,181.41,90243
2021-09-06,184.27,196.46,182.12,194.53,71120
2021-09-07,196.46,196.46,186.43,189.29,30548
2021-09-08,192.88,192.88,184.99,186.43,52042
2021-09-09,186.43,189.29,184.27,185.71,60014
2021-09-12,188.58,190.37,184.27,187.86,42779
2021-09-13,191.44,198.61,187.14,188.58,39243
2021-09-14,191.44,192.23,185.71,189.29,31291
2021-09-15,192.88,192.88,184.99,186.43,18616
2021-09-16,182.84,186.43,179.25,184.27,58509
2021-09-20,186.43,188.58,172.16,172.8,68811
2021-09-21,175.67,183.49,169.36,179.25,58329
2021-09-22,182.84,190.01,181.41,187.86,44516
2021-09-23,190.73,190.73,182.12,182.12,40140
2021-09-26,185.71,185.71,175.88,177.1,27068
2021-09-27,179.25,179.25,172.37,173.45,30893
2021-09-28,172.8,180.4,168.64,171.37,65295
2021-09-29,174.24,174.74,168.21,172.8,33275
2021-09-30,170.65,174.59,170.65,170.72,19910
2021-10-03,167.93,170.58,162.91,163.12,40601
2021-10-04,162.12,171.51,157.82,163.48,37890
2021-10-05,166.35,169.22,164.84,164.91,20440
2021-10-06,167.78,171.37,165.56,166.35,26310
2021-10-10,168.5,171.37,163.12,163.48,26680
2021-10-11,161.33,163.91,158.82,161.33,30788
2021-10-17,159.18,165.56,159.18,162.69,14981
2021-10-18,161.33,166.85,159.18,159.75,24893
2021-10-19,157.03,158.82,152.8,155.59,31952
2021-10-20,158.46,162.76,157.74,161.33,27963
2021-10-21,164.2,164.2,157.03,157.1,21670
2021-10-24,157.74,160.61,157.03,159.9,20701
2021-10-25,159.9,165.63,158.46,164.91,26618
2021-10-26,168.14,181.19,168.14,177.82,74955
2021-10-27,179.25,181.33,170.65,174.59,45216
2021-10-28,171.15,174.24,168.64,173.16,28779
2021-10-31,175.67,179.25,172.87,176.39,54341
2021-11-01,174.95,177.1,172.08,174.24,29041
2021-11-02,174.24,174.24,170.72,174.24,24297
2021-11-03,174.24,175.67,171.37,171.44,32533
2021-11-08,174.81,177.82,170.65,172.08,15880
2021-11-09,169.93,171.37,165.77,166.35,19628
2021-11-11,164.48,169.22,161.69,161.69,25812
2021-11-14,163.48,168.21,161.76,161.76,23154
2021-11-15,162.05,168.5,162.05,165.99,20769
2021-11-16,166.35,175.67,164.91,172.01,68154
2021-11-17,174.24,174.95,169.22,172.08,63284
2021-11-18,169.22,174.59,169.22,172.08,35804
2021-11-21,174.02,174.24,167.85,168.07,14806
2021-11-22,170.65,174.16,168.5,169.93,22672
2021-11-23,167.42,170.65,164.91,164.99,16288
2021-11-24,163.48,166.35,162.12,164.91,16450
2021-11-25,167.07,174.38,162.76,169.93,32391
2021-11-28,167.07,167.07,161.4,162.76,43285
2021-11-29,162.76,166.35,160.97,161.33,19398
2021-11-30,161.04,163.48,159.39,161.33,11492
2021-12-01,162.05,165.27,159.9,160.97,15905
2021-12-02,161.33,161.33,155.59,155.66,40918
2021-12-05,154.16,155.59,151.15,151.29,26733
2021-12-06,149.14,155.59,144.84,153.44,33417
2021-12-07,156.31,159.11,151.29,151.29,15454
2021-12-08,154.09,154.3,145.55,146.99,27472
2021-12-09,149.64,149.86,144.12,147.71,28665
2021-12-12,147.06,148.42,142.26,142.26,16534
2021-12-13,139.82,148.28,134.08,137.67,52195
2021-12-14,140.39,147.71,140.39,147.71,17583
2021-12-15,150.57,153.59,145.77,145.91,34844
2021-12-16,146.92,146.92,142.97,143.4,20174
2021-12-20,143.48,146.27,141.97,141.97,10088
2021-12-21,144.77,146.27,143.4,144.84,5946
2021-12-22,147.71,152.01,146.99,149.93,23747
2021-12-23,148.42,152.01,147.71,150.43,25613
2021-12-26,147.71,156.45,147.71,153.16,43254
2021-12-27,152.73,155.59,149.71,152.65,30104
2021-12-28,152.65,152.65,147.71,147.85,12464
2021-12-29,147.78,153.44,146.99,149.86,33123
2022-01-02,150.93,150.93,147.56,149.14,18999
2022-01-03,149.86,152.73,149.14,151.29,17758
2022-01-04,150.57,154.37,149.14,153.44,36481
2022-01-05,153.44,155.59,149.71,150.79,17351
2022-01-06,151.29,157.74,149.14,155.59,29617
2022-01-09,154.16,160.61,154.16,157.03,50239
2022-01-10,159.9,161.97,156.31,157.03,73474
2022-01-11,155.66,170.51,155.59,168.71,113978
2022-01-12,167.07,172.08,161.83,164.56,50757
2022-01-13,164.91,166.35,160.97,164.91,31963
2022-01-16,164.91,171.37,165.63,166.35,57772
2022-01-17,165.7,168.5,164.27,166.35,28213
2022-01-18,164.99,175.67,164.2,172.01,141732
2022-01-19,172.08,172.08,165.49,165.77,30408
2022-01-20,164.91,168.5,164.91,166.35,30832
2022-01-23,168.5,168.5,160.61,162.05,31568
2022-01-24,159.97,162.76,156.02,156.96,55895
2022-01-25,155.59,162.76,154.3,159.18,31022
2022-01-26,162.19,162.19,154.16,155.66,26547
2022-01-27,155.52,157.74,154.88,155.59,15214
2022-01-30,157.74,164.05,157.74,163.48,29973
2022-01-31,164.91,164.91,158.46,161.33,13772
2022-02-01,161.33,165.63,158.82,162.12,22376
2022-02-03,162.12,163.48,160.04,160.61,22385
2022-02-06,159.18,160.61,157.74,159.9,24312
2022-02-07,157.24,162.69,157.03,160.54,61428
2022-02-08,163.48,170.22,159.9,159.9,19982
2022-02-09,157.74,159.9,156.81,159.9,21852
2022-02-10,160.61,160.61,156.45,156.45,17162
2022-02-13,153.44,154.16,150.43,150.57,40020
2022-02-14,152.65,153.44,149.21,150.93,18574
2022-02-15,152.73,153.94,150.57,153.94,11726
2022-02-16,153.37,155.52,150.93,151.29,23896
2022-02-17,152.01,153.16,150.65,152.01,10796
2022-02-20,149.0,150.57,146.99,149.14,21795
2022-02-21,149.57,152.01,149.57,151.94,9968
2022-02-22,152.73,154.02,149.93,151.51,13467
2022-02-23,152.73,153.23,149.86,149.86,10883
2022-02-24,148.42,149.86,147.71,148.21,22186
2022-02-27,150.57,150.57,146.63,148.42,27384
2022-02-28,150.57,152.65,146.99,146.99,22520
2022-03-02,149.86,149.86,144.84,145.55,14188
2022-03-06,144.91,148.42,144.84,145.55,17537
2022-03-07,148.35,149.79,146.27,146.27,16553
2022-03-09,147.71,147.71,143.4,144.84,13545
2022-03-10,144.84,148.42,143.91,148.42,13640
2022-03-13,148.64,161.33,148.42,158.1,110103
2022-03-14,160.61,160.61,153.23,156.31,11919
2022-03-15,159.18,171.87,155.59,166.49,144347
2022-03-16,163.19,179.25,161.33,173.52,273035
2022-03-20,173.52,174.24,164.91,169.22,127801
2022-03-21,167.64,170.58,163.48,166.64,57454
2022-03-22,168.5,170.87,164.48,169.22,42127
2022-03-23,170.65,172.08,167.07,168.57,48415
2022-03-24,167.78,169.22,162.12,166.28,35293
2022-03-27,163.05,164.91,159.97,160.61,50463
2022-03-28,159.9,162.76,157.74,160.25,35381
2022-03-29,162.76,167.07,161.33,162.4,28293
2022-03-30,165.56,168.36,162.26,168.14,28653
2022-03-31,169.86,169.93,162.91,163.48,26758
2022-04-03,161.33,164.2,160.61,161.33,18817
2022-04-04,162.76,164.2,159.9,161.04,20419
2022-04-05,159.18,164.91,158.53,163.41,44152
2022-04-06,164.84,172.8,161.62,169.93,138035
2022-04-07,173.3,173.3,168.43,168.86,45871
2022-04-11,170.65,171.37,163.19,163.48,53171
2022-04-12,164.91,167.07,161.33,163.48,77700
2022-04-13,164.2,168.5,160.61,164.91,52948
2022-04-17,163.48,166.85,160.61,161.33,39499
2022-04-18,161.33,162.62,158.82,159.18,32816
2022-04-19,158.46,164.91,158.46,161.33,25230
2022-04-20,162.05,162.05,156.31,157.03,44988
2022-04-21,157.03,160.9,154.16,157.74,37385
2022-04-24,155.66,166.35,155.66,162.76,38956
2022-04-25,162.76,165.63,161.4,164.05,36526
2022-04-26,163.48,164.91,161.69,163.48,23146
2022-04-27,162.12,165.56,161.33,165.49,30045
2022-04-28,164.84,164.84,161.47,162.76,20035
2022-05-02,159.9,160.61,156.38,156.81,31021
2022-05-04,155.02,157.74,151.79,152.22,39752
2022-05-05,150.57,154.16,149.86,152.01,36948
2022-05-08,152.01,157.74,151.79,157.74,21117
2022-05-09,157.74,158.46,154.59,155.59,13076
2022-05-10,157.67,158.1,153.44,157.17,16240
2022-05-11,158.46,161.33,156.38,160.61,40793
2022-05-12,161.33,162.98,157.82,159.18,41004
2022-05-17,157.74,159.18,154.88,156.67,26510
2022-05-18,156.67,158.46,154.88,157.74,18975
2022-05-19,156.31,157.74,154.73,155.59,17123
2022-05-20,157.67,158.46,155.09,155.59,13950
2022-05-23,154.16,154.16,151.36,151.43,23394
2022-05-24,151.29,154.8,150.57,153.3,10785
2022-05-25,154.16,154.45,149.14,153.01,32921
2022-05-26,154.16,154.23,152.01,152.01,30756
2022-05-27,154.16,154.16,149.0,152.01,37400
2022-05-30,150.57,150.65,147.78,149.71,24038
2022-05-31,146.99,149.79,146.85,148.42,18322
2022-06-01,151.29,151.29,147.71,150.57,8700
2022-06-02,151.29,151.29,147.78,147.99,8142
2022-06-03,147.06,149.0,146.27,146.99,26076
2022-06-06,149.14,150.57,147.06,148.06,11483
2022-06-07,148.42,148.42,146.99,146.99,9834
2022-06-08,148.42,154.16,146.27,150.65,13767
2022-06-09,148.49,152.01,146.99,148.06,23200
2022-06-10,146.27,147.63,145.12,146.99,4967
2022-06-13,144.19,147.71,144.19,146.13,5776
2022-06-14,144.84,147.28,143.91,144.84,23549
2022-06-15,145.55,145.55,141.97,143.4,18912
2022-06-16,146.27,146.27,142.9,144.84,15869
2022-06-17,145.05,145.05,143.33,143.33,4373
2022-06-19,141.97,144.69,140.61,140.68,18921
2022-06-20,138.38,141.11,137.67,138.46,20188
2022-06-21,140.54,146.27,137.02,140.89,11300
2022-06-22,139.82,140.54,138.67,139.1,3960
2022-06-23,136.95,139.1,133.87,135.59,29246
2022-06-24,135.52,141.11,134.8,136.95,4150
2022-06-26,139.1,148.42,139.1,145.55,15277
2022-06-27,142.69,146.99,141.25,141.25,38792
2022-06-28,139.89,141.25,139.1,139.68,6690
2022-06-29,141.25,145.55,141.25,145.55,13421
2022-06-30,145.55,152.73,143.4,152.73,48465
2022-07-01,154.16,154.16,150.14,152.01,8548
2022-07-03,152.01,155.59,149.43,154.16,31617
2022-07-04,154.16,157.74,149.86,152.73,73106
2022-07-05,149.86,153.44,147.71,149.14,21120
2022-07-06,146.34,150.29,143.62,148.42,21307
2022-07-07,146.27,151.94,145.91,146.85,9805
2022-07-08,148.78,148.78,140.54,140.54,17535
2022-07-11,139.82,143.69,138.46,141.25,20513
2022-07-12,141.97,144.84,139.17,143.4,22097
2022-07-13,145.55,146.27,142.69,144.91,19132
2022-07-14,146.99,146.99,144.26,146.27,11145
2022-07-15,144.84,145.91,143.48,145.2,8555
2022-07-17,145.55,147.71,144.05,144.05,18328
2022-07-18,142.9,154.3,142.9,150.72,60667
2022-07-19,152.73,155.52,149.5,151.72,24379
2022-07-20,154.73,154.73,148.92,150.57,12456
2022-07-21,150.65,151.15,149.0,149.86,11175
2022-07-22,148.42,148.42,146.27,148.35,13496
2022-07-24,150.57,151.29,145.63,151.29,37948
2022-07-25,153.37,156.31,152.01,156.31,44366
2022-07-26,154.16,154.16,149.86,152.01,20546
2022-07-27,149.14,152.01,147.71,152.01,21660
2022-07-28,149.5,159.9,149.5,157.03,163476
2022-07-29,158.46,168.5,157.74,165.92,150453
2022-07-31,167.07,172.59,162.4,171.37,184324
2022-08-01,171.37,181.12,167.57,168.07,102497
2022-08-02,170.58,170.58,162.05,163.12,77279
2022-08-03,163.48,168.5,158.1,164.2,48969
2022-08-04,166.28,166.35,157.46,157.82,50063
2022-08-05,158.46,161.33,156.31,157.74,29125
2022-08-07,159.9,162.76,157.74,160.61,28027
2022-08-08,162.69,162.76,155.95,156.45,44868
2022-08-09,154.88,157.74,154.88,157.03,25658
2022-08-10,154.88,157.1,154.23,157.03,21247
2022-08-11,154.23,157.6,152.15,152.73,60194
2022-08-14,151.29,154.16,148.42,151.22,49462
2022-08-15,152.01,157.74,152.01,156.31,27472
2022-08-16,157.03,157.82,153.44,154.16,17659
2022-08-17,152.73,156.31,152.73,156.31,6745
2022-08-18,153.44,158.46,153.44,156.17,17705
2022-08-21,159.18,168.5,159.18,161.33,126011
2022-08-22,164.2,164.2,159.18,160.61,14551
2022-08-23,160.61,160.61,156.74,157.03,9621
2022-08-24,159.18,159.9,155.66,156.38,23931
2022-08-25,159.18,159.18,154.16,154.16,14301
2022-08-26,154.16,154.88,152.22,153.44,13185
2022-08-28,152.73,153.3,149.21,149.21,27461
2022-08-29,147.49,152.73,147.49,152.01,16902
2022-08-30,149.93,154.52,149.93,151.29,10434
2022-08-31,149.43,153.08,148.85,149.07,28374
2022-09-01,147.85,150.57,147.71,149.14,12210
2022-09-02,151.29,152.08,140.89,149.86,100859
2022-09-04,147.06,152.73,146.99,146.99,26850
2022-09-05,148.78,149.86,147.71,147.78,15815
2022-09-06,150.72,150.72,146.27,147.49,12203
2022-09-07,146.99,147.71,145.55,146.99,5072
2022-09-08,144.26,148.42,144.26,147.71,18471
2022-09-11,149.86,150.57,144.84,144.84,15393
2022-09-12,146.27,146.77,144.19,146.27,23809
2022-09-13,147.63,148.28,145.41,147.99,18972
2022-09-14,150.93,151.94,145.63,150.57,25799
2022-09-15,152.65,152.65,145.7,146.06,34839
2022-09-16,143.48,145.48,141.97,144.84,20136
2022-09-18,142.76,146.27,141.25,141.97,23672
2022-09-20,140.54,143.33,138.6,140.54,26080
2022-09-21,143.26,143.26,139.96,141.97,8920
2022-09-22,140.61,141.97,139.82,141.18,10853
2022-09-25,139.1,139.82,138.31,139.6,39883
2022-09-27,139.6,142.69,137.67,140.54,28123
2022-09-28,138.03,141.9,137.74,140.25,22750
2022-09-29,137.52,145.77,137.52,141.9,9229
2022-10-09,143.76,145.55,141.25,145.55,8150
2022-10-10,147.71,147.71,139.89,141.97,15451
2022-10-11,139.32,144.84,139.32,143.26,7615
2022-10-12,141.4,145.55,141.4,142.76,7227
2022-10-13,142.69,148.42,142.69,143.4,4225
2022-10-16,143.4,145.55,142.97,144.05,15177
2022-10-17,142.18,145.55,142.18,145.55,4705
2022-10-19,148.42,155.59,148.42,152.73,175173
2022-10-20,154.88,155.59,147.71,150.22,33954
2022-10-23,149.14,150.57,147.06,147.2,31614
2022-10-31,149.79,150.22,146.99,149.57,16700
2022-11-01,150.57,153.44,149.86,149.93,32440
2022-11-02,152.01,154.16,150.57,152.01,21142
2022-11-03,152.01,153.37,150.93,150.93,14595
2022-11-06,151.65,153.08,150.65,152.73,30100
2022-11-07,155.52,155.52,152.01,152.01,34237
2022-11-08,152.01,153.3,149.0,152.01,15156
2022-11-09,153.44,153.44,147.42,149.86,33272
2022-11-10,151.29,151.29,146.99,147.71,31869
2022-11-13,150.57,150.57,147.99,149.14,5345
2022-11-14,146.99,149.86,146.99,149.86,13795
2022-11-15,149.86,152.73,149.14,151.94,29930
2022-11-16,150.57,152.37,150.57,150.57,19000
2022-11-17,152.01,153.44,151.29,152.01,29515
2022-11-22,153.44,154.09,151.29,152.65,17017
2022-11-23,153.37,153.37,151.29,152.01,6444
2022-11-24,150.22,152.73,150.22,152.73,10773
2022-11-27,152.73,154.16,152.08,154.16,18525
2022-11-28,154.16,155.59,153.01,154.09,18731
2022-11-29,154.88,154.88,152.08,154.02,17274
2022-11-30,153.44,154.52,152.8,153.8,8974
2022-12-01,153.08,155.59,153.08,154.52,11833
2022-12-04,154.23,159.11,154.23,156.31,41093
2022-12-05,156.31,159.39,154.88,156.24,46778
2022-12-06,156.31,156.88,154.16,155.38,13312
2022-12-07,156.31,157.03,154.88,154.88,13400
2022-12-11,154.16,155.45,152.73,154.16,25656
2022-12-12,155.59,155.59,153.44,155.52,18262
2022-12-13,154.88,156.31,154.16,156.31,13589
2022-12-14,156.38,159.32,156.31,158.46,31896
2022-12-15,157.03,158.46,156.31,157.82,19521
2022-12-18,157.74,158.46,155.59,156.31,37964
2022-12-19,157.03,157.82,156.31,157.03,27947
2022-12-20,157.1,163.48,157.1,161.9,68695
2022-12-21,162.76,165.27,161.47,162.05,145753
2022-12-22,158.86,158.86,150.65,154.34,45923
2022-12-26,156.6,159.68,153.51,156.22,67409
2022-12-27,157.35,164.88,155.84,160.74,46844
2022-12-28,159.61,161.87,158.63,158.63,27621
2022-12-29,156.6,165.63,156.6,163.0,35944
2023-01-01,163.37,164.8,160.36,161.11,39627
2023-01-02,161.11,163.22,159.76,161.64,16700
2023-01-03,164.73,170.9,162.02,165.86,84182
2023-01-04,166.38,168.57,162.09,167.89,27977
2023-01-05,169.4,176.85,166.38,175.42,98676
2023-01-08,173.16,180.31,171.65,178.96,85874
2023-01-09,180.31,180.31,174.29,176.92,50277
2023-01-10,180.46,180.46,170.98,170.98,115889
2023-01-12,174.36,174.36,164.88,167.14,61729
2023-01-17,163.82,173.76,163.82,173.08,45224
2023-01-18,176.17,177.3,169.7,172.03,62701
2023-01-19,173.16,174.59,170.22,170.9,22499
2023-01-23,173.91,173.91,168.64,168.79,32811
2023-01-24,165.71,172.78,165.71,172.78,21270
2023-01-25,170.15,176.55,170.15,174.29,46413
2023-01-26,177.3,177.3,173.39,175.42,36977
2023-01-29,173.16,176.92,169.7,176.1,29133
2023-01-30,176.92,177.6,170.15,170.15,38767
2023-01-31,169.62,170.9,166.91,167.89,48001
2023-02-01,167.89,173.76,166.76,173.08,29472
2023-02-02,169.85,172.86,167.89,168.64,14396
2023-02-05,168.64,174.52,168.64,170.9,26776
2023-02-06,168.79,172.41,168.64,172.33,18773
2023-02-07,171.65,176.62,171.65,176.17,58890
2023-02-08,177.68,179.11,173.91,174.67,85760
2023-02-09,174.67,176.17,172.41,174.97,30918
2023-02-12,172.41,176.1,168.87,172.41,46338
2023-02-14,170.37,173.16,170.37,170.9,14868
2023-02-15,172.41,172.41,166.76,167.89,21361
2023-02-16,168.64,169.4,165.26,166.38,28217
2023-02-22,167.29,170.53,165.63,170.45,14712
2023-02-23,167.89,170.15,163.07,164.2,42279
2023-02-26,162.32,169.4,162.32,169.4,25495
2023-02-27,171.65,171.65,163.07,170.15,20830
2023-02-28,167.44,170.9,167.44,169.09,17920
2023-03-01,167.14,168.94,165.78,167.51,12383
2023-03-02,167.14,168.57,162.92,166.31,18219
2023-03-05,166.31,167.36,162.47,163.45,12135
2023-03-07,164.5,166.38,163.37,164.8,15122
2023-03-09,164.88,169.4,164.88,168.64,15282
2023-03-12,169.4,169.4,166.38,169.4,11909
2023-03-13,166.08,169.25,166.01,168.27,10945
2023-03-14,166.84,169.4,165.93,168.64,12931
2023-03-15,167.14,169.4,164.13,168.57,15741
2023-03-16,167.89,170.07,166.38,166.46,14057
2023-03-19,167.89,169.4,166.38,166.84,15447
2023-03-20,167.51,170.15,167.21,170.15,21899
2023-03-22,172.41,173.91,169.55,170.3,28957
2023-03-23,169.4,170.53,167.21,168.64,14401
2023-03-26,170.15,170.15,165.63,167.89,95553
2023-03-27,167.89,170.9,167.21,170.9,16069
2023-03-28,172.41,172.41,169.4,172.26,48446
2023-03-29,172.26,177.3,169.77,175.42,65793
2023-03-30,173.31,181.89,173.16,179.03,82795
2023-04-02,179.03,186.49,173.46,179.18,78935
2023-04-03,175.8,180.24,174.67,176.32,38791
2023-04-04,174.67,178.51,173.24,176.17,34531
2023-04-05,173.24,179.94,170.15,177.6,35964
2023-04-06,179.18,179.18,175.49,176.77,23190
2023-04-09,180.24,180.24,172.41,172.48,16168
2023-04-10,172.41,175.72,171.73,175.04,8757
2023-04-11,176.17,181.44,175.87,178.43,22177
2023-04-12,181.44,184.45,178.43,184.45,121862
2023-04-13,187.46,187.46,181.44,185.13,105415
2023-04-16,187.46,201.77,185.96,194.99,151228
2023-04-17,195.75,198.68,190.48,192.73,87714
2023-04-18,192.36,198.0,188.22,197.1,93658
2023-04-19,195.75,199.51,194.24,199.13,43624
2023-04-20,196.12,202.45,196.12,197.93,57988
2023-04-23,198.0,198.0,190.78,191.08,60555
2023-04-24,190.48,193.49,188.97,190.33,21920
2023-04-25,189.72,195.45,189.72,194.32,33353
2023-04-26,192.73,198.0,192.73,194.69,49254
2023-04-27,197.25,199.51,192.21,199.44,64446
2023-04-30,198.0,202.52,196.2,200.26,59508
2023-05-02,198.0,201.77,198.0,199.89,36591
2023-05-03,201.02,201.02,194.99,195.75,33930
2023-05-04,191.98,199.51,188.29,197.25,37970
2023-05-07,195.75,197.63,194.47,195.67,30415
2023-05-08,194.24,197.25,192.21,193.19,25102
2023-05-09,196.5,199.51,193.56,196.5,41130
2023-05-10,192.96,199.51,192.96,197.25,37566
2023-05-11,198.76,199.13,195.75,198.61,26170
2023-05-14,199.51,202.52,190.48,195.75,69568
2023-05-15,196.42,196.42,190.1,193.49,24807
2023-05-16,192.73,196.5,192.73,194.24,15359
2023-05-17,192.21,195.75,191.98,194.84,26768
2023-05-18,194.99,203.27,194.24,202.15,86158
2023-05-21,203.27,210.8,201.02,210.05,95017
2023-05-22,210.05,222.1,206.59,213.82,216022
2023-05-23,213.82,222.1,213.82,219.46,129213
2023-05-24,221.34,232.86,215.47,232.64,190776
2023-05-28,237.23,240.92,225.86,226.61,284769
2023-05-30,224.36,228.8,217.65,222.7,181915
2023-05-31,218.33,225.86,213.97,215.32,122990
2023-06-01,219.61,224.36,214.57,219.09,105855
2023-06-04,222.85,240.92,222.85,240.17,260186
2023-06-05,244.53,248.37,237.15,240.92,226079
2023-06-06,240.92,264.03,239.49,262.0,284955
2023-06-07,266.89,271.03,252.21,258.23,290070
2023-06-08,258.99,264.26,254.47,257.48,218172
2023-06-11,261.62,263.5,252.36,260.49,203084
2023-06-12,256.13,283.83,256.13,282.55,421428
2023-06-13,281.57,298.59,278.64,290.61,314880
2023-06-14,289.86,296.41,283.08,286.84,275813
2023-06-15,286.84,306.42,278.41,306.42,412405
2023-06-18,309.43,334.27,303.03,333.82,391209
2023-06-19,333.52,338.04,314.32,328.25,413282
2023-06-20,325.99,339.39,322.6,329.76,248515
2023-06-21,336.31,356.86,324.71,354.3,420174
2023-06-22,354.23,389.69,344.81,386.45,595602
2023-06-25,380.2,402.79,369.66,389.23,757920
2023-06-26,389.23,403.54,381.71,391.42,520687
2023-06-27,399.02,401.96,383.96,389.99,428144
2023-06-28,397.52,397.52,373.42,378.77,462726
2023-07-02,386.22,386.22,360.62,363.64,420702
2023-07-03,365.14,380.2,350.08,364.99,429779
2023-07-04,370.41,374.48,358.59,372.67,149335
2023-07-05,378.69,378.69,359.87,361.38,196619
2023-07-06,362.88,368.91,354.9,365.14,221429
2023-07-09,366.65,380.2,366.65,377.94,281978
2023-07-10,385.47,386.98,368.91,373.5,664961
2023-07-11,380.95,380.95,365.22,369.66,215621
2023-07-12,374.18,374.18,361.45,361.45,187533
2023-07-13,357.61,375.68,357.61,365.89,364928
2023-07-16,371.92,371.92,361.38,365.14,111915
2023-07-17,367.4,376.06,360.62,374.18,157729
2023-07-18,380.95,380.95,359.35,365.14,169862
2023-07-19,368.91,368.91,356.41,362.81,105633
2023-07-20,367.4,367.4,353.85,361.38,195233
2023-07-23,365.14,370.41,357.24,359.87,166292
2023-07-24,359.87,365.29,347.07,350.08,221811
2023-07-25,346.32,363.64,340.15,356.11,326051
2023-07-26,357.61,361.3,348.58,349.33,126019
2023-07-27,349.71,353.1,342.63,344.06,104460
2023-07-30,345.27,346.25,326.75,337.21,268774
2023-07-31,338.79,344.44,332.02,336.53,121514
2023-08-01,342.56,343.23,322.98,323.73,143373
2023-08-02,329.76,333.52,319.52,330.51,121445
2023-08-03,333.9,336.46,327.5,328.25,101469
2023-08-06,328.33,332.69,314.85,318.31,152360
2023-08-07,318.39,325.99,311.76,321.48,178122
2023-08-08,326.75,326.75,309.88,316.21,96898
2023-08-09,310.18,329.76,310.18,329.0,125094
2023-08-10,329.08,354.68,324.71,347.6,372232
2023-08-13,350.08,364.39,343.31,359.12,307246
2023-08-14,364.99,365.07,347.83,348.58,231909
2023-08-15,353.47,353.47,338.11,338.87,166147
2023-08-16,336.53,341.8,329.76,341.05,133170
2023-08-17,346.32,356.86,338.04,348.58,295677
2023-08-20,352.34,352.64,340.3,340.3,88545
2023-08-21,338.79,347.07,334.42,338.79,127440
2023-08-22,339.54,347.07,335.7,344.81,90803
2023-08-23,341.13,353.85,341.13,348.58,151713
2023-08-24,348.58,353.85,341.65,342.63,170218
2023-08-27,348.58,348.58,335.03,337.29,109762
2023-08-28,338.04,344.81,332.02,340.3,109939
2023-08-29,345.94,345.94,338.04,338.79,46892
2023-08-30,342.56,342.56,338.04,339.54,55097
2023-09-03,344.44,344.44,327.5,329.76,88202
2023-09-04,332.77,337.29,325.99,333.52,76994
2023-09-05,335.03,335.03,327.5,330.51,40884
2023-09-07,327.5,330.51,325.32,326.75,92513
2023-09-10,333.22,335.03,328.33,329.0,79082
2023-09-11,329.91,346.32,329.91,343.31,115794
2023-09-12,340.3,347.83,335.86,336.98,65591
2023-09-13,331.26,350.84,331.26,349.33,146123
2023-09-17,345.57,346.32,334.27,336.53,102798
2023-09-18,335.18,344.81,333.52,339.62,51227
2023-09-19,339.77,342.56,337.51,339.62,50582
2023-09-21,346.32,353.85,340.15,346.32,161590
2023-09-24,342.56,351.52,338.64,339.54,79104
2023-09-25,338.79,345.57,336.68,338.79,52006
2023-09-26,343.31,346.32,335.03,340.3,51455
2023-09-27,341.8,341.8,335.03,336.53,64977
2023-10-01,332.84,337.29,330.13,330.13,47500
2023-10-02,323.73,329.0,316.96,324.56,189731
2023-10-03,319.97,326.37,319.22,323.73,48353
2023-10-04,323.73,333.52,323.73,329.91,48328
2023-10-05,330.51,333.15,322.23,326.9,70679
2023-10-08,332.77,332.77,317.71,317.71,98954
2023-10-09,317.71,323.73,316.96,317.71,45986
2023-10-10,318.09,319.97,308.68,311.69,59829
2023-10-11,317.86,317.86,309.05,312.44,32563
2023-10-12,313.19,313.95,306.95,306.95,59890
2023-10-16,305.74,305.74,293.62,297.38,54778
2023-10-17,301.9,307.92,294.37,295.88,36312
2023-10-18,293.62,308.68,293.62,304.91,28545
2023-10-19,304.16,304.91,297.31,299.64,37793
2023-10-29,298.14,299.64,291.36,295.05,20693
2023-10-30,289.86,295.88,289.86,293.62,27110
2023-10-31,292.11,294.37,290.83,292.87,22040
2023-11-01,293.62,295.13,287.75,288.88,26094
2023-11-02,289.1,303.41,288.42,302.65,71809
2023-11-05,302.65,307.92,293.62,304.91,45678
2023-11-06,311.01,325.99,304.91,322.6,152580
2023-11-07,327.5,329.0,318.46,326.75,86699
2023-11-08,322.23,328.63,322.23,322.38,50391
2023-11-09,322.23,322.23,316.21,316.21,90376
2023-11-20,317.71,317.71,301.83,307.92,167100
2023-11-21,304.16,307.17,298.29,301.15,71848
2023-11-22,301.15,313.12,298.14,310.18,55249
2023-11-23,306.42,317.71,304.99,312.44,63518
2023-11-26,306.27,317.71,306.27,313.19,70024
2023-11-27,313.19,318.77,311.01,313.19,79514
2023-11-28,309.43,328.63,309.43,322.98,153446
2023-11-29,322.98,330.51,317.71,323.58,98648
2023-11-30,323.73,325.54,317.71,318.46,102921
2023-12-03,318.46,320.27,312.44,319.89,54827
2023-12-04,322.15,324.49,314.7,317.71,59446
2023-12-05,318.46,320.72,313.19,316.21,34833
2023-12-06,315.45,317.64,313.19,313.95,38533
2023-12-07,312.44,323.66,312.44,316.21,70011
2023-12-10,322.23,335.03,322.23,331.26,35292
2023-12-11,335.03,337.29,325.99,331.34,244683
2023-12-12,333.52,357.54,332.77,350.84,257055
2023-12-13,353.85,356.86,340.3,342.56,126816
2023-12-14,344.81,354.75,339.92,347.07,106831
2023-12-17,342.56,357.99,339.54,354.6,173530
2023-12-18,360.62,374.7,348.28,367.4,381248
2023-12-19,372.67,391.19,363.03,387.73,569116
2023-12-20,395.26,401.28,381.71,381.71,474000
2023-12-21,388.93,388.93,368.38,370.59,221387
2023-12-24,367.59,387.35,364.35,364.43,265774
2023-12-27,369.88,371.54,357.31,363.56,104221
2023-12-28,368.38,373.04,358.1,364.58,147502
2024-01-01,369.96,374.7,360.4,362.06,137081
2024-01-02,365.22,365.22,348.93,349.09,162562
2024-01-03,355.73,361.26,347.11,359.68,138983
2024-01-04,365.22,373.12,358.89,361.03,234252
2024-01-07,358.89,367.59,355.73,358.18,122112
2024-01-08,363.64,367.59,359.13,362.92,139242
2024-01-09,370.12,388.93,366.8,382.61,363290
2024-01-10,385.77,390.2,379.45,382.61,262213
2024-01-11,380.24,387.35,371.86,377.55,77025
2024-01-14,381.82,386.09,373.91,377.87,88633
2024-01-16,381.82,388.93,376.52,383.48,160856
2024-01-17,387.35,390.51,371.54,377.79,207694
2024-01-18,375.49,379.45,366.01,370.75,150927
2024-01-21,370.75,377.87,364.43,366.32,144246
2024-01-22,363.72,375.49,360.32,364.43,97443
2024-01-23,367.59,375.49,363.64,374.7,124374
2024-01-24,381.82,381.82,366.25,369.41,170197
2024-01-25,369.96,373.12,360.24,364.43,62533
2024-01-28,363.64,370.75,356.52,363.24,66350
2024-01-29,369.96,371.54,363.32,365.3,58265
2024-01-30,366.8,367.59,363.64,364.58,73253
2024-01-31,366.09,369.96,356.68,358.89,94199
2024-02-01,363.64,363.64,357.63,358.97,60780
2024-02-04,352.81,363.64,347.83,361.19,35190
2024-02-05,362.06,367.59,355.65,361.26,61194
2024-02-06,367.27,367.27,360.55,363.79,23978
2024-02-07,365.22,373.91,363.64,369.96,110431
2024-02-08,371.54,373.91,366.8,371.7,79676
2024-02-11,379.13,379.13,364.82,367.59,71112
2024-02-12,365.22,368.77,363.08,367.35,37991
2024-02-13,360.47,364.43,353.52,358.89,67454
2024-02-14,358.89,362.85,350.99,358.18,52903
2024-02-15,358.97,362.06,352.57,357.39,64029
2024-02-18,364.43,364.43,348.54,355.57,33837
2024-02-20,357.31,359.53,354.15,355.34,34012
2024-02-21,360.87,360.87,347.43,353.36,35901
2024-02-22,358.58,358.58,344.66,347.83,41416
2024-02-25,342.29,351.78,341.5,342.29,32429
2024-02-26,342.37,350.2,341.5,349.09,20224
2024-02-27,347.83,351.78,344.03,345.53,17987
2024-02-28,343.87,350.2,342.45,347.83,21604
2024-02-29,347.83,348.62,338.58,338.74,33334
2024-03-03,338.74,343.87,336.84,341.5,36893
2024-03-04,348.3,361.26,348.3,361.26,2635
2024-03-05,363.64,363.64,346.25,346.25,37220
2024-03-06,340.0,355.73,338.34,349.41,75278
2024-03-07,343.87,355.73,343.87,345.45,31188
2024-03-10,345.61,358.42,338.02,350.99,41254
2024-03-12,357.94,370.75,345.53,367.51,135840
2024-03-13,371.54,371.54,357.94,365.93,128683
2024-03-14,366.8,366.8,357.39,360.47,45249
2024-03-17,358.18,361.98,348.62,353.44,46668
2024-03-18,354.15,358.81,353.36,356.52,52648
2024-03-19,356.52,362.77,349.41,358.02,31571
2024-03-20,355.81,358.89,348.62,352.96,16285
2024-03-21,351.07,357.31,347.83,350.2,31457
2024-03-25,351.38,351.78,337.87,347.04,31276
2024-03-26,345.53,353.91,343.32,349.41,44432
2024-03-27,349.41,352.96,344.74,346.25,22753
2024-03-28,346.25,349.33,336.76,346.25,49955
2024-03-31,344.82,347.83,337.55,342.29,34904
2024-04-01,343.08,345.06,342.06,343.08,28707
2024-04-02,347.75,347.75,342.29,343.87,46085
2024-04-03,344.98,347.43,338.97,347.04,29508
2024-04-04,345.85,348.62,345.45,346.09,31434
2024-04-07,346.25,356.28,346.25,354.94,48693
2024-04-09,354.94,354.94,343.64,352.57,44526
2024-04-10,345.53,351.7,345.53,347.04,45231
2024-04-14,348.62,350.2,341.66,347.83,34260
2024-04-15,341.26,348.06,341.26,345.14,12806
2024-04-16,347.83,347.83,335.49,341.26,44301
2024-04-18,341.03,342.29,333.36,339.92,23161
2024-04-21,337.0,344.58,330.28,339.92,25730
2024-04-22,343.87,345.45,339.21,339.92,19450
2024-04-24,343.87,343.87,338.58,339.13,29267
2024-04-25,339.13,340.71,332.02,340.71,26248
2024-04-28,343.87,343.87,334.7,341.42,18704
2024-04-29,339.92,341.5,333.6,339.13,19815
2024-04-30,339.13,359.68,332.41,350.99,52235
2024-05-02,348.62,351.78,342.61,347.83,58405
2024-05-05,347.83,347.83,337.55,341.5,32470
2024-05-06,341.5,343.4,337.71,341.42,23446
2024-05-07,342.29,347.04,338.5,339.92,14148
2024-05-08,340.32,341.5,337.63,339.29,20196
2024-05-09,346.01,367.19,343.08,364.43,318419
2024-05-12,371.7,371.7,344.74,350.99,146954
2024-05-13,354.78,354.78,347.75,350.75,86024
2024-05-14,355.73,357.71,345.14,350.99,53596
2024-05-15,357.79,357.87,344.74,351.07,53023
2024-05-16,356.52,356.52,339.92,345.38,126187
2024-05-19,347.83,354.94,345.53,350.2,74909
2024-05-20,355.42,356.84,343.87,350.99,74041
2024-05-21,354.86,354.94,343.64,350.99,55493
2024-05-22,350.99,359.68,349.41,354.55,112870
2024-05-26,357.31,363.64,351.78,360.55,219886
2024-05-27,362.85,363.64,351.94,355.73,78300
2024-05-29,362.06,362.85,348.62,352.57,95456
2024-05-30,358.89,358.89,342.45,346.09,122032
2024-06-02,346.09,351.7,338.74,346.25,42346
2024-06-03,347.04,350.2,339.92,344.66,33916
2024-06-04,351.54,351.54,337.0,343.08,62805
2024-06-05,342.29,346.96,335.49,341.5,38975
2024-06-06,340.71,347.75,337.23,342.85,35450
2024-06-09,344.66,351.78,341.11,347.75,71795
2024-06-10,344.27,348.62,337.39,343.87,76850
2024-06-11,347.83,347.83,337.15,346.25,45261
2024-06-12,347.83,351.86,339.92,345.06,84800
2024-06-13,349.41,350.2,339.45,344.66,75446
2024-06-16,345.45,348.62,342.69,342.69,32087
2024-06-18,341.9,344.74,341.5,341.5,25296
2024-06-19,339.92,341.9,338.34,339.92,56948
2024-06-20,343.48,343.48,335.97,336.13,53911
2024-06-23,336.28,339.84,332.17,332.81,56865
2024-06-24,333.6,337.55,329.25,332.81,46367
2024-06-25,333.6,338.34,329.64,335.57,36994
2024-06-26,333.6,339.84,331.23,336.36,41149
2024-06-27,335.89,340.47,333.2,333.6,28010
2024-06-30,334.15,334.78,332.17,332.17,35905
2024-07-01,333.6,335.97,332.02,333.75,20589
2024-07-02,340.4,353.36,335.26,337.47,39729
2024-07-03,335.57,338.97,329.64,337.55,33526
2024-07-04,339.92,341.5,333.75,339.92,75919
2024-07-07,344.66,353.2,340.0,350.99,164987
2024-07-08,351.46,354.47,348.14,349.41,58504
2024-07-09,347.83,349.25,346.25,347.83,53976
2024-07-10,354.15,354.15,341.11,348.77,53167
2024-07-11,349.41,355.81,341.66,352.57,83393
2024-07-14,359.6,365.22,351.78,356.52,69731
2024-07-15,358.1,359.68,347.75,349.41,56867
2024-07-16,349.49,362.45,347.83,360.47,118323
2024-07-17,367.51,386.56,359.68,381.03,341883
2024-07-18,381.03,388.14,372.65,377.23,205712
2024-07-21,380.32,412.65,375.57,404.74,678574
2024-07-22,408.7,416.84,395.89,407.51,361548
2024-07-23,411.07,418.1,402.13,414.23,223141
2024-07-24,414.23,417.39,393.6,408.7,405858
2024-07-25,404.74,420.87,403.16,409.09,264891
2024-07-28,411.07,418.97,398.5,409.96,270720
2024-07-29,418.1,418.1,400.08,410.28,294150
2024-07-30,404.74,443.48,403.95,441.9,663561
2024-07-31,450.59,458.5,433.83,443.56,324978
2024-08-01,450.59,450.59,430.91,437.79,369102
2024-08-05,445.85,477.39,433.99,475.1,505999
2024-08-06,484.58,487.75,438.74,438.74,511497
2024-08-07,438.74,469.57,434.78,464.82,286409
2024-08-08,474.07,483.48,446.64,456.92,371098
2024-08-11,454.55,474.86,449.01,469.57,271619
2024-08-12,475.1,499.6,475.1,489.33,569649
2024-08-13,498.02,502.77,470.28,478.26,275702
2024-08-14,487.83,496.6,460.95,493.36,490503
2024-08-15,503.16,503.16,479.84,484.9,268580
2024-08-18,475.26,488.46,460.87,462.45,252259
2024-08-21,467.91,472.49,459.37,462.45,136878
2024-08-22,471.7,471.7,453.36,458.5,138558
2024-08-25,456.92,466.01,447.98,451.38,155127
2024-08-27,445.06,461.58,442.69,445.06,260154
2024-08-28,453.91,466.4,439.29,445.53,147818
2024-08-29,446.64,456.13,435.65,443.48,126780
2024-09-01,448.3,450.59,429.25,430.83,102695
2024-09-02,434.7,446.64,418.97,445.85,128109
2024-09-03,450.59,458.5,441.9,443.64,82223
2024-09-04,442.77,448.22,425.3,427.67,144453
2024-09-05,419.84,433.2,412.57,423.08,120114
2024-09-08,431.54,431.54,415.02,416.6,80146
2024-09-09,413.99,420.16,403.95,407.11,138659
2024-09-10,415.26,415.26,403.48,411.07,78031
2024-09-11,405.53,419.29,400.24,406.25,59545
2024-09-12,405.53,418.97,400.79,416.21,101099
2024-09-15,419.76,422.92,402.37,402.37,104852
2024-09-16,410.28,410.28,391.3,394.23,92179
2024-09-18,400.79,400.79,384.98,396.05,70257
2024-09-22,403.16,406.32,391.3,391.86,45622
2024-09-23,389.17,392.09,377.15,381.11,71985
2024-09-24,379.53,388.14,372.41,373.91,75987
2024-09-25,378.66,387.35,366.8,386.56,92639
2024-09-26,391.3,391.3,377.08,380.24,40088
2024-09-29,381.03,384.9,371.54,372.33,51661
2024-09-30,379.45,382.53,372.33,382.21,25527
2024-10-01,388.06,407.11,383.4,407.04,111234
2024-10-02,407.04,407.11,391.94,401.58,82481
2024-10-06,401.58,411.07,396.84,410.28,47525
2024-10-07,411.15,433.99,411.07,423.08,117594
2024-10-08,420.55,427.59,411.23,412.65,53086
2024-10-09,408.7,422.92,407.11,417.39,30827
2024-10-15,418.97,421.26,411.15,421.26,27169
2024-10-16,418.97,430.04,418.97,427.67,53432
2024-10-17,428.46,430.36,422.13,422.92,72803
2024-10-20,418.97,422.92,411.07,412.65,85828
2024-10-21,405.61,412.65,400.0,405.3,53723
2024-10-22,408.7,410.28,401.58,408.3,20415
2024-10-23,409.49,413.68,399.21,403.16,35926
2024-10-24,404.35,408.3,399.21,401.58,32239
2024-10-27,403.16,409.33,395.26,402.77,25356
2024-10-28,402.85,407.91,396.68,407.04,17966
2024-10-29,407.04,423.72,407.04,423.72,85283
2024-10-30,432.17,464.82,432.17,445.45,373835
2024-11-05,454.31,462.45,447.43,454.15,148281
2024-11-06,454.55,454.55,445.85,449.01,77280
2024-11-10,450.59,450.99,443.48,449.01,100647
2024-11-11,452.96,453.75,437.15,448.22,99452
2024-11-12,448.22,450.59,435.42,444.27,67155
2024-11-13,444.27,447.43,437.71,438.89,61063
2024-11-14,445.69,445.69,438.74,441.9,71045
2024-11-17,441.9,456.13,441.9,454.55,174633
2024-11-19,457.47,457.47,437.71,444.98,105407
2024-11-20,450.59,450.59,438.74,444.27,49006
2024-11-21,446.64,450.43,436.36,439.68,62966
2024-11-24,439.53,448.22,438.81,439.21,63157
2024-11-25,447.43,447.98,434.86,443.48,77555
2024-11-26,450.59,450.59,438.74,444.27,89930
2024-11-27,450.59,452.17,438.74,450.59,266148
2024-11-28,450.61,460.87,450.61,452.17,100778
2024-12-01,461.22,461.22,438.87,447.83,56228
2024-12-02,439.13,474.78,439.13,461.04,173941
2024-12-03,465.22,469.57,451.65,453.04,42731
2024-12-04,451.3,462.09,451.3,454.17,37988
2024-12-05,448.7,452.96,430.35,439.22,68151
2024-12-08,444.35,444.35,426.96,428.78,57539
2024-12-09,436.52,437.39,423.13,423.74,51779
2024-12-10,425.13,430.43,421.91,424.26,24239
2024-12-11,420.96,428.7,420.87,428.7,20593
2024-12-12,428.7,430.35,418.43,421.74,30616
2024-12-16,420.87,423.91,408.7,411.65,46458
2024-12-17,418.26,418.26,408.7,414.78,25235
2024-12-18,422.61,422.61,413.04,413.04,32056
2024-12-19,417.39,420.0,408.7,408.7,28383
2024-12-22,410.87,411.3,395.65,405.04,26896
2024-12-23,410.43,410.43,398.35,405.22,34051
2024-12-24,408.7,413.3,406.09,411.22,29507
2024-12-26,408.7,410.35,400.52,407.83,20942
2024-12-29,404.43,409.74,401.74,403.48,23710
2024-12-31,408.7,408.7,397.57,402.7,33338
2025-01-01,400.87,409.48,399.13,409.13,26776
2025-01-02,404.61,412.87,404.35,409.65,17851
2025-01-05,409.57,412.17,405.22,409.39,29220
2025-01-06,413.04,427.83,408.7,426.09,58062
2025-01-07,432.96,432.96,419.13,429.22,41687
2025-01-08,427.83,430.26,418.7,427.83,23362
2025-01-09,430.43,432.17,420.17,427.83,22261
2025-01-12,427.83,427.83,417.39,426.09,20373
2025-01-13,424.35,425.22,415.04,417.65,39562
2025-01-15,417.65,426.96,416.61,426.0,31943
2025-01-16,421.74,438.26,421.74,428.7,33445
2025-01-19,430.43,430.43,421.74,425.65,28566
2025-01-20,426.09,429.48,425.65,426.96,32693
2025-01-21,426.96,439.04,426.09,434.78,40177
2025-01-22,434.78,451.3,434.78,450.43,137082
2025-01-23,452.17,452.17,434.78,446.87,43221
2025-01-26,446.96,450.43,441.83,447.74,65954
2025-01-27,446.96,447.65,435.48,443.22,38900
2025-01-28,444.35,449.57,434.78,447.83,44820
2025-02-02,443.48,457.48,443.48,453.04,101593
2025-02-03,455.65,462.61,449.22,457.39,91197
2025-02-04,457.3,457.3,446.52,447.83,41998
2025-02-05,443.48,448.7,434.87,447.83,46341
2025-02-06,449.57,450.35,440.0,443.48,38461
2025-02-09,435.74,446.96,434.78,440.87,21170
2025-02-10,440.87,440.87,434.78,439.91,18343
2025-02-11,432.17,438.17,424.0,428.7,41220
2025-02-12,426.96,433.91,422.17,429.57,34970
2025-02-13,421.04,434.78,418.43,426.96,30489
2025-02-16,426.96,438.0,413.3,433.91,127765
2025-02-17,433.91,456.43,426.96,443.74,92094
2025-02-18,444.35,455.22,434.87,440.0,59691
2025-02-20,439.13,446.96,426.96,436.52,34200
2025-02-23,430.43,443.48,422.78,433.91,52054
2025-02-24,431.39,441.74,423.48,429.57,51003
2025-02-25,429.57,436.52,422.87,430.43,40032
2025-02-27,430.43,437.39,422.87,432.17,29342
2025-03-02,438.26,454.7,431.3,450.43,117090
2025-03-03,449.57,453.04,440.87,444.35,74206
2025-03-04,447.83,451.3,432.96,440.0,66830
2025-03-05,440.0,446.96,429.65,437.39,47814
2025-03-06,437.39,440.0,426.96,434.78,41007
2025-03-09,434.87,439.57,426.09,433.04,52240
2025-03-10,433.91,437.39,426.09,428.96,44839
2025-03-11,425.3,435.22,421.83,422.96,42471
2025-03-12,430.43,431.39,424.35,425.65,18462
2025-03-16,430.43,431.3,417.39,426.09,44346
2025-03-17,421.74,429.57,421.74,426.09,24967
2025-03-18,429.57,430.35,415.04,424.35,22131
2025-03-19,429.39,430.43,424.43,426.09,37395
2025-03-20,429.57,430.43,421.74,425.21,25574
2025-03-23,421.91,426.52,417.39,418.07,40257
2025-03-24,417.39,422.61,410.43,421.57,36437
2025-03-25,413.91,419.13,409.04,410.38,56357
2025-03-26,412.17,420.0,410.43,419.36,18612
2025-03-27,415.65,421.3,407.83,418.62,38312
2025-03-30,418.09,426.09,417.39,423.03,33419
2025-04-01,417.39,422.61,408.7,416.39,25594
2025-04-02,416.09,422.61,410.43,421.8,28246
2025-04-03,419.48,426.09,419.39,422.92,35234
2025-04-07,417.39,420.0,413.13,416.6,30666
2025-04-08,413.04,417.39,408.0,414.03,32877
2025-04-09,417.39,431.3,413.3,430.26,62267
2025-04-10,432.09,432.09,417.74,427.84,22678
2025-04-13,425.48,430.26,414.78,428.29,25099
2025-04-15,432.17,440.87,426.09,440.03,107134
2025-04-16,441.65,443.48,431.22,439.47,75902
2025-04-17,445.22,447.83,435.04,442.71,94140
2025-04-20,447.65,447.83,431.65,436.43,66230
2025-04-21,434.35,441.74,426.09,435.81,60608
2025-04-22,442.52,446.09,433.04,441.94,107177
2025-04-23,442.61,443.48,434.78,435.63,78296
2025-04-24,435.65,438.26,424.43,431.29,42546
2025-04-27,429.57,442.61,428.7,437.14,109402
2025-04-28,437.65,440.78,434.87,435.55,57009
2025-04-29,436.52,436.52,425.22,434.61,30608
2025-04-30,434.61,438.0,428.7,436.83,52501
2025-05-04,436.52,440.0,436.17,437.37,61481
2025-05-05,430.52,438.17,430.52,436.31,27528
2025-05-06,436.09,439.04,426.52,435.52,49467
2025-05-07,440.0,443.3,431.3,440.98,70383
2025-05-08,446.09,447.83,434.78,444.49,109167
2025-05-11,447.83,488.87,447.83,481.66,573286
2025-05-13,488.87,492.7,464.87,471.74,253205
2025-05-14,480.0,488.7,457.48,460.22,188073
2025-05-15,460.0,500.43,456.52,497.26,824999
2025-05-18,496.52,509.57,486.96,492.98,409600
2025-05-19,483.13,499.91,473.83,482.9,346161
2025-05-20,487.83,513.13,483.57,506.63,505312
2025-05-21,516.7,526.96,495.65,509.03,412921
2025-05-22,506.09,519.13,495.65,498.71,347850
2025-05-25,496.61,501.74,474.7,489.69,318522
2025-05-26,499.48,504.35,478.26,485.2,230821
2025-05-27,479.13,491.3,475.39,488.52,226773
2025-05-28,478.78,504.35,478.78,496.39,315844
2025-06-02,506.26,522.61,502.61,509.04,561476
2025-06-03,509.57,512.17,488.7,496.68,236083
2025-06-04,497.39,503.04,490.43,492.06,123545
2025-06-05,485.22,497.22,478.26,487.67,212462
2025-06-08,485.3,499.83,484.43,491.95,297550
2025-06-09,482.61,495.39,479.91,485.77,239199
2025-06-10,491.3,502.61,485.74,497.42,315155
2025-06-11,494.0,499.13,486.09,487.89,194522
2025-06-12,497.57,504.26,479.13,495.9,350935
2025-06-15,502.61,502.61,481.04,490.1,159010
2025-06-16,481.74,525.22,481.74,521.0,900638
2025-06-17,531.39,537.3,511.3,515.26,501929
2025-06-18,515.65,519.13,506.96,511.96,144559
2025-06-19,510.35,518.26,498.7,504.13,358731
2025-06-22,504.26,505.22,482.61,484.03,213001
2025-06-23,489.57,495.57,472.17,489.96,142891
2025-06-24,497.39,499.13,483.48,484.26,96835
2025-06-25,485.3,492.96,478.26,489.43,97030
2025-06-26,487.83,502.87,474.78,478.83,204538
2025-06-29,469.57,485.04,469.57,481.1,99674
2025-06-30,481.04,488.43,478.26,481.1,96374
2025-07-01,482.61,486.87,473.04,485.65,84327
2025-07-02,483.48,491.3,478.26,488.4,87947
2025-07-03,490.43,491.3,477.39,486.2,114750
2025-07-06,491.22,491.22,478.26,486.17,106025
2025-07-07,492.17,501.74,482.7,491.0,169163
2025-07-08,495.65,495.65,478.26,490.65,84450
2025-07-09,491.3,495.57,481.48,490.55,75423
2025-07-10,494.78,501.13,480.87,490.57,72957
2025-07-13,497.91,500.35,479.83,493.26,169044
2025-07-14,494.0,499.83,485.74,492.19,120143
2025-07-15,493.91,503.48,490.0,498.81,171988
2025-07-16,508.78,508.78,493.04,502.24,181350
2025-07-17,506.96,520.87,502.0,511.87,192333
2025-07-20,513.04,521.13,500.0,508.06,228293
2025-07-21,505.22,517.39,497.39,507.89,156962
2025-07-22,516.52,534.78,509.57,533.03,544088
2025-07-23,534.35,535.65,511.74,522.97,319537
2025-07-24,533.3,533.3,513.04,526.5,212009
2025-07-27,529.48,538.26,511.3,513.37,453779
2025-07-28,505.3,517.39,500.0,512.46,210958
2025-07-29,521.65,521.74,507.22,509.96,151771
2025-07-30,513.04,515.65,493.04,501.03,237920
2025-07-31,491.04,506.78,491.04,499.0,136308
2025-08-03,504.35,504.35,486.96,494.57,101379
2025-08-04,499.13,500.0,486.26,492.3,106407
2025-08-05,496.43,496.43,484.35,486.46,113878
2025-08-06,482.61,491.3,478.26,488.42,60761
2025-08-07,486.96,495.65,486.96,491.57,45717
2025-08-11,487.83,495.22,478.09,484.1,79745
2025-08-12,484.1,487.65,478.26,483.57,43033
2025-08-13,482.61,486.96,478.26,485.03,26187
2025-08-14,484.78,491.22,483.48,487.7,42863
2025-08-17,487.83,493.91,478.35,488.77,42265
2025-08-18,492.87,493.04,482.61,491.73,29115
2025-08-19,494.61,494.61,482.61,488.48,38347
2025-08-20,487.3,503.48,486.96,497.3,86698
2025-08-21,501.65,503.48,486.96,490.11,24961
2025-08-24,494.78,497.39,478.26,485.63,45670
2025-08-25,486.96,489.04,478.26,487.93,24835
2025-08-26,490.43,491.3,482.61,488.52,15674
2025-08-27,491.74,500.0,482.61,496.65,48014
2025-08-28,496.52,500.0,486.96,488.65,87475
2025-08-31,492.17,492.17,478.43,486.37,35900
2025-09-01,482.61,491.3,480.0,488.21,21663
2025-09-02,483.74,491.3,479.83,489.83,40466
2025-09-03,485.3,490.87,482.61,484.64,44279
2025-09-04,485.22,487.83,475.65,479.81,73684
2025-09-07,481.74,484.35,478.35,480.13,40514
2025-09-08,487.83,487.83,471.3,473.31,32918
2025-09-18,463.91,463.91,426.0,426.0,5696
2025-09-21,417.57,456.52,417.57,450.09,89896
2025-09-23,453.04,469.57,451.3,467.04,37955
2025-09-24,469.57,469.57,452.17,462.61,32711
2025-09-25,455.13,465.22,447.83,461.04,26208
2025-09-28,469.48,469.48,457.39,466.43,12303
2025-10-07,457.39,460.87,448.26,453.04,40916
2025-10-08,448.0,450.43,433.04,439.74,56489
2025-10-09,448.52,466.52,440.0,444.35,31500
2025-10-12,438.52,439.13,409.04,415.83,132788
2025-10-13,414.78,435.65,414.78,435.65,55736
2025-10-14,434.61,435.57,424.35,428.7,20551
2025-10-15,422.61,433.04,422.61,424.78,30371
2025-10-16,423.91,429.57,420.26,421.74,19520
2025-10-19,429.57,430.87,421.74,430.0,21984
2025-10-26,424.35,437.13,421.74,435.65,17881
2025-10-28,439.83,451.22,434.0,451.22,61184
2025-10-29,460.17,486.78,460.17,472.26,207945
2025-10-30,480.87,482.61,467.91,477.39,102925
2025-11-02,482.61,484.78,477.39,480.0,76357
2025-11-03,477.39,482.61,467.91,476.52,47749
2025-11-04,486.0,486.0,467.04,473.04,35815
2025-11-05,464.35,473.91,464.35,471.48,41106
2025-11-06,472.17,482.61,466.26,469.57,48155
2025-11-09,473.91,473.91,465.22,469.57,35370
2025-11-10,471.3,472.7,466.09,472.7,35661
2025-11-11,473.91,482.09,461.74,477.22,83496
2025-11-12,479.91,479.91,469.57,470.87,25230
2025-11-13,475.65,475.65,466.09,469.3,48141
2025-11-16,472.87,472.87,456.52,466.09,59547
2025-11-17,469.57,478.26,463.48,472.17,28431
2025-11-18,469.57,479.04,469.57,473.91,28435
2025-11-19,480.0,480.0,471.3,474.61,28517
2025-11-20,478.26,480.0,473.04,474.78,96431
2025-11-23,480.0,481.0,464.0,471.9,46349
2025-11-24,472.0,480.0,471.9,477.0,30245
2025-11-25,477.5,479.7,470.0,477.9,15265
2025-11-26,479.0,494.0,477.9,493.0,50083
2025-11-27,494.0,496.5,490.0,495.0,24097
2025-11-30,495.0,500.0,487.2,498.4,63990
2025-12-01,491.3,500.0,488.0,493.0,24408
2025-12-02,495.0,496.0,486.0,487.4,11361
2025-12-03,481.0,496.7,478.2,484.0,16548
2025-12-07,491.2,491.2,478.0,480.0,17710
2025-12-08,470.4,485.1,470.4,479.7,11295
2025-12-09,480.0,487.8,475.0,484.5,13710
2025-12-10,488.0,490.0,479.3,489.0,19935
2025-12-11,485.0,489.8,475.3,485.5,8582
2025-12-14,485.0,487.8,485.0,487.0,11112
2025-12-15,487.0,497.0,480.0,486.0,10782
2025-12-16,487.0,495.0,483.0,495.0,13058
2025-12-17,495.0,496.0,485.0,491.6,14580
2025-12-18,491.0,494.8,486.0,494.7,15109
2025-12-21,488.0,493.0,480.0,486.0,9156
2025-12-22,477.0,485.7,470.0,478.6,34104
2025-12-23,478.0,485.0,471.0,479.5,15466
2025-12-24,479.5,486.0,475.0,480.5,11182
2025-12-28,470.9,490.1,470.9,488.5,12144
2025-12-29,485.0,493.0,480.0,488.1,29177
2025-12-31,493.0,493.0,485.0,492.0,25981
2026-01-01,490.0,494.0,480.0,487.9,14998
2026-01-04,487.9,493.0,475.0,489.0,17633
2026-01-05,485.0,496.0,485.0,494.0,42684
2026-01-06,494.0,510.0,490.0,499.9,58331
2026-01-07,500.0,500.0,490.0,495.0,14764
2026-01-08,491.1,500.0,491.1,497.0,11547
2026-01-12,492.2,498.9,483.2,493.0,62815
2026-01-13,486.0,497.9,486.0,495.7,16894
2026-01-14,499.0,503.0,487.7,498.0,46757
2026-01-18,502.0,502.0,497.3,498.0,29400
2026-01-20,502.0,515.2,499.0,515.0,99453
2026-01-21,509.0,512.0,500.0,502.0,31970
2026-01-22,500.0,510.0,495.0,501.8,17717
2026-01-25,499.9,515.2,495.0,508.5,40572
2026-01-26,507.0,514.4,498.5,513.0,33023
2026-01-27,515.0,523.0,499.2,507.0,62156
2026-01-28,505.0,507.1,493.0,503.1,22435
2026-01-29,499.0,513.0,499.0,501.5,27785
2026-02-01,501.5,504.9,490.0,496.1,30983
2026-02-02,500.0,500.0,490.1,493.1,10981
2026-02-03,493.2,513.0,493.1,497.0,38791
2026-02-04,500.0,505.0,495.0,499.0,25371
2026-02-05,494.0,504.0,494.0,503.5,16517
2026-02-08,500.0,504.0,496.0,498.0,27063
2026-02-09,495.0,499.0,490.0,497.0,25082
2026-02-10,504.9,504.9,494.6,496.0,18543
2026-02-11,505.9,507.0,494.0,497.0,10898
2026-02-12,495.1,503.0,488.1,491.5,41181
2026-02-16,492.0,498.0,485.0,491.0,20299
2026-02-17,494.9,496.0,485.0,489.0,20615
2026-02-22,489.0,492.0,485.0,487.1,31530
2026-02-23,489.1,489.5,483.0,486.3,31198
2026-02-24,488.0,490.0,480.0,490.0,16284
2026-02-25,490.0,494.0,490.0,491.0,7134
2026-02-26,490.0,500.0,488.0,493.1,10105
2026-03-01,493.0,498.0,485.0,496.0,16267
2026-03-03,496.0,505.0,495.0,501.8,19351
2026-03-09,511.8,532.0,511.8,530.0,2165
2026-03-10,530.0,530.0,503.0,515.0,137995
2026-03-11,525.0,525.0,500.9,510.0,65828
2026-03-12,503.0,515.0,498.9,511.0,43826
2026-03-15,511.0,522.2,499.8,511.6,47014
2026-03-16,510.0,520.0,500.0,508.9,37910
2026-03-17,514.0,514.0,500.0,507.8,57512
2026-03-19,507.6,525.0,502.0,516.0,107712
2026-03-22,524.9,537.0,503.0,535.0,168314
2026-03-23,538.0,540.0,520.0,528.4,111657
2026-03-24,531.0,531.0,510.0,522.1,66533
2026-03-25,525.0,527.0,514.5,518.0,73932
2026-03-26,512.0,522.2,509.0,519.1,125133
2026-03-29,519.0,520.0,505.0,508.9,82444
2026-03-30,505.0,512.0,499.0,499.0,82569
2026-03-31,500.2,506.0,488.0,504.1,35389
2026-04-01,502.0,505.0,481.0,491.0,82708
2026-04-02,492.2,495.0,481.2,492.0,33660
2026-04-05,492.0,492.0,479.0,479.0,61854
2026-04-06,479.0,499.0,475.0,491.0,36249
2026-04-07,491.0,500.0,480.0,493.9,60466
2026-04-08,497.0,500.0,488.0,496.9,75218
2026-04-09,497.1,510.0,495.0,509.0,49840
2026-04-10,510.0,512.0,495.0,501.0,67873
2026-04-13,500.1,509.0,500.0,508.0,38220
2026-04-15,505.0,535.0,501.0,521.1,186977
2026-04-16,521.0,522.0,507.0,512.5,55865
2026-04-17,513.0,522.5,502.4,515.0,96258
2026-04-20,507.0,511.0,503.6,509.5,51947
2026-04-21,505.1,515.0,503.1,506.9,32825
2026-04-22,503.1,505.0,483.0,503.0,48418
2026-04-23,506.0,510.0,483.1,497.5,18979
2026-04-24,484.0,528.8,484.0,501.0,26882
2026-04-27,501.0,505.9,500.0,504.8,13686
2026-04-28,496.2,506.0,488.9,501.9,12445
2026-04-29,500.0,501.0,490.0,498.0,14002
2026-04-30,512.5,530.0,490.0,496.1,40288
2026-05-04,490.2,500.0,489.0,492.1,21376
2026-05-05,491.0,500.0,489.1,492.3,14185
2026-05-06,492.5,497.0,480.0,495.9,22373
2026-05-07,503.0,503.0,490.0,496.9,9486
2026-05-08,497.0,498.5,490.0,495.6,20264
2026-05-11,500.0,502.9,495.0,500.8,23853
2026-05-12,500.0,504.0,487.0,497.9,14049
2026-05-13,492.0,499.0,485.0,497.4,13938
2026-05-14,493.0,498.0,490.0,497.7,12043
2026-05-15,495.0,500.0,490.0,498.4,15141
2026-05-18,495.0,500.0,494.0,497.8,17467
2026-05-19,497.8,500.6,495.0,500.6,9518
2026-05-20,503.0,505.0,496.3,505.0,18507
2026-05-21,503.0,509.9,497.5,499.0,14641
2026-05-22,500.0,504.0,497.0,500.1,10068
2026-05-25,501.5,509.0,500.0,508.0,37226
2026-05-26,508.0,512.0,498.0,508.0,34537
2026-05-27,508.0,512.0,505.0,511.0,20202
2026-06-01,506.0,520.0,500.0,510.0,22177
2026-06-02,508.0,509.9,504.0,506.5,20630
2026-06-03,509.9,512.9,500.0,505.7,18437
2026-06-04,505.7,511.0,502.0,503.7,10883
2026-06-05,505.0,518.0,500.0,503.1,18018
2026-06-08,502.3,507.1,490.0,503.1,5320
2026-06-09,503.0,503.0,480.6,502.7,39630
2026-06-10,494.1,506.9,483.0,500.0,3657
2026-06-11,507.0,507.9,495.0,505.0,31145
2026-06-12,500.0,509.0,500.0,505.0,20365
2026-06-15,500.0,505.0,498.0,500.0,14410
2026-06-16,500.0,504.0,497.0,498.0,14809
2026-06-17,500.0,500.0,492.0,495.8,48298
2026-06-18,492.3,497.0,490.0,494.8,35377
2026-06-19,498.0,498.0,490.1,494.0,13969
2026-06-22,494.0,495.0,488.0,493.0,29833
2026-06-23,500.0,522.0,491.0,492.3,20291
2026-06-24,490.0,494.9,488.1,494.9,18141
2026-06-25,490.0,499.9,490.0,494.0,10134
2026-06-26,492.1,493.1,491.6,492.0,8477
2026-06-29,492.0,492.0,488.2,488.2,10113
2026-06-30,490.0,490.0,483.1,487.0,21792
2026-07-01,489.9,500.0,489.1,492.0,13270
2026-07-02,498.0,505.0,487.5,493.0,6333
2026-07-03,490.0,498.0,485.0,491.2,7613
2026-07-06,500.0,500.0,490.0,493.0,27533
2026-07-07,499.8,521.0,490.0,496.0,54285
2026-07-08,494.0,505.0,490.0,493.0,18401
2026-07-09,492.9,500.0,488.5,492.0,33083
2026-07-10,497.8,500.0,489.0,490.5,16511
2026-07-13,488.4,492.0,486.4,486.4,29566
2026-07-14,486.5,490.0,474.4,486.0,45360
2026-07-15,496.0,496.0,487.0,487.0,21524
2026-07-16,496.0,496.0,488.6,489.5,14876
2026-07-17,492.0,500.0,490.2,499.5,17187
2026-07-20,499.0,510.0,499.0,503.8,15033
2026-07-21,503.9,510.0,500.0,505.0,31042
2026-07-22,505.0,505.0,497.7,502.0,18022
2026-07-23,498.0,504.4,496.4,499.6,9794
2026-07-24,504.9,505.0,499.0,503.0,15100
2026-07-27,502.0,505.5,499.1,502.0,25899
2026-07-28,505.0,508.0,495.0,500.9,25363
2026-07-29,499.0,502.0,498.2,500.0,10770
2026-07-30,500.0,501.4,498.3,500.0,6446
2026-07-31,496.0,501.0,496.0,501.0,9444
2026-08-03,500.0,504.0,498.0,500.0,23716
2026-08-04,500.0,513.4,496.0,500.0,5881
2026-08-05,499.0,505.0,497.0,501.0,10373
2026-08-06,500.0,502.0,498.0,498.6,16007
2026-08-07,498.6,502.0,497.3,499.1,16785
2026-08-10,499.0,501.0,497.3,498.0,12145
2026-08-11,502.0,519.1,489.5,503.0,19086
2026-08-12,502.0,508.0,502.0,508.0,23413
2026-08-13,508.0,509.9,500.0,509.0,14077
2026-08-14,511.9,511.9,500.0,504.4,6324
2026-08-17,503.0,505.0,501.0,505.0,11790
2026-08-18,500.2,502.9,498.1,502.9,27813
2026-08-19,498.0,500.0,490.0,498.0,24850
2026-08-20,499.0,499.3,496.0,498.0,19847
2026-08-21,505.0,511.0,500.0,500.2,19907
2026-08-24,500.0,515.2,495.0,509.9,52670
2026-08-25,509.0,510.0,500.0,508.9,24876
2026-08-26,503.0,508.9,500.0,508.0,29027
2026-08-27,500.0,508.7,495.0,508.7,12179
2026-08-31,511.0,511.0,496.0,497.1,12590
