timestamp,open,high,low,close,volume
2013-10-08,42.46,42.46,38.93,42.46,2783
2013-10-09,42.46,46.3,43.23,46.3,16506
2013-10-10,46.3,49.7,45.47,47.91,23565
2013-10-17,47.91,48.1,47.07,47.65,2986
2013-10-20,47.65,48.23,45.47,45.98,1943
2013-10-21,45.98,46.82,45.34,46.62,10997
2013-10-22,46.62,46.88,45.98,46.88,6847
2013-10-23,46.88,47.39,46.62,47.27,14041
2013-10-24,47.27,48.55,47.01,48.48,11302
2013-10-27,48.48,49.19,46.94,47.91,12862
2013-10-28,47.91,48.23,46.5,47.97,4891
2013-10-29,47.97,48.23,46.94,47.78,3268
2013-10-30,47.78,48.29,47.78,48.1,4868
2013-10-31,48.1,48.42,47.78,47.97,11043
2013-11-06,47.97,47.46,46.3,47.27,7253
2013-11-07,47.27,47.97,47.27,47.71,3669
2013-11-10,47.71,48.61,47.84,48.23,4399
2013-11-11,48.23,48.68,47.91,48.55,14879
2013-11-12,48.55,50.15,48.74,49.57,10501
2013-11-13,49.57,51.43,49.32,50.15,7925
2013-11-14,50.15,50.79,49.7,50.09,7175
2013-11-21,50.09,50.98,50.98,50.98,16
2013-11-24,50.98,54.96,50.92,50.92,3633
2013-11-25,50.92,51.75,49.83,50.92,5297
2013-11-26,50.92,52.39,49.57,51.75,3137
2013-11-27,51.75,52.39,51.43,52.07,2179
2013-11-28,52.07,52.97,51.11,52.91,2292
2013-12-01,52.91,54.32,52.71,53.03,3395
2013-12-02,53.03,56.49,53.03,56.49,7326
2013-12-03,56.49,61.75,56.43,61.75,7229
2013-12-04,61.75,67.52,62.9,67.13,4329
2013-12-05,67.13,70.21,65.85,67.07,20168
2013-12-08,67.07,68.29,62.39,63.29,2766
2013-12-09,63.29,63.61,62.13,63.61,2635
2013-12-10,63.61,63.54,61.49,61.69,1391
2013-12-11,61.69,64.12,62.07,62.97,3154
2013-12-12,62.97,65.15,61.81,63.1,1644
2013-12-15,63.1,67.45,63.1,67.45,3430
2013-12-16,67.45,68.67,67.77,68.67,467
2013-12-18,68.67,69.89,67.39,68.73,8172
2013-12-19,68.73,68.35,65.02,67.77,3787
2013-12-22,67.77,69.06,67.13,67.77,10809
2013-12-23,67.77,67.84,66.49,66.49,6906
2013-12-24,66.49,67.77,63.93,67.45,7827
2013-12-26,67.45,69.18,66.49,69.18,16840
2013-12-29,79.01,71.2,70.46,70.9,135
2013-12-31,70.9,72.23,70.02,70.02,8081
2014-01-01,70.02,72.23,70.02,72.23,976
2014-01-02,72.23,75.1,69.87,75.1,803
2014-01-05,75.1,76.5,74.22,74.22,501
2014-01-06,74.22,74.66,72.96,74.66,7631
2014-01-07,74.66,75.1,70.75,75.1,3080
2014-01-08,75.1,76.5,74.66,76.06,376
2014-01-09,76.06,77.02,75.47,77.02,1992
2014-01-12,77.02,82.91,77.02,82.91,345
2014-01-13,82.91,87.63,84.46,85.49,401
2014-01-14,85.49,87.71,85.49,87.04,1937
2014-01-16,87.04,89.18,86.97,89.18,746
2014-01-19,89.18,87.71,87.56,87.71,49
2014-01-20,87.71,86.23,84.68,84.68,140
2014-01-21,84.68,84.76,81.81,81.81,1638
2014-01-22,81.81,80.33,79.6,79.6,74
2014-01-23,79.6,80.33,80.33,80.33,516
2014-01-26,80.33,82.91,79.6,81.81,358
2014-01-27,81.81,80.33,77.39,77.53,218
2014-01-28,77.53,79.6,77.39,79.6,171
2014-01-29,79.6,81.81,78.86,80.33,375
2014-02-02,80.33,82.18,80.33,82.18,725
2014-02-03,82.18,81.07,79.23,79.23,56
2014-02-04,79.23,81.81,79.23,79.6,1023
2014-02-05,79.6,81.81,79.6,81.81,326
2014-02-06,81.81,85.57,83.28,85.57,653
2014-02-09,85.57,86.16,84.39,84.39,564
2014-02-10,84.39,89.18,85.94,89.18,265
2014-02-11,89.18,87.71,86.23,86.97,1926
2014-02-12,86.97,85.49,83.87,84.02,1348
2014-02-13,84.02,86.23,82.55,86.23,13635
2014-02-16,86.23,87.85,86.23,87.85,32
2014-02-17,87.85,86.6,84.76,84.76,46
2014-02-18,84.76,88.22,84.02,88.22,3631
2014-02-20,88.22,96.18,88.44,92.13,2559
2014-02-23,92.13,96.18,92.86,94.34,4050
2014-02-24,94.34,93.67,92.5,93.67,1189
2014-02-25,93.67,95.44,92.13,94.04,1609
2014-02-26,94.04,94.04,92.2,92.86,759
2014-03-03,92.86,94.63,88.44,88.44,2117
2014-03-04,88.44,89.18,85.49,87.71,989
2014-03-05,87.71,88.44,86.82,88.07,1182
2014-03-06,88.07,88.44,85.13,85.13,1797
2014-03-09,85.13,86.75,85.13,86.6,2221
2014-03-10,86.6,85.49,84.76,85.49,293
2014-03-11,85.49,86.23,83.87,85.57,3164
2014-03-12,85.57,84.76,83.95,84.02,503
2014-03-13,84.02,86.23,85.13,85.86,419
2014-03-17,85.86,85.49,83.8,84.76,583
2014-03-18,84.76,83.28,78.86,78.86,859
2014-03-19,78.86,82.1,77.39,82.1,2381
2014-03-20,82.1,83.36,81.15,83.36,1602
2014-03-23,83.36,84.02,82.91,84.02,610
2014-03-24,84.02,85.64,82.69,85.49,1218
2014-03-25,85.49,86.75,84.76,84.76,954
2014-03-26,84.76,84.76,84.68,84.76,672
2014-03-27,84.76,85.49,83.73,85.49,1293
2014-03-31,85.49,88.22,85.57,88.22,1520
2014-04-01,88.22,89.77,87.85,87.85,1302
2014-04-02,87.85,89.92,86.23,88.81,552
2014-04-03,88.81,88.96,86.97,86.97,1288
2014-04-06,86.97,85.35,83.14,83.65,11132
2014-04-07,83.65,85.49,83.65,85.49,4059
2014-04-09,85.49,91.1,85.13,87.26,7866
2014-04-10,87.26,91.76,88.44,91.24,3793
2014-04-13,91.24,93.6,90.43,92.13,2943
2014-04-15,92.13,94.78,93.6,93.6,1057
2014-04-16,93.6,92.13,90.65,92.13,1615
2014-04-20,92.5,93.97,91.76,93.97,2481
2014-04-21,93.97,93.53,92.5,93.53,2437
2014-04-22,93.53,95.08,93.23,94.63,1449
2014-04-23,94.63,95.81,93.97,95.81,1096
2014-04-27,95.81,99.13,96.18,98.47,1782
2014-04-28,98.47,100.97,98.02,99.72,11108
2014-04-29,99.72,102.45,99.5,102.08,4278
2014-04-30,102.08,101.71,100.6,101.63,4173
2014-05-04,101.63,103.55,100.97,103.18,5303
2014-05-05,103.18,106.13,102.81,106.13,2828
2014-05-06,106.13,104.29,102.45,102.45,1644
2014-05-07,102.45,101.71,98.83,100.23,3051
2014-05-08,100.23,99.5,95.81,98.39,4266
2014-05-11,98.39,96.92,94.34,94.85,4206
2014-05-12,94.85,99.5,94.49,99.13,1433
2014-05-13,99.13,99.5,96.99,99.13,9155
2014-05-15,99.13,99.5,97.58,98.39,6027
2014-05-18,98.39,100.16,95.89,97.29,2584
2014-05-19,97.29,97.29,94.71,96.4,3295
2014-05-20,96.4,96.55,94.71,95.37,4068
2014-05-21,95.37,96.99,95.15,95.89,3425
2014-05-22,95.89,96.55,92.94,95.81,4786
2014-05-25,95.81,97.65,95.81,96.48,3374
2014-05-26,96.48,97.36,95.81,96.4,3523
2014-05-27,96.4,97.29,95.96,96.55,3364
2014-05-28,96.55,98.39,95.96,97.58,4636
2014-06-01,97.58,97.29,95.89,97.21,3976
2014-06-02,97.21,97.65,96.55,96.92,4205
2014-06-03,96.92,98.39,95.81,95.81,4020
2014-06-04,95.81,97.65,87.78,89.92,6894
2014-06-05,89.92,90.65,86.97,90.65,5807
2014-06-08,90.65,93.67,91.39,91.76,603
2014-06-09,91.76,93.82,91.39,91.76,3616
2014-06-10,91.76,92.13,90.73,91.54,6192
2014-06-11,91.54,92.94,90.65,90.65,2257
2014-06-12,90.65,92.13,90.28,90.28,1778
2014-06-15,90.28,91.76,90.28,91.02,1549
2014-06-16,91.02,95.08,92.72,95.08,7262
2014-06-17,95.08,95.0,92.5,95.0,4433
2014-06-18,95.0,95.08,94.34,94.34,2642
2014-06-19,94.34,95.81,92.72,92.72,9555
2014-06-23,92.72,94.49,89.77,93.75,3395
2014-06-24,93.75,93.97,92.86,93.01,1415
2014-06-25,93.01,93.67,92.5,93.6,1501
2014-06-26,93.6,96.55,92.13,95.08,14096
2014-06-29,95.08,99.94,96.84,98.76,4413
2014-06-30,98.76,102.08,99.57,99.79,5086
2014-07-01,99.79,103.18,100.31,101.71,4499
2014-07-02,101.71,105.91,102.08,104.66,4667
2014-07-03,104.66,103.92,102.52,102.59,6832
2014-07-06,102.59,104.66,102.45,104.51,1293
2014-07-07,104.51,104.88,103.92,103.92,1966
2014-07-08,103.92,105.76,103.92,104.58,2703
2014-07-09,104.58,105.39,103.99,105.39,2653
2014-07-10,105.39,103.92,101.71,102.52,963
2014-07-13,102.52,104.29,102.52,103.55,3330
2014-07-14,103.55,106.79,103.18,103.18,1389
2014-07-15,103.18,103.55,102.37,102.74,1962
2014-07-16,102.74,106.65,103.18,104.21,2573
2014-07-17,104.21,107.24,105.39,107.09,7409
2014-07-20,107.09,117.41,109.15,117.41,3529
2014-07-21,117.41,128.76,119.62,125.22,5598
2014-07-22,125.22,125.22,121.61,123.45,9938
2014-07-23,123.45,125.29,122.42,122.86,1877
2014-07-24,122.86,124.78,121.61,121.61,2860
2014-07-27,121.61,121.98,119.4,119.4,2390
2014-07-28,119.4,119.03,117.19,119.03,172
2014-07-30,119.03,120.87,116.52,116.52,1867
2014-07-31,116.52,114.31,112.03,113.87,598
2014-08-03,113.87,118.66,113.87,114.97,748
2014-08-04,114.97,114.24,112.4,114.24,1894
2014-08-05,114.24,116.52,111.29,111.29,3800
2014-08-06,111.29,117.19,112.76,116.08,9757
2014-08-07,116.08,119.4,113.13,115.71,5745
2014-08-12,115.71,117.92,114.97,115.86,1388
2014-08-13,115.86,115.71,114.24,114.97,884
2014-08-14,114.97,116.45,114.24,116.45,1594
2014-08-18,116.45,114.97,112.03,112.03,220
2014-08-19,112.03,113.13,109.82,109.82,2019
2014-08-20,109.82,109.45,105.39,105.39,4742
2014-08-21,105.39,105.39,100.6,101.71,3697
2014-08-24,101.71,103.62,99.5,99.5,6519
2014-08-25,99.5,100.23,95.74,95.74,1509
2014-08-26,95.74,97.65,91.46,92.13,4037
2014-08-27,92.13,99.87,93.01,99.5,985
2014-08-28,99.5,107.75,101.34,105.98,5079
2014-08-31,105.98,105.98,100.16,100.16,3869
2014-09-01,100.16,99.5,97.29,99.5,1818
2014-09-03,99.5,99.87,98.02,99.5,1270
2014-09-04,99.5,97.65,95.81,97.36,1893
2014-09-07,97.36,97.29,92.05,92.05,2144
2014-09-09,92.05,99.35,93.6,98.39,2633
2014-09-10,98.39,103.33,94.71,97.21,2198
2014-09-11,97.21,104.07,93.6,103.18,5256
2014-09-15,103.04,107.97,101.78,107.97,3115
2014-09-16,107.97,114.61,108.34,114.61,4689
2014-09-17,114.61,117.78,110.18,110.7,7503
2014-09-18,110.7,110.55,109.82,110.55,126
2014-09-21,106.5,104.51,98.83,100.97,809
2014-09-22,100.97,102.81,102.08,102.81,698
2014-09-23,102.81,104.29,100.97,104.29,1039
2014-09-24,104.29,106.79,102.3,104.8,1119
2014-09-28,104.8,109.08,102.81,109.08,1529
2014-09-29,109.08,109.08,105.39,109.08,1598
2014-09-30,109.08,113.28,109.08,109.15,2061
2014-10-08,109.15,109.08,107.24,107.24,578
2014-10-09,107.24,107.97,106.87,106.87,314
2014-10-12,106.87,108.93,106.13,106.87,760
2014-10-13,106.87,105.39,105.03,105.39,43
2014-10-14,105.39,106.72,105.39,106.2,326
2014-10-15,106.2,107.9,105.76,107.9,818
2014-10-16,107.9,107.24,104.51,105.39,570
2014-10-19,105.39,106.87,105.39,105.39,151
2014-10-20,105.39,109.08,105.39,109.08,1228
2014-10-21,109.08,111.14,107.24,109.82,3858
2014-10-22,109.82,113.21,106.5,113.21,6754
2014-10-26,113.21,111.07,106.94,106.94,153
2014-10-27,106.94,106.87,103.18,105.61,1745
2014-10-28,105.61,105.76,104.66,105.76,1797
2014-10-30,105.76,111.51,104.07,111.51,3230
2014-11-02,111.51,109.37,103.55,104.66,2361
2014-11-03,104.66,104.66,103.62,103.85,2070
2014-11-04,103.85,103.99,102.15,103.04,996
2014-11-05,103.04,104.95,101.34,103.18,725
2014-11-06,103.18,104.29,102.52,102.89,403
2014-11-09,102.89,100.97,95.81,98.39,4841
2014-11-10,98.39,96.55,89.33,91.46,5984
2014-11-11,91.46,92.13,87.71,92.13,4523
2014-11-12,92.13,93.9,91.39,93.53,433
2014-11-13,93.53,95.37,89.92,91.24,6861
2014-11-16,91.24,92.13,89.55,91.32,3063
2014-11-17,91.32,91.02,87.93,89.18,2286
2014-11-18,89.18,88.07,84.31,87.48,1154
2014-11-19,87.48,92.13,87.34,92.13,770
2014-11-20,92.13,91.39,88.88,90.65,426
2014-11-23,90.65,97.43,92.13,94.34,813
2014-11-24,94.34,97.88,91.39,97.65,1256
2014-11-25,97.65,95.81,90.43,93.16,2307
2014-11-30,93.16,91.39,90.65,91.39,168
2014-12-01,91.39,91.39,90.51,91.32,2966
2014-12-02,91.32,92.13,89.62,91.46,901
2014-12-03,91.46,94.26,91.1,94.26,758
2014-12-04,94.26,94.41,92.13,92.72,4391
2014-12-07,92.72,93.23,90.65,91.02,4794
2014-12-08,91.02,90.28,88.22,88.22,120
2014-12-09,88.22,88.44,87.71,88.44,289
2014-12-10,88.44,86.75,86.75,86.75,19
2014-12-11,86.75,88.44,87.71,88.44,151
2014-12-14,88.44,92.86,88.44,92.86,67
2014-12-16,92.86,95.74,93.97,95.74,152
2014-12-17,95.74,96.18,92.57,94.34,558
2014-12-18,94.34,96.11,94.71,96.11,72
2014-12-21,96.11,96.18,93.31,93.97,318
2014-12-22,93.97,93.97,93.97,93.97,94
2014-12-23,93.97,93.6,92.86,92.86,38
2014-12-24,92.86,93.45,91.39,92.86,804
2014-12-28,92.86,97.29,93.97,95.44,1625
2014-12-29,95.44,96.55,92.86,96.55,1587
2014-12-31,96.55,98.69,95.44,98.69,969
2015-01-01,98.69,100.97,99.42,99.5,1561
2015-01-04,99.5,103.18,101.34,103.18,255
2015-01-05,103.18,103.92,101.41,101.71,1950
2015-01-06,101.71,99.87,99.57,99.57,67
2015-01-07,99.57,103.92,99.57,102.81,1771
2015-01-08,102.81,106.65,100.9,105.32,2105
2015-01-11,105.32,106.5,103.99,105.03,534
2015-01-12,105.03,106.87,105.03,106.87,620
2015-01-13,106.87,108.34,106.5,106.87,753
2015-01-14,106.87,108.42,108.42,108.42,15
2015-01-18,108.42,109.82,106.87,106.87,1265
2015-01-19,106.87,109.45,108.34,109.08,543
2015-01-20,109.08,107.24,104.95,106.5,1544
2015-01-25,106.5,105.76,104.51,105.03,434
2015-01-26,105.03,109.08,105.39,105.76,558
2015-01-27,105.76,107.75,106.87,107.75,1194
2015-01-28,107.75,107.97,106.94,107.97,653
2015-01-29,107.97,110.55,109.08,109.82,311
2015-02-01,109.82,112.03,109.82,112.03,2109
2015-02-03,112.03,112.4,110.26,110.26,35
2015-02-04,110.26,110.33,107.6,109.45,1916
2015-02-05,109.45,109.08,107.38,107.6,324
2015-02-08,107.6,111.29,107.97,111.29,1484
2015-02-09,111.29,114.24,112.03,113.87,1285
2015-02-10,113.87,115.71,111.73,114.24,2429
2015-02-11,114.24,118.66,115.71,117.55,3950
2015-02-12,117.55,120.5,118.66,119.77,4318
2015-02-15,119.77,121.61,119.4,120.87,281
2015-02-16,120.87,125.74,121.68,125.74,3608
2015-02-19,125.74,127.73,120.87,120.87,4272
2015-02-22,120.87,118.66,116.38,116.52,1958
2015-02-23,116.52,119.4,112.03,119.4,4779
2015-02-24,119.4,120.5,117.55,117.92,1108
2015-02-25,117.92,121.61,117.19,118.66,1358
2015-03-01,118.29,120.13,117.92,118.37,1471
2015-03-02,118.37,120.94,117.92,120.13,1318
2015-03-03,120.13,119.4,118.07,119.4,267
2015-03-04,119.4,120.13,118.73,119.69,2388
2015-03-09,119.69,120.5,118.66,119.77,2075
2015-03-10,119.77,120.43,118.66,118.66,311
2015-03-11,118.66,118.44,117.92,118.44,544
2015-03-12,118.44,119.77,117.55,117.55,1753
2015-03-15,117.55,115.34,114.24,114.61,169
2015-03-16,114.61,116.01,112.91,116.01,1426
2015-03-17,116.01,116.82,113.8,115.34,2100
2015-03-18,115.34,117.04,116.08,117.04,1175
2015-03-19,117.04,117.19,115.79,115.86,3435
2015-03-22,115.86,115.71,114.24,114.24,819
2015-03-23,114.24,117.19,113.5,114.97,187
2015-03-24,114.97,114.61,113.5,114.24,299
2015-03-25,114.24,113.87,112.03,113.5,821
2015-03-26,113.5,114.09,112.03,112.47,1750
2015-03-29,112.47,113.13,112.03,112.1,548
2015-03-30,112.1,111.66,110.77,110.77,320
2015-03-31,110.77,114.9,112.69,112.76,383
2015-04-01,112.76,111.29,111.29,111.29,100
2015-04-02,111.29,113.5,112.47,112.91,373
2015-04-05,112.91,113.5,113.13,113.13,250
2015-04-06,113.13,113.13,110.99,113.13,40
2015-04-07,113.13,114.16,111.66,113.13,146
2015-04-08,113.13,114.24,112.76,112.76,910
2015-04-09,112.76,115.34,112.25,115.34,253
2015-04-12,115.34,113.5,113.5,113.5,931
2015-04-13,113.5,114.61,113.35,113.87,1015
2015-04-15,113.87,115.86,113.13,113.21,528
2015-04-16,113.21,113.21,111.07,113.21,236
2015-04-19,113.21,111.07,110.92,110.92,238
2015-04-20,110.92,111.66,110.18,111.29,707
2015-04-21,111.29,111.73,110.99,111.73,214
2015-04-23,111.29,110.92,109.96,110.18,375
2015-05-25,110.18,108.12,102.08,102.08,60
2015-05-26,102.08,100.16,92.27,92.27,1482
2015-05-27,92.27,90.51,83.43,83.43,2712
2015-05-28,83.43,84.09,75.47,81.81,3215
2015-05-31,81.81,89.62,82.55,85.72,1263
2015-06-01,85.72,88.96,84.76,87.71,3764
2015-06-02,87.71,91.39,85.94,91.39,1383
2015-06-03,91.39,94.85,91.76,93.6,2122
2015-06-04,93.6,98.76,92.13,97.29,2216
2015-06-07,97.29,98.24,95.81,96.92,609
2015-06-08,96.92,99.5,98.69,99.5,524
2015-06-09,99.5,105.32,101.41,102.45,2484
2015-06-10,102.45,100.53,98.76,99.5,2798
2015-06-11,99.5,98.76,97.65,98.02,565
2015-06-14,98.02,97.65,96.92,97.65,956
2015-06-15,97.65,99.5,97.29,99.13,1256
2015-06-16,99.13,99.42,97.73,98.02,1625
2015-06-17,98.02,99.42,97.65,99.35,1824
2015-06-18,99.35,99.5,98.61,99.35,565
2015-06-21,99.35,98.02,97.29,97.29,112
2015-06-22,97.29,98.76,97.29,98.39,1659
2015-06-23,98.39,99.5,98.39,99.5,358
2015-06-24,99.5,100.23,99.13,99.13,228
2015-06-25,99.57,100.97,99.5,99.64,3678
2015-06-28,99.5,100.6,99.5,99.64,2766
2015-06-29,100.6,100.68,99.5,100.68,1458
2015-06-30,99.87,100.38,99.87,100.23,360
2015-07-01,100.23,100.31,99.87,100.31,202
2015-07-02,99.87,100.23,98.17,98.61,1020
2015-07-05,99.5,100.9,99.5,99.5,3043
2015-07-06,99.57,100.23,99.5,100.23,1854
2015-07-07,100.23,102.45,100.23,102.45,1237
2015-07-08,103.18,105.17,103.18,105.17,1131
2015-07-09,105.76,111.29,105.76,109.37,3141
2015-07-12,110.55,114.53,109.82,113.5,3550
2015-07-13,115.34,115.64,113.5,114.39,4392
2015-07-14,113.5,113.5,112.76,113.13,1984
2015-07-15,113.87,115.71,113.5,114.61,7162
2015-07-16,114.61,118.66,114.68,117.33,2928
2015-07-22,119.03,125.44,119.03,125.44,5511
2015-07-23,125.44,131.12,125.44,126.47,7690
2015-07-26,126.47,138.71,128.9,138.71,1222
2015-07-27,138.71,136.05,136.05,136.05,200
2015-07-28,136.05,133.47,122.86,122.86,4330
2015-07-29,122.86,124.19,119.47,124.19,3509
2015-07-30,124.19,127.5,124.19,124.56,3978
2015-08-02,124.56,124.56,123.82,124.19,1016
2015-08-03,124.19,124.56,121.39,123.08,1463
2015-08-04,123.08,123.08,121.61,122.34,3028
2015-08-05,122.34,123.08,121.53,122.71,1049
2015-08-06,122.71,130.89,122.34,130.89,3005
2015-08-09,130.89,130.75,126.77,128.09,401
2015-08-10,128.09,133.77,129.72,131.19,13563
2015-08-11,131.19,131.04,128.24,131.04,3787
2015-08-12,128.98,131.19,126.84,131.04,961
2015-08-13,128.61,132.29,128.61,131.56,3374
2015-08-16,130.82,130.82,128.24,128.61,3855
2015-08-17,128.24,129.72,127.58,129.27,4782
2015-08-18,130.08,130.45,128.61,130.08,8858
2015-08-19,132.29,132.29,130.08,131.85,3744
2015-08-20,131.56,131.56,130.3,130.97,8004
2015-08-23,130.38,132.96,128.98,130.45,9733
2015-08-24,132.96,143.13,132.96,143.13,218
2015-08-25,143.72,143.72,143.72,143.72,50
2015-08-27,140.92,145.56,140.92,145.56,1844
2015-08-31,146.67,154.77,146.67,154.77,1920
2015-09-01,154.77,162.29,154.41,162.29,1243
2015-09-02,162.29,162.29,156.62,156.69,588
2015-09-03,156.69,158.09,150.35,152.19,1082
2015-09-06,152.93,158.97,152.93,155.51,1030
2015-09-07,152.93,153.3,151.09,151.09,2650
2015-09-08,154.04,154.04,149.98,152.56,2246
2015-09-09,153.3,153.3,152.56,152.78,262
2015-09-10,155.73,155.73,151.09,153.96,627
2015-09-13,152.56,154.77,151.09,154.77,1777
2015-09-14,156.25,156.25,151.83,152.27,1177
2015-09-15,154.77,155.14,154.7,154.7,350
2015-09-16,152.93,154.41,152.93,154.41,896
2015-09-17,154.33,154.33,152.93,153.3,1091
2015-09-22,150.72,150.72,150.35,150.35,70
2015-09-23,153.23,153.3,151.09,151.09,1673
2015-09-24,152.19,152.19,148.88,148.88,388
2015-09-28,146.0,146.0,142.83,143.35,1535
2015-09-29,146.08,146.08,143.79,143.79,112
2015-09-30,144.46,149.39,144.46,147.4,1097
2015-10-01,147.55,147.55,146.67,146.81,1315
2015-10-04,148.88,148.88,146.3,146.3,607
2015-10-05,145.93,147.4,145.19,145.19,830
2015-10-06,144.46,145.93,144.38,144.46,2739
2015-10-07,143.72,144.82,141.14,144.82,1193
2015-10-08,144.09,146.59,144.09,146.59,2873
2015-10-11,143.79,144.38,143.57,143.57,421
2015-10-14,143.72,143.72,142.24,143.72,687
2015-10-15,143.72,143.72,141.14,141.88,1358
2015-10-18,141.14,141.51,141.14,141.43,310
2015-10-19,140.03,140.03,140.03,140.03,19
2015-10-25,138.56,138.56,138.56,138.56,64
2015-10-27,140.03,140.03,134.51,134.87,1589
2015-10-28,132.29,132.29,127.14,131.93,1728
2015-10-29,134.14,136.35,133.92,136.35,326
2015-11-01,136.35,136.72,134.51,136.72,3180
2015-11-02,137.09,140.03,137.09,138.19,767
2015-11-03,136.13,136.35,133.47,136.35,1019
2015-11-04,136.35,141.65,136.35,141.51,1348
2015-11-05,144.23,147.04,144.23,147.04,20
2015-11-08,145.93,145.93,140.11,140.11,602
2015-11-09,142.83,145.56,141.95,145.19,1743
2015-11-10,143.72,145.56,143.72,145.56,1037
2015-11-15,145.19,145.19,140.03,144.38,1460
2015-11-16,141.58,141.58,140.33,140.77,744
2015-11-18,143.5,151.9,143.5,150.65,4488
2015-11-19,150.35,150.65,146.37,150.65,8160
2015-11-22,147.77,149.84,147.4,147.99,11426
2015-11-23,149.25,149.61,144.6,149.25,21070
2015-11-24,149.25,160.3,152.23,153.12,4614
2015-11-25,150.35,150.68,148.14,149.25,1377
2015-11-26,146.37,146.37,142.61,143.72,753
2015-11-29,146.59,146.59,140.4,140.95,6369
2015-11-30,140.95,143.72,140.95,140.95,1611
2015-12-01,140.95,147.92,143.72,147.92,541
2015-12-02,145.05,148.69,142.61,145.82,1247
2015-12-03,143.83,147.37,143.72,147.37,1158
2015-12-04,149.25,152.67,149.25,152.67,1805
2015-12-07,155.33,158.64,153.67,157.87,3349
2015-12-08,158.64,160.19,156.76,158.97,3084
2015-12-09,162.07,168.48,162.07,168.04,4738
2015-12-10,171.36,174.56,161.96,165.83,3612
2015-12-13,166.93,170.8,166.93,169.48,2882
2015-12-14,169.15,170.03,167.05,167.16,1970
2015-12-15,168.59,168.59,165.83,165.83,934
2015-12-16,168.59,168.59,165.83,166.93,3220
2015-12-17,169.04,169.59,166.27,166.27,828
2015-12-20,166.27,174.67,166.27,173.9,6751
2015-12-21,173.9,176.88,172.46,172.46,2422
2015-12-22,175.78,175.78,171.36,172.02,988
2015-12-23,172.02,173.57,170.25,171.36,2711
2015-12-24,174.78,174.78,171.36,173.57,2033
2015-12-25,173.57,175.0,173.57,174.12,12758
2015-12-28,186.56,190.29,178.27,178.96,2425
2015-12-29,178.96,190.01,179.65,184.48,785
2015-12-31,188.08,191.81,185.87,186.56,1725
2016-01-03,190.29,194.85,190.29,193.47,2738
2016-01-04,193.47,201.21,193.47,198.17,2863
2016-01-05,200.38,200.38,194.85,195.13,1751
2016-01-06,191.26,194.85,189.6,190.84,1233
2016-01-07,190.01,194.57,188.63,189.6,698
2016-01-10,189.6,190.7,187.94,189.87,1189
2016-01-11,188.08,189.87,185.87,189.87,1786
2016-01-12,189.32,189.32,186.7,189.32,1766
2016-01-13,189.32,193.74,189.32,193.47,794
2016-01-14,193.47,193.47,187.94,192.78,1605
2016-01-17,190.7,193.47,190.7,193.47,2120
2016-01-18,196.92,198.99,193.47,195.54,3047
2016-01-19,192.78,193.47,192.09,192.78,521
2016-01-20,193.47,194.71,192.09,192.09,3271
2016-01-21,192.09,193.47,190.7,192.64,4117
2016-01-24,192.64,200.1,191.12,199.96,3209
2016-01-25,202.86,203.14,192.36,197.47,2473
2016-01-26,197.47,201.07,194.16,197.06,2686
2016-01-27,197.06,197.61,193.47,194.85,2336
2016-01-28,197.47,197.47,193.47,194.16,1583
2016-01-31,195.54,196.78,195.54,196.23,1323
2016-02-01,196.23,199.96,196.37,196.37,1625
2016-02-02,200.24,205.9,200.24,201.76,6380
2016-02-03,201.76,221.93,205.77,221.93,22743
2016-02-04,226.36,236.31,226.36,231.75,12379
2016-02-07,231.75,232.58,228.01,228.71,4447
2016-02-08,228.71,224.15,219.03,219.72,3197
2016-02-11,219.72,218.34,216.41,217.24,2360
2016-02-14,216.13,216.13,209.36,210.74,2129
2016-02-15,207.98,211.29,207.29,211.29,4427
2016-02-16,211.29,216.27,212.12,213.64,1122
2016-02-17,213.64,218.34,214.2,214.2,771
2016-02-18,214.2,218.2,214.2,218.2,1588
2016-02-21,217.65,217.65,215.58,215.58,250
2016-02-22,214.2,217.65,214.2,217.65,1453
2016-02-23,217.65,218.34,215.02,215.58,696
2016-02-24,212.12,217.65,212.12,213.92,1881
2016-02-25,211.85,211.85,211.85,211.85,150
2016-02-28,211.85,215.99,213.5,215.44,2156
2016-02-29,215.44,234.92,219.72,229.67,9021
2016-03-01,233.54,237.69,230.09,232.16,8441
2016-03-02,232.3,232.3,227.32,231.33,4061
2016-03-03,235.89,235.75,230.78,233.68,5124
2016-03-06,234.92,252.2,234.92,249.43,15533
2016-03-10,254.41,274.31,254.41,274.31,15384
2016-03-13,275.0,275.0,257.03,272.1,6184
2016-03-14,267.4,276.38,260.49,260.49,10013
2016-03-15,257.03,262.98,250.54,262.56,9574
2016-03-16,257.45,266.57,257.03,257.03,2067
2016-03-17,254.82,264.77,254.82,264.5,5390
2016-03-20,262.56,262.56,257.31,259.11,1396
2016-03-21,257.73,257.73,253.58,255.65,1285
2016-03-23,250.54,255.65,250.54,255.65,265
2016-03-24,255.65,260.77,258.42,260.77,30
2016-03-27,260.77,255.65,248.74,252.2,2833
2016-03-28,252.2,255.79,250.26,255.65,3167
2016-03-29,252.89,254.27,248.74,251.51,2373
2016-03-30,251.51,258.56,246.26,248.74,3204
2016-03-31,248.74,248.05,244.05,244.05,4488
2016-04-03,244.05,243.91,236.31,240.45,4526
2016-04-04,240.45,249.99,244.6,245.98,767
2016-04-05,247.5,248.47,246.26,246.26,5577
2016-04-06,246.26,248.74,245.15,248.61,2575
2016-04-10,248.61,252.89,245.98,246.26,3635
2016-04-11,246.26,248.05,243.91,248.05,1692
2016-04-12,248.05,250.82,243.35,250.82,3357
2016-04-14,250.82,248.88,244.6,248.88,1239
2016-04-17,245.43,247.22,243.22,245.29,1734
2016-04-18,245.29,254.27,245.15,254.27,4186
2016-04-19,254.27,252.89,248.74,252.2,1989
2016-04-20,252.2,250.82,249.57,250.13,788
2016-04-21,250.13,250.13,246.12,248.05,2528
2016-04-24,248.05,251.51,247.36,251.51,7352
2016-04-25,251.51,258.28,251.51,255.65,1337
2016-04-26,255.65,265.88,251.92,251.92,1978
2016-04-27,251.92,262.42,249.43,260.08,6115
2016-04-28,260.08,270.44,263.25,264.64,6546
2016-05-02,264.64,264.77,262.56,263.25,1731
2016-05-03,263.25,268.5,261.87,262.56,5998
2016-05-04,262.56,261.87,258.56,259.8,3493
2016-05-05,259.8,262.84,258.42,260.63,2636
2016-05-08,260.63,261.18,258.42,259.8,1171
2016-05-09,258.42,266.85,258.42,266.71,6048
2016-05-10,266.71,267.4,260.49,264.64,5635
2016-05-11,264.64,264.64,260.49,264.64,2681
2016-05-12,267.95,267.95,263.94,265.33,5069
2016-05-15,262.56,264.5,261.46,264.36,621
2016-05-16,264.5,263.94,259.8,261.87,2009
2016-05-17,265.33,270.85,262.56,269.75,6646
2016-05-18,269.75,272.24,270.58,271.55,5503
2016-05-19,271.55,273.62,265.33,273.62,3260
2016-05-22,273.62,275.0,273.07,275.0,1719
2016-05-23,275.0,276.11,272.24,272.24,2465
2016-05-24,272.24,283.29,275.0,283.29,5886
2016-05-25,283.29,290.89,277.63,282.6,6804
2016-05-26,282.6,284.67,271.55,278.18,2742
2016-05-29,278.18,283.29,274.31,274.31,1162
2016-05-30,274.31,276.38,273.62,275.69,3012
2016-05-31,275.69,275.69,272.24,272.37,2920
2016-06-01,272.37,275.0,271.68,271.68,1830
2016-06-02,271.68,273.62,266.02,273.62,5072
2016-06-05,273.62,268.23,257.73,257.73,193
2016-06-06,257.73,272.93,257.86,265.33,4066
2016-06-07,269.47,274.86,269.47,272.24,4294
2016-06-08,272.24,271.55,269.47,270.85,753
2016-06-09,272.24,272.24,264.08,270.85,5306
2016-06-12,270.85,283.98,271.27,281.36,8933
2016-06-13,281.36,305.26,283.29,297.11,16536
2016-06-14,303.05,314.94,299.87,304.02,22550
2016-06-15,310.1,315.08,295.87,299.87,8274
2016-06-16,299.87,324.2,302.09,312.31,5232
2016-06-19,312.31,319.91,301.53,310.93,7602
2016-06-20,310.93,313.69,302.09,304.43,3540
2016-06-21,304.43,308.86,298.49,308.86,10001
2016-06-22,310.93,310.93,301.26,310.93,6210
2016-06-23,310.93,319.22,313.0,313.14,5495
2016-06-26,313.14,314.38,310.93,313.14,2131
2016-06-27,313.14,321.85,312.31,319.91,8346
2016-06-28,319.91,319.08,313.69,314.38,3812
2016-06-29,314.38,337.19,317.7,335.8,11541
2016-06-30,335.8,352.11,331.66,348.24,10738
2016-07-03,348.24,377.26,351.7,377.26,19259
2016-07-04,377.26,386.93,359.02,359.3,13829
2016-07-05,352.11,355.15,337.32,349.07,6994
2016-07-06,355.98,355.98,342.71,345.34,5214
2016-07-10,345.48,353.77,342.85,345.48,15048
2016-07-11,345.48,338.71,327.51,330.55,3057
2016-07-12,330.55,330.55,311.62,321.85,3989
2016-07-13,321.85,321.98,309.27,317.15,3720
2016-07-14,323.37,348.79,320.6,345.34,16636
2016-07-17,345.34,342.71,310.93,310.93,7627
2016-07-18,310.93,310.79,279.84,294.62,12024
2016-07-19,297.11,309.27,291.58,297.66,1896
2016-07-20,303.61,305.95,295.73,295.73,7287
2016-07-21,295.73,303.05,292.96,294.35,3378
2016-07-25,294.35,304.16,296.42,304.02,3221
2016-07-26,304.02,310.93,297.94,310.93,3157
2016-07-27,310.93,317.84,308.86,308.86,1186
2016-07-28,308.86,312.17,306.78,311.62,1759
2016-07-31,311.62,317.84,311.62,313.69,2358
2016-08-01,313.69,313.69,304.16,304.16,3711
2016-08-02,304.16,305.4,300.57,300.57,1757
2016-08-03,300.57,302.64,296.7,300.57,621
2016-08-04,300.57,301.26,290.2,290.2,831
2016-08-07,290.2,298.49,278.45,278.45,5038
2016-08-08,278.45,278.45,269.47,269.47,1938
2016-08-09,274.86,285.78,274.86,285.78,82
2016-08-10,291.44,291.44,270.3,283.29,4652
2016-08-11,288.96,290.2,282.19,283.29,2206
2016-08-14,280.53,280.53,273.62,275.0,1965
2016-08-15,268.78,269.61,262.56,266.02,3044
2016-08-16,260.49,276.24,260.49,266.85,3078
2016-08-17,272.1,283.01,272.1,274.03,1473
2016-08-21,275.0,276.24,266.71,267.12,1496
2016-08-22,266.71,266.71,255.65,257.03,2866
2016-08-23,250.68,257.03,245.98,250.13,4356
2016-08-24,245.29,265.88,240.45,265.88,2715
2016-08-28,271.13,277.76,266.71,276.8,2346
2016-08-29,276.38,276.38,265.33,276.24,1144
2016-08-30,277.9,281.22,272.24,272.24,2423
2016-08-31,268.23,274.86,268.23,272.24,2350
2016-09-01,273.76,276.38,273.76,274.31,2199
2016-09-04,276.38,279.7,272.24,276.24,2561
2016-09-05,276.38,283.29,276.38,277.63,1933
2016-09-06,283.15,283.29,272.24,272.24,2784
2016-09-07,270.16,272.93,270.16,272.93,675
2016-09-08,270.85,276.38,270.85,275.0,2859
2016-09-11,280.39,280.39,275.69,276.38,4396
2016-09-12,276.38,277.76,273.89,276.38,2178
2016-09-14,276.38,276.38,262.56,265.33,6548
2016-09-18,262.56,262.56,252.2,254.27,5065
2016-09-20,249.43,252.75,248.74,250.82,3550
2016-09-21,248.74,251.37,243.77,248.88,4776
2016-09-22,248.74,248.74,246.81,246.81,2079
2016-09-25,248.74,248.74,246.81,246.81,2079
2016-09-26,241.83,247.91,238.38,243.22,2007
2016-09-27,245.98,245.98,238.52,239.07,956
2016-09-28,243.63,243.77,238.93,238.93,926
2016-09-29,237.0,238.38,234.92,236.31,838
2016-10-02,234.92,234.92,232.16,232.16,565
2016-10-03,236.72,237.69,233.54,234.92,4504
2016-10-04,234.92,238.38,234.23,234.92,695
2016-10-05,239.62,239.62,237.69,237.69,110
2016-10-06,237.69,239.76,235.75,235.75,787
2016-10-16,239.76,239.76,231.06,231.19,440
2016-10-17,230.78,239.07,230.78,235.06,525
2016-10-18,234.92,237.14,228.01,237.14,1490
2016-10-19,234.92,236.31,229.4,233.54,1018
2016-10-20,236.31,236.58,234.92,236.31,521
2016-10-23,237.55,237.55,232.85,236.31,725
2016-10-24,234.92,234.92,230.78,230.78,720
2016-10-25,228.43,231.47,227.32,227.32,3345
2016-10-26,228.01,228.29,223.18,228.01,2291
2016-10-27,228.15,232.58,228.15,230.09,214
2016-11-03,229.4,234.65,229.4,233.4,563
2016-11-07,233.54,234.79,226.22,234.79,1581
2016-11-08,231.06,231.06,230.23,230.64,732
2016-11-09,229.95,229.95,228.01,228.01,110
2016-11-10,223.87,228.29,223.87,227.74,957
2016-11-13,226.63,230.78,226.63,230.09,1776
2016-11-14,232.16,232.16,225.94,225.94,2360
2016-11-15,226.63,230.36,226.49,227.19,5214
2016-11-16,231.33,231.33,227.32,227.32,2945
2016-11-17,223.87,228.29,218.2,218.34,3848
2016-11-20,213.92,213.92,203.28,212.81,7601
2016-11-21,216.96,216.96,207.29,209.5,991
2016-11-22,208.67,209.77,203.14,203.14,2987
2016-11-23,199.13,203.0,190.98,190.98,5466
2016-11-24,190.7,194.85,182.69,187.94,3425
2016-11-27,185.18,185.18,169.15,169.15,11693
2016-11-28,165.97,186.0,155.46,182.41,7508
2016-11-29,179.65,193.33,175.5,189.18,7386
2016-11-30,192.91,200.51,186.56,197.61,9384
2016-12-01,201.48,204.52,193.47,196.92,3994
2016-12-04,193.47,197.34,187.94,188.08,2536
2016-12-05,184.21,191.67,178.27,189.6,431
2016-12-06,189.32,193.47,189.32,193.47,2129
2016-12-07,192.78,194.85,189.6,194.85,4400
2016-12-08,198.72,198.72,189.32,190.7,3250
2016-12-11,194.43,194.43,186.97,186.97,2919
2016-12-12,186.97,188.49,185.18,188.49,146
2016-12-14,191.39,191.39,183.1,186.7,1684
2016-12-15,182.96,188.22,181.58,183.79,2127
2016-12-18,182.41,186.83,179.65,186.56,4358
2016-12-19,187.94,187.94,182.41,185.04,3482
2016-12-20,182.41,183.1,179.65,181.31,1805
2016-12-21,179.65,182.41,178.54,178.68,3773
2016-12-22,182.14,182.41,178.96,178.96,2643
2016-12-26,176.33,176.88,169.28,169.28,3431
2016-12-27,166.52,167.21,163.07,163.07,3163
2016-12-28,163.34,167.49,161.13,167.21,3865
2016-12-29,167.21,177.06,169.28,169.28,1066
2017-01-01,172.57,181.2,171.36,177.92,1876
2017-01-02,177.06,177.92,173.6,173.6,1908
2017-01-03,172.74,177.06,172.74,172.74,1367
2017-01-04,171.87,172.74,169.28,170.15,1026
2017-01-05,173.43,176.88,172.74,176.88,715
2017-01-08,174.47,180.34,172.74,177.06,2077
2017-01-09,176.19,176.88,174.47,176.88,728
2017-01-10,180.34,180.34,179.65,179.65,20
2017-01-11,180.51,181.38,176.19,176.19,8090
2017-01-12,176.19,181.38,176.19,181.38,266
2017-01-15,181.38,181.38,177.92,177.92,138
2017-01-16,178.27,178.27,178.27,178.27,7023
2017-01-17,176.19,177.92,174.81,177.92,1374
2017-01-18,174.47,177.92,174.47,177.06,2237
2017-01-19,174.81,174.81,172.74,174.47,1770
2017-01-22,177.92,177.92,173.77,173.77,992
2017-01-23,172.74,178.78,172.74,175.33,1097
2017-01-24,172.74,172.74,170.32,170.67,976
2017-01-25,167.56,169.97,161.68,162.37,2496
2017-01-26,159.26,164.1,157.54,164.1,5674
2017-01-30,164.79,164.79,147.69,147.86,2951
2017-01-31,145.1,152.36,145.1,152.01,711
2017-02-01,153.74,167.21,153.74,167.21,1140
2017-02-02,170.49,177.23,164.27,168.42,3450
2017-02-05,165.48,167.56,165.48,166.17,779
2017-02-06,164.45,166.69,162.89,166.69,806
2017-02-07,166.69,167.56,161.51,167.56,2060
2017-02-08,167.56,167.56,160.65,160.65,653
2017-02-09,160.65,163.24,158.92,159.78,581
2017-02-12,160.65,160.65,153.39,153.74,3717
2017-02-13,150.46,153.39,141.65,153.39,4607
2017-02-14,151.32,160.65,150.28,155.46,5576
2017-02-15,158.57,164.79,158.06,163.93,1326
2017-02-16,167.38,169.28,163.24,166.52,4222
2017-02-19,169.8,174.29,162.55,174.29,2364
2017-02-20,177.75,180.51,171.01,171.01,3802
2017-02-21,174.29,174.29,164.45,166.0,5118
2017-02-22,167.73,171.01,167.73,167.73,243
2017-02-23,165.83,167.9,165.83,167.56,641
2017-02-26,170.84,170.84,164.27,164.27,245
2017-02-28,160.99,160.99,156.67,156.67,2369
2017-03-01,159.78,160.65,157.19,160.65,840
2017-03-02,163.76,163.76,155.64,159.61,5407
2017-03-05,162.72,167.21,162.37,164.1,3735
2017-03-06,165.83,171.01,163.24,167.56,4198
2017-03-07,164.27,165.66,159.44,164.27,4065
2017-03-09,167.21,170.84,167.21,167.56,1012
2017-03-13,167.56,169.97,166.35,166.35,976
2017-03-14,167.56,171.01,165.83,166.0,2867
2017-03-15,169.28,169.28,163.41,166.52,520
2017-03-16,165.83,169.11,165.83,168.42,1659
2017-03-19,168.42,172.74,169.28,172.74,6072
2017-03-20,176.19,188.63,172.74,187.25,7965
2017-03-21,190.88,205.9,181.38,205.9,18885
2017-03-22,209.88,226.46,203.83,215.06,19670
2017-03-23,215.92,215.92,203.14,210.22,5378
2017-03-26,214.2,230.78,214.2,225.42,5913
2017-03-28,225.42,247.02,228.19,246.84,14056
2017-03-29,246.84,266.88,240.28,240.45,12404
2017-03-30,240.45,250.47,234.23,249.61,10280
2017-04-02,253.06,274.48,253.06,274.48,6806
2017-04-03,279.84,301.77,260.84,273.62,9004
2017-04-04,268.61,275.52,263.25,269.47,9343
2017-04-06,269.47,271.2,255.65,265.15,7242
2017-04-09,260.14,273.62,260.14,267.74,4928
2017-04-10,267.74,294.52,263.43,288.82,13609
2017-04-11,293.66,298.84,281.56,298.84,15063
2017-04-12,298.84,302.29,285.88,286.75,10277
2017-04-13,285.88,292.27,280.53,290.2,8107
2017-04-16,286.75,293.66,273.45,276.38,3950
2017-04-18,268.44,276.38,254.27,267.4,17844
2017-04-19,267.4,283.12,263.43,280.7,8536
2017-04-20,286.23,291.93,268.61,276.73,10160
2017-04-23,282.25,304.37,282.25,287.09,6155
2017-04-24,285.54,290.2,281.56,282.08,4488
2017-04-25,278.11,286.4,276.38,281.05,2798
2017-04-26,279.15,286.57,276.55,284.15,1682
2017-04-27,280.87,285.02,275.35,284.5,4191
2017-04-30,278.11,282.43,272.58,279.49,6269
2017-05-02,280.7,286.57,272.93,278.97,6084
2017-05-03,284.5,284.5,278.97,279.15,4209
2017-05-04,278.28,278.28,272.75,275.52,2150
2017-05-07,275.52,275.52,267.74,267.74,3584
2017-05-08,262.56,278.11,262.56,272.93,2538
2017-05-09,272.93,275.52,269.47,275.52,2772
2017-05-11,276.38,279.66,276.38,277.07,3905
2017-05-15,281.56,281.56,275.86,276.38,1373
2017-05-16,275.52,276.38,273.79,273.79,1350
2017-05-17,273.1,273.79,272.75,273.79,1040
2017-05-18,273.79,274.48,268.78,273.79,3712
2017-05-21,273.79,273.79,268.61,269.99,2675
2017-05-22,273.62,273.62,268.26,268.26,1274
2017-05-23,273.62,275.52,269.47,272.93,4144
2017-05-24,272.93,272.75,267.74,270.68,2192
2017-05-28,266.19,271.37,266.19,266.19,2024
2017-05-30,269.13,270.85,263.43,265.84,5368
2017-05-31,266.02,270.34,261.7,266.02,3778
2017-06-01,266.02,269.47,266.02,267.74,1731
2017-06-04,266.02,266.02,262.56,262.56,744
2017-06-05,267.57,269.47,260.84,269.47,3154
2017-06-06,269.47,272.93,266.02,271.89,3221
2017-06-07,277.25,277.25,268.61,268.61,1419
2017-06-08,272.93,272.93,265.5,269.47,1001
2017-06-11,264.12,266.02,261.7,265.15,1077
2017-06-12,264.29,265.33,260.14,265.33,1534
2017-06-13,265.33,266.02,263.77,264.29,2940
2017-06-14,259.28,267.74,259.28,266.88,1933
2017-06-15,262.56,271.89,262.56,263.43,2322
2017-06-18,263.43,266.02,261.7,264.29,900
2017-06-19,260.84,266.02,257.38,261.7,2377
2017-06-20,256.69,260.32,254.1,257.38,4463
2017-06-21,259.11,261.7,257.38,259.97,1399
2017-06-22,262.56,266.02,260.84,266.02,714
2017-06-25,266.02,267.74,263.6,266.02,1608
2017-06-27,266.02,267.74,262.91,264.29,2910
2017-06-28,263.94,264.12,259.97,263.43,716
2017-07-02,260.84,260.84,257.38,259.11,1253
2017-07-03,260.84,260.84,256.0,257.38,828
2017-07-04,259.11,264.29,255.83,255.83,1683
2017-07-05,254.27,262.56,254.1,262.56,2504
2017-07-06,266.02,267.74,259.97,266.71,4732
2017-07-09,266.71,271.2,256.34,267.92,9110
2017-07-10,264.64,264.64,259.28,260.84,10533
2017-07-11,260.84,264.29,256.17,262.56,2109
2017-07-12,261.7,263.94,259.11,262.39,1516
2017-07-13,259.11,260.14,259.11,259.45,5532
2017-07-16,259.97,262.56,259.63,260.14,1746
2017-07-17,265.33,268.61,262.74,262.74,3692
2017-07-18,267.92,277.94,267.74,277.94,11554
2017-07-19,278.11,283.29,273.79,274.65,6878
2017-07-20,278.8,278.97,273.96,275.17,3623
2017-07-23,272.41,276.38,272.41,273.79,897
2017-07-24,276.55,276.55,273.1,273.79,2161
2017-07-25,273.79,274.65,270.68,270.68,1803
2017-07-26,276.04,283.46,273.27,279.66,9105
2017-07-27,276.38,294.69,276.38,283.64,16982
2017-07-30,288.47,289.34,278.97,287.26,9584
2017-07-31,289.86,293.31,285.19,289.16,2791
2017-08-01,286.92,293.48,285.88,292.79,10403
2017-08-02,293.66,295.21,287.26,288.13,10524
2017-08-03,288.13,290.2,283.64,286.75,3485
2017-08-06,289.51,292.45,282.43,283.29,3469
2017-08-07,285.02,291.06,285.02,286.75,5017
2017-08-09,286.75,292.79,286.75,288.47,7922
2017-08-10,288.47,290.89,282.25,288.82,7375
2017-08-13,295.73,295.56,281.74,283.29,4174
2017-08-15,283.46,285.02,278.97,281.56,1132
2017-08-16,278.11,284.85,278.11,284.67,5547
2017-08-17,281.56,283.12,281.56,282.95,2906
2017-08-20,278.97,282.08,278.97,280.7,15779
2017-08-21,278.45,279.84,276.38,277.25,9551
2017-08-22,276.38,281.91,276.38,277.42,763
2017-08-23,273.96,277.25,273.96,275.86,4857
2017-08-24,276.21,278.11,271.2,277.59,2076
2017-08-27,277.59,281.74,278.97,280.35,1926
2017-08-28,280.35,285.02,278.97,285.02,6405
2017-08-30,285.02,283.46,276.38,279.84,6297
2017-08-31,279.84,278.63,275.52,276.38,6774
2017-09-04,281.56,281.56,270.85,273.45,6764
2017-09-06,278.8,278.97,271.72,277.94,4083
2017-09-07,278.11,278.97,273.79,274.31,4557
2017-09-10,278.11,279.49,267.57,271.2,4751
2017-09-11,266.88,278.28,266.88,278.11,3521
2017-09-12,277.59,277.59,264.29,272.06,2241
2017-09-13,266.88,272.06,261.7,267.4,3176
2017-09-14,269.47,276.04,269.47,272.58,3348
2017-09-17,272.93,274.65,272.06,272.93,1051
2017-09-18,276.38,276.38,272.41,274.65,3913
2017-09-20,269.82,274.48,265.15,269.99,2240
2017-09-24,266.02,274.48,262.56,267.74,3032
2017-09-25,267.74,271.03,267.74,268.61,3302
2017-09-26,268.61,270.34,267.74,270.34,1828
2017-10-03,272.06,272.06,272.06,272.06,100
2017-10-04,271.2,273.27,269.99,273.27,1484
2017-10-08,267.92,267.92,262.56,267.74,1014
2017-10-09,262.56,264.29,262.39,262.56,429
2017-10-10,263.43,267.57,259.97,265.15,1169
2017-10-11,261.01,268.78,261.01,268.09,768
2017-10-12,266.88,266.88,263.43,264.29,444
2017-10-15,267.74,267.74,266.88,266.88,236
2017-10-16,262.74,274.14,262.74,271.2,820
2017-10-17,271.2,271.2,269.47,271.03,407
2017-10-18,271.03,271.03,271.03,271.03,30
2017-10-22,271.2,271.37,269.47,269.47,936
2017-10-23,269.47,267.74,265.67,265.67,898
2017-10-24,265.67,265.67,261.01,265.67,420
2017-10-25,262.22,264.29,262.22,262.74,1835
2017-10-29,263.43,264.12,261.18,261.53,1729
2017-10-30,262.91,263.43,259.63,260.66,1160
2017-10-31,261.7,263.25,259.45,260.49,345
2017-11-01,258.42,260.84,258.24,258.76,975
2017-11-02,258.42,259.11,255.13,257.38,3212
2017-11-05,257.03,257.03,250.47,252.2,3135
2017-11-06,252.2,252.2,248.23,248.74,1901
2017-11-07,253.58,253.58,241.83,246.15,2641
2017-11-08,241.32,241.83,237.17,241.83,1473
2017-11-09,238.38,251.51,236.65,239.24,3617
2017-11-12,239.24,244.94,235.44,241.83,2155
2017-11-13,240.28,248.74,240.28,247.02,1149
2017-11-14,253.58,263.77,250.82,259.11,3375
2017-11-15,260.84,260.84,254.79,255.31,7759
2017-11-16,254.27,258.24,254.27,257.38,3453
2017-11-19,257.38,261.7,255.65,256.52,1490
2017-11-20,257.03,257.38,253.23,255.65,1747
2017-11-21,260.66,260.66,252.89,253.93,2274
2017-11-22,255.65,259.97,255.65,258.24,2009
2017-11-23,258.24,267.74,258.42,261.7,15864
2017-11-26,261.7,269.9,263.43,265.37,2891
2017-11-27,266.67,266.67,260.84,261.27,4178
2017-11-28,265.37,265.37,258.03,264.07,13227
2017-11-29,269.26,269.26,263.43,263.43,3586
2017-11-30,259.11,262.78,259.11,261.91,2290
2017-12-04,267.74,267.74,259.11,262.35,2110
2017-12-05,261.05,261.27,256.52,261.05,2122
2017-12-06,261.91,264.51,259.32,262.35,8595
2017-12-10,267.53,267.74,258.68,260.19,4964
2017-12-11,259.11,261.27,259.11,260.19,1802
2017-12-12,259.11,259.54,256.95,256.95,1625
2017-12-13,259.11,259.11,259.11,259.11,73
2017-12-14,256.95,256.95,256.95,256.95,30
2017-12-17,259.11,259.11,255.87,259.11,966
2017-12-18,259.54,259.54,258.24,258.68,1234
2017-12-19,258.03,258.03,253.06,255.87,1074
2017-12-20,255.87,259.11,254.79,254.79,1196
2017-12-21,252.2,252.2,251.98,251.98,139
2017-12-24,253.71,255.65,251.98,255.65,3286
2017-12-26,252.63,253.71,249.39,253.71,1048
2017-12-27,249.39,251.55,247.23,248.31,1420
2017-12-28,251.55,251.55,247.23,251.33,1522
2017-12-31,246.58,250.25,246.58,249.39,3328
2018-01-01,250.04,258.68,247.45,258.68,3179
2018-01-02,256.95,258.89,255.87,258.89,2602
2018-01-03,256.95,256.95,254.36,254.36,1226
2018-01-04,251.55,252.63,250.9,252.63,672
2018-01-07,255.87,259.11,255.87,258.89,1298
2018-01-08,261.27,262.35,255.87,259.11,3026
2018-01-09,259.11,263.43,259.11,263.43,3162
2018-01-10,258.24,262.35,256.95,256.95,840
2018-01-14,252.63,252.63,251.98,252.2,1117
2018-01-16,250.69,250.69,249.18,250.47,600
2018-01-17,248.31,254.14,248.31,252.2,371
2018-01-21,253.71,258.89,252.85,258.68,736
2018-01-22,256.95,258.89,255.87,256.95,1870
2018-01-23,252.63,254.36,252.63,254.36,770
2018-01-24,259.32,259.32,252.63,253.71,1410
2018-01-25,253.71,264.29,251.55,259.11,3570
2018-01-28,259.11,259.11,255.87,258.89,248
2018-01-29,255.01,256.95,255.01,256.95,183
2018-01-31,256.73,256.73,254.14,256.52,2508
2018-02-01,259.11,261.27,254.14,261.27,876
2018-02-04,260.19,260.19,252.85,252.85,1903
2018-02-05,255.01,258.89,250.47,254.14,1535
2018-02-06,251.55,254.79,251.55,254.79,1013
2018-02-07,259.11,258.89,252.63,252.63,338
2018-02-08,253.71,253.71,251.55,251.98,2633
2018-02-11,253.71,253.71,252.41,252.41,252
2018-02-12,250.47,252.63,250.47,252.63,1378
2018-02-14,252.63,255.87,252.2,255.87,326
2018-02-15,255.87,270.77,255.87,270.77,3059
2018-02-18,270.77,270.98,261.7,262.99,4866
2018-02-20,259.54,259.54,254.79,255.22,910
2018-02-21,255.01,259.54,255.01,259.54,53
2018-02-22,259.11,260.62,257.81,260.19,1047
2018-02-25,256.95,256.95,255.01,255.87,2540
2018-02-26,252.85,255.87,250.9,255.87,2435
2018-02-27,256.95,258.03,251.12,256.73,1829
2018-02-28,252.63,255.65,250.69,255.65,1774
2018-03-04,250.9,255.65,240.97,250.47,210
2018-03-05,250.47,250.47,241.4,246.15,2824
2018-03-06,242.91,250.69,234.92,245.72,4155
2018-03-07,243.35,249.39,243.35,246.15,4268
2018-03-11,246.15,246.15,242.05,242.05,3656
2018-03-12,242.05,238.6,237.3,237.52,509
2018-03-13,237.52,237.52,232.77,233.63,1090
2018-03-14,230.61,239.46,230.39,239.46,893
2018-03-15,244.21,246.15,239.67,241.83,725
2018-03-18,244.43,248.31,238.16,239.46,4798
2018-03-19,237.52,238.6,236.65,237.52,2712
2018-03-20,237.52,237.52,230.17,232.98,988
2018-03-21,228.45,228.45,223.48,226.72,1958
2018-03-22,226.72,229.96,223.48,228.23,2216
2018-03-26,223.91,223.91,215.92,220.24,490
2018-03-27,215.92,239.67,207.5,239.67,2152
2018-03-28,234.92,236.44,225.42,231.9,1580
2018-03-29,232.77,233.2,227.37,232.55,1031
2018-04-01,228.01,228.88,227.58,227.8,538
2018-04-02,223.7,223.7,223.48,223.48,368
2018-04-03,226.72,227.8,226.72,227.8,758
2018-04-04,227.8,245.94,223.48,245.94,2245
2018-04-05,241.19,247.23,236.44,245.07,4023
2018-04-08,249.82,256.95,245.07,251.55,16033
2018-04-09,247.66,256.52,244.86,250.47,11324
2018-04-10,248.31,248.31,239.89,247.02,1654
2018-04-11,242.27,248.31,241.83,248.31,2014
2018-04-12,249.39,249.39,243.99,245.07,1700
2018-04-15,245.07,246.15,240.75,246.15,9811
2018-04-16,250.9,254.79,246.37,253.71,11039
2018-04-17,253.71,270.77,256.95,267.74,14520
2018-04-18,272.93,274.22,259.32,265.59,6645
2018-04-19,264.51,266.45,260.19,261.27,5628
2018-04-22,261.27,277.46,263.43,270.98,9105
2018-04-23,276.38,280.7,264.51,267.74,20171
2018-04-24,267.74,273.14,263.43,265.8,9052
2018-04-25,265.8,270.98,265.8,266.67,7103
2018-04-26,269.9,271.63,261.48,263.21,3943
2018-04-29,259.32,268.61,259.32,262.56,844
2018-05-02,262.56,273.14,259.32,272.06,2467
2018-05-03,269.9,272.93,268.61,269.47,10513
2018-05-06,267.96,268.18,266.67,267.74,2051
2018-05-07,268.82,268.82,265.59,265.8,2984
2018-05-08,265.8,270.98,265.8,268.82,1831
2018-05-09,269.9,271.42,267.31,269.69,1367
2018-05-10,269.69,269.9,264.94,265.59,1830
2018-05-14,270.34,270.34,264.72,265.8,3166
2018-05-15,270.98,270.98,268.61,268.61,35
2018-05-16,267.74,268.82,267.74,268.82,75
2018-05-17,274.01,274.22,265.59,265.59,3942
2018-05-20,270.77,270.98,266.67,269.9,3267
2018-05-21,267.74,279.4,266.67,276.38,8897
2018-05-22,279.62,279.62,270.34,274.22,5633
2018-05-23,270.12,279.62,269.04,275.95,2234
2018-05-24,275.95,280.7,268.82,268.82,3304
2018-05-27,267.74,267.74,260.19,266.45,1504
2018-05-28,266.45,272.93,264.51,272.93,2757
2018-05-29,275.95,275.95,269.9,272.06,3015
2018-05-30,274.22,284.8,273.14,282.64,34268
2018-05-31,280.7,281.13,276.38,276.6,10471
2018-06-03,270.98,273.14,265.8,266.02,6404
2018-06-04,261.05,268.82,255.87,263.86,9532
2018-06-06,267.96,267.96,259.32,261.27,9655
2018-06-07,267.96,267.96,259.32,261.27,9655
2018-06-10,259.11,259.11,251.55,251.98,11328
2018-06-11,251.98,256.73,249.18,253.28,10751
2018-06-12,248.53,258.03,248.53,251.12,11023
2018-06-13,253.06,257.81,252.63,256.08,3537
2018-06-14,260.19,263.86,255.22,257.6,4866
2018-06-17,256.95,256.95,252.63,254.57,1025
2018-06-18,250.47,254.79,248.96,254.79,8831
2018-06-19,255.87,256.73,251.55,252.63,1394
2018-06-20,252.85,255.22,250.47,250.69,2408
2018-06-21,248.96,255.44,248.96,250.47,2014
2018-06-24,251.55,258.03,247.45,248.31,3149
2018-06-25,248.31,252.2,246.37,247.23,2715
2018-06-26,246.15,251.55,244.43,244.43,2979
2018-06-27,246.15,248.74,241.83,243.99,1395
2018-06-28,248.74,248.74,245.5,247.23,1027
2018-07-01,234.28,237.52,233.2,237.52,1554
2018-07-02,240.97,243.56,236.0,242.91,1177
2018-07-03,242.91,242.91,239.24,234.49,251
2018-07-04,240.54,246.58,240.54,242.05,1115
2018-07-05,246.58,256.73,243.99,255.87,4906
2018-07-08,255.87,258.89,249.18,249.39,4742
2018-07-09,248.31,251.55,245.07,246.15,1858
2018-07-10,245.07,251.55,245.07,248.31,5078
2018-07-11,253.28,258.24,248.53,253.49,4419
2018-07-12,248.74,251.33,242.91,251.33,7253
2018-07-15,250.47,251.55,247.02,251.55,1336
2018-07-16,250.47,250.47,245.72,250.47,968
2018-07-17,250.47,250.47,245.5,245.5,1922
2018-07-18,245.5,246.15,243.99,246.15,2315
2018-07-19,247.23,247.23,237.73,241.4,1395
2018-07-22,239.67,240.11,229.74,231.04,5988
2018-07-23,235.57,242.7,231.25,242.7,3204
2018-07-24,238.16,245.07,238.16,242.91,2849
2018-07-25,242.91,242.91,233.84,233.84,1268
2018-07-26,234.28,238.81,234.28,235.36,872
2018-07-29,237.52,242.27,237.52,237.52,1236
2018-07-30,235.36,238.6,235.36,235.79,790
2018-07-31,236.44,237.52,233.2,236.44,2649
2018-08-01,234.28,237.52,233.2,237.52,1554
2018-08-02,235.79,235.79,235.36,235.57,341
2018-08-05,235.79,237.52,235.79,237.52,764
2018-08-06,236.44,239.67,235.79,239.46,425
2018-08-07,239.67,240.97,239.46,240.54,2434
2018-08-08,240.32,240.75,239.67,240.75,2035
2018-08-09,238.6,240.75,238.6,239.46,1393
2018-08-12,236.65,236.65,233.84,236.22,324
2018-08-13,237.3,240.75,237.3,240.75,675
2018-08-14,240.75,242.91,238.38,241.83,1483
2018-08-15,241.62,247.23,239.67,247.23,2004
2018-08-16,248.31,252.2,243.99,248.31,3607
2018-08-19,243.99,244.21,240.11,240.54,1659
2018-08-20,237.52,242.27,237.52,239.89,2711
2018-08-21,237.73,240.97,237.73,240.97,452
2018-08-22,239.89,240.75,237.73,238.6,756
2018-08-23,237.52,237.52,236.44,236.44,670
2018-08-26,237.52,242.05,232.77,232.77,956
2018-08-28,231.04,237.52,231.04,237.52,1344
2018-08-29,237.52,238.38,233.2,236.22,1136
2018-08-30,236.65,240.75,236.65,237.52,1450
2018-09-02,238.16,243.78,238.16,243.78,1160
2018-09-03,243.99,243.99,242.05,243.99,1368
2018-09-04,242.27,245.5,240.32,243.99,1742
2018-09-05,244.86,256.73,244.86,251.77,4706
2018-09-06,252.63,252.63,246.8,248.31,3930
2018-09-09,243.99,247.23,240.54,240.75,888
2018-09-10,241.83,243.99,240.54,243.99,1903
2018-09-11,247.23,248.74,242.05,242.48,2081
2018-09-12,247.02,247.02,244.43,245.07,1498
2018-09-13,246.15,248.1,241.19,241.19,4677
2018-09-16,245.94,246.15,240.32,242.48,5180
2018-09-17,242.48,246.15,242.48,245.94,929
2018-09-18,247.23,250.69,244.43,249.18,2630
2018-09-20,250.69,250.69,247.66,247.66,761
2018-09-23,243.99,247.88,243.99,247.23,1089
2018-09-25,247.23,247.23,243.99,246.15,958
2018-09-26,246.15,247.88,244.86,246.58,4359
2018-09-27,243.99,246.15,243.99,245.07,2252
2018-09-30,240.32,242.05,239.89,241.83,1908
2018-10-01,242.05,242.05,237.52,237.73,3273
2018-10-02,238.16,241.62,233.84,237.95,1911
2018-10-03,237.52,237.73,236.0,237.52,1776
2018-10-04,236.44,238.6,234.28,234.49,2418
2018-10-07,232.55,235.14,231.25,231.69,2974
2018-10-08,230.39,232.98,229.96,232.98,1833
2018-10-09,234.28,234.28,231.04,231.04,587
2018-10-10,231.69,231.69,228.88,231.04,2091
2018-10-11,229.09,233.2,229.09,230.39,889
2018-10-14,234.92,237.52,234.92,236.44,454
2018-10-15,233.63,233.63,232.55,233.2,4376
2018-10-21,234.92,235.14,234.92,235.14,100
2018-10-22,233.41,233.41,232.12,233.2,384
2018-10-23,231.25,232.12,231.04,232.12,407
2018-10-24,231.04,231.25,229.53,231.04,234
2018-10-25,231.04,231.04,229.53,229.74,678
2018-10-28,226.72,229.96,226.72,228.88,251
2018-10-29,226.94,233.2,226.72,233.2,524
2018-10-30,232.12,232.12,227.8,229.31,585
2018-10-31,228.01,228.88,227.8,228.88,636
2018-11-01,229.09,229.09,228.88,229.09,110
2018-11-04,229.96,229.96,227.15,228.01,542
2018-11-05,228.66,232.12,228.23,232.12,2224
2018-11-14,232.12,236.65,231.04,232.12,1522
2018-11-15,232.12,235.36,232.12,232.33,349
2018-11-18,232.33,233.2,230.17,233.2,1313
2018-11-19,233.2,233.2,229.96,229.96,1944
2018-11-20,229.96,229.96,226.72,226.72,2691
2018-11-21,227.15,229.96,227.15,229.96,60
2018-11-22,229.96,232.12,227.15,229.31,2011
2018-11-25,229.31,233.84,227.15,227.8,4756
2018-11-26,227.8,229.96,225.64,225.64,1126
2018-11-27,225.64,226.72,223.48,226.72,1680
2018-11-28,224.23,227.8,224.23,226.72,1922
2018-11-29,226.72,226.72,222.4,222.4,4566
2018-12-02,222.4,223.48,219.38,222.4,5652
2018-12-03,222.4,224.56,218.08,218.08,1353
2018-12-04,218.08,224.56,218.08,220.24,274
2018-12-06,215.92,220.03,211.6,214.84,671
2018-12-09,214.84,218.08,214.84,218.08,944
2018-12-10,218.08,221.32,218.08,219.16,1783
2018-12-11,218.51,220.24,217.0,217.0,1566
2018-12-12,217.0,217.0,213.98,216.14,1496
2018-12-13,216.14,220.24,216.14,218.3,1220
2018-12-16,218.3,225.64,218.3,222.4,1429
2018-12-17,222.4,229.09,222.4,229.09,1228
2018-12-18,229.09,229.09,221.75,223.05,941
2018-12-19,223.05,224.34,221.75,224.34,527
2018-12-20,224.34,226.72,220.24,223.26,1370
2018-12-23,223.26,229.96,223.26,229.96,2912
2018-12-24,229.96,234.06,226.72,229.09,1985
2018-12-25,229.09,229.09,223.48,224.56,1190
2018-12-26,224.56,236.44,224.56,235.36,5816
2018-12-27,235.36,240.75,231.04,235.79,9765
2018-12-30,235.79,237.52,231.47,231.47,2354
2018-12-31,231.47,231.9,228.88,229.74,4300
2019-01-01,229.74,230.82,226.72,226.72,1971
2019-01-02,226.72,228.45,224.56,225.42,5754
2019-01-03,225.42,232.12,225.42,226.94,3245
2019-01-06,226.94,230.82,225.86,225.86,4681
2019-01-07,225.86,231.04,225.86,227.37,3320
2019-01-08,227.37,230.17,227.37,228.45,5335
2019-01-09,228.45,232.77,228.45,228.88,2355
2019-01-10,228.88,232.55,228.45,231.9,3066
2019-01-13,231.9,235.36,227.8,227.8,2570
2019-01-14,227.8,231.04,227.8,231.04,4706
2019-01-15,231.04,237.52,231.04,234.71,13946
2019-01-16,234.71,239.24,231.25,233.63,11119
2019-01-17,233.63,242.1,233.47,242.1,3494
2019-01-20,242.1,242.37,238.06,238.06,1151
2019-01-21,238.06,240.21,235.63,235.63,280
2019-01-22,235.63,235.63,231.85,233.74,2717
2019-01-23,233.74,236.98,232.39,236.98,332
2019-01-24,236.98,236.98,233.74,233.74,1756
2019-01-27,233.74,233.74,231.58,232.12,530
2019-01-28,232.12,233.2,230.77,232.93,1127
2019-01-29,232.93,232.93,229.96,231.31,1746
2019-01-30,231.31,234.82,231.31,234.55,978
2019-01-31,234.55,236.17,232.66,233.47,1076
2019-02-03,236.17,236.17,233.47,234.82,1083
2019-02-04,232.66,234.82,231.85,232.12,540
2019-02-05,227.53,232.12,231.31,231.31,539
2019-02-06,231.04,231.31,230.77,231.31,698
2019-02-07,230.77,231.58,229.96,229.96,859
2019-02-10,229.69,229.96,224.83,224.83,2714
2019-02-11,222.67,232.66,222.67,232.66,446
2019-02-12,228.07,232.66,228.07,228.07,207
2019-02-13,228.07,230.77,226.72,230.77,401
2019-02-14,232.12,232.12,227.26,227.26,449
2019-02-17,225.37,228.07,225.37,225.91,627
2019-02-18,225.37,225.91,223.21,224.02,762
2019-02-19,224.02,230.77,224.02,230.77,1327
2019-02-20,226.45,230.77,226.18,226.18,365
2019-02-21,225.37,226.18,225.37,225.64,179
2019-02-24,225.64,225.64,223.48,224.83,640
2019-02-25,221.32,225.37,221.32,223.21,325
2019-02-26,219.97,224.83,219.97,224.83,762
2019-03-03,221.32,224.83,221.32,222.67,2830
2019-03-05,226.72,226.72,222.4,222.67,247
2019-03-06,222.67,225.37,222.67,225.37,2140
2019-03-07,225.64,232.12,225.37,232.12,1205
2019-03-09,229.42,232.12,228.88,228.88,200
2019-03-10,229.42,232.12,228.88,228.88,200
2019-03-11,229.42,233.74,228.88,231.04,1225
2019-03-12,234.55,237.25,231.04,236.17,4023
2019-03-13,234.82,239.4,234.82,234.82,1845
2019-03-14,235.9,238.87,234.28,236.17,1280
2019-03-17,240.75,240.75,236.17,237.52,1418
2019-03-18,237.52,237.52,234.28,234.28,300
2019-03-19,231.58,234.55,231.58,234.55,1074
2019-03-21,230.5,234.01,229.96,234.01,711
2019-03-24,229.42,229.42,226.99,226.99,542
2019-03-25,229.42,232.12,229.42,229.69,3180
2019-03-26,229.69,231.31,228.34,230.77,1390
2019-03-27,230.77,232.12,230.77,231.85,1023
2019-03-28,232.12,232.66,230.77,232.12,2362
2019-03-31,232.12,232.93,230.23,232.93,3654
2019-04-01,232.12,234.55,231.85,232.12,1138
2019-04-02,233.47,235.36,233.47,233.47,3414
2019-04-03,233.47,233.47,232.12,232.12,371
2019-04-04,232.12,235.36,230.77,232.66,2717
2019-04-07,230.77,232.93,230.77,232.93,3112
2019-04-08,232.93,246.42,232.39,241.56,5325
2019-04-09,245.61,245.61,236.98,237.52,5485
2019-04-10,235.36,240.75,234.82,240.75,3888
2019-04-11,245.34,246.96,241.83,246.96,14006
2019-04-15,251.01,262.89,250.74,262.89,10660
2019-04-16,268.01,273.95,263.43,267.2,22582
2019-04-17,267.2,270.44,262.89,263.43,6634
2019-04-18,259.11,272.6,259.11,268.28,7909
2019-04-21,273.41,273.41,263.16,269.9,7719
2019-04-22,269.9,269.9,261.54,267.74,4948
2019-04-23,269.63,269.9,264.51,268.28,4516
2019-04-24,263.16,269.9,263.16,269.36,2956
2019-04-25,266.4,273.68,266.4,272.33,8383
2019-04-28,272.6,282.86,271.52,280.7,9181
2019-04-29,280.7,281.78,270.17,280.97,9188
2019-04-30,280.97,280.97,275.57,276.11,2669
2019-05-02,272.87,279.35,272.87,277.73,4267
2019-05-05,273.95,275.3,266.94,266.94,6633
2019-05-06,264.51,272.33,264.51,270.71,3001
2019-05-07,269.9,275.3,269.9,271.25,2666
2019-05-08,269.9,272.6,267.2,272.6,1354
2019-05-09,269.9,271.25,269.9,269.9,2085
2019-05-12,271.25,271.25,267.2,271.25,2118
2019-05-13,269.9,272.6,269.9,270.17,3421
2019-05-14,266.13,275.3,265.32,270.71,2518
2019-05-15,269.9,272.6,267.74,269.09,4455
2019-05-16,272.33,272.33,269.63,269.63,2047
2019-05-19,269.9,269.9,267.2,269.9,4294
2019-05-20,272.6,280.7,265.86,266.4,1977
2019-05-21,266.4,269.36,265.86,269.36,675
2019-05-22,270.17,271.79,267.74,267.74,2183
2019-05-23,267.74,269.63,266.67,266.94,1965
2019-05-26,265.32,269.09,265.32,269.09,888
2019-05-27,268.28,270.71,266.13,266.13,1922
2019-05-28,265.86,268.55,265.32,268.55,1543
2019-05-29,269.9,273.14,266.67,269.9,1113
2019-05-30,275.3,286.1,266.4,269.9,5942
2019-06-02,269.9,269.9,264.51,268.01,3288
2019-06-03,264.51,268.01,262.62,264.24,1095
2019-06-04,263.16,265.59,262.08,262.08,8012
2019-06-06,262.08,263.16,261.54,261.81,709
2019-06-10,265.86,265.86,259.92,260.46,2711
2019-06-11,260.73,265.59,259.11,260.46,2497
2019-06-12,256.68,261.27,256.68,258.3,5096
2019-06-13,259.11,261.81,258.57,258.57,2082
2019-06-16,253.71,254.25,249.93,253.44,9124
2019-06-17,256.41,256.41,251.01,255.06,1765
2019-06-18,257.49,257.76,255.6,256.41,708
2019-06-19,253.71,256.41,253.71,256.41,3157
2019-06-20,255.06,257.76,254.52,257.22,1486
2019-06-23,253.98,256.95,252.63,252.63,1608
2019-06-24,252.63,256.14,251.01,256.14,9152
2019-06-25,255.06,255.06,254.25,254.25,1160
2019-06-26,253.98,255.87,253.98,254.79,2537
2019-06-27,255.06,255.87,253.71,255.6,2211
2019-06-30,255.6,255.6,250.74,252.09,3853
2019-07-01,249.93,253.17,249.93,253.17,1192
2019-07-02,253.17,256.41,252.63,256.41,3898
2019-07-03,256.41,259.11,256.41,259.11,3457
2019-07-04,264.24,264.24,258.03,258.03,1630
2019-07-07,256.41,257.76,255.33,257.76,410
2019-07-08,256.14,256.14,253.98,255.87,1027
2019-07-09,253.71,256.41,252.63,256.41,520
2019-07-10,256.41,256.41,256.41,256.41,791
2019-07-11,253.17,254.52,252.9,254.52,749
2019-07-14,255.06,255.06,251.55,252.09,419
2019-07-15,255.06,259.11,252.9,253.71,1280
2019-07-16,266.4,266.4,252.36,255.87,875
2019-07-17,260.73,265.86,260.73,264.51,2882
2019-07-18,264.78,265.86,264.51,265.32,1155
2019-07-21,269.9,269.9,264.51,266.13,703
2019-07-22,265.86,271.25,265.86,267.2,3157
2019-07-23,269.63,276.11,267.74,271.79,2953
2019-07-24,271.25,273.14,268.55,273.14,5683
2019-07-25,268.55,272.06,267.47,269.9,7945
2019-07-28,266.94,266.94,259.65,261.54,882
2019-07-29,263.16,266.94,259.92,264.51,21429
2019-07-30,266.4,267.74,261.81,266.94,2250
2019-07-31,263.97,273.68,263.97,273.41,5127
2019-08-01,278.0,278.0,264.51,272.6,7594
2019-08-04,275.3,276.38,266.13,269.09,2665
2019-08-05,263.97,269.09,267.2,267.2,2512
2019-08-06,265.86,267.2,262.62,264.51,3344
2019-08-07,264.24,268.55,263.43,267.2,2928
2019-08-08,267.2,267.2,263.16,263.16,696
2019-08-11,258.03,263.16,259.38,263.16,2683
2019-08-12,263.16,267.2,259.92,267.2,1095
2019-08-13,269.36,269.63,263.16,263.43,733
2019-08-14,264.51,264.51,264.51,264.51,190
2019-08-15,262.35,264.78,262.08,264.78,3687
2019-08-18,265.86,265.86,264.51,264.51,2090
2019-08-19,259.38,267.2,262.08,265.32,7444
2019-08-20,265.05,265.32,263.16,263.16,237
2019-08-21,263.16,267.2,263.16,267.2,2864
2019-08-22,267.2,268.01,265.86,267.47,4839
2019-08-25,263.16,264.51,261.81,263.7,3616
2019-08-26,268.82,264.51,262.35,264.24,1178
2019-08-27,264.51,266.67,263.7,266.67,2242
2019-08-28,265.86,265.86,261.54,263.16,1094
2019-08-29,261.81,264.24,259.38,264.24,4128
2019-09-01,259.92,259.92,258.3,258.3,3215
2019-09-02,258.57,258.57,255.6,257.22,3716
2019-09-03,255.33,263.16,254.52,259.65,4198
2019-09-04,261.81,262.62,261.0,261.0,847
2019-09-05,261.0,261.54,260.73,260.73,1266
2019-09-08,257.76,260.73,256.68,256.68,444
2019-09-09,259.11,261.81,255.06,258.84,1474
2019-09-10,260.19,260.19,254.25,255.06,2071
2019-09-11,253.98,256.41,253.17,256.41,12420
2019-09-12,252.36,252.9,248.85,249.12,2772
2019-09-15,249.12,249.12,242.91,245.61,2247
2019-09-16,242.91,243.18,241.83,242.91,1055
2019-09-17,247.77,257.49,247.77,257.49,949
2019-09-18,252.63,257.49,251.01,257.49,1497
2019-09-19,252.36,257.49,252.36,252.36,405
2019-09-22,247.5,252.36,240.21,240.21,1082
2019-09-23,244.8,244.8,242.91,244.26,1092
2019-09-24,244.26,244.26,243.18,243.18,781
2019-09-26,245.61,245.61,241.56,241.56,2563
2019-09-29,242.1,242.1,242.1,242.1,437
2019-09-30,240.75,245.07,240.21,243.18,651
2019-10-01,244.26,248.58,244.26,248.58,587
2019-10-02,249.66,249.66,245.61,245.61,1235
2019-10-03,248.31,248.31,248.31,248.31,1651
2019-10-14,246.96,249.66,245.61,249.66,1489
2019-10-15,248.04,248.31,246.96,248.31,1060
2019-10-16,249.66,249.66,246.42,246.42,1077
2019-10-17,246.69,246.96,246.69,246.69,500
2019-10-20,246.96,251.55,246.96,246.96,1066
2019-10-21,247.23,249.66,245.88,249.66,987
2019-10-22,247.23,250.2,245.61,250.2,1410
2019-10-23,249.12,249.66,248.31,249.66,729
2019-10-24,248.58,252.36,248.31,251.01,988
2019-10-31,249.66,249.66,248.85,249.39,1002
2019-11-03,249.66,251.55,248.31,251.55,677
2019-11-04,249.66,251.55,249.66,251.01,591
2019-11-05,251.01,253.71,251.01,253.71,1557
2019-11-06,253.71,253.71,251.55,253.71,435
2019-11-07,252.36,256.41,251.01,256.41,6039
2019-11-10,261.54,261.54,253.71,253.71,454
2019-11-11,251.55,255.87,251.55,255.06,4049
2019-11-12,251.55,253.71,251.55,253.71,805
2019-11-13,250.47,254.52,250.47,254.52,819
2019-11-14,254.52,256.41,252.36,255.06,1695
2019-11-17,252.63,253.44,251.28,251.28,2087
2019-11-18,251.28,255.06,251.01,255.06,223
2019-11-19,253.71,253.71,252.36,252.36,226
2019-11-20,252.36,253.17,251.01,251.01,701
2019-11-21,251.01,251.01,247.23,247.23,155
2019-11-24,252.09,252.09,244.53,246.42,13151
2019-11-25,247.23,247.23,242.91,246.69,3405
2019-11-26,246.69,246.69,243.18,243.18,1609
2019-11-27,245.61,247.23,245.61,246.42,1107
2019-11-28,246.96,247.77,245.07,245.61,767
2019-12-01,247.23,247.23,245.61,246.69,270
2019-12-02,241.83,247.5,245.88,245.88,2417
2019-12-03,246.69,247.23,246.42,247.23,2525
2019-12-04,247.77,252.09,247.77,249.12,1933
2019-12-05,253.44,253.98,249.93,253.98,3039
2019-12-08,252.63,257.49,252.63,257.49,1960
2019-12-09,256.41,267.2,256.41,262.08,6032
2019-12-10,260.73,264.51,260.19,260.46,2457
2019-12-11,265.32,273.14,264.78,269.63,14153
2019-12-12,274.76,274.76,264.24,266.94,12800
2019-12-15,266.94,267.2,266.94,266.94,222
2019-12-16,263.43,266.94,260.73,262.35,3683
2019-12-17,262.35,265.86,262.08,262.08,1650
2019-12-18,264.51,264.78,261.81,264.51,4872
2019-12-19,264.51,264.51,260.46,264.51,2343
2019-12-22,265.86,268.55,265.86,266.67,2048
2019-12-23,267.2,272.33,267.2,272.33,8905
2019-12-24,269.9,269.9,266.94,266.94,1915
2019-12-25,280.16,280.16,266.67,266.67,1531
2019-12-26,266.67,270.44,265.86,268.55,2233
2019-12-29,270.44,270.71,263.97,269.36,9110
2019-12-30,266.18,272.36,266.18,269.95,2348
2019-12-31,274.76,277.51,272.01,277.51,4389
2020-01-01,276.48,284.72,274.42,284.72,3205
2020-01-02,280.26,295.71,280.26,290.22,10461
2020-01-05,289.87,303.96,289.87,298.8,4910
2020-01-06,304.64,305.67,296.4,298.8,7145
2020-01-07,299.49,301.21,295.37,298.8,10537
2020-01-08,298.8,310.82,298.8,308.08,4775
2020-01-09,302.24,312.2,302.24,309.11,17640
2020-01-12,312.54,334.52,312.54,329.37,5627
2020-01-13,335.55,335.55,321.47,326.28,6354
2020-01-14,319.75,324.56,313.57,319.41,7478
2020-01-15,325.59,326.28,320.1,326.28,3500
2020-01-16,328.68,334.87,324.56,331.43,10287
2020-01-19,337.96,337.96,330.06,334.87,5322
2020-01-20,328.0,331.09,312.54,312.54,5309
2020-01-21,325.94,326.28,317.69,319.41,3749
2020-01-22,316.32,325.59,315.98,325.59,5436
2020-01-23,325.25,325.25,313.23,318.72,829
2020-01-26,312.89,314.26,309.11,309.11,3461
2020-01-27,309.11,319.41,309.11,315.63,2625
2020-01-28,317.69,329.71,317.69,322.85,5412
2020-01-29,327.65,336.58,320.1,336.58,21694
2020-01-30,336.24,343.45,336.24,339.33,12877
2020-02-02,343.45,345.86,336.93,338.64,20632
2020-02-03,336.58,340.02,335.55,337.96,6205
2020-02-04,338.3,338.64,333.15,334.87,10561
2020-02-05,330.06,337.27,330.06,334.87,10613
2020-02-06,341.05,341.05,330.06,333.49,6075
2020-02-09,339.67,339.67,332.46,335.9,6763
2020-02-10,334.87,343.45,333.15,343.45,7640
2020-02-11,346.89,361.66,341.74,356.16,23299
2020-02-12,354.44,382.95,354.44,378.49,25729
2020-02-13,384.67,395.66,384.67,386.38,18268
2020-02-16,392.91,405.27,390.16,405.27,14302
2020-02-17,411.8,419.01,399.09,399.09,16709
2020-02-18,394.97,409.74,394.63,405.62,19454
2020-02-19,405.27,440.99,405.27,436.53,48254
2020-02-20,436.53,479.12,444.77,470.19,16783
2020-02-23,477.4,496.29,463.66,465.04,23359
2020-02-24,465.04,480.83,456.11,461.94,15137
2020-02-25,453.36,480.83,444.43,476.71,18123
2020-02-26,480.83,487.7,466.75,470.53,25151
2020-02-27,470.53,472.59,456.79,456.79,22967
2020-03-01,456.79,460.23,439.62,439.62,37727
2020-03-02,432.75,443.05,420.73,420.73,15438
2020-03-03,420.73,420.73,378.83,408.71,52360
2020-03-04,400.81,403.56,368.18,382.61,31088
2020-03-05,375.05,412.14,368.18,388.1,22027
2020-03-10,380.55,385.35,366.12,366.81,7127
2020-03-11,361.31,396.0,361.31,394.63,16522
2020-03-12,388.45,388.45,372.65,375.05,30155
2020-03-15,369.56,374.36,346.89,360.63,22253
2020-03-16,355.82,374.71,348.95,365.78,22458
2020-03-17,367.49,367.49,340.71,343.45,11096
2020-03-18,343.45,350.32,321.13,336.58,10295
2020-03-19,330.06,355.82,313.57,344.83,13551
2020-03-22,337.96,351.35,334.87,340.02,1727
2020-05-13,333.49,333.49,330.06,330.06,30
2020-06-29,328.0,342.77,305.67,337.96,6144
2020-06-30,333.15,371.62,333.15,371.62,17039
2020-07-01,378.83,408.71,378.83,408.71,6556
2020-07-02,414.55,414.55,380.55,380.55,2157
2020-07-05,388.1,403.56,382.95,391.54,15107
2020-07-06,394.97,410.08,394.63,407.34,10595
2020-07-07,412.14,419.01,409.4,409.4,16002
2020-07-08,406.99,415.58,403.9,411.11,21600
2020-07-09,412.14,414.55,403.9,412.14,15032
2020-07-12,420.04,431.03,415.58,431.03,14794
2020-07-13,427.94,437.56,420.73,437.56,16811
2020-07-14,437.9,449.92,436.19,449.92,30867
2020-07-15,451.64,451.64,443.05,446.83,24559
2020-07-16,446.49,446.49,436.19,443.05,6557
2020-07-19,448.21,475.34,448.21,475.34,540
2020-07-20,484.61,484.61,446.15,452.67,17031
2020-07-21,443.74,449.92,438.59,441.34,13636
2020-07-22,437.9,441.34,432.75,436.19,9292
2020-07-23,429.66,446.49,429.66,442.02,9007
2020-07-26,441.34,449.58,436.53,449.58,14636
2020-07-27,449.92,451.3,440.65,443.05,18860
2020-07-28,453.01,453.01,437.56,443.4,12927
2020-07-29,443.05,443.05,429.32,429.32,17467
2020-07-30,436.19,437.56,423.13,435.15,10103
2020-08-02,426.57,432.75,417.3,417.3,17199
2020-08-03,417.3,422.79,414.55,420.39,6651
2020-08-05,419.01,419.01,405.62,415.58,13671
2020-08-06,414.2,417.3,411.46,417.3,6736
2020-08-09,417.3,425.54,409.05,425.54,10804
2020-08-10,426.22,437.9,426.22,433.78,13444
2020-08-11,431.03,434.47,430.69,431.72,12146
2020-08-12,431.03,436.19,431.03,433.78,6402
2020-08-13,426.91,429.32,425.88,429.32,5936
2020-08-16,450.61,450.61,421.07,432.75,12108
2020-08-17,434.47,439.62,429.66,438.93,6151
2020-08-18,438.59,440.65,436.19,440.31,5956
2020-08-19,436.19,440.31,431.03,431.72,13915
2020-08-20,432.75,435.5,432.41,434.47,9556
2020-08-23,439.28,439.62,432.75,439.62,9807
2020-08-24,443.05,451.64,439.62,448.21,30351
2020-08-25,454.73,457.82,447.18,456.79,14773
2020-08-26,458.51,473.96,454.39,467.1,23352
2020-08-27,475.68,476.03,460.23,460.91,7733
2020-08-30,460.91,468.47,455.08,461.26,6933
2020-08-31,463.32,468.81,459.54,459.88,30602
2020-09-02,463.66,473.96,461.94,461.94,22351
2020-09-03,462.97,467.1,457.14,460.91,11011
2020-09-06,462.63,467.1,455.08,457.82,12943
2020-09-07,455.08,463.32,453.36,462.97,10439
2020-09-08,459.2,465.38,458.85,462.97,12517
2020-09-09,480.83,480.83,463.66,467.1,7559
2020-09-10,475.68,484.27,467.1,467.1,9242
2020-09-13,476.37,485.64,473.96,477.4,22814
2020-09-14,486.67,487.7,476.03,476.03,28121
2020-09-15,475.68,476.37,470.53,475.68,20389
2020-09-16,482.21,482.21,471.56,472.93,18740
2020-09-17,471.56,498.01,471.22,479.12,46803
2020-09-20,479.12,491.14,477.4,480.83,12603
2020-09-21,485.99,487.7,473.96,477.4,8426
2020-09-22,468.13,477.4,468.13,472.25,11083
2020-09-23,470.53,474.65,469.5,474.65,6522
2020-09-24,472.25,474.65,470.53,470.87,6469
2020-09-27,470.53,473.96,470.53,470.53,3259
2020-09-28,470.53,476.37,470.53,476.37,10025
2020-09-29,472.25,475.68,471.22,472.25,4700
2020-09-30,473.96,473.96,467.1,473.96,6027
2020-10-01,470.53,477.4,470.53,474.31,9667
2020-10-04,474.65,480.15,474.65,475.68,4467
2020-10-05,477.4,477.4,470.53,470.53,6485
2020-10-06,477.4,477.4,469.16,470.87,6429
2020-10-07,469.84,471.9,466.41,469.84,3536
2020-10-08,469.84,473.28,465.38,467.44,7026
2020-10-11,464.35,468.81,460.23,465.38,7722
2020-10-12,484.27,484.27,465.72,467.1,3929
2020-10-13,467.78,467.78,463.66,463.66,2755
2020-10-14,460.23,463.32,459.54,460.23,5609
2020-10-15,468.81,468.81,461.26,462.63,2126
2020-10-18,462.63,465.04,462.63,464.69,2604
2020-10-19,460.23,467.1,460.23,465.04,4310
2020-10-20,465.38,467.1,464.35,465.72,2082
2020-10-21,465.72,470.19,465.72,469.84,2203
2020-10-22,467.1,473.62,467.1,471.9,3715
2020-10-28,472.59,479.46,472.59,476.71,3488
2020-10-29,484.27,484.27,476.71,477.06,6259
2020-11-01,477.06,480.83,477.06,480.15,3371
2020-11-02,480.15,491.14,479.8,487.7,15882
2020-11-03,497.32,497.32,485.64,490.45,14425
2020-11-04,496.63,496.63,484.96,488.39,7461
2020-11-05,487.7,487.7,481.86,485.99,4541
2020-11-08,486.33,491.14,485.99,490.79,16402
2020-11-09,488.05,497.66,488.05,495.6,9047
2020-11-10,494.57,499.04,494.57,496.63,17014
2020-11-11,497.66,504.88,496.29,503.5,6984
2020-11-12,502.13,505.56,501.44,501.78,6074
2020-11-18,501.44,506.59,495.26,506.59,11519
2020-11-19,516.55,522.39,508.31,516.55,17032
2020-11-22,518.61,518.61,505.91,511.74,12257
2020-11-23,505.56,510.03,503.85,504.19,10985
2020-11-24,498.35,511.4,498.35,505.56,15352
2020-11-25,511.4,523.77,511.4,523.77,9724
2020-11-26,522.05,542.66,522.05,530.29,20117
2020-11-29,530.29,546.09,530.29,544.37,13273
2020-11-30,544.37,555.02,540.25,549.18,26318
2020-12-01,549.52,558.11,543.34,550.21,22005
2020-12-02,561.2,605.16,561.2,605.16,40396
2020-12-03,604.48,645.69,594.17,594.52,22929
2020-12-06,566.7,592.46,563.95,563.95,31108
2020-12-07,563.95,597.95,545.4,582.15,28491
2020-12-08,611.0,635.39,601.04,603.45,60883
2020-12-09,614.78,626.8,582.5,593.49,26908
2020-12-10,589.02,595.2,577.0,587.99,18948
2020-12-13,596.23,597.61,585.59,595.89,14105
2020-12-14,599.33,614.78,595.89,612.38,31347
2020-12-15,612.38,621.65,604.48,608.25,23504
2020-12-16,596.23,607.22,596.23,601.04,26624
2020-12-17,601.04,609.97,595.89,609.97,37103
2020-12-20,609.97,609.97,559.83,570.48,55148
2020-12-21,566.7,589.37,545.4,582.15,37226
2020-12-22,611.0,616.5,583.87,598.64,23354
2020-12-23,607.57,618.22,594.17,594.52,7819
2020-12-24,594.17,594.17,580.78,588.68,14072
2020-12-27,600.36,600.36,577.0,590.74,17019
2020-12-28,602.42,602.42,580.78,583.87,21288
2020-12-29,595.2,597.61,585.93,589.37,11472
2020-12-30,599.33,609.63,592.46,607.57,36134
2020-12-31,637.53,637.53,611.78,612.2,20889
2021-01-03,642.69,642.69,619.07,626.8,10771
2021-01-04,638.82,638.82,618.22,625.94,9324
2021-01-05,625.94,625.94,617.36,617.36,4318
2021-01-06,622.08,622.08,610.06,619.93,5734
2021-01-07,619.5,627.66,613.92,618.64,12288
2021-01-10,625.51,630.24,616.07,625.51,9833
2021-01-11,633.24,637.11,626.8,627.23,3971
2021-01-12,616.5,643.97,616.5,641.83,7775
2021-01-13,650.41,686.91,643.97,686.91,19305
2021-01-17,695.49,708.37,678.32,688.19,10712
2021-01-18,699.79,713.95,686.91,695.49,12347
2021-01-19,699.79,722.54,678.32,716.96,33025
2021-01-20,729.41,740.57,713.52,736.28,22615
2021-01-21,740.57,770.19,729.84,745.72,50210
2021-01-24,751.3,763.32,736.28,739.28,45435
2021-01-25,753.88,753.88,729.84,739.71,39173
2021-01-26,731.98,738.42,721.25,724.26,32650
2021-01-27,725.54,734.13,719.1,729.84,62590
2021-01-28,738.42,753.02,713.95,734.13,41121
2021-01-31,729.84,729.84,687.76,699.79,36427
2021-02-01,699.79,710.52,695.49,699.79,26762
2021-02-02,701.93,735.42,701.93,733.27,29766
2021-02-03,740.57,744.0,708.37,715.24,18017
2021-02-04,721.25,731.98,715.24,726.83,27213
2021-02-07,729.84,780.5,727.69,761.18,52823
2021-02-08,798.53,798.53,729.84,734.13,33468
2021-02-09,736.28,736.28,708.37,715.24,15937
2021-02-10,716.96,729.84,704.51,719.53,26252
2021-02-11,729.84,729.84,704.08,707.94,14795
2021-02-14,716.96,716.96,695.49,695.49,11484
2021-02-15,709.23,764.18,709.23,757.74,45558
2021-02-16,772.77,772.77,724.26,730.27,15993
2021-02-17,742.72,742.72,716.53,721.25,10366
2021-02-18,720.82,722.97,709.23,710.09,6969
2021-02-21,723.83,724.26,701.07,704.08,12811
2021-02-22,700.21,705.37,695.49,699.79,11140
2021-02-23,699.79,704.08,674.03,704.08,18081
2021-02-24,712.66,717.82,700.64,705.37,7940
2021-02-25,706.22,712.66,692.06,695.49,6612
2021-02-28,686.91,692.92,680.04,680.47,17420
2021-03-01,667.59,699.79,667.59,691.2,13799
2021-03-02,689.05,689.05,669.73,671.02,16576
2021-03-03,665.44,665.44,649.13,662.01,14062
2021-03-04,674.03,686.91,665.44,685.19,12258
2021-03-08,676.17,695.49,676.17,677.46,7717
2021-03-09,670.16,677.46,656.85,661.15,5373
2021-03-10,656.85,664.58,648.27,655.99,5220
2021-03-14,648.7,656.42,646.55,652.56,11064
2021-03-15,644.4,656.85,640.97,643.97,7126
2021-03-16,639.68,656.85,637.96,646.12,11843
2021-03-17,656.85,669.73,650.41,667.59,4668
2021-03-18,669.73,686.91,663.29,680.9,7099
2021-03-21,693.35,716.1,686.91,713.52,29484
2021-03-22,717.82,717.82,693.35,697.64,9979
2021-03-23,684.76,700.64,676.17,700.64,6122
2021-03-24,708.37,721.25,695.49,717.82,19428
2021-03-25,720.82,728.98,708.37,708.8,13163
2021-03-29,708.8,716.96,708.8,710.95,8996
2021-03-30,721.25,729.41,708.8,721.25,22641
2021-03-31,729.84,734.13,723.4,723.83,8663
2021-04-01,723.83,725.54,717.39,721.25,8545
2021-04-04,725.54,725.54,711.81,719.96,11052
2021-04-05,725.54,725.54,710.95,712.24,5953
2021-04-06,712.66,716.96,710.52,713.52,5851
2021-04-07,721.25,736.28,711.38,734.13,24625
2021-04-08,738.42,746.15,729.41,731.98,15687
2021-04-12,734.56,774.92,731.98,755.6,44003
2021-04-13,768.48,768.48,745.72,753.02,22422
2021-04-15,755.6,755.6,744.86,749.16,8405
2021-04-18,747.01,755.17,738.42,744.0,12211
2021-04-19,744.0,751.3,729.84,732.84,18260
2021-04-20,723.83,737.99,723.83,731.55,15633
2021-04-21,728.12,737.99,716.96,717.39,13458
2021-04-22,708.37,725.54,707.51,714.81,18649
2021-04-25,716.96,716.96,690.34,697.21,16781
2021-04-26,687.33,704.08,674.46,684.33,27005
2021-04-27,684.33,710.95,682.61,710.52,17892
2021-04-28,715.24,715.24,701.07,703.22,5720
2021-04-29,703.22,712.66,698.93,708.37,5309
2021-05-02,708.8,725.11,704.08,723.4,18841
2021-05-03,723.4,747.01,723.4,725.97,24207
2021-05-04,739.71,740.14,725.97,734.13,16144
2021-05-05,742.72,748.73,725.54,727.69,32977
2021-05-06,729.41,729.84,714.81,719.1,19726
2021-05-09,719.1,719.1,709.23,713.52,12320
2021-05-10,707.51,717.82,707.08,716.96,6421
2021-05-11,719.1,723.4,715.67,722.97,15218
2021-05-12,721.25,723.4,717.39,719.96,9718
2021-05-13,718.25,721.68,718.25,720.39,10963
2021-05-16,720.39,734.56,720.39,733.27,20820
2021-05-17,738.85,740.57,727.69,728.98,13217
2021-05-18,725.11,736.71,725.11,731.98,14955
2021-05-19,744.43,744.86,730.27,731.13,32546
2021-05-20,736.28,736.28,726.4,730.27,14187
2021-05-23,766.76,766.76,717.39,728.55,14384
2021-05-24,764.61,764.61,730.7,736.71,25844
2021-05-25,770.62,770.62,731.98,734.13,17141
2021-05-27,703.65,721.25,686.05,712.24,58138
2021-05-30,701.5,716.96,699.36,701.93,26707
2021-05-31,704.08,712.66,699.79,702.36,18245
2021-06-01,708.37,708.37,688.62,697.64,13933
2021-06-02,697.64,706.22,695.92,705.8,7927
2021-06-03,705.8,721.25,705.8,707.94,18813
2021-06-06,712.66,714.81,701.93,706.65,10415
2021-06-07,708.37,719.96,701.07,704.94,11252
2021-06-08,705.37,708.37,700.21,705.37,13035
2021-06-09,701.07,715.67,699.79,703.22,10538
2021-06-10,706.22,706.65,699.36,702.36,10541
2021-06-13,702.36,708.37,699.79,701.93,22890
2021-06-14,703.22,706.65,701.07,705.8,15444
2021-06-15,708.37,719.53,698.07,699.36,20819
2021-06-16,686.91,742.72,686.91,723.4,48111
2021-06-17,737.56,738.42,711.38,712.66,17562
2021-06-20,723.4,738.42,697.64,697.64,18242
2021-06-21,697.64,708.37,689.48,689.91,19533
2021-06-22,703.65,703.65,691.2,696.35,13704
2021-06-23,731.13,731.13,684.76,684.76,19570
2021-06-24,679.61,689.05,678.32,682.61,16487
2021-06-27,692.92,692.92,671.88,681.32,6888
2021-06-28,686.91,695.49,686.91,691.63,7904
2021-06-29,670.16,713.95,670.16,694.2,12206
2021-06-30,686.91,689.05,682.61,683.04,9581
2021-07-01,683.04,695.06,683.04,683.47,11348
2021-07-04,683.47,691.2,680.47,680.47,8861
2021-07-05,690.77,690.77,678.32,679.18,8015
2021-07-06,679.18,684.76,679.18,680.47,6426
2021-07-07,682.61,686.48,678.75,682.61,9332
2021-07-08,693.35,693.35,683.04,689.48,10175
2021-07-11,703.22,714.81,691.2,694.2,16998
2021-07-12,704.08,716.96,686.05,687.33,24026
2021-07-13,687.76,717.39,687.76,699.79,8858
2021-07-14,706.22,706.22,693.35,695.49,5511
2021-07-15,699.79,704.08,696.35,704.08,6862
2021-07-18,717.82,727.26,708.37,722.54,11919
2021-07-19,729.84,742.72,723.4,729.84,22965
2021-07-20,717.39,729.84,716.96,729.84,5586
2021-07-22,735.85,740.57,727.69,728.98,10571
2021-07-25,740.57,788.22,728.98,772.77,38836
2021-07-26,785.65,796.38,774.92,793.38,71040
2021-07-27,777.53,807.11,747.01,795.95,78668
2021-07-28,794.23,798.53,783.93,795.09,28460
2021-07-29,810.98,810.98,779.21,791.23,25360
2021-08-01,794.23,800.67,786.12,796.17,26288
2021-08-02,800.67,853.05,795.95,838.45,107089
2021-08-03,855.2,888.25,838.45,853.05,68811
2021-08-04,858.63,862.07,820.85,824.67,44685
2021-08-05,841.16,841.16,806.26,825.15,45749
2021-08-08,826.43,837.17,816.13,816.13,26352
2021-08-09,832.44,832.44,794.23,798.57,32498
2021-08-10,804.75,819.99,794.23,813.55,28336
2021-08-11,829.01,829.01,809.69,813.55,22375
2021-08-12,813.55,828.58,792.09,806.26,16620
2021-08-15,790.16,828.15,774.49,809.26,52705
2021-08-16,815.7,856.49,802.82,833.73,56815
2021-08-17,837.17,869.36,832.87,856.49,101529
2021-08-18,873.62,880.1,856.49,869.36,100466
2021-08-19,869.36,937.63,856.49,911.44,124778
2021-08-24,927.32,929.47,876.23,884.39,77748
2021-08-25,870.65,877.09,845.75,847.9,76588
2021-08-26,858.63,874.52,832.87,853.87,28782
2021-08-29,862.93,869.36,822.14,825.15,19449
2021-08-31,824.29,828.15,794.23,802.82,44301
2021-09-01,818.71,824.29,794.23,804.97,20173
2021-09-02,820.85,820.85,785.65,800.67,23091
2021-09-05,784.66,809.26,740.57,772.77,51516
2021-09-06,770.62,832.87,763.11,832.87,32077
2021-09-07,832.87,832.87,786.08,804.54,51781
2021-09-08,794.66,802.82,772.34,783.07,23289
2021-09-09,781.36,792.52,768.48,770.62,13235
2021-09-12,785.22,832.01,766.33,815.7,29743
2021-09-13,824.29,831.59,786.51,794.19,10634
2021-09-14,795.95,795.95,768.48,777.06,13080
2021-09-15,781.36,784.79,762.47,766.33,15036
2021-09-16,759.89,764.18,730.27,734.13,30389
2021-09-20,748.73,755.38,710.52,712.66,81613
2021-09-21,712.66,741.34,686.91,721.25,11590
2021-09-22,735.42,744.86,727.69,738.42,20661
2021-09-23,752.16,763.75,731.68,733.27,10018
2021-09-26,730.74,742.72,716.96,720.39,10837
2021-09-27,707.13,719.1,707.13,710.52,10418
2021-09-28,704.51,724.73,695.06,707.94,20938
2021-09-29,695.49,730.82,695.49,730.82,17688
2021-09-30,742.72,742.72,704.94,704.94,6664
2021-10-03,706.22,706.22,687.38,697.64,8089
2021-10-04,686.91,710.52,685.62,699.79,12838
2021-10-05,713.78,727.69,708.37,724.69,8562
2021-10-06,737.99,768.43,729.84,755.6,31605
2021-10-10,759.89,781.36,747.01,751.3,16404
2021-10-11,742.72,759.46,738.42,749.59,9247
2021-10-17,749.59,764.18,744.86,761.56,3958
2021-10-18,770.62,770.62,729.84,745.68,12933
2021-10-19,731.98,731.98,715.24,716.96,14175
2021-10-20,731.13,738.42,724.69,734.13,9882
2021-10-21,746.58,747.01,719.96,721.25,6522
2021-10-24,712.66,735.42,712.66,729.84,3953
2021-10-25,743.58,755.6,727.69,751.3,10135
2021-10-26,766.33,766.33,736.28,736.28,15019
2021-10-27,739.71,754.27,737.56,753.45,15106
2021-10-28,753.02,768.05,751.3,755.6,8969
2021-10-31,756.03,786.08,755.6,783.5,14746
2021-11-01,789.94,791.66,762.47,768.48,9906
2021-11-02,768.48,772.77,758.6,767.19,6480
2021-11-03,753.45,772.77,752.59,764.18,12047
2021-11-08,778.78,778.78,744.86,751.73,9450
2021-11-09,748.73,748.73,730.78,734.13,10216
2021-11-11,734.13,734.13,721.68,722.54,5516
2021-11-14,722.54,734.13,710.52,715.24,7847
2021-11-15,729.41,742.72,725.54,730.7,26005
2021-11-16,742.72,762.04,738.42,762.04,13570
2021-11-17,762.04,770.19,749.16,751.3,5282
2021-11-18,747.87,766.33,747.01,761.18,11250
2021-11-21,749.2,764.18,748.3,759.89,4100
2021-11-22,755.6,757.74,742.72,744.86,10201
2021-11-23,751.3,759.89,743.15,755.6,18444
2021-11-24,744.0,785.65,744.0,785.65,23760
2021-11-25,789.94,789.94,722.54,745.72,57996
2021-11-28,738.42,738.42,710.09,710.52,12681
2021-11-29,712.66,721.25,696.35,698.07,14057
2021-11-30,699.79,699.79,686.91,697.64,10547
2021-12-01,708.37,708.37,691.2,698.07,10682
2021-12-02,698.07,698.07,676.17,679.61,15719
2021-12-05,668.45,687.33,660.72,664.15,9358
2021-12-06,654.75,675.74,643.12,675.74,17664
2021-12-07,676.17,676.17,648.27,648.27,10328
2021-12-08,643.97,652.56,633.67,633.67,10295
2021-12-09,635.39,641.4,624.65,637.53,8814
2021-12-12,643.97,643.97,619.12,619.12,10583
2021-12-13,614.35,621.65,601.04,607.05,7910
2021-12-14,619.07,650.84,618.22,650.84,3893
2021-12-15,663.72,674.03,639.68,639.68,14059
2021-12-16,635.39,642.26,627.66,631.09,6521
2021-12-20,643.71,643.71,614.46,627.87,9274
2021-12-21,627.87,642.36,623.58,641.29,6033
2021-12-22,654.12,661.68,643.97,657.39,7512
2021-12-23,657.93,677.25,652.02,661.68,8158
2021-12-26,670.81,681.54,657.39,676.17,16514
2021-12-27,687.44,689.59,660.61,665.44,12664
2021-12-28,653.63,665.44,652.56,657.39,3447
2021-12-29,657.39,667.59,655.83,663.29,4979
2022-01-02,665.44,706.28,665.44,689.59,11822
2022-01-03,703.01,708.37,689.59,694.96,10279
2022-01-04,694.96,730.91,692.27,707.3,10551
2022-01-05,708.37,719.1,686.91,689.59,5493
2022-01-06,689.59,697.1,684.76,696.57,4944
2022-01-09,708.37,716.42,701.4,705.15,5951
2022-01-10,705.15,719.1,705.15,712.66,6207
2022-01-11,721.25,758.92,711.05,736.28,17306
2022-01-12,727.15,764.18,719.1,738.96,16846
2022-01-13,739.5,794.23,725.01,771.7,13697
2022-01-16,787.1,818.87,776.53,784.58,16651
2022-01-17,800.14,800.14,769.01,772.77,6256
2022-01-18,772.77,772.77,731.72,752.38,14504
2022-01-19,746.47,753.99,741.64,743.25,8128
2022-01-20,743.25,752.38,731.98,751.3,8292
2022-01-23,756.67,762.04,741.64,745.94,6736
2022-01-24,732.52,733.11,721.79,722.86,11721
2022-01-25,723.4,730.37,719.1,723.4,7323
2022-01-26,714.27,724.47,711.65,717.49,2776
2022-01-27,730.91,738.42,716.96,716.96,3405
2022-01-30,731.29,745.4,730.91,742.72,5031
2022-01-31,742.72,751.3,732.52,738.42,3174
2022-02-01,738.42,750.77,737.89,750.77,7911
2022-02-03,750.77,764.72,741.11,741.16,8971
2022-02-06,726.35,751.3,726.35,737.89,4144
2022-02-07,737.89,748.08,729.84,740.57,2945
2022-02-08,755.06,755.06,724.47,724.47,4765
2022-02-09,738.96,738.96,711.65,716.42,2054
2022-02-10,716.42,727.15,697.64,716.42,7438
2022-02-13,702.47,703.01,684.22,691.74,10284
2022-02-14,691.74,697.64,689.59,692.27,5444
2022-02-15,689.59,697.64,686.91,697.64,8175
2022-02-16,706.76,706.76,691.2,697.37,2889
2022-02-17,697.37,705.15,692.27,692.92,1532
2022-02-20,679.66,689.59,676.17,681.22,11232
2022-02-21,686.91,686.91,678.86,682.08,2561
2022-02-22,695.49,695.49,679.39,692.22,2772
2022-02-23,692.22,694.96,681.7,685.3,913
2022-02-24,689.59,689.59,666.51,668.12,6792
2022-02-27,668.12,670.81,660.07,667.53,2623
2022-02-28,665.44,670.81,657.39,660.07,3903
2022-03-02,652.02,652.02,642.9,643.44,4290
2022-03-06,644.51,648.8,639.68,641.29,5287
2022-03-07,643.97,643.97,637.53,640.75,8672
2022-03-09,652.02,652.02,628.95,633.24,9993
2022-03-10,623.58,664.37,623.58,664.37,5177
2022-03-13,664.37,687.44,664.37,687.44,23189
2022-03-14,687.98,694.96,678.32,678.32,2226
2022-03-15,681.54,686.91,668.12,669.2,3059
2022-03-16,673.49,673.49,665.44,668.12,1908
2022-03-20,655.24,674.03,655.24,660.07,5206
2022-03-21,665.44,665.44,655.24,662.76,3108
2022-03-22,662.76,668.07,662.76,665.44,3337
2022-03-23,676.17,676.17,657.39,668.12,770
2022-03-24,660.07,668.12,654.71,668.12,5995
2022-03-27,655.78,664.9,649.5,652.02,5202
2022-03-28,649.88,650.41,638.61,639.14,10530
2022-03-29,639.14,643.97,633.78,633.78,5340
2022-03-30,633.24,641.29,631.09,641.24,4089
2022-03-31,652.02,652.02,635.92,636.51,3278
2022-04-03,631.79,631.79,624.12,630.56,2599
2022-04-04,627.87,633.24,621.43,623.58,4467
2022-04-05,623.58,623.58,611.78,617.14,4349
2022-04-06,609.09,622.45,605.66,611.88,3153
2022-04-07,624.12,638.61,612.31,638.61,5472
2022-04-11,641.29,646.12,615.53,622.51,8290
2022-04-12,612.31,617.14,610.17,612.85,3374
2022-04-13,622.51,622.51,601.31,621.43,3220
2022-04-17,622.51,622.51,609.25,615.0,4791
2022-04-18,609.09,616.61,606.41,606.41,4555
2022-04-19,606.95,616.61,601.04,614.46,3572
2022-04-20,605.87,619.23,602.17,611.78,4259
2022-04-21,603.73,612.85,602.12,612.85,3826
2022-04-24,625.08,645.58,618.75,630.56,7506
2022-04-25,642.9,642.9,625.73,625.73,2538
2022-04-26,637.53,662.86,625.19,640.06,3972
2022-04-27,635.92,639.68,620.9,621.43,3472
2022-04-28,621.43,633.72,619.83,619.88,3124
2022-05-02,611.78,617.14,606.41,606.95,8601
2022-05-04,617.14,617.14,599.43,609.63,1923
2022-05-05,608.02,609.63,598.36,602.12,2224
2022-05-08,601.04,601.58,590.31,601.58,3415
2022-05-09,611.78,613.92,599.97,608.02,3599
2022-05-10,617.14,619.29,606.95,611.78,3731
2022-05-11,623.58,632.65,619.83,626.8,4577
2022-05-12,626.86,638.39,617.14,620.9,3192
2022-05-17,630.56,630.56,604.26,606.41,2004
2022-05-18,595.68,614.4,595.68,610.7,1808
2022-05-19,610.7,621.92,602.65,602.65,3266
2022-05-20,602.65,606.41,595.94,602.65,2042
2022-05-23,609.09,609.09,593.05,609.09,23481
2022-05-24,606.41,611.78,599.43,606.41,14531
2022-05-25,606.41,608.02,596.21,606.41,2727
2022-05-26,606.41,614.3,601.58,614.3,2882
2022-05-27,606.41,609.63,603.73,605.39,3933
2022-05-30,617.14,629.48,596.8,600.51,2703
2022-05-31,596.75,596.75,576.89,584.94,7808
2022-06-01,584.41,586.55,573.3,576.36,3540
2022-06-02,576.36,582.26,570.45,570.99,3018
2022-06-03,570.99,571.53,549.52,568.31,7908
2022-06-06,579.58,579.58,557.04,561.06,3366
2022-06-07,571.53,576.89,548.45,550.6,3267
2022-06-08,560.26,589.24,550.06,573.67,2402
2022-06-09,573.67,625.08,562.4,568.84,5088
2022-06-10,558.11,575.5,558.11,575.28,890
2022-06-13,564.01,582.26,564.01,576.36,2270
2022-06-14,565.09,566.16,561.92,565.09,2341
2022-06-15,566.16,566.16,537.18,550.06,6528
2022-06-16,550.06,572.28,546.95,563.48,3194
2022-06-17,553.28,562.94,552.74,562.94,681
2022-06-19,558.11,558.65,545.77,558.11,2660
2022-06-20,547.38,547.38,532.35,542.44,5636
2022-06-21,547.38,560.26,539.33,552.69,5763
2022-06-22,550.06,550.06,535.04,536.11,5608
2022-06-23,535.57,535.57,525.91,528.6,3942
2022-06-24,518.45,539.33,517.86,536.65,4519
2022-06-26,547.38,558.33,544.69,558.11,11256
2022-06-27,558.11,563.48,536.43,547.32,8472
2022-06-28,547.32,550.6,536.65,536.65,6047
2022-06-29,547.38,556.5,547.38,555.43,6144
2022-06-30,566.16,587.63,554.89,580.65,6956
2022-07-01,581.19,590.31,568.84,585.48,4538
2022-07-03,576.89,609.09,576.89,609.09,8206
2022-07-04,611.78,620.9,590.31,596.75,15651
2022-07-05,584.84,608.02,573.67,574.21,19712
2022-07-06,584.41,584.94,560.79,572.87,5949
2022-07-07,584.3,589.77,566.54,570.45,4166
2022-07-08,581.78,581.78,562.4,568.84,3090
2022-07-11,557.57,557.57,539.06,548.45,7292
2022-07-12,552.74,557.04,542.01,545.77,5741
2022-07-13,542.55,553.76,542.55,553.76,7455
2022-07-14,563.48,575.82,555.43,561.87,9146
2022-07-15,568.31,571.53,559.18,571.53,5438
2022-07-17,560.79,575.82,558.11,568.31,13001
2022-07-18,570.45,579.58,563.48,579.58,5750
2022-07-19,579.58,599.43,579.04,595.68,10640
2022-07-20,603.19,607.48,584.94,601.58,6254
2022-07-21,598.9,606.41,590.36,601.04,7096
2022-07-22,590.31,595.68,579.04,590.31,7415
2022-07-24,601.04,614.46,590.36,614.46,10305
2022-07-25,626.26,637.8,614.46,633.24,15952
2022-07-26,622.51,632.7,594.71,616.07,13967
2022-07-27,604.26,624.65,602.65,621.97,7140
2022-07-28,630.56,639.68,621.27,621.27,20514
2022-07-29,622.51,627.87,613.39,627.87,5111
2022-07-31,640.22,640.22,612.85,632.7,17875
2022-08-01,633.24,635.92,622.51,628.95,9019
2022-08-02,617.2,630.56,617.2,623.58,3831
2022-08-03,635.92,635.92,619.83,619.83,7310
2022-08-04,612.31,619.83,603.73,607.48,9184
2022-08-05,607.48,607.48,583.87,598.36,7363
2022-08-07,601.58,618.16,595.68,603.73,10473
2022-08-08,615.53,617.14,599.43,601.04,9359
2022-08-09,611.78,611.78,582.31,582.8,6195
2022-08-10,578.02,597.82,577.97,587.09,8743
2022-08-11,598.79,598.79,580.65,580.65,13741
2022-08-14,584.94,585.48,574.21,574.21,7525
2022-08-15,585.69,587.63,567.82,587.63,11005
2022-08-16,595.68,598.9,584.94,584.94,8137
2022-08-17,584.94,590.31,582.8,587.09,2743
2022-08-18,585.05,598.36,584.94,597.23,5046
2022-08-21,606.41,606.41,594.07,595.68,7674
2022-08-22,598.36,600.77,588.75,597.29,6863
2022-08-23,598.36,598.36,586.02,590.31,6183
2022-08-24,601.58,602.06,591.38,596.21,5053
2022-08-25,596.21,601.04,589.29,589.77,9268
2022-08-26,589.77,589.77,578.5,587.63,3310
2022-08-28,582.26,583.6,574.21,577.43,5807
2022-08-29,574.21,579.58,572.17,572.6,3605
2022-08-30,574.75,602.97,574.75,583.87,1685
2022-08-31,575.28,578.5,568.84,568.84,5368
2022-09-01,571.53,574.21,563.48,573.67,2226
2022-09-02,583.87,583.87,568.31,573.67,1476
2022-09-04,573.19,582.26,567.23,572.65,2385
2022-09-05,572.6,579.58,572.6,578.5,2638
2022-09-06,578.5,578.5,568.9,571.53,3508
2022-09-07,563.53,570.4,563.53,566.16,2866
2022-09-08,563.48,566.16,558.11,559.29,8005
2022-09-11,559.29,568.84,553.98,557.04,1831
2022-09-12,557.04,563.42,549.58,549.58,5002
2022-09-13,560.47,560.47,551.67,553.82,2039
2022-09-14,564.55,570.45,560.26,568.84,4494
2022-09-15,563.48,574.75,552.21,552.26,3995
2022-09-16,547.38,553.82,538.25,546.3,5468
2022-11-24,557.2,591.22,557.2,572.6,9976
2022-11-27,579.52,590.85,567.99,586.02,6693
2022-11-28,590.31,601.04,587.63,590.31,7338
2022-11-29,580.11,600.51,574.21,595.68,2194
2022-11-30,595.68,603.73,583.76,599.43,2818
2022-12-01,611.24,611.24,590.31,599.43,5998
2022-12-04,606.41,611.24,600.51,608.56,7521
2022-12-05,606.41,608.56,593.53,598.36,4631
2022-12-06,610.33,622.51,601.04,604.96,22080
2022-12-07,617.03,617.03,604.8,607.48,10494
2022-12-11,607.48,608.02,592.99,595.68,8478
2022-12-12,596.21,601.04,590.31,598.36,9698
2022-12-13,608.56,608.56,594.6,598.36,2916
2022-12-14,598.36,600.51,590.31,595.14,4038
2022-12-15,591.92,599.97,590.85,595.14,6504
2022-12-18,601.04,601.04,586.28,590.31,4531
2022-12-19,590.31,596.21,587.63,592.99,3425
2022-12-20,603.19,603.73,595.68,596.75,3231
2022-12-21,596.21,606.41,595.68,598.63,1869
2022-12-22,598.63,602.06,596.21,598.36,3728
2022-12-26,603.73,613.92,598.36,613.92,13054
2022-12-27,625.73,632.44,619.29,619.83,10621
2022-12-28,614.46,624.12,611.78,613.39,5070
2022-12-29,612.31,625.73,611.78,625.73,16844
2023-01-01,638.07,647.19,626.26,627.87,18822
2023-01-02,627.87,643.97,627.87,641.29,12138
2023-01-03,646.12,653.63,633.24,643.97,15864
2023-01-04,643.97,676.17,639.14,676.17,18751
2023-01-05,676.17,703.01,676.17,686.91,27045
2023-01-08,700.32,700.32,673.49,686.91,19529
2023-01-09,697.1,697.1,684.22,691.74,16942
2023-01-10,694.96,711.05,677.94,678.86,21692
2023-01-12,676.17,694.96,675.64,677.78,23670
2023-01-17,676.17,689.05,675.1,689.05,8556
2023-01-18,702.47,702.47,681.54,684.22,11176
2023-01-19,684.22,689.32,676.17,679.93,6316
2023-01-23,686.85,696.57,673.49,679.93,8148
2023-01-24,672.95,684.22,659.54,684.22,9142
2023-01-25,684.22,697.64,676.17,680.73,12046
2023-01-26,673.54,711.05,673.49,684.22,8628
2023-01-29,684.22,690.07,677.78,679.39,4864
2023-01-30,676.71,681.54,661.15,676.17,15405
2023-01-31,669.73,676.17,662.92,669.73,7393
2023-02-01,681.54,681.54,665.44,667.64,6288
2023-02-02,674.03,675.64,662.22,663.24,6088
2023-02-05,669.73,670.81,654.71,654.71,6084
2023-02-06,656.32,666.51,646.66,657.39,5604
2023-02-07,670.27,682.51,660.07,666.51,7106
2023-02-08,679.82,684.22,665.44,666.08,9702
2023-02-09,670.81,678.86,657.93,671.07,4573
2023-02-12,670.81,670.81,654.71,660.07,7561
2023-02-14,657.39,657.39,649.5,650.41,4958
2023-02-15,653.63,659.0,649.34,652.02,3641
2023-02-16,652.56,658.46,646.66,649.34,5076
2023-02-20,649.88,661.15,638.66,639.68,7274
2023-02-22,633.24,645.05,633.24,638.66,3895
2023-02-23,627.87,627.87,574.8,576.89,55750
2023-02-26,565.36,605.82,558.11,593.05,27286
2023-02-27,598.36,609.58,581.19,595.68,10575
2023-02-28,590.31,596.21,578.5,584.94,11787
2023-03-01,592.94,592.99,574.75,574.75,5799
2023-03-02,566.16,566.16,554.89,558.11,9093
2023-03-05,568.84,580.11,547.91,550.06,15506
2023-03-07,560.79,568.31,553.82,566.16,3870
2023-03-09,577.38,601.04,574.85,600.51,14997
2023-03-12,612.48,633.57,596.38,599.09,11131
2023-03-13,591.65,592.94,587.59,588.34,3196
2023-03-14,588.27,588.27,577.45,581.51,4266
2023-03-15,578.13,578.13,557.17,565.96,4948
2023-03-16,567.99,567.99,557.17,558.52,3202
2023-03-19,547.9,567.99,547.7,558.59,2342
2023-03-20,559.19,564.6,558.65,560.55,2178
2023-03-22,561.22,570.69,559.87,560.55,4704
2023-03-23,561.22,561.22,538.1,547.7,10495
2023-03-26,537.56,542.29,524.03,526.74,6037
2023-03-27,516.26,535.87,510.51,535.53,6339
2023-03-28,536.27,567.99,535.53,555.81,11619
2023-03-29,555.81,555.81,544.72,549.73,3762
2023-03-30,549.73,549.73,540.06,540.26,3773
2023-04-02,540.26,549.05,527.41,537.56,5139
2023-04-03,537.56,537.56,526.87,531.47,3762
2023-04-04,540.26,547.7,527.41,545.67,3324
2023-04-05,544.32,546.35,536.27,546.35,2699
2023-04-06,546.35,551.08,539.59,540.94,4853
2023-04-09,540.94,548.98,531.54,536.21,4280
2023-04-10,530.8,540.94,528.77,540.94,3923
2023-04-11,542.29,551.76,534.31,549.73,811
2023-04-12,557.84,567.99,557.84,567.99,3580
2023-04-13,568.66,574.75,556.02,556.02,4184
2023-04-16,556.15,567.99,545.0,562.58,1631
2023-04-17,567.92,567.99,557.84,557.98,2154
2023-04-18,554.46,554.46,543.37,547.7,1160
2023-04-19,549.05,558.52,548.38,558.52,801
2023-04-20,555.48,560.55,554.46,560.55,1288
2023-04-23,564.6,564.6,554.46,561.22,1599
2023-04-24,554.46,564.6,554.46,558.52,1453
2023-04-25,559.19,567.99,559.19,567.99,2055
2023-04-26,564.6,572.04,557.84,561.9,1773
2023-04-27,557.84,567.24,557.84,560.55,1144
2023-04-30,557.84,557.84,551.08,552.37,2641
2023-05-02,551.76,554.46,549.05,549.93,1721
2023-05-03,549.93,550.4,547.7,549.05,501
2023-05-04,547.7,555.81,542.97,555.81,2129
2023-05-07,554.46,555.81,543.64,545.67,4686
2023-05-08,545.67,554.12,545.67,549.12,2568
2023-05-09,549.73,553.85,549.73,550.34,1609
2023-05-10,546.01,556.49,546.01,556.49,3032
2023-05-11,564.27,564.27,555.14,557.77,2250
2023-05-14,561.22,564.6,554.66,559.19,4042
2023-05-15,561.22,570.35,559.19,561.22,3565
2023-05-16,561.22,570.62,561.22,567.31,2806
2023-05-17,567.99,585.57,567.99,582.18,4579
2023-05-18,584.89,597.74,584.89,595.03,1686
2023-05-21,596.38,606.53,596.38,597.94,6614
2023-05-22,595.71,601.12,586.92,590.3,7807
2023-05-23,589.62,609.16,589.62,609.16,11570
2023-05-24,609.23,618.02,596.99,611.94,2713
2023-05-28,615.32,622.08,608.56,608.56,21337
2023-05-30,615.99,615.99,596.38,603.21,13306
2023-05-31,603.82,603.82,584.89,588.81,7718
2023-06-01,588.27,601.79,588.27,601.12,2108
2023-06-04,613.09,621.4,611.94,613.96,2123
2023-06-05,615.99,621.4,609.03,611.26,4960
2023-06-06,611.26,619.92,611.26,615.99,3217
2023-06-07,622.08,622.08,613.96,614.64,13070
2023-06-08,615.32,620.66,608.69,618.7,6310
2023-06-11,618.7,638.98,616.33,638.98,8163
2023-06-12,642.36,642.36,622.82,633.57,14226
2023-06-13,625.46,652.51,620.93,649.73,9097
2023-06-14,654.54,669.41,654.54,661.3,9721
2023-06-15,669.41,674.14,649.13,649.13,6920
2023-06-18,649.13,674.14,649.13,655.89,6247
2023-06-19,643.04,666.03,643.04,659.27,8156
2023-06-20,647.1,655.89,634.39,635.6,14375
2023-06-21,627.49,637.63,624.11,628.84,9043
2023-06-22,640.34,640.34,611.94,617.35,10801
2023-06-25,615.32,620.73,603.15,620.05,17291
2023-06-26,620.05,635.6,620.05,633.57,20512
2023-06-27,645.07,684.15,645.07,676.17,32263
2023-06-28,689.63,716.74,651.49,659.27,25803
2023-07-02,659.27,669.34,629.52,629.52,15624
2023-07-03,626.14,641.01,620.05,622.69,17441
2023-07-04,611.6,645.74,611.6,622.76,5188
2023-07-05,634.93,634.93,612.07,616.67,49431
2023-07-06,628.84,628.84,605.17,607.88,8596
2023-08-07,585.09,621.4,585.09,599.7,27758
2023-08-08,598.41,608.56,586.92,588.27,13884
2023-08-09,588.27,596.38,580.16,596.38,11701
2023-08-10,595.03,605.17,577.45,597.06,12638
2023-08-13,586.92,595.03,584.21,589.08,9534
2023-08-14,600.85,620.79,600.85,611.94,32891
2023-08-15,624.11,634.25,611.94,618.7,39617
2023-08-16,606.46,626.81,606.46,621.2,18612
2023-08-17,633.57,633.57,618.77,624.11,15816
2023-08-20,629.52,635.53,622.08,625.46,28095
2023-08-21,623.43,628.84,619.37,622.08,8037
2023-08-22,632.15,632.15,612.61,620.05,10502
2023-08-23,624.11,631.55,619.37,627.49,9090
2023-08-24,623.5,632.22,618.7,622.76,7990
2023-08-27,631.41,631.41,610.31,613.96,11384
2023-08-28,622.08,622.08,605.31,609.91,7290
2023-08-29,618.7,620.05,610.04,611.4,2764
2023-08-30,611.94,620.05,609.91,612.27,8430
2023-09-03,611.26,611.94,605.17,605.24,7020
2023-09-04,617.35,617.35,602.47,606.19,3656
2023-09-05,605.85,608.42,604.03,608.35,5029
2023-09-07,603.82,607.2,598.62,600.44,6563
2023-09-10,598.41,612.41,597.74,607.88,8139
2023-09-11,608.62,619.98,608.62,618.7,7699
2023-09-12,625.39,625.39,601.79,601.79,21049
2023-09-13,613.29,613.29,605.17,608.62,13520
2023-09-17,609.23,613.96,601.86,602.74,7867
2023-09-18,601.79,609.23,599.77,607.2,3007
2023-09-19,607.2,609.91,601.12,605.17,4224
2023-09-21,616.67,618.63,608.56,612.54,9868
2023-09-24,615.32,620.73,609.23,611.94,8677
2023-09-25,620.05,620.05,608.56,613.15,9469
2023-09-26,622.08,622.08,611.26,615.32,8775
2023-09-27,618.7,619.37,609.91,611.26,11983
2023-10-01,612.27,613.96,601.86,611.26,8102
2023-10-02,611.26,612.54,602.47,608.62,3805
2023-10-03,611.94,611.94,605.24,606.53,2252
2023-10-04,608.56,611.94,600.44,605.17,9243
2023-10-05,607.88,608.56,602.54,603.21,5264
2023-10-08,603.21,603.82,597.4,597.74,14174
2023-10-09,595.03,605.11,593.07,601.73,17247
2023-10-10,604.5,604.5,593.68,595.03,6091
2023-10-11,593.68,602.47,591.11,602.47,10177
2023-10-12,592.46,603.82,588.47,603.82,11281
2023-10-16,605.17,605.85,586.92,588.27,12343
2023-10-17,598.41,598.41,588.27,588.27,4317
2023-10-18,588.27,607.88,588.27,604.43,6321
2023-10-19,609.91,615.99,597.06,601.79,5782
2023-10-29,607.88,607.88,596.38,603.15,4296
2023-10-30,595.03,608.56,591.72,606.53,6194
2023-10-31,602.47,602.47,597.74,600.44,6932
2023-11-01,603.15,603.82,596.11,598.28,4537
2023-11-02,598.07,598.07,592.46,594.9,5775
2023-11-05,590.1,595.03,583.54,588.27,8616
2023-11-06,591.65,594.36,581.51,589.62,7917
2023-11-07,585.09,593.68,582.18,593.68,4765
2023-11-08,593.68,600.98,589.62,593.0,2478
2023-11-09,589.62,591.58,586.92,588.27,2034
2023-11-20,590.37,602.54,590.37,591.72,9295
2023-11-21,588.47,594.22,584.96,588.2,7173
2023-11-22,578.8,592.33,578.8,588.27,7748
2023-11-23,588.27,591.65,582.18,590.97,5103
2023-11-26,591.65,607.2,590.97,598.41,11610
2023-11-27,598.41,609.91,598.41,601.79,4951
2023-11-28,601.79,605.17,595.03,596.38,4633
2023-11-29,596.38,600.71,584.48,596.72,5594
2023-11-30,596.38,596.99,592.39,596.38,6541
2023-12-03,603.75,603.82,592.87,595.03,4029
2023-12-04,604.5,604.5,595.03,595.03,6097
2023-12-05,586.51,604.5,586.51,593.0,1704
2023-12-06,593.0,595.71,584.89,594.96,2897
2023-12-07,595.03,600.98,591.65,595.71,4493
2023-12-10,607.61,654.2,607.61,653.86,1824
2023-12-11,666.91,666.91,632.29,649.13,41068
2023-12-12,639.05,665.35,639.05,659.27,18435
2023-12-13,672.45,672.45,642.36,653.18,18826
2023-12-14,642.36,655.21,639.66,649.8,25464
2023-12-17,636.95,656.56,636.82,654.47,16164
2023-12-18,655.89,677.93,655.89,673.81,43473
2023-12-19,686.99,686.99,662.65,674.82,12627
2023-12-20,688.28,688.28,666.03,676.17,26881
2023-12-21,689.7,693.08,672.12,672.12,32758
2023-12-24,676.17,682.93,670.09,682.93,31983
2023-12-27,688.34,688.34,676.51,680.91,29571
2023-12-28,677.53,686.99,673.6,686.25,39673
2024-01-01,699.91,699.91,687.55,689.87,13112
2024-01-02,701.45,701.45,666.23,668.24,38112
2024-01-03,681.6,681.6,663.6,664.76,6197
2024-01-04,655.1,680.6,655.1,658.19,10205
2024-01-07,658.19,675.19,658.19,670.48,10477
2024-01-08,660.51,672.1,660.51,662.83,27303
2024-01-09,660.59,674.42,660.59,669.78,13283
2024-01-10,682.91,683.69,674.49,679.82,13182
2024-01-11,679.9,687.55,670.01,670.01,7087
2024-01-14,682.91,690.64,672.95,684.38,7325
2024-01-16,697.59,709.18,685.23,698.44,21939
2024-01-17,709.18,714.51,700.68,702.23,24924
2024-01-18,695.27,699.14,685.23,693.73,16564
2024-01-21,693.73,696.82,681.6,682.91,11890
2024-01-22,682.14,691.26,669.01,671.33,10305
2024-01-23,679.05,697.59,665.15,668.24,6997
2024-01-24,681.37,681.6,667.46,667.46,10478
2024-01-25,661.52,672.1,661.52,664.61,7573
2024-01-28,675.19,675.96,664.37,672.1,12034
2024-01-29,673.64,680.44,672.1,672.1,16924
2024-01-30,685.23,685.23,663.76,666.69,14263
2024-01-31,679.98,679.98,660.51,672.1,5235
2024-02-01,677.51,677.58,656.65,662.06,7544
2024-02-04,649.7,662.83,649.7,653.71,8210
2024-02-05,656.65,658.89,652.79,655.1,12948
2024-02-06,655.1,656.65,647.38,652.79,12947
2024-02-07,652.86,660.51,652.86,655.1,4303
2024-02-08,664.22,664.22,648.92,662.06,9236
2024-02-11,664.22,675.19,656.65,668.24,10371
2024-02-12,669.78,671.33,656.65,667.46,5739
2024-02-13,667.46,667.46,658.19,660.51,6414
2024-02-14,660.51,664.37,651.24,653.17,9101
2024-02-15,652.79,695.27,649.77,656.65,9326
2024-02-18,656.65,656.65,645.21,648.92,8915
2024-02-20,645.06,646.68,639.65,642.74,8422
2024-02-21,642.74,668.62,639.73,641.35,6180
2024-02-22,639.65,648.92,634.4,638.11,14704
2024-02-25,637.34,641.12,631.93,635.02,7357
2024-02-26,633.47,638.88,626.52,631.93,4696
2024-02-27,633.47,646.14,628.06,631.15,6285
2024-02-28,631.15,640.43,629.76,630.0,4269
2024-02-29,633.47,633.47,625.75,625.75,8676
2024-03-03,623.43,625.75,614.16,621.81,9532
2024-03-04,633.47,646.84,633.47,646.84,150
2024-03-05,659.74,659.74,629.61,635.56,7146
2024-03-06,635.02,644.29,625.75,636.56,6002
2024-03-07,647.38,647.38,638.26,639.11,2151
2024-03-10,641.2,660.51,637.34,651.24,7997
2024-03-12,664.22,675.58,657.42,675.19,13935
2024-03-13,675.96,679.98,668.24,672.1,10864
2024-03-14,660.51,672.1,656.65,660.51,9293
2024-03-17,667.46,671.33,660.51,660.51,6164
2024-03-18,669.01,669.78,647.3,652.79,5317
2024-03-19,652.79,679.05,652.79,660.51,10117
2024-03-20,672.87,685.62,659.89,667.46,40718
2024-03-21,675.19,688.32,656.65,660.51,14702
2024-03-25,656.65,656.65,645.37,648.15,11850
2024-03-26,652.79,656.65,642.28,646.61,6395
2024-03-27,652.79,652.79,639.81,639.81,7801
2024-03-28,647.38,648.15,641.2,645.06,6208
2024-03-31,648.92,656.65,633.47,641.2,12389
2024-04-01,645.06,645.06,620.34,628.14,18543
2024-04-02,633.4,639.65,627.29,630.38,14064
2024-04-03,641.12,641.12,628.84,635.02,16002
2024-04-04,624.2,664.37,624.2,641.43,23402
2024-04-07,641.2,653.56,635.02,645.06,17012
2024-04-09,645.14,651.24,635.09,635.87,14702
2024-04-10,641.2,641.2,630.38,634.24,10325
2024-04-14,635.79,639.27,628.84,637.34,10990
2024-04-15,624.74,644.44,624.74,632.78,6367
2024-04-16,626.91,633.47,626.75,627.37,8208
2024-04-18,625.75,627.29,618.02,619.57,8484
2024-04-21,618.02,625.75,617.64,618.02,8613
2024-04-22,627.29,627.29,617.25,617.25,8047
2024-04-24,626.52,626.52,617.64,618.02,7585
2024-04-25,614.93,624.2,610.3,613.39,13758
2024-04-28,613.39,624.9,613.39,618.02,6493
2024-04-29,618.02,621.88,614.16,617.25,5510
2024-04-30,613.39,625.59,613.39,618.56,17603
2024-05-02,629.61,641.2,628.06,629.61,22315
2024-05-05,641.2,641.2,621.88,621.88,25119
2024-05-06,614.93,633.47,612.61,613.77,19896
2024-05-07,615.7,635.02,615.32,625.59,43287
2024-05-08,625.75,641.2,618.02,618.02,33162
2024-05-09,628.84,632.47,624.2,624.97,18253
2024-05-12,624.97,624.97,615.7,619.57,14877
2024-05-13,625.75,630.38,618.02,618.02,14799
2024-05-14,618.02,637.34,618.02,631.93,19555
2024-05-15,638.88,643.36,626.75,626.83,22696
2024-05-16,638.49,648.46,628.45,641.2,45708
2024-05-19,654.02,654.02,633.7,645.06,29175
2024-05-20,652.79,652.79,638.96,641.2,40451
2024-05-21,645.06,645.06,637.41,641.51,19893
2024-05-22,646.22,646.22,637.64,641.2,20867
2024-05-26,654.02,654.02,633.55,637.41,25462
2024-05-27,641.2,652.79,635.79,641.2,22817
2024-05-29,654.02,654.02,631.93,634.24,19915
2024-05-30,630.0,636.56,625.9,626.52,14289
2024-06-02,626.52,628.84,621.96,626.52,16408
2024-06-03,635.02,635.02,626.67,633.47,12376
2024-06-04,628.06,639.65,628.06,635.02,15057
2024-06-05,640.43,640.97,629.61,632.7,12085
2024-06-06,632.7,645.83,631.93,636.56,28379
2024-06-09,649.23,649.23,633.47,633.55,17436
2024-06-10,626.06,637.34,626.06,631.93,22067
2024-06-11,642.97,642.97,635.02,635.56,15314
2024-06-12,636.56,644.06,635.79,638.18,17792
2024-06-13,644.91,644.91,634.4,637.34,23897
2024-06-16,641.12,641.12,624.97,628.14,16795
2024-06-18,624.97,636.41,624.43,629.61,12798
2024-06-19,630.0,632.7,625.82,627.29,10872
2024-06-20,638.11,638.11,626.13,626.52,8772
2024-06-23,624.59,629.61,621.88,621.96,10134
2024-06-24,629.61,629.61,621.11,624.2,8829
2024-06-25,623.43,627.06,623.43,624.97,7111
2024-06-26,624.2,626.52,622.04,622.04,7482
2024-06-27,621.88,623.43,619.18,619.64,12615
2024-06-30,619.57,624.97,614.93,614.93,11916
2024-07-01,614.93,619.1,614.93,618.02,7148
2024-07-02,630.38,646.61,624.2,624.2,10749
2024-07-03,619.18,625.75,614.39,622.66,15575
2024-07-04,625.75,629.61,621.88,623.43,14647
2024-07-07,623.43,631.93,623.43,627.37,19460
2024-07-08,632.7,632.7,625.9,629.61,16624
2024-07-09,627.37,641.12,625.05,637.49,16640
2024-07-10,650.24,652.79,637.34,648.92,26806
2024-07-11,656.65,660.51,648.92,652.55,26813
2024-07-14,665.53,699.91,655.1,661.28,21942
2024-07-15,673.64,674.49,656.65,659.51,33515
2024-07-16,656.73,672.64,654.41,671.94,26974
2024-07-17,679.82,687.47,672.1,686.0,35484
2024-07-18,699.14,714.59,685.23,701.45,55837
2024-07-21,715.28,723.09,701.45,717.68,44706
2024-07-22,722.31,725.4,714.59,717.68,48616
2024-07-23,714.9,730.04,714.9,728.49,54348
2024-07-24,732.74,740.08,718.45,723.86,47687
2024-07-25,737.76,764.65,723.86,760.17,113191
2024-07-28,775.31,799.57,732.36,784.12,85002
2024-07-29,799.57,799.57,753.29,758.62,78732
2024-07-30,773.76,773.76,743.17,763.64,52062
2024-07-31,777.94,777.94,763.26,767.12,51037
2024-08-01,781.72,784.04,765.65,765.96,58684
2024-08-05,766.35,772.3,760.94,769.44,44771
2024-08-06,769.44,780.25,753.45,753.99,92820
2024-08-07,741.63,767.12,741.63,760.17,55660
2024-08-08,764.8,768.66,753.21,756.3,41374
2024-08-11,768.66,784.12,761.02,780.25,83725
2024-08-12,795.86,849.78,795.86,811.93,89296
2024-08-13,824.29,844.37,797.25,811.08,69659
2024-08-14,826.6,826.6,799.72,810.15,78933
2024-08-15,818.11,821.97,807.29,815.02,79213
2024-08-18,822.74,853.64,815.02,818.88,112022
2024-08-21,835.1,835.1,818.03,818.03,58098
2024-08-22,833.56,833.56,813.7,819.65,40337
2024-08-25,818.88,849.01,791.84,815.09,97548
2024-08-27,815.79,818.88,778.71,780.25,66539
2024-08-28,787.98,799.57,772.68,777.16,52764
2024-08-29,766.35,772.53,751.67,753.99,48566
2024-09-01,751.67,769.05,746.49,749.35,27686
2024-09-02,749.35,780.1,743.17,773.3,27003
2024-09-03,786.43,786.43,764.8,769.44,31565
2024-09-04,778.71,779.4,748.04,750.12,32678
2024-09-05,745.49,765.57,734.06,757.08,35701
2024-09-08,756.3,766.81,745.49,754.76,24820
2024-09-09,755.53,755.53,740.08,741.63,20112
2024-09-10,745.49,771.52,730.58,733.9,17495
2024-09-11,733.9,733.9,722.31,723.16,20710
2024-09-12,723.01,733.9,717.68,731.58,28146
2024-09-15,735.45,744.72,719.22,720.77,24651
2024-09-16,733.82,733.82,701.15,706.09,27642
2024-09-18,704.54,706.09,678.51,693.65,30151
2024-09-22,707.48,710.73,693.65,693.88,13744
2024-09-23,693.5,693.73,681.45,682.14,11669
2024-09-24,682.14,692.18,678.12,678.28,12382
2024-09-25,687.55,691.41,675.96,686.7,15635
2024-09-26,691.41,696.82,678.36,679.05,9893
2024-09-29,675.19,687.55,673.26,687.55,7653
2024-09-30,694.42,699.06,687.55,699.06,8539
2024-10-01,711.42,714.43,697.59,714.43,18539
2024-10-02,723.09,723.09,707.09,712.19,14108
2024-10-06,706.86,718.45,706.09,718.45,12994
2024-10-07,722.31,730.04,722.31,727.72,10631
2024-10-08,733.9,734.6,722.31,724.63,10613
2024-10-09,731.58,739.0,719.22,736.22,11535
2024-10-15,743.17,743.94,737.76,737.76,5706
2024-10-16,738.92,750.05,738.54,746.26,11366
2024-10-17,742.55,753.21,741.63,746.26,16069
2024-10-20,733.9,746.18,733.9,737.84,19172
2024-10-21,730.04,732.36,720.92,720.92,16357
2024-10-22,714.12,726.18,714.12,723.86,7357
2024-10-23,726.18,732.36,720.38,721.54,4814
2024-10-24,714.74,720.77,713.82,715.36,5839
2024-10-27,715.36,715.36,703.0,707.56,11302
2024-10-28,697.67,725.71,697.67,723.86,7564
2024-10-29,715.51,733.9,715.51,728.8,7185
2024-10-30,727.18,733.13,714.82,729.11,13999
2024-11-05,738.54,738.54,723.47,723.55,2808
2024-11-06,719.22,733.13,719.22,720.77,3169
2024-11-10,720.77,729.27,720.77,729.27,8114
2024-11-11,737.76,745.49,731.35,733.9,16708
2024-11-12,748.42,748.58,726.25,726.25,17775
2024-11-13,721.54,733.9,719.22,723.86,5485
2024-11-14,732.36,733.9,720.0,732.36,17254
2024-11-17,738.54,746.26,732.36,745.49,39522
2024-11-19,760.4,760.4,733.98,741.63,28646
2024-11-20,743.94,744.72,730.04,734.67,12931
2024-11-21,748.5,748.5,722.31,722.31,31239
2024-11-24,736.76,736.76,718.45,722.24,13287
2024-11-25,715.36,725.02,715.36,721.54,6118
2024-11-26,735.83,735.83,721.54,729.03,7802
2024-11-27,741.55,741.55,730.04,733.75,36688
2024-11-28,733.9,733.9,724.09,728.49,11966
2024-12-01,719.22,725.33,715.36,717.68,24824
2024-12-02,731.97,760.17,726.18,729.27,41568
2024-12-03,743.17,743.17,724.63,730.04,19371
2024-12-04,744.64,744.64,724.32,729.27,11637
2024-12-05,722.78,730.04,720.23,720.92,11486
2024-12-08,720.07,725.4,712.27,713.82,19314
2024-12-09,714.59,718.45,706.86,709.72,23126
2024-12-10,720.92,726.18,702.3,710.73,17931
2024-12-11,722.24,722.24,708.41,712.27,9075
2024-12-12,712.27,721.46,712.27,713.04,30575
2024-12-16,710.73,721.54,708.41,710.65,19661
2024-12-17,713.04,716.91,704.0,714.59,16634
2024-12-18,726.18,726.18,712.27,716.91,8796
2024-12-19,722.31,722.31,707.02,709.95,19615
2024-12-22,712.27,717.68,707.02,715.67,14963
2024-12-23,721.46,721.46,707.02,713.82,9876
2024-12-24,717.68,722.31,713.04,717.68,15465
2024-12-26,715.28,721.54,713.58,717.14,13590
2024-12-29,717.68,725.33,716.13,723.09,25310
2024-12-31,726.18,729.27,713.04,713.04,65768
2025-01-01,713.35,714.31,705.47,708.97,8361
2025-01-02,694.79,722.1,694.79,704.6,8163
2025-01-05,701.97,704.51,696.72,701.88,10445
2025-01-06,694.97,713.35,694.97,705.91,11219
2025-01-07,695.84,713.26,695.84,709.76,8715
2025-01-08,709.76,723.94,709.76,719.47,13600
2025-01-09,705.12,729.1,705.12,722.1,17737
2025-01-12,722.1,735.23,714.22,717.72,8632
2025-01-13,704.6,722.1,704.6,709.85,11090
2025-01-15,704.6,717.72,704.6,713.35,4182
2025-01-16,719.47,719.47,706.35,706.35,9825
2025-01-19,701.18,708.1,700.22,708.1,8207
2025-01-20,710.2,719.47,703.98,707.92,12111
2025-01-21,720.35,720.35,703.72,707.13,7465
2025-01-22,708.97,715.1,704.68,715.1,7036
2025-01-23,729.37,729.37,708.97,711.6,8201
2025-01-26,717.72,724.73,702.84,705.47,7528
2025-01-27,708.97,719.56,701.27,704.6,10420
2025-01-28,690.59,715.1,690.59,702.84,10813
2025-02-02,715.97,721.84,703.81,720.35,32487
2025-02-03,706.0,736.98,706.0,729.54,20941
2025-02-04,731.73,743.89,720.35,721.23,16650
2025-02-05,720.35,734.7,714.22,720.35,11281
2025-02-06,720.35,730.85,717.72,718.6,9931
2025-02-09,726.48,730.85,719.47,721.23,13366
2025-02-10,715.97,735.23,715.97,726.48,11259
2025-02-11,726.48,735.23,723.15,724.73,7990
2025-02-12,735.23,735.23,726.48,726.48,7464
2025-02-13,730.85,739.52,718.16,721.23,10042
2025-02-16,722.1,722.1,708.97,715.1,21798
2025-02-17,729.1,743.89,715.1,726.48,18403
2025-02-18,711.95,738.73,711.95,725.6,23660
2025-02-20,722.1,735.23,722.1,726.48,20907
2025-02-23,726.48,730.85,722.1,726.48,13787
2025-02-24,726.56,734.27,724.03,726.39,11451
2025-02-25,726.48,729.89,722.19,728.93,11781
2025-02-27,743.11,757.11,730.85,735.23,18153
2025-03-02,743.98,771.99,739.61,751.77,18696
2025-03-03,766.56,766.56,749.23,761.49,27223
2025-03-04,746.26,765.86,746.26,758.77,20043
2025-03-05,758.69,758.77,735.23,741.36,26196
2025-03-06,743.11,752.65,737.86,740.48,7489
2025-03-09,751.86,751.86,725.16,736.98,15403
2025-03-10,722.98,744.86,722.98,727.53,16926
2025-03-11,727.53,729.98,719.91,722.1,13174
2025-03-12,713.35,722.1,713.35,718.6,8763
2025-03-16,726.48,726.48,713.35,717.64,9851
2025-03-17,722.1,722.1,715.97,715.97,17251
2025-03-18,701.71,722.1,701.71,710.98,24531
2025-03-19,701.18,715.01,701.18,708.1,9093
2025-03-20,708.1,713.35,705.03,706.06,10443
2025-03-23,691.99,708.1,691.99,695.04,29400
2025-03-24,688.93,700.13,683.68,697.62,7102
2025-03-25,692.34,697.86,683.59,684.88,19230
2025-03-26,684.46,696.72,684.46,687.17,12537
2025-03-27,700.13,700.13,689.8,696.54,7081
2025-03-30,710.46,710.46,696.72,698.72,21984
2025-04-01,709.85,709.85,698.47,699.0,19291
2025-04-02,708.88,708.88,697.59,700.63,7591
2025-04-03,713.35,713.35,695.84,698.4,12387
2025-04-07,698.4,700.22,689.72,690.01,17401
2025-04-08,683.68,695.75,683.68,690.49,10814
2025-04-09,699.34,704.07,692.43,698.06,3194
2025-04-10,704.6,704.6,695.84,699.29,12488
2025-04-13,691.47,711.6,691.47,699.89,6629
2025-04-15,699.34,708.1,698.47,700.25,6813
2025-04-16,704.6,711.6,696.19,699.17,17567
2025-04-17,708.97,708.97,696.89,706.28,11287
2025-04-20,708.97,716.76,705.47,705.96,5909
2025-04-21,708.97,711.6,691.9,709.31,17992
2025-04-22,713.35,722.1,710.72,711.35,13754
2025-04-23,711.35,715.1,697.59,697.91,7931
2025-04-24,708.97,708.97,691.47,691.69,12407
2025-04-27,692.34,703.72,691.55,693.61,10218
2025-04-28,694.09,699.34,686.21,687.27,18378
2025-04-29,687.27,691.47,687.09,688.1,11762
2025-04-30,688.05,698.91,683.68,684.67,8858
2025-05-04,694.09,694.09,684.64,685.12,7858
2025-05-05,697.59,708.88,685.34,688.85,8044
2025-05-06,701.97,701.97,682.89,687.33,22008
2025-05-07,687.96,707.92,683.59,702.73,15789
2025-05-08,696.72,704.6,692.34,700.09,17451
2025-05-11,688.84,701.09,688.84,699.92,8064
2025-05-13,712.47,712.47,693.3,694.0,9668
2025-05-14,700.22,706.96,688.84,692.82,4869
2025-05-15,695.84,701.09,692.34,698.46,33896
2025-05-18,708.1,708.1,694.97,699.95,37911
2025-05-19,706.78,706.78,694.97,696.4,8005
2025-05-20,689.37,707.13,689.37,702.19,14826
2025-05-21,713.35,720.35,697.77,700.32,18664
2025-05-22,712.47,713.79,696.81,710.12,25077
2025-05-25,724.29,724.29,709.41,715.33,24475
2025-05-26,729.63,729.63,706.43,707.14,18417
2025-05-27,706.35,708.97,696.89,701.93,6551
2025-05-28,704.6,708.88,697.59,701.68,11317
2025-06-02,701.97,714.14,700.22,702.68,16389
2025-06-03,700.39,702.84,700.22,700.36,19084
2025-06-04,700.36,700.36,692.43,696.33,9458
2025-06-05,693.22,706.17,693.22,693.43,7638
2025-06-08,693.43,699.87,687.35,691.38,15136
2025-06-09,687.96,695.75,687.09,691.8,7637
2025-06-10,689.72,700.22,689.72,694.44,10355
2025-06-11,700.83,700.83,694.44,696.31,13512
2025-06-12,704.51,704.51,696.02,696.34,16351
2025-06-15,704.6,708.01,691.73,694.74,14628
2025-06-16,695.84,764.11,687.09,697.46,20302
2025-06-17,708.1,708.88,691.47,691.82,26875
2025-06-18,704.6,704.6,690.59,691.71,19368
2025-06-19,687.61,700.04,687.61,689.34,14602
2025-06-22,686.3,696.72,683.68,685.28,17105
2025-06-23,687.09,691.38,682.71,686.47,16102
2025-06-24,695.75,695.75,687.09,688.77,9891
2025-06-25,695.84,695.84,683.59,687.38,7340
2025-06-26,687.09,692.34,687.09,689.1,7798
2025-06-29,690.59,700.22,689.8,695.77,9180
2025-06-30,708.97,708.97,695.84,700.52,10127
2025-07-01,700.22,708.97,700.22,706.14,17434
2025-07-02,713.35,716.85,705.47,709.09,24282
2025-07-03,715.1,715.1,704.68,709.04,11608
2025-07-06,709.85,713.17,697.59,708.93,12679
2025-07-07,707.22,710.72,701.09,704.23,15818
2025-07-08,701.53,708.97,701.53,705.98,10294
2025-07-09,716.85,718.6,704.6,710.8,19791
2025-07-10,717.72,722.89,709.23,718.04,63977
2025-07-13,732.34,774.62,732.34,746.16,101265
2025-07-14,761.05,761.05,735.23,738.93,48208
2025-07-15,752.74,768.75,735.23,745.93,74790
2025-07-16,756.24,785.65,750.11,774.1,221484
2025-07-17,786.87,802.19,776.37,796.39,89453
2025-07-20,812.25,814.0,791.25,796.81,163761
2025-07-21,812.69,859.69,789.5,827.38,168547
2025-07-22,843.85,874.4,843.85,865.38,184988
2025-07-23,865.38,866.52,840.61,855.94,106769
2025-07-24,870.9,870.9,836.06,839.79,107021
2025-07-27,839.39,853.39,832.39,840.29,158496
2025-07-28,832.82,840.26,818.38,832.84,107836
2025-07-29,840.26,865.65,840.26,848.56,92622
2025-07-30,840.26,853.39,818.38,821.7,143136
2025-07-31,836.76,836.76,807.88,816.29,101807
2025-08-03,808.75,809.63,778.99,784.58,89801
2025-08-04,792.12,812.25,776.28,800.51,53600
2025-08-05,803.5,809.63,789.5,793.89,28458
2025-08-06,804.38,805.25,783.37,798.82,38382
2025-08-07,809.63,809.63,799.12,804.25,37588
2025-08-11,807.0,811.29,787.75,788.27,34004
2025-08-12,792.12,792.12,772.87,774.73,27146
2025-08-13,790.2,790.2,765.86,768.6,22865
2025-08-14,770.24,778.12,766.39,769.32,14456
2025-08-17,769.8,775.49,760.79,761.44,25127
2025-08-18,760.79,765.86,760.79,762.47,19967
2025-08-19,775.49,775.49,766.74,770.49,21722
2025-08-20,759.3,774.44,759.3,766.5,12924
2025-08-21,765.86,773.74,764.11,768.98,13775
2025-08-24,774.62,790.11,771.99,775.33,38917
2025-08-25,790.81,822.67,790.81,816.14,155326
2025-08-26,821.88,832.39,818.38,825.3,90094
2025-08-27,835.71,835.71,819.26,821.74,50943
2025-08-28,819.08,822.76,803.59,805.37,51995
2025-08-31,800.96,805.25,787.75,791.95,37429
2025-09-01,793.0,807.0,787.75,803.45,32511
2025-09-02,814.0,814.0,789.5,792.72,10372
2025-09-03,807.88,807.88,786.0,787.68,15676
2025-09-04,800.88,800.88,782.49,787.17,23231
2025-09-07,799.12,799.12,784.25,786.61,17008
2025-09-08,802.28,802.28,769.19,771.9,37840
2025-09-18,756.5,756.5,710.9,711.6,1767
2025-09-21,711.6,778.99,711.6,766.84,43296
2025-09-23,778.99,788.62,772.87,787.75,22738
2025-09-24,778.99,787.75,774.62,781.44,22756
2025-09-25,792.12,792.12,775.49,786.87,11323
2025-09-28,791.25,793.87,783.37,791.25,18549
2025-10-07,775.58,783.28,761.49,779.87,13569
2025-10-08,795.45,795.45,753.61,761.49,28204
2025-10-09,776.72,796.5,761.75,775.23,29417
2025-10-12,759.74,761.49,739.61,748.53,32203
2025-10-13,739.78,758.86,738.73,757.11,19565
2025-10-14,748.36,759.74,745.91,748.36,10636
2025-10-15,763.24,763.33,736.37,741.36,7586
2025-10-16,741.27,756.15,730.85,756.15,13365
2025-10-19,771.2,771.2,743.98,752.74,6294
2025-10-26,738.82,748.36,735.23,739.69,6274
2025-10-28,744.16,756.67,744.16,754.75,9753
2025-10-29,756.24,768.23,752.74,753.61,7479
2025-10-30,768.67,768.67,744.25,752.74,12943
2025-11-02,767.79,767.79,752.82,765.86,16768
2025-11-03,778.99,778.99,757.99,763.24,14068
2025-11-04,764.99,778.12,754.75,758.86,8881
2025-11-05,759.74,759.74,751.95,759.74,5597
2025-11-06,762.36,765.86,753.0,758.86,9832
2025-11-09,761.49,761.49,750.11,750.11,12039
2025-11-10,750.11,754.49,743.98,746.0,10417
2025-11-11,759.74,759.74,743.11,747.48,4543
2025-11-12,752.74,759.74,743.98,750.98,25964
2025-11-13,757.02,757.11,742.67,743.98,14238
2025-11-16,745.73,748.36,735.4,736.11,13737
2025-11-17,726.74,743.98,726.74,739.61,8171
2025-11-18,751.86,751.86,726.48,726.48,28154
2025-11-19,740.48,745.73,735.32,739.87,5337
2025-11-20,751.86,751.86,736.89,740.48,9215
2025-11-23,750.98,761.49,748.88,752.65,7021
2025-11-24,767.61,767.61,751.86,764.9,9179
2025-11-25,770.15,770.15,760.61,762.8,15699
2025-11-26,769.37,774.62,763.24,771.12,13264
2025-11-27,778.99,778.99,769.37,771.12,17765
2025-11-30,783.28,783.28,761.49,764.11,13330
2025-12-01,765.86,770.24,759.91,764.99,11731
2025-12-02,774.62,774.62,761.49,764.11,12982
2025-12-03,773.74,773.74,761.49,763.24,12897
2025-12-07,763.24,766.74,762.8,762.89,8876
2025-12-08,763.24,763.24,757.2,758.86,14388
2025-12-09,755.8,765.86,755.8,760.7,4143
2025-12-10,765.86,765.86,759.74,760.61,3360
2025-12-11,767.18,767.61,759.74,760.61,3645
2025-12-14,762.36,775.4,762.36,768.58,20538
2025-12-15,770.24,772.87,763.41,771.99,11629
2025-12-16,777.24,782.49,777.24,782.49,16349
2025-12-17,784.25,784.25,779.61,779.87,16745
2025-12-18,777.24,781.62,771.29,781.53,14064
2025-12-21,786.87,786.87,774.88,780.74,15419
2025-12-22,775.49,778.91,775.49,775.58,16352
2025-12-23,778.99,778.99,770.24,771.99,52380
2025-12-24,775.0,775.0,756.6,762.0,34858
2025-12-28,765.0,777.0,765.0,775.0,22096
2025-12-29,790.0,790.0,774.0,775.5,15447
2025-12-31,784.9,784.9,775.0,776.9,13258
2026-01-01,784.9,784.9,774.0,776.0,6022
2026-01-04,764.0,778.0,764.0,770.1,7558
2026-01-05,767.0,771.0,762.3,771.0,13901
2026-01-06,771.0,780.0,770.1,772.0,10709
2026-01-07,777.0,779.0,769.1,773.6,9007
2026-01-08,770.0,781.0,765.0,781.0,11767
2026-01-12,789.0,789.0,768.3,771.1,11662
2026-01-13,770.0,775.0,768.1,773.0,9089
2026-01-14,781.0,781.0,765.4,771.0,12054
2026-01-18,780.1,786.4,776.1,779.0,13139
2026-01-20,789.0,799.8,785.0,790.0,23822
2026-01-21,785.0,795.0,781.2,791.0,19326
2026-01-22,800.0,800.0,784.0,793.0,11059
2026-01-25,800.0,804.0,790.0,796.0,17265
2026-01-26,800.0,800.0,792.0,792.0,11596
2026-01-27,793.0,797.0,783.0,783.0,18800
2026-01-28,772.0,788.0,772.0,775.0,10476
2026-01-29,785.0,785.0,773.0,782.0,7992
2026-02-01,794.0,794.0,776.0,777.3,11425
2026-02-02,790.0,790.0,762.0,770.0,18470
2026-02-03,765.0,771.0,760.3,764.4,14053
2026-02-04,765.3,776.0,758.0,760.1,14924
2026-02-05,764.0,766.0,758.6,761.1,21226
2026-02-08,767.0,774.0,761.5,761.5,20356
2026-02-09,772.0,772.0,755.0,759.0,19597
2026-02-10,752.7,768.0,752.7,762.5,3949
2026-02-11,774.0,774.0,760.2,762.9,14901
2026-02-12,765.0,770.0,762.0,763.5,27913
2026-02-16,762.0,770.0,759.0,761.3,12189
2026-02-17,765.0,765.0,756.0,756.0,15366
2026-02-22,760.0,766.0,752.0,756.0,16023
2026-02-23,756.0,763.0,755.1,756.0,9440
2026-02-24,757.0,766.5,755.1,766.5,8318
2026-02-25,766.5,775.0,760.0,761.2,12025
2026-02-26,761.0,770.0,757.0,764.0,7891
2026-03-01,756.0,786.0,756.0,765.0,23243
2026-03-03,770.0,785.0,759.0,781.0,26587
2026-03-09,796.6,812.0,796.6,812.0,564
2026-03-10,828.0,828.0,795.0,810.0,65247
2026-03-11,810.0,814.0,794.0,797.0,15006
2026-03-12,792.0,806.0,792.0,798.0,17844
2026-03-15,805.0,805.0,795.0,798.6,12821
2026-03-16,798.0,798.0,792.5,792.6,17836
2026-03-17,791.0,795.0,785.0,789.0,16009
2026-03-19,799.0,810.0,793.0,799.0,19249
2026-03-22,800.1,830.1,800.1,826.0,54052
2026-03-23,829.0,833.0,811.1,815.6,35621
2026-03-24,812.1,820.0,806.5,809.9,27326
2026-03-25,810.0,817.0,801.1,802.0,27880
2026-03-26,802.0,806.0,798.4,803.5,25683
2026-03-29,815.0,815.0,790.3,794.0,39570
2026-03-30,789.0,794.7,777.0,778.0,27245
2026-03-31,777.0,791.0,771.1,777.4,32761
2026-04-01,775.0,780.0,768.2,770.0,36899
2026-04-02,768.0,780.0,760.0,771.9,20720
2026-04-05,772.0,772.0,756.0,756.6,40004
2026-04-06,750.1,778.0,750.0,769.0,30225
2026-04-07,783.0,783.0,765.4,768.9,11545
2026-04-08,761.4,776.0,761.4,776.0,19275
2026-04-09,785.0,785.0,770.0,780.0,26598
2026-04-10,780.0,780.0,771.2,774.0,12147
2026-04-13,774.0,778.0,770.0,772.0,10189
2026-04-15,780.0,787.3,774.2,778.7,12567
2026-04-16,778.0,779.9,770.0,774.0,9910
2026-04-17,774.0,774.0,766.6,772.0,5038
2026-04-20,772.0,773.9,768.5,770.1,9929
2026-04-21,770.0,778.5,765.5,769.0,8701
2026-04-22,807.4,807.4,760.6,774.0,11073
2026-04-23,776.0,822.0,760.5,772.0,15376
2026-04-24,761.0,769.5,761.0,768.9,9620
2026-04-27,770.0,771.0,765.1,768.5,2974
2026-04-28,785.0,832.0,762.3,765.0,14803
2026-04-29,765.0,769.0,760.0,761.0,9385
2026-04-30,761.0,762.0,756.1,760.0,11251
2026-05-04,760.0,768.0,755.0,758.0,10575
2026-05-05,751.1,759.9,750.0,756.0,15475
2026-05-06,757.0,768.9,756.0,762.0,6319
2026-05-07,762.1,763.0,750.1,762.8,12217
2026-05-08,770.0,770.0,765.0,769.0,7921
2026-05-11,775.0,780.0,765.0,779.9,10831
2026-05-12,784.0,784.9,770.0,773.8,9144
2026-05-13,770.0,770.0,764.1,770.0,4658
2026-05-14,775.0,775.0,762.3,765.0,8307
2026-05-15,765.0,768.8,760.0,766.0,11166
2026-05-18,756.0,778.0,755.0,769.0,15070
2026-05-19,755.0,774.0,755.0,765.0,7005
2026-05-20,765.9,770.0,760.0,769.0,7405
2026-05-21,772.0,772.0,764.0,765.0,4675
2026-05-22,765.0,773.0,762.0,765.0,6356
2026-05-25,770.0,775.0,765.0,771.0,23660
2026-05-26,777.0,777.0,767.3,769.0,6556
2026-05-27,767.3,776.0,767.1,770.0,7661
2026-06-01,780.0,780.0,765.1,768.0,3719
2026-06-02,755.0,770.0,755.0,769.8,10585
2026-06-03,777.0,779.6,765.0,768.0,5553
2026-06-04,768.0,774.9,763.0,767.0,5317
2026-06-05,775.0,775.0,764.0,765.8,4189
2026-06-08,765.0,768.0,761.0,762.0,12993
2026-06-09,760.0,767.5,760.0,762.5,14602
2026-06-10,769.0,769.4,760.0,768.6,18034
2026-06-11,782.8,782.8,760.1,764.0,4899
2026-06-12,757.0,771.5,757.0,765.0,16111
2026-06-15,765.0,765.0,762.0,764.0,10047
2026-06-16,762.2,764.0,762.0,763.0,10859
2026-06-17,765.0,768.0,760.0,761.0,7231
2026-06-18,760.1,763.0,759.1,759.8,5116
2026-06-19,760.0,760.9,758.0,760.0,20661
2026-06-22,761.1,763.8,755.0,759.0,13930
2026-06-23,760.0,760.0,755.4,757.5,29039
2026-06-24,757.5,765.0,749.5,756.8,15361
2026-06-25,751.0,761.8,751.0,758.9,10903
2026-06-26,760.0,760.0,750.5,752.0,12823
2026-06-29,755.0,755.0,750.0,751.0,7296
2026-06-30,751.0,759.0,745.0,748.0,14427
2026-07-01,751.0,755.0,748.0,752.0,5173
2026-07-02,751.5,758.0,748.0,752.9,13105
2026-07-03,754.0,755.9,749.0,751.0,16576
2026-07-06,755.0,755.0,747.3,749.0,12088
2026-07-07,753.0,754.5,745.0,751.0,35157
2026-07-08,745.1,749.9,741.0,744.2,11241
2026-07-09,749.0,750.0,741.4,743.0,9757
2026-07-10,745.0,754.9,742.1,746.0,22695
2026-07-13,746.0,756.8,740.2,744.0,24433
2026-07-14,742.1,746.9,740.0,745.0,20634
2026-07-15,755.0,756.0,745.0,745.0,15390
2026-07-16,745.0,752.0,745.0,751.9,14872
2026-07-17,758.0,764.0,757.0,763.8,5098
2026-07-20,760.0,766.0,756.5,765.0,7794
2026-07-21,775.0,778.8,761.1,769.0,7696
2026-07-22,769.0,770.2,763.0,767.5,2377
2026-07-23,762.0,770.0,760.0,767.0,6698
2026-07-24,760.1,771.0,760.1,766.0,9366
2026-07-27,770.1,771.0,762.0,765.0,10866
2026-07-28,765.0,765.0,755.1,761.0,4245
2026-07-29,768.0,768.0,758.0,758.0,5455
2026-07-30,769.0,769.0,751.6,757.9,7715
2026-07-31,768.0,768.0,751.6,757.0,7076
2026-08-03,757.0,761.1,756.5,759.1,14511
2026-08-04,765.0,765.0,752.1,753.3,4048
2026-08-05,765.0,765.0,750.0,752.0,9107
2026-08-06,755.0,755.0,750.3,750.5,6771
2026-08-07,752.0,752.0,747.0,749.9,5056
2026-08-10,753.9,753.9,743.0,747.0,8895
2026-08-11,745.0,749.9,744.0,747.1,8975
2026-08-12,750.0,753.9,744.2,746.2,5261
2026-08-13,755.0,755.0,744.1,746.7,4097
2026-08-14,749.8,749.8,744.9,749.8,9853
2026-08-17,748.0,750.0,748.0,749.9,11109
2026-08-18,747.0,753.0,747.0,753.0,12776
2026-08-19,760.0,760.0,741.3,748.0,17757
2026-08-20,755.0,755.0,747.1,750.0,8931
2026-08-21,750.0,754.9,750.0,751.5,11764
2026-08-24,750.1,750.1,745.1,746.0,6549
2026-08-25,754.9,755.5,746.0,746.0,6480
2026-08-26,745.0,748.0,739.1,740.0,15050
2026-08-27,740.0,745.0,739.1,742.5,2334
2026-08-31,740.2,743.9,735.0,741.6,6986
2026-09-01,741.0,743.0,737.0,741.0,4981
2026-09-02,747.9,748.0,738.0,741.0,5788
2026-09-03,741.0,745.0,740.0,741.0,7787
