timestamp,open,high,low,close,volume
2013-06-19,41.4,22.74,22.74,22.74,50
2013-06-20,22.74,23.01,22.79,23.01,314
2013-06-23,23.01,23.29,23.06,23.29,1886
2013-06-24,23.29,23.61,23.34,23.61,1552
2013-06-25,23.61,23.96,23.43,23.79,2375
2013-06-26,23.79,23.96,23.96,23.96,10
2013-06-27,23.96,23.89,23.57,23.57,1314
2013-06-30,23.57,23.5,23.25,23.25,438
2013-07-01,23.25,23.25,23.2,23.22,275
2013-07-02,23.22,23.38,23.27,23.31,212
2013-07-03,23.31,23.33,23.22,23.33,195
2013-07-04,23.33,23.33,23.27,23.33,356
2013-07-07,23.33,23.64,23.38,23.64,477
2013-07-08,23.64,23.72,23.57,23.64,247
2013-07-09,23.64,23.79,23.68,23.79,441
2013-07-10,23.79,23.84,23.75,23.79,505
2013-07-11,23.79,24.16,23.72,24.16,887
2013-07-14,24.16,24.21,24.14,24.14,404
2013-07-15,24.14,24.35,24.14,24.26,386
2013-07-16,24.26,24.41,24.19,24.41,666
2013-07-17,24.41,24.78,24.44,24.78,1245
2013-07-21,24.78,24.99,24.46,24.99,188
2013-07-22,24.99,25.08,24.81,25.08,743
2013-07-23,25.08,25.35,25.08,25.35,192
2013-07-24,25.35,25.24,25.17,25.17,118
2013-07-25,25.17,25.35,25.17,25.26,584
2013-07-28,25.26,25.35,25.26,25.27,90
2013-07-29,25.27,25.45,25.31,25.42,1607
2013-07-30,25.42,25.52,25.31,25.43,950
2013-07-31,25.43,25.47,25.47,25.47,18
2013-08-01,25.47,25.52,25.42,25.42,108
2013-08-04,25.42,25.43,25.36,25.36,106
2013-08-05,25.36,25.47,25.36,25.36,170
2013-08-06,25.36,25.35,25.26,25.35,530
2013-08-07,25.35,25.35,25.31,25.31,30
2013-08-08,25.31,25.4,25.35,25.4,277
2013-08-11,25.4,25.31,25.31,25.31,48
2013-08-12,25.31,25.5,25.27,25.27,476
2013-08-13,25.27,25.52,25.35,25.43,236
2013-08-14,25.43,25.58,25.36,25.58,554
2013-08-15,25.58,26.12,25.49,26.12,319
2013-08-18,26.12,26.73,26.16,26.51,932
2013-08-19,26.51,26.8,26.55,26.55,331
2013-08-20,26.55,26.69,26.32,26.41,1589
2013-08-25,26.41,26.32,26.28,26.32,212
2013-08-26,26.32,26.41,26.32,26.41,54
2013-08-27,26.41,26.57,26.44,26.44,863
2013-09-01,26.44,26.32,26.2,26.2,56
2013-09-03,26.2,26.35,26.23,26.35,475
2013-09-10,26.35,26.35,26.23,26.35,60
2013-09-11,26.35,26.35,26.23,26.35,40
2013-09-12,26.35,26.23,26.11,26.11,79
2013-09-15,26.11,26.0,25.58,25.73,776
2013-09-16,25.73,25.63,25.63,25.63,75
2013-09-17,25.63,25.63,25.52,25.61,171
2013-09-19,25.61,25.72,25.61,25.61,456
2013-09-22,25.61,25.5,25.5,25.5,44
2013-09-23,25.5,25.61,25.52,25.61,20
2013-09-25,25.61,25.63,25.52,25.63,53
2013-09-26,25.63,25.65,25.54,25.65,63
2013-09-30,25.65,25.54,25.54,25.54,89
2013-10-01,25.54,25.43,25.43,25.43,10
2013-10-03,25.43,25.43,25.43,25.43,10
2013-10-09,25.43,25.97,25.54,25.97,80
2013-10-10,25.97,26.18,26.07,26.14,248
2013-10-17,26.14,26.04,25.93,25.93,60
2013-10-21,25.93,26.14,26.04,26.14,52
2013-10-22,26.14,26.35,26.23,26.35,325
2013-10-23,26.35,26.6,26.43,26.5,556
2013-10-24,26.5,26.62,26.62,26.62,64
2013-10-28,26.62,26.62,26.37,26.37,188
2013-10-29,26.37,26.34,26.28,26.34,62
2013-10-30,26.34,26.23,26.14,26.14,126
2013-10-31,26.14,26.25,26.14,26.14,100
2013-11-07,26.14,26.5,26.25,26.37,85
2013-11-10,26.37,26.62,26.5,26.5,108
2013-11-11,26.5,26.87,26.5,26.87,353
2013-11-12,26.87,27.4,26.99,27.4,268
2013-11-13,27.4,27.38,27.29,27.29,162
2013-11-14,27.29,27.98,27.29,27.98,2105
2013-11-21,27.98,28.29,28.13,28.29,20
2013-11-24,28.29,28.61,28.45,28.61,20
2013-11-26,28.61,28.92,28.76,28.92,68
2013-11-28,28.92,29.1,29.1,29.1,49
2013-12-01,29.1,29.46,29.1,29.46,290
2013-12-02,29.46,30.2,29.46,30.2,51
2013-12-03,30.2,31.0,30.39,31.0,50
2013-12-04,31.0,31.85,31.19,31.85,324
2013-12-05,31.85,32.54,32.08,32.54,30
2013-12-09,32.54,33.03,32.29,33.03,886
2013-12-10,33.03,34.06,33.28,34.06,151
2013-12-11,34.06,34.2,34.17,34.17,62
2013-12-12,34.17,33.9,33.64,33.64,244
2013-12-15,33.64,33.67,33.41,33.67,64
2014-01-12,33.67,33.94,33.94,33.94,19
2014-01-13,33.94,33.94,33.94,33.94,13
2014-01-14,33.94,34.49,33.94,34.49,114
2014-01-16,34.49,34.77,34.49,34.5,299
2014-01-21,34.5,35.94,34.79,35.94,500
2014-01-22,35.94,35.64,35.34,35.34,20
2014-01-23,35.34,35.04,35.04,35.04,10
2014-01-28,35.04,34.84,34.47,34.47,629
2014-01-29,34.47,34.2,33.65,33.76,273
2014-02-02,33.76,34.03,34.01,34.03,20
2014-02-03,34.03,35.43,34.29,35.43,60
2014-02-04,35.43,35.73,35.13,35.53,360
2014-02-05,35.53,36.13,35.53,35.98,178
2014-02-06,35.98,35.98,35.66,35.66,130
2014-02-09,35.66,35.66,35.36,35.66,23
2014-02-10,35.66,36.58,35.96,36.58,106
2014-02-11,36.58,37.89,36.9,37.55,313
2014-02-12,37.55,38.1,37.75,38.1,263
2014-02-13,38.1,39.55,38.46,39.52,105
2014-02-16,39.52,39.87,39.43,39.43,396
2014-02-17,39.43,40.58,39.8,40.58,149
2014-02-18,40.58,40.99,40.99,40.99,59
2014-02-20,40.99,41.82,41.4,41.82,30
2014-02-23,41.82,42.25,41.82,42.25,80
2014-02-24,42.25,41.82,41.47,41.47,80
2014-02-25,41.47,41.56,41.56,41.56,30
2014-02-26,41.56,41.47,41.47,41.47,100
2014-03-03,41.47,41.04,40.53,40.53,154
2014-03-04,40.53,40.12,38.49,38.49,192
2014-03-05,38.49,38.14,37.75,37.76,205
2014-03-06,37.76,37.84,37.48,37.84,395
2014-03-09,37.84,38.46,37.75,38.46,230
2014-03-10,38.46,38.81,38.46,38.47,402
2014-03-11,38.47,38.47,37.76,38.12,331
2014-03-12,38.12,38.81,38.19,38.81,132
2014-03-13,38.81,39.16,38.81,38.81,292
2014-03-17,38.81,38.44,37.39,37.39,115
2014-03-18,37.39,37.75,37.48,37.48,102
2014-03-19,37.48,38.53,37.75,38.17,181
2014-03-20,38.17,37.84,37.75,37.84,182
2014-03-23,37.84,37.48,37.14,37.3,120
2014-03-24,37.3,37.73,37.3,37.73,107
2014-03-26,37.73,37.48,37.48,37.48,20
2014-03-31,37.48,38.17,37.8,38.17,78
2014-04-01,38.17,39.98,38.53,39.98,264
2014-04-02,39.98,41.96,40.37,41.96,800
2014-04-03,41.96,42.27,42.27,42.27,10
2014-04-10,42.27,42.25,41.82,42.25,151
2014-04-16,42.25,42.27,41.8,42.27,70
2014-04-20,42.27,42.0,41.29,41.29,167
2014-04-22,41.29,40.87,40.46,40.46,142
2014-04-23,40.46,41.86,39.87,41.86,610
2014-04-28,41.86,41.43,41.01,41.41,40
2014-04-29,41.41,41.27,40.99,41.27,34
2014-04-30,41.27,40.94,40.46,40.87,271
2014-05-04,40.87,42.11,40.87,42.11,236
2014-05-05,42.11,43.42,42.53,43.42,52
2014-05-06,43.42,43.77,42.0,42.0,717
2014-05-07,42.0,41.65,41.29,41.65,569
2014-05-08,41.65,41.22,41.22,41.22,20
2014-05-11,41.22,40.81,40.81,40.81,150
2014-05-12,40.81,41.63,41.22,41.56,126
2014-05-13,41.56,41.56,40.72,40.72,122
2014-05-15,40.72,40.76,40.14,40.14,221
2014-05-18,40.14,40.58,40.53,40.58,166
2014-05-19,40.58,40.58,40.32,40.32,306
2014-05-20,40.32,41.52,40.32,41.52,564
2014-05-21,41.52,41.89,41.47,41.89,110
2014-05-22,41.89,41.82,41.4,41.4,570
2014-05-27,41.4,41.29,41.29,41.29,98
2014-05-28,41.29,41.72,41.47,41.47,123
2014-06-01,41.47,41.47,41.11,41.2,31
2014-06-02,41.2,41.47,41.47,41.47,160
2014-06-03,41.47,41.89,41.65,41.89,286
2014-06-04,41.89,41.47,41.47,41.47,540
2014-06-05,41.47,41.04,40.64,40.64,31
2014-06-08,40.64,40.23,40.23,40.23,10
2014-06-09,40.23,40.62,39.84,40.62,99
2014-06-16,40.62,40.94,40.58,40.94,200
2014-06-17,40.94,41.34,41.34,41.34,10
2014-06-23,41.34,41.34,41.34,41.34,44
2014-06-24,41.34,41.89,41.47,41.66,214
2014-06-25,41.66,42.09,41.82,41.82,476
2014-06-29,41.82,42.25,41.84,42.25,41
2014-06-30,42.25,43.42,42.53,43.42,160
2014-07-01,43.42,44.5,43.59,44.48,784
2014-07-02,44.48,44.94,44.66,44.66,86
2014-07-06,44.66,44.83,44.83,44.83,100
2014-07-07,44.83,44.39,44.39,44.39,50
2014-07-09,44.39,45.01,44.83,44.83,597
2014-07-10,44.83,45.33,44.85,44.85,150
2014-07-14,44.85,45.63,44.85,44.85,150
2014-07-15,44.85,44.85,44.85,44.85,254
2014-07-16,44.85,45.35,45.35,45.35,70
2014-07-17,45.35,47.86,45.84,47.86,109
2014-07-20,47.86,50.65,48.41,50.65,200
2014-07-21,50.65,52.49,51.12,52.49,333
2014-07-23,52.49,52.28,50.5,50.5,132
2014-07-24,50.5,51.07,49.9,51.07,98
2014-07-27,51.07,51.04,50.86,51.04,338
2014-07-30,51.04,51.04,50.95,51.02,124
2014-07-31,51.02,51.74,50.59,50.59,65
2014-08-03,50.59,51.04,51.04,51.04,18
2014-08-04,51.04,51.39,50.77,50.77,50
2014-08-05,50.77,50.68,50.68,50.68,10
2014-08-06,50.68,51.04,51.04,51.04,52
2014-08-07,51.04,51.66,50.86,51.57,453
2014-08-12,51.57,50.96,50.96,50.96,88
2014-08-14,50.96,51.57,51.04,51.57,28
2014-08-19,51.57,51.04,51.04,51.04,10
2014-08-21,51.04,50.42,50.42,50.42,108
2014-08-24,50.42,50.5,49.97,49.97,345
2014-08-27,49.97,50.42,50.42,50.42,40
2014-08-28,50.42,51.02,50.42,50.42,37
2014-08-31,50.42,50.15,49.09,49.09,232
2014-09-01,49.09,49.26,49.26,49.26,200
2014-09-03,49.26,48.68,48.11,48.11,127
2014-09-04,48.11,47.56,45.97,46.16,831
2014-09-07,46.16,46.15,45.65,46.15,448
2014-09-09,46.15,48.18,45.63,48.18,668
2014-09-10,48.18,50.98,48.73,50.98,80
2014-09-11,50.98,54.06,51.58,54.06,2269
2014-09-15,57.47,60.96,57.86,59.36,1629
2014-09-16,59.36,60.87,59.36,59.72,1913
2014-09-17,59.72,59.89,59.01,59.01,356
2014-09-21,59.01,58.74,58.74,58.74,100
2014-09-22,58.74,59.01,58.74,58.76,202
2014-09-24,58.76,58.0,57.25,57.25,120
2014-09-28,57.25,57.25,57.24,57.25,22
2014-09-29,57.25,57.25,57.25,57.25,154
2014-10-08,57.25,57.59,57.59,57.59,10
2014-10-09,57.59,57.59,57.59,57.59,195
2014-10-12,57.59,57.24,55.82,56.53,120
2014-10-13,56.53,56.08,55.46,55.46,171
2014-10-15,55.46,56.17,55.82,56.17,275
2014-10-16,56.17,56.08,56.08,56.08,10
2014-10-20,56.08,59.68,56.79,59.68,1334
2014-10-21,59.68,62.11,59.68,62.02,1440
2014-10-22,62.01,62.01,62.01,62.01,44
2014-10-27,62.01,62.85,62.85,62.85,40
2014-11-02,62.85,63.03,63.03,63.03,30
2014-11-03,63.03,62.94,62.94,62.94,50
2014-11-12,62.94,62.94,62.94,62.94,14
2014-11-13,62.94,63.14,62.64,62.91,143
2014-11-17,62.91,63.77,63.77,63.77,10
2014-11-18,63.77,62.91,62.91,62.91,24
2014-11-24,62.91,62.69,62.69,62.69,30
2014-12-09,62.69,61.85,61.02,61.02,298
2014-12-16,61.02,61.83,61.83,61.83,13
2014-12-17,61.83,63.5,62.66,63.5,20
2014-12-18,63.5,64.04,64.04,64.04,90
2014-12-21,64.04,64.04,63.16,63.16,368
2014-12-24,63.16,63.48,63.16,63.48,110
2014-12-28,63.48,63.7,62.91,63.36,330
2014-12-29,63.36,63.36,63.36,63.36,413
2015-01-04,63.36,66.89,64.22,66.19,269
2015-01-05,66.19,68.1,67.09,68.1,257
2015-01-07,68.1,69.68,69.05,69.68,20
2015-01-08,69.68,71.94,70.68,71.94,224
2015-01-11,71.94,74.15,72.82,74.13,338
2015-01-12,74.13,73.07,73.07,73.07,11
2015-01-13,73.07,73.07,73.07,73.07,62
2015-01-14,73.07,72.03,72.03,72.03,44
2015-01-18,72.03,74.13,73.07,73.97,208
2015-01-19,73.97,75.03,73.97,74.2,296
2015-01-20,74.2,75.1,73.11,75.1,164
2015-01-25,75.1,75.06,72.96,74.2,433
2015-01-26,74.2,73.3,73.3,73.3,90
2015-01-27,73.3,74.42,73.97,74.42,146
2015-01-28,74.42,73.34,73.34,73.34,104
2015-01-29,73.34,74.2,74.18,74.2,154
2015-02-01,74.2,73.97,73.97,73.97,25
2015-02-02,73.97,74.65,74.2,74.2,44
2015-02-04,74.2,73.25,73.25,73.25,47
2015-02-05,73.25,74.99,74.2,74.99,316
2015-02-08,74.99,74.31,73.9,74.2,243
2015-02-09,74.2,74.2,74.2,74.2,210
2015-02-10,74.2,75.26,74.2,74.2,717
2015-02-11,74.2,76.36,75.1,76.36,283
2015-02-12,76.36,78.49,77.36,77.36,695
2015-02-15,77.36,77.58,76.46,77.58,138
2015-02-16,77.58,78.49,77.85,78.49,233
2015-02-19,78.49,77.36,76.46,76.46,389
2015-02-23,76.46,77.47,77.13,77.13,105
2015-02-24,77.13,77.58,76.46,76.91,325
2015-02-25,76.91,77.36,76.91,77.36,38
2015-03-01,78.04,78.71,78.71,78.71,20
2015-03-03,78.71,79.62,79.5,79.57,188
2015-03-04,79.57,78.4,78.4,78.4,26
2015-03-09,78.4,79.16,78.71,79.16,306
2015-03-11,79.16,79.16,79.16,79.16,200
2015-03-12,79.16,79.62,79.28,79.62,70
2015-03-16,79.62,79.84,79.84,79.84,125
2015-03-17,79.84,80.29,79.1,79.1,29
2015-03-19,79.1,80.07,80.07,80.07,50
2015-03-22,80.07,80.56,79.39,80.56,72
2015-03-23,80.56,80.97,80.97,80.97,13
2015-03-24,80.97,82.77,81.42,82.77,262
2015-03-25,82.77,83.23,82.1,82.1,313
2015-03-26,82.1,83.23,82.98,82.98,64
2015-03-30,82.98,81.76,81.76,81.76,20
2015-03-31,81.76,80.54,80.52,80.52,96
2015-04-01,80.52,79.32,79.32,79.32,44
2015-04-05,79.32,78.26,78.26,78.26,37
2015-04-06,78.26,77.58,77.58,77.58,31
2015-04-07,77.58,76.46,76.46,76.46,68
2015-04-08,76.46,78.37,77.58,78.31,268
2015-04-16,78.31,77.58,77.58,77.58,118
2015-04-19,77.58,78.71,78.71,78.71,100
2015-05-31,78.71,77.54,77.54,77.54,10
2015-06-01,77.54,76.41,75.3,75.3,20
2015-06-02,75.3,74.22,69.8,69.8,203
2015-06-03,69.8,70.25,70.25,70.25,10
2015-06-10,70.25,75.26,71.24,75.26,50
2015-06-11,75.26,80.77,76.34,80.77,618
2015-06-14,80.79,87.06,82.01,87.06,186
2015-06-15,87.06,91.26,88.42,91.26,187
2015-06-16,91.26,94.2,90.0,90.13,590
2015-06-17,90.13,90.22,90.0,90.0,298
2015-06-23,90.45,90.45,90.45,90.45,100
2015-06-24,91.35,91.35,91.35,91.35,30
2015-06-25,91.35,91.35,90.72,91.31,159
2015-06-28,90.0,91.35,88.6,88.6,131
2015-06-30,88.87,90.0,88.87,90.0,171
2015-07-01,90.9,90.9,89.14,89.14,313
2015-07-02,88.87,90.27,88.87,90.27,87
2015-07-05,90.67,93.61,90.67,90.9,626
2015-07-06,90.0,90.0,90.0,90.0,69
2015-07-07,90.0,92.34,90.0,92.25,401
2015-07-08,93.74,93.74,93.61,93.61,143
2015-07-09,93.61,93.83,93.61,93.83,184
2015-07-13,93.83,93.83,93.83,93.83,310
2015-07-14,94.96,94.96,93.43,93.43,397
2015-07-15,94.06,94.06,94.06,94.06,100
2015-07-16,94.06,95.19,95.19,95.19,213
2015-07-22,96.72,99.3,96.72,99.3,467
2015-07-23,99.3,102.95,100.92,102.95,262
2015-07-27,102.95,103.54,103.09,103.54,29
2015-07-28,103.54,101.82,96.99,96.99,280
2015-07-29,96.99,95.41,95.41,95.41,30
2015-08-05,95.41,93.88,92.48,92.48,276
2015-08-06,92.48,93.97,92.48,93.97,488
2015-08-09,93.97,96.72,94.96,94.96,630
2015-08-10,94.96,100.11,95.41,100.11,822
2015-08-11,100.11,101.73,100.06,101.73,908
2015-08-12,101.28,101.28,100.65,100.65,103
2015-08-13,102.28,102.28,102.28,102.28,40
2015-08-16,103.09,103.09,103.09,103.09,50
2015-08-17,101.73,101.73,101.73,101.73,28
2015-08-20,103.09,104.76,103.09,103.54,795
2015-08-24,105.25,109.77,103.99,109.77,398
2015-08-26,108.05,108.05,108.05,108.05,70
2015-08-31,108.96,108.96,108.96,108.96,295
2015-09-03,107.15,107.15,107.15,107.15,10
2015-09-06,106.92,106.92,106.92,106.92,20
2015-09-07,106.92,106.92,101.73,101.73,325
2015-09-08,102.23,102.28,101.51,102.19,588
2015-09-09,100.61,100.61,100.61,100.61,131
2015-09-13,102.19,105.34,102.19,105.34,450
2015-09-14,103.99,103.99,103.99,103.99,49
2015-09-15,105.71,112.52,105.71,112.52,177
2015-09-16,111.66,111.71,111.66,111.66,288
2015-09-17,110.76,111.44,110.31,110.36,731
2015-09-23,110.31,110.31,109.41,109.41,204
2015-09-24,108.05,108.05,108.05,108.05,118
2015-09-28,106.47,106.47,105.8,105.8,97
2015-09-29,104.89,104.89,104.89,104.89,271
2015-09-30,105.8,108.37,105.8,108.37,171
2015-10-01,108.6,109.41,108.6,109.41,144
2015-10-05,111.21,111.21,109.41,109.63,153
2015-10-06,108.05,108.05,107.65,107.65,50
2015-10-14,108.05,108.05,108.05,108.05,39
2015-10-15,108.05,110.31,108.05,108.96,708
2015-10-27,107.15,107.15,105.39,105.39,114
2015-10-29,105.39,105.39,103.99,103.99,80
2015-11-02,103.54,103.54,102.28,102.28,290
2015-11-08,100.61,100.61,100.61,100.61,41
2015-11-09,102.23,103.9,102.23,103.86,210
2015-11-10,105.62,107.33,105.62,107.33,200
2015-11-18,109.09,109.63,107.83,107.83,311
2015-11-19,109.59,109.59,109.54,109.59,144
2015-11-23,107.78,107.78,107.15,107.15,69
2015-11-24,108.05,108.05,107.6,107.6,352
2015-11-26,105.84,105.84,105.84,105.84,50
2015-11-29,104.71,104.71,101.73,101.78,1074
2015-11-30,101.73,107.29,101.73,107.29,887
2015-12-01,107.31,114.58,109.06,114.58,239
2015-12-03,114.7,119.85,114.58,114.7,728
2015-12-04,116.64,116.64,114.82,114.82,231
2015-12-07,114.7,115.3,114.09,114.09,440
2015-12-08,113.49,117.12,113.49,115.36,960
2015-12-09,117.3,123.3,117.3,123.3,343
2015-12-10,122.57,122.57,116.64,116.64,624
2015-12-14,114.76,114.76,112.76,114.7,738
2015-12-16,114.7,120.57,114.7,114.76,843
2015-12-17,115.36,119.24,115.36,119.24,452
2015-12-20,119.24,123.12,121.06,123.12,167
2015-12-22,122.57,122.57,122.57,122.57,13
2015-12-23,122.57,124.63,122.21,124.63,258
2015-12-25,123.24,133.05,123.24,133.05,503
2015-12-28,133.05,134.99,131.66,131.66,212
2015-12-29,131.66,131.05,125.6,125.6,505
2015-12-31,126.81,128.03,126.81,128.03,140
2016-01-03,129.84,138.93,129.84,138.93,512
2016-01-04,138.93,141.35,134.14,140.44,932
2016-01-05,140.44,140.44,138.99,138.99,840
2016-01-06,136.81,136.81,134.69,134.69,337
2016-01-07,136.93,136.93,136.93,136.93,90
2016-01-10,136.93,134.69,134.69,134.69,88
2016-01-13,134.69,132.87,132.87,132.87,118
2016-01-14,132.27,133.48,132.27,133.48,250
2016-02-03,133.48,138.08,135.78,138.08,20
2016-02-21,140.44,150.08,140.44,150.08,470
2016-02-22,152.68,158.07,152.68,157.1,443
2016-02-23,157.1,157.71,156.5,157.71,949
2016-02-24,157.1,157.1,157.1,157.1,135
2016-02-29,157.1,159.89,157.1,157.1,312
2016-03-01,159.89,161.65,159.53,160.13,900
2016-03-02,161.34,166.49,161.34,164.68,860
2016-03-03,167.58,172.25,167.1,168.13,850
2016-03-06,171.1,177.21,171.1,177.21,193
2016-03-10,180.36,180.36,178.31,179.82,645
2016-03-13,181.33,182.85,180.12,180.12,332
2016-03-16,177.09,177.09,177.09,177.09,200
2016-03-28,177.09,177.09,177.09,177.09,98
2016-03-30,177.09,173.94,170.85,170.85,36
2016-03-31,170.85,168.31,165.34,165.58,630
2016-04-03,165.58,162.68,157.1,157.1,93
2016-04-04,157.1,159.53,154.98,159.53,939
2016-04-05,157.1,159.53,157.1,159.53,808
2016-04-10,159.53,160.13,157.35,158.56,247
2016-04-14,158.56,164.98,158.31,163.16,323
2016-04-17,163.16,163.16,163.16,163.16,50
2016-04-18,163.16,164.37,163.16,164.37,97
2016-04-19,164.37,162.55,157.1,157.1,200
2016-04-25,157.1,162.68,157.1,162.68,128
2016-04-26,162.68,163.16,157.71,158.62,336
2016-04-27,158.62,157.41,157.41,157.41,28
2016-04-28,157.41,168.31,160.19,168.01,420
2016-05-02,168.01,165.04,162.13,163.16,240
2016-05-03,163.16,163.16,163.16,163.16,237
2016-05-05,163.16,160.25,160.13,160.13,115
2016-05-08,160.13,159.53,157.28,159.53,95
2016-05-09,160.13,160.13,157.41,159.53,671
2016-05-10,161.95,161.95,159.22,159.22,342
2016-05-11,159.22,160.13,157.1,157.71,314
2016-05-15,162.25,162.25,159.53,159.53,239
2016-05-16,159.53,162.31,158.01,162.31,146
2016-05-18,162.31,161.04,160.8,160.8,85
2016-05-19,160.8,166.19,163.16,163.16,543
2016-05-22,163.16,161.95,160.43,161.95,351
2016-05-23,161.95,168.98,163.16,168.01,154
2016-05-24,168.01,166.8,165.04,165.04,92
2016-05-25,165.04,167.95,165.04,165.04,264
2016-05-26,165.04,163.46,163.16,163.46,502
2016-05-29,163.46,166.37,166.37,166.37,10
2016-05-30,166.37,163.4,163.4,163.4,56
2016-05-31,163.4,169.16,166.19,169.16,783
2016-06-01,169.16,172.13,169.1,169.1,182
2016-06-02,169.1,166.19,165.58,166.19,1245
2016-06-05,166.19,163.22,163.22,163.22,62
2016-06-06,163.22,173.46,164.98,171.04,2875
2016-06-07,168.01,169.22,168.01,169.22,473
2016-06-08,169.22,166.19,163.28,163.77,259
2016-06-09,161.04,163.16,161.04,163.16,67
2016-06-13,163.16,176.97,164.98,176.97,488
2016-06-14,180.12,186.6,180.12,181.33,563
2016-06-15,178.31,180.73,178.31,180.73,99
2016-06-16,180.73,183.94,181.33,183.94,125
2016-06-20,183.94,182.18,175.7,175.7,1490
2016-06-21,175.7,172.91,172.85,172.91,58
2016-06-22,175.28,180.43,174.67,180.12,535
2016-06-23,180.12,189.21,177.09,189.21,1171
2016-06-26,189.21,188.91,186.06,188.91,331
2016-06-27,188.91,196.48,189.21,196.42,1646
2016-06-28,196.42,193.45,193.45,193.45,80
2016-06-29,193.45,193.15,189.69,189.69,250
2016-06-30,189.69,190.42,187.39,188.0,110
2016-07-03,188.0,199.51,190.42,199.51,847
2016-07-04,199.51,203.14,198.6,198.9,660
2016-07-05,196.48,196.48,193.45,194.96,626
2016-07-06,193.45,193.45,189.94,189.94,60
2016-07-10,189.94,191.03,185.82,187.39,200
2016-07-11,187.39,184.67,184.36,184.36,130
2016-07-12,184.36,181.03,178.31,178.31,550
2016-07-13,178.31,175.09,175.09,175.09,11
2016-07-14,172.85,182.24,172.85,178.97,961
2016-07-17,178.97,181.33,174.91,174.91,84
2016-07-18,174.91,173.46,169.22,169.22,501
2016-07-19,172.25,172.25,166.19,166.19,540
2016-07-20,163.22,163.22,158.01,158.01,381
2016-07-21,158.01,163.65,158.01,163.16,261
2016-07-25,163.16,174.97,166.07,174.97,50
2016-07-26,174.97,178.06,175.28,178.06,127
2016-07-27,178.06,181.33,180.73,181.33,191
2016-07-28,181.33,181.33,179.52,179.52,571
2016-07-31,179.52,178.31,176.31,178.31,130
2016-08-01,178.31,175.09,175.09,175.09,50
2016-08-02,175.09,172.01,172.01,172.01,26
2016-08-03,172.01,184.48,175.03,178.06,581
2016-08-04,178.06,177.7,177.7,177.7,100
2016-08-07,177.7,175.28,175.28,175.28,100
2016-08-10,178.43,178.43,172.13,172.13,210
2016-08-11,175.16,175.16,166.92,172.85,933
2016-08-14,175.94,188.36,175.94,188.36,8007
2016-08-15,191.75,195.87,186.48,192.72,3656
2016-08-16,191.03,192.0,189.88,191.94,1280
2016-08-17,194.66,195.27,190.42,192.84,340
2016-08-21,192.84,193.45,189.39,193.15,757
2016-08-22,193.45,193.45,186.54,186.54,315
2016-08-23,183.21,183.45,181.33,181.33,310
2016-08-24,181.33,181.33,180.12,180.12,210
2016-08-28,180.12,181.64,180.12,181.33,400
2016-08-29,182.85,186.12,182.85,186.12,272
2016-08-30,186.24,192.84,186.24,192.84,792
2016-09-01,195.87,197.99,192.36,192.84,671
2016-09-04,189.39,189.39,189.39,189.39,54
2016-09-06,187.39,190.42,187.39,190.42,200
2016-09-07,188.91,188.91,187.39,187.39,66
2016-09-08,190.72,192.84,190.72,192.84,320
2016-09-12,191.03,194.06,191.03,194.06,110
2016-09-18,193.45,194.06,191.63,194.06,600
2016-09-20,193.99,194.06,193.99,194.06,176
2016-09-22,190.54,190.54,187.09,187.09,220
2016-09-25,190.54,190.54,187.09,187.09,220
2016-09-26,184.36,184.36,184.36,184.36,200
2016-09-27,187.69,190.42,187.69,190.42,160
2016-09-29,188.0,188.0,188.0,188.0,71
2016-10-02,184.97,188.12,184.67,188.12,875
2016-10-03,188.3,193.45,188.3,193.45,225
2016-10-18,189.98,189.98,189.98,189.98,11
2016-10-20,186.82,186.82,180.58,180.58,40
2016-10-23,177.42,177.42,177.42,177.42,10
2016-10-24,174.26,175.76,174.26,175.76,163
2016-10-26,175.76,175.76,175.76,175.76,45
2016-10-27,178.92,178.92,178.92,178.92,211
2016-11-07,175.76,175.76,175.76,175.76,100
2016-11-13,173.39,173.39,170.63,170.63,70
2016-11-14,171.81,171.81,171.81,171.81,195
2016-11-16,171.89,171.89,171.89,171.89,200
2016-11-17,170.23,170.23,168.81,168.81,70
2016-11-22,165.81,165.81,165.81,165.81,50
2016-11-23,162.88,162.88,162.88,162.88,20
2016-12-07,160.04,160.04,160.04,160.04,50
2016-12-11,157.2,157.2,157.2,157.2,20
2016-12-15,159.96,159.96,157.12,157.12,80
2016-12-26,157.59,157.59,157.59,157.59,10
2016-12-29,154.83,154.83,154.83,154.83,50
2017-01-01,157.51,157.51,157.51,157.51,10
2017-01-02,154.75,154.75,154.75,154.75,20
2017-01-12,152.06,152.06,152.06,152.06,85
2017-01-15,151.27,151.27,151.27,151.27,50
2017-01-17,148.67,148.67,148.67,148.67,75
2017-01-19,146.53,146.53,146.53,146.53,54
2017-01-31,144.08,144.08,144.08,144.08,20
2017-02-01,144.16,144.16,144.16,144.16,10
2017-02-02,141.71,141.71,141.71,141.71,20
2017-02-19,139.27,139.27,139.27,139.27,50
2017-02-20,136.9,137.45,134.53,134.53,141
2017-02-21,132.39,132.39,132.24,132.24,190
2017-02-22,130.02,130.34,130.02,130.34,72
2017-03-02,128.13,128.13,123.94,123.94,238
2017-03-05,125.99,128.13,125.99,125.99,190
2017-03-06,127.97,127.97,127.97,127.97,50
2017-03-07,125.99,125.99,125.99,125.99,30
2017-03-13,127.57,129.71,127.57,129.71,25
2017-03-14,127.65,127.65,127.65,127.65,34
2017-03-15,129.79,132.0,129.79,132.0,110
2017-03-19,132.0,134.21,134.21,134.21,10
2017-03-20,136.5,136.5,136.42,136.42,40
2017-03-21,138.87,148.35,138.87,148.35,61
2017-03-22,150.96,161.38,150.96,158.54,385
2017-03-23,156.8,161.54,156.01,161.54,281
2017-03-26,164.39,164.39,164.39,164.39,10
2017-03-28,164.39,176.31,167.31,176.31,562
2017-03-29,176.31,183.74,174.18,174.18,1537
2017-03-30,174.18,177.26,177.26,177.26,40
2017-04-02,180.42,190.3,180.42,190.3,208
2017-04-03,193.69,197.17,188.08,188.08,242
2017-04-04,191.48,191.48,183.27,183.27,327
2017-04-06,183.27,185.64,180.5,182.08,602
2017-04-09,182.08,189.98,179.39,189.98,2064
2017-04-10,187.61,206.96,187.61,199.62,2414
2017-04-11,199.54,211.15,199.46,211.15,651
2017-04-12,211.15,223.24,211.15,223.24,1077
2017-04-13,219.13,219.13,214.07,214.07,930
2017-04-16,210.2,210.2,206.41,206.41,30
2017-04-18,202.7,202.7,195.51,195.51,435
2017-04-19,195.51,209.73,191.95,206.96,1151
2017-04-20,210.52,212.1,205.38,207.44,2448
2017-04-23,211.23,215.02,207.44,207.44,428
2017-04-24,203.65,211.23,203.65,207.36,484
2017-04-25,209.33,226.32,209.33,226.32,1575
2017-04-26,226.32,238.17,226.32,233.03,2167
2017-04-27,237.3,237.3,224.58,231.06,206
2017-04-30,227.11,229.08,225.53,229.08,539
2017-05-02,223.16,236.9,223.16,235.8,945
2017-05-03,237.3,237.3,229.87,233.35,1359
2017-05-04,229.08,229.08,220.87,220.87,1950
2017-05-07,216.84,220.0,209.18,220.0,2109
2017-05-08,219.21,223.55,216.05,223.55,2940
2017-05-09,223.55,220.08,220.0,220.08,230
2017-05-11,216.05,223.16,216.05,223.16,1901
2017-05-15,219.37,223.95,219.29,219.92,1541
2017-05-16,219.92,220.0,216.05,220.0,497
2017-05-17,224.03,224.74,223.16,223.95,1213
2017-05-18,223.95,224.74,223.08,224.74,1241
2017-05-21,228.84,238.48,224.74,227.11,10770
2017-05-22,230.27,230.27,226.32,226.32,1081
2017-05-23,227.11,227.9,224.74,224.74,3503
2017-05-24,224.74,228.05,225.13,225.53,1921
2017-05-28,225.69,227.9,219.21,222.37,4251
2017-05-30,222.45,226.48,217.63,221.58,10822
2017-05-31,221.54,230.07,217.63,229.48,2003
2017-06-01,231.85,231.85,224.74,224.74,806
2017-06-04,224.74,224.74,215.26,215.26,1003
2017-06-05,215.26,215.26,211.23,211.7,255
2017-06-06,215.14,223.55,215.14,221.18,1120
2017-06-07,223.55,225.92,219.41,219.52,1354
2017-06-08,221.18,221.18,217.63,217.63,150
2017-06-11,215.85,215.85,212.89,212.89,280
2017-06-13,212.89,216.44,211.7,212.41,532
2017-06-14,209.33,209.57,209.33,209.57,370
2017-06-15,208.15,215.85,208.15,215.85,420
2017-06-18,215.85,211.82,211.82,211.82,20
2017-06-19,209.33,209.33,201.63,203.53,439
2017-06-20,206.49,210.28,203.41,210.28,299
2017-06-21,207.56,210.64,207.56,210.64,268
2017-06-22,214.07,214.07,203.41,207.2,1690
2017-06-25,210.99,215.02,209.33,214.9,741
2017-06-27,211.11,216.92,211.11,215.26,285
2017-06-28,211.35,215.26,211.35,215.14,326
2017-07-02,211.47,211.47,204.59,208.15,789
2017-07-03,210.52,212.89,210.16,210.52,1105
2017-07-04,213.95,213.95,210.28,210.52,1265
2017-07-05,212.3,214.07,210.52,214.07,1488
2017-07-06,215.26,221.18,212.65,221.18,2751
2017-07-09,221.18,225.92,218.81,218.81,845
2017-07-10,221.18,221.42,218.93,221.18,470
2017-07-11,215.26,223.32,215.26,217.98,802
2017-07-12,220.0,225.33,220.0,220.0,2330
2017-07-13,224.03,224.03,221.18,221.77,364
2017-07-16,225.21,225.21,215.26,215.26,1030
2017-07-17,219.29,222.96,217.63,220.0,1331
2017-07-18,222.84,226.75,221.18,225.92,945
2017-07-19,227.11,232.44,227.11,227.11,510
2017-07-20,227.11,228.29,227.11,228.29,100
2017-07-23,230.66,233.03,229.48,232.79,160
2017-07-24,228.65,228.65,224.5,224.5,350
2017-07-25,222.37,222.37,220.35,222.37,260
2017-07-26,223.43,227.7,223.43,227.7,756
2017-07-27,231.85,243.46,230.66,235.4,1330
2017-07-30,233.03,239.79,233.03,235.4,868
2017-07-31,236.82,236.82,233.03,233.03,569
2017-08-01,230.66,242.04,230.66,242.04,5918
2017-08-02,246.54,260.28,246.07,260.28,5298
2017-08-03,260.28,265.14,248.44,248.44,4822
2017-08-06,250.81,252.94,247.84,250.81,849
2017-08-07,251.4,251.4,246.07,246.07,477
2017-08-09,246.07,249.62,246.07,249.62,336
2017-08-10,246.07,249.62,241.44,249.03,870
2017-08-13,246.07,246.07,240.14,240.14,150
2017-08-15,236.7,237.77,235.52,236.59,549
2017-08-16,240.97,245.47,240.85,240.85,70
2017-08-17,236.35,241.92,231.97,240.73,3580
2017-08-20,244.88,263.37,244.88,263.37,10367
2017-08-21,263.48,268.34,258.86,260.28,2404
2017-08-22,262.65,262.65,258.63,258.74,1480
2017-08-23,256.85,262.06,256.73,261.35,4503
2017-08-24,261.47,265.02,259.34,265.02,2831
2017-08-27,265.02,290.14,270.0,290.14,3893
2017-08-28,295.59,317.75,295.59,317.75,26267
2017-08-30,317.75,333.51,315.98,319.41,8148
2017-08-31,319.41,321.19,312.42,313.49,3546
2017-09-04,313.61,313.61,305.31,307.68,5377
2017-09-06,310.05,314.79,308.27,310.29,2085
2017-09-07,314.79,314.79,307.68,308.87,1345
2017-09-10,310.05,310.05,304.13,305.31,674
2017-09-11,299.62,305.19,293.82,298.91,1242
2017-09-12,298.2,298.2,293.58,294.05,1770
2017-09-13,289.91,295.83,288.72,294.65,1398
2017-09-14,294.65,297.96,292.28,297.49,1060
2017-09-17,303.06,307.09,298.2,305.31,999
2017-09-18,311.12,317.04,306.73,308.87,1715
2017-09-20,310.64,310.64,295.83,295.83,6055
2017-09-24,290.26,292.28,286.94,292.28,1552
2017-09-25,297.85,303.42,292.28,292.28,956
2017-09-26,293.58,295.83,292.28,295.83,1077
2017-10-03,295.83,295.83,291.09,291.09,217
2017-10-04,293.46,293.46,286.35,286.35,1122
2017-10-08,283.98,284.1,266.21,266.8,4115
2017-10-09,266.79,269.41,255.04,269.41,430
2017-10-10,269.55,271.63,268.17,268.17,787
2017-10-11,268.17,268.17,268.17,268.17,100
2017-10-12,266.1,267.34,266.1,266.1,200
2017-10-15,262.64,263.05,262.64,263.05,320
2017-10-16,267.75,276.33,267.62,274.39,397
2017-10-17,274.39,275.36,270.24,270.24,550
2017-10-18,271.63,275.36,271.63,275.36,110
2017-10-22,275.08,276.46,275.08,276.46,328
2017-10-23,276.46,276.46,271.63,272.32,1961
2017-10-24,272.32,276.46,273.01,276.46,275
2017-10-25,271.63,274.8,271.63,274.8,446
2017-10-29,274.8,274.8,272.32,272.32,680
2017-10-30,269.55,272.32,269.55,269.55,1107
2017-10-31,269.55,269.55,267.48,267.48,358
2017-11-01,268.86,268.86,264.02,264.16,530
2017-11-02,265.4,265.4,259.88,260.01,761
2017-11-05,261.26,262.64,261.26,262.64,888
2017-11-06,262.64,267.62,265.4,265.4,196
2017-11-07,260.57,262.5,252.96,262.5,503
2017-11-08,259.88,259.88,259.88,259.88,110
2017-11-09,264.71,264.71,264.71,264.71,10
2017-11-12,264.71,263.19,258.63,263.19,170
2017-11-13,259.88,259.88,259.88,259.88,303
2017-11-14,259.88,266.79,259.88,262.64,3311
2017-11-15,264.02,265.4,261.95,261.95,1115
2017-11-19,261.95,257.25,252.96,253.24,350
2017-11-20,249.09,249.09,248.68,248.68,50
2017-11-21,250.89,253.24,250.89,251.58,560
2017-11-23,251.58,260.98,251.58,260.98,390
2017-11-26,260.98,261.95,252.27,261.81,2420
2017-11-27,259.18,260.57,258.49,260.57,237
2017-11-29,260.57,273.98,260.57,269.55,475
2017-11-30,270.93,270.93,262.78,262.78,510
2017-12-04,263.33,263.33,261.26,262.64,293
2017-12-05,262.64,262.64,262.64,262.64,15
2017-12-06,262.64,262.64,258.49,262.64,304
2017-12-10,266.79,266.79,262.09,262.64,975
2017-12-11,257.66,260.15,257.66,260.15,210
2017-12-12,260.57,260.57,257.53,257.53,535
2017-12-13,257.11,257.8,256.83,256.83,200
2017-12-14,255.73,255.73,255.73,255.73,588
2017-12-17,255.73,255.73,255.73,255.73,20
2017-12-18,255.04,256.42,252.96,252.96,395
2017-12-19,250.2,253.24,248.82,248.96,1001
2017-12-20,245.5,249.51,243.56,243.56,1166
2017-12-21,243.56,243.56,243.29,243.29,115
2017-12-24,247.85,248.82,239.14,239.28,1400
2017-12-26,234.99,238.45,234.99,235.13,1440
2017-12-27,239.14,239.56,232.23,233.47,3391
2017-12-28,233.61,243.29,232.37,234.44,1358
2017-12-31,234.72,235.68,234.03,234.03,1891
2018-01-01,238.31,244.67,238.31,244.67,405
2018-01-02,240.52,251.58,236.1,245.36,2155
2018-01-03,248.13,248.13,239.14,239.28,275
2018-01-04,241.91,243.7,239.28,241.91,845
2018-01-07,243.29,246.05,243.29,243.29,310
2018-01-08,246.05,247.43,243.29,247.43,1087
2018-01-09,247.43,252.83,248.82,252.83,580
2018-01-10,248.82,248.82,244.39,248.13,1065
2018-01-14,246.05,246.05,243.98,244.12,192
2018-01-17,240.52,244.12,239.69,241.91,218
2018-01-21,246.05,246.05,246.05,246.05,10
2018-01-22,244.67,244.67,240.52,240.94,763
2018-01-23,237.76,240.8,236.38,240.8,366
2018-01-25,245.22,245.22,244.67,244.67,200
2018-01-28,246.05,246.05,246.05,246.05,15
2018-01-29,241.49,241.49,239.14,239.14,187
2018-01-31,239.14,243.15,238.59,243.15,315
2018-02-01,243.29,243.29,239.56,242.6,1420
2018-02-04,241.91,243.29,241.91,243.29,40
2018-02-05,243.29,243.29,239.69,239.83,140
2018-02-07,236.24,236.24,235.96,235.96,340
2018-02-08,234.44,239.83,234.44,236.51,191
2018-02-11,235.96,235.96,235.27,235.82,360
2018-02-12,238.45,238.45,237.07,238.45,313
2018-02-14,237.76,238.45,237.76,238.45,37
2018-02-15,239.83,247.43,239.83,247.43,1011
2018-02-18,247.43,243.98,243.01,243.01,255
2018-02-20,238.45,238.45,236.38,236.38,150
2018-02-21,236.38,236.38,234.3,234.3,580
2018-02-22,234.99,236.38,232.37,236.38,811
2018-02-25,235.68,235.68,233.06,233.47,552
2018-02-26,230.16,230.16,216.47,216.47,1379
2018-02-27,212.46,235.13,212.46,220.2,1404
2018-02-28,219.79,219.79,216.33,219.1,570
2018-03-04,219.1,219.1,200.57,202.51,2051
2018-03-05,206.1,209.97,198.36,199.05,2203
2018-03-06,196.43,206.93,189.38,206.93,1173
2018-03-07,210.67,210.67,203.89,205.97,1552
2018-03-11,205.97,203.34,202.51,202.51,563
2018-03-12,202.51,206.24,206.1,206.24,127
2018-03-13,206.24,206.24,206.24,206.24,10
2018-03-14,205.97,205.97,204.58,204.58,200
2018-03-15,203.89,205.83,201.54,205.83,2282
2018-03-18,203.2,204.58,203.2,204.58,1300
2018-03-19,200.85,200.85,200.85,200.85,50
2018-03-20,199.05,199.88,195.6,195.6,2612
2018-03-21,192.14,192.14,181.36,184.68,3057
2018-03-22,181.36,188.41,174.86,181.08,838
2018-03-26,177.77,177.77,165.33,165.88,1383
2018-03-27,162.42,176.25,154.82,176.25,2292
2018-03-28,173.07,181.77,170.02,170.16,2158
2018-03-29,173.07,173.07,173.07,173.07,140
2018-04-01,169.89,172.93,169.89,172.93,435
2018-04-02,175.97,175.97,170.44,174.17,550
2018-04-03,176.94,183.85,175.55,178.32,2272
2018-04-04,181.5,185.78,181.5,185.78,1323
2018-04-05,189.1,192.14,180.53,189.38,3498
2018-04-08,186.06,206.93,186.06,205.97,3507
2018-04-09,205.97,209.7,196.43,196.43,3510
2018-04-10,193.52,204.44,188.69,195.18,1509
2018-04-11,192.14,198.5,191.59,196.29,230
2018-04-12,199.88,207.21,199.74,202.51,1113
2018-04-15,200.44,203.48,196.29,203.48,284
2018-04-16,203.89,217.02,203.89,217.02,2541
2018-04-17,217.02,237.21,217.71,234.99,4037
2018-04-18,239.42,243.29,226.7,230.85,2575
2018-04-19,230.85,235.13,230.85,232.23,1296
2018-04-22,232.23,252.0,236.51,252.0,2546
2018-04-23,255.73,256.83,238.03,251.86,4896
2018-04-24,248.13,249.23,242.87,245.08,4016
2018-04-25,249.65,249.65,244.12,244.67,888
2018-04-26,239.56,243.98,233.61,233.89,5026
2018-04-29,234.99,247.16,234.99,236.38,396
2018-05-02,234.99,251.44,236.51,248.82,2455
2018-05-03,252.96,257.66,249.51,255.59,5449
2018-05-06,252.41,255.73,251.03,252.96,1756
2018-05-07,249.09,252.27,248.82,248.82,880
2018-05-08,252.96,255.73,249.51,253.93,2170
2018-05-09,253.93,255.73,252.69,253.38,40
2018-05-10,253.38,257.11,249.51,250.2,1832
2018-05-14,249.09,250.06,248.82,250.06,641
2018-05-15,249.51,249.51,247.02,247.02,489
2018-05-16,251.58,255.04,251.58,255.04,510
2018-05-17,258.49,258.49,250.89,253.24,1821
2018-05-20,255.59,258.49,249.92,252.96,3006
2018-05-21,256.42,276.05,255.18,272.32,7587
2018-05-22,273.7,279.23,262.78,279.23,13519
2018-05-23,275.5,281.99,270.93,281.99,7581
2018-05-24,281.99,286.14,271.35,275.08,5838
2018-05-27,277.57,277.57,264.71,269.28,4102
2018-05-28,269.28,278.81,265.4,276.19,4851
2018-05-29,277.15,278.95,271.9,272.32,2725
2018-05-30,272.32,280.61,272.32,274.94,3046
2018-05-31,271.49,272.45,271.49,272.45,1597
2018-06-03,271.63,273.28,261.67,262.64,8682
2018-06-04,257.8,262.64,252.96,253.1,3040
2018-06-06,259.88,259.88,249.51,257.66,612
2018-06-07,259.88,259.88,249.51,257.66,612
2018-06-10,252.83,252.83,244.12,245.22,4151
2018-06-11,240.8,252.96,239.97,247.16,3952
2018-06-12,244.67,250.75,244.67,248.82,1445
2018-06-13,248.82,250.89,246.19,248.68,1289
2018-06-14,253.24,253.24,248.13,248.82,1977
2018-06-17,246.88,249.37,246.88,247.43,339
2018-06-18,247.43,250.06,246.05,250.06,1679
2018-06-20,248.82,248.82,245.91,245.91,722
2018-06-21,241.35,248.54,237.9,239.69,1787
2018-06-24,243.29,243.29,241.91,241.91,453
2018-06-25,241.91,241.91,235.68,236.38,780
2018-06-26,236.38,236.38,232.23,234.99,1077
2018-06-27,230.85,239.14,230.85,235.55,580
2018-06-28,234.99,235.82,231.54,231.68,671
2018-07-01,235.96,238.45,234.99,236.79,2892
2018-07-02,232.92,238.31,232.37,236.79,972
2018-07-03,234.99,236.38,234.99,236.38,339
2018-07-04,234.99,235.68,233.61,234.99,1150
2018-07-05,238.45,247.85,237.76,247.85,2178
2018-07-08,252.41,252.41,237.76,239.97,5421
2018-07-09,239.42,240.52,233.61,233.89,4037
2018-07-10,236.38,243.29,236.1,237.76,3137
2018-07-11,241.21,247.43,238.73,239.28,11302
2018-07-12,239.42,253.79,237.76,240.52,6815
2018-07-15,240.52,243.29,237.76,237.76,492
2018-07-16,242.46,242.46,234.99,239.14,520
2018-07-17,240.52,240.52,234.44,234.99,536
2018-07-18,234.99,234.99,231.12,231.12,970
2018-07-19,230.85,230.85,229.46,229.46,399
2018-07-22,229.46,229.46,219.79,220.06,383
2018-07-23,221.17,224.21,218.68,221.17,1135
2018-07-24,225.59,226.98,217.02,217.02,1535
2018-07-25,218.41,221.17,217.3,217.3,1460
2018-07-26,217.3,217.3,208.73,208.73,752
2018-07-29,212.88,213.43,209.01,209.56,475
2018-07-30,210.11,212.6,210.11,212.6,115
2018-07-31,212.88,215.64,211.49,211.49,500
2018-08-01,211.49,211.49,210.11,211.49,830
2018-08-02,215.36,215.36,210.39,210.39,1111
2018-08-05,208.73,210.11,204.58,204.58,1370
2018-08-06,208.45,212.32,208.45,212.32,90
2018-08-07,210.11,210.39,205.97,205.97,503
2018-08-08,205.97,206.24,203.2,206.24,629
2018-08-09,204.58,205.97,202.37,202.65,954
2018-08-12,202.65,202.65,194.91,195.46,1159
2018-08-13,199.05,203.2,195.46,199.33,659
2018-08-14,199.33,203.2,198.78,202.92,1396
2018-08-15,203.2,222.83,199.61,222.83,1560
2018-08-16,221.17,221.17,215.64,215.92,2489
2018-08-19,219.79,228.36,219.79,221.17,4640
2018-08-20,219.79,219.79,218.41,218.41,823
2018-08-21,221.17,221.17,218.41,218.41,723
2018-08-22,218.41,218.41,218.41,218.41,100
2018-08-23,220.06,222.55,219.79,221.17,1300
2018-08-26,218.41,218.41,217.3,217.3,353
2018-08-28,217.3,218.13,217.3,218.13,213
2018-08-29,215.92,218.41,215.92,218.13,889
2018-08-30,220.89,221.17,218.96,219.51,640
2018-09-02,217.02,219.79,217.02,219.79,1032
2018-09-03,221.17,228.08,221.17,226.42,838
2018-09-04,223.94,224.76,221.17,221.17,585
2018-09-05,217.02,233.33,217.02,233.33,1846
2018-09-06,229.46,229.46,224.21,225.32,1776
2018-09-09,221.17,222.55,220.62,220.62,1466
2018-09-10,218.68,218.68,218.13,218.13,498
2018-09-11,222.55,222.55,219.79,222.0,650
2018-09-12,226.42,233.61,225.32,228.08,2624
2018-09-13,232.51,236.38,230.85,231.95,2976
2018-09-16,234.99,237.76,232.78,232.78,738
2018-09-17,237.21,237.21,229.46,233.89,2495
2018-09-18,233.89,233.89,226.7,228.36,2260
2018-09-20,232.78,233.06,227.53,230.85,14164
2018-09-23,251.8,253.79,237.87,239.53,2507
2018-09-25,239.53,240.85,234.55,236.54,3075
2018-09-26,238.86,238.86,235.55,236.21,1930
2018-09-27,235.55,235.55,232.23,232.23,1853
2018-09-30,232.23,232.23,231.9,231.9,265
2018-10-01,232.23,233.56,227.92,228.58,1112
2018-10-02,230.57,230.57,228.91,228.91,1711
2018-10-03,230.24,231.9,221.61,221.61,2963
2018-10-04,225.93,226.26,221.61,221.61,2067
2018-10-07,225.93,225.93,218.96,221.94,580
2018-10-08,222.28,222.28,217.3,218.3,257
2018-10-09,214.65,214.65,214.65,214.65,200
2018-10-10,213.98,213.98,212.66,212.66,522
2018-10-11,215.64,215.64,213.65,213.98,228
2018-10-14,211.0,211.33,211.0,211.0,250
2018-10-15,211.0,213.98,211.0,213.98,70
2018-10-22,212.66,212.66,212.66,212.66,38
2018-10-23,212.66,212.66,211.33,212.32,250
2018-10-24,213.98,213.98,212.32,212.32,183
2018-10-25,210.67,210.67,208.67,209.67,1542
2018-10-28,208.67,208.67,208.34,208.34,110
2018-10-29,207.35,207.35,205.36,205.36,450
2018-10-30,205.69,207.35,203.03,207.35,165
2018-10-31,204.03,204.03,204.03,204.03,200
2018-11-01,200.71,204.69,200.71,202.37,323
2018-11-04,200.71,200.71,200.71,200.71,10
2018-11-05,200.71,202.37,200.71,200.71,64
2018-11-14,195.4,195.4,192.42,192.42,100
2018-11-15,192.42,192.42,187.77,187.77,1098
2018-11-18,187.77,187.77,182.47,182.47,470
2018-11-19,182.47,182.47,180.81,180.81,110
2018-11-20,180.81,180.81,177.82,180.81,1100
2018-11-21,180.81,184.12,180.81,182.47,1000
2018-11-22,182.47,186.12,180.81,180.81,1128
2018-11-25,182.47,185.78,182.13,182.13,163
2018-11-26,182.13,182.13,175.83,175.83,450
2018-11-27,175.83,175.83,169.2,169.2,2551
2018-11-28,169.3,172.51,169.2,169.2,1789
2018-11-29,169.2,172.51,169.2,172.18,1775
2018-12-02,171.39,172.51,171.39,172.51,1570
2018-12-03,172.51,174.17,172.51,174.17,180
2018-12-04,174.17,175.83,174.17,175.83,25
2018-12-06,175.83,177.49,172.51,172.51,500
2018-12-09,172.51,172.51,172.51,172.51,10
2018-12-10,172.51,179.15,172.51,175.83,290
2018-12-11,175.83,178.48,172.51,178.48,245
2018-12-12,178.48,178.48,175.17,175.83,1646
2018-12-13,175.83,177.49,175.83,177.49,571
2018-12-16,177.49,187.77,177.49,184.12,256
2018-12-17,184.12,194.08,182.47,194.08,1761
2018-12-18,194.08,197.73,182.47,182.47,4273
2018-12-19,182.47,185.45,176.16,176.16,3126
2018-12-20,176.16,180.81,174.84,177.16,1997
2018-12-23,177.16,189.1,177.16,189.1,2154
2018-12-24,189.1,192.75,179.81,185.78,2190
2018-12-25,185.78,185.78,182.47,182.47,195
2018-12-26,182.47,193.08,182.47,188.77,1827
2018-12-27,188.77,196.07,183.79,183.79,5562
2018-12-30,183.79,183.79,179.81,182.47,900
2018-12-31,182.47,183.79,178.82,181.14,2105
2019-01-01,181.14,184.46,179.15,179.15,2618
2019-01-02,179.15,182.47,178.48,179.15,2100
2019-01-03,179.15,183.46,177.49,181.14,2881
2019-01-06,181.14,181.14,177.82,179.48,1514
2019-01-07,179.48,184.12,179.15,180.48,1760
2019-01-08,180.48,182.8,179.15,179.15,567
2019-01-09,179.15,180.14,178.82,180.14,190
2019-01-10,180.14,182.47,179.81,180.81,1750
2019-01-13,180.81,180.81,177.49,177.49,801
2019-01-14,177.49,179.15,172.51,179.15,1096
2019-01-15,179.15,182.47,178.82,180.48,1788
2019-01-16,180.48,183.79,177.16,180.81,1190
2019-01-17,180.81,180.81,175.5,178.48,1276
2019-01-20,178.48,178.48,174.84,175.83,857
2019-01-21,175.83,180.81,175.83,177.49,623
2019-01-22,177.49,179.81,175.17,179.81,220
2019-01-23,179.81,180.81,176.83,180.81,638
2019-01-24,180.81,183.79,176.49,176.83,1053
2019-01-27,176.83,178.82,170.19,175.83,2169
2019-01-28,175.83,179.15,170.85,177.49,2116
2019-01-29,177.49,177.49,174.5,175.83,541
2019-01-30,175.83,176.49,174.5,175.83,413
2019-01-31,175.83,175.83,172.84,174.17,1728
2019-02-03,170.85,174.17,171.19,171.19,732
2019-02-04,169.2,172.51,169.2,170.85,5747
2019-02-05,170.52,172.18,169.2,169.2,824
2019-02-06,167.87,169.2,166.87,168.86,894
2019-02-07,167.54,169.86,167.54,167.87,1261
2019-02-10,166.21,168.86,166.21,167.54,947
2019-02-11,164.22,170.85,167.54,168.86,1166
2019-02-12,166.21,167.54,165.88,167.54,875
2019-02-13,165.88,167.54,165.88,165.88,130
2019-02-14,165.88,165.88,162.56,163.22,1368
2019-02-17,164.55,164.55,163.22,163.22,760
2019-02-18,163.22,164.88,163.22,163.56,491
2019-02-19,166.21,169.2,163.22,169.2,931
2019-02-20,172.51,172.51,167.54,169.2,770
2019-02-21,165.88,169.2,165.88,165.88,356
2019-02-24,165.88,165.88,162.89,162.89,1368
2019-02-25,162.56,165.88,162.56,165.55,333
2019-02-26,165.88,168.2,165.55,167.54,762
2019-02-27,167.87,167.87,165.88,165.88,378
2019-03-03,162.56,165.88,161.9,161.9,697
2019-03-05,160.24,161.9,159.91,159.91,513
2019-03-06,162.56,165.55,159.91,165.55,190
2019-03-07,167.2,169.2,162.89,169.2,1456
2019-03-09,170.85,170.85,167.54,167.54,210
2019-03-10,170.85,170.85,167.54,167.54,210
2019-03-11,169.2,169.2,164.22,165.88,1513
2019-03-12,169.2,171.85,165.88,171.85,1060
2019-03-13,168.53,171.85,168.53,168.53,157
2019-03-14,163.56,171.52,164.22,171.52,489
2019-03-17,170.85,174.84,166.87,169.2,480
2019-03-18,169.2,169.2,165.88,167.54,532
2019-03-19,164.22,164.22,162.89,162.89,626
2019-03-21,160.57,161.57,159.91,161.57,1294
2019-03-24,160.9,162.56,160.9,162.56,943
2019-03-25,162.56,165.55,162.56,165.55,1160
2019-03-26,162.56,163.89,160.9,163.89,1050
2019-03-28,162.89,165.88,160.57,165.88,488
2019-03-31,165.88,165.88,162.56,162.89,978
2019-04-01,165.88,165.88,163.22,163.22,530
2019-04-02,162.56,163.22,161.23,161.23,611
2019-04-03,164.22,164.22,161.23,163.22,340
2019-04-04,160.9,160.9,159.91,159.91,1101
2019-04-07,157.58,157.58,156.92,157.58,401
2019-04-08,157.58,170.85,160.57,170.85,579
2019-04-09,170.85,170.85,165.88,168.86,1420
2019-04-10,170.85,170.85,169.53,169.53,110
2019-04-11,166.21,166.21,166.21,166.21,120
2019-04-15,167.54,168.53,166.54,168.53,290
2019-04-16,170.85,174.17,167.54,170.19,1519
2019-04-17,170.19,169.86,167.54,169.86,1191
2019-04-18,170.52,170.52,165.55,166.21,2826
2019-04-21,167.54,169.2,167.54,169.2,140
2019-04-22,169.53,172.51,167.54,167.54,1384
2019-04-23,167.2,168.53,165.55,165.55,743
2019-04-24,164.22,167.2,164.22,167.2,1160
2019-04-25,165.88,167.54,164.55,166.21,596
2019-04-28,168.86,175.17,168.53,172.51,4837
2019-04-29,175.83,177.16,171.19,175.5,4838
2019-04-30,174.17,174.17,169.2,169.2,1264
2019-05-05,170.85,170.85,167.54,167.54,414
2019-05-06,164.22,167.2,164.22,165.88,766
2019-05-07,165.88,165.88,162.89,163.56,222
2019-05-08,163.56,166.54,163.56,164.22,331
2019-05-09,167.2,167.2,161.23,161.23,1623
2019-05-12,163.89,165.55,162.23,162.56,1490
2019-05-13,165.55,165.55,161.9,161.9,166
2019-05-14,164.88,165.88,160.57,165.21,1205
2019-05-15,162.89,162.89,159.91,159.91,848
2019-05-16,158.58,160.9,157.58,157.92,1727
2019-05-19,160.9,160.9,160.24,160.24,699
2019-05-20,159.24,159.24,157.25,157.25,1372
2019-05-21,160.24,160.24,157.58,157.58,1530
2019-05-22,155.59,163.56,155.26,163.56,766
2019-05-23,162.56,162.56,157.58,160.24,835
2019-05-26,162.56,163.22,160.24,160.24,587
2019-05-27,162.89,162.89,157.58,157.58,1457
2019-05-28,156.59,156.59,156.59,156.59,110
2019-05-29,159.57,161.9,159.57,159.57,187
2019-05-30,162.56,165.55,156.59,157.92,721
2019-06-02,158.58,158.58,158.58,158.58,17
2019-06-03,157.58,158.58,155.59,158.58,259
2019-06-04,155.93,155.93,154.27,154.6,1307
2019-06-06,154.6,155.93,154.6,155.93,4928
2019-06-10,156.59,156.59,150.62,150.62,370
2019-06-11,147.96,150.95,147.96,148.29,3203
2019-06-12,150.95,150.95,145.31,147.63,502
2019-06-13,144.98,145.97,143.32,143.32,903
2019-06-16,140.66,140.66,136.68,136.68,1194
2019-06-17,136.68,139.34,135.36,135.36,1775
2019-06-18,135.02,136.02,133.37,136.02,1762
2019-06-19,136.68,136.68,134.03,135.36,1392
2019-06-20,138.01,139.34,136.02,136.02,1605
2019-06-23,135.02,135.02,134.36,134.36,1319
2019-06-24,137.02,141.0,137.02,141.0,150
2019-06-25,142.32,142.32,139.34,139.34,330
2019-06-27,136.68,139.34,136.68,139.34,507
2019-07-01,141.99,145.97,141.66,142.66,2514
2019-07-02,145.31,156.92,145.31,156.92,6198
2019-07-03,164.55,167.54,158.58,162.23,6621
2019-07-04,164.55,165.88,160.9,160.9,5273
2019-07-07,159.57,159.57,152.94,153.27,2017
2019-07-08,156.26,159.24,150.29,152.94,3220
2019-07-09,152.61,152.61,149.29,149.29,583
2019-07-10,146.3,149.29,146.3,149.29,959
2019-07-11,146.97,150.95,145.97,150.95,1589
2019-07-14,150.95,150.95,147.96,147.96,52
2019-07-15,150.29,150.62,150.29,150.62,357
2019-07-16,148.96,148.96,146.3,146.3,8808
2019-07-17,148.96,156.26,147.3,154.27,1065
2019-07-18,155.93,155.93,154.27,155.59,373
2019-07-21,155.26,157.92,154.27,154.93,4750
2019-07-22,152.94,156.59,152.94,155.93,4023
2019-07-23,157.58,158.91,157.25,158.91,529
2019-07-24,155.93,162.23,155.93,162.23,2746
2019-07-25,159.24,164.88,156.26,158.58,5300
2019-07-28,155.93,155.93,152.94,153.27,600
2019-07-29,155.93,158.91,155.93,157.25,423
2019-07-30,159.91,160.24,156.59,158.91,4235
2019-07-31,159.24,172.51,157.58,169.2,7789
2019-08-01,172.18,179.15,161.9,172.51,13546
2019-08-04,175.83,189.76,175.83,189.76,14092
2019-08-05,193.41,208.01,184.12,185.78,16452
2019-08-06,189.43,193.08,172.51,179.15,7746
2019-08-07,182.47,189.76,177.16,187.44,11089
2019-08-08,187.44,191.09,181.47,182.47,3980
2019-08-11,186.12,188.44,179.15,185.45,2219
2019-08-12,188.77,188.77,180.48,180.48,2351
2019-08-13,183.79,186.12,182.47,184.12,1701
2019-08-14,182.47,184.79,181.14,184.79,1573
2019-08-15,185.78,185.78,181.47,181.8,690
2019-08-18,182.13,182.47,180.81,182.47,1293
2019-08-19,182.13,193.41,182.13,189.43,2915
2019-08-20,192.42,192.42,184.46,188.11,4350
2019-08-21,185.12,188.11,184.46,186.12,1980
2019-08-22,183.13,189.1,183.13,187.44,2663
2019-08-25,191.09,197.06,186.45,193.08,10634
2019-08-26,191.09,191.09,189.1,190.1,939
2019-08-27,188.44,190.43,188.44,189.43,765
2019-08-28,192.09,192.09,186.45,186.45,2650
2019-08-29,190.1,190.1,184.46,188.11,1352
2019-09-01,185.78,185.78,182.47,184.46,2812
2019-09-02,183.79,190.43,182.47,184.12,3443
2019-09-03,183.13,190.1,183.13,187.44,2422
2019-09-04,184.12,189.1,180.48,185.78,1954
2019-09-05,184.12,189.1,184.12,185.78,2262
2019-09-08,185.78,185.78,182.47,183.13,2403
2019-09-09,182.8,184.46,182.8,184.46,536
2019-09-10,182.47,186.12,182.47,182.47,1673
2019-09-11,184.12,184.46,183.13,183.13,4054
2019-09-12,183.13,183.13,181.8,182.47,602
2019-09-15,179.15,179.15,175.83,175.83,2310
2019-09-16,176.49,176.49,173.51,175.83,1675
2019-09-17,179.15,186.12,179.15,182.47,1565
2019-09-18,185.78,185.78,180.81,182.47,1135
2019-09-19,182.47,182.8,178.82,178.82,3020
2019-09-22,176.49,178.48,175.5,176.83,467
2019-09-23,179.15,179.81,176.49,179.48,969
2019-09-24,177.49,179.15,176.83,179.15,345
2019-09-26,179.15,179.15,175.83,176.16,2220
2019-09-29,174.5,176.16,173.84,176.16,185
2019-09-30,176.16,178.15,175.83,175.83,737
2019-10-01,179.15,182.47,178.82,178.82,60
2019-10-02,176.49,179.48,176.16,179.48,175
2019-10-03,181.47,182.47,179.48,179.48,1740
2019-10-10,182.8,185.78,179.48,182.8,520
2019-10-14,182.8,182.8,179.15,179.15,700
2019-10-15,179.15,180.81,179.15,180.81,102
2019-10-16,177.49,177.49,177.49,177.49,300
2019-10-17,175.83,179.15,175.83,179.15,340
2019-10-21,177.49,180.81,177.49,178.48,178
2019-10-22,179.15,179.15,178.48,178.48,52
2019-10-23,178.82,179.48,178.48,179.48,1137
2019-10-24,180.81,180.81,179.81,179.81,43
2019-10-31,183.13,183.13,179.48,181.14,858
2019-11-03,184.46,184.46,180.81,180.81,652
2019-11-04,184.12,187.77,183.79,185.45,2521
2019-11-05,186.12,189.76,186.12,189.1,5879
2019-11-06,190.1,191.09,188.44,189.76,1592
2019-11-07,190.76,191.09,189.76,190.76,2371
2019-11-10,190.76,194.08,190.43,192.75,2765
2019-11-11,194.08,211.99,194.08,204.03,5888
2019-11-12,207.02,211.99,194.08,199.39,4846
2019-11-13,195.4,199.05,191.75,199.05,1654
2019-11-14,199.05,197.06,197.06,197.06,100
2019-11-17,198.72,200.71,198.06,198.06,1403
2019-11-18,196.4,199.05,196.4,199.05,540
2019-11-19,201.71,201.71,196.73,199.05,1967
2019-11-20,202.37,203.03,200.71,201.71,2570
2019-11-21,202.04,202.37,196.4,201.38,6317
2019-11-24,205.36,209.01,199.39,202.37,11455
2019-11-25,204.03,207.02,199.05,206.35,6804
2019-11-26,206.35,210.0,206.02,209.01,6990
2019-11-27,209.01,210.67,205.03,205.03,6517
2019-11-28,207.35,208.34,200.71,202.37,12273
2019-12-01,203.94,206.05,195.53,197.64,3379
2019-12-02,197.21,197.21,195.11,195.11,613
2019-12-03,198.9,212.35,197.64,201.84,1315
2019-12-04,205.62,219.92,205.62,217.4,4535
2019-12-05,221.6,221.6,213.61,218.66,2880
2019-12-08,218.66,235.9,218.24,231.7,12890
2019-12-09,236.32,245.15,236.32,240.53,15878
2019-12-10,245.15,245.99,226.65,236.74,5235
2019-12-11,237.58,248.52,236.32,239.26,5550
2019-12-12,243.89,248.52,236.74,239.69,6011
2019-12-15,235.9,238.0,235.06,235.48,1860
2019-12-16,238.42,238.42,231.7,235.48,1302
2019-12-17,235.06,235.48,231.28,231.28,3200
2019-12-18,233.38,234.22,231.28,231.28,580
2019-12-19,232.96,232.96,228.33,228.33,25
2019-12-22,232.54,237.16,228.75,228.75,1751
2019-12-23,230.85,238.0,230.85,238.0,1402
2019-12-24,235.48,235.9,230.85,234.22,1404
2019-12-25,238.0,238.0,231.28,234.64,601
2019-12-26,230.85,233.38,230.01,233.38,928
2019-12-29,233.38,233.38,228.75,232.12,1236
2019-12-30,232.12,234.22,232.12,234.22,2901
2019-12-31,230.43,235.48,229.59,231.28,1413
2020-01-01,231.28,235.9,231.28,235.9,2280
2020-01-02,240.53,240.53,236.32,236.74,3300
2020-01-05,241.37,250.2,239.69,245.99,9228
2020-01-06,250.62,260.29,245.99,260.29,15420
2020-01-07,262.81,269.12,257.77,267.44,12953
2020-01-08,269.12,279.63,262.39,272.9,13027
2020-01-09,273.33,290.15,268.28,287.2,12821
2020-01-12,292.67,302.76,283.84,300.66,12750
2020-01-13,298.98,312.01,288.88,292.67,17173
2020-01-14,298.13,309.49,288.88,294.35,7692
2020-01-15,298.98,302.76,294.35,294.77,12596
2020-01-16,300.66,319.58,300.24,314.53,9804
2020-01-19,320.42,337.66,318.74,329.67,9736
2020-01-20,325.89,341.87,309.49,321.68,10761
2020-01-21,325.89,325.89,313.27,317.06,5492
2020-01-22,323.36,325.47,304.86,304.86,6669
2020-01-23,310.75,319.58,303.6,303.6,10650
2020-01-26,306.97,311.17,306.97,309.07,6535
2020-01-27,313.27,324.63,311.17,323.36,7796
2020-01-28,329.67,329.67,321.26,326.31,7422
2020-01-29,331.35,337.66,322.1,337.66,17459
2020-01-30,344.39,365.84,335.56,356.16,25014
2020-02-02,366.68,371.72,359.53,364.99,16382
2020-02-03,365.84,368.36,355.32,367.52,37467
2020-02-04,368.78,370.04,355.32,359.11,10290
2020-02-05,361.63,361.63,354.9,359.53,2833
2020-02-06,361.21,361.21,351.12,355.74,10964
2020-02-09,353.22,362.47,344.81,347.75,11555
2020-02-10,349.02,365.84,349.02,360.37,18815
2020-02-11,367.52,385.6,364.99,382.66,39410
2020-02-12,390.22,409.99,376.35,403.68,52896
2020-02-13,406.62,413.77,402.84,403.68,47528
2020-02-16,407.89,418.82,396.53,414.61,28270
2020-02-17,422.18,427.23,413.77,414.19,12425
2020-02-18,406.62,416.3,399.48,405.78,14111
2020-02-19,399.48,416.3,399.48,414.19,11860
2020-02-20,414.19,436.9,414.19,436.9,25171
2020-02-23,444.47,449.09,428.91,429.75,16229
2020-02-24,429.75,433.12,420.5,425.97,15427
2020-02-25,417.56,441.11,416.3,440.68,20647
2020-02-26,443.63,449.94,433.96,439.0,19106
2020-02-27,430.59,441.95,422.18,428.91,12571
2020-03-01,428.91,421.76,399.06,405.36,24964
2020-03-02,399.48,406.2,386.02,386.02,7586
2020-03-03,386.02,392.75,347.75,364.15,21238
2020-03-04,359.11,374.25,353.22,370.04,29447
2020-03-05,362.89,392.33,361.63,381.81,17573
2020-03-10,389.38,389.38,362.89,362.89,7207
2020-03-11,370.04,391.91,355.74,376.77,10795
2020-03-12,383.5,384.76,351.54,359.53,15945
2020-03-15,352.38,352.38,327.15,335.56,14422
2020-03-16,340.18,354.06,327.15,341.03,22275
2020-03-17,336.82,336.82,321.68,321.68,9288
2020-03-18,315.38,335.98,298.98,318.74,9712
2020-03-19,311.59,332.2,300.24,332.2,15209
2020-03-22,325.89,325.89,319.58,325.47,550
2020-05-12,319.16,319.16,315.8,315.8,20
2020-06-29,315.8,315.8,315.8,309.49,37
2020-06-30,303.6,311.17,303.6,311.17,2324
2020-07-01,316.64,342.29,316.64,340.61,1712
2020-07-02,342.71,342.71,323.36,323.36,1300
2020-07-05,319.58,327.99,309.07,325.05,4832
2020-07-06,325.89,346.07,325.89,343.55,9889
2020-07-07,350.28,366.68,350.28,359.53,6772
2020-07-08,357.85,366.68,347.33,361.21,3583
2020-07-09,367.52,367.52,349.02,358.27,6484
2020-07-12,365.42,394.01,365.42,394.01,28572
2020-07-13,401.58,414.19,391.07,398.21,14337
2020-07-14,405.78,405.78,390.65,397.37,9523
2020-07-15,400.74,401.58,388.12,388.12,8691
2020-07-16,395.69,397.37,373.4,376.35,24863
2020-07-19,382.66,397.79,382.66,397.79,400
2020-07-20,417.56,425.55,371.72,378.45,24310
2020-07-21,378.45,385.18,370.04,378.45,8741
2020-07-22,378.45,379.71,374.25,374.25,6550
2020-07-23,374.25,384.34,374.25,384.34,10896
2020-07-26,386.86,401.58,385.18,390.65,11382
2020-07-27,397.37,398.21,379.71,379.71,10458
2020-07-28,394.43,394.85,380.55,384.76,3507
2020-07-29,365.84,372.98,349.02,358.69,25699
2020-07-30,357.43,361.63,352.8,357.01,12375
2020-08-02,353.22,355.74,329.67,338.5,9077
2020-08-03,334.72,346.07,331.77,341.45,7089
2020-08-05,334.72,341.03,327.57,335.98,4767
2020-08-06,338.08,338.08,327.99,336.4,4963
2020-08-09,330.51,340.61,327.99,338.92,5660
2020-08-10,339.76,356.58,339.76,356.16,6059
2020-08-11,355.32,359.11,346.91,351.12,5152
2020-08-12,351.12,352.8,344.39,349.02,2459
2020-08-13,342.29,346.91,336.82,340.61,2612
2020-08-16,339.76,339.76,333.88,336.4,3184
2020-08-17,338.5,338.5,332.2,332.2,2851
2020-08-18,334.3,342.71,334.3,335.98,3519
2020-08-19,335.98,338.5,332.2,333.88,895
2020-08-20,338.5,344.39,336.4,340.18,1812
2020-08-23,333.88,344.39,333.88,339.76,3588
2020-08-24,346.49,352.38,345.23,351.96,6981
2020-08-25,358.69,363.73,351.12,353.64,4406
2020-08-26,360.37,362.89,357.01,359.53,9963
2020-08-27,365.42,365.42,350.7,356.58,4510
2020-08-30,356.58,357.01,352.38,352.8,1118
2020-08-31,359.11,359.11,345.65,353.64,9624
2020-09-02,358.27,363.31,353.22,355.32,6558
2020-09-03,354.48,362.05,354.48,355.74,4921
2020-09-06,362.47,363.31,352.38,356.58,12299
2020-09-07,372.14,372.14,351.12,353.22,7396
2020-09-08,353.22,357.43,353.22,354.9,3572
2020-09-09,361.21,383.5,356.58,382.66,27075
2020-09-10,387.28,394.43,372.98,383.92,14147
2020-09-13,391.07,391.07,376.35,378.87,8518
2020-09-14,381.81,381.81,365.84,365.84,6387
2020-09-15,365.84,374.25,364.57,365.84,2999
2020-09-16,365.84,369.62,364.15,364.99,2608
2020-09-17,370.04,379.29,369.2,369.62,6930
2020-09-20,376.77,376.77,366.26,366.26,1955
2020-09-21,359.53,373.83,359.53,365.84,2176
2020-09-22,363.73,367.52,359.53,363.73,6044
2020-09-23,370.04,370.04,359.53,363.73,5383
2020-09-24,363.73,365.42,359.53,359.53,7447
2020-09-27,359.11,363.73,359.11,359.53,4508
2020-09-28,359.53,366.68,359.11,359.11,3023
2020-09-29,358.69,359.11,354.9,354.9,3192
2020-09-30,352.8,355.32,350.7,352.38,4467
2020-10-01,353.22,366.68,351.54,361.63,3113
2020-10-04,362.05,365.42,359.53,359.95,4743
2020-10-05,359.95,360.79,357.01,357.01,4119
2020-10-06,353.64,357.43,353.22,357.01,2312
2020-10-07,359.53,361.63,356.58,359.53,3496
2020-10-08,360.37,368.36,359.11,359.11,5841
2020-10-11,376.77,376.77,353.22,355.32,5429
2020-10-12,355.32,361.63,355.32,358.27,1516
2020-10-13,364.57,364.99,355.74,355.74,1510
2020-10-14,373.4,373.4,351.96,352.38,1645
2020-10-15,359.11,359.11,353.22,353.22,720
2020-10-18,353.22,353.22,349.86,349.86,1942
2020-10-19,356.58,356.58,349.02,349.86,2038
2020-10-20,351.54,355.32,350.28,354.9,4665
2020-10-21,361.63,361.63,353.22,361.63,4978
2020-10-22,368.78,368.78,357.43,359.95,940
2020-10-28,365.84,365.84,356.58,361.63,2826
2020-10-29,359.11,361.63,358.27,361.21,5810
2020-11-01,363.73,367.94,361.63,367.52,4000
2020-11-02,367.94,379.71,366.68,378.45,17596
2020-11-03,382.66,384.76,371.3,375.09,17363
2020-11-04,376.35,378.03,369.2,373.4,3206
2020-11-05,377.19,377.19,366.68,367.52,5185
2020-11-08,367.94,374.67,363.73,369.62,5787
2020-11-09,373.4,378.45,371.3,373.4,12915
2020-11-10,378.45,380.55,372.14,373.4,7918
2020-11-11,374.25,376.35,368.78,373.83,9613
2020-11-12,373.83,373.83,367.94,368.36,5075
2020-11-18,370.04,377.19,369.62,371.72,6464
2020-11-19,376.35,378.45,372.14,377.19,11389
2020-11-22,378.45,391.91,374.25,378.87,14124
2020-11-23,374.67,378.45,371.3,371.3,11886
2020-11-24,374.25,384.76,371.72,376.35,9092
2020-11-25,383.5,399.48,380.55,399.48,17455
2020-11-26,410.83,412.09,394.01,394.85,19833
2020-11-29,402.42,418.4,387.7,401.58,34254
2020-11-30,407.89,407.89,394.01,402.42,20082
2020-12-01,394.43,402.42,391.07,394.43,10458
2020-12-02,400.32,433.54,398.63,425.55,44238
2020-12-03,433.54,450.78,419.24,428.91,37104
2020-12-06,420.5,420.5,390.22,395.27,17343
2020-12-07,402.84,417.98,391.07,404.52,11918
2020-12-08,412.09,420.08,399.06,400.32,15876
2020-12-09,392.33,399.48,384.76,390.65,12589
2020-12-10,395.27,400.32,387.7,399.06,6083
2020-12-13,406.62,412.93,398.63,412.09,13724
2020-12-14,420.08,441.53,416.72,439.42,39175
2020-12-15,447.83,459.61,441.53,449.94,53707
2020-12-16,458.77,491.57,449.94,482.73,67257
2020-12-17,476.43,516.8,470.96,483.16,32683
2020-12-20,473.9,477.27,436.9,439.42,43051
2020-12-21,431.01,460.45,412.09,449.52,25968
2020-12-22,471.8,471.8,454.14,468.44,14887
2020-12-23,468.44,468.86,447.83,449.94,14967
2020-12-24,449.94,449.94,437.32,441.11,5769
2020-12-27,439.84,445.73,428.91,433.12,9433
2020-12-28,433.12,441.53,425.13,436.48,8073
2020-12-29,443.63,452.46,439.0,443.63,7887
2020-12-30,442.79,469.7,442.79,464.65,16521
2020-12-31,462.55,473.9,456.24,465.07,18603
2021-01-03,466.76,474.32,458.35,470.54,16064
2021-01-04,479.37,479.37,461.71,462.55,9134
2021-01-05,466.76,470.96,461.71,461.71,5205
2021-01-06,468.44,490.3,462.97,490.3,27108
2021-01-07,494.93,499.98,487.78,491.14,14841
2021-01-10,500.4,510.49,491.99,500.4,22098
2021-01-11,509.23,509.23,479.37,490.72,13459
2021-01-12,487.78,496.19,484.0,491.99,9705
2021-01-13,500.4,536.14,499.13,513.01,33264
2021-01-17,521.42,542.03,512.17,535.72,29080
2021-01-18,545.81,547.07,536.56,547.07,34129
2021-01-19,574.4,574.4,531.93,539.92,20671
2021-01-20,540.76,540.76,529.83,538.66,17055
2021-01-21,534.04,575.67,534.04,571.46,42160
2021-01-24,580.29,603.84,573.98,592.91,30439
2021-01-25,622.34,622.34,569.78,597.95,36758
2021-01-26,601.32,601.32,578.19,588.7,20458
2021-01-27,588.7,630.75,583.23,614.35,35991
2021-01-28,618.14,671.96,618.14,645.47,50687
2021-01-31,639.16,639.16,600.47,618.14,43763
2021-02-01,620.24,628.65,595.01,597.11,30368
2021-02-02,608.88,630.75,598.37,615.61,31206
2021-02-03,622.34,622.34,597.11,603.0,16554
2021-02-04,599.63,649.25,597.11,628.23,28520
2021-02-07,634.96,685.0,634.96,675.32,74807
2021-02-08,688.78,693.41,637.06,643.37,37539
2021-02-09,643.37,645.47,620.66,633.69,18065
2021-02-10,630.75,632.01,613.09,618.56,18417
2021-02-11,618.98,630.75,601.32,604.68,25318
2021-02-14,605.52,616.45,583.23,587.02,17878
2021-02-15,598.37,645.47,598.37,645.47,37751
2021-02-16,658.08,670.28,627.39,634.96,20710
2021-02-17,629.07,638.74,627.81,628.23,17352
2021-02-18,636.64,636.64,621.08,624.02,15740
2021-02-21,641.26,658.08,627.39,633.69,35677
2021-02-22,641.26,641.26,614.77,621.92,22280
2021-02-23,618.14,621.92,600.05,621.92,17922
2021-02-24,634.11,645.47,620.24,624.86,16021
2021-02-25,655.98,655.98,620.24,621.5,28519
2021-02-28,623.83,623.83,586.02,586.5,19073
2021-03-01,577.52,602.57,575.15,595.48,14169
2021-03-02,597.84,603.98,575.15,586.02,9831
2021-03-03,575.15,575.15,558.14,563.34,8879
2021-03-04,571.85,581.77,567.12,576.57,12009
2021-03-08,587.92,587.92,566.65,567.12,6410
2021-03-09,563.34,567.12,553.42,556.72,7959
2021-03-10,556.72,561.45,545.38,560.03,6532
2021-03-14,555.31,555.31,529.79,532.15,11865
2021-03-15,529.31,552.94,521.75,532.15,10128
2021-03-16,538.76,538.76,522.7,525.06,7898
2021-03-17,535.46,543.49,525.06,541.13,11802
2021-03-18,551.52,578.46,541.13,552.94,16449
2021-03-21,556.72,608.24,556.72,608.24,33407
2021-03-22,608.24,633.28,597.84,607.29,40621
2021-03-23,609.65,623.83,597.84,622.42,17721
2021-03-24,619.58,645.1,618.16,641.32,21081
2021-03-25,638.96,651.24,623.83,627.61,14272
2021-03-29,627.61,655.5,627.61,646.99,21630
2021-03-30,652.19,682.91,648.88,675.35,28845
2021-03-31,688.58,688.58,650.3,665.89,14584
2021-04-01,665.89,674.87,656.91,657.86,14439
2021-04-04,647.94,661.64,647.94,653.13,12123
2021-04-05,653.13,660.22,644.63,653.61,8188
2021-04-06,647.94,670.62,647.94,666.84,17675
2021-04-07,638.01,690.47,638.01,680.54,28704
2021-04-08,693.31,697.09,680.54,692.36,20368
2021-04-12,701.81,732.53,697.56,718.35,37783
2021-04-13,690.0,731.59,690.0,705.59,41985
2021-04-15,708.9,711.26,697.56,702.28,11009
2021-04-18,694.72,701.81,688.11,688.11,14111
2021-04-19,676.29,693.31,675.82,677.24,10206
2021-04-20,645.1,690.0,645.1,677.24,6976
2021-04-21,680.54,680.54,659.75,661.17,9909
2021-04-22,658.33,682.91,635.65,682.91,11178
2021-04-25,685.27,685.27,657.86,661.64,10699
2021-04-26,650.3,661.64,637.54,641.32,13375
2021-04-27,654.08,674.87,641.32,673.46,19150
2021-04-28,682.91,682.91,659.28,663.53,7159
2021-04-29,671.09,671.09,662.11,667.31,4585
2021-05-02,657.39,691.89,656.91,691.41,25715
2021-05-03,698.98,701.81,684.8,685.27,22312
2021-05-04,689.52,711.26,686.22,706.54,30661
2021-05-05,739.62,739.62,697.56,705.12,24037
2021-05-06,706.07,706.07,679.13,687.16,23246
2021-05-09,690.0,694.72,674.87,675.82,10451
2021-05-10,667.78,691.41,667.78,685.27,12261
2021-05-11,682.91,710.79,682.91,704.17,27408
2021-05-12,704.17,709.37,698.5,699.92,8468
2021-05-13,699.92,707.01,699.45,700.87,13768
2021-05-16,713.63,722.61,704.65,709.37,16199
2021-05-17,744.82,744.82,711.26,713.63,22267
2021-05-18,714.57,745.29,713.63,739.15,32637
2021-05-19,746.71,753.8,723.08,725.44,28674
2021-05-20,732.53,737.26,719.77,726.86,15632
2021-05-23,713.63,732.53,712.68,727.33,25844
2021-05-24,737.26,745.76,720.72,728.28,15888
2021-05-25,724.02,741.04,719.3,727.33,21103
2021-05-27,691.41,717.88,691.41,708.43,45911
2021-05-30,704.17,741.51,695.2,709.37,39542
2021-05-31,713.63,717.88,691.89,695.2,15207
2021-06-01,708.9,708.9,689.05,690.47,9197
2021-06-02,690.47,715.04,687.63,715.04,28201
2021-06-03,715.04,730.17,710.32,715.99,21549
2021-06-06,727.8,729.7,701.81,704.17,13425
2021-06-07,706.07,708.43,694.72,697.09,9655
2021-06-08,731.59,731.59,689.52,691.41,15220
2021-06-09,704.65,708.9,690.0,698.5,8101
2021-06-10,698.5,699.45,685.74,685.74,10622
2021-06-13,688.58,693.78,681.49,682.44,13360
2021-06-14,692.36,692.36,680.54,682.44,8380
2021-06-15,678.18,691.41,674.87,682.44,12642
2021-06-16,681.96,739.62,678.65,706.54,36575
2021-06-17,713.63,713.63,689.05,697.09,9165
2021-06-20,690.0,700.39,668.73,681.96,12401
2021-06-21,695.2,695.2,652.19,656.91,16374
2021-06-22,669.68,675.82,647.94,675.82,16839
2021-06-23,709.37,709.37,652.19,661.17,14649
2021-06-24,648.88,654.08,641.32,646.05,8232
2021-06-27,641.79,649.83,636.12,645.1,9403
2021-06-28,646.52,675.82,646.52,665.42,14687
2021-06-29,698.5,711.26,661.64,666.37,13872
2021-06-30,653.13,666.37,653.13,665.89,6917
2021-07-01,677.24,677.24,656.91,656.91,4251
2021-07-04,664.0,664.0,650.3,650.77,3227
2021-07-05,647.46,649.83,642.74,642.74,6677
2021-07-06,655.5,655.5,639.9,651.24,4100
2021-07-07,683.38,683.38,652.19,656.91,7958
2021-07-08,653.13,674.87,653.13,672.98,9478
2021-07-11,675.82,692.36,675.82,692.36,8935
2021-07-12,694.72,706.07,661.64,672.04,26460
2021-07-13,677.24,694.72,677.24,690.0,8192
2021-07-14,690.94,694.72,676.76,690.94,5850
2021-07-15,685.27,708.9,684.8,708.9,13702
2021-07-18,721.66,747.18,718.35,745.29,38752
2021-07-19,749.07,756.16,727.8,731.11,25842
2021-07-20,737.73,737.73,708.9,715.99,25963
2021-07-22,713.63,720.72,708.9,710.79,11169
2021-07-25,710.79,718.35,708.9,716.94,11319
2021-07-26,723.08,747.18,723.08,737.26,34078
2021-07-27,722.51,730.17,705.17,725.44,25556
2021-07-28,736.78,737.73,722.13,733.48,15383
2021-07-29,737.26,741.94,727.33,731.59,17037
2021-08-01,742.46,742.46,720.72,723.08,14917
2021-08-02,735.84,744.35,726.86,744.35,30410
2021-08-03,749.07,796.33,746.71,776.96,66022
2021-08-04,784.52,790.66,747.65,749.12,32077
2021-08-05,746.71,756.16,729.7,740.57,25251
2021-08-08,731.11,741.98,717.41,721.19,15108
2021-08-09,718.83,723.08,707.11,713.63,31215
2021-08-10,714.1,732.53,708.9,723.08,13006
2021-08-11,725.44,725.91,715.99,715.99,5459
2021-08-12,715.99,730.17,712.21,724.97,12117
2021-08-15,727.8,753.75,716.46,736.31,35359
2021-08-16,750.49,755.69,739.15,746.71,21442
2021-08-17,751.44,751.44,733.0,733.0,11619
2021-08-18,733.0,733.0,711.26,730.17,10408
2021-08-19,727.8,734.89,721.19,725.91,16006
2021-08-24,725.91,739.62,723.08,723.08,9321
2021-08-25,723.08,732.53,714.19,716.94,10864
2021-08-26,718.35,725.44,709.85,721.19,12866
2021-08-29,723.08,723.55,701.81,707.01,15121
2021-08-31,692.88,706.07,692.36,701.81,12575
2021-09-01,687.78,708.9,687.78,690.0,15825
2021-09-02,694.72,712.68,685.74,694.72,14221
2021-09-05,681.02,690.0,667.55,679.6,16494
2021-09-06,685.27,708.9,655.5,697.56,12656
2021-09-07,694.72,723.08,676.76,711.26,34235
2021-09-08,725.49,782.39,725.49,760.89,150202
2021-09-09,776.01,776.01,745.76,750.96,58349
2021-09-12,765.94,765.94,744.35,750.02,39566
2021-09-13,750.02,763.72,741.98,746.24,37911
2021-09-14,761.12,761.12,742.12,751.44,20740
2021-09-15,760.84,760.84,739.62,748.6,9416
2021-09-16,743.35,743.35,725.91,727.8,30083
2021-09-20,742.36,742.36,715.99,722.13,17188
2021-09-21,716.94,737.26,699.92,723.08,17708
2021-09-22,737.26,751.91,728.28,732.53,14195
2021-09-23,747.18,747.18,732.53,733.15,11572
2021-09-26,733.48,733.48,722.61,723.08,9717
2021-09-27,723.08,723.08,704.17,704.17,11552
2021-09-28,704.17,717.36,685.27,687.63,14335
2021-09-29,694.72,708.43,690.0,695.2,8027
2021-09-30,708.9,708.9,690.0,691.89,6935
2021-10-03,690.0,705.59,690.0,692.79,7814
2021-10-04,692.79,713.15,682.91,707.25,8295
2021-10-05,718.35,726.86,706.54,718.35,7641
2021-10-06,732.72,756.11,720.72,755.22,30296
2021-10-10,770.29,770.29,739.62,741.98,20549
2021-10-11,741.98,741.98,723.55,730.17,11790
2021-10-17,743.87,743.87,729.22,734.89,1807
2021-10-18,734.89,734.89,713.63,718.35,5804
2021-10-19,704.65,708.9,688.11,703.7,11691
2021-10-20,717.41,718.26,704.17,708.9,2917
2021-10-21,722.61,723.08,694.77,707.96,5616
2021-10-24,722.09,730.64,715.52,729.22,12766
2021-10-25,738.2,741.98,725.44,741.51,19593
2021-10-26,746.71,755.64,737.26,743.4,20708
2021-10-27,746.76,754.22,737.3,745.29,26031
2021-10-28,760.18,760.37,744.35,751.44,95426
2021-10-31,766.44,776.84,753.8,764.43,11344
2021-11-01,764.43,775.66,748.6,752.62,6903
2021-11-02,752.62,752.62,739.62,749.66,5436
2021-11-03,750.84,756.16,736.67,739.03,5025
2021-11-08,753.8,758.52,732.59,738.44,3084
2021-11-09,738.44,751.38,707.13,707.13,12105
2021-11-11,707.13,717.76,689.41,689.41,8834
2021-11-14,697.09,700.04,685.27,687.04,5800
2021-11-15,697.09,705.95,686.45,697.09,8059
2021-11-16,708.31,720.72,697.09,711.85,4263
2021-11-17,712.45,726.03,697.09,706.54,5570
2021-11-18,720.13,720.13,683.5,690.0,8251
2021-11-21,697.09,703.58,688.82,688.82,5515
2021-11-22,700.04,701.81,687.04,691.18,3190
2021-11-23,691.18,697.09,685.27,691.18,3910
2021-11-24,691.18,697.09,679.36,691.18,3133
2021-11-25,691.18,697.09,679.36,680.66,2417
2021-11-28,668.14,679.36,654.55,661.64,4867
2021-11-29,658.69,674.64,640.96,644.51,5192
2021-11-30,656.32,656.32,633.4,637.42,3167
2021-12-01,649.83,649.83,640.96,648.64,2339
2021-12-02,649.83,649.83,627.97,632.1,3248
2021-12-05,629.74,635.06,596.3,612.61,4937
2021-12-06,600.79,620.29,588.8,614.38,4428
2021-12-07,620.29,632.1,607.88,607.88,2757
2021-12-08,607.29,614.38,581.89,590.16,5778
2021-12-09,601.68,601.68,578.46,581.3,3005
2021-12-12,581.3,581.3,555.9,555.9,8308
2021-12-13,545.26,549.4,525.77,536.93,7419
2021-12-14,543.49,575.39,543.49,575.39,1582
2021-12-15,586.62,597.84,561.21,561.21,5230
2021-12-16,558.26,558.26,538.76,547.04,3783
2021-12-20,557.67,561.21,537.58,546.39,1714
2021-12-21,557.26,565.94,554.12,560.33,2589
2021-12-22,571.49,581.89,567.12,581.89,4881
2021-12-23,593.53,599.02,578.4,584.25,4257
2021-12-26,587.8,616.15,587.8,616.15,9786
2021-12-27,627.97,653.37,584.9,600.2,11194
2021-12-28,588.39,607.88,584.9,602.57,3165
2021-12-29,611.43,611.43,599.61,607.29,1183
2022-01-02,619.11,632.1,607.0,626.2,6585
2022-01-03,638.6,664.59,638.01,661.64,12115
2022-01-04,674.87,685.27,636.83,679.36,12304
2022-01-05,692.95,692.95,652.84,663.94,8131
2022-01-06,677.18,702.99,657.51,702.99,3965
2022-01-09,708.31,716.58,697.09,703.58,11202
2022-01-10,708.9,708.9,688.93,694.13,6382
2022-01-11,700.04,736.67,696.5,727.21,11768
2022-01-12,732.53,740.8,700.63,713.04,7934
2022-01-13,713.04,735.48,710.08,734.89,7654
2022-01-16,734.89,763.84,738.44,747.3,8524
2022-01-17,755.57,755.57,730.17,732.53,6409
2022-01-18,746.71,746.71,712.45,720.72,6798
2022-01-19,735.13,735.13,697.15,697.15,4290
2022-01-20,700.04,711.85,691.18,711.26,7653
2022-01-23,720.13,720.6,702.99,703.58,7584
2022-01-24,703.58,703.58,675.23,685.86,11035
2022-01-25,679.36,697.09,659.99,674.11,7994
2022-01-26,667.55,674.64,655.73,662.23,4398
2022-01-27,667.55,673.99,645.69,653.96,7840
2022-01-30,661.64,691.18,661.64,691.18,5943
2022-01-31,700.04,701.81,682.91,687.63,6634
2022-02-01,677.65,694.13,677.0,694.13,2222
2022-02-03,697.09,704.17,684.68,684.68,6657
2022-02-06,672.87,677.0,661.64,670.5,3091
2022-02-07,679.3,679.36,664.0,672.27,2315
2022-02-08,684.68,694.13,662.23,664.59,5666
2022-02-09,658.69,664.0,649.24,649.83,5286
2022-02-10,640.37,658.1,640.37,653.37,3537
2022-02-13,640.96,641.73,622.65,623.24,6442
2022-02-14,623.24,629.15,616.15,627.97,3025
2022-02-15,623.89,644.51,623.89,644.51,4236
2022-02-16,648.64,649.83,636.89,649.24,2286
2022-02-17,636.36,648.64,636.24,646.87,2498
2022-02-20,633.93,640.37,621.29,635.06,3535
2022-02-21,632.69,636.83,611.96,629.74,5663
2022-02-22,630.92,639.19,617.16,631.51,2870
2022-02-23,638.01,638.01,625.01,625.01,3426
2022-02-24,614.38,620.29,599.61,605.52,8103
2022-02-27,611.43,617.33,596.66,596.66,3459
2022-02-28,603.75,603.75,590.16,590.75,3383
2022-03-02,581.89,589.57,573.09,573.15,4851
2022-03-06,581.89,587.21,570.37,578.94,2396
2022-03-07,590.16,590.16,578.94,581.3,3027
2022-03-09,590.75,590.75,575.51,575.51,1678
2022-03-10,575.39,589.57,575.39,588.98,3454
2022-03-13,596.66,623.24,596.66,614.38,7564
2022-03-14,617.33,625.61,610.25,620.29,2085
2022-03-15,617.93,617.93,595.77,602.57,6421
2022-03-16,613.79,620.29,599.61,602.57,3678
2022-03-20,596.07,602.57,590.16,601.98,3197
2022-03-21,593.7,610.54,592.94,610.25,2255
2022-03-22,611.43,617.93,609.65,612.02,2081
2022-03-23,604.34,611.43,601.44,601.44,3128
2022-03-24,596.72,631.51,594.89,629.15,9326
2022-03-27,617.33,617.93,605.52,605.52,7137
2022-03-28,600.32,606.11,596.66,596.66,3336
2022-03-29,595.48,603.75,590.16,602.57,12530
2022-03-30,602.57,629.15,596.66,629.15,5359
2022-03-31,626.2,626.2,605.52,605.52,3694
2022-04-03,599.61,599.61,593.82,594.89,1959
2022-04-04,596.66,596.66,588.51,588.51,5676
2022-04-05,600.26,600.26,578.94,587.8,3949
2022-04-06,577.75,590.75,570.07,570.07,5827
2022-04-07,578.94,590.75,573.03,584.84,5956
2022-04-11,580.12,589.57,572.61,572.61,3175
2022-04-12,564.17,584.25,561.21,564.17,3931
2022-04-13,564.17,575.45,561.21,575.45,1060
2022-04-17,586.91,586.91,562.99,562.99,1979
2022-04-18,552.65,561.21,549.99,560.62,4246
2022-04-19,555.31,571.26,544.44,570.67,3529
2022-04-20,571.26,571.26,544.67,546.44,2322
2022-04-21,557.08,557.08,534.63,549.4,3427
2022-04-24,559.44,574.21,543.49,568.89,2208
2022-04-25,568.89,580.24,557.61,557.61,3870
2022-04-26,557.67,562.99,553.53,558.26,859
2022-04-27,555.31,557.08,549.58,557.08,815
2022-04-28,564.17,564.17,544.79,544.79,2875
2022-05-02,541.13,543.49,531.73,535.22,1739
2022-05-04,545.91,545.91,534.63,535.22,1431
2022-05-05,528.72,531.68,515.19,525.18,3367
2022-05-08,525.77,546.44,519.86,546.44,1449
2022-05-09,557.37,557.37,528.72,528.72,3299
2022-05-10,538.76,543.49,537.58,540.6,577
2022-05-11,546.44,560.39,541.72,560.39,3142
2022-05-12,571.55,571.55,540.54,548.22,8634
2022-05-17,546.44,550.52,524.65,525.77,4361
2022-05-18,528.72,534.57,518.21,534.57,943
2022-05-19,543.49,543.49,522.22,537.52,980
2022-05-20,548.22,548.22,526.83,534.63,1580
2022-05-23,534.04,534.04,513.95,525.18,3149
2022-05-24,535.63,535.63,521.63,529.84,1569
2022-05-25,529.31,534.04,526.36,532.27,176
2022-05-26,525.77,531.68,525.77,525.77,895
2022-05-27,519.86,528.72,518.38,528.72,1812
2022-05-30,539.3,539.3,511.0,512.83,2448
2022-05-31,503.32,512.77,496.29,499.18,3814
2022-06-01,502.73,502.73,490.32,501.55,1857
2022-06-02,492.15,500.37,492.15,493.28,588
2022-06-03,487.96,487.96,475.55,476.2,3543
2022-06-06,481.46,490.32,479.69,483.82,2581
2022-06-07,484.42,484.42,467.28,470.83,3726
2022-06-08,476.74,493.87,475.55,485.6,1566
2022-06-09,495.05,509.17,483.23,483.23,3621
2022-06-10,474.43,486.78,474.37,475.85,1453
2022-06-13,472.6,478.51,472.6,473.19,885
2022-06-14,472.6,475.55,466.69,472.6,2325
2022-06-15,482.05,482.05,454.35,460.79,2523
2022-06-16,452.52,461.38,452.52,460.79,3386
2022-06-17,460.79,463.74,460.79,460.79,607
2022-06-19,451.98,457.83,446.08,446.08,1395
2022-06-20,446.02,448.97,431.9,434.79,4462
2022-06-21,443.36,466.69,440.11,461.97,1333
2022-06-22,460.19,460.79,448.97,448.97,1675
2022-06-23,440.17,440.17,434.2,437.16,2162
2022-06-24,428.89,453.7,428.89,453.7,1507
2022-06-26,462.56,496.23,462.56,493.28,5066
2022-06-27,502.73,502.73,472.6,472.6,3790
2022-06-28,463.15,469.59,456.65,463.74,1711
2022-06-29,463.74,491.5,463.74,491.5,3300
2022-06-30,484.47,516.91,484.47,508.05,5895
2022-07-01,508.05,516.91,499.18,505.09,3649
2022-07-03,515.13,517.44,502.26,511.0,4296
2022-07-04,517.5,525.77,483.41,502.73,8825
2022-07-05,492.69,505.09,477.33,481.46,5370
2022-07-06,472.01,490.32,466.1,481.46,1872
2022-07-07,487.37,494.46,472.6,472.6,3680
2022-07-08,481.46,481.46,463.74,466.22,952
2022-07-11,457.0,462.56,454.88,461.97,3581
2022-07-12,466.1,478.51,466.1,475.55,1153
2022-07-13,466.87,496.82,466.87,496.82,3406
2022-07-14,506.27,508.05,489.2,499.18,2955
2022-07-15,489.73,502.73,489.26,502.73,400
2022-07-17,508.05,509.23,496.23,499.18,2365
2022-07-18,494.46,511.0,494.46,502.14,3626
2022-07-19,509.23,516.91,499.78,513.95,2786
2022-07-20,503.79,524.0,503.79,508.16,3499
2022-07-21,509.94,516.91,508.16,512.18,2660
2022-07-22,501.96,511.0,495.64,498.12,2729
2022-07-24,508.05,525.77,498.0,525.12,7656
2022-07-25,532.86,548.81,526.95,542.31,8023
2022-07-26,537.58,538.23,520.45,525.77,7647
2022-07-27,516.32,543.37,506.27,543.37,6116
2022-07-28,552.35,567.12,534.63,543.49,8810
2022-07-29,550.58,572.38,546.44,572.38,3668
2022-07-31,583.07,583.66,570.25,577.16,7888
2022-08-01,577.16,584.25,568.3,574.21,12941
2022-08-02,574.21,581.89,568.89,581.89,8352
2022-08-03,584.84,592.52,573.03,588.98,7892
2022-08-04,577.34,584.25,567.71,571.85,6031
2022-08-05,577.75,578.88,558.26,558.85,5099
2022-08-07,569.48,590.16,567.12,581.89,10911
2022-08-08,590.75,599.55,582.48,588.39,11877
2022-08-09,578.94,581.3,567.95,573.03,9145
2022-08-10,561.8,573.62,561.8,573.62,6629
2022-08-11,562.99,584.84,562.99,565.35,5320
2022-08-14,572.44,577.16,558.26,558.26,4498
2022-08-15,558.85,579.53,558.26,574.8,14020
2022-08-16,584.84,584.84,570.07,573.03,6176
2022-08-17,575.39,578.94,571.26,573.62,1046
2022-08-18,578.94,584.84,576.1,576.1,3131
2022-08-21,578.99,584.84,577.16,580.12,1500
2022-08-22,575.98,580.12,574.21,578.94,1586
2022-08-23,584.84,584.84,570.67,578.94,2816
2022-08-24,582.48,582.48,573.62,575.98,530
2022-08-25,570.07,581.3,568.89,575.39,2831
2022-08-26,581.89,583.66,564.23,567.71,1355
2022-08-28,558.26,575.98,538.17,555.9,4167
2022-08-29,559.44,561.21,552.35,553.0,1959
2022-08-30,562.87,562.87,541.72,551.17,3015
2022-08-31,558.26,558.26,529.9,529.9,2905
2022-09-01,534.63,540.48,524.59,539.95,4881
2022-09-02,535.22,545.85,532.27,541.66,288
2022-09-04,546.44,546.44,536.4,542.9,1605
2022-09-05,551.76,551.76,531.68,531.68,5725
2022-09-06,526.95,531.08,513.95,513.95,7136
2022-09-07,511.89,522.11,511.89,513.95,1128
2022-09-08,523.94,523.94,513.48,515.19,807
2022-09-11,522.81,522.81,511.0,517.5,929
2022-09-12,516.32,516.32,507.16,513.95,666
2022-09-13,521.04,521.04,513.95,521.04,2157
2022-09-14,521.04,537.58,521.04,537.58,4170
2022-09-15,527.54,540.54,515.73,515.78,1628
2022-09-16,508.05,513.36,497.41,511.0,1689
2022-09-18,502.79,502.79,490.91,496.82,2856
2022-09-20,486.9,486.9,478.51,481.46,2497
2022-09-21,490.85,500.66,481.46,490.32,1936
2022-09-22,487.37,490.32,472.66,475.55,2126
2022-09-25,466.69,475.55,466.1,470.24,1920
2022-09-27,477.33,487.37,460.84,460.84,2504
2022-09-28,466.69,472.6,466.69,469.65,1193
2022-09-29,475.55,483.18,472.6,483.18,1272
2022-10-09,492.69,496.23,490.32,496.23,705
2022-10-10,493.87,498.59,482.64,484.42,1887
2022-10-11,475.55,482.64,473.78,482.05,296
2022-10-12,476.32,495.64,476.32,492.69,2437
2022-10-13,501.55,503.32,491.5,493.28,2783
2022-10-16,493.28,493.28,484.42,487.37,2776
2022-10-17,493.22,496.17,484.42,484.42,618
2022-10-19,484.42,484.42,474.37,479.1,1429
2022-10-20,472.6,485.01,472.6,485.01,990
2022-10-23,475.55,486.78,475.55,486.78,674
2022-10-31,484.42,487.96,477.33,480.87,1140
2022-11-01,483.82,502.14,482.05,494.46,5692
2022-11-02,493.28,502.14,484.42,492.69,4815
2022-11-03,485.6,490.32,484.42,489.73,1270
2022-11-06,490.32,512.18,490.32,511.0,3815
2022-11-07,513.95,524.59,502.14,513.95,3856
2022-11-08,516.91,516.91,501.55,502.14,1601
2022-11-09,499.18,499.18,487.37,487.37,2110
2022-11-10,479.1,487.96,472.66,475.55,3032
2022-11-13,475.55,480.28,468.94,475.55,4124
2022-11-14,467.28,476.74,467.28,474.96,1467
2022-11-15,474.96,478.51,466.69,477.92,2246
2022-11-16,481.46,483.82,473.84,474.96,7106
2022-11-17,476.74,484.36,476.15,483.82,1143
2022-11-22,483.23,483.23,472.6,472.6,1157
2022-11-23,473.19,473.19,467.28,472.01,1307
2022-11-24,472.6,473.19,470.83,473.19,583
2022-11-27,481.46,490.32,477.33,490.32,1577
2022-11-28,496.23,496.23,474.96,483.23,1081
2022-11-29,478.51,487.96,473.78,487.96,945
2022-11-30,497.41,497.41,484.42,492.63,1978
2022-12-01,493.28,500.96,487.37,491.8,3956
2022-12-04,495.64,502.14,493.34,502.14,1627
2022-12-05,493.28,493.28,482.64,493.28,1405
2022-12-06,490.32,500.37,490.32,498.0,5499
2022-12-07,490.38,493.28,487.96,487.96,2421
2022-12-11,488.55,488.55,478.51,478.51,1861
2022-12-12,484.42,491.5,477.33,485.01,2002
2022-12-13,483.23,495.05,483.23,495.05,1018
2022-12-14,504.5,504.5,483.82,492.1,684
2022-12-15,483.23,485.01,472.01,472.6,10134
2022-12-18,472.6,472.6,467.34,472.6,522
2022-12-19,468.47,475.55,468.47,469.06,470
2022-12-20,475.55,478.51,473.19,474.37,945
2022-12-21,472.6,472.6,467.28,467.99,1062
2022-12-22,477.33,486.78,473.19,477.33,2429
2022-12-26,486.19,496.23,478.51,490.32,4005
2022-12-27,499.18,509.76,494.46,497.41,5099
2022-12-28,504.5,505.68,489.2,493.22,2337
2022-12-29,487.96,525.18,484.12,525.18,5954
2023-01-01,525.18,525.77,505.09,507.45,7331
2023-01-02,500.37,517.56,500.37,516.91,5399
2023-01-03,506.69,538.76,499.78,520.33,18797
2023-01-04,519.86,570.07,519.86,570.07,15091
2023-01-05,581.48,596.66,571.26,588.39,19832
2023-01-08,584.84,599.61,573.03,590.75,24775
2023-01-09,578.94,602.57,578.94,600.2,11713
2023-01-10,602.57,620.29,591.93,613.2,24217
2023-01-12,625.43,658.69,618.22,620.88,63872
2023-01-17,626.25,633.28,607.88,626.2,32945
2023-01-18,636.83,637.42,625.07,626.79,22702
2023-01-19,626.2,633.28,620.88,625.61,8718
2023-01-23,632.1,637.42,607.88,607.88,4872
2023-01-24,607.88,613.2,596.66,613.2,3761
2023-01-25,621.47,622.65,614.38,615.56,1692
2023-01-26,624.42,624.42,612.02,612.67,966
2023-01-29,612.02,612.02,601.38,610.84,4068
2023-01-30,602.57,602.57,591.34,591.34,6341
2023-01-31,593.7,593.7,582.66,584.84,1951
2023-02-01,584.84,584.84,578.94,581.95,1402
2023-02-02,593.59,593.59,572.44,572.44,3515
2023-02-05,578.35,583.84,567.12,567.12,7694
2023-02-06,564.23,573.03,564.17,567.12,1892
2023-02-07,567.12,591.93,567.12,590.75,6152
2023-02-08,596.66,602.57,584.84,594.89,7653
2023-02-09,588.39,593.7,582.48,591.34,3899
2023-02-12,588.39,588.39,575.98,577.75,5364
2023-02-14,567.12,571.85,564.29,564.29,5348
2023-02-15,567.12,574.8,560.03,560.03,2587
2023-02-16,560.03,560.09,549.4,549.4,2236
2023-02-20,549.4,549.4,538.76,539.41,2475
2023-02-22,541.13,548.81,537.58,537.58,3412
2023-02-23,531.68,531.68,483.82,483.82,19520
2023-02-26,474.2,496.82,457.83,492.39,10571
2023-02-27,502.2,505.15,472.6,492.69,6725
2023-02-28,493.28,496.23,481.46,481.46,4228
2023-03-01,475.55,481.46,472.01,477.27,4142
2023-03-02,467.76,476.62,463.15,472.6,4340
2023-03-05,479.69,479.69,463.15,464.68,4008
2023-03-07,465.51,471.42,463.74,463.74,5501
2023-03-09,468.47,481.46,468.47,480.87,3932
2023-03-12,489.73,491.5,481.46,481.46,7495
2023-03-13,491.09,491.09,476.15,478.51,28134
2023-03-14,478.56,487.2,468.47,470.63,5981
2023-03-15,461.98,461.98,451.89,451.89,2747
2023-03-16,458.38,458.38,432.5,436.03,7011
2023-03-19,442.52,442.52,433.94,433.94,586
2023-03-20,436.75,439.64,430.99,433.15,2186
2023-03-22,433.15,436.75,428.83,432.43,2499
2023-03-23,428.83,428.83,422.34,423.78,2126
2023-03-26,415.85,416.43,407.2,407.2,5174
2023-03-27,399.28,407.2,389.19,403.6,7206
2023-03-28,403.67,426.59,395.53,417.29,6825
2023-03-29,410.81,419.46,410.81,414.56,1984
2023-03-30,417.29,420.9,415.13,415.13,2230
2023-04-02,415.13,423.06,406.92,414.41,1734
2023-04-03,406.48,415.13,400.0,402.23,12049
2023-04-04,408.79,410.16,400.0,400.07,2760
2023-04-05,408.07,430.05,403.6,415.85,5424
2023-04-06,418.02,444.68,410.81,427.38,5532
2023-04-09,433.08,433.08,412.25,412.25,2089
2023-04-10,412.97,423.78,404.03,421.62,3131
2023-04-11,415.85,428.11,403.6,423.78,3859
2023-04-12,423.78,440.29,423.78,440.29,5105
2023-04-13,433.15,443.24,427.38,432.43,2866
2023-04-16,423.78,436.03,423.78,436.03,882
2023-04-17,438.2,438.2,420.18,420.18,655
2023-04-18,421.62,425.15,415.13,422.27,166
2023-04-19,419.46,425.22,419.46,425.22,131
2023-04-20,433.15,433.15,421.62,428.03,1381
2023-04-23,419.6,420.25,417.65,417.65,251
2023-04-24,410.09,419.46,409.44,419.46,671
2023-04-25,415.13,419.46,411.53,414.41,1471
2023-04-26,410.09,415.13,409.37,415.13,1621
2023-04-27,407.93,412.25,407.93,412.25,961
2023-04-30,409.37,410.81,407.93,407.93,1316
2023-05-02,404.32,405.26,395.6,397.11,2921
2023-05-03,404.32,404.32,396.39,396.39,994
2023-05-04,404.32,404.32,397.11,403.53,311
2023-05-07,411.53,411.53,389.19,389.26,1462
2023-05-08,389.91,396.39,387.75,389.19,482
2023-05-09,389.19,396.39,389.19,396.39,578
2023-05-10,399.28,400.72,396.39,400.72,785
2023-05-11,397.11,400.0,394.95,394.95,1005
2023-05-14,389.19,394.95,382.05,387.1,1647
2023-05-15,387.1,389.62,380.54,385.58,2511
2023-05-16,392.07,397.11,376.93,397.11,2583
2023-05-17,403.6,403.6,397.84,402.16,1871
2023-05-18,410.09,418.02,406.48,415.78,3287
2023-05-21,423.78,423.78,405.84,410.09,2522
2023-05-22,402.95,415.85,401.51,415.85,925
2023-05-23,423.78,441.08,415.35,441.08,4564
2023-05-24,441.08,464.79,437.47,444.68,3292
2023-05-28,453.33,453.33,427.74,427.74,6550
2023-05-30,421.62,423.42,413.69,413.69,3049
2023-05-31,405.76,412.25,396.39,397.84,6286
2023-06-01,393.51,405.76,384.93,400.0,3324
2023-06-04,408.0,421.47,403.6,420.18,2507
2023-06-05,414.41,432.43,414.41,419.46,5368
2023-06-06,421.62,428.83,415.49,428.83,3902
2023-06-07,436.75,447.2,430.27,438.2,13826
2023-06-08,440.36,450.59,436.83,440.5,2498
2023-06-11,440.5,454.05,439.71,454.05,11858
2023-06-12,461.98,461.98,445.55,456.5,10472
2023-06-13,456.21,491.1,451.96,476.32,12461
2023-06-14,485.11,493.69,469.91,483.6,18287
2023-06-15,479.28,480.0,470.41,475.74,4200
2023-06-18,471.35,489.37,471.35,487.92,4361
2023-06-19,486.48,495.85,473.51,473.51,10938
2023-06-20,469.19,482.95,463.42,464.86,10529
2023-06-21,472.07,472.07,456.21,464.79,7340
2023-06-22,466.3,472.07,459.1,459.1,2266
2023-06-25,459.1,479.06,454.92,477.83,3788
2023-06-26,487.2,504.5,487.2,497.29,25363
2023-06-27,507.24,546.3,498.81,546.3,33051
2023-06-28,547.74,552.07,514.59,524.68,11391
2023-07-02,516.03,517.11,495.85,495.85,13387
2023-07-03,487.2,510.92,482.88,487.92,4916
2023-07-04,497.37,501.62,482.88,493.62,20401
2023-07-05,502.34,502.34,469.91,469.91,5496
2023-07-06,475.67,478.56,466.3,468.47,2903
2023-07-09,472.07,494.7,470.63,494.7,6770
2023-07-10,484.83,515.31,481.44,497.22,14055
2023-07-11,487.92,507.1,487.92,495.56,13007
2023-07-12,490.09,512.43,485.98,512.43,16758
2023-07-13,522.66,522.66,508.1,508.1,10494
2023-07-16,508.1,510.99,498.81,508.1,4968
2023-07-17,498.01,518.92,498.01,518.92,7365
2023-07-18,518.92,533.33,511.71,532.61,18664
2023-07-19,526.12,531.1,522.52,526.12,10089
2023-07-20,526.84,526.84,516.75,524.68,7254
2023-07-23,520.36,577.15,517.55,576.57,20561
2023-07-24,576.57,576.57,543.42,547.74,23764
2023-07-25,554.95,560.72,536.93,558.55,17630
2023-07-26,558.55,565.62,536.93,544.14,12120
2023-07-27,533.33,544.07,522.66,522.66,15417
2023-07-30,533.11,533.11,512.21,513.15,2641
2023-07-31,515.31,521.8,508.1,518.19,9359
2023-08-01,518.19,528.5,501.62,514.59,6547
2023-08-02,524.68,524.68,497.29,513.87,2565
2023-08-03,510.27,520.36,504.5,511.71,2623
2023-08-06,509.55,509.55,478.56,499.02,8589
2023-08-07,490.09,511.71,486.56,497.29,2261
2023-08-08,507.24,547.02,487.35,547.02,12657
2023-08-09,557.91,557.91,494.34,513.8,8144
2023-08-10,503.56,523.24,499.46,511.71,5437
2023-08-13,521.8,552.79,493.69,511.64,1737
2023-08-14,518.19,518.19,495.85,502.99,1573
2023-08-15,500.9,503.06,488.65,496.57,4010
2023-08-16,486.7,516.03,469.69,515.31,11928
2023-08-17,511.71,511.71,490.09,499.38,2934
2023-08-20,490.09,497.22,485.76,488.65,6965
2023-08-21,482.88,488.65,473.51,473.51,5233
2023-08-22,482.95,482.95,472.07,480.72,1540
2023-08-23,487.2,488.65,478.92,478.92,1452
2023-08-24,469.4,482.16,461.26,462.7,8279
2023-08-27,462.7,465.58,454.2,457.65,3192
2023-08-28,466.3,468.47,458.02,467.67,3720
2023-08-29,474.95,474.95,459.1,463.42,753
2023-08-30,454.2,468.97,454.2,463.85,1180
2023-09-03,454.77,459.82,450.45,459.82,921
2023-09-04,454.05,467.74,451.24,456.93,1769
2023-09-05,447.85,464.72,447.85,454.77,932
2023-09-07,450.45,453.33,443.24,448.29,2277
2023-09-10,453.33,453.33,439.64,452.54,1975
2023-09-11,448.36,461.26,448.36,459.46,2095
2023-09-12,457.65,468.39,457.58,464.0,2598
2023-09-13,472.72,472.72,463.42,472.07,5681
2023-09-17,472.79,472.79,459.82,468.47,7925
2023-09-18,459.1,467.02,459.1,461.26,430
2023-09-19,460.18,475.67,460.18,475.67,8913
2023-09-21,466.3,489.51,466.3,479.28,9025
2023-09-24,479.28,527.2,474.23,527.2,33707
2023-09-25,516.68,516.68,486.48,486.48,6799
2023-09-26,476.75,505.15,476.75,505.15,21285
2023-09-27,495.06,519.64,485.19,495.13,9844
2023-10-01,494.84,494.84,479.28,479.28,2397
2023-10-02,470.63,517.47,470.63,482.88,3766
2023-10-03,473.22,482.16,469.98,474.23,3719
2023-10-04,468.47,482.88,468.47,474.16,1439
2023-10-05,469.19,473.51,465.01,470.63,635
2023-10-08,472.07,472.07,454.99,463.35,3727
2023-10-09,461.26,464.07,454.27,464.07,2130
2023-10-10,461.98,466.3,454.12,459.1,1079
2023-10-11,459.1,459.1,451.17,456.21,3588
2023-10-12,450.45,457.65,441.44,446.05,2985
2023-10-16,446.84,453.98,437.19,441.01,867
2023-10-17,449.73,449.73,433.15,441.8,1721
2023-10-18,450.59,450.59,438.92,446.84,2159
2023-10-19,450.45,450.45,441.87,441.87,1646
2023-10-29,433.15,441.8,430.27,438.92,1365
2023-10-30,445.4,445.4,431.71,438.92,634
2023-10-31,432.43,432.43,430.2,430.34,1022
2023-11-01,438.48,438.48,435.31,436.03,845
2023-11-02,444.68,444.68,427.38,431.71,2239
2023-11-05,423.78,432.43,423.78,427.74,1488
2023-11-06,425.94,430.27,422.34,430.27,1102
2023-11-07,428.83,441.8,428.83,441.8,2436
2023-11-08,449.73,449.73,439.64,446.2,2748
2023-11-09,446.2,446.2,432.43,436.03,2566
2023-11-20,430.27,430.27,406.56,420.9,4356
2023-11-21,414.41,426.66,405.4,426.66,3761
2023-11-22,431.71,431.71,407.2,430.99,179
2023-11-23,423.78,432.21,415.85,432.21,1397
2023-11-26,432.43,474.95,418.02,474.95,7692
2023-11-27,465.51,465.51,447.13,450.38,50
2023-11-28,450.38,450.38,430.27,438.2,3021
2023-11-29,434.59,434.59,422.34,431.71,2274
2023-11-30,423.42,423.85,415.85,415.85,2084
2023-12-03,421.62,431.71,409.37,431.71,2086
2023-12-04,437.4,437.4,410.81,423.13,790
2023-12-05,430.99,430.99,414.41,420.18,503
2023-12-06,412.25,428.11,403.67,421.55,1081
2023-12-07,415.13,420.9,412.97,419.46,1366
2023-12-10,427.82,450.45,427.82,450.45,510
2023-12-11,458.38,459.46,418.74,445.4,9209
2023-12-12,450.45,450.45,436.83,449.65,5931
2023-12-13,454.05,454.05,436.75,443.24,2813
2023-12-14,439.71,446.84,436.75,436.75,1769
2023-12-17,428.11,445.47,428.11,432.5,3751
2023-12-18,426.02,475.74,426.02,475.74,39836
2023-12-19,485.04,494.41,466.3,478.56,10804
2023-12-20,482.88,492.25,479.28,479.28,5639
2023-12-21,469.91,488.65,468.47,471.78,7707
2023-12-24,468.54,486.48,468.54,486.48,18308
2023-12-27,491.53,491.53,454.12,466.3,3634
2023-12-28,457.65,475.6,438.99,467.02,2522
2024-01-01,459.82,470.48,456.93,456.93,7091
2024-01-02,450.45,456.79,439.64,439.64,3849
2024-01-03,439.64,448.43,438.92,445.4,3631
2024-01-04,450.45,459.82,436.75,439.64,11885
2024-01-07,448.29,456.93,433.51,436.03,6336
2024-01-08,444.75,453.62,435.31,446.12,5424
2024-01-09,454.99,464.07,438.99,450.09,8549
2024-01-10,454.05,481.44,454.05,463.42,12017
2024-01-11,471.35,471.35,455.49,461.26,5435
2024-01-14,458.38,479.28,458.38,474.95,11420
2024-01-16,484.32,493.98,482.88,487.2,14829
2024-01-17,477.83,518.92,477.83,516.75,39292
2024-01-18,506.45,515.31,486.84,515.31,15377
2024-01-21,505.01,513.15,486.48,493.69,8682
2024-01-22,500.9,500.9,466.16,473.51,7667
2024-01-23,482.88,490.09,463.78,464.86,3938
2024-01-24,474.16,483.6,459.1,461.26,6293
2024-01-25,468.47,469.91,461.26,468.47,4505
2024-01-28,463.42,482.16,463.42,468.47,919
2024-01-29,477.83,482.88,461.26,469.91,8507
2024-01-30,479.28,488.65,472.79,482.88,19761
2024-01-31,491.53,491.53,464.86,464.86,3244
2024-02-01,471.06,471.06,461.26,466.23,2557
2024-02-04,457.8,472.07,457.8,459.89,2375
2024-02-05,460.54,477.83,459.82,468.39,1109
2024-02-06,462.77,470.63,460.61,467.02,6218
2024-02-07,466.3,479.28,466.3,473.51,3371
2024-02-08,473.51,475.6,465.15,475.6,3201
2024-02-11,482.88,482.88,472.07,472.07,2655
2024-02-12,472.07,479.28,472.07,478.56,3743
2024-02-13,473.51,473.51,465.08,466.3,3245
2024-02-14,461.4,475.67,461.26,472.14,2212
2024-02-15,479.28,479.28,474.3,474.3,3465
2024-02-18,478.48,478.48,464.93,474.23,993
2024-02-20,464.93,479.28,464.86,474.95,3301
2024-02-21,479.28,479.28,452.61,471.28,2804
2024-02-22,470.63,475.6,454.05,456.29,11562
2024-02-25,462.7,462.7,443.42,443.42,5046
2024-02-26,439.64,448.82,439.56,439.95,2940
2024-02-27,431.85,451.52,417.2,446.12,3168
2024-02-28,448.05,448.05,438.02,438.79,976
2024-02-29,433.4,437.25,433.4,433.4,3339
2024-03-03,439.56,441.11,425.68,436.48,2053
2024-03-05,444.96,454.22,443.42,443.42,4200
2024-03-06,434.94,482.75,434.94,481.98,10231
2024-03-07,472.34,512.83,447.28,508.97,30668
2024-03-10,498.79,516.53,479.67,508.2,35967
2024-03-12,518.3,535.96,506.12,533.65,28208
2024-03-13,544.29,544.29,522.85,532.1,20808
2024-03-14,535.96,538.27,510.74,512.9,28023
2024-03-17,515.14,527.01,509.05,512.83,8017
2024-03-18,502.57,520.54,502.57,520.54,6748
2024-03-19,529.02,530.56,519.77,526.71,17178
2024-03-20,526.71,551.38,521.39,529.02,63033
2024-03-21,531.33,531.33,510.51,512.05,8398
2024-03-25,508.97,512.05,505.11,505.88,7295
2024-03-26,512.83,515.99,503.03,503.57,3901
2024-03-27,513.6,522.85,501.26,507.43,2814
2024-03-28,505.11,509.74,502.8,503.57,1644
2024-03-31,501.34,503.57,493.62,493.62,5101
2024-04-01,493.55,495.09,488.92,495.09,2759
2024-04-02,488.15,509.74,488.15,505.11,13249
2024-04-03,515.14,521.31,505.11,512.83,18969
2024-04-04,512.83,535.96,512.83,516.68,24330
2024-04-07,516.68,535.96,516.68,520.54,22678
2024-04-09,529.71,529.71,510.51,512.9,7879
2024-04-10,505.11,518.99,502.95,508.2,10608
2024-04-14,499.72,525.94,499.72,518.22,14441
2024-04-15,528.56,549.07,510.51,518.22,11557
2024-04-16,509.9,526.63,509.74,520.54,9249
2024-04-18,515.14,515.14,502.03,503.73,2743
2024-04-21,504.34,512.75,496.63,505.5,2923
2024-04-22,515.14,515.6,501.26,501.26,4917
2024-04-24,510.9,510.9,493.55,501.26,2212
2024-04-25,511.28,511.28,494.32,495.09,2152
2024-04-28,504.34,508.2,498.17,508.2,2906
2024-04-29,502.03,514.29,502.03,508.2,2511
2024-04-30,502.11,519.69,498.17,514.37,9909
2024-05-02,524.39,543.67,517.45,532.88,40250
2024-05-05,542.9,576.06,538.35,540.74,40981
2024-05-06,543.67,543.67,526.24,532.03,8610
2024-05-07,522.23,552.93,522.23,543.67,11150
2024-05-08,550.61,570.66,545.21,569.12,28375
2024-05-09,580.46,586.09,562.95,565.26,30827
2024-05-12,565.26,565.26,548.3,548.3,12472
2024-05-13,542.13,557.94,542.13,557.55,9424
2024-05-14,551.38,597.65,547.61,592.26,42824
2024-05-15,593.8,616.93,586.86,593.8,56658
2024-05-16,591.48,620.79,588.48,612.31,44092
2024-05-19,623.87,624.64,605.37,606.91,39061
2024-05-20,616.93,624.64,599.2,600.12,38056
2024-05-21,609.22,613.15,588.48,610.76,22724
2024-05-22,611.46,613.08,599.27,599.5,19040
2024-05-26,590.02,599.97,589.94,589.94,9359
2024-05-27,600.74,600.74,583.08,589.94,5108
2024-05-29,601.51,601.51,572.9,578.37,13612
2024-05-30,586.09,586.09,565.5,569.12,11941
2024-06-02,557.78,570.59,557.78,562.95,7916
2024-06-03,573.75,589.94,565.26,582.23,13632
2024-06-04,586.09,611.53,586.09,601.12,28851
2024-06-05,601.51,620.79,601.51,613.93,51252
2024-06-06,624.64,636.98,613.08,636.98,84433
2024-06-09,637.37,663.28,635.44,635.44,51933
2024-06-10,625.34,643.92,623.1,634.67,34780
2024-06-11,640.07,655.49,632.36,647.01,24322
2024-06-12,653.87,653.95,640.22,647.01,18225
2024-06-13,651.64,668.6,646.24,651.25,39672
2024-06-16,640.84,652.87,633.98,641.61,27010
2024-06-18,647.78,647.78,626.65,626.65,20444
2024-06-19,638.45,638.45,628.73,629.27,6387
2024-06-20,630.04,638.37,621.71,623.87,12132
2024-06-23,624.64,628.5,618.71,620.79,9048
2024-06-24,632.36,637.68,627.11,630.04,13809
2024-06-25,632.36,636.06,624.64,624.64,7764
2024-06-26,625.42,639.99,625.42,626.5,8269
2024-06-27,633.13,633.9,616.16,620.02,10778
2024-06-30,613.23,623.87,604.59,604.75,10656
2024-07-01,597.73,616.93,597.73,615.39,5865
2024-07-02,627.65,652.41,616.93,623.95,3231
2024-07-03,624.64,624.64,615.39,618.48,9871
2024-07-04,625.42,628.5,616.93,623.1,6891
2024-07-07,624.64,636.98,620.79,630.81,20699
2024-07-08,640.84,643.08,633.13,642.38,15340
2024-07-09,647.78,667.06,640.14,660.89,33142
2024-07-10,667.06,681.71,655.49,663.36,20832
2024-07-11,675.54,676.31,654.72,662.43,16226
2024-07-14,675.62,700.99,663.2,664.82,18868
2024-07-15,677.86,677.86,651.64,656.26,12315
2024-07-16,668.6,668.6,650.09,662.74,6137
2024-07-17,670.91,675.54,659.35,675.54,25536
2024-07-18,684.8,699.45,674.0,688.65,38356
2024-07-21,688.65,703.23,675.54,694.82,25618
2024-07-22,707.93,707.93,678.63,694.44,9999
2024-07-23,684.02,709.47,684.02,707.93,26216
2024-07-24,707.93,707.93,676.85,683.25,28628
2024-07-25,693.28,728.75,686.72,721.04,55819
2024-07-28,721.04,744.18,694.51,711.79,40476
2024-07-29,720.27,720.27,682.48,686.34,34356
2024-07-30,699.37,719.65,678.63,694.05,33181
2024-07-31,707.16,717.96,703.3,704.07,42193
2024-08-01,717.96,726.36,704.85,704.92,30936
2024-08-05,705.0,705.0,686.34,697.91,19714
2024-08-06,701.76,709.47,669.37,670.91,17148
2024-08-07,678.63,704.0,665.52,704.0,28380
2024-08-08,694.82,705.62,682.48,686.34,17165
2024-08-11,699.45,731.07,699.45,719.5,59489
2024-08-12,733.38,759.06,728.75,734.15,38978
2024-08-13,734.15,748.8,712.56,719.5,24749
2024-08-14,733.84,763.76,706.77,753.43,54752
2024-08-15,767.31,768.47,744.33,759.6,76456
2024-08-18,764.23,805.87,758.83,778.88,84317
2024-08-21,793.53,814.12,778.88,813.58,78716
2024-08-22,797.31,880.67,782.81,867.56,84023
2024-08-25,884.91,929.26,840.57,886.84,136273
2024-08-27,869.1,963.96,837.49,866.79,71504
2024-08-28,849.52,914.6,815.35,822.06,42046
2024-08-29,825.15,867.56,780.42,790.45,88945
2024-09-01,774.64,817.44,771.17,771.17,38603
2024-09-02,755.74,847.51,755.74,830.55,100661
2024-09-03,813.97,879.13,798.39,798.93,37704
2024-09-04,802.78,865.25,786.59,787.36,76736
2024-09-05,787.36,849.83,782.73,808.95,45390
2024-09-08,824.38,827.46,793.61,801.24,40964
2024-09-09,785.28,849.83,781.96,848.28,42278
2024-09-10,831.32,831.32,798.16,798.16,21157
2024-09-11,786.59,834.71,786.59,802.94,36969
2024-09-12,787.36,820.52,787.36,817.44,67256
2024-09-15,802.01,871.42,802.01,817.44,85281
2024-09-16,801.09,815.89,766.38,778.88,33212
2024-09-18,794.3,841.34,763.45,841.34,43196
2024-09-22,824.53,824.53,778.88,778.88,20339
2024-09-23,778.88,834.4,741.86,744.18,31516
2024-09-24,737.23,818.59,727.29,809.72,20836
2024-09-25,793.53,793.53,747.03,759.6,17031
2024-09-26,748.03,813.58,744.18,745.25,24923
2024-09-29,754.97,754.97,728.75,742.63,11490
2024-09-30,727.83,757.29,727.83,748.03,12355
2024-10-01,761.14,770.47,747.34,766.54,25389
2024-10-02,751.27,842.88,748.11,842.88,32950
2024-10-06,826.07,826.07,762.76,796.61,18342
2024-10-07,808.95,808.95,778.88,790.45,17108
2024-10-08,774.64,849.83,763.45,777.34,28786
2024-10-09,761.83,776.56,755.74,760.37,10182
2024-10-15,775.56,775.56,763.69,770.39,3724
2024-10-16,783.5,783.5,766.54,766.54,8886
2024-10-17,753.43,797.39,753.43,762.68,29853
2024-10-20,774.25,774.25,744.41,744.41,19810
2024-10-21,754.2,754.2,738.01,740.71,13653
2024-10-22,744.18,750.34,732.07,742.71,5498
2024-10-23,741.09,751.58,728.75,739.47,5657
2024-10-24,751.12,751.12,725.74,726.44,7068
2024-10-27,740.32,740.32,713.33,730.29,8707
2024-10-28,718.73,740.71,717.18,734.15,5854
2024-10-29,731.84,754.2,730.37,751.89,10502
2024-10-30,759.52,759.52,738.78,746.49,9470
2024-11-05,755.74,755.74,740.63,748.03,9886
2024-11-06,754.97,762.68,749.73,753.35,9631
2024-11-10,756.67,768.08,741.55,763.45,11839
2024-11-11,778.11,778.88,756.82,767.31,21183
2024-11-12,751.96,781.96,751.89,763.38,13625
2024-11-13,767.31,767.31,756.9,763.45,8166
2024-11-14,767.31,777.34,751.96,754.2,15091
2024-11-17,769.24,771.17,757.36,757.44,22543
2024-11-19,757.44,761.91,740.32,740.71,21336
2024-11-20,755.51,755.51,740.71,746.87,10444
2024-11-21,734.92,758.83,734.92,742.71,9946
2024-11-24,757.29,757.29,742.71,747.26,16059
2024-11-25,754.97,757.29,740.32,749.42,16559
2024-11-26,749.57,764.23,744.18,754.05,14795
2024-11-27,765.77,771.01,755.74,761.91,21922
2024-11-28,763.45,765.07,753.89,755.2,14021
2024-12-01,755.74,760.37,746.57,750.73,5243
2024-12-02,738.78,754.97,738.78,748.03,9340
2024-12-03,761.91,761.91,744.25,745.72,8085
2024-12-04,760.37,760.6,743.48,747.95,5892
2024-12-05,739.55,754.97,739.55,754.97,12862
2024-12-08,765.77,766.54,741.17,745.72,19675
2024-12-09,759.52,760.37,738.39,738.39,9458
2024-12-10,752.66,752.66,720.27,720.27,20300
2024-12-11,734.61,739.55,725.13,732.61,3974
2024-12-12,732.68,743.79,719.19,724.82,16562
2024-12-16,724.82,738.78,701.76,701.76,10350
2024-12-17,698.68,729.52,694.36,703.3,4795
2024-12-18,717.18,720.27,703.77,705.62,4242
2024-12-19,702.38,713.33,694.13,694.97,8274
2024-12-22,694.05,707.93,683.72,688.57,3777
2024-12-23,701.68,701.68,680.25,684.02,6628
2024-12-24,697.52,697.52,686.34,686.41,2546
2024-12-26,690.19,690.19,676.7,685.57,5659
2024-12-29,675.08,713.41,675.08,701.76,15506
2024-12-31,715.64,715.64,688.03,698.68,6966
2025-01-01,709.47,709.47,687.11,693.28,4475
2025-01-02,684.95,704.07,680.25,682.56,3501
2025-01-05,694.05,696.21,680.25,682.48,4495
2025-01-06,682.56,722.58,682.56,697.91,6767
2025-01-07,695.59,728.75,695.59,713.41,12733
2025-01-08,727.21,751.89,725.67,729.52,19223
2025-01-09,717.49,732.99,715.64,722.97,8504
2025-01-12,709.63,711.55,701.76,708.08,2993
2025-01-13,702.53,714.87,690.19,700.99,4913
2025-01-15,696.75,700.91,687.11,692.51,5744
2025-01-16,679.4,711.79,679.4,694.05,15580
2025-01-19,702.53,704.85,686.41,691.27,7341
2025-01-20,681.79,729.52,681.79,697.21,6732
2025-01-21,700.22,704.07,687.96,699.45,8168
2025-01-22,694.05,713.33,694.05,712.56,5754
2025-01-23,712.56,713.33,705.62,709.47,2559
2025-01-26,709.47,724.9,709.47,714.49,9354
2025-01-27,727.83,738.62,715.64,733.22,16701
2025-01-28,746.49,746.49,717.18,721.04,7011
2025-02-02,734.92,767.31,732.61,765.69,22807
2025-02-03,769.62,771.17,742.63,751.89,13883
2025-02-04,751.89,767.31,749.65,757.29,12106
2025-02-05,763.45,765.77,752.66,761.91,6225
2025-02-06,761.91,765.0,752.04,755.74,14607
2025-02-09,748.03,757.29,748.03,748.34,5618
2025-02-10,751.96,755.74,740.4,740.4,11039
2025-02-11,748.03,762.68,734.92,735.69,7564
2025-02-12,748.8,748.8,735.69,739.55,7705
2025-02-13,737.23,796.92,737.23,781.35,71517
2025-02-16,796.92,817.44,786.74,809.72,50385
2025-02-17,793.53,829.0,793.53,813.58,50001
2025-02-18,817.44,818.21,786.59,791.6,42007
2025-02-20,794.3,794.3,776.64,776.64,21637
2025-02-23,761.22,830.55,761.22,812.81,64541
2025-02-24,797.39,894.09,796.61,818.21,138265
2025-02-25,802.01,812.04,787.75,787.82,46533
2025-02-27,787.82,817.44,787.82,791.99,27525
2025-03-02,807.41,807.41,775.1,790.45,53950
2025-03-03,781.96,792.76,771.17,772.01,23504
2025-03-04,775.02,785.66,763.45,765.38,27758
2025-03-05,778.11,781.19,763.45,778.88,34530
2025-03-06,794.3,808.95,780.42,780.65,36338
2025-03-09,791.6,791.6,768.16,768.85,18049
2025-03-10,763.61,773.48,763.45,763.45,12443
2025-03-11,771.17,771.17,748.19,764.15,17551
2025-03-12,763.45,767.16,755.74,756.51,9247
2025-03-16,771.17,771.17,741.86,745.72,9080
2025-03-17,742.79,752.66,740.32,751.04,5982
2025-03-18,742.63,757.67,741.09,742.02,4383
2025-03-19,755.74,755.74,734.61,740.32,6603
2025-03-20,740.32,746.49,732.61,737.94,7705
2025-03-23,738.01,741.09,723.43,738.85,17542
2025-03-24,738.78,772.71,727.6,757.4,8317
2025-03-25,742.32,812.04,730.68,742.2,24039
2025-03-26,727.83,766.69,727.83,761.11,13379
2025-03-27,748.11,773.48,739.16,771.31,12823
2025-03-30,771.94,775.02,755.74,759.62,13854
2025-04-01,745.79,761.14,744.95,748.94,9431
2025-04-02,744.56,763.45,744.25,750.07,10517
2025-04-03,738.78,755.74,738.78,749.3,8894
2025-04-07,740.4,748.03,734.92,736.99,8410
2025-04-08,725.67,740.71,725.67,739.45,5094
2025-04-09,738.01,756.51,736.46,748.33,10385
2025-04-10,758.83,759.6,743.79,747.6,7350
2025-04-13,744.18,747.26,735.85,740.4,2798
2025-04-15,740.32,749.57,726.44,744.93,5747
2025-04-16,746.49,759.75,744.95,753.49,9511
2025-04-17,755.74,769.86,748.88,762.41,17193
2025-04-20,771.09,771.17,749.57,758.26,6550
2025-04-21,755.74,762.68,744.25,746.54,12518
2025-04-22,755.67,755.74,731.84,751.93,21115
2025-04-23,766.92,766.92,736.85,740.5,24481
2025-04-24,755.19,755.19,726.48,733.55,5352
2025-04-27,739.61,743.98,723.94,726.48,5405
2025-04-28,722.1,733.48,691.55,703.35,11962
2025-04-29,694.97,694.97,689.8,691.51,6846
2025-04-30,698.47,700.22,682.71,698.35,11263
2025-05-04,702.84,712.3,691.55,711.6,4124
2025-05-05,722.1,722.1,701.09,702.23,4548
2025-05-06,694.97,716.24,694.97,713.63,8120
2025-05-07,702.84,752.65,702.84,746.62,8877
2025-05-08,746.61,764.99,740.13,757.54,16035
2025-05-11,762.45,764.11,747.48,751.87,9545
2025-05-13,736.89,752.74,730.94,742.81,5498
2025-05-14,730.85,739.61,730.85,732.22,3157
2025-05-15,722.98,737.86,722.1,723.55,6579
2025-05-18,714.4,745.47,714.4,729.44,11566
2025-05-19,735.32,749.93,735.32,737.15,5893
2025-05-20,726.48,771.12,726.48,757.07,6942
2025-05-21,772.17,786.0,757.99,766.7,28264
2025-05-22,781.97,797.37,772.95,790.54,35021
2025-05-25,790.37,822.76,787.75,814.86,49840
2025-05-26,830.63,831.07,789.5,791.37,26523
2025-05-27,799.12,799.12,780.31,784.77,15072
2025-05-28,784.77,795.62,771.12,786.69,9693
2025-06-02,791.25,809.63,786.0,789.34,9410
2025-06-03,778.99,787.75,771.99,775.46,7992
2025-06-04,767.7,790.37,764.2,777.34,6704
2025-06-05,766.56,792.12,766.56,773.51,6538
2025-06-08,772.87,772.87,748.88,763.58,9541
2025-06-09,763.59,775.4,757.99,761.37,3177
2025-06-10,753.61,770.24,752.82,768.14,5083
2025-06-11,768.14,776.37,750.28,753.2,5555
2025-06-12,761.49,767.61,745.73,747.26,5458
2025-06-15,756.24,757.11,736.98,741.95,11146
2025-06-16,752.74,756.76,741.36,756.15,12291
2025-06-17,745.73,786.0,745.73,770.98,18326
2025-06-18,763.24,778.38,762.36,763.71,5173
2025-06-19,749.23,761.49,748.36,748.91,5584
2025-06-22,748.36,752.65,737.07,741.04,6163
2025-06-23,743.98,747.48,736.98,738.88,2933
2025-06-24,735.4,768.49,735.4,745.19,2893
2025-06-25,736.98,748.36,736.98,743.98,2401
2025-06-26,744.86,760.61,744.86,753.68,7371
2025-06-29,752.74,768.49,752.74,765.75,10963
2025-06-30,777.24,778.99,770.24,774.72,8021
2025-07-01,778.99,790.2,775.93,788.7,14019
2025-07-02,796.5,800.88,774.62,794.35,19838
2025-07-03,800.44,800.44,782.49,791.84,7968
2025-07-06,778.99,809.63,778.99,805.33,13483
2025-07-07,811.38,811.38,793.87,795.18,10233
2025-07-08,796.5,796.5,780.83,793.07,5565
2025-07-09,784.25,796.5,784.25,795.56,6814
2025-07-10,796.59,813.13,796.59,804.58,22682
2025-07-13,820.66,867.4,820.66,855.19,72019
2025-07-14,856.89,857.77,841.66,850.47,23435
2025-07-15,866.52,879.65,849.8,876.22,47231
2025-07-16,875.27,905.91,867.4,893.68,42751
2025-07-17,897.16,915.54,888.4,901.51,32697
2025-07-20,919.47,922.54,884.2,899.2,56745
2025-07-21,884.9,916.41,879.65,905.75,54824
2025-07-22,916.41,947.05,916.41,939.32,63250
2025-07-23,922.01,953.17,922.01,938.94,53817
2025-07-24,945.3,950.55,933.48,936.93,41797
2025-07-27,949.67,958.42,936.54,938.09,57270
2025-07-28,936.46,988.18,923.5,966.99,63772
2025-07-29,985.56,1005.86,974.27,1001.43,73724
2025-07-30,1010.94,1010.94,945.3,948.74,54622
2025-07-31,967.18,976.81,949.67,961.51,76054
2025-08-03,942.67,961.93,915.54,919.13,29854
2025-08-04,918.95,935.67,892.95,918.07,41548
2025-08-05,934.79,934.79,901.53,907.79,19860
2025-08-06,899.78,941.79,897.24,923.03,16673
2025-08-07,904.6,935.67,904.6,926.73,28561
2025-08-11,919.04,931.29,894.53,895.2,22104
2025-08-12,903.28,903.28,868.27,875.93,26551
2025-08-13,863.98,884.03,863.98,870.88,19673
2025-08-14,861.27,878.69,861.27,870.29,7132
2025-08-17,870.29,870.9,840.35,846.05,18727
2025-08-18,837.64,853.83,836.76,850.61,8813
2025-08-19,849.02,866.52,847.53,852.67,7629
2025-08-20,852.67,857.77,840.26,840.98,9684
2025-08-21,829.15,845.69,828.18,834.12,16741
2025-08-24,845.51,848.58,834.22,844.62,5593
2025-08-25,861.44,873.52,837.72,859.89,18858
2025-08-26,860.39,860.39,849.02,849.9,4272
2025-08-27,849.9,866.43,849.19,861.26,14539
2025-08-28,854.27,866.52,844.64,846.79,11088
2025-08-31,838.77,847.26,834.4,835.59,4770
2025-09-01,840.26,840.26,831.68,833.79,8813
2025-09-02,833.79,835.89,823.63,832.02,2972
2025-09-03,822.76,835.89,822.76,826.64,4994
2025-09-04,819.34,828.88,806.13,817.59,16953
2025-09-07,827.13,827.13,809.72,814.47,3308
2025-09-08,798.25,818.38,792.12,796.83,14640
2025-09-18,780.92,780.92,750.55,750.55,140
2025-09-21,752.74,794.75,740.57,790.66,11194
2025-09-23,792.12,814.0,790.37,807.88,6459
2025-09-24,797.37,802.54,793.0,799.04,6699
2025-09-25,799.12,809.63,787.83,807.0,4667
2025-09-28,807.0,811.82,799.12,804.38,2586
2025-10-07,798.25,798.25,776.37,776.37,5284
2025-10-08,791.25,791.25,752.3,762.8,16924
2025-10-09,778.03,793.7,757.11,768.49,12239
2025-10-12,755.36,759.82,717.9,735.23,24023
2025-10-13,725.6,749.93,722.1,749.93,8202
2025-10-14,739.61,745.38,714.4,714.4,11083
2025-10-15,700.13,728.32,700.13,714.22,5933
2025-10-16,722.98,722.98,700.39,714.22,7345
2025-10-19,702.14,724.73,702.06,724.73,1496
2025-10-26,714.22,729.98,714.22,726.21,2879
2025-10-28,735.14,790.37,715.1,776.37,17958
2025-10-29,776.37,779.87,750.98,760.53,6641
2025-10-30,761.49,774.62,750.2,774.35,11282
2025-11-02,773.74,786.87,761.49,769.37,10095
2025-11-03,757.99,779.87,757.99,765.86,6612
2025-11-04,776.28,776.28,744.16,756.15,9327
2025-11-05,765.86,765.86,741.36,760.61,6224
2025-11-06,775.75,775.75,743.98,743.98,11480
2025-11-09,743.98,749.67,729.1,743.11,7858
2025-11-10,731.73,746.26,731.73,735.23,5637
2025-11-11,729.19,743.98,729.1,736.11,1510
2025-11-12,737.86,744.86,737.86,738.82,4968
2025-11-13,738.82,743.98,732.6,733.65,2611
2025-11-16,739.61,739.61,726.48,730.85,3260
2025-11-17,730.85,739.61,726.48,735.23,3328
2025-11-18,735.23,757.99,735.23,750.11,5367
2025-11-19,748.36,760.61,741.44,741.44,6202
2025-11-20,740.48,750.11,740.48,744.86,4808
2025-11-23,754.4,768.49,746.61,761.49,5706
2025-11-24,746.61,778.99,746.61,778.91,8747
2025-11-25,763.76,805.25,763.76,805.25,26036
2025-11-26,805.25,831.42,801.84,824.51,14834
2025-11-27,840.79,840.79,797.72,810.5,8098
2025-11-30,800.18,805.25,789.15,789.15,12853
2025-12-01,789.58,809.63,787.75,795.62,18000
2025-12-02,794.75,808.75,794.75,796.94,7803
2025-12-03,812.87,812.87,795.62,795.62,7374
2025-12-07,796.5,804.38,788.8,788.8,5188
2025-12-08,793.09,800.88,789.76,790.98,10136
2025-12-09,788.27,795.36,788.27,789.58,5024
2025-12-10,790.37,795.62,787.75,790.37,8932
2025-12-11,778.99,792.12,778.99,786.0,4507
2025-12-14,779.87,788.62,779.87,783.46,8121
2025-12-15,778.99,787.75,774.62,787.75,13198
2025-12-16,787.75,812.25,784.51,812.25,17223
2025-12-17,812.25,819.26,796.5,818.82,19044
2025-12-18,802.8,816.54,798.25,814.0,18595
2025-12-21,814.0,827.05,805.34,808.75,26736
2025-12-22,822.76,822.76,800.96,809.54,10268
2025-12-23,819.26,819.26,800.0,805.25,8804
2025-12-24,805.25,818.38,805.25,805.25,13668
2025-12-28,821.36,840.26,805.25,834.14,61429
2025-12-29,839.39,839.39,815.32,815.32,25168
2025-12-31,830.11,831.42,818.38,829.41,27236
2026-01-01,831.51,832.39,821.88,828.01,44479
2026-01-04,843.5,844.0,828.1,842.0,11203
2026-01-05,840.0,840.0,815.0,834.8,11561
2026-01-06,840.0,847.0,826.0,826.4,6170
2026-01-07,838.0,838.0,822.5,823.2,2874
2026-01-08,824.0,837.0,823.2,825.2,7262
2026-01-12,824.0,835.8,820.8,824.9,3388
2026-01-13,821.0,825.0,818.2,818.5,5041
2026-01-14,819.9,820.0,815.1,817.1,6207
2026-01-18,827.9,840.0,822.1,839.5,8658
2026-01-20,844.8,852.0,840.0,848.0,14202
2026-01-21,835.1,857.9,835.1,845.0,13025
2026-01-22,846.0,849.0,832.6,836.6,4459
2026-01-25,833.0,857.8,833.0,854.0,23616
2026-01-26,865.0,865.0,848.1,852.0,12931
2026-01-27,840.0,856.0,830.0,846.0,11669
2026-01-28,833.1,849.7,833.1,835.0,3394
2026-01-29,850.0,850.0,828.0,838.0,10337
2026-02-01,830.0,835.0,823.1,830.0,4926
2026-02-02,842.0,846.5,821.1,828.8,9893
2026-02-03,838.8,838.8,818.5,822.0,8756
2026-02-04,825.0,833.0,821.0,823.0,3252
2026-02-05,823.0,830.0,818.3,823.0,7126
2026-02-08,834.0,834.0,818.0,823.9,13072
2026-02-09,820.0,831.8,815.5,819.9,11475
2026-02-10,819.0,820.0,812.7,813.5,6651
2026-02-11,824.9,824.9,813.0,818.3,5555
2026-02-12,818.3,825.0,815.0,824.0,7968
2026-02-16,824.0,836.0,815.0,823.0,1965
2026-02-17,823.0,823.0,810.0,817.0,16586
2026-02-22,810.0,813.9,800.0,813.9,5824
2026-02-23,828.8,828.8,805.5,810.0,2227
2026-02-24,806.0,813.8,806.0,813.0,2180
2026-02-25,813.0,819.0,812.0,817.0,1391
2026-02-26,824.8,824.8,815.7,816.6,3295
2026-03-01,816.6,820.0,812.0,819.0,4910
2026-03-03,818.0,839.9,818.0,839.9,12082
2026-03-09,856.6,891.1,856.6,891.1,240
2026-03-10,890.0,897.0,850.0,886.5,19353
2026-03-11,869.0,890.0,852.4,861.1,8365
2026-03-12,846.2,872.0,846.2,864.0,5211
2026-03-15,871.0,872.0,855.2,869.0,7589
2026-03-16,856.1,873.0,856.1,856.2,11296
2026-03-17,853.1,856.0,838.6,838.7,17214
2026-03-19,850.0,862.0,843.2,859.0,18156
2026-03-22,876.1,901.0,850.1,884.0,64658
2026-03-23,896.0,896.0,879.0,882.0,15106
2026-03-24,895.0,912.9,885.0,885.0,22420
2026-03-25,890.0,895.0,868.0,872.0,11617
2026-03-26,888.0,888.0,868.3,874.0,14507
2026-03-29,891.4,891.4,850.0,853.9,26775
2026-03-30,852.0,858.0,841.0,842.0,12281
2026-03-31,842.0,846.9,833.0,843.0,7071
2026-04-01,831.2,840.0,815.0,828.9,14219
2026-04-02,815.0,829.0,815.0,823.0,7908
2026-04-05,812.0,817.0,800.0,802.1,17573
2026-04-06,810.0,835.0,806.6,828.0,15152
2026-04-07,820.5,835.9,820.5,821.2,4905
2026-04-08,822.0,832.5,818.0,829.9,7760
2026-04-09,829.0,842.9,822.0,840.0,7085
2026-04-10,830.0,840.0,825.1,831.0,5150
2026-04-13,816.3,847.0,816.3,832.2,4029
2026-04-15,848.0,848.0,834.0,840.0,5057
2026-04-16,827.0,838.0,826.4,835.9,4692
2026-04-17,830.0,830.0,823.0,829.0,3835
2026-04-20,829.0,849.0,824.0,826.0,2313
2026-04-21,826.0,832.0,815.0,820.5,8808
2026-04-22,810.5,827.5,810.0,822.2,4486
2026-04-23,815.0,825.0,805.5,820.0,11877
2026-04-24,861.0,861.0,806.0,810.0,1618
2026-04-27,830.0,830.0,808.0,813.2,4207
2026-04-28,818.0,818.9,810.5,813.9,4097
2026-04-29,810.0,818.0,810.0,815.0,4355
2026-04-30,816.0,818.0,805.0,810.0,2270
2026-05-04,828.9,830.0,808.1,810.0,7409
2026-05-05,801.2,820.0,801.1,813.5,2475
2026-05-06,810.0,819.0,809.0,818.9,4300
2026-05-07,815.0,822.9,815.0,817.0,5988
2026-05-08,825.9,825.9,815.0,822.0,8547
2026-05-11,822.0,836.5,820.0,832.9,2284
2026-05-12,832.9,837.0,823.0,825.0,3531
2026-05-13,825.0,836.9,819.0,819.7,6553
2026-05-14,817.1,830.0,816.0,816.1,3812
2026-05-15,816.6,825.0,816.0,817.0,3084
2026-05-18,815.0,824.9,814.0,819.8,2406
2026-05-19,828.0,828.0,815.1,823.9,2640
2026-05-20,816.1,826.0,816.1,820.0,4508
2026-05-21,822.0,823.0,815.0,817.2,4343
2026-05-22,820.0,822.7,817.2,822.7,2539
2026-05-25,825.0,836.4,821.1,831.5,6640
2026-05-26,838.0,838.0,823.0,826.9,2886
2026-05-27,826.9,834.5,823.1,833.9,2191
2026-06-01,830.0,835.0,815.0,816.0,7545
2026-06-02,817.0,827.0,816.0,821.8,2975
2026-06-03,828.9,833.0,817.0,832.0,5417
2026-06-04,820.2,834.0,820.2,830.0,4804
2026-06-05,817.0,835.0,817.0,830.0,6521
2026-06-08,833.9,842.9,820.0,823.0,3969
2026-06-09,821.0,826.0,815.0,822.0,6623
2026-06-10,821.0,823.0,820.0,820.1,1495
2026-06-11,820.0,828.0,811.3,817.1,10817
2026-06-12,805.0,829.1,805.0,815.2,7579
2026-06-15,815.2,825.0,815.0,816.4,1773
2026-06-16,820.0,825.0,813.0,819.7,5802
2026-06-17,810.0,820.0,810.0,815.0,3824
2026-06-18,815.1,820.0,810.0,817.9,2540
2026-06-19,820.0,820.0,810.5,819.9,6998
2026-06-22,820.1,825.0,816.0,822.3,4137
2026-06-23,820.0,822.4,815.1,815.2,5542
2026-06-24,815.0,819.0,810.0,815.0,6331
2026-06-25,815.0,816.1,805.3,812.8,7059
2026-06-26,810.0,815.0,810.0,811.0,1929
2026-06-29,810.0,810.0,803.0,810.0,2830
2026-06-30,810.0,810.0,793.0,799.0,4312
2026-07-01,812.0,812.0,799.0,809.0,8489
2026-07-02,805.0,808.0,792.2,808.0,8632
2026-07-03,808.0,818.0,800.0,805.0,3167
2026-07-06,806.0,806.0,800.1,802.1,3489
2026-07-07,802.1,807.0,800.4,805.0,2627
2026-07-08,798.0,798.0,788.0,798.0,7861
2026-07-09,798.0,798.0,780.5,793.8,6026
2026-07-10,793.0,800.9,785.0,790.0,3592
2026-07-13,780.2,795.0,775.0,786.0,3918
2026-07-14,794.0,797.9,775.0,783.2,3962
2026-07-15,786.0,799.0,770.1,794.5,7943
2026-07-16,781.0,788.9,780.1,788.9,787
2026-07-17,800.0,817.5,792.1,817.0,2386
2026-07-20,826.0,826.9,803.3,820.0,2183
2026-07-21,810.0,830.0,810.0,820.1,2773
2026-07-22,820.0,820.0,805.0,811.3,3364
2026-07-23,802.1,820.0,802.1,814.0,2409
2026-07-24,811.6,832.0,811.6,823.0,3942
2026-07-27,822.0,822.0,806.2,818.0,2196
2026-07-28,812.0,816.0,805.1,815.0,2542
2026-07-29,810.0,816.0,806.0,806.6,2899
2026-07-30,806.1,810.0,806.1,809.0,1495
2026-07-31,810.0,810.0,801.0,803.0,1894
2026-08-03,815.0,815.0,808.0,809.0,3294
2026-08-04,802.0,803.0,792.0,800.1,2668
2026-08-05,793.5,802.0,790.0,802.0,3877
2026-08-06,800.0,802.0,798.0,798.3,2203
2026-08-07,793.0,802.0,792.1,802.0,1646
2026-08-10,814.9,814.9,793.1,799.0,1206
2026-08-11,790.1,800.0,790.1,794.0,4911
2026-08-12,794.0,803.9,790.3,797.0,3175
2026-08-13,800.0,812.0,800.0,810.0,5034
2026-08-14,808.0,811.5,802.0,802.0,2156
2026-08-17,795.0,808.9,782.0,807.0,17092
2026-08-18,800.0,808.0,790.0,808.0,1969
2026-08-19,790.1,805.0,790.1,805.0,861
2026-08-20,786.5,800.0,786.5,800.0,1513
2026-08-21,790.5,799.9,790.4,798.0,3073
2026-08-24,803.0,803.0,786.1,790.1,7956
2026-08-25,799.0,799.0,785.2,790.0,2245
2026-08-26,784.4,790.0,781.0,787.9,813
2026-08-27,787.0,790.1,780.0,790.0,1465
2026-08-31,772.1,784.9,772.0,779.0,1128
2026-09-01,779.0,790.0,773.3,778.1,2528
2026-09-02,800.0,800.0,771.0,780.0,3829
2026-09-03,775.2,790.0,775.2,780.8,1411
